[2026-01-20T05:03:37.762+0000] {taskinstance.py:1956} INFO - Dependencies all met for dep_context=non-requeueable deps ti=<TaskInstance: streamflow_main.Spark_Submit manual__2026-01-20T05:03:36.415566+00:00 [queued]>
[2026-01-20T05:03:37.770+0000] {taskinstance.py:1956} INFO - Dependencies all met for dep_context=requeueable deps ti=<TaskInstance: streamflow_main.Spark_Submit manual__2026-01-20T05:03:36.415566+00:00 [queued]>
[2026-01-20T05:03:37.771+0000] {taskinstance.py:2170} INFO - Starting attempt 1 of 1
[2026-01-20T05:03:37.785+0000] {taskinstance.py:2191} INFO - Executing <Task(BashOperator): Spark_Submit> on 2026-01-20 05:03:36.415566+00:00
[2026-01-20T05:03:37.790+0000] {standard_task_runner.py:60} INFO - Started process 10573 to run task
[2026-01-20T05:03:37.794+0000] {standard_task_runner.py:87} INFO - Running: ['***', 'tasks', 'run', 'streamflow_main', 'Spark_Submit', 'manual__2026-01-20T05:03:36.415566+00:00', '--job-id', '23', '--raw', '--subdir', 'DAGS_FOLDER/dag_streamflow.py', '--cfg-path', '/tmp/tmp24c9pq26']
[2026-01-20T05:03:37.796+0000] {standard_task_runner.py:88} INFO - Job 23: Subtask Spark_Submit
[2026-01-20T05:03:37.848+0000] {task_command.py:423} INFO - Running <TaskInstance: streamflow_main.Spark_Submit manual__2026-01-20T05:03:36.415566+00:00 [running]> on host 519d7d29de3d
[2026-01-20T05:03:37.937+0000] {taskinstance.py:2480} INFO - Exporting env vars: AIRFLOW_CTX_DAG_OWNER='student' AIRFLOW_CTX_DAG_ID='streamflow_main' AIRFLOW_CTX_TASK_ID='Spark_Submit' AIRFLOW_CTX_EXECUTION_DATE='2026-01-20T05:03:36.415566+00:00' AIRFLOW_CTX_TRY_NUMBER='1' AIRFLOW_CTX_DAG_RUN_ID='manual__2026-01-20T05:03:36.415566+00:00'
[2026-01-20T05:03:37.938+0000] {subprocess.py:63} INFO - Tmp dir root location: /tmp
[2026-01-20T05:03:37.940+0000] {subprocess.py:75} INFO - Running command: ['/usr/bin/bash', '-c', '\n            spark-submit                 --master spark://spark-master:7077                 /opt/spark-jobs/etl_job.py\n        ']
[2026-01-20T05:03:37.948+0000] {subprocess.py:86} INFO - Output:
[2026-01-20T05:03:37.955+0000] {subprocess.py:93} INFO - /opt/spark/bin/load-spark-env.sh: line 68: ps: command not found
[2026-01-20T05:03:40.245+0000] {subprocess.py:93} INFO - 26/01/20 05:03:40 INFO SparkContext: Running Spark version 3.5.0
[2026-01-20T05:03:40.247+0000] {subprocess.py:93} INFO - 26/01/20 05:03:40 INFO SparkContext: OS info Linux, 5.15.167.4-microsoft-standard-WSL2, amd64
[2026-01-20T05:03:40.248+0000] {subprocess.py:93} INFO - 26/01/20 05:03:40 INFO SparkContext: Java version 17.0.17
[2026-01-20T05:03:40.300+0000] {subprocess.py:93} INFO - 26/01/20 05:03:40 WARN NativeCodeLoader: Unable to load native-hadoop library for your platform... using builtin-java classes where applicable
[2026-01-20T05:03:40.380+0000] {subprocess.py:93} INFO - 26/01/20 05:03:40 INFO ResourceUtils: ==============================================================
[2026-01-20T05:03:40.381+0000] {subprocess.py:93} INFO - 26/01/20 05:03:40 INFO ResourceUtils: No custom resources configured for spark.driver.
[2026-01-20T05:03:40.382+0000] {subprocess.py:93} INFO - 26/01/20 05:03:40 INFO ResourceUtils: ==============================================================
[2026-01-20T05:03:40.382+0000] {subprocess.py:93} INFO - 26/01/20 05:03:40 INFO SparkContext: Submitted application: ETL_job
[2026-01-20T05:03:40.400+0000] {subprocess.py:93} INFO - 26/01/20 05:03:40 INFO ResourceProfile: Default ResourceProfile created, executor resources: Map(cores -> name: cores, amount: 1, script: , vendor: , memory -> name: memory, amount: 1024, script: , vendor: , offHeap -> name: offHeap, amount: 0, script: , vendor: ), task resources: Map(cpus -> name: cpus, amount: 1.0)
[2026-01-20T05:03:40.409+0000] {subprocess.py:93} INFO - 26/01/20 05:03:40 INFO ResourceProfile: Limiting resource is cpu
[2026-01-20T05:03:40.410+0000] {subprocess.py:93} INFO - 26/01/20 05:03:40 INFO ResourceProfileManager: Added ResourceProfile id: 0
[2026-01-20T05:03:40.455+0000] {subprocess.py:93} INFO - 26/01/20 05:03:40 INFO SecurityManager: Changing view acls to: root
[2026-01-20T05:03:40.456+0000] {subprocess.py:93} INFO - 26/01/20 05:03:40 INFO SecurityManager: Changing modify acls to: root
[2026-01-20T05:03:40.457+0000] {subprocess.py:93} INFO - 26/01/20 05:03:40 INFO SecurityManager: Changing view acls groups to:
[2026-01-20T05:03:40.457+0000] {subprocess.py:93} INFO - 26/01/20 05:03:40 INFO SecurityManager: Changing modify acls groups to:
[2026-01-20T05:03:40.458+0000] {subprocess.py:93} INFO - 26/01/20 05:03:40 INFO SecurityManager: SecurityManager: authentication disabled; ui acls disabled; users with view permissions: root; groups with view permissions: EMPTY; users with modify permissions: root; groups with modify permissions: EMPTY
[2026-01-20T05:03:40.706+0000] {subprocess.py:93} INFO - 26/01/20 05:03:40 INFO Utils: Successfully started service 'sparkDriver' on port 34065.
[2026-01-20T05:03:40.743+0000] {subprocess.py:93} INFO - 26/01/20 05:03:40 INFO SparkEnv: Registering MapOutputTracker
[2026-01-20T05:03:40.779+0000] {subprocess.py:93} INFO - 26/01/20 05:03:40 INFO SparkEnv: Registering BlockManagerMaster
[2026-01-20T05:03:40.792+0000] {subprocess.py:93} INFO - 26/01/20 05:03:40 INFO BlockManagerMasterEndpoint: Using org.apache.spark.storage.DefaultTopologyMapper for getting topology information
[2026-01-20T05:03:40.793+0000] {subprocess.py:93} INFO - 26/01/20 05:03:40 INFO BlockManagerMasterEndpoint: BlockManagerMasterEndpoint up
[2026-01-20T05:03:40.796+0000] {subprocess.py:93} INFO - 26/01/20 05:03:40 INFO SparkEnv: Registering BlockManagerMasterHeartbeat
[2026-01-20T05:03:40.813+0000] {subprocess.py:93} INFO - 26/01/20 05:03:40 INFO DiskBlockManager: Created local directory at /tmp/blockmgr-8ac1df6a-d8bf-4476-b99c-aa0461f67619
[2026-01-20T05:03:40.826+0000] {subprocess.py:93} INFO - 26/01/20 05:03:40 INFO MemoryStore: MemoryStore started with capacity 434.4 MiB
[2026-01-20T05:03:40.842+0000] {subprocess.py:93} INFO - 26/01/20 05:03:40 INFO SparkEnv: Registering OutputCommitCoordinator
[2026-01-20T05:03:40.984+0000] {subprocess.py:93} INFO - 26/01/20 05:03:40 INFO JettyUtils: Start Jetty 0.0.0.0:4040 for SparkUI
[2026-01-20T05:03:41.052+0000] {subprocess.py:93} INFO - 26/01/20 05:03:41 INFO Utils: Successfully started service 'SparkUI' on port 4040.
[2026-01-20T05:03:41.173+0000] {subprocess.py:93} INFO - 26/01/20 05:03:41 INFO Executor: Starting executor ID driver on host 519d7d29de3d
[2026-01-20T05:03:41.174+0000] {subprocess.py:93} INFO - 26/01/20 05:03:41 INFO Executor: OS info Linux, 5.15.167.4-microsoft-standard-WSL2, amd64
[2026-01-20T05:03:41.175+0000] {subprocess.py:93} INFO - 26/01/20 05:03:41 INFO Executor: Java version 17.0.17
[2026-01-20T05:03:41.182+0000] {subprocess.py:93} INFO - 26/01/20 05:03:41 INFO Executor: Starting executor with user classpath (userClassPathFirst = false): ''
[2026-01-20T05:03:41.183+0000] {subprocess.py:93} INFO - 26/01/20 05:03:41 INFO Executor: Created or updated repl class loader org.apache.spark.util.MutableURLClassLoader@272584ff for default.
[2026-01-20T05:03:41.204+0000] {subprocess.py:93} INFO - 26/01/20 05:03:41 INFO Utils: Successfully started service 'org.apache.spark.network.netty.NettyBlockTransferService' on port 33325.
[2026-01-20T05:03:41.205+0000] {subprocess.py:93} INFO - 26/01/20 05:03:41 INFO NettyBlockTransferService: Server created on 519d7d29de3d:33325
[2026-01-20T05:03:41.206+0000] {subprocess.py:93} INFO - 26/01/20 05:03:41 INFO BlockManager: Using org.apache.spark.storage.RandomBlockReplicationPolicy for block replication policy
[2026-01-20T05:03:41.211+0000] {subprocess.py:93} INFO - 26/01/20 05:03:41 INFO BlockManagerMaster: Registering BlockManager BlockManagerId(driver, 519d7d29de3d, 33325, None)
[2026-01-20T05:03:41.214+0000] {subprocess.py:93} INFO - 26/01/20 05:03:41 INFO BlockManagerMasterEndpoint: Registering block manager 519d7d29de3d:33325 with 434.4 MiB RAM, BlockManagerId(driver, 519d7d29de3d, 33325, None)
[2026-01-20T05:03:41.216+0000] {subprocess.py:93} INFO - 26/01/20 05:03:41 INFO BlockManagerMaster: Registered BlockManager BlockManagerId(driver, 519d7d29de3d, 33325, None)
[2026-01-20T05:03:41.217+0000] {subprocess.py:93} INFO - 26/01/20 05:03:41 INFO BlockManager: Initialized BlockManager: BlockManagerId(driver, 519d7d29de3d, 33325, None)
[2026-01-20T05:03:41.597+0000] {subprocess.py:93} INFO - 26/01/20 05:03:41 INFO SharedState: Setting hive.metastore.warehouse.dir ('null') to the value of spark.sql.warehouse.dir.
[2026-01-20T05:03:41.603+0000] {subprocess.py:93} INFO - 26/01/20 05:03:41 INFO SharedState: Warehouse path is 'file:/tmp/***tmpl08vz86l/spark-warehouse'.
[2026-01-20T05:03:42.251+0000] {subprocess.py:93} INFO - 26/01/20 05:03:42 INFO InMemoryFileIndex: It took 41 ms to list leaf files for 1 paths.
[2026-01-20T05:03:42.313+0000] {subprocess.py:93} INFO - 26/01/20 05:03:42 INFO InMemoryFileIndex: It took 5 ms to list leaf files for 1 paths.
[2026-01-20T05:03:44.061+0000] {subprocess.py:93} INFO - 26/01/20 05:03:44 INFO FileSourceStrategy: Pushed Filters:
[2026-01-20T05:03:44.069+0000] {subprocess.py:93} INFO - 26/01/20 05:03:44 INFO FileSourceStrategy: Post-Scan Filters:
[2026-01-20T05:03:44.247+0000] {subprocess.py:93} INFO - 26/01/20 05:03:44 INFO MemoryStore: Block broadcast_0 stored as values in memory (estimated size 199.2 KiB, free 434.2 MiB)
[2026-01-20T05:03:44.289+0000] {subprocess.py:93} INFO - 26/01/20 05:03:44 INFO MemoryStore: Block broadcast_0_piece0 stored as bytes in memory (estimated size 34.2 KiB, free 434.2 MiB)
[2026-01-20T05:03:44.291+0000] {subprocess.py:93} INFO - 26/01/20 05:03:44 INFO BlockManagerInfo: Added broadcast_0_piece0 in memory on 519d7d29de3d:33325 (size: 34.2 KiB, free: 434.4 MiB)
[2026-01-20T05:03:44.295+0000] {subprocess.py:93} INFO - 26/01/20 05:03:44 INFO SparkContext: Created broadcast 0 from json at NativeMethodAccessorImpl.java:0
[2026-01-20T05:03:44.305+0000] {subprocess.py:93} INFO - 26/01/20 05:03:44 INFO FileSourceScanExec: Planning scan with bin packing, max size: 4194304 bytes, open cost is considered as scanning 4194304 bytes.
[2026-01-20T05:03:44.440+0000] {subprocess.py:93} INFO - 26/01/20 05:03:44 INFO SparkContext: Starting job: json at NativeMethodAccessorImpl.java:0
[2026-01-20T05:03:44.458+0000] {subprocess.py:93} INFO - 26/01/20 05:03:44 INFO DAGScheduler: Got job 0 (json at NativeMethodAccessorImpl.java:0) with 13 output partitions
[2026-01-20T05:03:44.459+0000] {subprocess.py:93} INFO - 26/01/20 05:03:44 INFO DAGScheduler: Final stage: ResultStage 0 (json at NativeMethodAccessorImpl.java:0)
[2026-01-20T05:03:44.459+0000] {subprocess.py:93} INFO - 26/01/20 05:03:44 INFO DAGScheduler: Parents of final stage: List()
[2026-01-20T05:03:44.461+0000] {subprocess.py:93} INFO - 26/01/20 05:03:44 INFO DAGScheduler: Missing parents: List()
[2026-01-20T05:03:44.464+0000] {subprocess.py:93} INFO - 26/01/20 05:03:44 INFO DAGScheduler: Submitting ResultStage 0 (MapPartitionsRDD[3] at json at NativeMethodAccessorImpl.java:0), which has no missing parents
[2026-01-20T05:03:44.544+0000] {subprocess.py:93} INFO - 26/01/20 05:03:44 INFO MemoryStore: Block broadcast_1 stored as values in memory (estimated size 16.0 KiB, free 434.2 MiB)
[2026-01-20T05:03:44.548+0000] {subprocess.py:93} INFO - 26/01/20 05:03:44 INFO MemoryStore: Block broadcast_1_piece0 stored as bytes in memory (estimated size 7.5 KiB, free 434.1 MiB)
[2026-01-20T05:03:44.549+0000] {subprocess.py:93} INFO - 26/01/20 05:03:44 INFO BlockManagerInfo: Added broadcast_1_piece0 in memory on 519d7d29de3d:33325 (size: 7.5 KiB, free: 434.4 MiB)
[2026-01-20T05:03:44.550+0000] {subprocess.py:93} INFO - 26/01/20 05:03:44 INFO SparkContext: Created broadcast 1 from broadcast at DAGScheduler.scala:1580
[2026-01-20T05:03:44.568+0000] {subprocess.py:93} INFO - 26/01/20 05:03:44 INFO DAGScheduler: Submitting 13 missing tasks from ResultStage 0 (MapPartitionsRDD[3] at json at NativeMethodAccessorImpl.java:0) (first 15 tasks are for partitions Vector(0, 1, 2, 3, 4, 5, 6, 7, 8, 9, 10, 11, 12))
[2026-01-20T05:03:44.569+0000] {subprocess.py:93} INFO - 26/01/20 05:03:44 INFO TaskSchedulerImpl: Adding task set 0.0 with 13 tasks resource profile 0
[2026-01-20T05:03:44.652+0000] {subprocess.py:93} INFO - 26/01/20 05:03:44 INFO TaskSetManager: Starting task 0.0 in stage 0.0 (TID 0) (519d7d29de3d, executor driver, partition 0, PROCESS_LOCAL, 8251 bytes)
[2026-01-20T05:03:44.658+0000] {subprocess.py:93} INFO - 26/01/20 05:03:44 INFO TaskSetManager: Starting task 1.0 in stage 0.0 (TID 1) (519d7d29de3d, executor driver, partition 1, PROCESS_LOCAL, 8251 bytes)
[2026-01-20T05:03:44.660+0000] {subprocess.py:93} INFO - 26/01/20 05:03:44 INFO TaskSetManager: Starting task 2.0 in stage 0.0 (TID 2) (519d7d29de3d, executor driver, partition 2, PROCESS_LOCAL, 8251 bytes)
[2026-01-20T05:03:44.661+0000] {subprocess.py:93} INFO - 26/01/20 05:03:44 INFO TaskSetManager: Starting task 3.0 in stage 0.0 (TID 3) (519d7d29de3d, executor driver, partition 3, PROCESS_LOCAL, 8251 bytes)
[2026-01-20T05:03:44.662+0000] {subprocess.py:93} INFO - 26/01/20 05:03:44 INFO TaskSetManager: Starting task 4.0 in stage 0.0 (TID 4) (519d7d29de3d, executor driver, partition 4, PROCESS_LOCAL, 8251 bytes)
[2026-01-20T05:03:44.665+0000] {subprocess.py:93} INFO - 26/01/20 05:03:44 INFO TaskSetManager: Starting task 5.0 in stage 0.0 (TID 5) (519d7d29de3d, executor driver, partition 5, PROCESS_LOCAL, 8251 bytes)
[2026-01-20T05:03:44.666+0000] {subprocess.py:93} INFO - 26/01/20 05:03:44 INFO TaskSetManager: Starting task 6.0 in stage 0.0 (TID 6) (519d7d29de3d, executor driver, partition 6, PROCESS_LOCAL, 8251 bytes)
[2026-01-20T05:03:44.668+0000] {subprocess.py:93} INFO - 26/01/20 05:03:44 INFO TaskSetManager: Starting task 7.0 in stage 0.0 (TID 7) (519d7d29de3d, executor driver, partition 7, PROCESS_LOCAL, 8251 bytes)
[2026-01-20T05:03:44.669+0000] {subprocess.py:93} INFO - 26/01/20 05:03:44 INFO TaskSetManager: Starting task 8.0 in stage 0.0 (TID 8) (519d7d29de3d, executor driver, partition 8, PROCESS_LOCAL, 8251 bytes)
[2026-01-20T05:03:44.670+0000] {subprocess.py:93} INFO - 26/01/20 05:03:44 INFO TaskSetManager: Starting task 9.0 in stage 0.0 (TID 9) (519d7d29de3d, executor driver, partition 9, PROCESS_LOCAL, 8251 bytes)
[2026-01-20T05:03:44.671+0000] {subprocess.py:93} INFO - 26/01/20 05:03:44 INFO TaskSetManager: Starting task 10.0 in stage 0.0 (TID 10) (519d7d29de3d, executor driver, partition 10, PROCESS_LOCAL, 8251 bytes)
[2026-01-20T05:03:44.671+0000] {subprocess.py:93} INFO - 26/01/20 05:03:44 INFO TaskSetManager: Starting task 11.0 in stage 0.0 (TID 11) (519d7d29de3d, executor driver, partition 11, PROCESS_LOCAL, 8251 bytes)
[2026-01-20T05:03:44.672+0000] {subprocess.py:93} INFO - 26/01/20 05:03:44 INFO TaskSetManager: Starting task 12.0 in stage 0.0 (TID 12) (519d7d29de3d, executor driver, partition 12, PROCESS_LOCAL, 8251 bytes)
[2026-01-20T05:03:44.690+0000] {subprocess.py:93} INFO - 26/01/20 05:03:44 INFO Executor: Running task 3.0 in stage 0.0 (TID 3)
[2026-01-20T05:03:44.692+0000] {subprocess.py:93} INFO - 26/01/20 05:03:44 INFO Executor: Running task 0.0 in stage 0.0 (TID 0)
[2026-01-20T05:03:44.693+0000] {subprocess.py:93} INFO - 26/01/20 05:03:44 INFO Executor: Running task 1.0 in stage 0.0 (TID 1)
[2026-01-20T05:03:44.694+0000] {subprocess.py:93} INFO - 26/01/20 05:03:44 INFO Executor: Running task 6.0 in stage 0.0 (TID 6)
[2026-01-20T05:03:44.695+0000] {subprocess.py:93} INFO - 26/01/20 05:03:44 INFO Executor: Running task 5.0 in stage 0.0 (TID 5)
[2026-01-20T05:03:44.696+0000] {subprocess.py:93} INFO - 26/01/20 05:03:44 INFO Executor: Running task 2.0 in stage 0.0 (TID 2)
[2026-01-20T05:03:44.697+0000] {subprocess.py:93} INFO - 26/01/20 05:03:44 INFO Executor: Running task 4.0 in stage 0.0 (TID 4)
[2026-01-20T05:03:44.699+0000] {subprocess.py:93} INFO - 26/01/20 05:03:44 INFO Executor: Running task 7.0 in stage 0.0 (TID 7)
[2026-01-20T05:03:44.699+0000] {subprocess.py:93} INFO - 26/01/20 05:03:44 INFO Executor: Running task 8.0 in stage 0.0 (TID 8)
[2026-01-20T05:03:44.700+0000] {subprocess.py:93} INFO - 26/01/20 05:03:44 INFO Executor: Running task 9.0 in stage 0.0 (TID 9)
[2026-01-20T05:03:44.701+0000] {subprocess.py:93} INFO - 26/01/20 05:03:44 INFO Executor: Running task 10.0 in stage 0.0 (TID 10)
[2026-01-20T05:03:44.702+0000] {subprocess.py:93} INFO - 26/01/20 05:03:44 INFO Executor: Running task 11.0 in stage 0.0 (TID 11)
[2026-01-20T05:03:44.702+0000] {subprocess.py:93} INFO - 26/01/20 05:03:44 INFO Executor: Running task 12.0 in stage 0.0 (TID 12)
[2026-01-20T05:03:44.958+0000] {subprocess.py:93} INFO - 26/01/20 05:03:44 INFO FileScanRDD: Reading File path: file:///opt/spark-data/landing/transaction_events_1768879479.1820476.json, range: 12582912-16777216, partition values: [empty row]
[2026-01-20T05:03:44.959+0000] {subprocess.py:93} INFO - 26/01/20 05:03:44 INFO FileScanRDD: Reading File path: file:///opt/spark-data/landing/transaction_events_1768879479.1820476.json, range: 0-4194304, partition values: [empty row]
[2026-01-20T05:03:44.960+0000] {subprocess.py:93} INFO - 26/01/20 05:03:44 INFO FileScanRDD: Reading File path: file:///opt/spark-data/landing/transaction_events_1768879479.1820476.json, range: 41943040-46137344, partition values: [empty row]
[2026-01-20T05:03:44.961+0000] {subprocess.py:93} INFO - 26/01/20 05:03:44 INFO FileScanRDD: Reading File path: file:///opt/spark-data/landing/transaction_events_1768879479.1820476.json, range: 50331648-51561162, partition values: [empty row]
[2026-01-20T05:03:44.962+0000] {subprocess.py:93} INFO - 26/01/20 05:03:44 INFO FileScanRDD: Reading File path: file:///opt/spark-data/landing/transaction_events_1768879479.1820476.json, range: 33554432-37748736, partition values: [empty row]
[2026-01-20T05:03:44.962+0000] {subprocess.py:93} INFO - 26/01/20 05:03:44 INFO FileScanRDD: Reading File path: file:///opt/spark-data/landing/transaction_events_1768879479.1820476.json, range: 25165824-29360128, partition values: [empty row]
[2026-01-20T05:03:44.963+0000] {subprocess.py:93} INFO - 26/01/20 05:03:44 INFO FileScanRDD: Reading File path: file:///opt/spark-data/landing/transaction_events_1768879479.1820476.json, range: 16777216-20971520, partition values: [empty row]
[2026-01-20T05:03:44.964+0000] {subprocess.py:93} INFO - 26/01/20 05:03:44 INFO FileScanRDD: Reading File path: file:///opt/spark-data/landing/transaction_events_1768879479.1820476.json, range: 4194304-8388608, partition values: [empty row]
[2026-01-20T05:03:44.965+0000] {subprocess.py:93} INFO - 26/01/20 05:03:44 INFO FileScanRDD: Reading File path: file:///opt/spark-data/landing/transaction_events_1768879479.1820476.json, range: 46137344-50331648, partition values: [empty row]
[2026-01-20T05:03:44.966+0000] {subprocess.py:93} INFO - 26/01/20 05:03:44 INFO FileScanRDD: Reading File path: file:///opt/spark-data/landing/transaction_events_1768879479.1820476.json, range: 20971520-25165824, partition values: [empty row]
[2026-01-20T05:03:44.966+0000] {subprocess.py:93} INFO - 26/01/20 05:03:44 INFO FileScanRDD: Reading File path: file:///opt/spark-data/landing/transaction_events_1768879479.1820476.json, range: 8388608-12582912, partition values: [empty row]
[2026-01-20T05:03:44.967+0000] {subprocess.py:93} INFO - 26/01/20 05:03:44 INFO FileScanRDD: Reading File path: file:///opt/spark-data/landing/transaction_events_1768879479.1820476.json, range: 29360128-33554432, partition values: [empty row]
[2026-01-20T05:03:44.967+0000] {subprocess.py:93} INFO - 26/01/20 05:03:44 INFO FileScanRDD: Reading File path: file:///opt/spark-data/landing/transaction_events_1768879479.1820476.json, range: 37748736-41943040, partition values: [empty row]
[2026-01-20T05:03:45.201+0000] {subprocess.py:93} INFO - 26/01/20 05:03:45 INFO CodeGenerator: Code generated in 171.484733 ms
[2026-01-20T05:03:45.922+0000] {subprocess.py:93} INFO - 26/01/20 05:03:45 INFO Executor: Finished task 12.0 in stage 0.0 (TID 12). 3067 bytes result sent to driver
[2026-01-20T05:03:45.953+0000] {subprocess.py:93} INFO - 26/01/20 05:03:45 INFO TaskSetManager: Finished task 12.0 in stage 0.0 (TID 12) in 1277 ms on 519d7d29de3d (executor driver) (1/13)
[2026-01-20T05:03:46.082+0000] {subprocess.py:93} INFO - 26/01/20 05:03:46 INFO Executor: Finished task 9.0 in stage 0.0 (TID 9). 3024 bytes result sent to driver
[2026-01-20T05:03:46.086+0000] {subprocess.py:93} INFO - 26/01/20 05:03:46 INFO TaskSetManager: Finished task 9.0 in stage 0.0 (TID 9) in 1416 ms on 519d7d29de3d (executor driver) (2/13)
[2026-01-20T05:03:46.087+0000] {subprocess.py:93} INFO - 26/01/20 05:03:46 INFO Executor: Finished task 6.0 in stage 0.0 (TID 6). 3024 bytes result sent to driver
[2026-01-20T05:03:46.088+0000] {subprocess.py:93} INFO - 26/01/20 05:03:46 INFO Executor: Finished task 10.0 in stage 0.0 (TID 10). 3024 bytes result sent to driver
[2026-01-20T05:03:46.088+0000] {subprocess.py:93} INFO - 26/01/20 05:03:46 INFO Executor: Finished task 2.0 in stage 0.0 (TID 2). 3024 bytes result sent to driver
[2026-01-20T05:03:46.089+0000] {subprocess.py:93} INFO - 26/01/20 05:03:46 INFO Executor: Finished task 1.0 in stage 0.0 (TID 1). 3024 bytes result sent to driver
[2026-01-20T05:03:46.093+0000] {subprocess.py:93} INFO - 26/01/20 05:03:46 INFO Executor: Finished task 11.0 in stage 0.0 (TID 11). 3024 bytes result sent to driver
[2026-01-20T05:03:46.094+0000] {subprocess.py:93} INFO - 26/01/20 05:03:46 INFO TaskSetManager: Finished task 10.0 in stage 0.0 (TID 10) in 1423 ms on 519d7d29de3d (executor driver) (3/13)
[2026-01-20T05:03:46.094+0000] {subprocess.py:93} INFO - 26/01/20 05:03:46 INFO Executor: Finished task 5.0 in stage 0.0 (TID 5). 3067 bytes result sent to driver
[2026-01-20T05:03:46.095+0000] {subprocess.py:93} INFO - 26/01/20 05:03:46 INFO Executor: Finished task 0.0 in stage 0.0 (TID 0). 3024 bytes result sent to driver
[2026-01-20T05:03:46.096+0000] {subprocess.py:93} INFO - 26/01/20 05:03:46 INFO Executor: Finished task 8.0 in stage 0.0 (TID 8). 3067 bytes result sent to driver
[2026-01-20T05:03:46.097+0000] {subprocess.py:93} INFO - 26/01/20 05:03:46 INFO TaskSetManager: Finished task 6.0 in stage 0.0 (TID 6) in 1430 ms on 519d7d29de3d (executor driver) (4/13)
[2026-01-20T05:03:46.098+0000] {subprocess.py:93} INFO - 26/01/20 05:03:46 INFO Executor: Finished task 4.0 in stage 0.0 (TID 4). 3024 bytes result sent to driver
[2026-01-20T05:03:46.099+0000] {subprocess.py:93} INFO - 26/01/20 05:03:46 INFO TaskSetManager: Finished task 2.0 in stage 0.0 (TID 2) in 1438 ms on 519d7d29de3d (executor driver) (5/13)
[2026-01-20T05:03:46.100+0000] {subprocess.py:93} INFO - 26/01/20 05:03:46 INFO TaskSetManager: Finished task 11.0 in stage 0.0 (TID 11) in 1426 ms on 519d7d29de3d (executor driver) (6/13)
[2026-01-20T05:03:46.101+0000] {subprocess.py:93} INFO - 26/01/20 05:03:46 INFO TaskSetManager: Finished task 1.0 in stage 0.0 (TID 1) in 1440 ms on 519d7d29de3d (executor driver) (7/13)
[2026-01-20T05:03:46.102+0000] {subprocess.py:93} INFO - 26/01/20 05:03:46 INFO Executor: Finished task 7.0 in stage 0.0 (TID 7). 3024 bytes result sent to driver
[2026-01-20T05:03:46.102+0000] {subprocess.py:93} INFO - 26/01/20 05:03:46 INFO TaskSetManager: Finished task 0.0 in stage 0.0 (TID 0) in 1471 ms on 519d7d29de3d (executor driver) (8/13)
[2026-01-20T05:03:46.103+0000] {subprocess.py:93} INFO - 26/01/20 05:03:46 INFO TaskSetManager: Finished task 5.0 in stage 0.0 (TID 5) in 1436 ms on 519d7d29de3d (executor driver) (9/13)
[2026-01-20T05:03:46.104+0000] {subprocess.py:93} INFO - 26/01/20 05:03:46 INFO TaskSetManager: Finished task 7.0 in stage 0.0 (TID 7) in 1433 ms on 519d7d29de3d (executor driver) (10/13)
[2026-01-20T05:03:46.105+0000] {subprocess.py:93} INFO - 26/01/20 05:03:46 INFO TaskSetManager: Finished task 4.0 in stage 0.0 (TID 4) in 1439 ms on 519d7d29de3d (executor driver) (11/13)
[2026-01-20T05:03:46.105+0000] {subprocess.py:93} INFO - 26/01/20 05:03:46 INFO TaskSetManager: Finished task 8.0 in stage 0.0 (TID 8) in 1433 ms on 519d7d29de3d (executor driver) (12/13)
[2026-01-20T05:03:46.106+0000] {subprocess.py:93} INFO - 26/01/20 05:03:46 INFO Executor: Finished task 3.0 in stage 0.0 (TID 3). 3024 bytes result sent to driver
[2026-01-20T05:03:46.107+0000] {subprocess.py:93} INFO - 26/01/20 05:03:46 INFO TaskSetManager: Finished task 3.0 in stage 0.0 (TID 3) in 1446 ms on 519d7d29de3d (executor driver) (13/13)
[2026-01-20T05:03:46.108+0000] {subprocess.py:93} INFO - 26/01/20 05:03:46 INFO TaskSchedulerImpl: Removed TaskSet 0.0, whose tasks have all completed, from pool
[2026-01-20T05:03:46.109+0000] {subprocess.py:93} INFO - 26/01/20 05:03:46 INFO DAGScheduler: ResultStage 0 (json at NativeMethodAccessorImpl.java:0) finished in 1.630 s
[2026-01-20T05:03:46.113+0000] {subprocess.py:93} INFO - 26/01/20 05:03:46 INFO DAGScheduler: Job 0 is finished. Cancelling potential speculative or zombie tasks for this job
[2026-01-20T05:03:46.113+0000] {subprocess.py:93} INFO - 26/01/20 05:03:46 INFO TaskSchedulerImpl: Killing all running tasks in stage 0: Stage finished
[2026-01-20T05:03:46.115+0000] {subprocess.py:93} INFO - 26/01/20 05:03:46 INFO DAGScheduler: Job 0 finished: json at NativeMethodAccessorImpl.java:0, took 1.674324 s
[2026-01-20T05:03:46.220+0000] {subprocess.py:93} INFO - 26/01/20 05:03:46 INFO InMemoryFileIndex: It took 8 ms to list leaf files for 1 paths.
[2026-01-20T05:03:46.240+0000] {subprocess.py:93} INFO - 26/01/20 05:03:46 INFO InMemoryFileIndex: It took 11 ms to list leaf files for 1 paths.
[2026-01-20T05:03:46.277+0000] {subprocess.py:93} INFO - 26/01/20 05:03:46 INFO FileSourceStrategy: Pushed Filters:
[2026-01-20T05:03:46.278+0000] {subprocess.py:93} INFO - 26/01/20 05:03:46 INFO FileSourceStrategy: Post-Scan Filters:
[2026-01-20T05:03:46.283+0000] {subprocess.py:93} INFO - 26/01/20 05:03:46 INFO MemoryStore: Block broadcast_2 stored as values in memory (estimated size 199.2 KiB, free 434.0 MiB)
[2026-01-20T05:03:46.298+0000] {subprocess.py:93} INFO - 26/01/20 05:03:46 INFO MemoryStore: Block broadcast_2_piece0 stored as bytes in memory (estimated size 34.2 KiB, free 433.9 MiB)
[2026-01-20T05:03:46.299+0000] {subprocess.py:93} INFO - 26/01/20 05:03:46 INFO BlockManagerInfo: Added broadcast_2_piece0 in memory on 519d7d29de3d:33325 (size: 34.2 KiB, free: 434.3 MiB)
[2026-01-20T05:03:46.300+0000] {subprocess.py:93} INFO - 26/01/20 05:03:46 INFO SparkContext: Created broadcast 2 from json at NativeMethodAccessorImpl.java:0
[2026-01-20T05:03:46.301+0000] {subprocess.py:93} INFO - 26/01/20 05:03:46 INFO FileSourceScanExec: Planning scan with bin packing, max size: 4194304 bytes, open cost is considered as scanning 4194304 bytes.
[2026-01-20T05:03:46.313+0000] {subprocess.py:93} INFO - 26/01/20 05:03:46 INFO SparkContext: Starting job: json at NativeMethodAccessorImpl.java:0
[2026-01-20T05:03:46.314+0000] {subprocess.py:93} INFO - 26/01/20 05:03:46 INFO DAGScheduler: Got job 1 (json at NativeMethodAccessorImpl.java:0) with 8 output partitions
[2026-01-20T05:03:46.315+0000] {subprocess.py:93} INFO - 26/01/20 05:03:46 INFO DAGScheduler: Final stage: ResultStage 1 (json at NativeMethodAccessorImpl.java:0)
[2026-01-20T05:03:46.316+0000] {subprocess.py:93} INFO - 26/01/20 05:03:46 INFO DAGScheduler: Parents of final stage: List()
[2026-01-20T05:03:46.317+0000] {subprocess.py:93} INFO - 26/01/20 05:03:46 INFO DAGScheduler: Missing parents: List()
[2026-01-20T05:03:46.317+0000] {subprocess.py:93} INFO - 26/01/20 05:03:46 INFO DAGScheduler: Submitting ResultStage 1 (MapPartitionsRDD[7] at json at NativeMethodAccessorImpl.java:0), which has no missing parents
[2026-01-20T05:03:46.318+0000] {subprocess.py:93} INFO - 26/01/20 05:03:46 INFO MemoryStore: Block broadcast_3 stored as values in memory (estimated size 16.0 KiB, free 433.9 MiB)
[2026-01-20T05:03:46.320+0000] {subprocess.py:93} INFO - 26/01/20 05:03:46 INFO MemoryStore: Block broadcast_3_piece0 stored as bytes in memory (estimated size 7.5 KiB, free 433.9 MiB)
[2026-01-20T05:03:46.321+0000] {subprocess.py:93} INFO - 26/01/20 05:03:46 INFO BlockManagerInfo: Added broadcast_3_piece0 in memory on 519d7d29de3d:33325 (size: 7.5 KiB, free: 434.3 MiB)
[2026-01-20T05:03:46.322+0000] {subprocess.py:93} INFO - 26/01/20 05:03:46 INFO SparkContext: Created broadcast 3 from broadcast at DAGScheduler.scala:1580
[2026-01-20T05:03:46.323+0000] {subprocess.py:93} INFO - 26/01/20 05:03:46 INFO DAGScheduler: Submitting 8 missing tasks from ResultStage 1 (MapPartitionsRDD[7] at json at NativeMethodAccessorImpl.java:0) (first 15 tasks are for partitions Vector(0, 1, 2, 3, 4, 5, 6, 7))
[2026-01-20T05:03:46.323+0000] {subprocess.py:93} INFO - 26/01/20 05:03:46 INFO TaskSchedulerImpl: Adding task set 1.0 with 8 tasks resource profile 0
[2026-01-20T05:03:46.325+0000] {subprocess.py:93} INFO - 26/01/20 05:03:46 INFO TaskSetManager: Starting task 0.0 in stage 1.0 (TID 13) (519d7d29de3d, executor driver, partition 0, PROCESS_LOCAL, 8244 bytes)
[2026-01-20T05:03:46.326+0000] {subprocess.py:93} INFO - 26/01/20 05:03:46 INFO TaskSetManager: Starting task 1.0 in stage 1.0 (TID 14) (519d7d29de3d, executor driver, partition 1, PROCESS_LOCAL, 8244 bytes)
[2026-01-20T05:03:46.326+0000] {subprocess.py:93} INFO - 26/01/20 05:03:46 INFO TaskSetManager: Starting task 2.0 in stage 1.0 (TID 15) (519d7d29de3d, executor driver, partition 2, PROCESS_LOCAL, 8244 bytes)
[2026-01-20T05:03:46.327+0000] {subprocess.py:93} INFO - 26/01/20 05:03:46 INFO TaskSetManager: Starting task 3.0 in stage 1.0 (TID 16) (519d7d29de3d, executor driver, partition 3, PROCESS_LOCAL, 8244 bytes)
[2026-01-20T05:03:46.328+0000] {subprocess.py:93} INFO - 26/01/20 05:03:46 INFO TaskSetManager: Starting task 4.0 in stage 1.0 (TID 17) (519d7d29de3d, executor driver, partition 4, PROCESS_LOCAL, 8244 bytes)
[2026-01-20T05:03:46.328+0000] {subprocess.py:93} INFO - 26/01/20 05:03:46 INFO TaskSetManager: Starting task 5.0 in stage 1.0 (TID 18) (519d7d29de3d, executor driver, partition 5, PROCESS_LOCAL, 8244 bytes)
[2026-01-20T05:03:46.329+0000] {subprocess.py:93} INFO - 26/01/20 05:03:46 INFO TaskSetManager: Starting task 6.0 in stage 1.0 (TID 19) (519d7d29de3d, executor driver, partition 6, PROCESS_LOCAL, 8244 bytes)
[2026-01-20T05:03:46.330+0000] {subprocess.py:93} INFO - 26/01/20 05:03:46 INFO TaskSetManager: Starting task 7.0 in stage 1.0 (TID 20) (519d7d29de3d, executor driver, partition 7, PROCESS_LOCAL, 8244 bytes)
[2026-01-20T05:03:46.331+0000] {subprocess.py:93} INFO - 26/01/20 05:03:46 INFO Executor: Running task 1.0 in stage 1.0 (TID 14)
[2026-01-20T05:03:46.332+0000] {subprocess.py:93} INFO - 26/01/20 05:03:46 INFO Executor: Running task 0.0 in stage 1.0 (TID 13)
[2026-01-20T05:03:46.333+0000] {subprocess.py:93} INFO - 26/01/20 05:03:46 INFO Executor: Running task 2.0 in stage 1.0 (TID 15)
[2026-01-20T05:03:46.333+0000] {subprocess.py:93} INFO - 26/01/20 05:03:46 INFO Executor: Running task 3.0 in stage 1.0 (TID 16)
[2026-01-20T05:03:46.334+0000] {subprocess.py:93} INFO - 26/01/20 05:03:46 INFO Executor: Running task 4.0 in stage 1.0 (TID 17)
[2026-01-20T05:03:46.335+0000] {subprocess.py:93} INFO - 26/01/20 05:03:46 INFO Executor: Running task 5.0 in stage 1.0 (TID 18)
[2026-01-20T05:03:46.336+0000] {subprocess.py:93} INFO - 26/01/20 05:03:46 INFO Executor: Running task 6.0 in stage 1.0 (TID 19)
[2026-01-20T05:03:46.337+0000] {subprocess.py:93} INFO - 26/01/20 05:03:46 INFO Executor: Running task 7.0 in stage 1.0 (TID 20)
[2026-01-20T05:03:46.338+0000] {subprocess.py:93} INFO - 26/01/20 05:03:46 INFO FileScanRDD: Reading File path: file:///opt/spark-data/landing/user_events_1768879431.2231393.json, range: 25165824-29360128, partition values: [empty row]
[2026-01-20T05:03:46.339+0000] {subprocess.py:93} INFO - 26/01/20 05:03:46 INFO FileScanRDD: Reading File path: file:///opt/spark-data/landing/user_events_1768879431.2231393.json, range: 4194304-8388608, partition values: [empty row]
[2026-01-20T05:03:46.340+0000] {subprocess.py:93} INFO - 26/01/20 05:03:46 INFO FileScanRDD: Reading File path: file:///opt/spark-data/landing/user_events_1768879431.2231393.json, range: 8388608-12582912, partition values: [empty row]
[2026-01-20T05:03:46.340+0000] {subprocess.py:93} INFO - 26/01/20 05:03:46 INFO FileScanRDD: Reading File path: file:///opt/spark-data/landing/user_events_1768879431.2231393.json, range: 20971520-25165824, partition values: [empty row]
[2026-01-20T05:03:46.341+0000] {subprocess.py:93} INFO - 26/01/20 05:03:46 INFO FileScanRDD: Reading File path: file:///opt/spark-data/landing/user_events_1768879431.2231393.json, range: 16777216-20971520, partition values: [empty row]
[2026-01-20T05:03:46.342+0000] {subprocess.py:93} INFO - 26/01/20 05:03:46 INFO FileScanRDD: Reading File path: file:///opt/spark-data/landing/user_events_1768879431.2231393.json, range: 0-4194304, partition values: [empty row]
[2026-01-20T05:03:46.343+0000] {subprocess.py:93} INFO - 26/01/20 05:03:46 INFO FileScanRDD: Reading File path: file:///opt/spark-data/landing/user_events_1768879431.2231393.json, range: 29360128-33532706, partition values: [empty row]
[2026-01-20T05:03:46.344+0000] {subprocess.py:93} INFO - 26/01/20 05:03:46 INFO FileScanRDD: Reading File path: file:///opt/spark-data/landing/user_events_1768879431.2231393.json, range: 12582912-16777216, partition values: [empty row]
[2026-01-20T05:03:46.806+0000] {subprocess.py:93} INFO - 26/01/20 05:03:46 INFO Executor: Finished task 1.0 in stage 1.0 (TID 14). 2401 bytes result sent to driver
[2026-01-20T05:03:46.810+0000] {subprocess.py:93} INFO - 26/01/20 05:03:46 INFO Executor: Finished task 5.0 in stage 1.0 (TID 18). 2401 bytes result sent to driver
[2026-01-20T05:03:46.811+0000] {subprocess.py:93} INFO - 26/01/20 05:03:46 INFO Executor: Finished task 7.0 in stage 1.0 (TID 20). 2401 bytes result sent to driver
[2026-01-20T05:03:46.813+0000] {subprocess.py:93} INFO - 26/01/20 05:03:46 INFO Executor: Finished task 2.0 in stage 1.0 (TID 15). 2401 bytes result sent to driver
[2026-01-20T05:03:46.814+0000] {subprocess.py:93} INFO - 26/01/20 05:03:46 INFO Executor: Finished task 4.0 in stage 1.0 (TID 17). 2401 bytes result sent to driver
[2026-01-20T05:03:46.815+0000] {subprocess.py:93} INFO - 26/01/20 05:03:46 INFO Executor: Finished task 6.0 in stage 1.0 (TID 19). 2444 bytes result sent to driver
[2026-01-20T05:03:46.816+0000] {subprocess.py:93} INFO - 26/01/20 05:03:46 INFO Executor: Finished task 0.0 in stage 1.0 (TID 13). 2401 bytes result sent to driver
[2026-01-20T05:03:46.818+0000] {subprocess.py:93} INFO - 26/01/20 05:03:46 INFO TaskSetManager: Finished task 1.0 in stage 1.0 (TID 14) in 486 ms on 519d7d29de3d (executor driver) (1/8)
[2026-01-20T05:03:46.819+0000] {subprocess.py:93} INFO - 26/01/20 05:03:46 INFO TaskSetManager: Finished task 5.0 in stage 1.0 (TID 18) in 484 ms on 519d7d29de3d (executor driver) (2/8)
[2026-01-20T05:03:46.819+0000] {subprocess.py:93} INFO - 26/01/20 05:03:46 INFO TaskSetManager: Finished task 7.0 in stage 1.0 (TID 20) in 484 ms on 519d7d29de3d (executor driver) (3/8)
[2026-01-20T05:03:46.821+0000] {subprocess.py:93} INFO - 26/01/20 05:03:46 INFO TaskSetManager: Finished task 4.0 in stage 1.0 (TID 17) in 487 ms on 519d7d29de3d (executor driver) (4/8)
[2026-01-20T05:03:46.822+0000] {subprocess.py:93} INFO - 26/01/20 05:03:46 INFO TaskSetManager: Finished task 6.0 in stage 1.0 (TID 19) in 486 ms on 519d7d29de3d (executor driver) (5/8)
[2026-01-20T05:03:46.823+0000] {subprocess.py:93} INFO - 26/01/20 05:03:46 INFO TaskSetManager: Finished task 0.0 in stage 1.0 (TID 13) in 491 ms on 519d7d29de3d (executor driver) (6/8)
[2026-01-20T05:03:46.824+0000] {subprocess.py:93} INFO - 26/01/20 05:03:46 INFO TaskSetManager: Finished task 2.0 in stage 1.0 (TID 15) in 492 ms on 519d7d29de3d (executor driver) (7/8)
[2026-01-20T05:03:46.825+0000] {subprocess.py:93} INFO - 26/01/20 05:03:46 INFO Executor: Finished task 3.0 in stage 1.0 (TID 16). 2401 bytes result sent to driver
[2026-01-20T05:03:46.827+0000] {subprocess.py:93} INFO - 26/01/20 05:03:46 INFO TaskSetManager: Finished task 3.0 in stage 1.0 (TID 16) in 492 ms on 519d7d29de3d (executor driver) (8/8)
[2026-01-20T05:03:46.828+0000] {subprocess.py:93} INFO - 26/01/20 05:03:46 INFO TaskSchedulerImpl: Removed TaskSet 1.0, whose tasks have all completed, from pool
[2026-01-20T05:03:46.829+0000] {subprocess.py:93} INFO - 26/01/20 05:03:46 INFO DAGScheduler: ResultStage 1 (json at NativeMethodAccessorImpl.java:0) finished in 0.503 s
[2026-01-20T05:03:46.830+0000] {subprocess.py:93} INFO - 26/01/20 05:03:46 INFO DAGScheduler: Job 1 is finished. Cancelling potential speculative or zombie tasks for this job
[2026-01-20T05:03:46.831+0000] {subprocess.py:93} INFO - 26/01/20 05:03:46 INFO TaskSchedulerImpl: Killing all running tasks in stage 1: Stage finished
[2026-01-20T05:03:46.831+0000] {subprocess.py:93} INFO - 26/01/20 05:03:46 INFO DAGScheduler: Job 1 finished: json at NativeMethodAccessorImpl.java:0, took 0.508009 s
[2026-01-20T05:03:47.567+0000] {subprocess.py:93} INFO - 26/01/20 05:03:47 INFO FileSourceStrategy: Pushed Filters: IsNotNull(user_id),IsNotNull(line_items)
[2026-01-20T05:03:47.569+0000] {subprocess.py:93} INFO - 26/01/20 05:03:47 INFO FileSourceStrategy: Post-Scan Filters: isnotnull(user_id#21),(size(line_items#10, true) > 0),isnotnull(line_items#10)
[2026-01-20T05:03:47.575+0000] {subprocess.py:93} INFO - 26/01/20 05:03:47 INFO FileSourceStrategy: Pushed Filters: IsNotNull(user_id),IsNotNull(product_id)
[2026-01-20T05:03:47.576+0000] {subprocess.py:93} INFO - 26/01/20 05:03:47 INFO FileSourceStrategy: Post-Scan Filters: isnotnull(user_id#58),isnotnull(product_id#53)
[2026-01-20T05:03:47.741+0000] {subprocess.py:93} INFO - 26/01/20 05:03:47 INFO CodeGenerator: Code generated in 24.91863 ms
[2026-01-20T05:03:47.744+0000] {subprocess.py:93} INFO - 26/01/20 05:03:47 INFO MemoryStore: Block broadcast_4 stored as values in memory (estimated size 199.1 KiB, free 433.7 MiB)
[2026-01-20T05:03:47.759+0000] {subprocess.py:93} INFO - 26/01/20 05:03:47 INFO MemoryStore: Block broadcast_4_piece0 stored as bytes in memory (estimated size 34.2 KiB, free 433.7 MiB)
[2026-01-20T05:03:47.763+0000] {subprocess.py:93} INFO - 26/01/20 05:03:47 INFO BlockManagerInfo: Added broadcast_4_piece0 in memory on 519d7d29de3d:33325 (size: 34.2 KiB, free: 434.3 MiB)
[2026-01-20T05:03:47.764+0000] {subprocess.py:93} INFO - 26/01/20 05:03:47 INFO SparkContext: Created broadcast 4 from $anonfun$withThreadLocalCaptured$1 at FutureTask.java:264
[2026-01-20T05:03:47.767+0000] {subprocess.py:93} INFO - 26/01/20 05:03:47 INFO FileSourceScanExec: Planning scan with bin packing, max size: 4194304 bytes, open cost is considered as scanning 4194304 bytes.
[2026-01-20T05:03:47.770+0000] {subprocess.py:93} INFO - 26/01/20 05:03:47 INFO BlockManagerInfo: Removed broadcast_2_piece0 on 519d7d29de3d:33325 in memory (size: 34.2 KiB, free: 434.3 MiB)
[2026-01-20T05:03:47.779+0000] {subprocess.py:93} INFO - 26/01/20 05:03:47 INFO BlockManagerInfo: Removed broadcast_3_piece0 on 519d7d29de3d:33325 in memory (size: 7.5 KiB, free: 434.3 MiB)
[2026-01-20T05:03:47.805+0000] {subprocess.py:93} INFO - 26/01/20 05:03:47 INFO SparkContext: Starting job: $anonfun$withThreadLocalCaptured$1 at FutureTask.java:264
[2026-01-20T05:03:47.807+0000] {subprocess.py:93} INFO - 26/01/20 05:03:47 INFO DAGScheduler: Got job 2 ($anonfun$withThreadLocalCaptured$1 at FutureTask.java:264) with 8 output partitions
[2026-01-20T05:03:47.807+0000] {subprocess.py:93} INFO - 26/01/20 05:03:47 INFO DAGScheduler: Final stage: ResultStage 2 ($anonfun$withThreadLocalCaptured$1 at FutureTask.java:264)
[2026-01-20T05:03:47.808+0000] {subprocess.py:93} INFO - 26/01/20 05:03:47 INFO DAGScheduler: Parents of final stage: List()
[2026-01-20T05:03:47.809+0000] {subprocess.py:93} INFO - 26/01/20 05:03:47 INFO DAGScheduler: Missing parents: List()
[2026-01-20T05:03:47.810+0000] {subprocess.py:93} INFO - 26/01/20 05:03:47 INFO DAGScheduler: Submitting ResultStage 2 (MapPartitionsRDD[11] at $anonfun$withThreadLocalCaptured$1 at FutureTask.java:264), which has no missing parents
[2026-01-20T05:03:47.813+0000] {subprocess.py:93} INFO - 26/01/20 05:03:47 INFO MemoryStore: Block broadcast_5 stored as values in memory (estimated size 15.6 KiB, free 433.9 MiB)
[2026-01-20T05:03:47.815+0000] {subprocess.py:93} INFO - 26/01/20 05:03:47 INFO MemoryStore: Block broadcast_5_piece0 stored as bytes in memory (estimated size 7.4 KiB, free 433.9 MiB)
[2026-01-20T05:03:47.816+0000] {subprocess.py:93} INFO - 26/01/20 05:03:47 INFO BlockManagerInfo: Added broadcast_5_piece0 in memory on 519d7d29de3d:33325 (size: 7.4 KiB, free: 434.3 MiB)
[2026-01-20T05:03:47.817+0000] {subprocess.py:93} INFO - 26/01/20 05:03:47 INFO SparkContext: Created broadcast 5 from broadcast at DAGScheduler.scala:1580
[2026-01-20T05:03:47.818+0000] {subprocess.py:93} INFO - 26/01/20 05:03:47 INFO DAGScheduler: Submitting 8 missing tasks from ResultStage 2 (MapPartitionsRDD[11] at $anonfun$withThreadLocalCaptured$1 at FutureTask.java:264) (first 15 tasks are for partitions Vector(0, 1, 2, 3, 4, 5, 6, 7))
[2026-01-20T05:03:47.818+0000] {subprocess.py:93} INFO - 26/01/20 05:03:47 INFO TaskSchedulerImpl: Adding task set 2.0 with 8 tasks resource profile 0
[2026-01-20T05:03:47.820+0000] {subprocess.py:93} INFO - 26/01/20 05:03:47 INFO TaskSetManager: Starting task 0.0 in stage 2.0 (TID 21) (519d7d29de3d, executor driver, partition 0, PROCESS_LOCAL, 8244 bytes)
[2026-01-20T05:03:47.821+0000] {subprocess.py:93} INFO - 26/01/20 05:03:47 INFO TaskSetManager: Starting task 1.0 in stage 2.0 (TID 22) (519d7d29de3d, executor driver, partition 1, PROCESS_LOCAL, 8244 bytes)
[2026-01-20T05:03:47.822+0000] {subprocess.py:93} INFO - 26/01/20 05:03:47 INFO TaskSetManager: Starting task 2.0 in stage 2.0 (TID 23) (519d7d29de3d, executor driver, partition 2, PROCESS_LOCAL, 8244 bytes)
[2026-01-20T05:03:47.823+0000] {subprocess.py:93} INFO - 26/01/20 05:03:47 INFO TaskSetManager: Starting task 3.0 in stage 2.0 (TID 24) (519d7d29de3d, executor driver, partition 3, PROCESS_LOCAL, 8244 bytes)
[2026-01-20T05:03:47.823+0000] {subprocess.py:93} INFO - 26/01/20 05:03:47 INFO TaskSetManager: Starting task 4.0 in stage 2.0 (TID 25) (519d7d29de3d, executor driver, partition 4, PROCESS_LOCAL, 8244 bytes)
[2026-01-20T05:03:47.824+0000] {subprocess.py:93} INFO - 26/01/20 05:03:47 INFO TaskSetManager: Starting task 5.0 in stage 2.0 (TID 26) (519d7d29de3d, executor driver, partition 5, PROCESS_LOCAL, 8244 bytes)
[2026-01-20T05:03:47.825+0000] {subprocess.py:93} INFO - 26/01/20 05:03:47 INFO TaskSetManager: Starting task 6.0 in stage 2.0 (TID 27) (519d7d29de3d, executor driver, partition 6, PROCESS_LOCAL, 8244 bytes)
[2026-01-20T05:03:47.831+0000] {subprocess.py:93} INFO - 26/01/20 05:03:47 INFO TaskSetManager: Starting task 7.0 in stage 2.0 (TID 28) (519d7d29de3d, executor driver, partition 7, PROCESS_LOCAL, 8244 bytes)
[2026-01-20T05:03:47.832+0000] {subprocess.py:93} INFO - 26/01/20 05:03:47 INFO Executor: Running task 2.0 in stage 2.0 (TID 23)
[2026-01-20T05:03:47.833+0000] {subprocess.py:93} INFO - 26/01/20 05:03:47 INFO Executor: Running task 1.0 in stage 2.0 (TID 22)
[2026-01-20T05:03:47.835+0000] {subprocess.py:93} INFO - 26/01/20 05:03:47 INFO Executor: Running task 4.0 in stage 2.0 (TID 25)
[2026-01-20T05:03:47.836+0000] {subprocess.py:93} INFO - 26/01/20 05:03:47 INFO Executor: Running task 0.0 in stage 2.0 (TID 21)
[2026-01-20T05:03:47.837+0000] {subprocess.py:93} INFO - 26/01/20 05:03:47 INFO Executor: Running task 5.0 in stage 2.0 (TID 26)
[2026-01-20T05:03:47.838+0000] {subprocess.py:93} INFO - 26/01/20 05:03:47 INFO Executor: Running task 6.0 in stage 2.0 (TID 27)
[2026-01-20T05:03:47.839+0000] {subprocess.py:93} INFO - 26/01/20 05:03:47 INFO Executor: Running task 3.0 in stage 2.0 (TID 24)
[2026-01-20T05:03:47.842+0000] {subprocess.py:93} INFO - 26/01/20 05:03:47 INFO Executor: Running task 7.0 in stage 2.0 (TID 28)
[2026-01-20T05:03:47.875+0000] {subprocess.py:93} INFO - 26/01/20 05:03:47 INFO CodeGenerator: Code generated in 23.885837 ms
[2026-01-20T05:03:47.882+0000] {subprocess.py:93} INFO - 26/01/20 05:03:47 INFO FileScanRDD: Reading File path: file:///opt/spark-data/landing/user_events_1768879431.2231393.json, range: 29360128-33532706, partition values: [empty row]
[2026-01-20T05:03:47.886+0000] {subprocess.py:93} INFO - 26/01/20 05:03:47 INFO FileScanRDD: Reading File path: file:///opt/spark-data/landing/user_events_1768879431.2231393.json, range: 16777216-20971520, partition values: [empty row]
[2026-01-20T05:03:47.888+0000] {subprocess.py:93} INFO - 26/01/20 05:03:47 INFO FileScanRDD: Reading File path: file:///opt/spark-data/landing/user_events_1768879431.2231393.json, range: 12582912-16777216, partition values: [empty row]
[2026-01-20T05:03:47.896+0000] {subprocess.py:93} INFO - 26/01/20 05:03:47 INFO FileScanRDD: Reading File path: file:///opt/spark-data/landing/user_events_1768879431.2231393.json, range: 20971520-25165824, partition values: [empty row]
[2026-01-20T05:03:47.897+0000] {subprocess.py:93} INFO - 26/01/20 05:03:47 INFO FileScanRDD: Reading File path: file:///opt/spark-data/landing/user_events_1768879431.2231393.json, range: 0-4194304, partition values: [empty row]
[2026-01-20T05:03:47.900+0000] {subprocess.py:93} INFO - 26/01/20 05:03:47 INFO FileScanRDD: Reading File path: file:///opt/spark-data/landing/user_events_1768879431.2231393.json, range: 4194304-8388608, partition values: [empty row]
[2026-01-20T05:03:47.901+0000] {subprocess.py:93} INFO - 26/01/20 05:03:47 INFO FileScanRDD: Reading File path: file:///opt/spark-data/landing/user_events_1768879431.2231393.json, range: 8388608-12582912, partition values: [empty row]
[2026-01-20T05:03:47.902+0000] {subprocess.py:93} INFO - 26/01/20 05:03:47 INFO FileScanRDD: Reading File path: file:///opt/spark-data/landing/user_events_1768879431.2231393.json, range: 25165824-29360128, partition values: [empty row]
[2026-01-20T05:03:47.921+0000] {subprocess.py:93} INFO - 26/01/20 05:03:47 INFO CodeGenerator: Code generated in 33.406249 ms
[2026-01-20T05:03:47.982+0000] {subprocess.py:93} INFO - 26/01/20 05:03:47 INFO CodeGenerator: Code generated in 12.370011 ms
[2026-01-20T05:03:47.998+0000] {subprocess.py:93} INFO - 26/01/20 05:03:47 INFO CodeGenerator: Code generated in 12.828102 ms
[2026-01-20T05:03:48.529+0000] {subprocess.py:93} INFO - 26/01/20 05:03:48 INFO Executor: Finished task 1.0 in stage 2.0 (TID 22). 134096 bytes result sent to driver
[2026-01-20T05:03:48.530+0000] {subprocess.py:93} INFO - 26/01/20 05:03:48 INFO Executor: Finished task 2.0 in stage 2.0 (TID 23). 132137 bytes result sent to driver
[2026-01-20T05:03:48.531+0000] {subprocess.py:93} INFO - 26/01/20 05:03:48 INFO Executor: Finished task 0.0 in stage 2.0 (TID 21). 131320 bytes result sent to driver
[2026-01-20T05:03:48.532+0000] {subprocess.py:93} INFO - 26/01/20 05:03:48 INFO Executor: Finished task 7.0 in stage 2.0 (TID 28). 130576 bytes result sent to driver
[2026-01-20T05:03:48.533+0000] {subprocess.py:93} INFO - 26/01/20 05:03:48 INFO Executor: Finished task 5.0 in stage 2.0 (TID 26). 133806 bytes result sent to driver
[2026-01-20T05:03:48.534+0000] {subprocess.py:93} INFO - 26/01/20 05:03:48 INFO Executor: Finished task 4.0 in stage 2.0 (TID 25). 135408 bytes result sent to driver
[2026-01-20T05:03:48.535+0000] {subprocess.py:93} INFO - 26/01/20 05:03:48 INFO Executor: Finished task 3.0 in stage 2.0 (TID 24). 132558 bytes result sent to driver
[2026-01-20T05:03:48.537+0000] {subprocess.py:93} INFO - 26/01/20 05:03:48 INFO TaskSetManager: Finished task 2.0 in stage 2.0 (TID 23) in 710 ms on 519d7d29de3d (executor driver) (1/8)
[2026-01-20T05:03:48.538+0000] {subprocess.py:93} INFO - 26/01/20 05:03:48 INFO Executor: Finished task 6.0 in stage 2.0 (TID 27). 129991 bytes result sent to driver
[2026-01-20T05:03:48.538+0000] {subprocess.py:93} INFO - 26/01/20 05:03:48 INFO TaskSetManager: Finished task 1.0 in stage 2.0 (TID 22) in 712 ms on 519d7d29de3d (executor driver) (2/8)
[2026-01-20T05:03:48.539+0000] {subprocess.py:93} INFO - 26/01/20 05:03:48 INFO TaskSetManager: Finished task 5.0 in stage 2.0 (TID 26) in 712 ms on 519d7d29de3d (executor driver) (3/8)
[2026-01-20T05:03:48.540+0000] {subprocess.py:93} INFO - 26/01/20 05:03:48 INFO TaskSetManager: Finished task 0.0 in stage 2.0 (TID 21) in 715 ms on 519d7d29de3d (executor driver) (4/8)
[2026-01-20T05:03:48.540+0000] {subprocess.py:93} INFO - 26/01/20 05:03:48 INFO TaskSetManager: Finished task 4.0 in stage 2.0 (TID 25) in 713 ms on 519d7d29de3d (executor driver) (5/8)
[2026-01-20T05:03:48.541+0000] {subprocess.py:93} INFO - 26/01/20 05:03:48 INFO TaskSetManager: Finished task 6.0 in stage 2.0 (TID 27) in 712 ms on 519d7d29de3d (executor driver) (6/8)
[2026-01-20T05:03:48.542+0000] {subprocess.py:93} INFO - 26/01/20 05:03:48 INFO TaskSetManager: Finished task 7.0 in stage 2.0 (TID 28) in 713 ms on 519d7d29de3d (executor driver) (7/8)
[2026-01-20T05:03:48.542+0000] {subprocess.py:93} INFO - 26/01/20 05:03:48 INFO TaskSetManager: Finished task 3.0 in stage 2.0 (TID 24) in 714 ms on 519d7d29de3d (executor driver) (8/8)
[2026-01-20T05:03:48.543+0000] {subprocess.py:93} INFO - 26/01/20 05:03:48 INFO TaskSchedulerImpl: Removed TaskSet 2.0, whose tasks have all completed, from pool
[2026-01-20T05:03:48.544+0000] {subprocess.py:93} INFO - 26/01/20 05:03:48 INFO DAGScheduler: ResultStage 2 ($anonfun$withThreadLocalCaptured$1 at FutureTask.java:264) finished in 0.729 s
[2026-01-20T05:03:48.545+0000] {subprocess.py:93} INFO - 26/01/20 05:03:48 INFO DAGScheduler: Job 2 is finished. Cancelling potential speculative or zombie tasks for this job
[2026-01-20T05:03:48.545+0000] {subprocess.py:93} INFO - 26/01/20 05:03:48 INFO TaskSchedulerImpl: Killing all running tasks in stage 2: Stage finished
[2026-01-20T05:03:48.546+0000] {subprocess.py:93} INFO - 26/01/20 05:03:48 INFO DAGScheduler: Job 2 finished: $anonfun$withThreadLocalCaptured$1 at FutureTask.java:264, took 0.735336 s
[2026-01-20T05:03:48.572+0000] {subprocess.py:93} INFO - 26/01/20 05:03:48 INFO CodeGenerator: Code generated in 7.896183 ms
[2026-01-20T05:03:48.585+0000] {subprocess.py:93} INFO - 26/01/20 05:03:48 INFO BlockManagerInfo: Removed broadcast_5_piece0 on 519d7d29de3d:33325 in memory (size: 7.4 KiB, free: 434.3 MiB)
[2026-01-20T05:03:48.651+0000] {subprocess.py:93} INFO - 26/01/20 05:03:48 INFO MemoryStore: Block broadcast_6 stored as values in memory (estimated size 9.0 MiB, free 424.9 MiB)
[2026-01-20T05:03:48.696+0000] {subprocess.py:93} INFO - 26/01/20 05:03:48 INFO MemoryStore: Block broadcast_6_piece0 stored as bytes in memory (estimated size 1578.1 KiB, free 423.4 MiB)
[2026-01-20T05:03:48.697+0000] {subprocess.py:93} INFO - 26/01/20 05:03:48 INFO BlockManagerInfo: Added broadcast_6_piece0 in memory on 519d7d29de3d:33325 (size: 1578.1 KiB, free: 432.8 MiB)
[2026-01-20T05:03:48.698+0000] {subprocess.py:93} INFO - 26/01/20 05:03:48 INFO SparkContext: Created broadcast 6 from $anonfun$withThreadLocalCaptured$1 at FutureTask.java:264
[2026-01-20T05:03:48.715+0000] {subprocess.py:93} INFO - 26/01/20 05:03:48 INFO FileSourceStrategy: Pushed Filters: IsNotNull(user_id),IsNotNull(line_items)
[2026-01-20T05:03:48.716+0000] {subprocess.py:93} INFO - 26/01/20 05:03:48 INFO FileSourceStrategy: Post-Scan Filters: isnotnull(user_id#21),(size(line_items#10, true) > 0),isnotnull(line_items#10)
[2026-01-20T05:03:48.966+0000] {subprocess.py:93} INFO - 26/01/20 05:03:48 INFO FileOutputCommitter: File Output Committer Algorithm version is 1
[2026-01-20T05:03:48.967+0000] {subprocess.py:93} INFO - 26/01/20 05:03:48 INFO FileOutputCommitter: FileOutputCommitter skip cleanup _temporary folders under output directory:false, ignore cleanup failures: false
[2026-01-20T05:03:48.968+0000] {subprocess.py:93} INFO - 26/01/20 05:03:48 INFO SQLHadoopMapReduceCommitProtocol: Using output committer class org.apache.hadoop.mapreduce.lib.output.FileOutputCommitter
[2026-01-20T05:03:49.154+0000] {subprocess.py:93} INFO - 26/01/20 05:03:49 INFO CodeGenerator: Code generated in 64.443811 ms
[2026-01-20T05:03:49.158+0000] {subprocess.py:93} INFO - 26/01/20 05:03:49 INFO MemoryStore: Block broadcast_7 stored as values in memory (estimated size 199.1 KiB, free 423.2 MiB)
[2026-01-20T05:03:49.177+0000] {subprocess.py:93} INFO - 26/01/20 05:03:49 INFO MemoryStore: Block broadcast_7_piece0 stored as bytes in memory (estimated size 34.2 KiB, free 423.2 MiB)
[2026-01-20T05:03:49.178+0000] {subprocess.py:93} INFO - 26/01/20 05:03:49 INFO BlockManagerInfo: Added broadcast_7_piece0 in memory on 519d7d29de3d:33325 (size: 34.2 KiB, free: 432.8 MiB)
[2026-01-20T05:03:49.179+0000] {subprocess.py:93} INFO - 26/01/20 05:03:49 INFO SparkContext: Created broadcast 7 from csv at NativeMethodAccessorImpl.java:0
[2026-01-20T05:03:49.181+0000] {subprocess.py:93} INFO - 26/01/20 05:03:49 INFO FileSourceScanExec: Planning scan with bin packing, max size: 4194304 bytes, open cost is considered as scanning 4194304 bytes.
[2026-01-20T05:03:49.198+0000] {subprocess.py:93} INFO - 26/01/20 05:03:49 INFO SparkContext: Starting job: csv at NativeMethodAccessorImpl.java:0
[2026-01-20T05:03:49.199+0000] {subprocess.py:93} INFO - 26/01/20 05:03:49 INFO DAGScheduler: Got job 3 (csv at NativeMethodAccessorImpl.java:0) with 13 output partitions
[2026-01-20T05:03:49.200+0000] {subprocess.py:93} INFO - 26/01/20 05:03:49 INFO DAGScheduler: Final stage: ResultStage 3 (csv at NativeMethodAccessorImpl.java:0)
[2026-01-20T05:03:49.200+0000] {subprocess.py:93} INFO - 26/01/20 05:03:49 INFO DAGScheduler: Parents of final stage: List()
[2026-01-20T05:03:49.201+0000] {subprocess.py:93} INFO - 26/01/20 05:03:49 INFO DAGScheduler: Missing parents: List()
[2026-01-20T05:03:49.202+0000] {subprocess.py:93} INFO - 26/01/20 05:03:49 INFO DAGScheduler: Submitting ResultStage 3 (MapPartitionsRDD[15] at csv at NativeMethodAccessorImpl.java:0), which has no missing parents
[2026-01-20T05:03:49.237+0000] {subprocess.py:93} INFO - 26/01/20 05:03:49 INFO MemoryStore: Block broadcast_8 stored as values in memory (estimated size 233.0 KiB, free 422.9 MiB)
[2026-01-20T05:03:49.240+0000] {subprocess.py:93} INFO - 26/01/20 05:03:49 INFO MemoryStore: Block broadcast_8_piece0 stored as bytes in memory (estimated size 82.8 KiB, free 422.8 MiB)
[2026-01-20T05:03:49.241+0000] {subprocess.py:93} INFO - 26/01/20 05:03:49 INFO BlockManagerInfo: Added broadcast_8_piece0 in memory on 519d7d29de3d:33325 (size: 82.8 KiB, free: 432.7 MiB)
[2026-01-20T05:03:49.242+0000] {subprocess.py:93} INFO - 26/01/20 05:03:49 INFO SparkContext: Created broadcast 8 from broadcast at DAGScheduler.scala:1580
[2026-01-20T05:03:49.243+0000] {subprocess.py:93} INFO - 26/01/20 05:03:49 INFO DAGScheduler: Submitting 13 missing tasks from ResultStage 3 (MapPartitionsRDD[15] at csv at NativeMethodAccessorImpl.java:0) (first 15 tasks are for partitions Vector(0, 1, 2, 3, 4, 5, 6, 7, 8, 9, 10, 11, 12))
[2026-01-20T05:03:49.243+0000] {subprocess.py:93} INFO - 26/01/20 05:03:49 INFO TaskSchedulerImpl: Adding task set 3.0 with 13 tasks resource profile 0
[2026-01-20T05:03:49.244+0000] {subprocess.py:93} INFO - 26/01/20 05:03:49 INFO TaskSetManager: Starting task 0.0 in stage 3.0 (TID 29) (519d7d29de3d, executor driver, partition 0, PROCESS_LOCAL, 8251 bytes)
[2026-01-20T05:03:49.246+0000] {subprocess.py:93} INFO - 26/01/20 05:03:49 INFO TaskSetManager: Starting task 1.0 in stage 3.0 (TID 30) (519d7d29de3d, executor driver, partition 1, PROCESS_LOCAL, 8251 bytes)
[2026-01-20T05:03:49.246+0000] {subprocess.py:93} INFO - 26/01/20 05:03:49 INFO TaskSetManager: Starting task 2.0 in stage 3.0 (TID 31) (519d7d29de3d, executor driver, partition 2, PROCESS_LOCAL, 8251 bytes)
[2026-01-20T05:03:49.247+0000] {subprocess.py:93} INFO - 26/01/20 05:03:49 INFO TaskSetManager: Starting task 3.0 in stage 3.0 (TID 32) (519d7d29de3d, executor driver, partition 3, PROCESS_LOCAL, 8251 bytes)
[2026-01-20T05:03:49.248+0000] {subprocess.py:93} INFO - 26/01/20 05:03:49 INFO TaskSetManager: Starting task 4.0 in stage 3.0 (TID 33) (519d7d29de3d, executor driver, partition 4, PROCESS_LOCAL, 8251 bytes)
[2026-01-20T05:03:49.248+0000] {subprocess.py:93} INFO - 26/01/20 05:03:49 INFO TaskSetManager: Starting task 5.0 in stage 3.0 (TID 34) (519d7d29de3d, executor driver, partition 5, PROCESS_LOCAL, 8251 bytes)
[2026-01-20T05:03:49.249+0000] {subprocess.py:93} INFO - 26/01/20 05:03:49 INFO TaskSetManager: Starting task 6.0 in stage 3.0 (TID 35) (519d7d29de3d, executor driver, partition 6, PROCESS_LOCAL, 8251 bytes)
[2026-01-20T05:03:49.250+0000] {subprocess.py:93} INFO - 26/01/20 05:03:49 INFO TaskSetManager: Starting task 7.0 in stage 3.0 (TID 36) (519d7d29de3d, executor driver, partition 7, PROCESS_LOCAL, 8251 bytes)
[2026-01-20T05:03:49.251+0000] {subprocess.py:93} INFO - 26/01/20 05:03:49 INFO TaskSetManager: Starting task 8.0 in stage 3.0 (TID 37) (519d7d29de3d, executor driver, partition 8, PROCESS_LOCAL, 8251 bytes)
[2026-01-20T05:03:49.252+0000] {subprocess.py:93} INFO - 26/01/20 05:03:49 INFO TaskSetManager: Starting task 9.0 in stage 3.0 (TID 38) (519d7d29de3d, executor driver, partition 9, PROCESS_LOCAL, 8251 bytes)
[2026-01-20T05:03:49.253+0000] {subprocess.py:93} INFO - 26/01/20 05:03:49 INFO TaskSetManager: Starting task 10.0 in stage 3.0 (TID 39) (519d7d29de3d, executor driver, partition 10, PROCESS_LOCAL, 8251 bytes)
[2026-01-20T05:03:49.254+0000] {subprocess.py:93} INFO - 26/01/20 05:03:49 INFO TaskSetManager: Starting task 11.0 in stage 3.0 (TID 40) (519d7d29de3d, executor driver, partition 11, PROCESS_LOCAL, 8251 bytes)
[2026-01-20T05:03:49.254+0000] {subprocess.py:93} INFO - 26/01/20 05:03:49 INFO TaskSetManager: Starting task 12.0 in stage 3.0 (TID 41) (519d7d29de3d, executor driver, partition 12, PROCESS_LOCAL, 8251 bytes)
[2026-01-20T05:03:49.255+0000] {subprocess.py:93} INFO - 26/01/20 05:03:49 INFO Executor: Running task 3.0 in stage 3.0 (TID 32)
[2026-01-20T05:03:49.256+0000] {subprocess.py:93} INFO - 26/01/20 05:03:49 INFO Executor: Running task 0.0 in stage 3.0 (TID 29)
[2026-01-20T05:03:49.258+0000] {subprocess.py:93} INFO - 26/01/20 05:03:49 INFO Executor: Running task 1.0 in stage 3.0 (TID 30)
[2026-01-20T05:03:49.259+0000] {subprocess.py:93} INFO - 26/01/20 05:03:49 INFO Executor: Running task 6.0 in stage 3.0 (TID 35)
[2026-01-20T05:03:49.260+0000] {subprocess.py:93} INFO - 26/01/20 05:03:49 INFO Executor: Running task 5.0 in stage 3.0 (TID 34)
[2026-01-20T05:03:49.261+0000] {subprocess.py:93} INFO - 26/01/20 05:03:49 INFO Executor: Running task 2.0 in stage 3.0 (TID 31)
[2026-01-20T05:03:49.262+0000] {subprocess.py:93} INFO - 26/01/20 05:03:49 INFO Executor: Running task 11.0 in stage 3.0 (TID 40)
[2026-01-20T05:03:49.263+0000] {subprocess.py:93} INFO - 26/01/20 05:03:49 INFO Executor: Running task 7.0 in stage 3.0 (TID 36)
[2026-01-20T05:03:49.265+0000] {subprocess.py:93} INFO - 26/01/20 05:03:49 INFO Executor: Running task 4.0 in stage 3.0 (TID 33)
[2026-01-20T05:03:49.265+0000] {subprocess.py:93} INFO - 26/01/20 05:03:49 INFO Executor: Running task 9.0 in stage 3.0 (TID 38)
[2026-01-20T05:03:49.267+0000] {subprocess.py:93} INFO - 26/01/20 05:03:49 INFO Executor: Running task 12.0 in stage 3.0 (TID 41)
[2026-01-20T05:03:49.268+0000] {subprocess.py:93} INFO - 26/01/20 05:03:49 INFO Executor: Running task 10.0 in stage 3.0 (TID 39)
[2026-01-20T05:03:49.270+0000] {subprocess.py:93} INFO - 26/01/20 05:03:49 INFO Executor: Running task 8.0 in stage 3.0 (TID 37)
[2026-01-20T05:03:49.402+0000] {subprocess.py:93} INFO - 26/01/20 05:03:49 INFO CodeGenerator: Code generated in 75.804284 ms
[2026-01-20T05:03:49.410+0000] {subprocess.py:93} INFO - 26/01/20 05:03:49 INFO FileOutputCommitter: File Output Committer Algorithm version is 1
[2026-01-20T05:03:49.411+0000] {subprocess.py:93} INFO - 26/01/20 05:03:49 INFO FileOutputCommitter: FileOutputCommitter skip cleanup _temporary folders under output directory:false, ignore cleanup failures: false
[2026-01-20T05:03:49.413+0000] {subprocess.py:93} INFO - 26/01/20 05:03:49 INFO FileOutputCommitter: File Output Committer Algorithm version is 1
[2026-01-20T05:03:49.415+0000] {subprocess.py:93} INFO - 26/01/20 05:03:49 INFO FileOutputCommitter: FileOutputCommitter skip cleanup _temporary folders under output directory:false, ignore cleanup failures: false
[2026-01-20T05:03:49.416+0000] {subprocess.py:93} INFO - 26/01/20 05:03:49 INFO FileOutputCommitter: File Output Committer Algorithm version is 1
[2026-01-20T05:03:49.416+0000] {subprocess.py:93} INFO - 26/01/20 05:03:49 INFO FileOutputCommitter: FileOutputCommitter skip cleanup _temporary folders under output directory:false, ignore cleanup failures: false
[2026-01-20T05:03:49.417+0000] {subprocess.py:93} INFO - 26/01/20 05:03:49 INFO SQLHadoopMapReduceCommitProtocol: Using output committer class org.apache.hadoop.mapreduce.lib.output.FileOutputCommitter
[2026-01-20T05:03:49.418+0000] {subprocess.py:93} INFO - 26/01/20 05:03:49 INFO SQLHadoopMapReduceCommitProtocol: Using output committer class org.apache.hadoop.mapreduce.lib.output.FileOutputCommitter
[2026-01-20T05:03:49.419+0000] {subprocess.py:93} INFO - 26/01/20 05:03:49 INFO SQLHadoopMapReduceCommitProtocol: Using output committer class org.apache.hadoop.mapreduce.lib.output.FileOutputCommitter
[2026-01-20T05:03:49.421+0000] {subprocess.py:93} INFO - 26/01/20 05:03:49 INFO FileScanRDD: Reading File path: file:///opt/spark-data/landing/transaction_events_1768879479.1820476.json, range: 50331648-51561162, partition values: [empty row]
[2026-01-20T05:03:49.422+0000] {subprocess.py:93} INFO - 26/01/20 05:03:49 INFO FileScanRDD: Reading File path: file:///opt/spark-data/landing/transaction_events_1768879479.1820476.json, range: 37748736-41943040, partition values: [empty row]
[2026-01-20T05:03:49.423+0000] {subprocess.py:93} INFO - 26/01/20 05:03:49 INFO FileScanRDD: Reading File path: file:///opt/spark-data/landing/transaction_events_1768879479.1820476.json, range: 20971520-25165824, partition values: [empty row]
[2026-01-20T05:03:49.424+0000] {subprocess.py:93} INFO - 26/01/20 05:03:49 INFO FileOutputCommitter: File Output Committer Algorithm version is 1
[2026-01-20T05:03:49.429+0000] {subprocess.py:93} INFO - 26/01/20 05:03:49 INFO FileOutputCommitter: FileOutputCommitter skip cleanup _temporary folders under output directory:false, ignore cleanup failures: false
[2026-01-20T05:03:49.430+0000] {subprocess.py:93} INFO - 26/01/20 05:03:49 INFO FileOutputCommitter: File Output Committer Algorithm version is 1
[2026-01-20T05:03:49.433+0000] {subprocess.py:93} INFO - 26/01/20 05:03:49 INFO FileOutputCommitter: FileOutputCommitter skip cleanup _temporary folders under output directory:false, ignore cleanup failures: false
[2026-01-20T05:03:49.434+0000] {subprocess.py:93} INFO - 26/01/20 05:03:49 INFO FileOutputCommitter: File Output Committer Algorithm version is 1
[2026-01-20T05:03:49.436+0000] {subprocess.py:93} INFO - 26/01/20 05:03:49 INFO FileOutputCommitter: FileOutputCommitter skip cleanup _temporary folders under output directory:false, ignore cleanup failures: false
[2026-01-20T05:03:49.437+0000] {subprocess.py:93} INFO - 26/01/20 05:03:49 INFO SQLHadoopMapReduceCommitProtocol: Using output committer class org.apache.hadoop.mapreduce.lib.output.FileOutputCommitter
[2026-01-20T05:03:49.438+0000] {subprocess.py:93} INFO - 26/01/20 05:03:49 INFO SQLHadoopMapReduceCommitProtocol: Using output committer class org.apache.hadoop.mapreduce.lib.output.FileOutputCommitter
[2026-01-20T05:03:49.440+0000] {subprocess.py:93} INFO - 26/01/20 05:03:49 INFO FileOutputCommitter: File Output Committer Algorithm version is 1
[2026-01-20T05:03:49.441+0000] {subprocess.py:93} INFO - 26/01/20 05:03:49 INFO SQLHadoopMapReduceCommitProtocol: Using output committer class org.apache.hadoop.mapreduce.lib.output.FileOutputCommitter
[2026-01-20T05:03:49.442+0000] {subprocess.py:93} INFO - 26/01/20 05:03:49 INFO FileScanRDD: Reading File path: file:///opt/spark-data/landing/transaction_events_1768879479.1820476.json, range: 12582912-16777216, partition values: [empty row]
[2026-01-20T05:03:49.442+0000] {subprocess.py:93} INFO - 26/01/20 05:03:49 INFO FileScanRDD: Reading File path: file:///opt/spark-data/landing/transaction_events_1768879479.1820476.json, range: 33554432-37748736, partition values: [empty row]
[2026-01-20T05:03:49.443+0000] {subprocess.py:93} INFO - 26/01/20 05:03:49 INFO FileOutputCommitter: File Output Committer Algorithm version is 1
[2026-01-20T05:03:49.444+0000] {subprocess.py:93} INFO - 26/01/20 05:03:49 INFO FileScanRDD: Reading File path: file:///opt/spark-data/landing/transaction_events_1768879479.1820476.json, range: 29360128-33554432, partition values: [empty row]
[2026-01-20T05:03:49.445+0000] {subprocess.py:93} INFO - 26/01/20 05:03:49 INFO FileOutputCommitter: FileOutputCommitter skip cleanup _temporary folders under output directory:false, ignore cleanup failures: false
[2026-01-20T05:03:49.446+0000] {subprocess.py:93} INFO - 26/01/20 05:03:49 INFO SQLHadoopMapReduceCommitProtocol: Using output committer class org.apache.hadoop.mapreduce.lib.output.FileOutputCommitter
[2026-01-20T05:03:49.447+0000] {subprocess.py:93} INFO - 26/01/20 05:03:49 INFO FileOutputCommitter: FileOutputCommitter skip cleanup _temporary folders under output directory:false, ignore cleanup failures: false
[2026-01-20T05:03:49.448+0000] {subprocess.py:93} INFO - 26/01/20 05:03:49 INFO FileOutputCommitter: File Output Committer Algorithm version is 1
[2026-01-20T05:03:49.449+0000] {subprocess.py:93} INFO - 26/01/20 05:03:49 INFO FileOutputCommitter: FileOutputCommitter skip cleanup _temporary folders under output directory:false, ignore cleanup failures: false
[2026-01-20T05:03:49.451+0000] {subprocess.py:93} INFO - 26/01/20 05:03:49 INFO SQLHadoopMapReduceCommitProtocol: Using output committer class org.apache.hadoop.mapreduce.lib.output.FileOutputCommitter
[2026-01-20T05:03:49.453+0000] {subprocess.py:93} INFO - 26/01/20 05:03:49 INFO SQLHadoopMapReduceCommitProtocol: Using output committer class org.apache.hadoop.mapreduce.lib.output.FileOutputCommitter
[2026-01-20T05:03:49.454+0000] {subprocess.py:93} INFO - 26/01/20 05:03:49 INFO FileScanRDD: Reading File path: file:///opt/spark-data/landing/transaction_events_1768879479.1820476.json, range: 8388608-12582912, partition values: [empty row]
[2026-01-20T05:03:49.455+0000] {subprocess.py:93} INFO - 26/01/20 05:03:49 INFO FileScanRDD: Reading File path: file:///opt/spark-data/landing/transaction_events_1768879479.1820476.json, range: 16777216-20971520, partition values: [empty row]
[2026-01-20T05:03:49.456+0000] {subprocess.py:93} INFO - 26/01/20 05:03:49 INFO FileOutputCommitter: File Output Committer Algorithm version is 1
[2026-01-20T05:03:49.459+0000] {subprocess.py:93} INFO - 26/01/20 05:03:49 INFO FileOutputCommitter: FileOutputCommitter skip cleanup _temporary folders under output directory:false, ignore cleanup failures: false
[2026-01-20T05:03:49.460+0000] {subprocess.py:93} INFO - 26/01/20 05:03:49 INFO FileOutputCommitter: File Output Committer Algorithm version is 1
[2026-01-20T05:03:49.461+0000] {subprocess.py:93} INFO - 26/01/20 05:03:49 INFO FileOutputCommitter: FileOutputCommitter skip cleanup _temporary folders under output directory:false, ignore cleanup failures: false
[2026-01-20T05:03:49.462+0000] {subprocess.py:93} INFO - 26/01/20 05:03:49 INFO SQLHadoopMapReduceCommitProtocol: Using output committer class org.apache.hadoop.mapreduce.lib.output.FileOutputCommitter
[2026-01-20T05:03:49.462+0000] {subprocess.py:93} INFO - 26/01/20 05:03:49 INFO SQLHadoopMapReduceCommitProtocol: Using output committer class org.apache.hadoop.mapreduce.lib.output.FileOutputCommitter
[2026-01-20T05:03:49.463+0000] {subprocess.py:93} INFO - 26/01/20 05:03:49 INFO FileScanRDD: Reading File path: file:///opt/spark-data/landing/transaction_events_1768879479.1820476.json, range: 25165824-29360128, partition values: [empty row]
[2026-01-20T05:03:49.465+0000] {subprocess.py:93} INFO - 26/01/20 05:03:49 INFO FileScanRDD: Reading File path: file:///opt/spark-data/landing/transaction_events_1768879479.1820476.json, range: 4194304-8388608, partition values: [empty row]
[2026-01-20T05:03:49.466+0000] {subprocess.py:93} INFO - 26/01/20 05:03:49 INFO FileOutputCommitter: File Output Committer Algorithm version is 1
[2026-01-20T05:03:49.467+0000] {subprocess.py:93} INFO - 26/01/20 05:03:49 INFO FileOutputCommitter: File Output Committer Algorithm version is 1
[2026-01-20T05:03:49.468+0000] {subprocess.py:93} INFO - 26/01/20 05:03:49 INFO FileOutputCommitter: FileOutputCommitter skip cleanup _temporary folders under output directory:false, ignore cleanup failures: false
[2026-01-20T05:03:49.469+0000] {subprocess.py:93} INFO - 26/01/20 05:03:49 INFO SQLHadoopMapReduceCommitProtocol: Using output committer class org.apache.hadoop.mapreduce.lib.output.FileOutputCommitter
[2026-01-20T05:03:49.471+0000] {subprocess.py:93} INFO - 26/01/20 05:03:49 INFO FileOutputCommitter: FileOutputCommitter skip cleanup _temporary folders under output directory:false, ignore cleanup failures: false
[2026-01-20T05:03:49.472+0000] {subprocess.py:93} INFO - 26/01/20 05:03:49 INFO FileScanRDD: Reading File path: file:///opt/spark-data/landing/transaction_events_1768879479.1820476.json, range: 41943040-46137344, partition values: [empty row]
[2026-01-20T05:03:49.474+0000] {subprocess.py:93} INFO - 26/01/20 05:03:49 INFO SQLHadoopMapReduceCommitProtocol: Using output committer class org.apache.hadoop.mapreduce.lib.output.FileOutputCommitter
[2026-01-20T05:03:49.475+0000] {subprocess.py:93} INFO - 26/01/20 05:03:49 INFO FileScanRDD: Reading File path: file:///opt/spark-data/landing/transaction_events_1768879479.1820476.json, range: 46137344-50331648, partition values: [empty row]
[2026-01-20T05:03:49.476+0000] {subprocess.py:93} INFO - 26/01/20 05:03:49 INFO CodeGenerator: Code generated in 24.621164 ms
[2026-01-20T05:03:49.477+0000] {subprocess.py:93} INFO - 26/01/20 05:03:49 INFO CodeGenerator: Code generated in 8.803888 ms
[2026-01-20T05:03:49.675+0000] {subprocess.py:93} INFO - 26/01/20 05:03:49 INFO FileScanRDD: Reading File path: file:///opt/spark-data/landing/transaction_events_1768879479.1820476.json, range: 0-4194304, partition values: [empty row]
[2026-01-20T05:03:50.047+0000] {subprocess.py:93} INFO - 26/01/20 05:03:50 INFO FileOutputCommitter: Saved output of task 'attempt_202601200503491027314010394619794_0003_m_000012_41' to file:/opt/spark-data/gold/advertising/_temporary/0/task_202601200503491027314010394619794_0003_m_000012
[2026-01-20T05:03:50.052+0000] {subprocess.py:93} INFO - 26/01/20 05:03:50 INFO SparkHadoopMapRedUtil: attempt_202601200503491027314010394619794_0003_m_000012_41: Committed. Elapsed time: 46 ms.
[2026-01-20T05:03:50.074+0000] {subprocess.py:93} INFO - 26/01/20 05:03:50 INFO Executor: Finished task 12.0 in stage 3.0 (TID 41). 2936 bytes result sent to driver
[2026-01-20T05:03:50.080+0000] {subprocess.py:93} INFO - 26/01/20 05:03:50 INFO TaskSetManager: Finished task 12.0 in stage 3.0 (TID 41) in 828 ms on 519d7d29de3d (executor driver) (1/13)
[2026-01-20T05:03:50.130+0000] {subprocess.py:93} INFO - 26/01/20 05:03:50 INFO BlockManagerInfo: Removed broadcast_1_piece0 on 519d7d29de3d:33325 in memory (size: 7.5 KiB, free: 432.7 MiB)
[2026-01-20T05:03:50.153+0000] {subprocess.py:93} INFO - 26/01/20 05:03:50 INFO BlockManagerInfo: Removed broadcast_0_piece0 on 519d7d29de3d:33325 in memory (size: 34.2 KiB, free: 432.7 MiB)
[2026-01-20T05:03:50.388+0000] {subprocess.py:93} INFO - 26/01/20 05:03:50 INFO FileOutputCommitter: Saved output of task 'attempt_202601200503491027314010394619794_0003_m_000007_36' to file:/opt/spark-data/gold/advertising/_temporary/0/task_202601200503491027314010394619794_0003_m_000007
[2026-01-20T05:03:50.390+0000] {subprocess.py:93} INFO - 26/01/20 05:03:50 INFO SparkHadoopMapRedUtil: attempt_202601200503491027314010394619794_0003_m_000007_36: Committed. Elapsed time: 40 ms.
[2026-01-20T05:03:50.392+0000] {subprocess.py:93} INFO - 26/01/20 05:03:50 INFO Executor: Finished task 7.0 in stage 3.0 (TID 36). 2893 bytes result sent to driver
[2026-01-20T05:03:50.395+0000] {subprocess.py:93} INFO - 26/01/20 05:03:50 INFO TaskSetManager: Finished task 7.0 in stage 3.0 (TID 36) in 1146 ms on 519d7d29de3d (executor driver) (2/13)
[2026-01-20T05:03:50.395+0000] {subprocess.py:93} INFO - 26/01/20 05:03:50 INFO FileOutputCommitter: Saved output of task 'attempt_202601200503491027314010394619794_0003_m_000010_39' to file:/opt/spark-data/gold/advertising/_temporary/0/task_202601200503491027314010394619794_0003_m_000010
[2026-01-20T05:03:50.397+0000] {subprocess.py:93} INFO - 26/01/20 05:03:50 INFO SparkHadoopMapRedUtil: attempt_202601200503491027314010394619794_0003_m_000010_39: Committed. Elapsed time: 47 ms.
[2026-01-20T05:03:50.398+0000] {subprocess.py:93} INFO - 26/01/20 05:03:50 INFO Executor: Finished task 10.0 in stage 3.0 (TID 39). 2936 bytes result sent to driver
[2026-01-20T05:03:50.400+0000] {subprocess.py:93} INFO - 26/01/20 05:03:50 INFO TaskSetManager: Finished task 10.0 in stage 3.0 (TID 39) in 1151 ms on 519d7d29de3d (executor driver) (3/13)
[2026-01-20T05:03:50.401+0000] {subprocess.py:93} INFO - 26/01/20 05:03:50 INFO FileOutputCommitter: Saved output of task 'attempt_202601200503491027314010394619794_0003_m_000001_30' to file:/opt/spark-data/gold/advertising/_temporary/0/task_202601200503491027314010394619794_0003_m_000001
[2026-01-20T05:03:50.402+0000] {subprocess.py:93} INFO - 26/01/20 05:03:50 INFO SparkHadoopMapRedUtil: attempt_202601200503491027314010394619794_0003_m_000001_30: Committed. Elapsed time: 47 ms.
[2026-01-20T05:03:50.403+0000] {subprocess.py:93} INFO - 26/01/20 05:03:50 INFO Executor: Finished task 1.0 in stage 3.0 (TID 30). 2893 bytes result sent to driver
[2026-01-20T05:03:50.404+0000] {subprocess.py:93} INFO - 26/01/20 05:03:50 INFO TaskSetManager: Finished task 1.0 in stage 3.0 (TID 30) in 1159 ms on 519d7d29de3d (executor driver) (4/13)
[2026-01-20T05:03:50.407+0000] {subprocess.py:93} INFO - 26/01/20 05:03:50 INFO FileOutputCommitter: Saved output of task 'attempt_202601200503491027314010394619794_0003_m_000002_31' to file:/opt/spark-data/gold/advertising/_temporary/0/task_202601200503491027314010394619794_0003_m_000002
[2026-01-20T05:03:50.407+0000] {subprocess.py:93} INFO - 26/01/20 05:03:50 INFO SparkHadoopMapRedUtil: attempt_202601200503491027314010394619794_0003_m_000002_31: Committed. Elapsed time: 52 ms.
[2026-01-20T05:03:50.408+0000] {subprocess.py:93} INFO - 26/01/20 05:03:50 INFO Executor: Finished task 2.0 in stage 3.0 (TID 31). 2893 bytes result sent to driver
[2026-01-20T05:03:50.409+0000] {subprocess.py:93} INFO - 26/01/20 05:03:50 INFO TaskSetManager: Finished task 2.0 in stage 3.0 (TID 31) in 1163 ms on 519d7d29de3d (executor driver) (5/13)
[2026-01-20T05:03:50.411+0000] {subprocess.py:93} INFO - 26/01/20 05:03:50 INFO FileOutputCommitter: Saved output of task 'attempt_202601200503491027314010394619794_0003_m_000009_38' to file:/opt/spark-data/gold/advertising/_temporary/0/task_202601200503491027314010394619794_0003_m_000009
[2026-01-20T05:03:50.412+0000] {subprocess.py:93} INFO - 26/01/20 05:03:50 INFO SparkHadoopMapRedUtil: attempt_202601200503491027314010394619794_0003_m_000009_38: Committed. Elapsed time: 53 ms.
[2026-01-20T05:03:50.413+0000] {subprocess.py:93} INFO - 26/01/20 05:03:50 INFO Executor: Finished task 9.0 in stage 3.0 (TID 38). 2893 bytes result sent to driver
[2026-01-20T05:03:50.413+0000] {subprocess.py:93} INFO - 26/01/20 05:03:50 INFO TaskSetManager: Finished task 9.0 in stage 3.0 (TID 38) in 1164 ms on 519d7d29de3d (executor driver) (6/13)
[2026-01-20T05:03:50.416+0000] {subprocess.py:93} INFO - 26/01/20 05:03:50 INFO FileOutputCommitter: Saved output of task 'attempt_202601200503491027314010394619794_0003_m_000005_34' to file:/opt/spark-data/gold/advertising/_temporary/0/task_202601200503491027314010394619794_0003_m_000005
[2026-01-20T05:03:50.417+0000] {subprocess.py:93} INFO - 26/01/20 05:03:50 INFO SparkHadoopMapRedUtil: attempt_202601200503491027314010394619794_0003_m_000005_34: Committed. Elapsed time: 59 ms.
[2026-01-20T05:03:50.417+0000] {subprocess.py:93} INFO - 26/01/20 05:03:50 INFO Executor: Finished task 5.0 in stage 3.0 (TID 34). 2893 bytes result sent to driver
[2026-01-20T05:03:50.419+0000] {subprocess.py:93} INFO - 26/01/20 05:03:50 INFO TaskSetManager: Finished task 5.0 in stage 3.0 (TID 34) in 1171 ms on 519d7d29de3d (executor driver) (7/13)
[2026-01-20T05:03:50.421+0000] {subprocess.py:93} INFO - 26/01/20 05:03:50 INFO FileOutputCommitter: Saved output of task 'attempt_202601200503491027314010394619794_0003_m_000011_40' to file:/opt/spark-data/gold/advertising/_temporary/0/task_202601200503491027314010394619794_0003_m_000011
[2026-01-20T05:03:50.421+0000] {subprocess.py:93} INFO - 26/01/20 05:03:50 INFO SparkHadoopMapRedUtil: attempt_202601200503491027314010394619794_0003_m_000011_40: Committed. Elapsed time: 59 ms.
[2026-01-20T05:03:50.422+0000] {subprocess.py:93} INFO - 26/01/20 05:03:50 INFO Executor: Finished task 11.0 in stage 3.0 (TID 40). 2893 bytes result sent to driver
[2026-01-20T05:03:50.423+0000] {subprocess.py:93} INFO - 26/01/20 05:03:50 INFO TaskSetManager: Finished task 11.0 in stage 3.0 (TID 40) in 1174 ms on 519d7d29de3d (executor driver) (8/13)
[2026-01-20T05:03:50.427+0000] {subprocess.py:93} INFO - 26/01/20 05:03:50 INFO FileOutputCommitter: Saved output of task 'attempt_202601200503491027314010394619794_0003_m_000003_32' to file:/opt/spark-data/gold/advertising/_temporary/0/task_202601200503491027314010394619794_0003_m_000003
[2026-01-20T05:03:50.427+0000] {subprocess.py:93} INFO - 26/01/20 05:03:50 INFO SparkHadoopMapRedUtil: attempt_202601200503491027314010394619794_0003_m_000003_32: Committed. Elapsed time: 66 ms.
[2026-01-20T05:03:50.429+0000] {subprocess.py:93} INFO - 26/01/20 05:03:50 INFO Executor: Finished task 3.0 in stage 3.0 (TID 32). 2893 bytes result sent to driver
[2026-01-20T05:03:50.430+0000] {subprocess.py:93} INFO - 26/01/20 05:03:50 INFO TaskSetManager: Finished task 3.0 in stage 3.0 (TID 32) in 1184 ms on 519d7d29de3d (executor driver) (9/13)
[2026-01-20T05:03:50.433+0000] {subprocess.py:93} INFO - 26/01/20 05:03:50 INFO FileOutputCommitter: Saved output of task 'attempt_202601200503491027314010394619794_0003_m_000006_35' to file:/opt/spark-data/gold/advertising/_temporary/0/task_202601200503491027314010394619794_0003_m_000006
[2026-01-20T05:03:50.434+0000] {subprocess.py:93} INFO - 26/01/20 05:03:50 INFO SparkHadoopMapRedUtil: attempt_202601200503491027314010394619794_0003_m_000006_35: Committed. Elapsed time: 71 ms.
[2026-01-20T05:03:50.435+0000] {subprocess.py:93} INFO - 26/01/20 05:03:50 INFO Executor: Finished task 6.0 in stage 3.0 (TID 35). 2893 bytes result sent to driver
[2026-01-20T05:03:50.436+0000] {subprocess.py:93} INFO - 26/01/20 05:03:50 INFO TaskSetManager: Finished task 6.0 in stage 3.0 (TID 35) in 1187 ms on 519d7d29de3d (executor driver) (10/13)
[2026-01-20T05:03:50.438+0000] {subprocess.py:93} INFO - 26/01/20 05:03:50 INFO FileOutputCommitter: Saved output of task 'attempt_202601200503491027314010394619794_0003_m_000000_29' to file:/opt/spark-data/gold/advertising/_temporary/0/task_202601200503491027314010394619794_0003_m_000000
[2026-01-20T05:03:50.439+0000] {subprocess.py:93} INFO - 26/01/20 05:03:50 INFO SparkHadoopMapRedUtil: attempt_202601200503491027314010394619794_0003_m_000000_29: Committed. Elapsed time: 68 ms.
[2026-01-20T05:03:50.439+0000] {subprocess.py:93} INFO - 26/01/20 05:03:50 INFO Executor: Finished task 0.0 in stage 3.0 (TID 29). 2893 bytes result sent to driver
[2026-01-20T05:03:50.441+0000] {subprocess.py:93} INFO - 26/01/20 05:03:50 INFO TaskSetManager: Finished task 0.0 in stage 3.0 (TID 29) in 1196 ms on 519d7d29de3d (executor driver) (11/13)
[2026-01-20T05:03:50.443+0000] {subprocess.py:93} INFO - 26/01/20 05:03:50 INFO FileOutputCommitter: Saved output of task 'attempt_202601200503491027314010394619794_0003_m_000008_37' to file:/opt/spark-data/gold/advertising/_temporary/0/task_202601200503491027314010394619794_0003_m_000008
[2026-01-20T05:03:50.444+0000] {subprocess.py:93} INFO - 26/01/20 05:03:50 INFO SparkHadoopMapRedUtil: attempt_202601200503491027314010394619794_0003_m_000008_37: Committed. Elapsed time: 73 ms.
[2026-01-20T05:03:50.445+0000] {subprocess.py:93} INFO - 26/01/20 05:03:50 INFO Executor: Finished task 8.0 in stage 3.0 (TID 37). 2893 bytes result sent to driver
[2026-01-20T05:03:50.446+0000] {subprocess.py:93} INFO - 26/01/20 05:03:50 INFO TaskSetManager: Finished task 8.0 in stage 3.0 (TID 37) in 1198 ms on 519d7d29de3d (executor driver) (12/13)
[2026-01-20T05:03:50.450+0000] {subprocess.py:93} INFO - 26/01/20 05:03:50 INFO FileOutputCommitter: Saved output of task 'attempt_202601200503491027314010394619794_0003_m_000004_33' to file:/opt/spark-data/gold/advertising/_temporary/0/task_202601200503491027314010394619794_0003_m_000004
[2026-01-20T05:03:50.451+0000] {subprocess.py:93} INFO - 26/01/20 05:03:50 INFO SparkHadoopMapRedUtil: attempt_202601200503491027314010394619794_0003_m_000004_33: Committed. Elapsed time: 79 ms.
[2026-01-20T05:03:50.451+0000] {subprocess.py:93} INFO - 26/01/20 05:03:50 INFO Executor: Finished task 4.0 in stage 3.0 (TID 33). 2893 bytes result sent to driver
[2026-01-20T05:03:50.453+0000] {subprocess.py:93} INFO - 26/01/20 05:03:50 INFO TaskSetManager: Finished task 4.0 in stage 3.0 (TID 33) in 1205 ms on 519d7d29de3d (executor driver) (13/13)
[2026-01-20T05:03:50.453+0000] {subprocess.py:93} INFO - 26/01/20 05:03:50 INFO TaskSchedulerImpl: Removed TaskSet 3.0, whose tasks have all completed, from pool
[2026-01-20T05:03:50.454+0000] {subprocess.py:93} INFO - 26/01/20 05:03:50 INFO DAGScheduler: ResultStage 3 (csv at NativeMethodAccessorImpl.java:0) finished in 1.252 s
[2026-01-20T05:03:50.455+0000] {subprocess.py:93} INFO - 26/01/20 05:03:50 INFO DAGScheduler: Job 3 is finished. Cancelling potential speculative or zombie tasks for this job
[2026-01-20T05:03:50.456+0000] {subprocess.py:93} INFO - 26/01/20 05:03:50 INFO TaskSchedulerImpl: Killing all running tasks in stage 3: Stage finished
[2026-01-20T05:03:50.457+0000] {subprocess.py:93} INFO - 26/01/20 05:03:50 INFO DAGScheduler: Job 3 finished: csv at NativeMethodAccessorImpl.java:0, took 1.256657 s
[2026-01-20T05:03:50.457+0000] {subprocess.py:93} INFO - 26/01/20 05:03:50 INFO FileFormatWriter: Start to commit write Job b513678b-c501-437e-bcda-29eae848a0b1.
[2026-01-20T05:03:51.518+0000] {subprocess.py:93} INFO - 26/01/20 05:03:51 INFO FileFormatWriter: Write Job b513678b-c501-437e-bcda-29eae848a0b1 committed. Elapsed time: 1059 ms.
[2026-01-20T05:03:51.521+0000] {subprocess.py:93} INFO - 26/01/20 05:03:51 INFO FileFormatWriter: Finished processing stats for write job b513678b-c501-437e-bcda-29eae848a0b1.
[2026-01-20T05:03:51.742+0000] {subprocess.py:93} INFO - 26/01/20 05:03:51 INFO FileSourceStrategy: Pushed Filters:
[2026-01-20T05:03:51.743+0000] {subprocess.py:93} INFO - 26/01/20 05:03:51 INFO FileSourceStrategy: Post-Scan Filters:
[2026-01-20T05:03:51.818+0000] {subprocess.py:93} INFO - 26/01/20 05:03:51 INFO CodeGenerator: Code generated in 16.027809 ms
[2026-01-20T05:03:51.825+0000] {subprocess.py:93} INFO - 26/01/20 05:03:51 INFO MemoryStore: Block broadcast_9 stored as values in memory (estimated size 199.1 KiB, free 422.9 MiB)
[2026-01-20T05:03:51.839+0000] {subprocess.py:93} INFO - 26/01/20 05:03:51 INFO MemoryStore: Block broadcast_9_piece0 stored as bytes in memory (estimated size 34.2 KiB, free 422.9 MiB)
[2026-01-20T05:03:51.841+0000] {subprocess.py:93} INFO - 26/01/20 05:03:51 INFO BlockManagerInfo: Added broadcast_9_piece0 in memory on 519d7d29de3d:33325 (size: 34.2 KiB, free: 432.7 MiB)
[2026-01-20T05:03:51.842+0000] {subprocess.py:93} INFO - 26/01/20 05:03:51 INFO SparkContext: Created broadcast 9 from csv at NativeMethodAccessorImpl.java:0
[2026-01-20T05:03:51.844+0000] {subprocess.py:93} INFO - 26/01/20 05:03:51 INFO FileSourceScanExec: Planning scan with bin packing, max size: 4194304 bytes, open cost is considered as scanning 4194304 bytes.
[2026-01-20T05:03:51.891+0000] {subprocess.py:93} INFO - 26/01/20 05:03:51 INFO DAGScheduler: Registering RDD 19 (csv at NativeMethodAccessorImpl.java:0) as input to shuffle 0
[2026-01-20T05:03:51.897+0000] {subprocess.py:93} INFO - 26/01/20 05:03:51 INFO DAGScheduler: Got map stage job 4 (csv at NativeMethodAccessorImpl.java:0) with 13 output partitions
[2026-01-20T05:03:51.897+0000] {subprocess.py:93} INFO - 26/01/20 05:03:51 INFO DAGScheduler: Final stage: ShuffleMapStage 4 (csv at NativeMethodAccessorImpl.java:0)
[2026-01-20T05:03:51.898+0000] {subprocess.py:93} INFO - 26/01/20 05:03:51 INFO DAGScheduler: Parents of final stage: List()
[2026-01-20T05:03:51.899+0000] {subprocess.py:93} INFO - 26/01/20 05:03:51 INFO DAGScheduler: Missing parents: List()
[2026-01-20T05:03:51.900+0000] {subprocess.py:93} INFO - 26/01/20 05:03:51 INFO DAGScheduler: Submitting ShuffleMapStage 4 (MapPartitionsRDD[19] at csv at NativeMethodAccessorImpl.java:0), which has no missing parents
[2026-01-20T05:03:51.922+0000] {subprocess.py:93} INFO - 26/01/20 05:03:51 INFO MemoryStore: Block broadcast_10 stored as values in memory (estimated size 18.5 KiB, free 422.8 MiB)
[2026-01-20T05:03:51.923+0000] {subprocess.py:93} INFO - 26/01/20 05:03:51 INFO MemoryStore: Block broadcast_10_piece0 stored as bytes in memory (estimated size 8.8 KiB, free 422.8 MiB)
[2026-01-20T05:03:51.925+0000] {subprocess.py:93} INFO - 26/01/20 05:03:51 INFO BlockManagerInfo: Added broadcast_10_piece0 in memory on 519d7d29de3d:33325 (size: 8.8 KiB, free: 432.7 MiB)
[2026-01-20T05:03:51.927+0000] {subprocess.py:93} INFO - 26/01/20 05:03:51 INFO SparkContext: Created broadcast 10 from broadcast at DAGScheduler.scala:1580
[2026-01-20T05:03:51.929+0000] {subprocess.py:93} INFO - 26/01/20 05:03:51 INFO DAGScheduler: Submitting 13 missing tasks from ShuffleMapStage 4 (MapPartitionsRDD[19] at csv at NativeMethodAccessorImpl.java:0) (first 15 tasks are for partitions Vector(0, 1, 2, 3, 4, 5, 6, 7, 8, 9, 10, 11, 12))
[2026-01-20T05:03:51.930+0000] {subprocess.py:93} INFO - 26/01/20 05:03:51 INFO TaskSchedulerImpl: Adding task set 4.0 with 13 tasks resource profile 0
[2026-01-20T05:03:51.933+0000] {subprocess.py:93} INFO - 26/01/20 05:03:51 INFO TaskSetManager: Starting task 0.0 in stage 4.0 (TID 42) (519d7d29de3d, executor driver, partition 0, PROCESS_LOCAL, 8240 bytes)
[2026-01-20T05:03:51.934+0000] {subprocess.py:93} INFO - 26/01/20 05:03:51 INFO TaskSetManager: Starting task 1.0 in stage 4.0 (TID 43) (519d7d29de3d, executor driver, partition 1, PROCESS_LOCAL, 8240 bytes)
[2026-01-20T05:03:51.935+0000] {subprocess.py:93} INFO - 26/01/20 05:03:51 INFO TaskSetManager: Starting task 2.0 in stage 4.0 (TID 44) (519d7d29de3d, executor driver, partition 2, PROCESS_LOCAL, 8240 bytes)
[2026-01-20T05:03:51.936+0000] {subprocess.py:93} INFO - 26/01/20 05:03:51 INFO TaskSetManager: Starting task 3.0 in stage 4.0 (TID 45) (519d7d29de3d, executor driver, partition 3, PROCESS_LOCAL, 8240 bytes)
[2026-01-20T05:03:51.937+0000] {subprocess.py:93} INFO - 26/01/20 05:03:51 INFO TaskSetManager: Starting task 4.0 in stage 4.0 (TID 46) (519d7d29de3d, executor driver, partition 4, PROCESS_LOCAL, 8240 bytes)
[2026-01-20T05:03:51.938+0000] {subprocess.py:93} INFO - 26/01/20 05:03:51 INFO TaskSetManager: Starting task 5.0 in stage 4.0 (TID 47) (519d7d29de3d, executor driver, partition 5, PROCESS_LOCAL, 8240 bytes)
[2026-01-20T05:03:51.939+0000] {subprocess.py:93} INFO - 26/01/20 05:03:51 INFO TaskSetManager: Starting task 6.0 in stage 4.0 (TID 48) (519d7d29de3d, executor driver, partition 6, PROCESS_LOCAL, 8240 bytes)
[2026-01-20T05:03:51.940+0000] {subprocess.py:93} INFO - 26/01/20 05:03:51 INFO TaskSetManager: Starting task 7.0 in stage 4.0 (TID 49) (519d7d29de3d, executor driver, partition 7, PROCESS_LOCAL, 8240 bytes)
[2026-01-20T05:03:51.940+0000] {subprocess.py:93} INFO - 26/01/20 05:03:51 INFO TaskSetManager: Starting task 8.0 in stage 4.0 (TID 50) (519d7d29de3d, executor driver, partition 8, PROCESS_LOCAL, 8240 bytes)
[2026-01-20T05:03:51.941+0000] {subprocess.py:93} INFO - 26/01/20 05:03:51 INFO TaskSetManager: Starting task 9.0 in stage 4.0 (TID 51) (519d7d29de3d, executor driver, partition 9, PROCESS_LOCAL, 8240 bytes)
[2026-01-20T05:03:51.942+0000] {subprocess.py:93} INFO - 26/01/20 05:03:51 INFO TaskSetManager: Starting task 10.0 in stage 4.0 (TID 52) (519d7d29de3d, executor driver, partition 10, PROCESS_LOCAL, 8240 bytes)
[2026-01-20T05:03:51.943+0000] {subprocess.py:93} INFO - 26/01/20 05:03:51 INFO TaskSetManager: Starting task 11.0 in stage 4.0 (TID 53) (519d7d29de3d, executor driver, partition 11, PROCESS_LOCAL, 8240 bytes)
[2026-01-20T05:03:51.945+0000] {subprocess.py:93} INFO - 26/01/20 05:03:51 INFO TaskSetManager: Starting task 12.0 in stage 4.0 (TID 54) (519d7d29de3d, executor driver, partition 12, PROCESS_LOCAL, 8240 bytes)
[2026-01-20T05:03:51.946+0000] {subprocess.py:93} INFO - 26/01/20 05:03:51 INFO Executor: Running task 0.0 in stage 4.0 (TID 42)
[2026-01-20T05:03:51.947+0000] {subprocess.py:93} INFO - 26/01/20 05:03:51 INFO Executor: Running task 1.0 in stage 4.0 (TID 43)
[2026-01-20T05:03:51.948+0000] {subprocess.py:93} INFO - 26/01/20 05:03:51 INFO Executor: Running task 3.0 in stage 4.0 (TID 45)
[2026-01-20T05:03:51.949+0000] {subprocess.py:93} INFO - 26/01/20 05:03:51 INFO Executor: Running task 6.0 in stage 4.0 (TID 48)
[2026-01-20T05:03:51.950+0000] {subprocess.py:93} INFO - 26/01/20 05:03:51 INFO Executor: Running task 4.0 in stage 4.0 (TID 46)
[2026-01-20T05:03:51.951+0000] {subprocess.py:93} INFO - 26/01/20 05:03:51 INFO Executor: Running task 5.0 in stage 4.0 (TID 47)
[2026-01-20T05:03:51.952+0000] {subprocess.py:93} INFO - 26/01/20 05:03:51 INFO Executor: Running task 2.0 in stage 4.0 (TID 44)
[2026-01-20T05:03:51.953+0000] {subprocess.py:93} INFO - 26/01/20 05:03:51 INFO Executor: Running task 8.0 in stage 4.0 (TID 50)
[2026-01-20T05:03:51.954+0000] {subprocess.py:93} INFO - 26/01/20 05:03:51 INFO Executor: Running task 7.0 in stage 4.0 (TID 49)
[2026-01-20T05:03:51.954+0000] {subprocess.py:93} INFO - 26/01/20 05:03:51 INFO Executor: Running task 10.0 in stage 4.0 (TID 52)
[2026-01-20T05:03:51.955+0000] {subprocess.py:93} INFO - 26/01/20 05:03:51 INFO Executor: Running task 9.0 in stage 4.0 (TID 51)
[2026-01-20T05:03:51.956+0000] {subprocess.py:93} INFO - 26/01/20 05:03:51 INFO Executor: Running task 11.0 in stage 4.0 (TID 53)
[2026-01-20T05:03:51.957+0000] {subprocess.py:93} INFO - 26/01/20 05:03:51 INFO Executor: Running task 12.0 in stage 4.0 (TID 54)
[2026-01-20T05:03:51.973+0000] {subprocess.py:93} INFO - 26/01/20 05:03:51 INFO CodeGenerator: Code generated in 12.318828 ms
[2026-01-20T05:03:52.006+0000] {subprocess.py:93} INFO - 26/01/20 05:03:52 INFO CodeGenerator: Code generated in 21.744364 ms
[2026-01-20T05:03:52.022+0000] {subprocess.py:93} INFO - 26/01/20 05:03:52 INFO FileScanRDD: Reading File path: file:///opt/spark-data/landing/transaction_events_1768879479.1820476.json, range: 25165824-29360128, partition values: [empty row]
[2026-01-20T05:03:52.023+0000] {subprocess.py:93} INFO - 26/01/20 05:03:52 INFO FileScanRDD: Reading File path: file:///opt/spark-data/landing/transaction_events_1768879479.1820476.json, range: 16777216-20971520, partition values: [empty row]
[2026-01-20T05:03:52.024+0000] {subprocess.py:93} INFO - 26/01/20 05:03:52 INFO FileScanRDD: Reading File path: file:///opt/spark-data/landing/transaction_events_1768879479.1820476.json, range: 12582912-16777216, partition values: [empty row]
[2026-01-20T05:03:52.026+0000] {subprocess.py:93} INFO - 26/01/20 05:03:52 INFO FileScanRDD: Reading File path: file:///opt/spark-data/landing/transaction_events_1768879479.1820476.json, range: 8388608-12582912, partition values: [empty row]
[2026-01-20T05:03:52.028+0000] {subprocess.py:93} INFO - 26/01/20 05:03:52 INFO FileScanRDD: Reading File path: file:///opt/spark-data/landing/transaction_events_1768879479.1820476.json, range: 4194304-8388608, partition values: [empty row]
[2026-01-20T05:03:52.029+0000] {subprocess.py:93} INFO - 26/01/20 05:03:52 INFO FileScanRDD: Reading File path: file:///opt/spark-data/landing/transaction_events_1768879479.1820476.json, range: 29360128-33554432, partition values: [empty row]
[2026-01-20T05:03:52.031+0000] {subprocess.py:93} INFO - 26/01/20 05:03:52 INFO FileScanRDD: Reading File path: file:///opt/spark-data/landing/transaction_events_1768879479.1820476.json, range: 50331648-51561162, partition values: [empty row]
[2026-01-20T05:03:52.033+0000] {subprocess.py:93} INFO - 26/01/20 05:03:52 INFO FileScanRDD: Reading File path: file:///opt/spark-data/landing/transaction_events_1768879479.1820476.json, range: 37748736-41943040, partition values: [empty row]
[2026-01-20T05:03:52.034+0000] {subprocess.py:93} INFO - 26/01/20 05:03:52 INFO FileScanRDD: Reading File path: file:///opt/spark-data/landing/transaction_events_1768879479.1820476.json, range: 0-4194304, partition values: [empty row]
[2026-01-20T05:03:52.035+0000] {subprocess.py:93} INFO - 26/01/20 05:03:52 INFO FileScanRDD: Reading File path: file:///opt/spark-data/landing/transaction_events_1768879479.1820476.json, range: 20971520-25165824, partition values: [empty row]
[2026-01-20T05:03:52.036+0000] {subprocess.py:93} INFO - 26/01/20 05:03:52 INFO FileScanRDD: Reading File path: file:///opt/spark-data/landing/transaction_events_1768879479.1820476.json, range: 46137344-50331648, partition values: [empty row]
[2026-01-20T05:03:52.037+0000] {subprocess.py:93} INFO - 26/01/20 05:03:52 INFO FileScanRDD: Reading File path: file:///opt/spark-data/landing/transaction_events_1768879479.1820476.json, range: 33554432-37748736, partition values: [empty row]
[2026-01-20T05:03:52.038+0000] {subprocess.py:93} INFO - 26/01/20 05:03:52 INFO FileScanRDD: Reading File path: file:///opt/spark-data/landing/transaction_events_1768879479.1820476.json, range: 41943040-46137344, partition values: [empty row]
[2026-01-20T05:03:52.046+0000] {subprocess.py:93} INFO - 26/01/20 05:03:52 INFO CodeGenerator: Code generated in 19.212485 ms
[2026-01-20T05:03:52.725+0000] {subprocess.py:93} INFO - 26/01/20 05:03:52 INFO BlockManagerInfo: Removed broadcast_8_piece0 on 519d7d29de3d:33325 in memory (size: 82.8 KiB, free: 432.8 MiB)
[2026-01-20T05:03:52.771+0000] {subprocess.py:93} INFO - 26/01/20 05:03:52 INFO BlockManagerInfo: Removed broadcast_6_piece0 on 519d7d29de3d:33325 in memory (size: 1578.1 KiB, free: 434.3 MiB)
[2026-01-20T05:03:52.782+0000] {subprocess.py:93} INFO - 26/01/20 05:03:52 INFO BlockManagerInfo: Removed broadcast_4_piece0 on 519d7d29de3d:33325 in memory (size: 34.2 KiB, free: 434.3 MiB)
[2026-01-20T05:03:52.789+0000] {subprocess.py:93} INFO - 26/01/20 05:03:52 INFO BlockManagerInfo: Removed broadcast_7_piece0 on 519d7d29de3d:33325 in memory (size: 34.2 KiB, free: 434.4 MiB)
[2026-01-20T05:03:52.854+0000] {subprocess.py:93} INFO - 26/01/20 05:03:52 INFO Executor: Finished task 12.0 in stage 4.0 (TID 54). 2075 bytes result sent to driver
[2026-01-20T05:03:52.856+0000] {subprocess.py:93} INFO - 26/01/20 05:03:52 INFO TaskSetManager: Finished task 12.0 in stage 4.0 (TID 54) in 916 ms on 519d7d29de3d (executor driver) (1/13)
[2026-01-20T05:03:53.108+0000] {subprocess.py:93} INFO - 26/01/20 05:03:53 INFO Executor: Finished task 3.0 in stage 4.0 (TID 45). 2032 bytes result sent to driver
[2026-01-20T05:03:53.110+0000] {subprocess.py:93} INFO - 26/01/20 05:03:53 INFO TaskSetManager: Finished task 3.0 in stage 4.0 (TID 45) in 1174 ms on 519d7d29de3d (executor driver) (2/13)
[2026-01-20T05:03:53.117+0000] {subprocess.py:93} INFO - 26/01/20 05:03:53 INFO Executor: Finished task 7.0 in stage 4.0 (TID 49). 2032 bytes result sent to driver
[2026-01-20T05:03:53.118+0000] {subprocess.py:93} INFO - 26/01/20 05:03:53 INFO Executor: Finished task 1.0 in stage 4.0 (TID 43). 2032 bytes result sent to driver
[2026-01-20T05:03:53.119+0000] {subprocess.py:93} INFO - 26/01/20 05:03:53 INFO Executor: Finished task 0.0 in stage 4.0 (TID 42). 2032 bytes result sent to driver
[2026-01-20T05:03:53.120+0000] {subprocess.py:93} INFO - 26/01/20 05:03:53 INFO Executor: Finished task 6.0 in stage 4.0 (TID 48). 2032 bytes result sent to driver
[2026-01-20T05:03:53.120+0000] {subprocess.py:93} INFO - 26/01/20 05:03:53 INFO TaskSetManager: Finished task 7.0 in stage 4.0 (TID 49) in 1183 ms on 519d7d29de3d (executor driver) (3/13)
[2026-01-20T05:03:53.121+0000] {subprocess.py:93} INFO - 26/01/20 05:03:53 INFO TaskSetManager: Finished task 1.0 in stage 4.0 (TID 43) in 1187 ms on 519d7d29de3d (executor driver) (4/13)
[2026-01-20T05:03:53.122+0000] {subprocess.py:93} INFO - 26/01/20 05:03:53 INFO Executor: Finished task 10.0 in stage 4.0 (TID 52). 2032 bytes result sent to driver
[2026-01-20T05:03:53.123+0000] {subprocess.py:93} INFO - 26/01/20 05:03:53 INFO TaskSetManager: Finished task 0.0 in stage 4.0 (TID 42) in 1190 ms on 519d7d29de3d (executor driver) (5/13)
[2026-01-20T05:03:53.124+0000] {subprocess.py:93} INFO - 26/01/20 05:03:53 INFO TaskSetManager: Finished task 6.0 in stage 4.0 (TID 48) in 1184 ms on 519d7d29de3d (executor driver) (6/13)
[2026-01-20T05:03:53.125+0000] {subprocess.py:93} INFO - 26/01/20 05:03:53 INFO TaskSetManager: Finished task 10.0 in stage 4.0 (TID 52) in 1186 ms on 519d7d29de3d (executor driver) (7/13)
[2026-01-20T05:03:53.126+0000] {subprocess.py:93} INFO - 26/01/20 05:03:53 INFO Executor: Finished task 11.0 in stage 4.0 (TID 53). 2032 bytes result sent to driver
[2026-01-20T05:03:53.127+0000] {subprocess.py:93} INFO - 26/01/20 05:03:53 INFO Executor: Finished task 5.0 in stage 4.0 (TID 47). 2032 bytes result sent to driver
[2026-01-20T05:03:53.128+0000] {subprocess.py:93} INFO - 26/01/20 05:03:53 INFO TaskSetManager: Finished task 11.0 in stage 4.0 (TID 53) in 1188 ms on 519d7d29de3d (executor driver) (8/13)
[2026-01-20T05:03:53.128+0000] {subprocess.py:93} INFO - 26/01/20 05:03:53 INFO TaskSetManager: Finished task 5.0 in stage 4.0 (TID 47) in 1191 ms on 519d7d29de3d (executor driver) (9/13)
[2026-01-20T05:03:53.129+0000] {subprocess.py:93} INFO - 26/01/20 05:03:53 INFO Executor: Finished task 8.0 in stage 4.0 (TID 50). 2032 bytes result sent to driver
[2026-01-20T05:03:53.130+0000] {subprocess.py:93} INFO - 26/01/20 05:03:53 INFO TaskSetManager: Finished task 8.0 in stage 4.0 (TID 50) in 1191 ms on 519d7d29de3d (executor driver) (10/13)
[2026-01-20T05:03:53.131+0000] {subprocess.py:93} INFO - 26/01/20 05:03:53 INFO Executor: Finished task 4.0 in stage 4.0 (TID 46). 2032 bytes result sent to driver
[2026-01-20T05:03:53.132+0000] {subprocess.py:93} INFO - 26/01/20 05:03:53 INFO TaskSetManager: Finished task 4.0 in stage 4.0 (TID 46) in 1194 ms on 519d7d29de3d (executor driver) (11/13)
[2026-01-20T05:03:53.133+0000] {subprocess.py:93} INFO - 26/01/20 05:03:53 INFO Executor: Finished task 2.0 in stage 4.0 (TID 44). 2032 bytes result sent to driver
[2026-01-20T05:03:53.133+0000] {subprocess.py:93} INFO - 26/01/20 05:03:53 INFO Executor: Finished task 9.0 in stage 4.0 (TID 51). 2032 bytes result sent to driver
[2026-01-20T05:03:53.134+0000] {subprocess.py:93} INFO - 26/01/20 05:03:53 INFO TaskSetManager: Finished task 9.0 in stage 4.0 (TID 51) in 1194 ms on 519d7d29de3d (executor driver) (12/13)
[2026-01-20T05:03:53.135+0000] {subprocess.py:93} INFO - 26/01/20 05:03:53 INFO TaskSetManager: Finished task 2.0 in stage 4.0 (TID 44) in 1198 ms on 519d7d29de3d (executor driver) (13/13)
[2026-01-20T05:03:53.136+0000] {subprocess.py:93} INFO - 26/01/20 05:03:53 INFO TaskSchedulerImpl: Removed TaskSet 4.0, whose tasks have all completed, from pool
[2026-01-20T05:03:53.136+0000] {subprocess.py:93} INFO - 26/01/20 05:03:53 INFO DAGScheduler: ShuffleMapStage 4 (csv at NativeMethodAccessorImpl.java:0) finished in 1.229 s
[2026-01-20T05:03:53.137+0000] {subprocess.py:93} INFO - 26/01/20 05:03:53 INFO DAGScheduler: looking for newly runnable stages
[2026-01-20T05:03:53.138+0000] {subprocess.py:93} INFO - 26/01/20 05:03:53 INFO DAGScheduler: running: Set()
[2026-01-20T05:03:53.139+0000] {subprocess.py:93} INFO - 26/01/20 05:03:53 INFO DAGScheduler: waiting: Set()
[2026-01-20T05:03:53.140+0000] {subprocess.py:93} INFO - 26/01/20 05:03:53 INFO DAGScheduler: failed: Set()
[2026-01-20T05:03:53.159+0000] {subprocess.py:93} INFO - 26/01/20 05:03:53 INFO ShufflePartitionsUtil: For shuffle(0), advisory target size: 67108864, actual target size 1048576, minimum partition size: 1048576
[2026-01-20T05:03:53.263+0000] {subprocess.py:93} INFO - 26/01/20 05:03:53 INFO FileOutputCommitter: File Output Committer Algorithm version is 1
[2026-01-20T05:03:53.264+0000] {subprocess.py:93} INFO - 26/01/20 05:03:53 INFO FileOutputCommitter: FileOutputCommitter skip cleanup _temporary folders under output directory:false, ignore cleanup failures: false
[2026-01-20T05:03:53.265+0000] {subprocess.py:93} INFO - 26/01/20 05:03:53 INFO SQLHadoopMapReduceCommitProtocol: Using output committer class org.apache.hadoop.mapreduce.lib.output.FileOutputCommitter
[2026-01-20T05:03:53.350+0000] {subprocess.py:93} INFO - 26/01/20 05:03:53 INFO CodeGenerator: Code generated in 18.866637 ms
[2026-01-20T05:03:53.360+0000] {subprocess.py:93} INFO - 26/01/20 05:03:53 INFO CodeGenerator: Code generated in 7.568457 ms
[2026-01-20T05:03:53.475+0000] {subprocess.py:93} INFO - 26/01/20 05:03:53 INFO SparkContext: Starting job: csv at NativeMethodAccessorImpl.java:0
[2026-01-20T05:03:53.477+0000] {subprocess.py:93} INFO - 26/01/20 05:03:53 INFO DAGScheduler: Got job 5 (csv at NativeMethodAccessorImpl.java:0) with 1 output partitions
[2026-01-20T05:03:53.478+0000] {subprocess.py:93} INFO - 26/01/20 05:03:53 INFO DAGScheduler: Final stage: ResultStage 6 (csv at NativeMethodAccessorImpl.java:0)
[2026-01-20T05:03:53.479+0000] {subprocess.py:93} INFO - 26/01/20 05:03:53 INFO DAGScheduler: Parents of final stage: List(ShuffleMapStage 5)
[2026-01-20T05:03:53.480+0000] {subprocess.py:93} INFO - 26/01/20 05:03:53 INFO DAGScheduler: Missing parents: List()
[2026-01-20T05:03:53.481+0000] {subprocess.py:93} INFO - 26/01/20 05:03:53 INFO DAGScheduler: Submitting ResultStage 6 (MapPartitionsRDD[26] at csv at NativeMethodAccessorImpl.java:0), which has no missing parents
[2026-01-20T05:03:53.501+0000] {subprocess.py:93} INFO - 26/01/20 05:03:53 INFO MemoryStore: Block broadcast_11 stored as values in memory (estimated size 244.7 KiB, free 433.9 MiB)
[2026-01-20T05:03:53.519+0000] {subprocess.py:93} INFO - 26/01/20 05:03:53 INFO MemoryStore: Block broadcast_11_piece0 stored as bytes in memory (estimated size 91.6 KiB, free 433.8 MiB)
[2026-01-20T05:03:53.520+0000] {subprocess.py:93} INFO - 26/01/20 05:03:53 INFO BlockManagerInfo: Added broadcast_11_piece0 in memory on 519d7d29de3d:33325 (size: 91.6 KiB, free: 434.3 MiB)
[2026-01-20T05:03:53.521+0000] {subprocess.py:93} INFO - 26/01/20 05:03:53 INFO SparkContext: Created broadcast 11 from broadcast at DAGScheduler.scala:1580
[2026-01-20T05:03:53.522+0000] {subprocess.py:93} INFO - 26/01/20 05:03:53 INFO DAGScheduler: Submitting 1 missing tasks from ResultStage 6 (MapPartitionsRDD[26] at csv at NativeMethodAccessorImpl.java:0) (first 15 tasks are for partitions Vector(0))
[2026-01-20T05:03:53.523+0000] {subprocess.py:93} INFO - 26/01/20 05:03:53 INFO TaskSchedulerImpl: Adding task set 6.0 with 1 tasks resource profile 0
[2026-01-20T05:03:53.536+0000] {subprocess.py:93} INFO - 26/01/20 05:03:53 INFO TaskSetManager: Starting task 0.0 in stage 6.0 (TID 55) (519d7d29de3d, executor driver, partition 0, NODE_LOCAL, 7975 bytes)
[2026-01-20T05:03:53.538+0000] {subprocess.py:93} INFO - 26/01/20 05:03:53 INFO Executor: Running task 0.0 in stage 6.0 (TID 55)
[2026-01-20T05:03:53.541+0000] {subprocess.py:93} INFO - 26/01/20 05:03:53 INFO BlockManagerInfo: Removed broadcast_10_piece0 on 519d7d29de3d:33325 in memory (size: 8.8 KiB, free: 434.3 MiB)
[2026-01-20T05:03:53.570+0000] {subprocess.py:93} INFO - 26/01/20 05:03:53 INFO FileOutputCommitter: File Output Committer Algorithm version is 1
[2026-01-20T05:03:53.571+0000] {subprocess.py:93} INFO - 26/01/20 05:03:53 INFO FileOutputCommitter: FileOutputCommitter skip cleanup _temporary folders under output directory:false, ignore cleanup failures: false
[2026-01-20T05:03:53.572+0000] {subprocess.py:93} INFO - 26/01/20 05:03:53 INFO SQLHadoopMapReduceCommitProtocol: Using output committer class org.apache.hadoop.mapreduce.lib.output.FileOutputCommitter
[2026-01-20T05:03:53.710+0000] {subprocess.py:93} INFO - 26/01/20 05:03:53 INFO ShuffleBlockFetcherIterator: Getting 13 (1044.2 KiB) non-empty blocks including 13 (1044.2 KiB) local and 0 (0.0 B) host-local and 0 (0.0 B) push-merged-local and 0 (0.0 B) remote blocks
[2026-01-20T05:03:53.713+0000] {subprocess.py:93} INFO - 26/01/20 05:03:53 INFO ShuffleBlockFetcherIterator: Started 0 remote fetches in 11 ms
[2026-01-20T05:03:53.725+0000] {subprocess.py:93} INFO - 26/01/20 05:03:53 INFO CodeGenerator: Code generated in 8.019033 ms
[2026-01-20T05:03:53.740+0000] {subprocess.py:93} INFO - 26/01/20 05:03:53 INFO CodeGenerator: Code generated in 10.071415 ms
[2026-01-20T05:03:53.753+0000] {subprocess.py:93} INFO - 26/01/20 05:03:53 INFO CodeGenerator: Code generated in 6.85286 ms
[2026-01-20T05:03:53.771+0000] {subprocess.py:93} INFO - 26/01/20 05:03:53 INFO CodeGenerator: Code generated in 7.696536 ms
[2026-01-20T05:03:53.873+0000] {subprocess.py:93} INFO - 26/01/20 05:03:53 INFO CodeGenerator: Code generated in 5.719946 ms
[2026-01-20T05:03:53.890+0000] {subprocess.py:93} INFO - 26/01/20 05:03:53 INFO CodeGenerator: Code generated in 11.571304 ms
[2026-01-20T05:03:53.899+0000] {subprocess.py:93} INFO - 26/01/20 05:03:53 INFO CodeGenerator: Code generated in 6.877178 ms
[2026-01-20T05:03:53.907+0000] {subprocess.py:93} INFO - 26/01/20 05:03:53 INFO CodeGenerator: Code generated in 5.049697 ms
[2026-01-20T05:03:53.919+0000] {subprocess.py:93} INFO - 26/01/20 05:03:53 INFO CodeGenerator: Code generated in 10.507671 ms
[2026-01-20T05:03:53.930+0000] {subprocess.py:93} INFO - 26/01/20 05:03:53 INFO CodeGenerator: Code generated in 8.261561 ms
[2026-01-20T05:03:53.944+0000] {subprocess.py:93} INFO - 26/01/20 05:03:53 INFO CodeGenerator: Code generated in 8.845173 ms
[2026-01-20T05:03:54.027+0000] {subprocess.py:93} INFO - 26/01/20 05:03:54 INFO CodeGenerator: Code generated in 7.564352 ms
[2026-01-20T05:03:54.047+0000] {subprocess.py:93} INFO - 26/01/20 05:03:54 INFO CodeGenerator: Code generated in 12.091281 ms
[2026-01-20T05:03:54.059+0000] {subprocess.py:93} INFO - 26/01/20 05:03:54 INFO CodeGenerator: Code generated in 9.506088 ms
[2026-01-20T05:03:54.199+0000] {subprocess.py:93} INFO - 26/01/20 05:03:54 INFO ShuffleBlockFetcherIterator: Getting 13 (1039.8 KiB) non-empty blocks including 13 (1039.8 KiB) local and 0 (0.0 B) host-local and 0 (0.0 B) push-merged-local and 0 (0.0 B) remote blocks
[2026-01-20T05:03:54.201+0000] {subprocess.py:93} INFO - 26/01/20 05:03:54 INFO ShuffleBlockFetcherIterator: Started 0 remote fetches in 2 ms
[2026-01-20T05:03:54.366+0000] {subprocess.py:93} INFO - 26/01/20 05:03:54 INFO ShuffleBlockFetcherIterator: Getting 13 (1030.5 KiB) non-empty blocks including 13 (1030.5 KiB) local and 0 (0.0 B) host-local and 0 (0.0 B) push-merged-local and 0 (0.0 B) remote blocks
[2026-01-20T05:03:54.367+0000] {subprocess.py:93} INFO - 26/01/20 05:03:54 INFO ShuffleBlockFetcherIterator: Started 0 remote fetches in 2 ms
[2026-01-20T05:03:54.481+0000] {subprocess.py:93} INFO - 26/01/20 05:03:54 INFO ShuffleBlockFetcherIterator: Getting 13 (1283.5 KiB) non-empty blocks including 13 (1283.5 KiB) local and 0 (0.0 B) host-local and 0 (0.0 B) push-merged-local and 0 (0.0 B) remote blocks
[2026-01-20T05:03:54.482+0000] {subprocess.py:93} INFO - 26/01/20 05:03:54 INFO ShuffleBlockFetcherIterator: Started 0 remote fetches in 1 ms
[2026-01-20T05:03:54.662+0000] {subprocess.py:93} INFO - 26/01/20 05:03:54 INFO FileOutputCommitter: Saved output of task 'attempt_202601200503532149788627617464306_0006_m_000000_55' to file:/opt/spark-data/gold/transaction_analytics/_temporary/0/task_202601200503532149788627617464306_0006_m_000000
[2026-01-20T05:03:54.662+0000] {subprocess.py:93} INFO - 26/01/20 05:03:54 INFO SparkHadoopMapRedUtil: attempt_202601200503532149788627617464306_0006_m_000000_55: Committed. Elapsed time: 40 ms.
[2026-01-20T05:03:54.664+0000] {subprocess.py:93} INFO - 26/01/20 05:03:54 INFO Executor: Finished task 0.0 in stage 6.0 (TID 55). 5845 bytes result sent to driver
[2026-01-20T05:03:54.665+0000] {subprocess.py:93} INFO - 26/01/20 05:03:54 INFO TaskSetManager: Finished task 0.0 in stage 6.0 (TID 55) in 1139 ms on 519d7d29de3d (executor driver) (1/1)
[2026-01-20T05:03:54.666+0000] {subprocess.py:93} INFO - 26/01/20 05:03:54 INFO TaskSchedulerImpl: Removed TaskSet 6.0, whose tasks have all completed, from pool
[2026-01-20T05:03:54.669+0000] {subprocess.py:93} INFO - 26/01/20 05:03:54 INFO DAGScheduler: ResultStage 6 (csv at NativeMethodAccessorImpl.java:0) finished in 1.186 s
[2026-01-20T05:03:54.669+0000] {subprocess.py:93} INFO - 26/01/20 05:03:54 INFO DAGScheduler: Job 5 is finished. Cancelling potential speculative or zombie tasks for this job
[2026-01-20T05:03:54.670+0000] {subprocess.py:93} INFO - 26/01/20 05:03:54 INFO TaskSchedulerImpl: Killing all running tasks in stage 6: Stage finished
[2026-01-20T05:03:54.671+0000] {subprocess.py:93} INFO - 26/01/20 05:03:54 INFO DAGScheduler: Job 5 finished: csv at NativeMethodAccessorImpl.java:0, took 1.192171 s
[2026-01-20T05:03:54.671+0000] {subprocess.py:93} INFO - 26/01/20 05:03:54 INFO FileFormatWriter: Start to commit write Job 385f0b30-e24c-4007-8fae-e33e1cf6d72e.
[2026-01-20T05:03:54.833+0000] {subprocess.py:93} INFO - 26/01/20 05:03:54 INFO FileFormatWriter: Write Job 385f0b30-e24c-4007-8fae-e33e1cf6d72e committed. Elapsed time: 164 ms.
[2026-01-20T05:03:54.834+0000] {subprocess.py:93} INFO - 26/01/20 05:03:54 INFO FileFormatWriter: Finished processing stats for write job 385f0b30-e24c-4007-8fae-e33e1cf6d72e.
[2026-01-20T05:03:54.834+0000] {subprocess.py:93} INFO - Analytics Table with Window Functions created successfully.
[2026-01-20T05:03:54.900+0000] {subprocess.py:93} INFO - 26/01/20 05:03:54 INFO BlockManagerInfo: Removed broadcast_11_piece0 on 519d7d29de3d:33325 in memory (size: 91.6 KiB, free: 434.4 MiB)
[2026-01-20T05:03:54.939+0000] {subprocess.py:93} INFO - Transactions All Of them!
[2026-01-20T05:03:55.002+0000] {subprocess.py:93} INFO - 26/01/20 05:03:55 INFO FileSourceStrategy: Pushed Filters: IsNotNull(line_items)
[2026-01-20T05:03:55.003+0000] {subprocess.py:93} INFO - 26/01/20 05:03:55 INFO FileSourceStrategy: Post-Scan Filters: (size(line_items#10, true) > 0),isnotnull(line_items#10)
[2026-01-20T05:03:55.011+0000] {subprocess.py:93} INFO - 26/01/20 05:03:55 WARN SparkStringUtils: Truncated the string representation of a plan since it was too large. This behavior can be adjusted by setting 'spark.sql.debug.maxToStringFields'.
[2026-01-20T05:03:55.068+0000] {subprocess.py:93} INFO - 26/01/20 05:03:55 INFO CodeGenerator: Code generated in 28.78411 ms
[2026-01-20T05:03:55.072+0000] {subprocess.py:93} INFO - 26/01/20 05:03:55 INFO MemoryStore: Block broadcast_12 stored as values in memory (estimated size 199.1 KiB, free 434.0 MiB)
[2026-01-20T05:03:55.081+0000] {subprocess.py:93} INFO - 26/01/20 05:03:55 INFO MemoryStore: Block broadcast_12_piece0 stored as bytes in memory (estimated size 34.2 KiB, free 433.9 MiB)
[2026-01-20T05:03:55.082+0000] {subprocess.py:93} INFO - 26/01/20 05:03:55 INFO BlockManagerInfo: Added broadcast_12_piece0 in memory on 519d7d29de3d:33325 (size: 34.2 KiB, free: 434.3 MiB)
[2026-01-20T05:03:55.083+0000] {subprocess.py:93} INFO - 26/01/20 05:03:55 INFO SparkContext: Created broadcast 12 from showString at NativeMethodAccessorImpl.java:0
[2026-01-20T05:03:55.084+0000] {subprocess.py:93} INFO - 26/01/20 05:03:55 INFO FileSourceScanExec: Planning scan with bin packing, max size: 4194304 bytes, open cost is considered as scanning 4194304 bytes.
[2026-01-20T05:03:55.099+0000] {subprocess.py:93} INFO - 26/01/20 05:03:55 INFO SparkContext: Starting job: showString at NativeMethodAccessorImpl.java:0
[2026-01-20T05:03:55.100+0000] {subprocess.py:93} INFO - 26/01/20 05:03:55 INFO DAGScheduler: Got job 6 (showString at NativeMethodAccessorImpl.java:0) with 1 output partitions
[2026-01-20T05:03:55.101+0000] {subprocess.py:93} INFO - 26/01/20 05:03:55 INFO DAGScheduler: Final stage: ResultStage 7 (showString at NativeMethodAccessorImpl.java:0)
[2026-01-20T05:03:55.102+0000] {subprocess.py:93} INFO - 26/01/20 05:03:55 INFO DAGScheduler: Parents of final stage: List()
[2026-01-20T05:03:55.102+0000] {subprocess.py:93} INFO - 26/01/20 05:03:55 INFO DAGScheduler: Missing parents: List()
[2026-01-20T05:03:55.103+0000] {subprocess.py:93} INFO - 26/01/20 05:03:55 INFO DAGScheduler: Submitting ResultStage 7 (MapPartitionsRDD[30] at showString at NativeMethodAccessorImpl.java:0), which has no missing parents
[2026-01-20T05:03:55.104+0000] {subprocess.py:93} INFO - 26/01/20 05:03:55 INFO MemoryStore: Block broadcast_13 stored as values in memory (estimated size 32.3 KiB, free 433.9 MiB)
[2026-01-20T05:03:55.105+0000] {subprocess.py:93} INFO - 26/01/20 05:03:55 INFO MemoryStore: Block broadcast_13_piece0 stored as bytes in memory (estimated size 11.2 KiB, free 433.9 MiB)
[2026-01-20T05:03:55.106+0000] {subprocess.py:93} INFO - 26/01/20 05:03:55 INFO BlockManagerInfo: Added broadcast_13_piece0 in memory on 519d7d29de3d:33325 (size: 11.2 KiB, free: 434.3 MiB)
[2026-01-20T05:03:55.107+0000] {subprocess.py:93} INFO - 26/01/20 05:03:55 INFO SparkContext: Created broadcast 13 from broadcast at DAGScheduler.scala:1580
[2026-01-20T05:03:55.108+0000] {subprocess.py:93} INFO - 26/01/20 05:03:55 INFO DAGScheduler: Submitting 1 missing tasks from ResultStage 7 (MapPartitionsRDD[30] at showString at NativeMethodAccessorImpl.java:0) (first 15 tasks are for partitions Vector(0))
[2026-01-20T05:03:55.109+0000] {subprocess.py:93} INFO - 26/01/20 05:03:55 INFO TaskSchedulerImpl: Adding task set 7.0 with 1 tasks resource profile 0
[2026-01-20T05:03:55.109+0000] {subprocess.py:93} INFO - 26/01/20 05:03:55 INFO TaskSetManager: Starting task 0.0 in stage 7.0 (TID 56) (519d7d29de3d, executor driver, partition 0, PROCESS_LOCAL, 8251 bytes)
[2026-01-20T05:03:55.110+0000] {subprocess.py:93} INFO - 26/01/20 05:03:55 INFO Executor: Running task 0.0 in stage 7.0 (TID 56)
[2026-01-20T05:03:55.143+0000] {subprocess.py:93} INFO - 26/01/20 05:03:55 INFO CodeGenerator: Code generated in 29.83292 ms
[2026-01-20T05:03:55.145+0000] {subprocess.py:93} INFO - 26/01/20 05:03:55 INFO FileScanRDD: Reading File path: file:///opt/spark-data/landing/transaction_events_1768879479.1820476.json, range: 0-4194304, partition values: [empty row]
[2026-01-20T05:03:55.166+0000] {subprocess.py:93} INFO - 26/01/20 05:03:55 INFO CodeGenerator: Code generated in 15.874051 ms
[2026-01-20T05:03:55.171+0000] {subprocess.py:93} INFO - 26/01/20 05:03:55 INFO CodeGenerator: Code generated in 3.432059 ms
[2026-01-20T05:03:55.204+0000] {subprocess.py:93} INFO - 26/01/20 05:03:55 INFO Executor: Finished task 0.0 in stage 7.0 (TID 56). 5901 bytes result sent to driver
[2026-01-20T05:03:55.206+0000] {subprocess.py:93} INFO - 26/01/20 05:03:55 INFO TaskSetManager: Finished task 0.0 in stage 7.0 (TID 56) in 96 ms on 519d7d29de3d (executor driver) (1/1)
[2026-01-20T05:03:55.207+0000] {subprocess.py:93} INFO - 26/01/20 05:03:55 INFO TaskSchedulerImpl: Removed TaskSet 7.0, whose tasks have all completed, from pool
[2026-01-20T05:03:55.208+0000] {subprocess.py:93} INFO - 26/01/20 05:03:55 INFO DAGScheduler: ResultStage 7 (showString at NativeMethodAccessorImpl.java:0) finished in 0.104 s
[2026-01-20T05:03:55.209+0000] {subprocess.py:93} INFO - 26/01/20 05:03:55 INFO DAGScheduler: Job 6 is finished. Cancelling potential speculative or zombie tasks for this job
[2026-01-20T05:03:55.210+0000] {subprocess.py:93} INFO - 26/01/20 05:03:55 INFO TaskSchedulerImpl: Killing all running tasks in stage 7: Stage finished
[2026-01-20T05:03:55.210+0000] {subprocess.py:93} INFO - 26/01/20 05:03:55 INFO DAGScheduler: Job 6 finished: showString at NativeMethodAccessorImpl.java:0, took 0.108313 s
[2026-01-20T05:03:55.241+0000] {subprocess.py:93} INFO - 26/01/20 05:03:55 INFO CodeGenerator: Code generated in 22.333054 ms
[2026-01-20T05:03:55.307+0000] {subprocess.py:93} INFO - +--------+------------------------------------+--------------+---------+--------+------+---------------------------+--------+------------------------------------+----------------+--------+---------------------+------------------------+----------------------+---------------------------------+-------------------------+-------------------+----------------------+--------------------+------------------------------+-----------------------+-----------+-----------+----------------------------+----------+--------+----------+
[2026-01-20T05:03:55.309+0000] {subprocess.py:93} INFO - |currency|original_transaction_id             |payment_method|status   |subtotal|tax   |timestamp                  |total   |transaction_id                      |transaction_type|user_id |shipping_address_city|shipping_address_country|shipping_address_state|shipping_address_street          |shipping_address_zip_code|billing_addresscity|billing_addresscountry|billing_addressstate|billing_addressstreet         |billing_addresszip_code|brand      |category   |product_name                |product_id|quantity|unit_price|
[2026-01-20T05:03:55.309+0000] {subprocess.py:93} INFO - +--------+------------------------------------+--------------+---------+--------+------+---------------------------+--------+------------------------------------+----------------+--------+---------------------+------------------------+----------------------+---------------------------------+-------------------------+-------------------+----------------------+--------------------+------------------------------+-----------------------+-----------+-----------+----------------------------+----------+--------+----------+
[2026-01-20T05:03:55.310+0000] {subprocess.py:93} INFO - |USD     |NULL                                |google_pay    |completed|2191.48 |207.86|2026-01-19T17:38:50.066404Z|2399.34 |348310ad-5cb7-4825-b3ca-7cf7ccff0be9|purchase        |e771ed48|Paulhaven            |US                      |NV                    |4407 Dennis River                |25427                    |Kellerberg         |US                    |KY                  |94532 Samantha Landing        |37817                  |GreenLife  |beauty     |Essential Beauty Collection |PROD_2668 |4       |54.92     |
[2026-01-20T05:03:55.311+0000] {subprocess.py:93} INFO - |USD     |NULL                                |google_pay    |completed|2191.48 |207.86|2026-01-19T17:38:50.066404Z|2399.34 |348310ad-5cb7-4825-b3ca-7cf7ccff0be9|purchase        |e771ed48|Paulhaven            |US                      |NV                    |4407 Dennis River                |25427                    |Kellerberg         |US                    |KY                  |94532 Samantha Landing        |37817                  |HomeMax    |clothing   |Compact Clothing Collection |PROD_2041 |5       |394.36    |
[2026-01-20T05:03:55.312+0000] {subprocess.py:93} INFO - |USD     |NULL                                |paypal        |completed|2335.54 |152.15|2026-01-19T17:38:54.422514Z|2487.69 |7e29cc86-961b-442e-bfe5-58a085808589|purchase        |234a1570|Medinamouth          |US                      |ND                    |1006 Julie Landing               |24973                    |Kentville          |US                    |TN                  |386 Cody Avenue Suite 938     |42478                  |GreenLife  |books      |Elite Books Model           |PROD_2272 |5       |408.48    |
[2026-01-20T05:03:55.313+0000] {subprocess.py:93} INFO - |USD     |NULL                                |paypal        |completed|2335.54 |152.15|2026-01-19T17:38:54.422514Z|2487.69 |7e29cc86-961b-442e-bfe5-58a085808589|purchase        |234a1570|Medinamouth          |US                      |ND                    |1006 Julie Landing               |24973                    |Kentville          |US                    |TN                  |386 Cody Avenue Suite 938     |42478                  |TechPro    |clothing   |Ultra Clothing Series       |PROD_2782 |1       |293.14    |
[2026-01-20T05:03:55.314+0000] {subprocess.py:93} INFO - |USD     |a50574ae-6d1e-49bd-b0ee-42434f95452b|debit_card    |completed|394.75  |36.72 |2026-01-19T17:38:54.473993Z|-431.47 |299e5a97-a02a-46ed-98d5-67a2c78e216a|refund          |3982940f|Joshuafurt           |US                      |TN                    |59792 Newton Gateway Apt. 880    |42245                    |Wilsonland         |US                    |OK                  |4090 Townsend Island          |78458                  |ProGear    |clothing   |Elite Clothing Edition      |PROD_1926 |3       |16.22     |
[2026-01-20T05:03:55.315+0000] {subprocess.py:93} INFO - |USD     |a50574ae-6d1e-49bd-b0ee-42434f95452b|debit_card    |completed|394.75  |36.72 |2026-01-19T17:38:54.473993Z|-431.47 |299e5a97-a02a-46ed-98d5-67a2c78e216a|refund          |3982940f|Joshuafurt           |US                      |TN                    |59792 Newton Gateway Apt. 880    |42245                    |Wilsonland         |US                    |OK                  |4090 Townsend Island          |78458                  |EliteChoice|toys       |Ultimate Toys Line          |PROD_2518 |1       |346.09    |
[2026-01-20T05:03:55.316+0000] {subprocess.py:93} INFO - |USD     |NULL                                |paypal        |completed|671.2   |45.49 |2026-01-19T17:38:54.494470Z|716.69  |d4a66c43-e2cb-4bfe-bf45-1b5c54d128fd|purchase        |445fabcf|New Tony             |US                      |IL                    |445 Christopher Harbors Suite 080|38683                    |Tinashire          |US                    |OR                  |79732 Long Manors             |28680                  |SmartChoice|beauty     |Smart Beauty Line           |PROD_2733 |3       |180.48    |
[2026-01-20T05:03:55.316+0000] {subprocess.py:93} INFO - |USD     |NULL                                |paypal        |completed|671.2   |45.49 |2026-01-19T17:38:54.494470Z|716.69  |d4a66c43-e2cb-4bfe-bf45-1b5c54d128fd|purchase        |445fabcf|New Tony             |US                      |IL                    |445 Christopher Harbors Suite 080|38683                    |Tinashire          |US                    |OR                  |79732 Long Manors             |28680                  |HomeMax    |beauty     |Pro Beauty Pack             |PROD_1580 |1       |129.76    |
[2026-01-20T05:03:55.317+0000] {subprocess.py:93} INFO - |USD     |e9975ea1-9a22-438d-a03b-87c4e417b1b5|credit_card   |completed|929.18  |88.21 |2026-01-19T17:38:54.501649Z|-1017.39|f55f83d0-554e-4a03-a51e-70e4c00dfc7e|refund          |406ee2f1|West Dawnhaven       |US                      |MP                    |816 Morrow Crossroad Suite 398   |60906                    |Stoneburgh         |US                    |OH                  |7654 Selena Junctions Apt. 671|25996                  |EliteChoice|electronics|Basic Electronics Collection|PROD_2919 |2       |160.43    |
[2026-01-20T05:03:55.318+0000] {subprocess.py:93} INFO - |USD     |e9975ea1-9a22-438d-a03b-87c4e417b1b5|credit_card   |completed|929.18  |88.21 |2026-01-19T17:38:54.501649Z|-1017.39|f55f83d0-554e-4a03-a51e-70e4c00dfc7e|refund          |406ee2f1|West Dawnhaven       |US                      |MP                    |816 Morrow Crossroad Suite 398   |60906                    |Stoneburgh         |US                    |OH                  |7654 Selena Junctions Apt. 671|25996                  |EliteChoice|beauty     |Elite Beauty Line           |PROD_2894 |1       |299.1     |
[2026-01-20T05:03:55.319+0000] {subprocess.py:93} INFO - |USD     |e9975ea1-9a22-438d-a03b-87c4e417b1b5|credit_card   |completed|929.18  |88.21 |2026-01-19T17:38:54.501649Z|-1017.39|f55f83d0-554e-4a03-a51e-70e4c00dfc7e|refund          |406ee2f1|West Dawnhaven       |US                      |MP                    |816 Morrow Crossroad Suite 398   |60906                    |Stoneburgh         |US                    |OH                  |7654 Selena Junctions Apt. 671|25996                  |StyleCo    |beauty     |Compact Beauty Series       |PROD_1330 |2       |154.61    |
[2026-01-20T05:03:55.320+0000] {subprocess.py:93} INFO - |USD     |NULL                                |credit_card   |failed   |3604.62 |195.31|2026-01-19T17:38:54.507017Z|3799.93 |7f8b6d50-4aa4-4bd6-8616-f95c80d59c22|purchase        |f1f4c996|Lake Ashleyview      |US                      |MA                    |11214 Julie Dam                  |95558                    |Michellefort       |US                    |ND                  |507 Curtis Lodge Suite 318    |70153                  |HomeMax    |food       |Compact Food Series         |PROD_1165 |5       |289.98    |
[2026-01-20T05:03:55.321+0000] {subprocess.py:93} INFO - |USD     |NULL                                |credit_card   |failed   |3604.62 |195.31|2026-01-19T17:38:54.507017Z|3799.93 |7f8b6d50-4aa4-4bd6-8616-f95c80d59c22|purchase        |f1f4c996|Lake Ashleyview      |US                      |MA                    |11214 Julie Dam                  |95558                    |Michellefort       |US                    |ND                  |507 Curtis Lodge Suite 318    |70153                  |StyleCo    |home       |Modern Home Kit             |PROD_1008 |4       |351.11    |
[2026-01-20T05:03:55.322+0000] {subprocess.py:93} INFO - |USD     |NULL                                |credit_card   |failed   |3604.62 |195.31|2026-01-19T17:38:54.507017Z|3799.93 |7f8b6d50-4aa4-4bd6-8616-f95c80d59c22|purchase        |f1f4c996|Lake Ashleyview      |US                      |MA                    |11214 Julie Dam                  |95558                    |Michellefort       |US                    |ND                  |507 Curtis Lodge Suite 318    |70153                  |SmartChoice|toys       |Compact Toys Version        |PROD_1056 |2       |375.14    |
[2026-01-20T05:03:55.323+0000] {subprocess.py:93} INFO - |USD     |NULL                                |google_pay    |completed|3837.46 |361.72|2026-01-19T17:38:54.514401Z|4199.18 |61b112fa-c6a8-4eec-940f-5726da602d65|purchase        |a0846826|Gardnermouth         |US                      |VA                    |30340 Ronnie Knoll Suite 428     |31323                    |West Kelsey        |US                    |KS                  |76305 Amanda Ramp Apt. 310    |59142                  |SportFlex  |beauty     |Advanced Beauty Pack        |PROD_2223 |5       |150.93    |
[2026-01-20T05:03:55.324+0000] {subprocess.py:93} INFO - |USD     |NULL                                |google_pay    |completed|3837.46 |361.72|2026-01-19T17:38:54.514401Z|4199.18 |61b112fa-c6a8-4eec-940f-5726da602d65|purchase        |a0846826|Gardnermouth         |US                      |VA                    |30340 Ronnie Knoll Suite 428     |31323                    |West Kelsey        |US                    |KS                  |76305 Amanda Ramp Apt. 310    |59142                  |TechPro    |food       |Smart Food Collection       |PROD_1114 |1       |393.98    |
[2026-01-20T05:03:55.324+0000] {subprocess.py:93} INFO - |USD     |NULL                                |google_pay    |completed|3837.46 |361.72|2026-01-19T17:38:54.514401Z|4199.18 |61b112fa-c6a8-4eec-940f-5726da602d65|purchase        |a0846826|Gardnermouth         |US                      |VA                    |30340 Ronnie Knoll Suite 428     |31323                    |West Kelsey        |US                    |KS                  |76305 Amanda Ramp Apt. 310    |59142                  |GreenLife  |food       |Professional Food Collection|PROD_2835 |5       |339.27    |
[2026-01-20T05:03:55.325+0000] {subprocess.py:93} INFO - |USD     |NULL                                |google_pay    |completed|3837.46 |361.72|2026-01-19T17:38:54.514401Z|4199.18 |61b112fa-c6a8-4eec-940f-5726da602d65|purchase        |a0846826|Gardnermouth         |US                      |VA                    |30340 Ronnie Knoll Suite 428     |31323                    |West Kelsey        |US                    |KS                  |76305 Amanda Ramp Apt. 310    |59142                  |EliteChoice|electronics|Ultra Electronics Edition   |PROD_2922 |4       |248.12    |
[2026-01-20T05:03:55.326+0000] {subprocess.py:93} INFO - |USD     |NULL                                |google_pay    |completed|4177.21 |365.45|2026-01-19T17:38:54.551107Z|4542.66 |94c0f5c3-431e-4785-8eb8-7eecf7ab6f3c|purchase        |a0846826|Danamouth            |US                      |GU                    |2102 Dennis Rue                  |45882                    |Wilsonbury         |US                    |IL                  |5749 Kevin Harbor             |80292                  |SmartChoice|sports     |Ultra Sports Edition        |PROD_2300 |5       |372.83    |
[2026-01-20T05:03:55.327+0000] {subprocess.py:93} INFO - |USD     |NULL                                |google_pay    |completed|4177.21 |365.45|2026-01-19T17:38:54.551107Z|4542.66 |94c0f5c3-431e-4785-8eb8-7eecf7ab6f3c|purchase        |a0846826|Danamouth            |US                      |GU                    |2102 Dennis Rue                  |45882                    |Wilsonbury         |US                    |IL                  |5749 Kevin Harbor             |80292                  |StyleCo    |books      |Professional Books Pack     |PROD_2770 |1       |422.54    |
[2026-01-20T05:03:55.328+0000] {subprocess.py:93} INFO - +--------+------------------------------------+--------------+---------+--------+------+---------------------------+--------+------------------------------------+----------------+--------+---------------------+------------------------+----------------------+---------------------------------+-------------------------+-------------------+----------------------+--------------------+------------------------------+-----------------------+-----------+-----------+----------------------------+----------+--------+----------+
[2026-01-20T05:03:55.329+0000] {subprocess.py:93} INFO - only showing top 20 rows
[2026-01-20T05:03:55.329+0000] {subprocess.py:93} INFO - 
[2026-01-20T05:03:55.330+0000] {subprocess.py:93} INFO - root
[2026-01-20T05:03:55.331+0000] {subprocess.py:93} INFO -  |-- currency: string (nullable = true)
[2026-01-20T05:03:55.332+0000] {subprocess.py:93} INFO -  |-- original_transaction_id: string (nullable = true)
[2026-01-20T05:03:55.333+0000] {subprocess.py:93} INFO -  |-- payment_method: string (nullable = true)
[2026-01-20T05:03:55.334+0000] {subprocess.py:93} INFO -  |-- status: string (nullable = true)
[2026-01-20T05:03:55.335+0000] {subprocess.py:93} INFO -  |-- subtotal: double (nullable = true)
[2026-01-20T05:03:55.336+0000] {subprocess.py:93} INFO -  |-- tax: double (nullable = true)
[2026-01-20T05:03:55.336+0000] {subprocess.py:93} INFO -  |-- timestamp: string (nullable = true)
[2026-01-20T05:03:55.337+0000] {subprocess.py:93} INFO -  |-- total: double (nullable = true)
[2026-01-20T05:03:55.338+0000] {subprocess.py:93} INFO -  |-- transaction_id: string (nullable = true)
[2026-01-20T05:03:55.338+0000] {subprocess.py:93} INFO -  |-- transaction_type: string (nullable = true)
[2026-01-20T05:03:55.339+0000] {subprocess.py:93} INFO -  |-- user_id: string (nullable = true)
[2026-01-20T05:03:55.340+0000] {subprocess.py:93} INFO -  |-- shipping_address_city: string (nullable = true)
[2026-01-20T05:03:55.341+0000] {subprocess.py:93} INFO -  |-- shipping_address_country: string (nullable = true)
[2026-01-20T05:03:55.342+0000] {subprocess.py:93} INFO -  |-- shipping_address_state: string (nullable = true)
[2026-01-20T05:03:55.343+0000] {subprocess.py:93} INFO -  |-- shipping_address_street: string (nullable = true)
[2026-01-20T05:03:55.344+0000] {subprocess.py:93} INFO -  |-- shipping_address_zip_code: string (nullable = true)
[2026-01-20T05:03:55.345+0000] {subprocess.py:93} INFO -  |-- billing_addresscity: string (nullable = true)
[2026-01-20T05:03:55.345+0000] {subprocess.py:93} INFO -  |-- billing_addresscountry: string (nullable = true)
[2026-01-20T05:03:55.346+0000] {subprocess.py:93} INFO -  |-- billing_addressstate: string (nullable = true)
[2026-01-20T05:03:55.347+0000] {subprocess.py:93} INFO -  |-- billing_addressstreet: string (nullable = true)
[2026-01-20T05:03:55.348+0000] {subprocess.py:93} INFO -  |-- billing_addresszip_code: string (nullable = true)
[2026-01-20T05:03:55.349+0000] {subprocess.py:93} INFO -  |-- brand: string (nullable = true)
[2026-01-20T05:03:55.349+0000] {subprocess.py:93} INFO -  |-- category: string (nullable = true)
[2026-01-20T05:03:55.350+0000] {subprocess.py:93} INFO -  |-- product_name: string (nullable = true)
[2026-01-20T05:03:55.351+0000] {subprocess.py:93} INFO -  |-- product_id: string (nullable = true)
[2026-01-20T05:03:55.352+0000] {subprocess.py:93} INFO -  |-- quantity: long (nullable = true)
[2026-01-20T05:03:55.352+0000] {subprocess.py:93} INFO -  |-- unit_price: double (nullable = true)
[2026-01-20T05:03:55.353+0000] {subprocess.py:93} INFO - 
[2026-01-20T05:03:55.354+0000] {subprocess.py:93} INFO - 26/01/20 05:03:55 INFO FileSourceStrategy: Pushed Filters: IsNotNull(line_items)
[2026-01-20T05:03:55.355+0000] {subprocess.py:93} INFO - 26/01/20 05:03:55 INFO FileSourceStrategy: Post-Scan Filters: (size(line_items#10, true) > 0),isnotnull(line_items#10)
[2026-01-20T05:03:55.366+0000] {subprocess.py:93} INFO - 26/01/20 05:03:55 INFO FileOutputCommitter: File Output Committer Algorithm version is 1
[2026-01-20T05:03:55.367+0000] {subprocess.py:93} INFO - 26/01/20 05:03:55 INFO FileOutputCommitter: FileOutputCommitter skip cleanup _temporary folders under output directory:false, ignore cleanup failures: false
[2026-01-20T05:03:55.368+0000] {subprocess.py:93} INFO - 26/01/20 05:03:55 INFO SQLHadoopMapReduceCommitProtocol: Using output committer class org.apache.hadoop.mapreduce.lib.output.FileOutputCommitter
[2026-01-20T05:03:55.479+0000] {subprocess.py:93} INFO - 26/01/20 05:03:55 INFO CodeGenerator: Code generated in 25.875453 ms
[2026-01-20T05:03:55.483+0000] {subprocess.py:93} INFO - 26/01/20 05:03:55 INFO MemoryStore: Block broadcast_14 stored as values in memory (estimated size 199.1 KiB, free 433.7 MiB)
[2026-01-20T05:03:55.491+0000] {subprocess.py:93} INFO - 26/01/20 05:03:55 INFO MemoryStore: Block broadcast_14_piece0 stored as bytes in memory (estimated size 34.2 KiB, free 433.7 MiB)
[2026-01-20T05:03:55.492+0000] {subprocess.py:93} INFO - 26/01/20 05:03:55 INFO BlockManagerInfo: Added broadcast_14_piece0 in memory on 519d7d29de3d:33325 (size: 34.2 KiB, free: 434.3 MiB)
[2026-01-20T05:03:55.493+0000] {subprocess.py:93} INFO - 26/01/20 05:03:55 INFO SparkContext: Created broadcast 14 from csv at NativeMethodAccessorImpl.java:0
[2026-01-20T05:03:55.495+0000] {subprocess.py:93} INFO - 26/01/20 05:03:55 INFO FileSourceScanExec: Planning scan with bin packing, max size: 4194304 bytes, open cost is considered as scanning 4194304 bytes.
[2026-01-20T05:03:55.512+0000] {subprocess.py:93} INFO - 26/01/20 05:03:55 INFO SparkContext: Starting job: csv at NativeMethodAccessorImpl.java:0
[2026-01-20T05:03:55.514+0000] {subprocess.py:93} INFO - 26/01/20 05:03:55 INFO DAGScheduler: Got job 7 (csv at NativeMethodAccessorImpl.java:0) with 1 output partitions
[2026-01-20T05:03:55.514+0000] {subprocess.py:93} INFO - 26/01/20 05:03:55 INFO DAGScheduler: Final stage: ResultStage 8 (csv at NativeMethodAccessorImpl.java:0)
[2026-01-20T05:03:55.516+0000] {subprocess.py:93} INFO - 26/01/20 05:03:55 INFO DAGScheduler: Parents of final stage: List()
[2026-01-20T05:03:55.517+0000] {subprocess.py:93} INFO - 26/01/20 05:03:55 INFO DAGScheduler: Missing parents: List()
[2026-01-20T05:03:55.517+0000] {subprocess.py:93} INFO - 26/01/20 05:03:55 INFO DAGScheduler: Submitting ResultStage 8 (MapPartitionsRDD[35] at csv at NativeMethodAccessorImpl.java:0), which has no missing parents
[2026-01-20T05:03:55.536+0000] {subprocess.py:93} INFO - 26/01/20 05:03:55 INFO MemoryStore: Block broadcast_15 stored as values in memory (estimated size 233.4 KiB, free 433.4 MiB)
[2026-01-20T05:03:55.538+0000] {subprocess.py:93} INFO - 26/01/20 05:03:55 INFO MemoryStore: Block broadcast_15_piece0 stored as bytes in memory (estimated size 82.3 KiB, free 433.4 MiB)
[2026-01-20T05:03:55.539+0000] {subprocess.py:93} INFO - 26/01/20 05:03:55 INFO BlockManagerInfo: Added broadcast_15_piece0 in memory on 519d7d29de3d:33325 (size: 82.3 KiB, free: 434.2 MiB)
[2026-01-20T05:03:55.540+0000] {subprocess.py:93} INFO - 26/01/20 05:03:55 INFO SparkContext: Created broadcast 15 from broadcast at DAGScheduler.scala:1580
[2026-01-20T05:03:55.541+0000] {subprocess.py:93} INFO - 26/01/20 05:03:55 INFO DAGScheduler: Submitting 1 missing tasks from ResultStage 8 (MapPartitionsRDD[35] at csv at NativeMethodAccessorImpl.java:0) (first 15 tasks are for partitions Vector(0))
[2026-01-20T05:03:55.542+0000] {subprocess.py:93} INFO - 26/01/20 05:03:55 INFO TaskSchedulerImpl: Adding task set 8.0 with 1 tasks resource profile 0
[2026-01-20T05:03:55.543+0000] {subprocess.py:93} INFO - 26/01/20 05:03:55 INFO TaskSetManager: Starting task 0.0 in stage 8.0 (TID 57) (519d7d29de3d, executor driver, partition 0, PROCESS_LOCAL, 9476 bytes)
[2026-01-20T05:03:55.544+0000] {subprocess.py:93} INFO - 26/01/20 05:03:55 INFO Executor: Running task 0.0 in stage 8.0 (TID 57)
[2026-01-20T05:03:55.555+0000] {subprocess.py:93} INFO - 26/01/20 05:03:55 INFO FileOutputCommitter: File Output Committer Algorithm version is 1
[2026-01-20T05:03:55.556+0000] {subprocess.py:93} INFO - 26/01/20 05:03:55 INFO FileOutputCommitter: FileOutputCommitter skip cleanup _temporary folders under output directory:false, ignore cleanup failures: false
[2026-01-20T05:03:55.556+0000] {subprocess.py:93} INFO - 26/01/20 05:03:55 INFO SQLHadoopMapReduceCommitProtocol: Using output committer class org.apache.hadoop.mapreduce.lib.output.FileOutputCommitter
[2026-01-20T05:03:55.678+0000] {subprocess.py:93} INFO - 26/01/20 05:03:55 INFO CodeGenerator: Code generated in 15.984825 ms
[2026-01-20T05:03:55.681+0000] {subprocess.py:93} INFO - 26/01/20 05:03:55 INFO FileScanRDD: Reading File path: file:///opt/spark-data/landing/transaction_events_1768879479.1820476.json, range: 0-4194304, partition values: [empty row]
[2026-01-20T05:03:56.027+0000] {subprocess.py:93} INFO - 26/01/20 05:03:56 INFO FileScanRDD: Reading File path: file:///opt/spark-data/landing/transaction_events_1768879479.1820476.json, range: 4194304-8388608, partition values: [empty row]
[2026-01-20T05:03:56.373+0000] {subprocess.py:93} INFO - 26/01/20 05:03:56 INFO FileScanRDD: Reading File path: file:///opt/spark-data/landing/transaction_events_1768879479.1820476.json, range: 8388608-12582912, partition values: [empty row]
[2026-01-20T05:03:56.661+0000] {subprocess.py:93} INFO - 26/01/20 05:03:56 INFO FileScanRDD: Reading File path: file:///opt/spark-data/landing/transaction_events_1768879479.1820476.json, range: 12582912-16777216, partition values: [empty row]
[2026-01-20T05:03:56.908+0000] {subprocess.py:93} INFO - 26/01/20 05:03:56 INFO FileScanRDD: Reading File path: file:///opt/spark-data/landing/transaction_events_1768879479.1820476.json, range: 16777216-20971520, partition values: [empty row]
[2026-01-20T05:03:57.107+0000] {subprocess.py:93} INFO - 26/01/20 05:03:57 INFO FileScanRDD: Reading File path: file:///opt/spark-data/landing/transaction_events_1768879479.1820476.json, range: 20971520-25165824, partition values: [empty row]
[2026-01-20T05:03:57.329+0000] {subprocess.py:93} INFO - 26/01/20 05:03:57 INFO FileScanRDD: Reading File path: file:///opt/spark-data/landing/transaction_events_1768879479.1820476.json, range: 25165824-29360128, partition values: [empty row]
[2026-01-20T05:03:57.510+0000] {subprocess.py:93} INFO - 26/01/20 05:03:57 INFO FileScanRDD: Reading File path: file:///opt/spark-data/landing/transaction_events_1768879479.1820476.json, range: 29360128-33554432, partition values: [empty row]
[2026-01-20T05:03:57.710+0000] {subprocess.py:93} INFO - 26/01/20 05:03:57 INFO FileScanRDD: Reading File path: file:///opt/spark-data/landing/transaction_events_1768879479.1820476.json, range: 33554432-37748736, partition values: [empty row]
[2026-01-20T05:03:57.894+0000] {subprocess.py:93} INFO - 26/01/20 05:03:57 INFO FileScanRDD: Reading File path: file:///opt/spark-data/landing/transaction_events_1768879479.1820476.json, range: 37748736-41943040, partition values: [empty row]
[2026-01-20T05:03:58.066+0000] {subprocess.py:93} INFO - 26/01/20 05:03:58 INFO FileScanRDD: Reading File path: file:///opt/spark-data/landing/transaction_events_1768879479.1820476.json, range: 41943040-46137344, partition values: [empty row]
[2026-01-20T05:03:58.243+0000] {subprocess.py:93} INFO - 26/01/20 05:03:58 INFO FileScanRDD: Reading File path: file:///opt/spark-data/landing/transaction_events_1768879479.1820476.json, range: 46137344-50331648, partition values: [empty row]
[2026-01-20T05:03:58.323+0000] {subprocess.py:93} INFO - 26/01/20 05:03:58 INFO BlockManagerInfo: Removed broadcast_13_piece0 on 519d7d29de3d:33325 in memory (size: 11.2 KiB, free: 434.2 MiB)
[2026-01-20T05:03:58.326+0000] {subprocess.py:93} INFO - 26/01/20 05:03:58 INFO BlockManagerInfo: Removed broadcast_12_piece0 on 519d7d29de3d:33325 in memory (size: 34.2 KiB, free: 434.3 MiB)
[2026-01-20T05:03:58.331+0000] {subprocess.py:93} INFO - 26/01/20 05:03:58 INFO BlockManagerInfo: Removed broadcast_9_piece0 on 519d7d29de3d:33325 in memory (size: 34.2 KiB, free: 434.3 MiB)
[2026-01-20T05:03:58.452+0000] {subprocess.py:93} INFO - 26/01/20 05:03:58 INFO FileScanRDD: Reading File path: file:///opt/spark-data/landing/transaction_events_1768879479.1820476.json, range: 50331648-51561162, partition values: [empty row]
[2026-01-20T05:03:58.562+0000] {subprocess.py:93} INFO - 26/01/20 05:03:58 INFO FileOutputCommitter: Saved output of task 'attempt_202601200503555323553492099944510_0008_m_000000_57' to file:/opt/spark-data/gold/transactions_all/_temporary/0/task_202601200503555323553492099944510_0008_m_000000
[2026-01-20T05:03:58.562+0000] {subprocess.py:93} INFO - 26/01/20 05:03:58 INFO SparkHadoopMapRedUtil: attempt_202601200503555323553492099944510_0008_m_000000_57: Committed. Elapsed time: 19 ms.
[2026-01-20T05:03:58.563+0000] {subprocess.py:93} INFO - 26/01/20 05:03:58 INFO Executor: Finished task 0.0 in stage 8.0 (TID 57). 2682 bytes result sent to driver
[2026-01-20T05:03:58.563+0000] {subprocess.py:93} INFO - 26/01/20 05:03:58 INFO TaskSetManager: Finished task 0.0 in stage 8.0 (TID 57) in 3021 ms on 519d7d29de3d (executor driver) (1/1)
[2026-01-20T05:03:58.564+0000] {subprocess.py:93} INFO - 26/01/20 05:03:58 INFO TaskSchedulerImpl: Removed TaskSet 8.0, whose tasks have all completed, from pool
[2026-01-20T05:03:58.565+0000] {subprocess.py:93} INFO - 26/01/20 05:03:58 INFO DAGScheduler: ResultStage 8 (csv at NativeMethodAccessorImpl.java:0) finished in 3.047 s
[2026-01-20T05:03:58.565+0000] {subprocess.py:93} INFO - 26/01/20 05:03:58 INFO DAGScheduler: Job 7 is finished. Cancelling potential speculative or zombie tasks for this job
[2026-01-20T05:03:58.565+0000] {subprocess.py:93} INFO - 26/01/20 05:03:58 INFO TaskSchedulerImpl: Killing all running tasks in stage 8: Stage finished
[2026-01-20T05:03:58.566+0000] {subprocess.py:93} INFO - 26/01/20 05:03:58 INFO DAGScheduler: Job 7 finished: csv at NativeMethodAccessorImpl.java:0, took 3.051764 s
[2026-01-20T05:03:58.566+0000] {subprocess.py:93} INFO - 26/01/20 05:03:58 INFO FileFormatWriter: Start to commit write Job 99ed3de7-8169-4af4-be1c-919e94eb768f.
[2026-01-20T05:03:58.694+0000] {subprocess.py:93} INFO - 26/01/20 05:03:58 INFO FileFormatWriter: Write Job 99ed3de7-8169-4af4-be1c-919e94eb768f committed. Elapsed time: 129 ms.
[2026-01-20T05:03:58.695+0000] {subprocess.py:93} INFO - 26/01/20 05:03:58 INFO FileFormatWriter: Finished processing stats for write job 99ed3de7-8169-4af4-be1c-919e94eb768f.
[2026-01-20T05:03:59.674+0000] {subprocess.py:93} INFO - 26/01/20 05:03:59 INFO FileSourceStrategy: Pushed Filters:
[2026-01-20T05:03:59.675+0000] {subprocess.py:93} INFO - 26/01/20 05:03:59 INFO FileSourceStrategy: Post-Scan Filters:
[2026-01-20T05:03:59.679+0000] {subprocess.py:93} INFO - 26/01/20 05:03:59 INFO FileOutputCommitter: File Output Committer Algorithm version is 1
[2026-01-20T05:03:59.680+0000] {subprocess.py:93} INFO - 26/01/20 05:03:59 INFO FileOutputCommitter: FileOutputCommitter skip cleanup _temporary folders under output directory:false, ignore cleanup failures: false
[2026-01-20T05:03:59.680+0000] {subprocess.py:93} INFO - 26/01/20 05:03:59 INFO SQLHadoopMapReduceCommitProtocol: Using output committer class org.apache.hadoop.mapreduce.lib.output.FileOutputCommitter
[2026-01-20T05:03:59.711+0000] {subprocess.py:93} INFO - 26/01/20 05:03:59 INFO MemoryStore: Block broadcast_16 stored as values in memory (estimated size 199.1 KiB, free 433.7 MiB)
[2026-01-20T05:03:59.717+0000] {subprocess.py:93} INFO - 26/01/20 05:03:59 INFO MemoryStore: Block broadcast_16_piece0 stored as bytes in memory (estimated size 34.2 KiB, free 433.6 MiB)
[2026-01-20T05:03:59.718+0000] {subprocess.py:93} INFO - 26/01/20 05:03:59 INFO BlockManagerInfo: Added broadcast_16_piece0 in memory on 519d7d29de3d:33325 (size: 34.2 KiB, free: 434.3 MiB)
[2026-01-20T05:03:59.718+0000] {subprocess.py:93} INFO - 26/01/20 05:03:59 INFO SparkContext: Created broadcast 16 from csv at NativeMethodAccessorImpl.java:0
[2026-01-20T05:03:59.719+0000] {subprocess.py:93} INFO - 26/01/20 05:03:59 INFO FileSourceScanExec: Planning scan with bin packing, max size: 4194304 bytes, open cost is considered as scanning 4194304 bytes.
[2026-01-20T05:03:59.724+0000] {subprocess.py:93} INFO - 26/01/20 05:03:59 INFO SparkContext: Starting job: csv at NativeMethodAccessorImpl.java:0
[2026-01-20T05:03:59.736+0000] {subprocess.py:93} INFO - 26/01/20 05:03:59 INFO DAGScheduler: Got job 8 (csv at NativeMethodAccessorImpl.java:0) with 1 output partitions
[2026-01-20T05:03:59.737+0000] {subprocess.py:93} INFO - 26/01/20 05:03:59 INFO DAGScheduler: Final stage: ResultStage 9 (csv at NativeMethodAccessorImpl.java:0)
[2026-01-20T05:03:59.738+0000] {subprocess.py:93} INFO - 26/01/20 05:03:59 INFO DAGScheduler: Parents of final stage: List()
[2026-01-20T05:03:59.738+0000] {subprocess.py:93} INFO - 26/01/20 05:03:59 INFO DAGScheduler: Missing parents: List()
[2026-01-20T05:03:59.739+0000] {subprocess.py:93} INFO - 26/01/20 05:03:59 INFO DAGScheduler: Submitting ResultStage 9 (MapPartitionsRDD[39] at csv at NativeMethodAccessorImpl.java:0), which has no missing parents
[2026-01-20T05:03:59.739+0000] {subprocess.py:93} INFO - 26/01/20 05:03:59 INFO MemoryStore: Block broadcast_17 stored as values in memory (estimated size 214.3 KiB, free 433.4 MiB)
[2026-01-20T05:03:59.740+0000] {subprocess.py:93} INFO - 26/01/20 05:03:59 INFO MemoryStore: Block broadcast_17_piece0 stored as bytes in memory (estimated size 77.3 KiB, free 433.4 MiB)
[2026-01-20T05:03:59.741+0000] {subprocess.py:93} INFO - 26/01/20 05:03:59 INFO BlockManagerInfo: Added broadcast_17_piece0 in memory on 519d7d29de3d:33325 (size: 77.3 KiB, free: 434.2 MiB)
[2026-01-20T05:03:59.741+0000] {subprocess.py:93} INFO - 26/01/20 05:03:59 INFO SparkContext: Created broadcast 17 from broadcast at DAGScheduler.scala:1580
[2026-01-20T05:03:59.742+0000] {subprocess.py:93} INFO - 26/01/20 05:03:59 INFO DAGScheduler: Submitting 1 missing tasks from ResultStage 9 (MapPartitionsRDD[39] at csv at NativeMethodAccessorImpl.java:0) (first 15 tasks are for partitions Vector(0))
[2026-01-20T05:03:59.742+0000] {subprocess.py:93} INFO - 26/01/20 05:03:59 INFO TaskSchedulerImpl: Adding task set 9.0 with 1 tasks resource profile 0
[2026-01-20T05:03:59.743+0000] {subprocess.py:93} INFO - 26/01/20 05:03:59 INFO TaskSetManager: Starting task 0.0 in stage 9.0 (TID 58) (519d7d29de3d, executor driver, partition 0, PROCESS_LOCAL, 9054 bytes)
[2026-01-20T05:03:59.744+0000] {subprocess.py:93} INFO - 26/01/20 05:03:59 INFO Executor: Running task 0.0 in stage 9.0 (TID 58)
[2026-01-20T05:03:59.750+0000] {subprocess.py:93} INFO - 26/01/20 05:03:59 INFO FileOutputCommitter: File Output Committer Algorithm version is 1
[2026-01-20T05:03:59.751+0000] {subprocess.py:93} INFO - 26/01/20 05:03:59 INFO FileOutputCommitter: FileOutputCommitter skip cleanup _temporary folders under output directory:false, ignore cleanup failures: false
[2026-01-20T05:03:59.751+0000] {subprocess.py:93} INFO - 26/01/20 05:03:59 INFO SQLHadoopMapReduceCommitProtocol: Using output committer class org.apache.hadoop.mapreduce.lib.output.FileOutputCommitter
[2026-01-20T05:04:00.947+0000] {subprocess.py:93} INFO - 26/01/20 05:04:00 INFO FileScanRDD: Reading File path: file:///opt/spark-data/landing/user_events_1768879431.2231393.json, range: 0-4194304, partition values: [empty row]
[2026-01-20T05:04:00.958+0000] {subprocess.py:93} INFO - 26/01/20 05:04:00 INFO CodeGenerator: Code generated in 8.533284 ms
[2026-01-20T05:04:01.163+0000] {subprocess.py:93} INFO - 26/01/20 05:04:01 INFO BlockManagerInfo: Removed broadcast_15_piece0 on 519d7d29de3d:33325 in memory (size: 82.3 KiB, free: 434.3 MiB)
[2026-01-20T05:04:01.182+0000] {subprocess.py:93} INFO - 26/01/20 05:04:01 INFO FileScanRDD: Reading File path: file:///opt/spark-data/landing/user_events_1768879431.2231393.json, range: 4194304-8388608, partition values: [empty row]
[2026-01-20T05:04:01.348+0000] {subprocess.py:93} INFO - 26/01/20 05:04:01 INFO FileScanRDD: Reading File path: file:///opt/spark-data/landing/user_events_1768879431.2231393.json, range: 8388608-12582912, partition values: [empty row]
[2026-01-20T05:04:01.494+0000] {subprocess.py:93} INFO - 26/01/20 05:04:01 INFO FileScanRDD: Reading File path: file:///opt/spark-data/landing/user_events_1768879431.2231393.json, range: 12582912-16777216, partition values: [empty row]
[2026-01-20T05:04:01.663+0000] {subprocess.py:93} INFO - 26/01/20 05:04:01 INFO FileScanRDD: Reading File path: file:///opt/spark-data/landing/user_events_1768879431.2231393.json, range: 16777216-20971520, partition values: [empty row]
[2026-01-20T05:04:01.815+0000] {subprocess.py:93} INFO - 26/01/20 05:04:01 INFO FileScanRDD: Reading File path: file:///opt/spark-data/landing/user_events_1768879431.2231393.json, range: 20971520-25165824, partition values: [empty row]
[2026-01-20T05:04:01.986+0000] {subprocess.py:93} INFO - 26/01/20 05:04:01 INFO FileScanRDD: Reading File path: file:///opt/spark-data/landing/user_events_1768879431.2231393.json, range: 25165824-29360128, partition values: [empty row]
[2026-01-20T05:04:02.127+0000] {subprocess.py:93} INFO - 26/01/20 05:04:02 INFO FileScanRDD: Reading File path: file:///opt/spark-data/landing/user_events_1768879431.2231393.json, range: 29360128-33532706, partition values: [empty row]
[2026-01-20T05:04:02.403+0000] {subprocess.py:93} INFO - 26/01/20 05:04:02 INFO FileOutputCommitter: Saved output of task 'attempt_20260120050359793952713271417498_0009_m_000000_58' to file:/opt/spark-data/gold/user_events_all/_temporary/0/task_20260120050359793952713271417498_0009_m_000000
[2026-01-20T05:04:02.403+0000] {subprocess.py:93} INFO - 26/01/20 05:04:02 INFO SparkHadoopMapRedUtil: attempt_20260120050359793952713271417498_0009_m_000000_58: Committed. Elapsed time: 43 ms.
[2026-01-20T05:04:02.407+0000] {subprocess.py:93} INFO - 26/01/20 05:04:02 INFO Executor: Finished task 0.0 in stage 9.0 (TID 58). 2545 bytes result sent to driver
[2026-01-20T05:04:02.410+0000] {subprocess.py:93} INFO - 26/01/20 05:04:02 INFO TaskSetManager: Finished task 0.0 in stage 9.0 (TID 58) in 2668 ms on 519d7d29de3d (executor driver) (1/1)
[2026-01-20T05:04:02.412+0000] {subprocess.py:93} INFO - 26/01/20 05:04:02 INFO TaskSchedulerImpl: Removed TaskSet 9.0, whose tasks have all completed, from pool
[2026-01-20T05:04:02.414+0000] {subprocess.py:93} INFO - 26/01/20 05:04:02 INFO DAGScheduler: ResultStage 9 (csv at NativeMethodAccessorImpl.java:0) finished in 2.683 s
[2026-01-20T05:04:02.416+0000] {subprocess.py:93} INFO - 26/01/20 05:04:02 INFO DAGScheduler: Job 8 is finished. Cancelling potential speculative or zombie tasks for this job
[2026-01-20T05:04:02.416+0000] {subprocess.py:93} INFO - 26/01/20 05:04:02 INFO TaskSchedulerImpl: Killing all running tasks in stage 9: Stage finished
[2026-01-20T05:04:02.417+0000] {subprocess.py:93} INFO - 26/01/20 05:04:02 INFO DAGScheduler: Job 8 finished: csv at NativeMethodAccessorImpl.java:0, took 1.564340 s
[2026-01-20T05:04:02.418+0000] {subprocess.py:93} INFO - 26/01/20 05:04:02 INFO FileFormatWriter: Start to commit write Job 5e20eb0a-2cac-490e-a279-8b2bdedfdcf5.
[2026-01-20T05:04:02.436+0000] {subprocess.py:93} INFO - 26/01/20 05:04:02 INFO BlockManagerInfo: Removed broadcast_14_piece0 on 519d7d29de3d:33325 in memory (size: 34.2 KiB, free: 434.3 MiB)
[2026-01-20T05:04:02.670+0000] {subprocess.py:93} INFO - 26/01/20 05:04:02 INFO FileFormatWriter: Write Job 5e20eb0a-2cac-490e-a279-8b2bdedfdcf5 committed. Elapsed time: 259 ms.
[2026-01-20T05:04:02.671+0000] {subprocess.py:93} INFO - 26/01/20 05:04:02 INFO FileFormatWriter: Finished processing stats for write job 5e20eb0a-2cac-490e-a279-8b2bdedfdcf5.
[2026-01-20T05:04:02.671+0000] {subprocess.py:93} INFO - 26/01/20 05:04:02 INFO SparkContext: SparkContext is stopping with exitCode 0.
[2026-01-20T05:04:02.681+0000] {subprocess.py:93} INFO - 26/01/20 05:04:02 INFO SparkUI: Stopped Spark web UI at http://519d7d29de3d:4040
[2026-01-20T05:04:02.690+0000] {subprocess.py:93} INFO - 26/01/20 05:04:02 INFO MapOutputTrackerMasterEndpoint: MapOutputTrackerMasterEndpoint stopped!
[2026-01-20T05:04:02.703+0000] {subprocess.py:93} INFO - 26/01/20 05:04:02 INFO MemoryStore: MemoryStore cleared
[2026-01-20T05:04:02.704+0000] {subprocess.py:93} INFO - 26/01/20 05:04:02 INFO BlockManager: BlockManager stopped
[2026-01-20T05:04:02.707+0000] {subprocess.py:93} INFO - 26/01/20 05:04:02 INFO BlockManagerMaster: BlockManagerMaster stopped
[2026-01-20T05:04:02.711+0000] {subprocess.py:93} INFO - 26/01/20 05:04:02 INFO OutputCommitCoordinator$OutputCommitCoordinatorEndpoint: OutputCommitCoordinator stopped!
[2026-01-20T05:04:02.723+0000] {subprocess.py:93} INFO - 26/01/20 05:04:02 INFO SparkContext: Successfully stopped SparkContext
[2026-01-20T05:04:03.071+0000] {subprocess.py:93} INFO - 26/01/20 05:04:03 INFO ShutdownHookManager: Shutdown hook called
[2026-01-20T05:04:03.072+0000] {subprocess.py:93} INFO - 26/01/20 05:04:03 INFO ShutdownHookManager: Deleting directory /tmp/spark-901e396f-e0e0-4108-a7fa-73d182575774
[2026-01-20T05:04:03.075+0000] {subprocess.py:93} INFO - 26/01/20 05:04:03 INFO ShutdownHookManager: Deleting directory /tmp/spark-339ef3fb-f018-4542-b5dc-07ae8a441c0a
[2026-01-20T05:04:03.079+0000] {subprocess.py:93} INFO - 26/01/20 05:04:03 INFO ShutdownHookManager: Deleting directory /tmp/spark-339ef3fb-f018-4542-b5dc-07ae8a441c0a/pyspark-57c06232-9c03-4b5b-b6a0-18f15bef4e1b
[2026-01-20T05:04:03.122+0000] {subprocess.py:97} INFO - Command exited with return code 0
[2026-01-20T05:04:03.161+0000] {taskinstance.py:1138} INFO - Marking task as SUCCESS. dag_id=streamflow_main, task_id=Spark_Submit, execution_date=20260120T050336, start_date=20260120T050337, end_date=20260120T050403
[2026-01-20T05:04:03.212+0000] {local_task_job_runner.py:234} INFO - Task exited with return code 0
[2026-01-20T05:04:03.235+0000] {taskinstance.py:3280} INFO - 0 downstream tasks scheduled from follow-on schedule check
