[2026-01-20T04:12:30.017+0000] {taskinstance.py:1956} INFO - Dependencies all met for dep_context=non-requeueable deps ti=<TaskInstance: streamflow_main.Spark_Submit manual__2026-01-20T04:12:27.781529+00:00 [queued]>
[2026-01-20T04:12:30.032+0000] {taskinstance.py:1956} INFO - Dependencies all met for dep_context=requeueable deps ti=<TaskInstance: streamflow_main.Spark_Submit manual__2026-01-20T04:12:27.781529+00:00 [queued]>
[2026-01-20T04:12:30.033+0000] {taskinstance.py:2170} INFO - Starting attempt 1 of 1
[2026-01-20T04:12:30.056+0000] {taskinstance.py:2191} INFO - Executing <Task(BashOperator): Spark_Submit> on 2026-01-20 04:12:27.781529+00:00
[2026-01-20T04:12:30.064+0000] {standard_task_runner.py:60} INFO - Started process 3327 to run task
[2026-01-20T04:12:30.067+0000] {standard_task_runner.py:87} INFO - Running: ['***', 'tasks', 'run', 'streamflow_main', 'Spark_Submit', 'manual__2026-01-20T04:12:27.781529+00:00', '--job-id', '9', '--raw', '--subdir', 'DAGS_FOLDER/dag_streamflow.py', '--cfg-path', '/tmp/tmp0kiuhwy6']
[2026-01-20T04:12:30.071+0000] {standard_task_runner.py:88} INFO - Job 9: Subtask Spark_Submit
[2026-01-20T04:12:30.136+0000] {task_command.py:423} INFO - Running <TaskInstance: streamflow_main.Spark_Submit manual__2026-01-20T04:12:27.781529+00:00 [running]> on host 519d7d29de3d
[2026-01-20T04:12:30.266+0000] {taskinstance.py:2480} INFO - Exporting env vars: AIRFLOW_CTX_DAG_OWNER='student' AIRFLOW_CTX_DAG_ID='streamflow_main' AIRFLOW_CTX_TASK_ID='Spark_Submit' AIRFLOW_CTX_EXECUTION_DATE='2026-01-20T04:12:27.781529+00:00' AIRFLOW_CTX_TRY_NUMBER='1' AIRFLOW_CTX_DAG_RUN_ID='manual__2026-01-20T04:12:27.781529+00:00'
[2026-01-20T04:12:30.270+0000] {subprocess.py:63} INFO - Tmp dir root location: /tmp
[2026-01-20T04:12:30.271+0000] {subprocess.py:75} INFO - Running command: ['/usr/bin/bash', '-c', '\n            spark-submit                 --master spark://spark-master:7077                 /opt/spark-jobs/etl_job.py\n        ']
[2026-01-20T04:12:30.287+0000] {subprocess.py:86} INFO - Output:
[2026-01-20T04:12:30.297+0000] {subprocess.py:93} INFO - /opt/spark/bin/load-spark-env.sh: line 68: ps: command not found
[2026-01-20T04:12:34.495+0000] {subprocess.py:93} INFO - 26/01/20 04:12:34 INFO SparkContext: Running Spark version 3.5.0
[2026-01-20T04:12:34.499+0000] {subprocess.py:93} INFO - 26/01/20 04:12:34 INFO SparkContext: OS info Linux, 5.15.167.4-microsoft-standard-WSL2, amd64
[2026-01-20T04:12:34.501+0000] {subprocess.py:93} INFO - 26/01/20 04:12:34 INFO SparkContext: Java version 17.0.17
[2026-01-20T04:12:34.589+0000] {subprocess.py:93} INFO - 26/01/20 04:12:34 WARN NativeCodeLoader: Unable to load native-hadoop library for your platform... using builtin-java classes where applicable
[2026-01-20T04:12:34.732+0000] {subprocess.py:93} INFO - 26/01/20 04:12:34 INFO ResourceUtils: ==============================================================
[2026-01-20T04:12:34.733+0000] {subprocess.py:93} INFO - 26/01/20 04:12:34 INFO ResourceUtils: No custom resources configured for spark.driver.
[2026-01-20T04:12:34.734+0000] {subprocess.py:93} INFO - 26/01/20 04:12:34 INFO ResourceUtils: ==============================================================
[2026-01-20T04:12:34.735+0000] {subprocess.py:93} INFO - 26/01/20 04:12:34 INFO SparkContext: Submitted application: ETL_job
[2026-01-20T04:12:34.762+0000] {subprocess.py:93} INFO - 26/01/20 04:12:34 INFO ResourceProfile: Default ResourceProfile created, executor resources: Map(cores -> name: cores, amount: 1, script: , vendor: , memory -> name: memory, amount: 1024, script: , vendor: , offHeap -> name: offHeap, amount: 0, script: , vendor: ), task resources: Map(cpus -> name: cpus, amount: 1.0)
[2026-01-20T04:12:34.774+0000] {subprocess.py:93} INFO - 26/01/20 04:12:34 INFO ResourceProfile: Limiting resource is cpu
[2026-01-20T04:12:34.775+0000] {subprocess.py:93} INFO - 26/01/20 04:12:34 INFO ResourceProfileManager: Added ResourceProfile id: 0
[2026-01-20T04:12:34.850+0000] {subprocess.py:93} INFO - 26/01/20 04:12:34 INFO SecurityManager: Changing view acls to: root
[2026-01-20T04:12:34.851+0000] {subprocess.py:93} INFO - 26/01/20 04:12:34 INFO SecurityManager: Changing modify acls to: root
[2026-01-20T04:12:34.852+0000] {subprocess.py:93} INFO - 26/01/20 04:12:34 INFO SecurityManager: Changing view acls groups to:
[2026-01-20T04:12:34.853+0000] {subprocess.py:93} INFO - 26/01/20 04:12:34 INFO SecurityManager: Changing modify acls groups to:
[2026-01-20T04:12:34.853+0000] {subprocess.py:93} INFO - 26/01/20 04:12:34 INFO SecurityManager: SecurityManager: authentication disabled; ui acls disabled; users with view permissions: root; groups with view permissions: EMPTY; users with modify permissions: root; groups with modify permissions: EMPTY
[2026-01-20T04:12:35.198+0000] {subprocess.py:93} INFO - 26/01/20 04:12:35 INFO Utils: Successfully started service 'sparkDriver' on port 34569.
[2026-01-20T04:12:35.240+0000] {subprocess.py:93} INFO - 26/01/20 04:12:35 INFO SparkEnv: Registering MapOutputTracker
[2026-01-20T04:12:35.288+0000] {subprocess.py:93} INFO - 26/01/20 04:12:35 INFO SparkEnv: Registering BlockManagerMaster
[2026-01-20T04:12:35.308+0000] {subprocess.py:93} INFO - 26/01/20 04:12:35 INFO BlockManagerMasterEndpoint: Using org.apache.spark.storage.DefaultTopologyMapper for getting topology information
[2026-01-20T04:12:35.308+0000] {subprocess.py:93} INFO - 26/01/20 04:12:35 INFO BlockManagerMasterEndpoint: BlockManagerMasterEndpoint up
[2026-01-20T04:12:35.314+0000] {subprocess.py:93} INFO - 26/01/20 04:12:35 INFO SparkEnv: Registering BlockManagerMasterHeartbeat
[2026-01-20T04:12:35.337+0000] {subprocess.py:93} INFO - 26/01/20 04:12:35 INFO DiskBlockManager: Created local directory at /tmp/blockmgr-19afcd1b-aea2-4cdc-a236-129aebcbeca4
[2026-01-20T04:12:35.355+0000] {subprocess.py:93} INFO - 26/01/20 04:12:35 INFO MemoryStore: MemoryStore started with capacity 434.4 MiB
[2026-01-20T04:12:35.378+0000] {subprocess.py:93} INFO - 26/01/20 04:12:35 INFO SparkEnv: Registering OutputCommitCoordinator
[2026-01-20T04:12:36.538+0000] {subprocess.py:93} INFO - 26/01/20 04:12:36 INFO JettyUtils: Start Jetty 0.0.0.0:4040 for SparkUI
[2026-01-20T04:12:37.800+0000] {subprocess.py:93} INFO - 26/01/20 04:12:37 INFO Utils: Successfully started service 'SparkUI' on port 4040.
[2026-01-20T04:12:37.928+0000] {subprocess.py:93} INFO - 26/01/20 04:12:37 INFO Executor: Starting executor ID driver on host 519d7d29de3d
[2026-01-20T04:12:37.929+0000] {subprocess.py:93} INFO - 26/01/20 04:12:37 INFO Executor: OS info Linux, 5.15.167.4-microsoft-standard-WSL2, amd64
[2026-01-20T04:12:37.930+0000] {subprocess.py:93} INFO - 26/01/20 04:12:37 INFO Executor: Java version 17.0.17
[2026-01-20T04:12:37.940+0000] {subprocess.py:93} INFO - 26/01/20 04:12:37 INFO Executor: Starting executor with user classpath (userClassPathFirst = false): ''
[2026-01-20T04:12:37.941+0000] {subprocess.py:93} INFO - 26/01/20 04:12:37 INFO Executor: Created or updated repl class loader org.apache.spark.util.MutableURLClassLoader@70f152b2 for default.
[2026-01-20T04:12:37.970+0000] {subprocess.py:93} INFO - 26/01/20 04:12:37 INFO Utils: Successfully started service 'org.apache.spark.network.netty.NettyBlockTransferService' on port 42283.
[2026-01-20T04:12:37.971+0000] {subprocess.py:93} INFO - 26/01/20 04:12:37 INFO NettyBlockTransferService: Server created on 519d7d29de3d:42283
[2026-01-20T04:12:37.973+0000] {subprocess.py:93} INFO - 26/01/20 04:12:37 INFO BlockManager: Using org.apache.spark.storage.RandomBlockReplicationPolicy for block replication policy
[2026-01-20T04:12:37.981+0000] {subprocess.py:93} INFO - 26/01/20 04:12:37 INFO BlockManagerMaster: Registering BlockManager BlockManagerId(driver, 519d7d29de3d, 42283, None)
[2026-01-20T04:12:37.985+0000] {subprocess.py:93} INFO - 26/01/20 04:12:37 INFO BlockManagerMasterEndpoint: Registering block manager 519d7d29de3d:42283 with 434.4 MiB RAM, BlockManagerId(driver, 519d7d29de3d, 42283, None)
[2026-01-20T04:12:37.987+0000] {subprocess.py:93} INFO - 26/01/20 04:12:37 INFO BlockManagerMaster: Registered BlockManager BlockManagerId(driver, 519d7d29de3d, 42283, None)
[2026-01-20T04:12:37.988+0000] {subprocess.py:93} INFO - 26/01/20 04:12:37 INFO BlockManager: Initialized BlockManager: BlockManagerId(driver, 519d7d29de3d, 42283, None)
[2026-01-20T04:12:38.572+0000] {subprocess.py:93} INFO - 26/01/20 04:12:38 INFO SharedState: Setting hive.metastore.warehouse.dir ('null') to the value of spark.sql.warehouse.dir.
[2026-01-20T04:12:38.580+0000] {subprocess.py:93} INFO - 26/01/20 04:12:38 INFO SharedState: Warehouse path is 'file:/tmp/***tmpthpagdrr/spark-warehouse'.
[2026-01-20T04:12:39.764+0000] {subprocess.py:93} INFO - 26/01/20 04:12:39 INFO InMemoryFileIndex: It took 80 ms to list leaf files for 1 paths.
[2026-01-20T04:12:39.929+0000] {subprocess.py:93} INFO - 26/01/20 04:12:39 INFO InMemoryFileIndex: It took 21 ms to list leaf files for 1 paths.
[2026-01-20T04:12:42.900+0000] {subprocess.py:93} INFO - 26/01/20 04:12:42 INFO FileSourceStrategy: Pushed Filters:
[2026-01-20T04:12:42.912+0000] {subprocess.py:93} INFO - 26/01/20 04:12:42 INFO FileSourceStrategy: Post-Scan Filters:
[2026-01-20T04:12:43.250+0000] {subprocess.py:93} INFO - 26/01/20 04:12:43 INFO MemoryStore: Block broadcast_0 stored as values in memory (estimated size 199.2 KiB, free 434.2 MiB)
[2026-01-20T04:12:43.331+0000] {subprocess.py:93} INFO - 26/01/20 04:12:43 INFO MemoryStore: Block broadcast_0_piece0 stored as bytes in memory (estimated size 34.2 KiB, free 434.2 MiB)
[2026-01-20T04:12:43.337+0000] {subprocess.py:93} INFO - 26/01/20 04:12:43 INFO BlockManagerInfo: Added broadcast_0_piece0 in memory on 519d7d29de3d:42283 (size: 34.2 KiB, free: 434.4 MiB)
[2026-01-20T04:12:43.345+0000] {subprocess.py:93} INFO - 26/01/20 04:12:43 INFO SparkContext: Created broadcast 0 from json at NativeMethodAccessorImpl.java:0
[2026-01-20T04:12:43.360+0000] {subprocess.py:93} INFO - 26/01/20 04:12:43 INFO FileSourceScanExec: Planning scan with bin packing, max size: 4194304 bytes, open cost is considered as scanning 4194304 bytes.
[2026-01-20T04:12:43.543+0000] {subprocess.py:93} INFO - 26/01/20 04:12:43 INFO SparkContext: Starting job: json at NativeMethodAccessorImpl.java:0
[2026-01-20T04:12:43.563+0000] {subprocess.py:93} INFO - 26/01/20 04:12:43 INFO DAGScheduler: Got job 0 (json at NativeMethodAccessorImpl.java:0) with 13 output partitions
[2026-01-20T04:12:43.564+0000] {subprocess.py:93} INFO - 26/01/20 04:12:43 INFO DAGScheduler: Final stage: ResultStage 0 (json at NativeMethodAccessorImpl.java:0)
[2026-01-20T04:12:43.565+0000] {subprocess.py:93} INFO - 26/01/20 04:12:43 INFO DAGScheduler: Parents of final stage: List()
[2026-01-20T04:12:43.566+0000] {subprocess.py:93} INFO - 26/01/20 04:12:43 INFO DAGScheduler: Missing parents: List()
[2026-01-20T04:12:43.570+0000] {subprocess.py:93} INFO - 26/01/20 04:12:43 INFO DAGScheduler: Submitting ResultStage 0 (MapPartitionsRDD[3] at json at NativeMethodAccessorImpl.java:0), which has no missing parents
[2026-01-20T04:12:43.672+0000] {subprocess.py:93} INFO - 26/01/20 04:12:43 INFO MemoryStore: Block broadcast_1 stored as values in memory (estimated size 16.0 KiB, free 434.2 MiB)
[2026-01-20T04:12:43.683+0000] {subprocess.py:93} INFO - 26/01/20 04:12:43 INFO MemoryStore: Block broadcast_1_piece0 stored as bytes in memory (estimated size 7.5 KiB, free 434.1 MiB)
[2026-01-20T04:12:43.685+0000] {subprocess.py:93} INFO - 26/01/20 04:12:43 INFO BlockManagerInfo: Added broadcast_1_piece0 in memory on 519d7d29de3d:42283 (size: 7.5 KiB, free: 434.4 MiB)
[2026-01-20T04:12:43.686+0000] {subprocess.py:93} INFO - 26/01/20 04:12:43 INFO SparkContext: Created broadcast 1 from broadcast at DAGScheduler.scala:1580
[2026-01-20T04:12:43.711+0000] {subprocess.py:93} INFO - 26/01/20 04:12:43 INFO DAGScheduler: Submitting 13 missing tasks from ResultStage 0 (MapPartitionsRDD[3] at json at NativeMethodAccessorImpl.java:0) (first 15 tasks are for partitions Vector(0, 1, 2, 3, 4, 5, 6, 7, 8, 9, 10, 11, 12))
[2026-01-20T04:12:43.713+0000] {subprocess.py:93} INFO - 26/01/20 04:12:43 INFO TaskSchedulerImpl: Adding task set 0.0 with 13 tasks resource profile 0
[2026-01-20T04:12:43.769+0000] {subprocess.py:93} INFO - 26/01/20 04:12:43 INFO TaskSetManager: Starting task 0.0 in stage 0.0 (TID 0) (519d7d29de3d, executor driver, partition 0, PROCESS_LOCAL, 8251 bytes)
[2026-01-20T04:12:43.774+0000] {subprocess.py:93} INFO - 26/01/20 04:12:43 INFO TaskSetManager: Starting task 1.0 in stage 0.0 (TID 1) (519d7d29de3d, executor driver, partition 1, PROCESS_LOCAL, 8251 bytes)
[2026-01-20T04:12:43.775+0000] {subprocess.py:93} INFO - 26/01/20 04:12:43 INFO TaskSetManager: Starting task 2.0 in stage 0.0 (TID 2) (519d7d29de3d, executor driver, partition 2, PROCESS_LOCAL, 8251 bytes)
[2026-01-20T04:12:43.776+0000] {subprocess.py:93} INFO - 26/01/20 04:12:43 INFO TaskSetManager: Starting task 3.0 in stage 0.0 (TID 3) (519d7d29de3d, executor driver, partition 3, PROCESS_LOCAL, 8251 bytes)
[2026-01-20T04:12:43.777+0000] {subprocess.py:93} INFO - 26/01/20 04:12:43 INFO TaskSetManager: Starting task 4.0 in stage 0.0 (TID 4) (519d7d29de3d, executor driver, partition 4, PROCESS_LOCAL, 8251 bytes)
[2026-01-20T04:12:43.777+0000] {subprocess.py:93} INFO - 26/01/20 04:12:43 INFO TaskSetManager: Starting task 5.0 in stage 0.0 (TID 5) (519d7d29de3d, executor driver, partition 5, PROCESS_LOCAL, 8251 bytes)
[2026-01-20T04:12:43.778+0000] {subprocess.py:93} INFO - 26/01/20 04:12:43 INFO TaskSetManager: Starting task 6.0 in stage 0.0 (TID 6) (519d7d29de3d, executor driver, partition 6, PROCESS_LOCAL, 8251 bytes)
[2026-01-20T04:12:43.779+0000] {subprocess.py:93} INFO - 26/01/20 04:12:43 INFO TaskSetManager: Starting task 7.0 in stage 0.0 (TID 7) (519d7d29de3d, executor driver, partition 7, PROCESS_LOCAL, 8251 bytes)
[2026-01-20T04:12:43.781+0000] {subprocess.py:93} INFO - 26/01/20 04:12:43 INFO TaskSetManager: Starting task 8.0 in stage 0.0 (TID 8) (519d7d29de3d, executor driver, partition 8, PROCESS_LOCAL, 8251 bytes)
[2026-01-20T04:12:43.782+0000] {subprocess.py:93} INFO - 26/01/20 04:12:43 INFO TaskSetManager: Starting task 9.0 in stage 0.0 (TID 9) (519d7d29de3d, executor driver, partition 9, PROCESS_LOCAL, 8251 bytes)
[2026-01-20T04:12:43.783+0000] {subprocess.py:93} INFO - 26/01/20 04:12:43 INFO TaskSetManager: Starting task 10.0 in stage 0.0 (TID 10) (519d7d29de3d, executor driver, partition 10, PROCESS_LOCAL, 8251 bytes)
[2026-01-20T04:12:43.783+0000] {subprocess.py:93} INFO - 26/01/20 04:12:43 INFO TaskSetManager: Starting task 11.0 in stage 0.0 (TID 11) (519d7d29de3d, executor driver, partition 11, PROCESS_LOCAL, 8251 bytes)
[2026-01-20T04:12:43.785+0000] {subprocess.py:93} INFO - 26/01/20 04:12:43 INFO TaskSetManager: Starting task 12.0 in stage 0.0 (TID 12) (519d7d29de3d, executor driver, partition 12, PROCESS_LOCAL, 8251 bytes)
[2026-01-20T04:12:43.801+0000] {subprocess.py:93} INFO - 26/01/20 04:12:43 INFO Executor: Running task 3.0 in stage 0.0 (TID 3)
[2026-01-20T04:12:43.802+0000] {subprocess.py:93} INFO - 26/01/20 04:12:43 INFO Executor: Running task 9.0 in stage 0.0 (TID 9)
[2026-01-20T04:12:43.803+0000] {subprocess.py:93} INFO - 26/01/20 04:12:43 INFO Executor: Running task 7.0 in stage 0.0 (TID 7)
[2026-01-20T04:12:43.804+0000] {subprocess.py:93} INFO - 26/01/20 04:12:43 INFO Executor: Running task 5.0 in stage 0.0 (TID 5)
[2026-01-20T04:12:43.805+0000] {subprocess.py:93} INFO - 26/01/20 04:12:43 INFO Executor: Running task 2.0 in stage 0.0 (TID 2)
[2026-01-20T04:12:43.807+0000] {subprocess.py:93} INFO - 26/01/20 04:12:43 INFO Executor: Running task 8.0 in stage 0.0 (TID 8)
[2026-01-20T04:12:43.808+0000] {subprocess.py:93} INFO - 26/01/20 04:12:43 INFO Executor: Running task 0.0 in stage 0.0 (TID 0)
[2026-01-20T04:12:43.808+0000] {subprocess.py:93} INFO - 26/01/20 04:12:43 INFO Executor: Running task 4.0 in stage 0.0 (TID 4)
[2026-01-20T04:12:43.809+0000] {subprocess.py:93} INFO - 26/01/20 04:12:43 INFO Executor: Running task 1.0 in stage 0.0 (TID 1)
[2026-01-20T04:12:43.810+0000] {subprocess.py:93} INFO - 26/01/20 04:12:43 INFO Executor: Running task 6.0 in stage 0.0 (TID 6)
[2026-01-20T04:12:43.810+0000] {subprocess.py:93} INFO - 26/01/20 04:12:43 INFO Executor: Running task 10.0 in stage 0.0 (TID 10)
[2026-01-20T04:12:43.811+0000] {subprocess.py:93} INFO - 26/01/20 04:12:43 INFO Executor: Running task 11.0 in stage 0.0 (TID 11)
[2026-01-20T04:12:43.812+0000] {subprocess.py:93} INFO - 26/01/20 04:12:43 INFO Executor: Running task 12.0 in stage 0.0 (TID 12)
[2026-01-20T04:12:44.111+0000] {subprocess.py:93} INFO - 26/01/20 04:12:44 INFO FileScanRDD: Reading File path: file:///opt/spark-data/landing/transaction_events_1768879479.1820476.json, range: 20971520-25165824, partition values: [empty row]
[2026-01-20T04:12:44.112+0000] {subprocess.py:93} INFO - 26/01/20 04:12:44 INFO FileScanRDD: Reading File path: file:///opt/spark-data/landing/transaction_events_1768879479.1820476.json, range: 25165824-29360128, partition values: [empty row]
[2026-01-20T04:12:44.113+0000] {subprocess.py:93} INFO - 26/01/20 04:12:44 INFO FileScanRDD: Reading File path: file:///opt/spark-data/landing/transaction_events_1768879479.1820476.json, range: 4194304-8388608, partition values: [empty row]
[2026-01-20T04:12:44.114+0000] {subprocess.py:93} INFO - 26/01/20 04:12:44 INFO FileScanRDD: Reading File path: file:///opt/spark-data/landing/transaction_events_1768879479.1820476.json, range: 0-4194304, partition values: [empty row]
[2026-01-20T04:12:44.115+0000] {subprocess.py:93} INFO - 26/01/20 04:12:44 INFO FileScanRDD: Reading File path: file:///opt/spark-data/landing/transaction_events_1768879479.1820476.json, range: 46137344-50331648, partition values: [empty row]
[2026-01-20T04:12:44.116+0000] {subprocess.py:93} INFO - 26/01/20 04:12:44 INFO FileScanRDD: Reading File path: file:///opt/spark-data/landing/transaction_events_1768879479.1820476.json, range: 16777216-20971520, partition values: [empty row]
[2026-01-20T04:12:44.117+0000] {subprocess.py:93} INFO - 26/01/20 04:12:44 INFO FileScanRDD: Reading File path: file:///opt/spark-data/landing/transaction_events_1768879479.1820476.json, range: 41943040-46137344, partition values: [empty row]
[2026-01-20T04:12:44.117+0000] {subprocess.py:93} INFO - 26/01/20 04:12:44 INFO FileScanRDD: Reading File path: file:///opt/spark-data/landing/transaction_events_1768879479.1820476.json, range: 37748736-41943040, partition values: [empty row]
[2026-01-20T04:12:44.118+0000] {subprocess.py:93} INFO - 26/01/20 04:12:44 INFO FileScanRDD: Reading File path: file:///opt/spark-data/landing/transaction_events_1768879479.1820476.json, range: 12582912-16777216, partition values: [empty row]
[2026-01-20T04:12:44.119+0000] {subprocess.py:93} INFO - 26/01/20 04:12:44 INFO FileScanRDD: Reading File path: file:///opt/spark-data/landing/transaction_events_1768879479.1820476.json, range: 50331648-51561162, partition values: [empty row]
[2026-01-20T04:12:44.120+0000] {subprocess.py:93} INFO - 26/01/20 04:12:44 INFO FileScanRDD: Reading File path: file:///opt/spark-data/landing/transaction_events_1768879479.1820476.json, range: 29360128-33554432, partition values: [empty row]
[2026-01-20T04:12:44.121+0000] {subprocess.py:93} INFO - 26/01/20 04:12:44 INFO FileScanRDD: Reading File path: file:///opt/spark-data/landing/transaction_events_1768879479.1820476.json, range: 8388608-12582912, partition values: [empty row]
[2026-01-20T04:12:44.121+0000] {subprocess.py:93} INFO - 26/01/20 04:12:44 INFO FileScanRDD: Reading File path: file:///opt/spark-data/landing/transaction_events_1768879479.1820476.json, range: 33554432-37748736, partition values: [empty row]
[2026-01-20T04:12:44.430+0000] {subprocess.py:93} INFO - 26/01/20 04:12:44 INFO CodeGenerator: Code generated in 249.91974 ms
[2026-01-20T04:12:45.302+0000] {subprocess.py:93} INFO - 26/01/20 04:12:45 INFO Executor: Finished task 12.0 in stage 0.0 (TID 12). 3067 bytes result sent to driver
[2026-01-20T04:12:45.337+0000] {subprocess.py:93} INFO - 26/01/20 04:12:45 INFO TaskSetManager: Finished task 12.0 in stage 0.0 (TID 12) in 1548 ms on 519d7d29de3d (executor driver) (1/13)
[2026-01-20T04:12:45.552+0000] {subprocess.py:93} INFO - 26/01/20 04:12:45 INFO Executor: Finished task 9.0 in stage 0.0 (TID 9). 3067 bytes result sent to driver
[2026-01-20T04:12:45.559+0000] {subprocess.py:93} INFO - 26/01/20 04:12:45 INFO TaskSetManager: Finished task 9.0 in stage 0.0 (TID 9) in 1780 ms on 519d7d29de3d (executor driver) (2/13)
[2026-01-20T04:12:45.574+0000] {subprocess.py:93} INFO - 26/01/20 04:12:45 INFO Executor: Finished task 5.0 in stage 0.0 (TID 5). 3024 bytes result sent to driver
[2026-01-20T04:12:45.578+0000] {subprocess.py:93} INFO - 26/01/20 04:12:45 INFO TaskSetManager: Finished task 5.0 in stage 0.0 (TID 5) in 1802 ms on 519d7d29de3d (executor driver) (3/13)
[2026-01-20T04:12:45.580+0000] {subprocess.py:93} INFO - 26/01/20 04:12:45 INFO Executor: Finished task 6.0 in stage 0.0 (TID 6). 3024 bytes result sent to driver
[2026-01-20T04:12:45.585+0000] {subprocess.py:93} INFO - 26/01/20 04:12:45 INFO TaskSetManager: Finished task 6.0 in stage 0.0 (TID 6) in 1808 ms on 519d7d29de3d (executor driver) (4/13)
[2026-01-20T04:12:45.591+0000] {subprocess.py:93} INFO - 26/01/20 04:12:45 INFO Executor: Finished task 10.0 in stage 0.0 (TID 10). 3024 bytes result sent to driver
[2026-01-20T04:12:45.592+0000] {subprocess.py:93} INFO - 26/01/20 04:12:45 INFO Executor: Finished task 1.0 in stage 0.0 (TID 1). 3024 bytes result sent to driver
[2026-01-20T04:12:45.593+0000] {subprocess.py:93} INFO - 26/01/20 04:12:45 INFO Executor: Finished task 8.0 in stage 0.0 (TID 8). 3024 bytes result sent to driver
[2026-01-20T04:12:45.595+0000] {subprocess.py:93} INFO - 26/01/20 04:12:45 INFO Executor: Finished task 4.0 in stage 0.0 (TID 4). 3067 bytes result sent to driver
[2026-01-20T04:12:45.595+0000] {subprocess.py:93} INFO - 26/01/20 04:12:45 INFO Executor: Finished task 7.0 in stage 0.0 (TID 7). 3024 bytes result sent to driver
[2026-01-20T04:12:45.601+0000] {subprocess.py:93} INFO - 26/01/20 04:12:45 INFO TaskSetManager: Finished task 1.0 in stage 0.0 (TID 1) in 1828 ms on 519d7d29de3d (executor driver) (5/13)
[2026-01-20T04:12:45.603+0000] {subprocess.py:93} INFO - 26/01/20 04:12:45 INFO Executor: Finished task 2.0 in stage 0.0 (TID 2). 3024 bytes result sent to driver
[2026-01-20T04:12:45.604+0000] {subprocess.py:93} INFO - 26/01/20 04:12:45 INFO Executor: Finished task 0.0 in stage 0.0 (TID 0). 3024 bytes result sent to driver
[2026-01-20T04:12:45.606+0000] {subprocess.py:93} INFO - 26/01/20 04:12:45 INFO TaskSetManager: Finished task 8.0 in stage 0.0 (TID 8) in 1824 ms on 519d7d29de3d (executor driver) (6/13)
[2026-01-20T04:12:45.607+0000] {subprocess.py:93} INFO - 26/01/20 04:12:45 INFO Executor: Finished task 3.0 in stage 0.0 (TID 3). 3024 bytes result sent to driver
[2026-01-20T04:12:45.608+0000] {subprocess.py:93} INFO - 26/01/20 04:12:45 INFO Executor: Finished task 11.0 in stage 0.0 (TID 11). 3024 bytes result sent to driver
[2026-01-20T04:12:45.609+0000] {subprocess.py:93} INFO - 26/01/20 04:12:45 INFO TaskSetManager: Finished task 10.0 in stage 0.0 (TID 10) in 1822 ms on 519d7d29de3d (executor driver) (7/13)
[2026-01-20T04:12:45.610+0000] {subprocess.py:93} INFO - 26/01/20 04:12:45 INFO TaskSetManager: Finished task 4.0 in stage 0.0 (TID 4) in 1828 ms on 519d7d29de3d (executor driver) (8/13)
[2026-01-20T04:12:45.611+0000] {subprocess.py:93} INFO - 26/01/20 04:12:45 INFO TaskSetManager: Finished task 7.0 in stage 0.0 (TID 7) in 1828 ms on 519d7d29de3d (executor driver) (9/13)
[2026-01-20T04:12:45.612+0000] {subprocess.py:93} INFO - 26/01/20 04:12:45 INFO TaskSetManager: Finished task 2.0 in stage 0.0 (TID 2) in 1831 ms on 519d7d29de3d (executor driver) (10/13)
[2026-01-20T04:12:45.614+0000] {subprocess.py:93} INFO - 26/01/20 04:12:45 INFO TaskSetManager: Finished task 0.0 in stage 0.0 (TID 0) in 1857 ms on 519d7d29de3d (executor driver) (11/13)
[2026-01-20T04:12:45.615+0000] {subprocess.py:93} INFO - 26/01/20 04:12:45 INFO TaskSetManager: Finished task 3.0 in stage 0.0 (TID 3) in 1834 ms on 519d7d29de3d (executor driver) (12/13)
[2026-01-20T04:12:45.616+0000] {subprocess.py:93} INFO - 26/01/20 04:12:45 INFO TaskSetManager: Finished task 11.0 in stage 0.0 (TID 11) in 1828 ms on 519d7d29de3d (executor driver) (13/13)
[2026-01-20T04:12:45.618+0000] {subprocess.py:93} INFO - 26/01/20 04:12:45 INFO DAGScheduler: ResultStage 0 (json at NativeMethodAccessorImpl.java:0) finished in 2.027 s
[2026-01-20T04:12:45.619+0000] {subprocess.py:93} INFO - 26/01/20 04:12:45 INFO TaskSchedulerImpl: Removed TaskSet 0.0, whose tasks have all completed, from pool
[2026-01-20T04:12:45.624+0000] {subprocess.py:93} INFO - 26/01/20 04:12:45 INFO DAGScheduler: Job 0 is finished. Cancelling potential speculative or zombie tasks for this job
[2026-01-20T04:12:45.626+0000] {subprocess.py:93} INFO - 26/01/20 04:12:45 INFO TaskSchedulerImpl: Killing all running tasks in stage 0: Stage finished
[2026-01-20T04:12:45.628+0000] {subprocess.py:93} INFO - 26/01/20 04:12:45 INFO DAGScheduler: Job 0 finished: json at NativeMethodAccessorImpl.java:0, took 2.084931 s
[2026-01-20T04:12:45.793+0000] {subprocess.py:93} INFO - 26/01/20 04:12:45 INFO InMemoryFileIndex: It took 12 ms to list leaf files for 1 paths.
[2026-01-20T04:12:45.826+0000] {subprocess.py:93} INFO - 26/01/20 04:12:45 INFO InMemoryFileIndex: It took 16 ms to list leaf files for 1 paths.
[2026-01-20T04:12:45.896+0000] {subprocess.py:93} INFO - 26/01/20 04:12:45 INFO FileSourceStrategy: Pushed Filters:
[2026-01-20T04:12:45.898+0000] {subprocess.py:93} INFO - 26/01/20 04:12:45 INFO FileSourceStrategy: Post-Scan Filters:
[2026-01-20T04:12:45.908+0000] {subprocess.py:93} INFO - 26/01/20 04:12:45 INFO MemoryStore: Block broadcast_2 stored as values in memory (estimated size 199.2 KiB, free 434.0 MiB)
[2026-01-20T04:12:45.935+0000] {subprocess.py:93} INFO - 26/01/20 04:12:45 INFO MemoryStore: Block broadcast_2_piece0 stored as bytes in memory (estimated size 34.2 KiB, free 433.9 MiB)
[2026-01-20T04:12:45.936+0000] {subprocess.py:93} INFO - 26/01/20 04:12:45 INFO BlockManagerInfo: Added broadcast_2_piece0 in memory on 519d7d29de3d:42283 (size: 34.2 KiB, free: 434.3 MiB)
[2026-01-20T04:12:45.939+0000] {subprocess.py:93} INFO - 26/01/20 04:12:45 INFO SparkContext: Created broadcast 2 from json at NativeMethodAccessorImpl.java:0
[2026-01-20T04:12:45.941+0000] {subprocess.py:93} INFO - 26/01/20 04:12:45 INFO FileSourceScanExec: Planning scan with bin packing, max size: 4194304 bytes, open cost is considered as scanning 4194304 bytes.
[2026-01-20T04:12:45.960+0000] {subprocess.py:93} INFO - 26/01/20 04:12:45 INFO SparkContext: Starting job: json at NativeMethodAccessorImpl.java:0
[2026-01-20T04:12:45.962+0000] {subprocess.py:93} INFO - 26/01/20 04:12:45 INFO DAGScheduler: Got job 1 (json at NativeMethodAccessorImpl.java:0) with 8 output partitions
[2026-01-20T04:12:45.963+0000] {subprocess.py:93} INFO - 26/01/20 04:12:45 INFO DAGScheduler: Final stage: ResultStage 1 (json at NativeMethodAccessorImpl.java:0)
[2026-01-20T04:12:45.963+0000] {subprocess.py:93} INFO - 26/01/20 04:12:45 INFO DAGScheduler: Parents of final stage: List()
[2026-01-20T04:12:45.964+0000] {subprocess.py:93} INFO - 26/01/20 04:12:45 INFO DAGScheduler: Missing parents: List()
[2026-01-20T04:12:45.965+0000] {subprocess.py:93} INFO - 26/01/20 04:12:45 INFO DAGScheduler: Submitting ResultStage 1 (MapPartitionsRDD[7] at json at NativeMethodAccessorImpl.java:0), which has no missing parents
[2026-01-20T04:12:45.968+0000] {subprocess.py:93} INFO - 26/01/20 04:12:45 INFO MemoryStore: Block broadcast_3 stored as values in memory (estimated size 16.0 KiB, free 433.9 MiB)
[2026-01-20T04:12:45.970+0000] {subprocess.py:93} INFO - 26/01/20 04:12:45 INFO MemoryStore: Block broadcast_3_piece0 stored as bytes in memory (estimated size 7.5 KiB, free 433.9 MiB)
[2026-01-20T04:12:45.971+0000] {subprocess.py:93} INFO - 26/01/20 04:12:45 INFO BlockManagerInfo: Added broadcast_3_piece0 in memory on 519d7d29de3d:42283 (size: 7.5 KiB, free: 434.3 MiB)
[2026-01-20T04:12:45.972+0000] {subprocess.py:93} INFO - 26/01/20 04:12:45 INFO SparkContext: Created broadcast 3 from broadcast at DAGScheduler.scala:1580
[2026-01-20T04:12:45.974+0000] {subprocess.py:93} INFO - 26/01/20 04:12:45 INFO DAGScheduler: Submitting 8 missing tasks from ResultStage 1 (MapPartitionsRDD[7] at json at NativeMethodAccessorImpl.java:0) (first 15 tasks are for partitions Vector(0, 1, 2, 3, 4, 5, 6, 7))
[2026-01-20T04:12:45.975+0000] {subprocess.py:93} INFO - 26/01/20 04:12:45 INFO TaskSchedulerImpl: Adding task set 1.0 with 8 tasks resource profile 0
[2026-01-20T04:12:45.979+0000] {subprocess.py:93} INFO - 26/01/20 04:12:45 INFO TaskSetManager: Starting task 0.0 in stage 1.0 (TID 13) (519d7d29de3d, executor driver, partition 0, PROCESS_LOCAL, 8244 bytes)
[2026-01-20T04:12:45.980+0000] {subprocess.py:93} INFO - 26/01/20 04:12:45 INFO TaskSetManager: Starting task 1.0 in stage 1.0 (TID 14) (519d7d29de3d, executor driver, partition 1, PROCESS_LOCAL, 8244 bytes)
[2026-01-20T04:12:45.981+0000] {subprocess.py:93} INFO - 26/01/20 04:12:45 INFO TaskSetManager: Starting task 2.0 in stage 1.0 (TID 15) (519d7d29de3d, executor driver, partition 2, PROCESS_LOCAL, 8244 bytes)
[2026-01-20T04:12:45.982+0000] {subprocess.py:93} INFO - 26/01/20 04:12:45 INFO TaskSetManager: Starting task 3.0 in stage 1.0 (TID 16) (519d7d29de3d, executor driver, partition 3, PROCESS_LOCAL, 8244 bytes)
[2026-01-20T04:12:45.983+0000] {subprocess.py:93} INFO - 26/01/20 04:12:45 INFO TaskSetManager: Starting task 4.0 in stage 1.0 (TID 17) (519d7d29de3d, executor driver, partition 4, PROCESS_LOCAL, 8244 bytes)
[2026-01-20T04:12:45.984+0000] {subprocess.py:93} INFO - 26/01/20 04:12:45 INFO TaskSetManager: Starting task 5.0 in stage 1.0 (TID 18) (519d7d29de3d, executor driver, partition 5, PROCESS_LOCAL, 8244 bytes)
[2026-01-20T04:12:45.984+0000] {subprocess.py:93} INFO - 26/01/20 04:12:45 INFO TaskSetManager: Starting task 6.0 in stage 1.0 (TID 19) (519d7d29de3d, executor driver, partition 6, PROCESS_LOCAL, 8244 bytes)
[2026-01-20T04:12:45.985+0000] {subprocess.py:93} INFO - 26/01/20 04:12:45 INFO TaskSetManager: Starting task 7.0 in stage 1.0 (TID 20) (519d7d29de3d, executor driver, partition 7, PROCESS_LOCAL, 8244 bytes)
[2026-01-20T04:12:45.987+0000] {subprocess.py:93} INFO - 26/01/20 04:12:45 INFO Executor: Running task 0.0 in stage 1.0 (TID 13)
[2026-01-20T04:12:45.988+0000] {subprocess.py:93} INFO - 26/01/20 04:12:45 INFO Executor: Running task 3.0 in stage 1.0 (TID 16)
[2026-01-20T04:12:45.990+0000] {subprocess.py:93} INFO - 26/01/20 04:12:45 INFO Executor: Running task 2.0 in stage 1.0 (TID 15)
[2026-01-20T04:12:45.993+0000] {subprocess.py:93} INFO - 26/01/20 04:12:45 INFO Executor: Running task 1.0 in stage 1.0 (TID 14)
[2026-01-20T04:12:45.994+0000] {subprocess.py:93} INFO - 26/01/20 04:12:45 INFO Executor: Running task 4.0 in stage 1.0 (TID 17)
[2026-01-20T04:12:45.996+0000] {subprocess.py:93} INFO - 26/01/20 04:12:45 INFO Executor: Running task 6.0 in stage 1.0 (TID 19)
[2026-01-20T04:12:45.998+0000] {subprocess.py:93} INFO - 26/01/20 04:12:45 INFO Executor: Running task 7.0 in stage 1.0 (TID 20)
[2026-01-20T04:12:45.999+0000] {subprocess.py:93} INFO - 26/01/20 04:12:45 INFO Executor: Running task 5.0 in stage 1.0 (TID 18)
[2026-01-20T04:12:46.000+0000] {subprocess.py:93} INFO - 26/01/20 04:12:45 INFO FileScanRDD: Reading File path: file:///opt/spark-data/landing/user_events_1768879431.2231393.json, range: 4194304-8388608, partition values: [empty row]
[2026-01-20T04:12:46.001+0000] {subprocess.py:93} INFO - 26/01/20 04:12:45 INFO FileScanRDD: Reading File path: file:///opt/spark-data/landing/user_events_1768879431.2231393.json, range: 12582912-16777216, partition values: [empty row]
[2026-01-20T04:12:46.002+0000] {subprocess.py:93} INFO - 26/01/20 04:12:45 INFO FileScanRDD: Reading File path: file:///opt/spark-data/landing/user_events_1768879431.2231393.json, range: 25165824-29360128, partition values: [empty row]
[2026-01-20T04:12:46.003+0000] {subprocess.py:93} INFO - 26/01/20 04:12:46 INFO FileScanRDD: Reading File path: file:///opt/spark-data/landing/user_events_1768879431.2231393.json, range: 29360128-33532706, partition values: [empty row]
[2026-01-20T04:12:46.005+0000] {subprocess.py:93} INFO - 26/01/20 04:12:46 INFO FileScanRDD: Reading File path: file:///opt/spark-data/landing/user_events_1768879431.2231393.json, range: 16777216-20971520, partition values: [empty row]
[2026-01-20T04:12:46.006+0000] {subprocess.py:93} INFO - 26/01/20 04:12:46 INFO FileScanRDD: Reading File path: file:///opt/spark-data/landing/user_events_1768879431.2231393.json, range: 0-4194304, partition values: [empty row]
[2026-01-20T04:12:46.008+0000] {subprocess.py:93} INFO - 26/01/20 04:12:46 INFO FileScanRDD: Reading File path: file:///opt/spark-data/landing/user_events_1768879431.2231393.json, range: 20971520-25165824, partition values: [empty row]
[2026-01-20T04:12:46.009+0000] {subprocess.py:93} INFO - 26/01/20 04:12:46 INFO FileScanRDD: Reading File path: file:///opt/spark-data/landing/user_events_1768879431.2231393.json, range: 8388608-12582912, partition values: [empty row]
[2026-01-20T04:12:46.682+0000] {subprocess.py:93} INFO - 26/01/20 04:12:46 INFO Executor: Finished task 7.0 in stage 1.0 (TID 20). 2401 bytes result sent to driver
[2026-01-20T04:12:46.689+0000] {subprocess.py:93} INFO - 26/01/20 04:12:46 INFO TaskSetManager: Finished task 7.0 in stage 1.0 (TID 20) in 705 ms on 519d7d29de3d (executor driver) (1/8)
[2026-01-20T04:12:46.690+0000] {subprocess.py:93} INFO - 26/01/20 04:12:46 INFO Executor: Finished task 0.0 in stage 1.0 (TID 13). 2401 bytes result sent to driver
[2026-01-20T04:12:46.692+0000] {subprocess.py:93} INFO - 26/01/20 04:12:46 INFO TaskSetManager: Finished task 0.0 in stage 1.0 (TID 13) in 714 ms on 519d7d29de3d (executor driver) (2/8)
[2026-01-20T04:12:46.695+0000] {subprocess.py:93} INFO - 26/01/20 04:12:46 INFO Executor: Finished task 2.0 in stage 1.0 (TID 15). 2401 bytes result sent to driver
[2026-01-20T04:12:46.696+0000] {subprocess.py:93} INFO - 26/01/20 04:12:46 INFO Executor: Finished task 5.0 in stage 1.0 (TID 18). 2401 bytes result sent to driver
[2026-01-20T04:12:46.700+0000] {subprocess.py:93} INFO - 26/01/20 04:12:46 INFO Executor: Finished task 3.0 in stage 1.0 (TID 16). 2401 bytes result sent to driver
[2026-01-20T04:12:46.701+0000] {subprocess.py:93} INFO - 26/01/20 04:12:46 INFO TaskSetManager: Finished task 5.0 in stage 1.0 (TID 18) in 716 ms on 519d7d29de3d (executor driver) (3/8)
[2026-01-20T04:12:46.702+0000] {subprocess.py:93} INFO - 26/01/20 04:12:46 INFO TaskSetManager: Finished task 2.0 in stage 1.0 (TID 15) in 720 ms on 519d7d29de3d (executor driver) (4/8)
[2026-01-20T04:12:46.703+0000] {subprocess.py:93} INFO - 26/01/20 04:12:46 INFO Executor: Finished task 4.0 in stage 1.0 (TID 17). 2401 bytes result sent to driver
[2026-01-20T04:12:46.704+0000] {subprocess.py:93} INFO - 26/01/20 04:12:46 INFO Executor: Finished task 1.0 in stage 1.0 (TID 14). 2401 bytes result sent to driver
[2026-01-20T04:12:46.705+0000] {subprocess.py:93} INFO - 26/01/20 04:12:46 INFO Executor: Finished task 6.0 in stage 1.0 (TID 19). 2401 bytes result sent to driver
[2026-01-20T04:12:46.706+0000] {subprocess.py:93} INFO - 26/01/20 04:12:46 INFO TaskSetManager: Finished task 3.0 in stage 1.0 (TID 16) in 722 ms on 519d7d29de3d (executor driver) (5/8)
[2026-01-20T04:12:46.707+0000] {subprocess.py:93} INFO - 26/01/20 04:12:46 INFO TaskSetManager: Finished task 4.0 in stage 1.0 (TID 17) in 725 ms on 519d7d29de3d (executor driver) (6/8)
[2026-01-20T04:12:46.709+0000] {subprocess.py:93} INFO - 26/01/20 04:12:46 INFO TaskSetManager: Finished task 1.0 in stage 1.0 (TID 14) in 729 ms on 519d7d29de3d (executor driver) (7/8)
[2026-01-20T04:12:46.711+0000] {subprocess.py:93} INFO - 26/01/20 04:12:46 INFO TaskSetManager: Finished task 6.0 in stage 1.0 (TID 19) in 728 ms on 519d7d29de3d (executor driver) (8/8)
[2026-01-20T04:12:46.716+0000] {subprocess.py:93} INFO - 26/01/20 04:12:46 INFO TaskSchedulerImpl: Removed TaskSet 1.0, whose tasks have all completed, from pool
[2026-01-20T04:12:46.717+0000] {subprocess.py:93} INFO - 26/01/20 04:12:46 INFO DAGScheduler: ResultStage 1 (json at NativeMethodAccessorImpl.java:0) finished in 0.747 s
[2026-01-20T04:12:46.718+0000] {subprocess.py:93} INFO - 26/01/20 04:12:46 INFO DAGScheduler: Job 1 is finished. Cancelling potential speculative or zombie tasks for this job
[2026-01-20T04:12:46.719+0000] {subprocess.py:93} INFO - 26/01/20 04:12:46 INFO TaskSchedulerImpl: Killing all running tasks in stage 1: Stage finished
[2026-01-20T04:12:46.720+0000] {subprocess.py:93} INFO - 26/01/20 04:12:46 INFO DAGScheduler: Job 1 finished: json at NativeMethodAccessorImpl.java:0, took 0.753993 s
[2026-01-20T04:12:47.326+0000] {subprocess.py:93} INFO - 26/01/20 04:12:47 INFO FileSourceStrategy: Pushed Filters: IsNotNull(line_items),IsNotNull(user_id)
[2026-01-20T04:12:47.327+0000] {subprocess.py:93} INFO - 26/01/20 04:12:47 INFO FileSourceStrategy: Post-Scan Filters: (size(line_items#10, true) > 0),isnotnull(line_items#10),isnotnull(user_id#21)
[2026-01-20T04:12:47.333+0000] {subprocess.py:93} INFO - 26/01/20 04:12:47 INFO FileSourceStrategy: Pushed Filters: IsNotNull(user_id),IsNotNull(product_id)
[2026-01-20T04:12:47.334+0000] {subprocess.py:93} INFO - 26/01/20 04:12:47 INFO FileSourceStrategy: Post-Scan Filters: isnotnull(user_id#58),isnotnull(product_id#53)
[2026-01-20T04:12:47.499+0000] {subprocess.py:93} INFO - 26/01/20 04:12:47 WARN SparkStringUtils: Truncated the string representation of a plan since it was too large. This behavior can be adjusted by setting 'spark.sql.debug.maxToStringFields'.
[2026-01-20T04:12:47.838+0000] {subprocess.py:93} INFO - 26/01/20 04:12:47 INFO CodeGenerator: Code generated in 152.013034 ms
[2026-01-20T04:12:47.850+0000] {subprocess.py:93} INFO - 26/01/20 04:12:47 INFO MemoryStore: Block broadcast_4 stored as values in memory (estimated size 199.1 KiB, free 433.7 MiB)
[2026-01-20T04:12:47.868+0000] {subprocess.py:93} INFO - 26/01/20 04:12:47 INFO MemoryStore: Block broadcast_4_piece0 stored as bytes in memory (estimated size 34.2 KiB, free 433.7 MiB)
[2026-01-20T04:12:47.869+0000] {subprocess.py:93} INFO - 26/01/20 04:12:47 INFO BlockManagerInfo: Added broadcast_4_piece0 in memory on 519d7d29de3d:42283 (size: 34.2 KiB, free: 434.3 MiB)
[2026-01-20T04:12:47.871+0000] {subprocess.py:93} INFO - 26/01/20 04:12:47 INFO SparkContext: Created broadcast 4 from showString at NativeMethodAccessorImpl.java:0
[2026-01-20T04:12:47.876+0000] {subprocess.py:93} INFO - 26/01/20 04:12:47 INFO FileSourceScanExec: Planning scan with bin packing, max size: 4194304 bytes, open cost is considered as scanning 4194304 bytes.
[2026-01-20T04:12:47.924+0000] {subprocess.py:93} INFO - 26/01/20 04:12:47 INFO DAGScheduler: Registering RDD 11 (showString at NativeMethodAccessorImpl.java:0) as input to shuffle 0
[2026-01-20T04:12:47.932+0000] {subprocess.py:93} INFO - 26/01/20 04:12:47 INFO DAGScheduler: Got map stage job 2 (showString at NativeMethodAccessorImpl.java:0) with 13 output partitions
[2026-01-20T04:12:47.933+0000] {subprocess.py:93} INFO - 26/01/20 04:12:47 INFO DAGScheduler: Final stage: ShuffleMapStage 2 (showString at NativeMethodAccessorImpl.java:0)
[2026-01-20T04:12:47.934+0000] {subprocess.py:93} INFO - 26/01/20 04:12:47 INFO DAGScheduler: Parents of final stage: List()
[2026-01-20T04:12:47.935+0000] {subprocess.py:93} INFO - 26/01/20 04:12:47 INFO DAGScheduler: Missing parents: List()
[2026-01-20T04:12:47.938+0000] {subprocess.py:93} INFO - 26/01/20 04:12:47 INFO DAGScheduler: Submitting ShuffleMapStage 2 (MapPartitionsRDD[11] at showString at NativeMethodAccessorImpl.java:0), which has no missing parents
[2026-01-20T04:12:47.975+0000] {subprocess.py:93} INFO - 26/01/20 04:12:47 INFO CodeGenerator: Code generated in 39.504731 ms
[2026-01-20T04:12:47.982+0000] {subprocess.py:93} INFO - 26/01/20 04:12:47 INFO MemoryStore: Block broadcast_5 stored as values in memory (estimated size 199.1 KiB, free 433.5 MiB)
[2026-01-20T04:12:47.985+0000] {subprocess.py:93} INFO - 26/01/20 04:12:47 INFO MemoryStore: Block broadcast_6 stored as values in memory (estimated size 44.3 KiB, free 433.4 MiB)
[2026-01-20T04:12:47.988+0000] {subprocess.py:93} INFO - 26/01/20 04:12:47 INFO MemoryStore: Block broadcast_6_piece0 stored as bytes in memory (estimated size 16.6 KiB, free 433.4 MiB)
[2026-01-20T04:12:47.991+0000] {subprocess.py:93} INFO - 26/01/20 04:12:47 INFO BlockManagerInfo: Added broadcast_6_piece0 in memory on 519d7d29de3d:42283 (size: 16.6 KiB, free: 434.3 MiB)
[2026-01-20T04:12:47.992+0000] {subprocess.py:93} INFO - 26/01/20 04:12:47 INFO SparkContext: Created broadcast 6 from broadcast at DAGScheduler.scala:1580
[2026-01-20T04:12:47.998+0000] {subprocess.py:93} INFO - 26/01/20 04:12:47 INFO DAGScheduler: Submitting 13 missing tasks from ShuffleMapStage 2 (MapPartitionsRDD[11] at showString at NativeMethodAccessorImpl.java:0) (first 15 tasks are for partitions Vector(0, 1, 2, 3, 4, 5, 6, 7, 8, 9, 10, 11, 12))
[2026-01-20T04:12:47.999+0000] {subprocess.py:93} INFO - 26/01/20 04:12:47 INFO TaskSchedulerImpl: Adding task set 2.0 with 13 tasks resource profile 0
[2026-01-20T04:12:48.000+0000] {subprocess.py:93} INFO - 26/01/20 04:12:47 INFO MemoryStore: Block broadcast_5_piece0 stored as bytes in memory (estimated size 34.2 KiB, free 433.4 MiB)
[2026-01-20T04:12:48.003+0000] {subprocess.py:93} INFO - 26/01/20 04:12:48 INFO BlockManagerInfo: Added broadcast_5_piece0 in memory on 519d7d29de3d:42283 (size: 34.2 KiB, free: 434.2 MiB)
[2026-01-20T04:12:48.004+0000] {subprocess.py:93} INFO - 26/01/20 04:12:48 INFO SparkContext: Created broadcast 5 from showString at NativeMethodAccessorImpl.java:0
[2026-01-20T04:12:48.005+0000] {subprocess.py:93} INFO - 26/01/20 04:12:48 INFO TaskSetManager: Starting task 0.0 in stage 2.0 (TID 21) (519d7d29de3d, executor driver, partition 0, PROCESS_LOCAL, 8240 bytes)
[2026-01-20T04:12:48.006+0000] {subprocess.py:93} INFO - 26/01/20 04:12:48 INFO TaskSetManager: Starting task 1.0 in stage 2.0 (TID 22) (519d7d29de3d, executor driver, partition 1, PROCESS_LOCAL, 8240 bytes)
[2026-01-20T04:12:48.008+0000] {subprocess.py:93} INFO - 26/01/20 04:12:48 INFO TaskSetManager: Starting task 2.0 in stage 2.0 (TID 23) (519d7d29de3d, executor driver, partition 2, PROCESS_LOCAL, 8240 bytes)
[2026-01-20T04:12:48.008+0000] {subprocess.py:93} INFO - 26/01/20 04:12:48 INFO FileSourceScanExec: Planning scan with bin packing, max size: 4194304 bytes, open cost is considered as scanning 4194304 bytes.
[2026-01-20T04:12:48.009+0000] {subprocess.py:93} INFO - 26/01/20 04:12:48 INFO TaskSetManager: Starting task 3.0 in stage 2.0 (TID 24) (519d7d29de3d, executor driver, partition 3, PROCESS_LOCAL, 8240 bytes)
[2026-01-20T04:12:48.010+0000] {subprocess.py:93} INFO - 26/01/20 04:12:48 INFO TaskSetManager: Starting task 4.0 in stage 2.0 (TID 25) (519d7d29de3d, executor driver, partition 4, PROCESS_LOCAL, 8240 bytes)
[2026-01-20T04:12:48.011+0000] {subprocess.py:93} INFO - 26/01/20 04:12:48 INFO TaskSetManager: Starting task 5.0 in stage 2.0 (TID 26) (519d7d29de3d, executor driver, partition 5, PROCESS_LOCAL, 8240 bytes)
[2026-01-20T04:12:48.012+0000] {subprocess.py:93} INFO - 26/01/20 04:12:48 INFO TaskSetManager: Starting task 6.0 in stage 2.0 (TID 27) (519d7d29de3d, executor driver, partition 6, PROCESS_LOCAL, 8240 bytes)
[2026-01-20T04:12:48.012+0000] {subprocess.py:93} INFO - 26/01/20 04:12:48 INFO TaskSetManager: Starting task 7.0 in stage 2.0 (TID 28) (519d7d29de3d, executor driver, partition 7, PROCESS_LOCAL, 8240 bytes)
[2026-01-20T04:12:48.013+0000] {subprocess.py:93} INFO - 26/01/20 04:12:48 INFO TaskSetManager: Starting task 8.0 in stage 2.0 (TID 29) (519d7d29de3d, executor driver, partition 8, PROCESS_LOCAL, 8240 bytes)
[2026-01-20T04:12:48.014+0000] {subprocess.py:93} INFO - 26/01/20 04:12:48 INFO TaskSetManager: Starting task 9.0 in stage 2.0 (TID 30) (519d7d29de3d, executor driver, partition 9, PROCESS_LOCAL, 8240 bytes)
[2026-01-20T04:12:48.015+0000] {subprocess.py:93} INFO - 26/01/20 04:12:48 INFO TaskSetManager: Starting task 10.0 in stage 2.0 (TID 31) (519d7d29de3d, executor driver, partition 10, PROCESS_LOCAL, 8240 bytes)
[2026-01-20T04:12:48.021+0000] {subprocess.py:93} INFO - 26/01/20 04:12:48 INFO TaskSetManager: Starting task 11.0 in stage 2.0 (TID 32) (519d7d29de3d, executor driver, partition 11, PROCESS_LOCAL, 8240 bytes)
[2026-01-20T04:12:48.023+0000] {subprocess.py:93} INFO - 26/01/20 04:12:48 INFO TaskSetManager: Starting task 12.0 in stage 2.0 (TID 33) (519d7d29de3d, executor driver, partition 12, PROCESS_LOCAL, 8240 bytes)
[2026-01-20T04:12:48.025+0000] {subprocess.py:93} INFO - 26/01/20 04:12:48 INFO Executor: Running task 2.0 in stage 2.0 (TID 23)
[2026-01-20T04:12:48.026+0000] {subprocess.py:93} INFO - 26/01/20 04:12:48 INFO Executor: Running task 5.0 in stage 2.0 (TID 26)
[2026-01-20T04:12:48.028+0000] {subprocess.py:93} INFO - 26/01/20 04:12:48 INFO Executor: Running task 4.0 in stage 2.0 (TID 25)
[2026-01-20T04:12:48.029+0000] {subprocess.py:93} INFO - 26/01/20 04:12:48 INFO Executor: Running task 3.0 in stage 2.0 (TID 24)
[2026-01-20T04:12:48.030+0000] {subprocess.py:93} INFO - 26/01/20 04:12:48 INFO Executor: Running task 7.0 in stage 2.0 (TID 28)
[2026-01-20T04:12:48.031+0000] {subprocess.py:93} INFO - 26/01/20 04:12:48 INFO Executor: Running task 6.0 in stage 2.0 (TID 27)
[2026-01-20T04:12:48.035+0000] {subprocess.py:93} INFO - 26/01/20 04:12:48 INFO Executor: Running task 9.0 in stage 2.0 (TID 30)
[2026-01-20T04:12:48.036+0000] {subprocess.py:93} INFO - 26/01/20 04:12:48 INFO Executor: Running task 11.0 in stage 2.0 (TID 32)
[2026-01-20T04:12:48.037+0000] {subprocess.py:93} INFO - 26/01/20 04:12:48 INFO Executor: Running task 10.0 in stage 2.0 (TID 31)
[2026-01-20T04:12:48.038+0000] {subprocess.py:93} INFO - 26/01/20 04:12:48 INFO Executor: Running task 12.0 in stage 2.0 (TID 33)
[2026-01-20T04:12:48.039+0000] {subprocess.py:93} INFO - 26/01/20 04:12:48 INFO Executor: Running task 1.0 in stage 2.0 (TID 22)
[2026-01-20T04:12:48.040+0000] {subprocess.py:93} INFO - 26/01/20 04:12:48 INFO Executor: Running task 8.0 in stage 2.0 (TID 29)
[2026-01-20T04:12:48.041+0000] {subprocess.py:93} INFO - 26/01/20 04:12:48 INFO Executor: Running task 0.0 in stage 2.0 (TID 21)
[2026-01-20T04:12:48.041+0000] {subprocess.py:93} INFO - 26/01/20 04:12:48 INFO DAGScheduler: Registering RDD 15 (showString at NativeMethodAccessorImpl.java:0) as input to shuffle 1
[2026-01-20T04:12:48.042+0000] {subprocess.py:93} INFO - 26/01/20 04:12:48 INFO DAGScheduler: Got map stage job 3 (showString at NativeMethodAccessorImpl.java:0) with 8 output partitions
[2026-01-20T04:12:48.043+0000] {subprocess.py:93} INFO - 26/01/20 04:12:48 INFO DAGScheduler: Final stage: ShuffleMapStage 3 (showString at NativeMethodAccessorImpl.java:0)
[2026-01-20T04:12:48.044+0000] {subprocess.py:93} INFO - 26/01/20 04:12:48 INFO DAGScheduler: Parents of final stage: List()
[2026-01-20T04:12:48.045+0000] {subprocess.py:93} INFO - 26/01/20 04:12:48 INFO DAGScheduler: Missing parents: List()
[2026-01-20T04:12:48.046+0000] {subprocess.py:93} INFO - 26/01/20 04:12:48 INFO DAGScheduler: Submitting ShuffleMapStage 3 (MapPartitionsRDD[15] at showString at NativeMethodAccessorImpl.java:0), which has no missing parents
[2026-01-20T04:12:48.047+0000] {subprocess.py:93} INFO - 26/01/20 04:12:48 INFO MemoryStore: Block broadcast_7 stored as values in memory (estimated size 23.3 KiB, free 433.4 MiB)
[2026-01-20T04:12:48.048+0000] {subprocess.py:93} INFO - 26/01/20 04:12:48 INFO MemoryStore: Block broadcast_7_piece0 stored as bytes in memory (estimated size 9.7 KiB, free 433.4 MiB)
[2026-01-20T04:12:48.049+0000] {subprocess.py:93} INFO - 26/01/20 04:12:48 INFO BlockManagerInfo: Added broadcast_7_piece0 in memory on 519d7d29de3d:42283 (size: 9.7 KiB, free: 434.2 MiB)
[2026-01-20T04:12:48.050+0000] {subprocess.py:93} INFO - 26/01/20 04:12:48 INFO SparkContext: Created broadcast 7 from broadcast at DAGScheduler.scala:1580
[2026-01-20T04:12:48.051+0000] {subprocess.py:93} INFO - 26/01/20 04:12:48 INFO DAGScheduler: Submitting 8 missing tasks from ShuffleMapStage 3 (MapPartitionsRDD[15] at showString at NativeMethodAccessorImpl.java:0) (first 15 tasks are for partitions Vector(0, 1, 2, 3, 4, 5, 6, 7))
[2026-01-20T04:12:48.053+0000] {subprocess.py:93} INFO - 26/01/20 04:12:48 INFO TaskSchedulerImpl: Adding task set 3.0 with 8 tasks resource profile 0
[2026-01-20T04:12:48.056+0000] {subprocess.py:93} INFO - 26/01/20 04:12:48 INFO TaskSetManager: Starting task 0.0 in stage 3.0 (TID 34) (519d7d29de3d, executor driver, partition 0, PROCESS_LOCAL, 8233 bytes)
[2026-01-20T04:12:48.057+0000] {subprocess.py:93} INFO - 26/01/20 04:12:48 INFO TaskSetManager: Starting task 1.0 in stage 3.0 (TID 35) (519d7d29de3d, executor driver, partition 1, PROCESS_LOCAL, 8233 bytes)
[2026-01-20T04:12:48.059+0000] {subprocess.py:93} INFO - 26/01/20 04:12:48 INFO TaskSetManager: Starting task 2.0 in stage 3.0 (TID 36) (519d7d29de3d, executor driver, partition 2, PROCESS_LOCAL, 8233 bytes)
[2026-01-20T04:12:48.060+0000] {subprocess.py:93} INFO - 26/01/20 04:12:48 INFO TaskSetManager: Starting task 3.0 in stage 3.0 (TID 37) (519d7d29de3d, executor driver, partition 3, PROCESS_LOCAL, 8233 bytes)
[2026-01-20T04:12:48.062+0000] {subprocess.py:93} INFO - 26/01/20 04:12:48 INFO TaskSetManager: Starting task 4.0 in stage 3.0 (TID 38) (519d7d29de3d, executor driver, partition 4, PROCESS_LOCAL, 8233 bytes)
[2026-01-20T04:12:48.063+0000] {subprocess.py:93} INFO - 26/01/20 04:12:48 INFO TaskSetManager: Starting task 5.0 in stage 3.0 (TID 39) (519d7d29de3d, executor driver, partition 5, PROCESS_LOCAL, 8233 bytes)
[2026-01-20T04:12:48.064+0000] {subprocess.py:93} INFO - 26/01/20 04:12:48 INFO TaskSetManager: Starting task 6.0 in stage 3.0 (TID 40) (519d7d29de3d, executor driver, partition 6, PROCESS_LOCAL, 8233 bytes)
[2026-01-20T04:12:48.065+0000] {subprocess.py:93} INFO - 26/01/20 04:12:48 INFO Executor: Running task 0.0 in stage 3.0 (TID 34)
[2026-01-20T04:12:48.069+0000] {subprocess.py:93} INFO - 26/01/20 04:12:48 INFO Executor: Running task 1.0 in stage 3.0 (TID 35)
[2026-01-20T04:12:48.070+0000] {subprocess.py:93} INFO - 26/01/20 04:12:48 INFO Executor: Running task 2.0 in stage 3.0 (TID 36)
[2026-01-20T04:12:48.072+0000] {subprocess.py:93} INFO - 26/01/20 04:12:48 INFO Executor: Running task 3.0 in stage 3.0 (TID 37)
[2026-01-20T04:12:48.073+0000] {subprocess.py:93} INFO - 26/01/20 04:12:48 INFO Executor: Running task 4.0 in stage 3.0 (TID 38)
[2026-01-20T04:12:48.075+0000] {subprocess.py:93} INFO - 26/01/20 04:12:48 INFO Executor: Running task 5.0 in stage 3.0 (TID 39)
[2026-01-20T04:12:48.077+0000] {subprocess.py:93} INFO - 26/01/20 04:12:48 INFO Executor: Running task 6.0 in stage 3.0 (TID 40)
[2026-01-20T04:12:48.106+0000] {subprocess.py:93} INFO - 26/01/20 04:12:48 INFO BlockManagerInfo: Removed broadcast_2_piece0 on 519d7d29de3d:42283 in memory (size: 34.2 KiB, free: 434.3 MiB)
[2026-01-20T04:12:48.112+0000] {subprocess.py:93} INFO - 26/01/20 04:12:48 INFO CodeGenerator: Code generated in 37.666876 ms
[2026-01-20T04:12:48.134+0000] {subprocess.py:93} INFO - 26/01/20 04:12:48 INFO BlockManagerInfo: Removed broadcast_3_piece0 on 519d7d29de3d:42283 in memory (size: 7.5 KiB, free: 434.3 MiB)
[2026-01-20T04:12:48.165+0000] {subprocess.py:93} INFO - 26/01/20 04:12:48 INFO CodeGenerator: Code generated in 29.915591 ms
[2026-01-20T04:12:48.166+0000] {subprocess.py:93} INFO - 26/01/20 04:12:48 INFO CodeGenerator: Code generated in 96.416867 ms
[2026-01-20T04:12:48.215+0000] {subprocess.py:93} INFO - 26/01/20 04:12:48 INFO CodeGenerator: Code generated in 33.313395 ms
[2026-01-20T04:12:48.222+0000] {subprocess.py:93} INFO - 26/01/20 04:12:48 INFO FileScanRDD: Reading File path: file:///opt/spark-data/landing/user_events_1768879431.2231393.json, range: 16777216-20971520, partition values: [empty row]
[2026-01-20T04:12:48.234+0000] {subprocess.py:93} INFO - 26/01/20 04:12:48 INFO FileScanRDD: Reading File path: file:///opt/spark-data/landing/transaction_events_1768879479.1820476.json, range: 41943040-46137344, partition values: [empty row]
[2026-01-20T04:12:48.240+0000] {subprocess.py:93} INFO - 26/01/20 04:12:48 INFO FileScanRDD: Reading File path: file:///opt/spark-data/landing/transaction_events_1768879479.1820476.json, range: 8388608-12582912, partition values: [empty row]
[2026-01-20T04:12:48.242+0000] {subprocess.py:93} INFO - 26/01/20 04:12:48 INFO FileScanRDD: Reading File path: file:///opt/spark-data/landing/transaction_events_1768879479.1820476.json, range: 29360128-33554432, partition values: [empty row]
[2026-01-20T04:12:48.254+0000] {subprocess.py:93} INFO - 26/01/20 04:12:48 INFO FileScanRDD: Reading File path: file:///opt/spark-data/landing/user_events_1768879431.2231393.json, range: 20971520-25165824, partition values: [empty row]
[2026-01-20T04:12:48.283+0000] {subprocess.py:93} INFO - 26/01/20 04:12:48 INFO FileScanRDD: Reading File path: file:///opt/spark-data/landing/transaction_events_1768879479.1820476.json, range: 33554432-37748736, partition values: [empty row]
[2026-01-20T04:12:48.305+0000] {subprocess.py:93} INFO - 26/01/20 04:12:48 INFO FileScanRDD: Reading File path: file:///opt/spark-data/landing/transaction_events_1768879479.1820476.json, range: 46137344-50331648, partition values: [empty row]
[2026-01-20T04:12:48.309+0000] {subprocess.py:93} INFO - 26/01/20 04:12:48 INFO FileScanRDD: Reading File path: file:///opt/spark-data/landing/transaction_events_1768879479.1820476.json, range: 12582912-16777216, partition values: [empty row]
[2026-01-20T04:12:48.311+0000] {subprocess.py:93} INFO - 26/01/20 04:12:48 INFO FileScanRDD: Reading File path: file:///opt/spark-data/landing/transaction_events_1768879479.1820476.json, range: 16777216-20971520, partition values: [empty row]
[2026-01-20T04:12:48.319+0000] {subprocess.py:93} INFO - 26/01/20 04:12:48 INFO FileScanRDD: Reading File path: file:///opt/spark-data/landing/transaction_events_1768879479.1820476.json, range: 37748736-41943040, partition values: [empty row]
[2026-01-20T04:12:48.325+0000] {subprocess.py:93} INFO - 26/01/20 04:12:48 INFO FileScanRDD: Reading File path: file:///opt/spark-data/landing/transaction_events_1768879479.1820476.json, range: 4194304-8388608, partition values: [empty row]
[2026-01-20T04:12:48.334+0000] {subprocess.py:93} INFO - 26/01/20 04:12:48 INFO FileScanRDD: Reading File path: file:///opt/spark-data/landing/transaction_events_1768879479.1820476.json, range: 25165824-29360128, partition values: [empty row]
[2026-01-20T04:12:48.336+0000] {subprocess.py:93} INFO - 26/01/20 04:12:48 INFO FileScanRDD: Reading File path: file:///opt/spark-data/landing/transaction_events_1768879479.1820476.json, range: 20971520-25165824, partition values: [empty row]
[2026-01-20T04:12:48.346+0000] {subprocess.py:93} INFO - 26/01/20 04:12:48 INFO FileScanRDD: Reading File path: file:///opt/spark-data/landing/user_events_1768879431.2231393.json, range: 4194304-8388608, partition values: [empty row]
[2026-01-20T04:12:48.347+0000] {subprocess.py:93} INFO - 26/01/20 04:12:48 INFO FileScanRDD: Reading File path: file:///opt/spark-data/landing/user_events_1768879431.2231393.json, range: 8388608-12582912, partition values: [empty row]
[2026-01-20T04:12:48.349+0000] {subprocess.py:93} INFO - 26/01/20 04:12:48 INFO FileScanRDD: Reading File path: file:///opt/spark-data/landing/user_events_1768879431.2231393.json, range: 12582912-16777216, partition values: [empty row]
[2026-01-20T04:12:48.352+0000] {subprocess.py:93} INFO - 26/01/20 04:12:48 INFO FileScanRDD: Reading File path: file:///opt/spark-data/landing/user_events_1768879431.2231393.json, range: 25165824-29360128, partition values: [empty row]
[2026-01-20T04:12:48.355+0000] {subprocess.py:93} INFO - 26/01/20 04:12:48 INFO FileScanRDD: Reading File path: file:///opt/spark-data/landing/user_events_1768879431.2231393.json, range: 0-4194304, partition values: [empty row]
[2026-01-20T04:12:48.358+0000] {subprocess.py:93} INFO - 26/01/20 04:12:48 INFO FileScanRDD: Reading File path: file:///opt/spark-data/landing/transaction_events_1768879479.1820476.json, range: 50331648-51561162, partition values: [empty row]
[2026-01-20T04:12:48.360+0000] {subprocess.py:93} INFO - 26/01/20 04:12:48 INFO FileScanRDD: Reading File path: file:///opt/spark-data/landing/transaction_events_1768879479.1820476.json, range: 0-4194304, partition values: [empty row]
[2026-01-20T04:12:48.384+0000] {subprocess.py:93} INFO - 26/01/20 04:12:48 INFO CodeGenerator: Code generated in 131.637595 ms
[2026-01-20T04:12:48.467+0000] {subprocess.py:93} INFO - 26/01/20 04:12:48 INFO CodeGenerator: Code generated in 98.993857 ms
[2026-01-20T04:12:48.473+0000] {subprocess.py:93} INFO - 26/01/20 04:12:48 INFO CodeGenerator: Code generated in 15.156545 ms
[2026-01-20T04:12:48.492+0000] {subprocess.py:93} INFO - 26/01/20 04:12:48 INFO CodeGenerator: Code generated in 14.806663 ms
[2026-01-20T04:12:48.494+0000] {subprocess.py:93} INFO - 26/01/20 04:12:48 INFO CodeGenerator: Code generated in 14.000459 ms
[2026-01-20T04:12:48.505+0000] {subprocess.py:93} INFO - 26/01/20 04:12:48 INFO CodeGenerator: Code generated in 9.390021 ms
[2026-01-20T04:12:49.129+0000] {subprocess.py:93} INFO - 26/01/20 04:12:49 INFO BlockManagerInfo: Removed broadcast_0_piece0 on 519d7d29de3d:42283 in memory (size: 34.2 KiB, free: 434.3 MiB)
[2026-01-20T04:12:49.184+0000] {subprocess.py:93} INFO - 26/01/20 04:12:49 INFO BlockManagerInfo: Removed broadcast_1_piece0 on 519d7d29de3d:42283 in memory (size: 7.5 KiB, free: 434.3 MiB)
[2026-01-20T04:12:50.893+0000] {subprocess.py:93} INFO - 26/01/20 04:12:50 INFO Executor: Finished task 12.0 in stage 2.0 (TID 33). 2243 bytes result sent to driver
[2026-01-20T04:12:50.903+0000] {subprocess.py:93} INFO - 26/01/20 04:12:50 INFO TaskSetManager: Starting task 7.0 in stage 3.0 (TID 41) (519d7d29de3d, executor driver, partition 7, PROCESS_LOCAL, 8233 bytes)
[2026-01-20T04:12:50.911+0000] {subprocess.py:93} INFO - 26/01/20 04:12:50 INFO Executor: Running task 7.0 in stage 3.0 (TID 41)
[2026-01-20T04:12:50.914+0000] {subprocess.py:93} INFO - 26/01/20 04:12:50 INFO TaskSetManager: Finished task 12.0 in stage 2.0 (TID 33) in 2898 ms on 519d7d29de3d (executor driver) (1/13)
[2026-01-20T04:12:50.936+0000] {subprocess.py:93} INFO - 26/01/20 04:12:50 INFO FileScanRDD: Reading File path: file:///opt/spark-data/landing/user_events_1768879431.2231393.json, range: 29360128-33532706, partition values: [empty row]
[2026-01-20T04:12:51.411+0000] {subprocess.py:93} INFO - 26/01/20 04:12:51 INFO Executor: Finished task 5.0 in stage 3.0 (TID 39). 2131 bytes result sent to driver
[2026-01-20T04:12:51.421+0000] {subprocess.py:93} INFO - 26/01/20 04:12:51 INFO Executor: Finished task 6.0 in stage 3.0 (TID 40). 2088 bytes result sent to driver
[2026-01-20T04:12:51.431+0000] {subprocess.py:93} INFO - 26/01/20 04:12:51 INFO TaskSetManager: Finished task 6.0 in stage 3.0 (TID 40) in 3368 ms on 519d7d29de3d (executor driver) (1/8)
[2026-01-20T04:12:51.435+0000] {subprocess.py:93} INFO - 26/01/20 04:12:51 INFO TaskSetManager: Finished task 5.0 in stage 3.0 (TID 39) in 3372 ms on 519d7d29de3d (executor driver) (2/8)
[2026-01-20T04:12:51.566+0000] {subprocess.py:93} INFO - 26/01/20 04:12:51 INFO Executor: Finished task 0.0 in stage 3.0 (TID 34). 2131 bytes result sent to driver
[2026-01-20T04:12:51.567+0000] {subprocess.py:93} INFO - 26/01/20 04:12:51 INFO Executor: Finished task 4.0 in stage 3.0 (TID 38). 2131 bytes result sent to driver
[2026-01-20T04:12:51.568+0000] {subprocess.py:93} INFO - 26/01/20 04:12:51 INFO Executor: Finished task 1.0 in stage 3.0 (TID 35). 2131 bytes result sent to driver
[2026-01-20T04:12:51.572+0000] {subprocess.py:93} INFO - 26/01/20 04:12:51 INFO Executor: Finished task 3.0 in stage 3.0 (TID 37). 2131 bytes result sent to driver
[2026-01-20T04:12:51.573+0000] {subprocess.py:93} INFO - 26/01/20 04:12:51 INFO Executor: Finished task 2.0 in stage 3.0 (TID 36). 2131 bytes result sent to driver
[2026-01-20T04:12:51.574+0000] {subprocess.py:93} INFO - 26/01/20 04:12:51 INFO TaskSetManager: Finished task 4.0 in stage 3.0 (TID 38) in 3511 ms on 519d7d29de3d (executor driver) (3/8)
[2026-01-20T04:12:51.576+0000] {subprocess.py:93} INFO - 26/01/20 04:12:51 INFO TaskSetManager: Finished task 0.0 in stage 3.0 (TID 34) in 3519 ms on 519d7d29de3d (executor driver) (4/8)
[2026-01-20T04:12:51.577+0000] {subprocess.py:93} INFO - 26/01/20 04:12:51 INFO TaskSetManager: Finished task 3.0 in stage 3.0 (TID 37) in 3517 ms on 519d7d29de3d (executor driver) (5/8)
[2026-01-20T04:12:51.578+0000] {subprocess.py:93} INFO - 26/01/20 04:12:51 INFO TaskSetManager: Finished task 1.0 in stage 3.0 (TID 35) in 3520 ms on 519d7d29de3d (executor driver) (6/8)
[2026-01-20T04:12:51.579+0000] {subprocess.py:93} INFO - 26/01/20 04:12:51 INFO TaskSetManager: Finished task 2.0 in stage 3.0 (TID 36) in 3519 ms on 519d7d29de3d (executor driver) (7/8)
[2026-01-20T04:12:51.680+0000] {subprocess.py:93} INFO - 26/01/20 04:12:51 INFO Executor: Finished task 8.0 in stage 2.0 (TID 29). 2243 bytes result sent to driver
[2026-01-20T04:12:51.683+0000] {subprocess.py:93} INFO - 26/01/20 04:12:51 INFO TaskSetManager: Finished task 8.0 in stage 2.0 (TID 29) in 3670 ms on 519d7d29de3d (executor driver) (2/13)
[2026-01-20T04:12:51.693+0000] {subprocess.py:93} INFO - 26/01/20 04:12:51 INFO Executor: Finished task 7.0 in stage 2.0 (TID 28). 2243 bytes result sent to driver
[2026-01-20T04:12:51.696+0000] {subprocess.py:93} INFO - 26/01/20 04:12:51 INFO TaskSetManager: Finished task 7.0 in stage 2.0 (TID 28) in 3684 ms on 519d7d29de3d (executor driver) (3/13)
[2026-01-20T04:12:51.703+0000] {subprocess.py:93} INFO - 26/01/20 04:12:51 INFO Executor: Finished task 11.0 in stage 2.0 (TID 32). 2200 bytes result sent to driver
[2026-01-20T04:12:51.708+0000] {subprocess.py:93} INFO - 26/01/20 04:12:51 INFO Executor: Finished task 0.0 in stage 2.0 (TID 21). 2243 bytes result sent to driver
[2026-01-20T04:12:51.709+0000] {subprocess.py:93} INFO - 26/01/20 04:12:51 INFO TaskSetManager: Finished task 11.0 in stage 2.0 (TID 32) in 3695 ms on 519d7d29de3d (executor driver) (4/13)
[2026-01-20T04:12:51.711+0000] {subprocess.py:93} INFO - 26/01/20 04:12:51 INFO Executor: Finished task 3.0 in stage 2.0 (TID 24). 2200 bytes result sent to driver
[2026-01-20T04:12:51.712+0000] {subprocess.py:93} INFO - 26/01/20 04:12:51 INFO TaskSetManager: Finished task 0.0 in stage 2.0 (TID 21) in 3709 ms on 519d7d29de3d (executor driver) (5/13)
[2026-01-20T04:12:51.715+0000] {subprocess.py:93} INFO - 26/01/20 04:12:51 INFO TaskSetManager: Finished task 3.0 in stage 2.0 (TID 24) in 3706 ms on 519d7d29de3d (executor driver) (6/13)
[2026-01-20T04:12:51.716+0000] {subprocess.py:93} INFO - 26/01/20 04:12:51 INFO Executor: Finished task 4.0 in stage 2.0 (TID 25). 2243 bytes result sent to driver
[2026-01-20T04:12:51.717+0000] {subprocess.py:93} INFO - 26/01/20 04:12:51 INFO TaskSetManager: Finished task 4.0 in stage 2.0 (TID 25) in 3707 ms on 519d7d29de3d (executor driver) (7/13)
[2026-01-20T04:12:51.718+0000] {subprocess.py:93} INFO - 26/01/20 04:12:51 INFO Executor: Finished task 6.0 in stage 2.0 (TID 27). 2243 bytes result sent to driver
[2026-01-20T04:12:51.719+0000] {subprocess.py:93} INFO - 26/01/20 04:12:51 INFO TaskSetManager: Finished task 6.0 in stage 2.0 (TID 27) in 3708 ms on 519d7d29de3d (executor driver) (8/13)
[2026-01-20T04:12:51.721+0000] {subprocess.py:93} INFO - 26/01/20 04:12:51 INFO Executor: Finished task 5.0 in stage 2.0 (TID 26). 2243 bytes result sent to driver
[2026-01-20T04:12:51.723+0000] {subprocess.py:93} INFO - 26/01/20 04:12:51 INFO Executor: Finished task 2.0 in stage 2.0 (TID 23). 2200 bytes result sent to driver
[2026-01-20T04:12:51.724+0000] {subprocess.py:93} INFO - 26/01/20 04:12:51 INFO TaskSetManager: Finished task 5.0 in stage 2.0 (TID 26) in 3713 ms on 519d7d29de3d (executor driver) (9/13)
[2026-01-20T04:12:51.724+0000] {subprocess.py:93} INFO - 26/01/20 04:12:51 INFO TaskSetManager: Finished task 2.0 in stage 2.0 (TID 23) in 3717 ms on 519d7d29de3d (executor driver) (10/13)
[2026-01-20T04:12:51.726+0000] {subprocess.py:93} INFO - 26/01/20 04:12:51 INFO Executor: Finished task 10.0 in stage 2.0 (TID 31). 2243 bytes result sent to driver
[2026-01-20T04:12:51.729+0000] {subprocess.py:93} INFO - 26/01/20 04:12:51 INFO TaskSetManager: Finished task 10.0 in stage 2.0 (TID 31) in 3716 ms on 519d7d29de3d (executor driver) (11/13)
[2026-01-20T04:12:51.731+0000] {subprocess.py:93} INFO - 26/01/20 04:12:51 INFO Executor: Finished task 1.0 in stage 2.0 (TID 22). 2243 bytes result sent to driver
[2026-01-20T04:12:51.732+0000] {subprocess.py:93} INFO - 26/01/20 04:12:51 INFO Executor: Finished task 9.0 in stage 2.0 (TID 30). 2243 bytes result sent to driver
[2026-01-20T04:12:51.733+0000] {subprocess.py:93} INFO - 26/01/20 04:12:51 INFO TaskSetManager: Finished task 1.0 in stage 2.0 (TID 22) in 3727 ms on 519d7d29de3d (executor driver) (12/13)
[2026-01-20T04:12:51.734+0000] {subprocess.py:93} INFO - 26/01/20 04:12:51 INFO TaskSetManager: Finished task 9.0 in stage 2.0 (TID 30) in 3721 ms on 519d7d29de3d (executor driver) (13/13)
[2026-01-20T04:12:51.735+0000] {subprocess.py:93} INFO - 26/01/20 04:12:51 INFO TaskSchedulerImpl: Removed TaskSet 2.0, whose tasks have all completed, from pool
[2026-01-20T04:12:51.736+0000] {subprocess.py:93} INFO - 26/01/20 04:12:51 INFO DAGScheduler: ShuffleMapStage 2 (showString at NativeMethodAccessorImpl.java:0) finished in 3.791 s
[2026-01-20T04:12:51.738+0000] {subprocess.py:93} INFO - 26/01/20 04:12:51 INFO DAGScheduler: looking for newly runnable stages
[2026-01-20T04:12:51.740+0000] {subprocess.py:93} INFO - 26/01/20 04:12:51 INFO DAGScheduler: running: Set(ShuffleMapStage 3)
[2026-01-20T04:12:51.741+0000] {subprocess.py:93} INFO - 26/01/20 04:12:51 INFO DAGScheduler: waiting: Set()
[2026-01-20T04:12:51.743+0000] {subprocess.py:93} INFO - 26/01/20 04:12:51 INFO DAGScheduler: failed: Set()
[2026-01-20T04:12:51.747+0000] {subprocess.py:93} INFO - 26/01/20 04:12:51 INFO Executor: Finished task 7.0 in stage 3.0 (TID 41). 2088 bytes result sent to driver
[2026-01-20T04:12:51.749+0000] {subprocess.py:93} INFO - 26/01/20 04:12:51 INFO TaskSetManager: Finished task 7.0 in stage 3.0 (TID 41) in 856 ms on 519d7d29de3d (executor driver) (8/8)
[2026-01-20T04:12:51.750+0000] {subprocess.py:93} INFO - 26/01/20 04:12:51 INFO TaskSchedulerImpl: Removed TaskSet 3.0, whose tasks have all completed, from pool
[2026-01-20T04:12:51.761+0000] {subprocess.py:93} INFO - 26/01/20 04:12:51 INFO DAGScheduler: ShuffleMapStage 3 (showString at NativeMethodAccessorImpl.java:0) finished in 3.733 s
[2026-01-20T04:12:51.763+0000] {subprocess.py:93} INFO - 26/01/20 04:12:51 INFO DAGScheduler: looking for newly runnable stages
[2026-01-20T04:12:51.764+0000] {subprocess.py:93} INFO - 26/01/20 04:12:51 INFO DAGScheduler: running: Set()
[2026-01-20T04:12:51.765+0000] {subprocess.py:93} INFO - 26/01/20 04:12:51 INFO DAGScheduler: waiting: Set()
[2026-01-20T04:12:51.767+0000] {subprocess.py:93} INFO - 26/01/20 04:12:51 INFO DAGScheduler: failed: Set()
[2026-01-20T04:12:51.849+0000] {subprocess.py:93} INFO - 26/01/20 04:12:51 INFO ShufflePartitionsUtil: For shuffle(0, 1), advisory target size: 67108864, actual target size 4370154, minimum partition size: 1048576
[2026-01-20T04:12:52.066+0000] {subprocess.py:93} INFO - 26/01/20 04:12:52 INFO CodeGenerator: Code generated in 121.606788 ms
[2026-01-20T04:12:52.094+0000] {subprocess.py:93} INFO - 26/01/20 04:12:52 INFO CodeGenerator: Code generated in 17.238298 ms
[2026-01-20T04:12:52.198+0000] {subprocess.py:93} INFO - 26/01/20 04:12:52 INFO CodeGenerator: Code generated in 18.16652 ms
[2026-01-20T04:12:52.274+0000] {subprocess.py:93} INFO - 26/01/20 04:12:52 INFO SparkContext: Starting job: showString at NativeMethodAccessorImpl.java:0
[2026-01-20T04:12:52.278+0000] {subprocess.py:93} INFO - 26/01/20 04:12:52 INFO DAGScheduler: Got job 4 (showString at NativeMethodAccessorImpl.java:0) with 1 output partitions
[2026-01-20T04:12:52.280+0000] {subprocess.py:93} INFO - 26/01/20 04:12:52 INFO DAGScheduler: Final stage: ResultStage 6 (showString at NativeMethodAccessorImpl.java:0)
[2026-01-20T04:12:52.281+0000] {subprocess.py:93} INFO - 26/01/20 04:12:52 INFO DAGScheduler: Parents of final stage: List(ShuffleMapStage 5, ShuffleMapStage 4)
[2026-01-20T04:12:52.282+0000] {subprocess.py:93} INFO - 26/01/20 04:12:52 INFO DAGScheduler: Missing parents: List()
[2026-01-20T04:12:52.283+0000] {subprocess.py:93} INFO - 26/01/20 04:12:52 INFO DAGScheduler: Submitting ResultStage 6 (MapPartitionsRDD[22] at showString at NativeMethodAccessorImpl.java:0), which has no missing parents
[2026-01-20T04:12:52.320+0000] {subprocess.py:93} INFO - 26/01/20 04:12:52 INFO MemoryStore: Block broadcast_8 stored as values in memory (estimated size 88.1 KiB, free 433.8 MiB)
[2026-01-20T04:12:52.330+0000] {subprocess.py:93} INFO - 26/01/20 04:12:52 INFO MemoryStore: Block broadcast_8_piece0 stored as bytes in memory (estimated size 33.7 KiB, free 433.7 MiB)
[2026-01-20T04:12:52.333+0000] {subprocess.py:93} INFO - 26/01/20 04:12:52 INFO BlockManagerInfo: Added broadcast_8_piece0 in memory on 519d7d29de3d:42283 (size: 33.7 KiB, free: 434.3 MiB)
[2026-01-20T04:12:52.337+0000] {subprocess.py:93} INFO - 26/01/20 04:12:52 INFO SparkContext: Created broadcast 8 from broadcast at DAGScheduler.scala:1580
[2026-01-20T04:12:52.341+0000] {subprocess.py:93} INFO - 26/01/20 04:12:52 INFO DAGScheduler: Submitting 1 missing tasks from ResultStage 6 (MapPartitionsRDD[22] at showString at NativeMethodAccessorImpl.java:0) (first 15 tasks are for partitions Vector(0))
[2026-01-20T04:12:52.348+0000] {subprocess.py:93} INFO - 26/01/20 04:12:52 INFO TaskSchedulerImpl: Adding task set 6.0 with 1 tasks resource profile 0
[2026-01-20T04:12:52.365+0000] {subprocess.py:93} INFO - 26/01/20 04:12:52 INFO TaskSetManager: Starting task 0.0 in stage 6.0 (TID 42) (519d7d29de3d, executor driver, partition 0, NODE_LOCAL, 7897 bytes)
[2026-01-20T04:12:52.367+0000] {subprocess.py:93} INFO - 26/01/20 04:12:52 INFO Executor: Running task 0.0 in stage 6.0 (TID 42)
[2026-01-20T04:12:52.479+0000] {subprocess.py:93} INFO - 26/01/20 04:12:52 INFO ShuffleBlockFetcherIterator: Getting 13 (3.4 MiB) non-empty blocks including 13 (3.4 MiB) local and 0 (0.0 B) host-local and 0 (0.0 B) push-merged-local and 0 (0.0 B) remote blocks
[2026-01-20T04:12:52.484+0000] {subprocess.py:93} INFO - 26/01/20 04:12:52 INFO ShuffleBlockFetcherIterator: Started 0 remote fetches in 28 ms
[2026-01-20T04:12:52.547+0000] {subprocess.py:93} INFO - 26/01/20 04:12:52 INFO CodeGenerator: Code generated in 36.455748 ms
[2026-01-20T04:12:52.593+0000] {subprocess.py:93} INFO - 26/01/20 04:12:52 INFO CodeGenerator: Code generated in 32.874226 ms
[2026-01-20T04:12:52.630+0000] {subprocess.py:93} INFO - 26/01/20 04:12:52 INFO CodeGenerator: Code generated in 19.102058 ms
[2026-01-20T04:12:52.650+0000] {subprocess.py:93} INFO - 26/01/20 04:12:52 INFO ShuffleBlockFetcherIterator: Getting 8 (347.8 KiB) non-empty blocks including 8 (347.8 KiB) local and 0 (0.0 B) host-local and 0 (0.0 B) push-merged-local and 0 (0.0 B) remote blocks
[2026-01-20T04:12:52.651+0000] {subprocess.py:93} INFO - 26/01/20 04:12:52 INFO ShuffleBlockFetcherIterator: Started 0 remote fetches in 1 ms
[2026-01-20T04:12:52.670+0000] {subprocess.py:93} INFO - 26/01/20 04:12:52 INFO CodeGenerator: Code generated in 17.980074 ms
[2026-01-20T04:12:52.683+0000] {subprocess.py:93} INFO - 26/01/20 04:12:52 INFO CodeGenerator: Code generated in 9.824476 ms
[2026-01-20T04:12:52.701+0000] {subprocess.py:93} INFO - 26/01/20 04:12:52 INFO CodeGenerator: Code generated in 14.153884 ms
[2026-01-20T04:12:52.779+0000] {subprocess.py:93} INFO - 26/01/20 04:12:52 INFO CodeGenerator: Code generated in 76.369178 ms
[2026-01-20T04:12:52.965+0000] {subprocess.py:93} INFO - 26/01/20 04:12:52 INFO Executor: Finished task 0.0 in stage 6.0 (TID 42). 19015 bytes result sent to driver
[2026-01-20T04:12:52.969+0000] {subprocess.py:93} INFO - 26/01/20 04:12:52 INFO TaskSetManager: Finished task 0.0 in stage 6.0 (TID 42) in 612 ms on 519d7d29de3d (executor driver) (1/1)
[2026-01-20T04:12:52.970+0000] {subprocess.py:93} INFO - 26/01/20 04:12:52 INFO TaskSchedulerImpl: Removed TaskSet 6.0, whose tasks have all completed, from pool
[2026-01-20T04:12:52.972+0000] {subprocess.py:93} INFO - 26/01/20 04:12:52 INFO DAGScheduler: ResultStage 6 (showString at NativeMethodAccessorImpl.java:0) finished in 0.665 s
[2026-01-20T04:12:52.973+0000] {subprocess.py:93} INFO - 26/01/20 04:12:52 INFO DAGScheduler: Job 4 is finished. Cancelling potential speculative or zombie tasks for this job
[2026-01-20T04:12:52.975+0000] {subprocess.py:93} INFO - 26/01/20 04:12:52 INFO TaskSchedulerImpl: Killing all running tasks in stage 6: Stage finished
[2026-01-20T04:12:52.977+0000] {subprocess.py:93} INFO - 26/01/20 04:12:52 INFO DAGScheduler: Job 4 finished: showString at NativeMethodAccessorImpl.java:0, took 0.697853 s
[2026-01-20T04:12:53.048+0000] {subprocess.py:93} INFO - 26/01/20 04:12:53 INFO CodeGenerator: Code generated in 36.410689 ms
[2026-01-20T04:12:53.150+0000] {subprocess.py:93} INFO - +--------------------+--------+--------------------+-----------------------+--------------+--------------------+---------+--------+------+--------------------+--------+--------------------+----------------+--------+--------------------+-------+----------------+-------+-------+----------+--------------------+----------------+---------------+--------------+----------+--------+------------+------------+--------------------+--------+
[2026-01-20T04:12:53.151+0000] {subprocess.py:93} INFO - |     billing_address|currency|          line_items|original_transaction_id|payment_method|    shipping_address|   status|subtotal|   tax|         t_timestamp|   total|      transaction_id|transaction_type| user_id|           line_item|browser|            city|country| device|element_id|            event_id|      event_type|     ip_address|          page|product_id|quantity|search_query|  session_id|           timestamp| user_id|
[2026-01-20T04:12:53.152+0000] {subprocess.py:93} INFO - +--------------------+--------+--------------------+-----------------------+--------------+--------------------+---------+--------+------+--------------------+--------+--------------------+----------------+--------+--------------------+-------+----------------+-------+-------+----------+--------------------+----------------+---------------+--------------+----------+--------+------------+------------+--------------------+--------+
[2026-01-20T04:12:53.153+0000] {subprocess.py:93} INFO - |{South Frank, US,...|     USD|[{SmartChoice, bo...|                   NULL|    google_pay|{Port Michealhave...|completed| 3442.07|316.88|2026-01-19T17:45:...| 3758.95|64d4b4b0-67a8-41d...|        purchase|03658260|{GreenLife, books...| Safari|   Lake Tinaside|     NR| mobile|      NULL|e19e82c8-6c88-466...|     add_to_cart|   106.1.16.192|          home| PROD_2793|       1|        NULL|d9e5754e-9a6|2026-01-19T17:45:...|03658260|
[2026-01-20T04:12:53.155+0000] {subprocess.py:93} INFO - |{Hansenchester, U...|     USD|[{GreenLife, book...|                   NULL|        paypal|{East Jackberg, U...|completed| 2885.36|186.82|2026-01-19T17:45:...| 3072.18|24efb042-1b1e-489...|        purchase|0946a8ef|{GreenLife, sport...|   Edge|     New Amyberg|     IN| tablet|      NULL|dac65b7c-5b09-400...|     add_to_cart|    153.85.3.68|       profile| PROD_1213|       5|        NULL|2803d6b4-d9c|2026-01-19T17:46:...|0946a8ef|
[2026-01-20T04:12:53.156+0000] {subprocess.py:93} INFO - |{Donnahaven, US, ...|     USD|[{ProGear, toys, ...|                   NULL|     apple_pay|{Carlashire, US, ...|   failed| 2356.35|219.89|2026-01-19T17:40:...| 2576.24|a355d4e3-3371-47b...|        purchase|0a835d70|{SportFlex, food,...| Chrome|      Ronaldland|     CN| tablet|      NULL|c03dda27-db6c-435...|     add_to_cart|    48.7.38.196|          help| PROD_1796|       4|        NULL|d8a670e3-e76|2026-01-19T17:40:...|0a835d70|
[2026-01-20T04:12:53.157+0000] {subprocess.py:93} INFO - |{New Antonioton, ...|     USD|[{PremiumPlus, fo...|                   NULL|        paypal|{Debraside, US, D...|   failed|  455.49| 35.86|2026-01-19T17:42:...|  491.35|c63893e1-47ab-4ae...|        purchase|0ab1bc16|{PremiumPlus, foo...| Chrome|        Woodfurt|     LC|desktop|      NULL|64b2f341-8831-410...|remove_from_cart|  130.37.155.10|product_detail| PROD_1120|       2|        NULL|a3e683ec-a89|2026-01-19T17:46:...|0ab1bc16|
[2026-01-20T04:12:53.159+0000] {subprocess.py:93} INFO - |{South Michael, U...|     USD|[{GreenLife, clot...|                   NULL|        paypal|{Davidfort, US, O...|completed|  4872.3|412.15|2026-01-19T17:45:...| 5284.45|9c48a979-bb45-4a4...|        purchase|0c825438|{ValueBest, beaut...|Firefox|   Brookeborough|     IL|desktop|      NULL|186f983b-4f36-4fa...|     add_to_cart|128.105.228.164|          cart| PROD_1497|       2|        NULL|86163fbe-5c2|2026-01-19T17:45:...|0c825438|
[2026-01-20T04:12:53.160+0000] {subprocess.py:93} INFO - |{Jillchester, US,...|     USD|[{EliteChoice, fo...|   0ec940f9-1595-4f8...|     apple_pay|{East James, US, ...|completed| 5972.98|343.59|2026-01-19T17:40:...|-6316.57|9499b56b-3a20-4ea...|      chargeback|0dab448e|{SmartChoice, clo...| Chrome|  East Heidiberg|     IS| tablet|      NULL|d5b326b5-62e5-41c...|     add_to_cart| 141.220.154.47|      products| PROD_1318|       1|        NULL|1fb7fed6-578|2026-01-19T17:42:...|0dab448e|
[2026-01-20T04:12:53.161+0000] {subprocess.py:93} INFO - |{Annaville, US, M...|     USD|[{GreenLife, home...|                   NULL|    debit_card|{Richardmouth, US...|completed| 3951.83|263.36|2026-01-19T17:47:...| 4215.19|84a2e5c6-856c-405...|        purchase|0e5a4669|{SportFlex, food,...|Firefox|   Hendersonfurt|     IN| mobile|      NULL|f071a286-6dd7-47b...|     add_to_cart| 123.241.228.75|       profile| PROD_1847|       1|        NULL|baa8091e-807|2026-01-19T17:43:...|0e5a4669|
[2026-01-20T04:12:53.162+0000] {subprocess.py:93} INFO - |{Port Samanthache...|     USD|[{SportFlex, food...|                   NULL| bank_transfer|{Lake Jennifer, U...|cancelled|  2144.5|209.99|2026-01-19T17:47:...| 2354.49|6d1ad735-64a1-4b9...|        purchase|0e5a4669|{SportFlex, food,...|Firefox|   Hendersonfurt|     IN| mobile|      NULL|f071a286-6dd7-47b...|     add_to_cart| 123.241.228.75|       profile| PROD_1847|       1|        NULL|baa8091e-807|2026-01-19T17:43:...|0e5a4669|
[2026-01-20T04:12:53.164+0000] {subprocess.py:93} INFO - |{Port Erika, US, ...|     USD|[{EliteChoice, to...|                   NULL|    google_pay|{New Samantha, US...|completed| 3173.85|238.61|2026-01-19T17:47:...| 3412.46|81abec6a-aff8-48d...|        purchase|10296a92|{EliteChoice, toy...| Chrome|West Melissastad|     NO| tablet|      NULL|344df5d0-a6b0-43a...|     add_to_cart|    4.114.98.69|       profile| PROD_2119|       5|        NULL|14dea1cc-99d|2026-01-19T17:47:...|10296a92|
[2026-01-20T04:12:53.164+0000] {subprocess.py:93} INFO - |{Westberg, US, FL...|     USD|[{TechPro, clothi...|                   NULL|     apple_pay|{Meganburgh, US, ...|completed|  4845.1|361.45|2026-01-19T17:40:...| 5206.55|67768b67-a70a-43d...|        purchase|1352bade|{SmartChoice, bea...|   Edge|       Chenshire|     ER| tablet|      NULL|4ff1d144-a456-409...|remove_from_cart|  51.20.208.104|      settings| PROD_2337|       2|        NULL|173f674b-4fb|2026-01-19T17:40:...|1352bade|
[2026-01-20T04:12:53.166+0000] {subprocess.py:93} INFO - |{West Mirandatown...|     USD|[{TechPro, books,...|                   NULL|        paypal|{Nancyborough, US...|completed|   496.2| 40.06|2026-01-19T17:45:...|  536.26|1f95fcb3-5a5a-47c...|        purchase|184a71af|{GreenLife, food,...|   Edge|     Parrishberg|     AT| mobile|      NULL|d6976a73-a50b-436...|     add_to_cart|  80.14.166.198|          cart| PROD_2547|       4|        NULL|b259a546-1d4|2026-01-19T17:42:...|184a71af|
[2026-01-20T04:12:53.167+0000] {subprocess.py:93} INFO - |{Cooperside, US, ...|     USD|[{SportFlex, food...|                   NULL|    google_pay|{Jakefurt, US, TN...|completed| 3689.25|368.04|2026-01-19T17:46:...| 4057.29|8965abfb-96bd-4ce...|        purchase|1884bd2b|{SportFlex, food,...| Chrome|       Fordburgh|     BJ|desktop|      NULL|61ff8145-3b9d-4c3...|     add_to_cart|188.102.143.185|      checkout| PROD_1859|       5|        NULL|4d5bcc2e-da9|2026-01-19T17:41:...|1884bd2b|
[2026-01-20T04:12:53.168+0000] {subprocess.py:93} INFO - |{Emilyport, US, S...|     USD|[{SmartChoice, be...|   7b1ba296-7695-45e...|   credit_card|{Terribury, US, O...|completed|  535.29| 44.84|2026-01-19T17:47:...| -580.13|a55971f3-3cac-4de...|          refund|1898814b|{SportFlex, food,...|   Edge|       Smithfurt|     SG|desktop|      NULL|e8817124-9619-4e4...|remove_from_cart| 107.194.228.28|          cart| PROD_1154|       1|        NULL|bff6aa13-0c3|2026-01-19T17:43:...|1898814b|
[2026-01-20T04:12:53.169+0000] {subprocess.py:93} INFO - |{Deannatown, US, ...|     USD|[{StyleCo, clothi...|                   NULL|    google_pay|{Medinabury, US, ...|completed| 1811.18|149.55|2026-01-19T17:44:...| 1960.73|3d68b145-ebe0-4ab...|        purchase|1925a42f|{SportFlex, books...| Chrome|        Rothfurt|     TJ| tablet|      NULL|85f8539a-2aab-434...|     add_to_cart| 61.139.194.113|product_detail| PROD_2357|       3|        NULL|14363baa-43e|2026-01-19T17:44:...|1925a42f|
[2026-01-20T04:12:53.170+0000] {subprocess.py:93} INFO - |{Millerborough, U...|     USD|[{SmartChoice, sp...|   ef668bb6-c4da-44f...| bank_transfer|{Stephensmouth, U...|completed|  659.61| 41.92|2026-01-19T17:45:...| -701.53|cc7c1756-b050-4b1...|          refund|1afaeca9|{SmartChoice, spo...|   Edge|      Lewisburgh|     MV| mobile|      NULL|f609c567-91a5-450...|     add_to_cart| 136.194.177.12|product_detail| PROD_1470|       2|        NULL|01ea56d1-bd2|2026-01-19T17:47:...|1afaeca9|
[2026-01-20T04:12:53.171+0000] {subprocess.py:93} INFO - |{Mckenziechester,...|     USD|[{GreenLife, book...|                   NULL|    debit_card|{Bradleyberg, US,...|completed| 1278.74| 108.2|2026-01-19T17:41:...| 1386.94|a67f115b-6674-4ad...|        purchase|1b1b020b|{SportFlex, elect...|   Edge|      Kaiserfort|     IS| tablet|      NULL|ccd70d73-0f0e-447...|remove_from_cart|    89.15.54.10|       profile| PROD_1976|       1|        NULL|e27ce892-715|2026-01-19T17:43:...|1b1b020b|
[2026-01-20T04:12:53.172+0000] {subprocess.py:93} INFO - |{Carrollview, US,...|     USD|[{TechPro, toys, ...|                   NULL|    google_pay|{Andersonshire, U...|completed| 1417.74| 96.73|2026-01-19T17:39:...| 1514.47|32e73ca0-1799-4b9...|        purchase|1bdb4efe|{ProGear, food, P...| Safari|     Mirandaport|     ER| tablet|      NULL|67eff63f-30a1-42d...|     add_to_cart|   5.142.36.100|          home| PROD_2058|       3|        NULL|d01104ec-b24|2026-01-19T17:43:...|1bdb4efe|
[2026-01-20T04:12:53.173+0000] {subprocess.py:93} INFO - |{West Jeremy, US,...|     USD|[{HomeMax, sports...|                   NULL|     apple_pay|{Lake Kenneth, US...|completed|  540.89| 32.56|2026-01-19T17:39:...|  573.45|d0eb7c98-885b-4ad...|        purchase|1cb2e55a|{HomeMax, electro...| Safari|      West James|     EC| tablet|      NULL|92ff9440-d0a1-454...|     add_to_cart|   215.0.245.60|      settings| PROD_2988|       1|        NULL|a01c21a8-5fd|2026-01-19T17:40:...|1cb2e55a|
[2026-01-20T04:12:53.174+0000] {subprocess.py:93} INFO - |{Lake Kirk, US, A...|     USD|[{HomeMax, electr...|                   NULL|        paypal|{Amyview, US, IN,...|completed|  363.32| 22.77|2026-01-19T17:44:...|  386.09|8a6b64e7-c540-40b...|        purchase|1cb2e55a|{HomeMax, electro...| Safari|      West James|     EC| tablet|      NULL|92ff9440-d0a1-454...|     add_to_cart|   215.0.245.60|      settings| PROD_2988|       1|        NULL|a01c21a8-5fd|2026-01-19T17:40:...|1cb2e55a|
[2026-01-20T04:12:53.175+0000] {subprocess.py:93} INFO - |{Jennifershire, U...|     USD|[{PremiumPlus, el...|                   NULL|    debit_card|{Port Andrehaven,...|completed| 3350.46|317.77|2026-01-19T17:46:...| 3668.23|83009c3e-f278-47f...|        purchase|25615f4f|{TechPro, food, P...|Firefox|     Robertburgh|     SG| mobile|      NULL|262952a8-8526-4f0...|     add_to_cart| 79.105.156.242|      checkout| PROD_2533|       3|        NULL|808c1f50-a24|2026-01-19T17:44:...|25615f4f|
[2026-01-20T04:12:53.176+0000] {subprocess.py:93} INFO - +--------------------+--------+--------------------+-----------------------+--------------+--------------------+---------+--------+------+--------------------+--------+--------------------+----------------+--------+--------------------+-------+----------------+-------+-------+----------+--------------------+----------------+---------------+--------------+----------+--------+------------+------------+--------------------+--------+
[2026-01-20T04:12:53.176+0000] {subprocess.py:93} INFO - only showing top 20 rows
[2026-01-20T04:12:53.177+0000] {subprocess.py:93} INFO - 
[2026-01-20T04:12:53.178+0000] {subprocess.py:93} INFO - None
[2026-01-20T04:12:53.783+0000] {subprocess.py:93} INFO - 26/01/20 04:12:53 INFO FileSourceStrategy: Pushed Filters: IsNotNull(user_id),IsNotNull(line_items)
[2026-01-20T04:12:53.784+0000] {subprocess.py:93} INFO - 26/01/20 04:12:53 INFO FileSourceStrategy: Post-Scan Filters: isnotnull(user_id#21),(size(line_items#10, true) > 0),isnotnull(line_items#10)
[2026-01-20T04:12:53.786+0000] {subprocess.py:93} INFO - 26/01/20 04:12:53 INFO FileSourceStrategy: Pushed Filters: IsNotNull(user_id),IsNotNull(product_id)
[2026-01-20T04:12:53.786+0000] {subprocess.py:93} INFO - 26/01/20 04:12:53 INFO FileSourceStrategy: Post-Scan Filters: isnotnull(user_id#58),isnotnull(product_id#53)
[2026-01-20T04:12:53.850+0000] {subprocess.py:93} INFO - 26/01/20 04:12:53 INFO CodeGenerator: Code generated in 12.715066 ms
[2026-01-20T04:12:53.854+0000] {subprocess.py:93} INFO - 26/01/20 04:12:53 INFO MemoryStore: Block broadcast_9 stored as values in memory (estimated size 199.1 KiB, free 433.5 MiB)
[2026-01-20T04:12:53.869+0000] {subprocess.py:93} INFO - 26/01/20 04:12:53 INFO MemoryStore: Block broadcast_9_piece0 stored as bytes in memory (estimated size 34.2 KiB, free 433.5 MiB)
[2026-01-20T04:12:53.870+0000] {subprocess.py:93} INFO - 26/01/20 04:12:53 INFO BlockManagerInfo: Added broadcast_9_piece0 in memory on 519d7d29de3d:42283 (size: 34.2 KiB, free: 434.2 MiB)
[2026-01-20T04:12:53.871+0000] {subprocess.py:93} INFO - 26/01/20 04:12:53 INFO SparkContext: Created broadcast 9 from $anonfun$withThreadLocalCaptured$1 at FutureTask.java:264
[2026-01-20T04:12:53.872+0000] {subprocess.py:93} INFO - 26/01/20 04:12:53 INFO FileSourceScanExec: Planning scan with bin packing, max size: 4194304 bytes, open cost is considered as scanning 4194304 bytes.
[2026-01-20T04:12:53.904+0000] {subprocess.py:93} INFO - 26/01/20 04:12:53 INFO SparkContext: Starting job: $anonfun$withThreadLocalCaptured$1 at FutureTask.java:264
[2026-01-20T04:12:53.905+0000] {subprocess.py:93} INFO - 26/01/20 04:12:53 INFO DAGScheduler: Got job 5 ($anonfun$withThreadLocalCaptured$1 at FutureTask.java:264) with 8 output partitions
[2026-01-20T04:12:53.906+0000] {subprocess.py:93} INFO - 26/01/20 04:12:53 INFO DAGScheduler: Final stage: ResultStage 7 ($anonfun$withThreadLocalCaptured$1 at FutureTask.java:264)
[2026-01-20T04:12:53.907+0000] {subprocess.py:93} INFO - 26/01/20 04:12:53 INFO DAGScheduler: Parents of final stage: List()
[2026-01-20T04:12:53.908+0000] {subprocess.py:93} INFO - 26/01/20 04:12:53 INFO DAGScheduler: Missing parents: List()
[2026-01-20T04:12:53.909+0000] {subprocess.py:93} INFO - 26/01/20 04:12:53 INFO DAGScheduler: Submitting ResultStage 7 (MapPartitionsRDD[26] at $anonfun$withThreadLocalCaptured$1 at FutureTask.java:264), which has no missing parents
[2026-01-20T04:12:53.912+0000] {subprocess.py:93} INFO - 26/01/20 04:12:53 INFO MemoryStore: Block broadcast_10 stored as values in memory (estimated size 15.6 KiB, free 433.5 MiB)
[2026-01-20T04:12:53.918+0000] {subprocess.py:93} INFO - 26/01/20 04:12:53 INFO MemoryStore: Block broadcast_10_piece0 stored as bytes in memory (estimated size 7.4 KiB, free 433.5 MiB)
[2026-01-20T04:12:53.919+0000] {subprocess.py:93} INFO - 26/01/20 04:12:53 INFO BlockManagerInfo: Added broadcast_10_piece0 in memory on 519d7d29de3d:42283 (size: 7.4 KiB, free: 434.2 MiB)
[2026-01-20T04:12:53.920+0000] {subprocess.py:93} INFO - 26/01/20 04:12:53 INFO SparkContext: Created broadcast 10 from broadcast at DAGScheduler.scala:1580
[2026-01-20T04:12:53.921+0000] {subprocess.py:93} INFO - 26/01/20 04:12:53 INFO DAGScheduler: Submitting 8 missing tasks from ResultStage 7 (MapPartitionsRDD[26] at $anonfun$withThreadLocalCaptured$1 at FutureTask.java:264) (first 15 tasks are for partitions Vector(0, 1, 2, 3, 4, 5, 6, 7))
[2026-01-20T04:12:53.923+0000] {subprocess.py:93} INFO - 26/01/20 04:12:53 INFO TaskSchedulerImpl: Adding task set 7.0 with 8 tasks resource profile 0
[2026-01-20T04:12:53.926+0000] {subprocess.py:93} INFO - 26/01/20 04:12:53 INFO TaskSetManager: Starting task 0.0 in stage 7.0 (TID 43) (519d7d29de3d, executor driver, partition 0, PROCESS_LOCAL, 8244 bytes)
[2026-01-20T04:12:53.927+0000] {subprocess.py:93} INFO - 26/01/20 04:12:53 INFO TaskSetManager: Starting task 1.0 in stage 7.0 (TID 44) (519d7d29de3d, executor driver, partition 1, PROCESS_LOCAL, 8244 bytes)
[2026-01-20T04:12:53.928+0000] {subprocess.py:93} INFO - 26/01/20 04:12:53 INFO TaskSetManager: Starting task 2.0 in stage 7.0 (TID 45) (519d7d29de3d, executor driver, partition 2, PROCESS_LOCAL, 8244 bytes)
[2026-01-20T04:12:53.929+0000] {subprocess.py:93} INFO - 26/01/20 04:12:53 INFO TaskSetManager: Starting task 3.0 in stage 7.0 (TID 46) (519d7d29de3d, executor driver, partition 3, PROCESS_LOCAL, 8244 bytes)
[2026-01-20T04:12:53.930+0000] {subprocess.py:93} INFO - 26/01/20 04:12:53 INFO TaskSetManager: Starting task 4.0 in stage 7.0 (TID 47) (519d7d29de3d, executor driver, partition 4, PROCESS_LOCAL, 8244 bytes)
[2026-01-20T04:12:53.931+0000] {subprocess.py:93} INFO - 26/01/20 04:12:53 INFO TaskSetManager: Starting task 5.0 in stage 7.0 (TID 48) (519d7d29de3d, executor driver, partition 5, PROCESS_LOCAL, 8244 bytes)
[2026-01-20T04:12:53.932+0000] {subprocess.py:93} INFO - 26/01/20 04:12:53 INFO TaskSetManager: Starting task 6.0 in stage 7.0 (TID 49) (519d7d29de3d, executor driver, partition 6, PROCESS_LOCAL, 8244 bytes)
[2026-01-20T04:12:53.933+0000] {subprocess.py:93} INFO - 26/01/20 04:12:53 INFO TaskSetManager: Starting task 7.0 in stage 7.0 (TID 50) (519d7d29de3d, executor driver, partition 7, PROCESS_LOCAL, 8244 bytes)
[2026-01-20T04:12:53.934+0000] {subprocess.py:93} INFO - 26/01/20 04:12:53 INFO Executor: Running task 1.0 in stage 7.0 (TID 44)
[2026-01-20T04:12:53.935+0000] {subprocess.py:93} INFO - 26/01/20 04:12:53 INFO Executor: Running task 0.0 in stage 7.0 (TID 43)
[2026-01-20T04:12:53.936+0000] {subprocess.py:93} INFO - 26/01/20 04:12:53 INFO Executor: Running task 6.0 in stage 7.0 (TID 49)
[2026-01-20T04:12:53.937+0000] {subprocess.py:93} INFO - 26/01/20 04:12:53 INFO Executor: Running task 7.0 in stage 7.0 (TID 50)
[2026-01-20T04:12:53.938+0000] {subprocess.py:93} INFO - 26/01/20 04:12:53 INFO Executor: Running task 3.0 in stage 7.0 (TID 46)
[2026-01-20T04:12:53.939+0000] {subprocess.py:93} INFO - 26/01/20 04:12:53 INFO Executor: Running task 5.0 in stage 7.0 (TID 48)
[2026-01-20T04:12:53.941+0000] {subprocess.py:93} INFO - 26/01/20 04:12:53 INFO Executor: Running task 2.0 in stage 7.0 (TID 45)
[2026-01-20T04:12:53.941+0000] {subprocess.py:93} INFO - 26/01/20 04:12:53 INFO Executor: Running task 4.0 in stage 7.0 (TID 47)
[2026-01-20T04:12:53.949+0000] {subprocess.py:93} INFO - 26/01/20 04:12:53 INFO CodeGenerator: Code generated in 10.642224 ms
[2026-01-20T04:12:53.953+0000] {subprocess.py:93} INFO - 26/01/20 04:12:53 INFO FileScanRDD: Reading File path: file:///opt/spark-data/landing/user_events_1768879431.2231393.json, range: 29360128-33532706, partition values: [empty row]
[2026-01-20T04:12:53.954+0000] {subprocess.py:93} INFO - 26/01/20 04:12:53 INFO FileScanRDD: Reading File path: file:///opt/spark-data/landing/user_events_1768879431.2231393.json, range: 12582912-16777216, partition values: [empty row]
[2026-01-20T04:12:53.955+0000] {subprocess.py:93} INFO - 26/01/20 04:12:53 INFO FileScanRDD: Reading File path: file:///opt/spark-data/landing/user_events_1768879431.2231393.json, range: 16777216-20971520, partition values: [empty row]
[2026-01-20T04:12:53.956+0000] {subprocess.py:93} INFO - 26/01/20 04:12:53 INFO FileScanRDD: Reading File path: file:///opt/spark-data/landing/user_events_1768879431.2231393.json, range: 0-4194304, partition values: [empty row]
[2026-01-20T04:12:53.957+0000] {subprocess.py:93} INFO - 26/01/20 04:12:53 INFO FileScanRDD: Reading File path: file:///opt/spark-data/landing/user_events_1768879431.2231393.json, range: 4194304-8388608, partition values: [empty row]
[2026-01-20T04:12:53.958+0000] {subprocess.py:93} INFO - 26/01/20 04:12:53 INFO FileScanRDD: Reading File path: file:///opt/spark-data/landing/user_events_1768879431.2231393.json, range: 25165824-29360128, partition values: [empty row]
[2026-01-20T04:12:53.960+0000] {subprocess.py:93} INFO - 26/01/20 04:12:53 INFO FileScanRDD: Reading File path: file:///opt/spark-data/landing/user_events_1768879431.2231393.json, range: 8388608-12582912, partition values: [empty row]
[2026-01-20T04:12:53.961+0000] {subprocess.py:93} INFO - 26/01/20 04:12:53 INFO FileScanRDD: Reading File path: file:///opt/spark-data/landing/user_events_1768879431.2231393.json, range: 20971520-25165824, partition values: [empty row]
[2026-01-20T04:12:53.964+0000] {subprocess.py:93} INFO - 26/01/20 04:12:53 INFO CodeGenerator: Code generated in 9.447498 ms
[2026-01-20T04:12:53.973+0000] {subprocess.py:93} INFO - 26/01/20 04:12:53 INFO CodeGenerator: Code generated in 4.994261 ms
[2026-01-20T04:12:53.985+0000] {subprocess.py:93} INFO - 26/01/20 04:12:53 INFO CodeGenerator: Code generated in 8.622789 ms
[2026-01-20T04:12:54.455+0000] {subprocess.py:93} INFO - 26/01/20 04:12:54 INFO BlockManagerInfo: Removed broadcast_8_piece0 on 519d7d29de3d:42283 in memory (size: 33.7 KiB, free: 434.3 MiB)
[2026-01-20T04:12:54.516+0000] {subprocess.py:93} INFO - 26/01/20 04:12:54 INFO Executor: Finished task 3.0 in stage 7.0 (TID 46). 132558 bytes result sent to driver
[2026-01-20T04:12:54.519+0000] {subprocess.py:93} INFO - 26/01/20 04:12:54 INFO TaskSetManager: Finished task 3.0 in stage 7.0 (TID 46) in 591 ms on 519d7d29de3d (executor driver) (1/8)
[2026-01-20T04:12:54.525+0000] {subprocess.py:93} INFO - 26/01/20 04:12:54 INFO Executor: Finished task 6.0 in stage 7.0 (TID 49). 129991 bytes result sent to driver
[2026-01-20T04:12:54.526+0000] {subprocess.py:93} INFO - 26/01/20 04:12:54 INFO Executor: Finished task 4.0 in stage 7.0 (TID 47). 135365 bytes result sent to driver
[2026-01-20T04:12:54.527+0000] {subprocess.py:93} INFO - 26/01/20 04:12:54 INFO Executor: Finished task 7.0 in stage 7.0 (TID 50). 130576 bytes result sent to driver
[2026-01-20T04:12:54.527+0000] {subprocess.py:93} INFO - 26/01/20 04:12:54 INFO Executor: Finished task 5.0 in stage 7.0 (TID 48). 133806 bytes result sent to driver
[2026-01-20T04:12:54.528+0000] {subprocess.py:93} INFO - 26/01/20 04:12:54 INFO Executor: Finished task 1.0 in stage 7.0 (TID 44). 134096 bytes result sent to driver
[2026-01-20T04:12:54.529+0000] {subprocess.py:93} INFO - 26/01/20 04:12:54 INFO Executor: Finished task 0.0 in stage 7.0 (TID 43). 131320 bytes result sent to driver
[2026-01-20T04:12:54.531+0000] {subprocess.py:93} INFO - 26/01/20 04:12:54 INFO TaskSetManager: Finished task 6.0 in stage 7.0 (TID 49) in 597 ms on 519d7d29de3d (executor driver) (2/8)
[2026-01-20T04:12:54.532+0000] {subprocess.py:93} INFO - 26/01/20 04:12:54 INFO TaskSetManager: Finished task 7.0 in stage 7.0 (TID 50) in 596 ms on 519d7d29de3d (executor driver) (3/8)
[2026-01-20T04:12:54.533+0000] {subprocess.py:93} INFO - 26/01/20 04:12:54 INFO Executor: Finished task 2.0 in stage 7.0 (TID 45). 132137 bytes result sent to driver
[2026-01-20T04:12:54.535+0000] {subprocess.py:93} INFO - 26/01/20 04:12:54 INFO TaskSetManager: Finished task 4.0 in stage 7.0 (TID 47) in 599 ms on 519d7d29de3d (executor driver) (4/8)
[2026-01-20T04:12:54.536+0000] {subprocess.py:93} INFO - 26/01/20 04:12:54 INFO TaskSetManager: Finished task 0.0 in stage 7.0 (TID 43) in 603 ms on 519d7d29de3d (executor driver) (5/8)
[2026-01-20T04:12:54.537+0000] {subprocess.py:93} INFO - 26/01/20 04:12:54 INFO TaskSetManager: Finished task 5.0 in stage 7.0 (TID 48) in 600 ms on 519d7d29de3d (executor driver) (6/8)
[2026-01-20T04:12:54.538+0000] {subprocess.py:93} INFO - 26/01/20 04:12:54 INFO TaskSetManager: Finished task 1.0 in stage 7.0 (TID 44) in 602 ms on 519d7d29de3d (executor driver) (7/8)
[2026-01-20T04:12:54.539+0000] {subprocess.py:93} INFO - 26/01/20 04:12:54 INFO TaskSetManager: Finished task 2.0 in stage 7.0 (TID 45) in 603 ms on 519d7d29de3d (executor driver) (8/8)
[2026-01-20T04:12:54.540+0000] {subprocess.py:93} INFO - 26/01/20 04:12:54 INFO TaskSchedulerImpl: Removed TaskSet 7.0, whose tasks have all completed, from pool
[2026-01-20T04:12:54.542+0000] {subprocess.py:93} INFO - 26/01/20 04:12:54 INFO DAGScheduler: ResultStage 7 ($anonfun$withThreadLocalCaptured$1 at FutureTask.java:264) finished in 0.620 s
[2026-01-20T04:12:54.545+0000] {subprocess.py:93} INFO - 26/01/20 04:12:54 INFO DAGScheduler: Job 5 is finished. Cancelling potential speculative or zombie tasks for this job
[2026-01-20T04:12:54.546+0000] {subprocess.py:93} INFO - 26/01/20 04:12:54 INFO TaskSchedulerImpl: Killing all running tasks in stage 7: Stage finished
[2026-01-20T04:12:54.547+0000] {subprocess.py:93} INFO - 26/01/20 04:12:54 INFO DAGScheduler: Job 5 finished: $anonfun$withThreadLocalCaptured$1 at FutureTask.java:264, took 0.626039 s
[2026-01-20T04:12:54.567+0000] {subprocess.py:93} INFO - 26/01/20 04:12:54 INFO CodeGenerator: Code generated in 6.667933 ms
[2026-01-20T04:12:54.636+0000] {subprocess.py:93} INFO - 26/01/20 04:12:54 INFO MemoryStore: Block broadcast_11 stored as values in memory (estimated size 9.0 MiB, free 424.6 MiB)
[2026-01-20T04:12:54.681+0000] {subprocess.py:93} INFO - 26/01/20 04:12:54 INFO MemoryStore: Block broadcast_11_piece0 stored as bytes in memory (estimated size 1578.1 KiB, free 423.1 MiB)
[2026-01-20T04:12:54.682+0000] {subprocess.py:93} INFO - 26/01/20 04:12:54 INFO BlockManagerInfo: Added broadcast_11_piece0 in memory on 519d7d29de3d:42283 (size: 1578.1 KiB, free: 432.7 MiB)
[2026-01-20T04:12:54.683+0000] {subprocess.py:93} INFO - 26/01/20 04:12:54 INFO SparkContext: Created broadcast 11 from $anonfun$withThreadLocalCaptured$1 at FutureTask.java:264
[2026-01-20T04:12:54.695+0000] {subprocess.py:93} INFO - 26/01/20 04:12:54 INFO FileSourceStrategy: Pushed Filters: IsNotNull(user_id),IsNotNull(line_items)
[2026-01-20T04:12:54.696+0000] {subprocess.py:93} INFO - 26/01/20 04:12:54 INFO FileSourceStrategy: Post-Scan Filters: isnotnull(user_id#21),(size(line_items#10, true) > 0),isnotnull(line_items#10)
[2026-01-20T04:12:54.879+0000] {subprocess.py:93} INFO - 26/01/20 04:12:54 INFO FileOutputCommitter: File Output Committer Algorithm version is 1
[2026-01-20T04:12:54.880+0000] {subprocess.py:93} INFO - 26/01/20 04:12:54 INFO FileOutputCommitter: FileOutputCommitter skip cleanup _temporary folders under output directory:false, ignore cleanup failures: false
[2026-01-20T04:12:54.880+0000] {subprocess.py:93} INFO - 26/01/20 04:12:54 INFO SQLHadoopMapReduceCommitProtocol: Using output committer class org.apache.hadoop.mapreduce.lib.output.FileOutputCommitter
[2026-01-20T04:12:54.998+0000] {subprocess.py:93} INFO - 26/01/20 04:12:54 INFO CodeGenerator: Code generated in 34.809897 ms
[2026-01-20T04:12:55.001+0000] {subprocess.py:93} INFO - 26/01/20 04:12:55 INFO MemoryStore: Block broadcast_12 stored as values in memory (estimated size 199.1 KiB, free 422.9 MiB)
[2026-01-20T04:12:55.010+0000] {subprocess.py:93} INFO - 26/01/20 04:12:55 INFO MemoryStore: Block broadcast_12_piece0 stored as bytes in memory (estimated size 34.2 KiB, free 422.8 MiB)
[2026-01-20T04:12:55.011+0000] {subprocess.py:93} INFO - 26/01/20 04:12:55 INFO BlockManagerInfo: Added broadcast_12_piece0 in memory on 519d7d29de3d:42283 (size: 34.2 KiB, free: 432.7 MiB)
[2026-01-20T04:12:55.012+0000] {subprocess.py:93} INFO - 26/01/20 04:12:55 INFO SparkContext: Created broadcast 12 from csv at NativeMethodAccessorImpl.java:0
[2026-01-20T04:12:55.014+0000] {subprocess.py:93} INFO - 26/01/20 04:12:55 INFO FileSourceScanExec: Planning scan with bin packing, max size: 4194304 bytes, open cost is considered as scanning 4194304 bytes.
[2026-01-20T04:12:55.029+0000] {subprocess.py:93} INFO - 26/01/20 04:12:55 INFO SparkContext: Starting job: csv at NativeMethodAccessorImpl.java:0
[2026-01-20T04:12:55.031+0000] {subprocess.py:93} INFO - 26/01/20 04:12:55 INFO DAGScheduler: Got job 6 (csv at NativeMethodAccessorImpl.java:0) with 13 output partitions
[2026-01-20T04:12:55.032+0000] {subprocess.py:93} INFO - 26/01/20 04:12:55 INFO DAGScheduler: Final stage: ResultStage 8 (csv at NativeMethodAccessorImpl.java:0)
[2026-01-20T04:12:55.033+0000] {subprocess.py:93} INFO - 26/01/20 04:12:55 INFO DAGScheduler: Parents of final stage: List()
[2026-01-20T04:12:55.034+0000] {subprocess.py:93} INFO - 26/01/20 04:12:55 INFO DAGScheduler: Missing parents: List()
[2026-01-20T04:12:55.035+0000] {subprocess.py:93} INFO - 26/01/20 04:12:55 INFO DAGScheduler: Submitting ResultStage 8 (MapPartitionsRDD[30] at csv at NativeMethodAccessorImpl.java:0), which has no missing parents
[2026-01-20T04:12:55.083+0000] {subprocess.py:93} INFO - 26/01/20 04:12:55 INFO MemoryStore: Block broadcast_13 stored as values in memory (estimated size 233.0 KiB, free 422.6 MiB)
[2026-01-20T04:12:55.086+0000] {subprocess.py:93} INFO - 26/01/20 04:12:55 INFO MemoryStore: Block broadcast_13_piece0 stored as bytes in memory (estimated size 82.8 KiB, free 422.5 MiB)
[2026-01-20T04:12:55.087+0000] {subprocess.py:93} INFO - 26/01/20 04:12:55 INFO BlockManagerInfo: Added broadcast_13_piece0 in memory on 519d7d29de3d:42283 (size: 82.8 KiB, free: 432.6 MiB)
[2026-01-20T04:12:55.089+0000] {subprocess.py:93} INFO - 26/01/20 04:12:55 INFO SparkContext: Created broadcast 13 from broadcast at DAGScheduler.scala:1580
[2026-01-20T04:12:55.090+0000] {subprocess.py:93} INFO - 26/01/20 04:12:55 INFO DAGScheduler: Submitting 13 missing tasks from ResultStage 8 (MapPartitionsRDD[30] at csv at NativeMethodAccessorImpl.java:0) (first 15 tasks are for partitions Vector(0, 1, 2, 3, 4, 5, 6, 7, 8, 9, 10, 11, 12))
[2026-01-20T04:12:55.091+0000] {subprocess.py:93} INFO - 26/01/20 04:12:55 INFO TaskSchedulerImpl: Adding task set 8.0 with 13 tasks resource profile 0
[2026-01-20T04:12:55.092+0000] {subprocess.py:93} INFO - 26/01/20 04:12:55 INFO TaskSetManager: Starting task 0.0 in stage 8.0 (TID 51) (519d7d29de3d, executor driver, partition 0, PROCESS_LOCAL, 8251 bytes)
[2026-01-20T04:12:55.093+0000] {subprocess.py:93} INFO - 26/01/20 04:12:55 INFO TaskSetManager: Starting task 1.0 in stage 8.0 (TID 52) (519d7d29de3d, executor driver, partition 1, PROCESS_LOCAL, 8251 bytes)
[2026-01-20T04:12:55.095+0000] {subprocess.py:93} INFO - 26/01/20 04:12:55 INFO TaskSetManager: Starting task 2.0 in stage 8.0 (TID 53) (519d7d29de3d, executor driver, partition 2, PROCESS_LOCAL, 8251 bytes)
[2026-01-20T04:12:55.097+0000] {subprocess.py:93} INFO - 26/01/20 04:12:55 INFO TaskSetManager: Starting task 3.0 in stage 8.0 (TID 54) (519d7d29de3d, executor driver, partition 3, PROCESS_LOCAL, 8251 bytes)
[2026-01-20T04:12:55.098+0000] {subprocess.py:93} INFO - 26/01/20 04:12:55 INFO TaskSetManager: Starting task 4.0 in stage 8.0 (TID 55) (519d7d29de3d, executor driver, partition 4, PROCESS_LOCAL, 8251 bytes)
[2026-01-20T04:12:55.099+0000] {subprocess.py:93} INFO - 26/01/20 04:12:55 INFO TaskSetManager: Starting task 5.0 in stage 8.0 (TID 56) (519d7d29de3d, executor driver, partition 5, PROCESS_LOCAL, 8251 bytes)
[2026-01-20T04:12:55.100+0000] {subprocess.py:93} INFO - 26/01/20 04:12:55 INFO TaskSetManager: Starting task 6.0 in stage 8.0 (TID 57) (519d7d29de3d, executor driver, partition 6, PROCESS_LOCAL, 8251 bytes)
[2026-01-20T04:12:55.103+0000] {subprocess.py:93} INFO - 26/01/20 04:12:55 INFO TaskSetManager: Starting task 7.0 in stage 8.0 (TID 58) (519d7d29de3d, executor driver, partition 7, PROCESS_LOCAL, 8251 bytes)
[2026-01-20T04:12:55.109+0000] {subprocess.py:93} INFO - 26/01/20 04:12:55 INFO TaskSetManager: Starting task 8.0 in stage 8.0 (TID 59) (519d7d29de3d, executor driver, partition 8, PROCESS_LOCAL, 8251 bytes)
[2026-01-20T04:12:55.111+0000] {subprocess.py:93} INFO - 26/01/20 04:12:55 INFO TaskSetManager: Starting task 9.0 in stage 8.0 (TID 60) (519d7d29de3d, executor driver, partition 9, PROCESS_LOCAL, 8251 bytes)
[2026-01-20T04:12:55.112+0000] {subprocess.py:93} INFO - 26/01/20 04:12:55 INFO TaskSetManager: Starting task 10.0 in stage 8.0 (TID 61) (519d7d29de3d, executor driver, partition 10, PROCESS_LOCAL, 8251 bytes)
[2026-01-20T04:12:55.114+0000] {subprocess.py:93} INFO - 26/01/20 04:12:55 INFO TaskSetManager: Starting task 11.0 in stage 8.0 (TID 62) (519d7d29de3d, executor driver, partition 11, PROCESS_LOCAL, 8251 bytes)
[2026-01-20T04:12:55.116+0000] {subprocess.py:93} INFO - 26/01/20 04:12:55 INFO TaskSetManager: Starting task 12.0 in stage 8.0 (TID 63) (519d7d29de3d, executor driver, partition 12, PROCESS_LOCAL, 8251 bytes)
[2026-01-20T04:12:55.117+0000] {subprocess.py:93} INFO - 26/01/20 04:12:55 INFO Executor: Running task 0.0 in stage 8.0 (TID 51)
[2026-01-20T04:12:55.119+0000] {subprocess.py:93} INFO - 26/01/20 04:12:55 INFO Executor: Running task 3.0 in stage 8.0 (TID 54)
[2026-01-20T04:12:55.121+0000] {subprocess.py:93} INFO - 26/01/20 04:12:55 INFO Executor: Running task 1.0 in stage 8.0 (TID 52)
[2026-01-20T04:12:55.123+0000] {subprocess.py:93} INFO - 26/01/20 04:12:55 INFO Executor: Running task 2.0 in stage 8.0 (TID 53)
[2026-01-20T04:12:55.128+0000] {subprocess.py:93} INFO - 26/01/20 04:12:55 INFO Executor: Running task 6.0 in stage 8.0 (TID 57)
[2026-01-20T04:12:55.130+0000] {subprocess.py:93} INFO - 26/01/20 04:12:55 INFO Executor: Running task 4.0 in stage 8.0 (TID 55)
[2026-01-20T04:12:55.133+0000] {subprocess.py:93} INFO - 26/01/20 04:12:55 INFO Executor: Running task 7.0 in stage 8.0 (TID 58)
[2026-01-20T04:12:55.135+0000] {subprocess.py:93} INFO - 26/01/20 04:12:55 INFO Executor: Running task 5.0 in stage 8.0 (TID 56)
[2026-01-20T04:12:55.141+0000] {subprocess.py:93} INFO - 26/01/20 04:12:55 INFO Executor: Running task 8.0 in stage 8.0 (TID 59)
[2026-01-20T04:12:55.142+0000] {subprocess.py:93} INFO - 26/01/20 04:12:55 INFO Executor: Running task 9.0 in stage 8.0 (TID 60)
[2026-01-20T04:12:55.144+0000] {subprocess.py:93} INFO - 26/01/20 04:12:55 INFO Executor: Running task 10.0 in stage 8.0 (TID 61)
[2026-01-20T04:12:55.144+0000] {subprocess.py:93} INFO - 26/01/20 04:12:55 INFO Executor: Running task 11.0 in stage 8.0 (TID 62)
[2026-01-20T04:12:55.146+0000] {subprocess.py:93} INFO - 26/01/20 04:12:55 INFO Executor: Running task 12.0 in stage 8.0 (TID 63)
[2026-01-20T04:12:55.306+0000] {subprocess.py:93} INFO - 26/01/20 04:12:55 INFO CodeGenerator: Code generated in 49.042442 ms
[2026-01-20T04:12:55.313+0000] {subprocess.py:93} INFO - 26/01/20 04:12:55 INFO FileOutputCommitter: File Output Committer Algorithm version is 1
[2026-01-20T04:12:55.316+0000] {subprocess.py:93} INFO - 26/01/20 04:12:55 INFO FileOutputCommitter: File Output Committer Algorithm version is 1
[2026-01-20T04:12:55.317+0000] {subprocess.py:93} INFO - 26/01/20 04:12:55 INFO FileOutputCommitter: File Output Committer Algorithm version is 1
[2026-01-20T04:12:55.322+0000] {subprocess.py:93} INFO - 26/01/20 04:12:55 INFO FileOutputCommitter: FileOutputCommitter skip cleanup _temporary folders under output directory:false, ignore cleanup failures: false
[2026-01-20T04:12:55.324+0000] {subprocess.py:93} INFO - 26/01/20 04:12:55 INFO FileOutputCommitter: File Output Committer Algorithm version is 1
[2026-01-20T04:12:55.325+0000] {subprocess.py:93} INFO - 26/01/20 04:12:55 INFO FileOutputCommitter: FileOutputCommitter skip cleanup _temporary folders under output directory:false, ignore cleanup failures: false
[2026-01-20T04:12:55.327+0000] {subprocess.py:93} INFO - 26/01/20 04:12:55 INFO FileOutputCommitter: File Output Committer Algorithm version is 1
[2026-01-20T04:12:55.332+0000] {subprocess.py:93} INFO - 26/01/20 04:12:55 INFO FileOutputCommitter: FileOutputCommitter skip cleanup _temporary folders under output directory:false, ignore cleanup failures: false
[2026-01-20T04:12:55.340+0000] {subprocess.py:93} INFO - 26/01/20 04:12:55 INFO FileOutputCommitter: FileOutputCommitter skip cleanup _temporary folders under output directory:false, ignore cleanup failures: false
[2026-01-20T04:12:55.342+0000] {subprocess.py:93} INFO - 26/01/20 04:12:55 INFO FileOutputCommitter: File Output Committer Algorithm version is 1
[2026-01-20T04:12:55.343+0000] {subprocess.py:93} INFO - 26/01/20 04:12:55 INFO FileOutputCommitter: FileOutputCommitter skip cleanup _temporary folders under output directory:false, ignore cleanup failures: false
[2026-01-20T04:12:55.344+0000] {subprocess.py:93} INFO - 26/01/20 04:12:55 INFO SQLHadoopMapReduceCommitProtocol: Using output committer class org.apache.hadoop.mapreduce.lib.output.FileOutputCommitter
[2026-01-20T04:12:55.346+0000] {subprocess.py:93} INFO - 26/01/20 04:12:55 INFO SQLHadoopMapReduceCommitProtocol: Using output committer class org.apache.hadoop.mapreduce.lib.output.FileOutputCommitter
[2026-01-20T04:12:55.347+0000] {subprocess.py:93} INFO - 26/01/20 04:12:55 INFO FileOutputCommitter: File Output Committer Algorithm version is 1
[2026-01-20T04:12:55.348+0000] {subprocess.py:93} INFO - 26/01/20 04:12:55 INFO FileOutputCommitter: FileOutputCommitter skip cleanup _temporary folders under output directory:false, ignore cleanup failures: false
[2026-01-20T04:12:55.349+0000] {subprocess.py:93} INFO - 26/01/20 04:12:55 INFO SQLHadoopMapReduceCommitProtocol: Using output committer class org.apache.hadoop.mapreduce.lib.output.FileOutputCommitter
[2026-01-20T04:12:55.352+0000] {subprocess.py:93} INFO - 26/01/20 04:12:55 INFO FileScanRDD: Reading File path: file:///opt/spark-data/landing/transaction_events_1768879479.1820476.json, range: 33554432-37748736, partition values: [empty row]
[2026-01-20T04:12:55.355+0000] {subprocess.py:93} INFO - 26/01/20 04:12:55 INFO FileOutputCommitter: File Output Committer Algorithm version is 1
[2026-01-20T04:12:55.356+0000] {subprocess.py:93} INFO - 26/01/20 04:12:55 INFO FileScanRDD: Reading File path: file:///opt/spark-data/landing/transaction_events_1768879479.1820476.json, range: 50331648-51561162, partition values: [empty row]
[2026-01-20T04:12:55.358+0000] {subprocess.py:93} INFO - 26/01/20 04:12:55 INFO FileOutputCommitter: File Output Committer Algorithm version is 1
[2026-01-20T04:12:55.359+0000] {subprocess.py:93} INFO - 26/01/20 04:12:55 INFO FileOutputCommitter: File Output Committer Algorithm version is 1
[2026-01-20T04:12:55.360+0000] {subprocess.py:93} INFO - 26/01/20 04:12:55 INFO FileOutputCommitter: FileOutputCommitter skip cleanup _temporary folders under output directory:false, ignore cleanup failures: false
[2026-01-20T04:12:55.363+0000] {subprocess.py:93} INFO - 26/01/20 04:12:55 INFO FileOutputCommitter: FileOutputCommitter skip cleanup _temporary folders under output directory:false, ignore cleanup failures: false
[2026-01-20T04:12:55.364+0000] {subprocess.py:93} INFO - 26/01/20 04:12:55 INFO SQLHadoopMapReduceCommitProtocol: Using output committer class org.apache.hadoop.mapreduce.lib.output.FileOutputCommitter
[2026-01-20T04:12:55.364+0000] {subprocess.py:93} INFO - 26/01/20 04:12:55 INFO SQLHadoopMapReduceCommitProtocol: Using output committer class org.apache.hadoop.mapreduce.lib.output.FileOutputCommitter
[2026-01-20T04:12:55.367+0000] {subprocess.py:93} INFO - 26/01/20 04:12:55 INFO FileScanRDD: Reading File path: file:///opt/spark-data/landing/transaction_events_1768879479.1820476.json, range: 20971520-25165824, partition values: [empty row]
[2026-01-20T04:12:55.368+0000] {subprocess.py:93} INFO - 26/01/20 04:12:55 INFO FileScanRDD: Reading File path: file:///opt/spark-data/landing/transaction_events_1768879479.1820476.json, range: 46137344-50331648, partition values: [empty row]
[2026-01-20T04:12:55.370+0000] {subprocess.py:93} INFO - 26/01/20 04:12:55 INFO SQLHadoopMapReduceCommitProtocol: Using output committer class org.apache.hadoop.mapreduce.lib.output.FileOutputCommitter
[2026-01-20T04:12:55.371+0000] {subprocess.py:93} INFO - 26/01/20 04:12:55 INFO FileScanRDD: Reading File path: file:///opt/spark-data/landing/transaction_events_1768879479.1820476.json, range: 8388608-12582912, partition values: [empty row]
[2026-01-20T04:12:55.374+0000] {subprocess.py:93} INFO - 26/01/20 04:12:55 INFO FileOutputCommitter: File Output Committer Algorithm version is 1
[2026-01-20T04:12:55.375+0000] {subprocess.py:93} INFO - 26/01/20 04:12:55 INFO FileOutputCommitter: FileOutputCommitter skip cleanup _temporary folders under output directory:false, ignore cleanup failures: false
[2026-01-20T04:12:55.377+0000] {subprocess.py:93} INFO - 26/01/20 04:12:55 INFO SQLHadoopMapReduceCommitProtocol: Using output committer class org.apache.hadoop.mapreduce.lib.output.FileOutputCommitter
[2026-01-20T04:12:55.381+0000] {subprocess.py:93} INFO - 26/01/20 04:12:55 INFO SQLHadoopMapReduceCommitProtocol: Using output committer class org.apache.hadoop.mapreduce.lib.output.FileOutputCommitter
[2026-01-20T04:12:55.383+0000] {subprocess.py:93} INFO - 26/01/20 04:12:55 INFO FileOutputCommitter: FileOutputCommitter skip cleanup _temporary folders under output directory:false, ignore cleanup failures: false
[2026-01-20T04:12:55.388+0000] {subprocess.py:93} INFO - 26/01/20 04:12:55 INFO FileScanRDD: Reading File path: file:///opt/spark-data/landing/transaction_events_1768879479.1820476.json, range: 25165824-29360128, partition values: [empty row]
[2026-01-20T04:12:55.392+0000] {subprocess.py:93} INFO - 26/01/20 04:12:55 INFO SQLHadoopMapReduceCommitProtocol: Using output committer class org.apache.hadoop.mapreduce.lib.output.FileOutputCommitter
[2026-01-20T04:12:55.395+0000] {subprocess.py:93} INFO - 26/01/20 04:12:55 INFO FileScanRDD: Reading File path: file:///opt/spark-data/landing/transaction_events_1768879479.1820476.json, range: 12582912-16777216, partition values: [empty row]
[2026-01-20T04:12:55.398+0000] {subprocess.py:93} INFO - 26/01/20 04:12:55 INFO FileOutputCommitter: File Output Committer Algorithm version is 1
[2026-01-20T04:12:55.400+0000] {subprocess.py:93} INFO - 26/01/20 04:12:55 INFO FileOutputCommitter: File Output Committer Algorithm version is 1
[2026-01-20T04:12:55.404+0000] {subprocess.py:93} INFO - 26/01/20 04:12:55 INFO FileOutputCommitter: FileOutputCommitter skip cleanup _temporary folders under output directory:false, ignore cleanup failures: false
[2026-01-20T04:12:55.408+0000] {subprocess.py:93} INFO - 26/01/20 04:12:55 INFO FileScanRDD: Reading File path: file:///opt/spark-data/landing/transaction_events_1768879479.1820476.json, range: 4194304-8388608, partition values: [empty row]
[2026-01-20T04:12:55.413+0000] {subprocess.py:93} INFO - 26/01/20 04:12:55 INFO FileOutputCommitter: FileOutputCommitter skip cleanup _temporary folders under output directory:false, ignore cleanup failures: false
[2026-01-20T04:12:55.414+0000] {subprocess.py:93} INFO - 26/01/20 04:12:55 INFO FileOutputCommitter: FileOutputCommitter skip cleanup _temporary folders under output directory:false, ignore cleanup failures: false
[2026-01-20T04:12:55.419+0000] {subprocess.py:93} INFO - 26/01/20 04:12:55 INFO SQLHadoopMapReduceCommitProtocol: Using output committer class org.apache.hadoop.mapreduce.lib.output.FileOutputCommitter
[2026-01-20T04:12:55.421+0000] {subprocess.py:93} INFO - 26/01/20 04:12:55 INFO SQLHadoopMapReduceCommitProtocol: Using output committer class org.apache.hadoop.mapreduce.lib.output.FileOutputCommitter
[2026-01-20T04:12:55.425+0000] {subprocess.py:93} INFO - 26/01/20 04:12:55 INFO SQLHadoopMapReduceCommitProtocol: Using output committer class org.apache.hadoop.mapreduce.lib.output.FileOutputCommitter
[2026-01-20T04:12:55.427+0000] {subprocess.py:93} INFO - 26/01/20 04:12:55 INFO FileScanRDD: Reading File path: file:///opt/spark-data/landing/transaction_events_1768879479.1820476.json, range: 16777216-20971520, partition values: [empty row]
[2026-01-20T04:12:55.429+0000] {subprocess.py:93} INFO - 26/01/20 04:12:55 INFO FileScanRDD: Reading File path: file:///opt/spark-data/landing/transaction_events_1768879479.1820476.json, range: 37748736-41943040, partition values: [empty row]
[2026-01-20T04:12:55.430+0000] {subprocess.py:93} INFO - 26/01/20 04:12:55 INFO FileScanRDD: Reading File path: file:///opt/spark-data/landing/transaction_events_1768879479.1820476.json, range: 41943040-46137344, partition values: [empty row]
[2026-01-20T04:12:55.431+0000] {subprocess.py:93} INFO - 26/01/20 04:12:55 INFO SQLHadoopMapReduceCommitProtocol: Using output committer class org.apache.hadoop.mapreduce.lib.output.FileOutputCommitter
[2026-01-20T04:12:55.432+0000] {subprocess.py:93} INFO - 26/01/20 04:12:55 INFO FileScanRDD: Reading File path: file:///opt/spark-data/landing/transaction_events_1768879479.1820476.json, range: 29360128-33554432, partition values: [empty row]
[2026-01-20T04:12:55.433+0000] {subprocess.py:93} INFO - 26/01/20 04:12:55 INFO CodeGenerator: Code generated in 23.36014 ms
[2026-01-20T04:12:55.435+0000] {subprocess.py:93} INFO - 26/01/20 04:12:55 INFO CodeGenerator: Code generated in 9.606407 ms
[2026-01-20T04:12:55.643+0000] {subprocess.py:93} INFO - 26/01/20 04:12:55 INFO FileScanRDD: Reading File path: file:///opt/spark-data/landing/transaction_events_1768879479.1820476.json, range: 0-4194304, partition values: [empty row]
[2026-01-20T04:12:56.206+0000] {subprocess.py:93} INFO - 26/01/20 04:12:56 INFO FileOutputCommitter: Saved output of task 'attempt_202601200412556772066740410058968_0008_m_000012_63' to file:/opt/spark-data/gold/advertising/_temporary/0/task_202601200412556772066740410058968_0008_m_000012
[2026-01-20T04:12:56.209+0000] {subprocess.py:93} INFO - 26/01/20 04:12:56 INFO SparkHadoopMapRedUtil: attempt_202601200412556772066740410058968_0008_m_000012_63: Committed. Elapsed time: 64 ms.
[2026-01-20T04:12:56.223+0000] {subprocess.py:93} INFO - 26/01/20 04:12:56 INFO Executor: Finished task 12.0 in stage 8.0 (TID 63). 2936 bytes result sent to driver
[2026-01-20T04:12:56.228+0000] {subprocess.py:93} INFO - 26/01/20 04:12:56 INFO TaskSetManager: Finished task 12.0 in stage 8.0 (TID 63) in 1128 ms on 519d7d29de3d (executor driver) (1/13)
[2026-01-20T04:12:56.440+0000] {subprocess.py:93} INFO - 26/01/20 04:12:56 INFO FileOutputCommitter: Saved output of task 'attempt_202601200412556772066740410058968_0008_m_000006_57' to file:/opt/spark-data/gold/advertising/_temporary/0/task_202601200412556772066740410058968_0008_m_000006
[2026-01-20T04:12:56.441+0000] {subprocess.py:93} INFO - 26/01/20 04:12:56 INFO SparkHadoopMapRedUtil: attempt_202601200412556772066740410058968_0008_m_000006_57: Committed. Elapsed time: 37 ms.
[2026-01-20T04:12:56.442+0000] {subprocess.py:93} INFO - 26/01/20 04:12:56 INFO Executor: Finished task 6.0 in stage 8.0 (TID 57). 2893 bytes result sent to driver
[2026-01-20T04:12:56.443+0000] {subprocess.py:93} INFO - 26/01/20 04:12:56 INFO TaskSetManager: Finished task 6.0 in stage 8.0 (TID 57) in 1349 ms on 519d7d29de3d (executor driver) (2/13)
[2026-01-20T04:12:56.446+0000] {subprocess.py:93} INFO - 26/01/20 04:12:56 INFO FileOutputCommitter: Saved output of task 'attempt_202601200412556772066740410058968_0008_m_000009_60' to file:/opt/spark-data/gold/advertising/_temporary/0/task_202601200412556772066740410058968_0008_m_000009
[2026-01-20T04:12:56.447+0000] {subprocess.py:93} INFO - 26/01/20 04:12:56 INFO SparkHadoopMapRedUtil: attempt_202601200412556772066740410058968_0008_m_000009_60: Committed. Elapsed time: 42 ms.
[2026-01-20T04:12:56.448+0000] {subprocess.py:93} INFO - 26/01/20 04:12:56 INFO Executor: Finished task 9.0 in stage 8.0 (TID 60). 2893 bytes result sent to driver
[2026-01-20T04:12:56.449+0000] {subprocess.py:93} INFO - 26/01/20 04:12:56 INFO TaskSetManager: Finished task 9.0 in stage 8.0 (TID 60) in 1353 ms on 519d7d29de3d (executor driver) (3/13)
[2026-01-20T04:12:56.453+0000] {subprocess.py:93} INFO - 26/01/20 04:12:56 INFO FileOutputCommitter: Saved output of task 'attempt_202601200412556772066740410058968_0008_m_000010_61' to file:/opt/spark-data/gold/advertising/_temporary/0/task_202601200412556772066740410058968_0008_m_000010
[2026-01-20T04:12:56.454+0000] {subprocess.py:93} INFO - 26/01/20 04:12:56 INFO SparkHadoopMapRedUtil: attempt_202601200412556772066740410058968_0008_m_000010_61: Committed. Elapsed time: 47 ms.
[2026-01-20T04:12:56.454+0000] {subprocess.py:93} INFO - 26/01/20 04:12:56 INFO Executor: Finished task 10.0 in stage 8.0 (TID 61). 2893 bytes result sent to driver
[2026-01-20T04:12:56.455+0000] {subprocess.py:93} INFO - 26/01/20 04:12:56 INFO TaskSetManager: Finished task 10.0 in stage 8.0 (TID 61) in 1358 ms on 519d7d29de3d (executor driver) (4/13)
[2026-01-20T04:12:56.459+0000] {subprocess.py:93} INFO - 26/01/20 04:12:56 INFO FileOutputCommitter: Saved output of task 'attempt_202601200412556772066740410058968_0008_m_000001_52' to file:/opt/spark-data/gold/advertising/_temporary/0/task_202601200412556772066740410058968_0008_m_000001
[2026-01-20T04:12:56.459+0000] {subprocess.py:93} INFO - 26/01/20 04:12:56 INFO SparkHadoopMapRedUtil: attempt_202601200412556772066740410058968_0008_m_000001_52: Committed. Elapsed time: 52 ms.
[2026-01-20T04:12:56.460+0000] {subprocess.py:93} INFO - 26/01/20 04:12:56 INFO Executor: Finished task 1.0 in stage 8.0 (TID 52). 2893 bytes result sent to driver
[2026-01-20T04:12:56.461+0000] {subprocess.py:93} INFO - 26/01/20 04:12:56 INFO TaskSetManager: Finished task 1.0 in stage 8.0 (TID 52) in 1369 ms on 519d7d29de3d (executor driver) (5/13)
[2026-01-20T04:12:56.463+0000] {subprocess.py:93} INFO - 26/01/20 04:12:56 INFO FileOutputCommitter: Saved output of task 'attempt_202601200412556772066740410058968_0008_m_000003_54' to file:/opt/spark-data/gold/advertising/_temporary/0/task_202601200412556772066740410058968_0008_m_000003
[2026-01-20T04:12:56.464+0000] {subprocess.py:93} INFO - 26/01/20 04:12:56 INFO SparkHadoopMapRedUtil: attempt_202601200412556772066740410058968_0008_m_000003_54: Committed. Elapsed time: 56 ms.
[2026-01-20T04:12:56.465+0000] {subprocess.py:93} INFO - 26/01/20 04:12:56 INFO Executor: Finished task 3.0 in stage 8.0 (TID 54). 2893 bytes result sent to driver
[2026-01-20T04:12:56.469+0000] {subprocess.py:93} INFO - 26/01/20 04:12:56 INFO TaskSetManager: Finished task 3.0 in stage 8.0 (TID 54) in 1375 ms on 519d7d29de3d (executor driver) (6/13)
[2026-01-20T04:12:56.470+0000] {subprocess.py:93} INFO - 26/01/20 04:12:56 INFO FileOutputCommitter: Saved output of task 'attempt_202601200412556772066740410058968_0008_m_000008_59' to file:/opt/spark-data/gold/advertising/_temporary/0/task_202601200412556772066740410058968_0008_m_000008
[2026-01-20T04:12:56.470+0000] {subprocess.py:93} INFO - 26/01/20 04:12:56 INFO SparkHadoopMapRedUtil: attempt_202601200412556772066740410058968_0008_m_000008_59: Committed. Elapsed time: 63 ms.
[2026-01-20T04:12:56.471+0000] {subprocess.py:93} INFO - 26/01/20 04:12:56 INFO Executor: Finished task 8.0 in stage 8.0 (TID 59). 2893 bytes result sent to driver
[2026-01-20T04:12:56.472+0000] {subprocess.py:93} INFO - 26/01/20 04:12:56 INFO TaskSetManager: Finished task 8.0 in stage 8.0 (TID 59) in 1376 ms on 519d7d29de3d (executor driver) (7/13)
[2026-01-20T04:12:56.474+0000] {subprocess.py:93} INFO - 26/01/20 04:12:56 INFO FileOutputCommitter: Saved output of task 'attempt_202601200412556772066740410058968_0008_m_000011_62' to file:/opt/spark-data/gold/advertising/_temporary/0/task_202601200412556772066740410058968_0008_m_000011
[2026-01-20T04:12:56.475+0000] {subprocess.py:93} INFO - 26/01/20 04:12:56 INFO SparkHadoopMapRedUtil: attempt_202601200412556772066740410058968_0008_m_000011_62: Committed. Elapsed time: 63 ms.
[2026-01-20T04:12:56.476+0000] {subprocess.py:93} INFO - 26/01/20 04:12:56 INFO Executor: Finished task 11.0 in stage 8.0 (TID 62). 2893 bytes result sent to driver
[2026-01-20T04:12:56.477+0000] {subprocess.py:93} INFO - 26/01/20 04:12:56 INFO TaskSetManager: Finished task 11.0 in stage 8.0 (TID 62) in 1379 ms on 519d7d29de3d (executor driver) (8/13)
[2026-01-20T04:12:56.479+0000] {subprocess.py:93} INFO - 26/01/20 04:12:56 INFO FileOutputCommitter: Saved output of task 'attempt_202601200412556772066740410058968_0008_m_000002_53' to file:/opt/spark-data/gold/advertising/_temporary/0/task_202601200412556772066740410058968_0008_m_000002
[2026-01-20T04:12:56.480+0000] {subprocess.py:93} INFO - 26/01/20 04:12:56 INFO SparkHadoopMapRedUtil: attempt_202601200412556772066740410058968_0008_m_000002_53: Committed. Elapsed time: 69 ms.
[2026-01-20T04:12:56.481+0000] {subprocess.py:93} INFO - 26/01/20 04:12:56 INFO Executor: Finished task 2.0 in stage 8.0 (TID 53). 2893 bytes result sent to driver
[2026-01-20T04:12:56.481+0000] {subprocess.py:93} INFO - 26/01/20 04:12:56 INFO TaskSetManager: Finished task 2.0 in stage 8.0 (TID 53) in 1388 ms on 519d7d29de3d (executor driver) (9/13)
[2026-01-20T04:12:56.485+0000] {subprocess.py:93} INFO - 26/01/20 04:12:56 INFO FileOutputCommitter: Saved output of task 'attempt_202601200412556772066740410058968_0008_m_000007_58' to file:/opt/spark-data/gold/advertising/_temporary/0/task_202601200412556772066740410058968_0008_m_000007
[2026-01-20T04:12:56.486+0000] {subprocess.py:93} INFO - 26/01/20 04:12:56 INFO SparkHadoopMapRedUtil: attempt_202601200412556772066740410058968_0008_m_000007_58: Committed. Elapsed time: 73 ms.
[2026-01-20T04:12:56.487+0000] {subprocess.py:93} INFO - 26/01/20 04:12:56 INFO Executor: Finished task 7.0 in stage 8.0 (TID 58). 2893 bytes result sent to driver
[2026-01-20T04:12:56.487+0000] {subprocess.py:93} INFO - 26/01/20 04:12:56 INFO TaskSetManager: Finished task 7.0 in stage 8.0 (TID 58) in 1392 ms on 519d7d29de3d (executor driver) (10/13)
[2026-01-20T04:12:56.490+0000] {subprocess.py:93} INFO - 26/01/20 04:12:56 INFO FileOutputCommitter: Saved output of task 'attempt_202601200412556772066740410058968_0008_m_000005_56' to file:/opt/spark-data/gold/advertising/_temporary/0/task_202601200412556772066740410058968_0008_m_000005
[2026-01-20T04:12:56.491+0000] {subprocess.py:93} INFO - 26/01/20 04:12:56 INFO SparkHadoopMapRedUtil: attempt_202601200412556772066740410058968_0008_m_000005_56: Committed. Elapsed time: 77 ms.
[2026-01-20T04:12:56.491+0000] {subprocess.py:93} INFO - 26/01/20 04:12:56 INFO Executor: Finished task 5.0 in stage 8.0 (TID 56). 2893 bytes result sent to driver
[2026-01-20T04:12:56.492+0000] {subprocess.py:93} INFO - 26/01/20 04:12:56 INFO TaskSetManager: Finished task 5.0 in stage 8.0 (TID 56) in 1398 ms on 519d7d29de3d (executor driver) (11/13)
[2026-01-20T04:12:56.495+0000] {subprocess.py:93} INFO - 26/01/20 04:12:56 INFO FileOutputCommitter: Saved output of task 'attempt_202601200412556772066740410058968_0008_m_000004_55' to file:/opt/spark-data/gold/advertising/_temporary/0/task_202601200412556772066740410058968_0008_m_000004
[2026-01-20T04:12:56.496+0000] {subprocess.py:93} INFO - 26/01/20 04:12:56 INFO SparkHadoopMapRedUtil: attempt_202601200412556772066740410058968_0008_m_000004_55: Committed. Elapsed time: 82 ms.
[2026-01-20T04:12:56.496+0000] {subprocess.py:93} INFO - 26/01/20 04:12:56 INFO Executor: Finished task 4.0 in stage 8.0 (TID 55). 2893 bytes result sent to driver
[2026-01-20T04:12:56.498+0000] {subprocess.py:93} INFO - 26/01/20 04:12:56 INFO TaskSetManager: Finished task 4.0 in stage 8.0 (TID 55) in 1403 ms on 519d7d29de3d (executor driver) (12/13)
[2026-01-20T04:12:56.503+0000] {subprocess.py:93} INFO - 26/01/20 04:12:56 INFO FileOutputCommitter: Saved output of task 'attempt_202601200412556772066740410058968_0008_m_000000_51' to file:/opt/spark-data/gold/advertising/_temporary/0/task_202601200412556772066740410058968_0008_m_000000
[2026-01-20T04:12:56.504+0000] {subprocess.py:93} INFO - 26/01/20 04:12:56 INFO SparkHadoopMapRedUtil: attempt_202601200412556772066740410058968_0008_m_000000_51: Committed. Elapsed time: 78 ms.
[2026-01-20T04:12:56.505+0000] {subprocess.py:93} INFO - 26/01/20 04:12:56 INFO Executor: Finished task 0.0 in stage 8.0 (TID 51). 2893 bytes result sent to driver
[2026-01-20T04:12:56.507+0000] {subprocess.py:93} INFO - 26/01/20 04:12:56 INFO TaskSetManager: Finished task 0.0 in stage 8.0 (TID 51) in 1416 ms on 519d7d29de3d (executor driver) (13/13)
[2026-01-20T04:12:56.507+0000] {subprocess.py:93} INFO - 26/01/20 04:12:56 INFO TaskSchedulerImpl: Removed TaskSet 8.0, whose tasks have all completed, from pool
[2026-01-20T04:12:56.510+0000] {subprocess.py:93} INFO - 26/01/20 04:12:56 INFO DAGScheduler: ResultStage 8 (csv at NativeMethodAccessorImpl.java:0) finished in 1.474 s
[2026-01-20T04:12:56.511+0000] {subprocess.py:93} INFO - 26/01/20 04:12:56 INFO DAGScheduler: Job 6 is finished. Cancelling potential speculative or zombie tasks for this job
[2026-01-20T04:12:56.512+0000] {subprocess.py:93} INFO - 26/01/20 04:12:56 INFO TaskSchedulerImpl: Killing all running tasks in stage 8: Stage finished
[2026-01-20T04:12:56.512+0000] {subprocess.py:93} INFO - 26/01/20 04:12:56 INFO DAGScheduler: Job 6 finished: csv at NativeMethodAccessorImpl.java:0, took 1.478700 s
[2026-01-20T04:12:56.513+0000] {subprocess.py:93} INFO - 26/01/20 04:12:56 INFO FileFormatWriter: Start to commit write Job f5641c45-c569-4643-ab51-a83682d02fc8.
[2026-01-20T04:12:58.303+0000] {subprocess.py:93} INFO - 26/01/20 04:12:58 INFO FileFormatWriter: Write Job f5641c45-c569-4643-ab51-a83682d02fc8 committed. Elapsed time: 1793 ms.
[2026-01-20T04:12:58.306+0000] {subprocess.py:93} INFO - 26/01/20 04:12:58 INFO FileFormatWriter: Finished processing stats for write job f5641c45-c569-4643-ab51-a83682d02fc8.
[2026-01-20T04:12:58.582+0000] {subprocess.py:93} INFO - 26/01/20 04:12:58 INFO FileSourceStrategy: Pushed Filters:
[2026-01-20T04:12:58.583+0000] {subprocess.py:93} INFO - 26/01/20 04:12:58 INFO FileSourceStrategy: Post-Scan Filters:
[2026-01-20T04:12:58.623+0000] {subprocess.py:93} INFO - 26/01/20 04:12:58 INFO CodeGenerator: Code generated in 12.17342 ms
[2026-01-20T04:12:58.629+0000] {subprocess.py:93} INFO - 26/01/20 04:12:58 INFO MemoryStore: Block broadcast_14 stored as values in memory (estimated size 199.1 KiB, free 422.3 MiB)
[2026-01-20T04:12:58.642+0000] {subprocess.py:93} INFO - 26/01/20 04:12:58 INFO MemoryStore: Block broadcast_14_piece0 stored as bytes in memory (estimated size 34.2 KiB, free 422.3 MiB)
[2026-01-20T04:12:58.643+0000] {subprocess.py:93} INFO - 26/01/20 04:12:58 INFO BlockManagerInfo: Added broadcast_14_piece0 in memory on 519d7d29de3d:42283 (size: 34.2 KiB, free: 432.6 MiB)
[2026-01-20T04:12:58.644+0000] {subprocess.py:93} INFO - 26/01/20 04:12:58 INFO SparkContext: Created broadcast 14 from csv at NativeMethodAccessorImpl.java:0
[2026-01-20T04:12:58.646+0000] {subprocess.py:93} INFO - 26/01/20 04:12:58 INFO FileSourceScanExec: Planning scan with bin packing, max size: 4194304 bytes, open cost is considered as scanning 4194304 bytes.
[2026-01-20T04:12:58.657+0000] {subprocess.py:93} INFO - 26/01/20 04:12:58 INFO DAGScheduler: Registering RDD 34 (csv at NativeMethodAccessorImpl.java:0) as input to shuffle 2
[2026-01-20T04:12:58.659+0000] {subprocess.py:93} INFO - 26/01/20 04:12:58 INFO DAGScheduler: Got map stage job 7 (csv at NativeMethodAccessorImpl.java:0) with 13 output partitions
[2026-01-20T04:12:58.660+0000] {subprocess.py:93} INFO - 26/01/20 04:12:58 INFO DAGScheduler: Final stage: ShuffleMapStage 9 (csv at NativeMethodAccessorImpl.java:0)
[2026-01-20T04:12:58.661+0000] {subprocess.py:93} INFO - 26/01/20 04:12:58 INFO DAGScheduler: Parents of final stage: List()
[2026-01-20T04:12:58.662+0000] {subprocess.py:93} INFO - 26/01/20 04:12:58 INFO DAGScheduler: Missing parents: List()
[2026-01-20T04:12:58.663+0000] {subprocess.py:93} INFO - 26/01/20 04:12:58 INFO DAGScheduler: Submitting ShuffleMapStage 9 (MapPartitionsRDD[34] at csv at NativeMethodAccessorImpl.java:0), which has no missing parents
[2026-01-20T04:12:58.666+0000] {subprocess.py:93} INFO - 26/01/20 04:12:58 INFO MemoryStore: Block broadcast_15 stored as values in memory (estimated size 18.5 KiB, free 422.3 MiB)
[2026-01-20T04:12:58.668+0000] {subprocess.py:93} INFO - 26/01/20 04:12:58 INFO MemoryStore: Block broadcast_15_piece0 stored as bytes in memory (estimated size 8.8 KiB, free 422.3 MiB)
[2026-01-20T04:12:58.670+0000] {subprocess.py:93} INFO - 26/01/20 04:12:58 INFO BlockManagerInfo: Added broadcast_15_piece0 in memory on 519d7d29de3d:42283 (size: 8.8 KiB, free: 432.6 MiB)
[2026-01-20T04:12:58.672+0000] {subprocess.py:93} INFO - 26/01/20 04:12:58 INFO SparkContext: Created broadcast 15 from broadcast at DAGScheduler.scala:1580
[2026-01-20T04:12:58.673+0000] {subprocess.py:93} INFO - 26/01/20 04:12:58 INFO DAGScheduler: Submitting 13 missing tasks from ShuffleMapStage 9 (MapPartitionsRDD[34] at csv at NativeMethodAccessorImpl.java:0) (first 15 tasks are for partitions Vector(0, 1, 2, 3, 4, 5, 6, 7, 8, 9, 10, 11, 12))
[2026-01-20T04:12:58.674+0000] {subprocess.py:93} INFO - 26/01/20 04:12:58 INFO TaskSchedulerImpl: Adding task set 9.0 with 13 tasks resource profile 0
[2026-01-20T04:12:58.675+0000] {subprocess.py:93} INFO - 26/01/20 04:12:58 INFO TaskSetManager: Starting task 0.0 in stage 9.0 (TID 64) (519d7d29de3d, executor driver, partition 0, PROCESS_LOCAL, 8240 bytes)
[2026-01-20T04:12:58.676+0000] {subprocess.py:93} INFO - 26/01/20 04:12:58 INFO TaskSetManager: Starting task 1.0 in stage 9.0 (TID 65) (519d7d29de3d, executor driver, partition 1, PROCESS_LOCAL, 8240 bytes)
[2026-01-20T04:12:58.677+0000] {subprocess.py:93} INFO - 26/01/20 04:12:58 INFO TaskSetManager: Starting task 2.0 in stage 9.0 (TID 66) (519d7d29de3d, executor driver, partition 2, PROCESS_LOCAL, 8240 bytes)
[2026-01-20T04:12:58.678+0000] {subprocess.py:93} INFO - 26/01/20 04:12:58 INFO TaskSetManager: Starting task 3.0 in stage 9.0 (TID 67) (519d7d29de3d, executor driver, partition 3, PROCESS_LOCAL, 8240 bytes)
[2026-01-20T04:12:58.679+0000] {subprocess.py:93} INFO - 26/01/20 04:12:58 INFO TaskSetManager: Starting task 4.0 in stage 9.0 (TID 68) (519d7d29de3d, executor driver, partition 4, PROCESS_LOCAL, 8240 bytes)
[2026-01-20T04:12:58.680+0000] {subprocess.py:93} INFO - 26/01/20 04:12:58 INFO TaskSetManager: Starting task 5.0 in stage 9.0 (TID 69) (519d7d29de3d, executor driver, partition 5, PROCESS_LOCAL, 8240 bytes)
[2026-01-20T04:12:58.681+0000] {subprocess.py:93} INFO - 26/01/20 04:12:58 INFO TaskSetManager: Starting task 6.0 in stage 9.0 (TID 70) (519d7d29de3d, executor driver, partition 6, PROCESS_LOCAL, 8240 bytes)
[2026-01-20T04:12:58.684+0000] {subprocess.py:93} INFO - 26/01/20 04:12:58 INFO TaskSetManager: Starting task 7.0 in stage 9.0 (TID 71) (519d7d29de3d, executor driver, partition 7, PROCESS_LOCAL, 8240 bytes)
[2026-01-20T04:12:58.687+0000] {subprocess.py:93} INFO - 26/01/20 04:12:58 INFO TaskSetManager: Starting task 8.0 in stage 9.0 (TID 72) (519d7d29de3d, executor driver, partition 8, PROCESS_LOCAL, 8240 bytes)
[2026-01-20T04:12:58.689+0000] {subprocess.py:93} INFO - 26/01/20 04:12:58 INFO TaskSetManager: Starting task 9.0 in stage 9.0 (TID 73) (519d7d29de3d, executor driver, partition 9, PROCESS_LOCAL, 8240 bytes)
[2026-01-20T04:12:58.690+0000] {subprocess.py:93} INFO - 26/01/20 04:12:58 INFO TaskSetManager: Starting task 10.0 in stage 9.0 (TID 74) (519d7d29de3d, executor driver, partition 10, PROCESS_LOCAL, 8240 bytes)
[2026-01-20T04:12:58.691+0000] {subprocess.py:93} INFO - 26/01/20 04:12:58 INFO TaskSetManager: Starting task 11.0 in stage 9.0 (TID 75) (519d7d29de3d, executor driver, partition 11, PROCESS_LOCAL, 8240 bytes)
[2026-01-20T04:12:58.693+0000] {subprocess.py:93} INFO - 26/01/20 04:12:58 INFO TaskSetManager: Starting task 12.0 in stage 9.0 (TID 76) (519d7d29de3d, executor driver, partition 12, PROCESS_LOCAL, 8240 bytes)
[2026-01-20T04:12:58.694+0000] {subprocess.py:93} INFO - 26/01/20 04:12:58 INFO Executor: Running task 3.0 in stage 9.0 (TID 67)
[2026-01-20T04:12:58.695+0000] {subprocess.py:93} INFO - 26/01/20 04:12:58 INFO Executor: Running task 1.0 in stage 9.0 (TID 65)
[2026-01-20T04:12:58.696+0000] {subprocess.py:93} INFO - 26/01/20 04:12:58 INFO Executor: Running task 7.0 in stage 9.0 (TID 71)
[2026-01-20T04:12:58.697+0000] {subprocess.py:93} INFO - 26/01/20 04:12:58 INFO Executor: Running task 5.0 in stage 9.0 (TID 69)
[2026-01-20T04:12:58.698+0000] {subprocess.py:93} INFO - 26/01/20 04:12:58 INFO Executor: Running task 0.0 in stage 9.0 (TID 64)
[2026-01-20T04:12:58.699+0000] {subprocess.py:93} INFO - 26/01/20 04:12:58 INFO Executor: Running task 6.0 in stage 9.0 (TID 70)
[2026-01-20T04:12:58.701+0000] {subprocess.py:93} INFO - 26/01/20 04:12:58 INFO Executor: Running task 2.0 in stage 9.0 (TID 66)
[2026-01-20T04:12:58.704+0000] {subprocess.py:93} INFO - 26/01/20 04:12:58 INFO Executor: Running task 4.0 in stage 9.0 (TID 68)
[2026-01-20T04:12:58.705+0000] {subprocess.py:93} INFO - 26/01/20 04:12:58 INFO Executor: Running task 8.0 in stage 9.0 (TID 72)
[2026-01-20T04:12:58.707+0000] {subprocess.py:93} INFO - 26/01/20 04:12:58 INFO Executor: Running task 9.0 in stage 9.0 (TID 73)
[2026-01-20T04:12:58.708+0000] {subprocess.py:93} INFO - 26/01/20 04:12:58 INFO Executor: Running task 10.0 in stage 9.0 (TID 74)
[2026-01-20T04:12:58.709+0000] {subprocess.py:93} INFO - 26/01/20 04:12:58 INFO Executor: Running task 11.0 in stage 9.0 (TID 75)
[2026-01-20T04:12:58.711+0000] {subprocess.py:93} INFO - 26/01/20 04:12:58 INFO Executor: Running task 12.0 in stage 9.0 (TID 76)
[2026-01-20T04:12:58.712+0000] {subprocess.py:93} INFO - 26/01/20 04:12:58 INFO CodeGenerator: Code generated in 12.467261 ms
[2026-01-20T04:12:58.717+0000] {subprocess.py:93} INFO - 26/01/20 04:12:58 INFO CodeGenerator: Code generated in 12.761756 ms
[2026-01-20T04:12:58.720+0000] {subprocess.py:93} INFO - 26/01/20 04:12:58 INFO FileScanRDD: Reading File path: file:///opt/spark-data/landing/transaction_events_1768879479.1820476.json, range: 20971520-25165824, partition values: [empty row]
[2026-01-20T04:12:58.723+0000] {subprocess.py:93} INFO - 26/01/20 04:12:58 INFO FileScanRDD: Reading File path: file:///opt/spark-data/landing/transaction_events_1768879479.1820476.json, range: 37748736-41943040, partition values: [empty row]
[2026-01-20T04:12:58.724+0000] {subprocess.py:93} INFO - 26/01/20 04:12:58 INFO FileScanRDD: Reading File path: file:///opt/spark-data/landing/transaction_events_1768879479.1820476.json, range: 46137344-50331648, partition values: [empty row]
[2026-01-20T04:12:58.725+0000] {subprocess.py:93} INFO - 26/01/20 04:12:58 INFO FileScanRDD: Reading File path: file:///opt/spark-data/landing/transaction_events_1768879479.1820476.json, range: 4194304-8388608, partition values: [empty row]
[2026-01-20T04:12:58.726+0000] {subprocess.py:93} INFO - 26/01/20 04:12:58 INFO FileScanRDD: Reading File path: file:///opt/spark-data/landing/transaction_events_1768879479.1820476.json, range: 29360128-33554432, partition values: [empty row]
[2026-01-20T04:12:58.727+0000] {subprocess.py:93} INFO - 26/01/20 04:12:58 INFO FileScanRDD: Reading File path: file:///opt/spark-data/landing/transaction_events_1768879479.1820476.json, range: 12582912-16777216, partition values: [empty row]
[2026-01-20T04:12:58.729+0000] {subprocess.py:93} INFO - 26/01/20 04:12:58 INFO FileScanRDD: Reading File path: file:///opt/spark-data/landing/transaction_events_1768879479.1820476.json, range: 16777216-20971520, partition values: [empty row]
[2026-01-20T04:12:58.730+0000] {subprocess.py:93} INFO - 26/01/20 04:12:58 INFO FileScanRDD: Reading File path: file:///opt/spark-data/landing/transaction_events_1768879479.1820476.json, range: 8388608-12582912, partition values: [empty row]
[2026-01-20T04:12:58.732+0000] {subprocess.py:93} INFO - 26/01/20 04:12:58 INFO FileScanRDD: Reading File path: file:///opt/spark-data/landing/transaction_events_1768879479.1820476.json, range: 33554432-37748736, partition values: [empty row]
[2026-01-20T04:12:58.733+0000] {subprocess.py:93} INFO - 26/01/20 04:12:58 INFO FileScanRDD: Reading File path: file:///opt/spark-data/landing/transaction_events_1768879479.1820476.json, range: 0-4194304, partition values: [empty row]
[2026-01-20T04:12:58.734+0000] {subprocess.py:93} INFO - 26/01/20 04:12:58 INFO FileScanRDD: Reading File path: file:///opt/spark-data/landing/transaction_events_1768879479.1820476.json, range: 41943040-46137344, partition values: [empty row]
[2026-01-20T04:12:58.735+0000] {subprocess.py:93} INFO - 26/01/20 04:12:58 INFO FileScanRDD: Reading File path: file:///opt/spark-data/landing/transaction_events_1768879479.1820476.json, range: 50331648-51561162, partition values: [empty row]
[2026-01-20T04:12:58.737+0000] {subprocess.py:93} INFO - 26/01/20 04:12:58 INFO FileScanRDD: Reading File path: file:///opt/spark-data/landing/transaction_events_1768879479.1820476.json, range: 25165824-29360128, partition values: [empty row]
[2026-01-20T04:12:58.738+0000] {subprocess.py:93} INFO - 26/01/20 04:12:58 INFO CodeGenerator: Code generated in 11.431238 ms
[2026-01-20T04:12:59.123+0000] {subprocess.py:93} INFO - 26/01/20 04:12:59 INFO Executor: Finished task 12.0 in stage 9.0 (TID 76). 2075 bytes result sent to driver
[2026-01-20T04:12:59.125+0000] {subprocess.py:93} INFO - 26/01/20 04:12:59 INFO TaskSetManager: Finished task 12.0 in stage 9.0 (TID 76) in 444 ms on 519d7d29de3d (executor driver) (1/13)
[2026-01-20T04:12:59.188+0000] {subprocess.py:93} INFO - 26/01/20 04:12:59 INFO BlockManagerInfo: Removed broadcast_13_piece0 on 519d7d29de3d:42283 in memory (size: 82.8 KiB, free: 432.7 MiB)
[2026-01-20T04:12:59.199+0000] {subprocess.py:93} INFO - 26/01/20 04:12:59 INFO BlockManagerInfo: Removed broadcast_6_piece0 on 519d7d29de3d:42283 in memory (size: 16.6 KiB, free: 432.7 MiB)
[2026-01-20T04:12:59.228+0000] {subprocess.py:93} INFO - 26/01/20 04:12:59 INFO BlockManagerInfo: Removed broadcast_7_piece0 on 519d7d29de3d:42283 in memory (size: 9.7 KiB, free: 432.7 MiB)
[2026-01-20T04:12:59.242+0000] {subprocess.py:93} INFO - 26/01/20 04:12:59 INFO BlockManagerInfo: Removed broadcast_4_piece0 on 519d7d29de3d:42283 in memory (size: 34.2 KiB, free: 432.7 MiB)
[2026-01-20T04:12:59.255+0000] {subprocess.py:93} INFO - 26/01/20 04:12:59 INFO BlockManagerInfo: Removed broadcast_5_piece0 on 519d7d29de3d:42283 in memory (size: 34.2 KiB, free: 432.7 MiB)
[2026-01-20T04:12:59.271+0000] {subprocess.py:93} INFO - 26/01/20 04:12:59 INFO BlockManagerInfo: Removed broadcast_10_piece0 on 519d7d29de3d:42283 in memory (size: 7.4 KiB, free: 432.8 MiB)
[2026-01-20T04:12:59.478+0000] {subprocess.py:93} INFO - 26/01/20 04:12:59 INFO Executor: Finished task 1.0 in stage 9.0 (TID 65). 2032 bytes result sent to driver
[2026-01-20T04:12:59.479+0000] {subprocess.py:93} INFO - 26/01/20 04:12:59 INFO TaskSetManager: Finished task 1.0 in stage 9.0 (TID 65) in 805 ms on 519d7d29de3d (executor driver) (2/13)
[2026-01-20T04:12:59.528+0000] {subprocess.py:93} INFO - 26/01/20 04:12:59 INFO Executor: Finished task 11.0 in stage 9.0 (TID 75). 2032 bytes result sent to driver
[2026-01-20T04:12:59.530+0000] {subprocess.py:93} INFO - 26/01/20 04:12:59 INFO TaskSetManager: Finished task 11.0 in stage 9.0 (TID 75) in 849 ms on 519d7d29de3d (executor driver) (3/13)
[2026-01-20T04:12:59.547+0000] {subprocess.py:93} INFO - 26/01/20 04:12:59 INFO Executor: Finished task 0.0 in stage 9.0 (TID 64). 2032 bytes result sent to driver
[2026-01-20T04:12:59.549+0000] {subprocess.py:93} INFO - 26/01/20 04:12:59 INFO Executor: Finished task 8.0 in stage 9.0 (TID 72). 2032 bytes result sent to driver
[2026-01-20T04:12:59.550+0000] {subprocess.py:93} INFO - 26/01/20 04:12:59 INFO TaskSetManager: Finished task 0.0 in stage 9.0 (TID 64) in 874 ms on 519d7d29de3d (executor driver) (4/13)
[2026-01-20T04:12:59.550+0000] {subprocess.py:93} INFO - 26/01/20 04:12:59 INFO TaskSetManager: Finished task 8.0 in stage 9.0 (TID 72) in 870 ms on 519d7d29de3d (executor driver) (5/13)
[2026-01-20T04:12:59.566+0000] {subprocess.py:93} INFO - 26/01/20 04:12:59 INFO Executor: Finished task 10.0 in stage 9.0 (TID 74). 2032 bytes result sent to driver
[2026-01-20T04:12:59.567+0000] {subprocess.py:93} INFO - 26/01/20 04:12:59 INFO TaskSetManager: Finished task 10.0 in stage 9.0 (TID 74) in 887 ms on 519d7d29de3d (executor driver) (6/13)
[2026-01-20T04:12:59.569+0000] {subprocess.py:93} INFO - 26/01/20 04:12:59 INFO Executor: Finished task 7.0 in stage 9.0 (TID 71). 2032 bytes result sent to driver
[2026-01-20T04:12:59.570+0000] {subprocess.py:93} INFO - 26/01/20 04:12:59 INFO Executor: Finished task 6.0 in stage 9.0 (TID 70). 2032 bytes result sent to driver
[2026-01-20T04:12:59.572+0000] {subprocess.py:93} INFO - 26/01/20 04:12:59 INFO TaskSetManager: Finished task 7.0 in stage 9.0 (TID 71) in 892 ms on 519d7d29de3d (executor driver) (7/13)
[2026-01-20T04:12:59.573+0000] {subprocess.py:93} INFO - 26/01/20 04:12:59 INFO TaskSetManager: Finished task 6.0 in stage 9.0 (TID 70) in 893 ms on 519d7d29de3d (executor driver) (8/13)
[2026-01-20T04:12:59.574+0000] {subprocess.py:93} INFO - 26/01/20 04:12:59 INFO Executor: Finished task 4.0 in stage 9.0 (TID 68). 2032 bytes result sent to driver
[2026-01-20T04:12:59.577+0000] {subprocess.py:93} INFO - 26/01/20 04:12:59 INFO Executor: Finished task 9.0 in stage 9.0 (TID 73). 2032 bytes result sent to driver
[2026-01-20T04:12:59.578+0000] {subprocess.py:93} INFO - 26/01/20 04:12:59 INFO TaskSetManager: Finished task 4.0 in stage 9.0 (TID 68) in 899 ms on 519d7d29de3d (executor driver) (9/13)
[2026-01-20T04:12:59.579+0000] {subprocess.py:93} INFO - 26/01/20 04:12:59 INFO TaskSetManager: Finished task 9.0 in stage 9.0 (TID 73) in 897 ms on 519d7d29de3d (executor driver) (10/13)
[2026-01-20T04:12:59.580+0000] {subprocess.py:93} INFO - 26/01/20 04:12:59 INFO Executor: Finished task 5.0 in stage 9.0 (TID 69). 2032 bytes result sent to driver
[2026-01-20T04:12:59.581+0000] {subprocess.py:93} INFO - 26/01/20 04:12:59 INFO TaskSetManager: Finished task 5.0 in stage 9.0 (TID 69) in 902 ms on 519d7d29de3d (executor driver) (11/13)
[2026-01-20T04:12:59.582+0000] {subprocess.py:93} INFO - 26/01/20 04:12:59 INFO Executor: Finished task 3.0 in stage 9.0 (TID 67). 2032 bytes result sent to driver
[2026-01-20T04:12:59.583+0000] {subprocess.py:93} INFO - 26/01/20 04:12:59 INFO TaskSetManager: Finished task 3.0 in stage 9.0 (TID 67) in 907 ms on 519d7d29de3d (executor driver) (12/13)
[2026-01-20T04:12:59.585+0000] {subprocess.py:93} INFO - 26/01/20 04:12:59 INFO Executor: Finished task 2.0 in stage 9.0 (TID 66). 2032 bytes result sent to driver
[2026-01-20T04:12:59.587+0000] {subprocess.py:93} INFO - 26/01/20 04:12:59 INFO TaskSetManager: Finished task 2.0 in stage 9.0 (TID 66) in 911 ms on 519d7d29de3d (executor driver) (13/13)
[2026-01-20T04:12:59.588+0000] {subprocess.py:93} INFO - 26/01/20 04:12:59 INFO TaskSchedulerImpl: Removed TaskSet 9.0, whose tasks have all completed, from pool
[2026-01-20T04:12:59.589+0000] {subprocess.py:93} INFO - 26/01/20 04:12:59 INFO DAGScheduler: ShuffleMapStage 9 (csv at NativeMethodAccessorImpl.java:0) finished in 0.924 s
[2026-01-20T04:12:59.590+0000] {subprocess.py:93} INFO - 26/01/20 04:12:59 INFO DAGScheduler: looking for newly runnable stages
[2026-01-20T04:12:59.590+0000] {subprocess.py:93} INFO - 26/01/20 04:12:59 INFO DAGScheduler: running: Set()
[2026-01-20T04:12:59.591+0000] {subprocess.py:93} INFO - 26/01/20 04:12:59 INFO DAGScheduler: waiting: Set()
[2026-01-20T04:12:59.591+0000] {subprocess.py:93} INFO - 26/01/20 04:12:59 INFO DAGScheduler: failed: Set()
[2026-01-20T04:12:59.599+0000] {subprocess.py:93} INFO - 26/01/20 04:12:59 INFO ShufflePartitionsUtil: For shuffle(2), advisory target size: 67108864, actual target size 1048576, minimum partition size: 1048576
[2026-01-20T04:12:59.697+0000] {subprocess.py:93} INFO - 26/01/20 04:12:59 INFO FileOutputCommitter: File Output Committer Algorithm version is 1
[2026-01-20T04:12:59.699+0000] {subprocess.py:93} INFO - 26/01/20 04:12:59 INFO FileOutputCommitter: FileOutputCommitter skip cleanup _temporary folders under output directory:false, ignore cleanup failures: false
[2026-01-20T04:12:59.700+0000] {subprocess.py:93} INFO - 26/01/20 04:12:59 INFO SQLHadoopMapReduceCommitProtocol: Using output committer class org.apache.hadoop.mapreduce.lib.output.FileOutputCommitter
[2026-01-20T04:12:59.820+0000] {subprocess.py:93} INFO - 26/01/20 04:12:59 INFO CodeGenerator: Code generated in 13.505353 ms
[2026-01-20T04:12:59.943+0000] {subprocess.py:93} INFO - 26/01/20 04:12:59 INFO SparkContext: Starting job: csv at NativeMethodAccessorImpl.java:0
[2026-01-20T04:12:59.950+0000] {subprocess.py:93} INFO - 26/01/20 04:12:59 INFO DAGScheduler: Got job 8 (csv at NativeMethodAccessorImpl.java:0) with 1 output partitions
[2026-01-20T04:12:59.951+0000] {subprocess.py:93} INFO - 26/01/20 04:12:59 INFO DAGScheduler: Final stage: ResultStage 11 (csv at NativeMethodAccessorImpl.java:0)
[2026-01-20T04:12:59.952+0000] {subprocess.py:93} INFO - 26/01/20 04:12:59 INFO DAGScheduler: Parents of final stage: List(ShuffleMapStage 10)
[2026-01-20T04:12:59.953+0000] {subprocess.py:93} INFO - 26/01/20 04:12:59 INFO DAGScheduler: Missing parents: List()
[2026-01-20T04:12:59.954+0000] {subprocess.py:93} INFO - 26/01/20 04:12:59 INFO DAGScheduler: Submitting ResultStage 11 (MapPartitionsRDD[41] at csv at NativeMethodAccessorImpl.java:0), which has no missing parents
[2026-01-20T04:12:59.979+0000] {subprocess.py:93} INFO - 26/01/20 04:12:59 INFO MemoryStore: Block broadcast_16 stored as values in memory (estimated size 244.7 KiB, free 422.9 MiB)
[2026-01-20T04:12:59.982+0000] {subprocess.py:93} INFO - 26/01/20 04:12:59 INFO MemoryStore: Block broadcast_16_piece0 stored as bytes in memory (estimated size 91.6 KiB, free 422.8 MiB)
[2026-01-20T04:12:59.984+0000] {subprocess.py:93} INFO - 26/01/20 04:12:59 INFO BlockManagerInfo: Added broadcast_16_piece0 in memory on 519d7d29de3d:42283 (size: 91.6 KiB, free: 432.7 MiB)
[2026-01-20T04:12:59.985+0000] {subprocess.py:93} INFO - 26/01/20 04:12:59 INFO SparkContext: Created broadcast 16 from broadcast at DAGScheduler.scala:1580
[2026-01-20T04:12:59.985+0000] {subprocess.py:93} INFO - 26/01/20 04:12:59 INFO DAGScheduler: Submitting 1 missing tasks from ResultStage 11 (MapPartitionsRDD[41] at csv at NativeMethodAccessorImpl.java:0) (first 15 tasks are for partitions Vector(0))
[2026-01-20T04:12:59.986+0000] {subprocess.py:93} INFO - 26/01/20 04:12:59 INFO TaskSchedulerImpl: Adding task set 11.0 with 1 tasks resource profile 0
[2026-01-20T04:12:59.990+0000] {subprocess.py:93} INFO - 26/01/20 04:12:59 INFO TaskSetManager: Starting task 0.0 in stage 11.0 (TID 77) (519d7d29de3d, executor driver, partition 0, NODE_LOCAL, 7975 bytes)
[2026-01-20T04:12:59.992+0000] {subprocess.py:93} INFO - 26/01/20 04:12:59 INFO Executor: Running task 0.0 in stage 11.0 (TID 77)
[2026-01-20T04:13:00.019+0000] {subprocess.py:93} INFO - 26/01/20 04:13:00 INFO FileOutputCommitter: File Output Committer Algorithm version is 1
[2026-01-20T04:13:00.021+0000] {subprocess.py:93} INFO - 26/01/20 04:13:00 INFO FileOutputCommitter: FileOutputCommitter skip cleanup _temporary folders under output directory:false, ignore cleanup failures: false
[2026-01-20T04:13:00.022+0000] {subprocess.py:93} INFO - 26/01/20 04:13:00 INFO SQLHadoopMapReduceCommitProtocol: Using output committer class org.apache.hadoop.mapreduce.lib.output.FileOutputCommitter
[2026-01-20T04:13:00.223+0000] {subprocess.py:93} INFO - 26/01/20 04:13:00 INFO ShuffleBlockFetcherIterator: Getting 13 (1044.2 KiB) non-empty blocks including 13 (1044.2 KiB) local and 0 (0.0 B) host-local and 0 (0.0 B) push-merged-local and 0 (0.0 B) remote blocks
[2026-01-20T04:13:00.224+0000] {subprocess.py:93} INFO - 26/01/20 04:13:00 INFO ShuffleBlockFetcherIterator: Started 0 remote fetches in 4 ms
[2026-01-20T04:13:00.235+0000] {subprocess.py:93} INFO - 26/01/20 04:13:00 INFO CodeGenerator: Code generated in 10.592251 ms
[2026-01-20T04:13:00.248+0000] {subprocess.py:93} INFO - 26/01/20 04:13:00 INFO CodeGenerator: Code generated in 9.084779 ms
[2026-01-20T04:13:00.260+0000] {subprocess.py:93} INFO - 26/01/20 04:13:00 INFO CodeGenerator: Code generated in 8.762087 ms
[2026-01-20T04:13:00.282+0000] {subprocess.py:93} INFO - 26/01/20 04:13:00 INFO CodeGenerator: Code generated in 9.914691 ms
[2026-01-20T04:13:00.367+0000] {subprocess.py:93} INFO - 26/01/20 04:13:00 INFO CodeGenerator: Code generated in 8.824975 ms
[2026-01-20T04:13:00.387+0000] {subprocess.py:93} INFO - 26/01/20 04:13:00 INFO CodeGenerator: Code generated in 8.921048 ms
[2026-01-20T04:13:00.403+0000] {subprocess.py:93} INFO - 26/01/20 04:13:00 INFO CodeGenerator: Code generated in 12.731229 ms
[2026-01-20T04:13:00.417+0000] {subprocess.py:93} INFO - 26/01/20 04:13:00 INFO CodeGenerator: Code generated in 8.50828 ms
[2026-01-20T04:13:00.439+0000] {subprocess.py:93} INFO - 26/01/20 04:13:00 INFO CodeGenerator: Code generated in 16.861849 ms
[2026-01-20T04:13:00.462+0000] {subprocess.py:93} INFO - 26/01/20 04:13:00 INFO CodeGenerator: Code generated in 13.71718 ms
[2026-01-20T04:13:00.548+0000] {subprocess.py:93} INFO - 26/01/20 04:13:00 INFO CodeGenerator: Code generated in 7.531323 ms
[2026-01-20T04:13:00.568+0000] {subprocess.py:93} INFO - 26/01/20 04:13:00 INFO CodeGenerator: Code generated in 11.748036 ms
[2026-01-20T04:13:00.581+0000] {subprocess.py:93} INFO - 26/01/20 04:13:00 INFO CodeGenerator: Code generated in 9.553494 ms
[2026-01-20T04:13:00.717+0000] {subprocess.py:93} INFO - 26/01/20 04:13:00 INFO ShuffleBlockFetcherIterator: Getting 13 (1039.8 KiB) non-empty blocks including 13 (1039.8 KiB) local and 0 (0.0 B) host-local and 0 (0.0 B) push-merged-local and 0 (0.0 B) remote blocks
[2026-01-20T04:13:00.719+0000] {subprocess.py:93} INFO - 26/01/20 04:13:00 INFO ShuffleBlockFetcherIterator: Started 0 remote fetches in 2 ms
[2026-01-20T04:13:00.892+0000] {subprocess.py:93} INFO - 26/01/20 04:13:00 INFO ShuffleBlockFetcherIterator: Getting 13 (1030.5 KiB) non-empty blocks including 13 (1030.5 KiB) local and 0 (0.0 B) host-local and 0 (0.0 B) push-merged-local and 0 (0.0 B) remote blocks
[2026-01-20T04:13:00.893+0000] {subprocess.py:93} INFO - 26/01/20 04:13:00 INFO ShuffleBlockFetcherIterator: Started 0 remote fetches in 2 ms
[2026-01-20T04:13:01.047+0000] {subprocess.py:93} INFO - 26/01/20 04:13:01 INFO ShuffleBlockFetcherIterator: Getting 13 (1283.5 KiB) non-empty blocks including 13 (1283.5 KiB) local and 0 (0.0 B) host-local and 0 (0.0 B) push-merged-local and 0 (0.0 B) remote blocks
[2026-01-20T04:13:01.048+0000] {subprocess.py:93} INFO - 26/01/20 04:13:01 INFO ShuffleBlockFetcherIterator: Started 0 remote fetches in 2 ms
[2026-01-20T04:13:01.284+0000] {subprocess.py:93} INFO - 26/01/20 04:13:01 INFO FileOutputCommitter: Saved output of task 'attempt_202601200412595352935392090130388_0011_m_000000_77' to file:/opt/spark-data/gold/transaction_analytics/_temporary/0/task_202601200412595352935392090130388_0011_m_000000
[2026-01-20T04:13:01.285+0000] {subprocess.py:93} INFO - 26/01/20 04:13:01 INFO SparkHadoopMapRedUtil: attempt_202601200412595352935392090130388_0011_m_000000_77: Committed. Elapsed time: 42 ms.
[2026-01-20T04:13:01.286+0000] {subprocess.py:93} INFO - 26/01/20 04:13:01 INFO Executor: Finished task 0.0 in stage 11.0 (TID 77). 5888 bytes result sent to driver
[2026-01-20T04:13:01.287+0000] {subprocess.py:93} INFO - 26/01/20 04:13:01 INFO TaskSetManager: Finished task 0.0 in stage 11.0 (TID 77) in 1300 ms on 519d7d29de3d (executor driver) (1/1)
[2026-01-20T04:13:01.288+0000] {subprocess.py:93} INFO - 26/01/20 04:13:01 INFO TaskSchedulerImpl: Removed TaskSet 11.0, whose tasks have all completed, from pool
[2026-01-20T04:13:01.289+0000] {subprocess.py:93} INFO - 26/01/20 04:13:01 INFO DAGScheduler: ResultStage 11 (csv at NativeMethodAccessorImpl.java:0) finished in 1.335 s
[2026-01-20T04:13:01.290+0000] {subprocess.py:93} INFO - 26/01/20 04:13:01 INFO DAGScheduler: Job 8 is finished. Cancelling potential speculative or zombie tasks for this job
[2026-01-20T04:13:01.291+0000] {subprocess.py:93} INFO - 26/01/20 04:13:01 INFO TaskSchedulerImpl: Killing all running tasks in stage 11: Stage finished
[2026-01-20T04:13:01.291+0000] {subprocess.py:93} INFO - 26/01/20 04:13:01 INFO DAGScheduler: Job 8 finished: csv at NativeMethodAccessorImpl.java:0, took 1.345430 s
[2026-01-20T04:13:01.292+0000] {subprocess.py:93} INFO - 26/01/20 04:13:01 INFO FileFormatWriter: Start to commit write Job b06c0ef2-d703-4f56-8014-7fd03cb45bcd.
[2026-01-20T04:13:01.471+0000] {subprocess.py:93} INFO - 26/01/20 04:13:01 INFO FileFormatWriter: Write Job b06c0ef2-d703-4f56-8014-7fd03cb45bcd committed. Elapsed time: 181 ms.
[2026-01-20T04:13:01.472+0000] {subprocess.py:93} INFO - 26/01/20 04:13:01 INFO FileFormatWriter: Finished processing stats for write job b06c0ef2-d703-4f56-8014-7fd03cb45bcd.
[2026-01-20T04:13:01.473+0000] {subprocess.py:93} INFO - Analytics Table with Window Functions created successfully.
[2026-01-20T04:13:01.513+0000] {subprocess.py:93} INFO - 26/01/20 04:13:01 INFO FileSourceStrategy: Pushed Filters: IsNotNull(line_items)
[2026-01-20T04:13:01.515+0000] {subprocess.py:93} INFO - 26/01/20 04:13:01 INFO FileSourceStrategy: Post-Scan Filters: (size(line_items#10, true) > 0),isnotnull(line_items#10)
[2026-01-20T04:13:01.702+0000] {subprocess.py:93} INFO - Traceback (most recent call last):
[2026-01-20T04:13:01.703+0000] {subprocess.py:93} INFO -   File "/opt/spark-jobs/etl_job.py", line 175, in <module>
[2026-01-20T04:13:01.709+0000] {subprocess.py:93} INFO -     run_etl(spark,'/opt/spark-data/landing', '/opt/spark-data/gold')
[2026-01-20T04:13:01.710+0000] {subprocess.py:93} INFO -   File "/opt/spark-jobs/etl_job.py", line 160, in run_etl
[2026-01-20T04:13:01.713+0000] {subprocess.py:93} INFO -     transaction_cleaned(spark, df_topic_transaction, output_path)
[2026-01-20T04:13:01.714+0000] {subprocess.py:93} INFO -   File "/opt/spark-jobs/etl_job.py", line 126, in transaction_cleaned
[2026-01-20T04:13:01.718+0000] {subprocess.py:93} INFO -     exploded_topic_transaction.coalesce(1).write.csv(f"{output_path}/transactions_all", mode="overwrite", header=True)
[2026-01-20T04:13:01.719+0000] {subprocess.py:93} INFO -   File "/opt/spark/python/lib/pyspark.zip/pyspark/sql/readwriter.py", line 1864, in csv
[2026-01-20T04:13:01.720+0000] {subprocess.py:93} INFO -   File "/opt/spark/python/lib/py4j-0.10.9.7-src.zip/py4j/java_gateway.py", line 1322, in __call__
[2026-01-20T04:13:01.720+0000] {subprocess.py:93} INFO -   File "/opt/spark/python/lib/pyspark.zip/pyspark/errors/exceptions/captured.py", line 185, in deco
[2026-01-20T04:13:01.733+0000] {subprocess.py:93} INFO - pyspark.errors.exceptions.captured.AnalysisException: [UNSUPPORTED_DATA_TYPE_FOR_DATASOURCE] The CSV datasource doesn't support the column `billing_address` of the type "STRUCT<city: STRING, country: STRING, state: STRING, street: STRING, zip_code: STRING>".
[2026-01-20T04:13:01.840+0000] {subprocess.py:93} INFO - 26/01/20 04:13:01 INFO SparkContext: Invoking stop() from shutdown hook
[2026-01-20T04:13:01.841+0000] {subprocess.py:93} INFO - 26/01/20 04:13:01 INFO SparkContext: SparkContext is stopping with exitCode 0.
[2026-01-20T04:13:01.856+0000] {subprocess.py:93} INFO - 26/01/20 04:13:01 INFO SparkUI: Stopped Spark web UI at http://519d7d29de3d:4040
[2026-01-20T04:13:01.867+0000] {subprocess.py:93} INFO - 26/01/20 04:13:01 INFO MapOutputTrackerMasterEndpoint: MapOutputTrackerMasterEndpoint stopped!
[2026-01-20T04:13:01.888+0000] {subprocess.py:93} INFO - 26/01/20 04:13:01 INFO MemoryStore: MemoryStore cleared
[2026-01-20T04:13:01.890+0000] {subprocess.py:93} INFO - 26/01/20 04:13:01 INFO BlockManager: BlockManager stopped
[2026-01-20T04:13:01.893+0000] {subprocess.py:93} INFO - 26/01/20 04:13:01 INFO BlockManagerMaster: BlockManagerMaster stopped
[2026-01-20T04:13:01.897+0000] {subprocess.py:93} INFO - 26/01/20 04:13:01 INFO OutputCommitCoordinator$OutputCommitCoordinatorEndpoint: OutputCommitCoordinator stopped!
[2026-01-20T04:13:01.914+0000] {subprocess.py:93} INFO - 26/01/20 04:13:01 INFO SparkContext: Successfully stopped SparkContext
[2026-01-20T04:13:01.915+0000] {subprocess.py:93} INFO - 26/01/20 04:13:01 INFO ShutdownHookManager: Shutdown hook called
[2026-01-20T04:13:01.916+0000] {subprocess.py:93} INFO - 26/01/20 04:13:01 INFO ShutdownHookManager: Deleting directory /tmp/spark-eb4ed99c-9094-4d0d-8a11-8c5f53ed9c16
[2026-01-20T04:13:01.921+0000] {subprocess.py:93} INFO - 26/01/20 04:13:01 INFO ShutdownHookManager: Deleting directory /tmp/spark-bc2f871a-c0c4-44b1-bc64-dc7a5abd5baa
[2026-01-20T04:13:01.929+0000] {subprocess.py:93} INFO - 26/01/20 04:13:01 INFO ShutdownHookManager: Deleting directory /tmp/spark-bc2f871a-c0c4-44b1-bc64-dc7a5abd5baa/pyspark-58cc07ea-ff9d-4222-9493-791e9b66c86b
[2026-01-20T04:13:02.009+0000] {subprocess.py:97} INFO - Command exited with return code 1
[2026-01-20T04:13:02.030+0000] {taskinstance.py:2698} ERROR - Task failed with exception
Traceback (most recent call last):
  File "/home/airflow/.local/lib/python3.10/site-packages/airflow/models/taskinstance.py", line 433, in _execute_task
    result = execute_callable(context=context, **execute_callable_kwargs)
  File "/home/airflow/.local/lib/python3.10/site-packages/airflow/operators/bash.py", line 212, in execute
    raise AirflowException(
airflow.exceptions.AirflowException: Bash command failed. The command returned a non-zero exit code 1.
[2026-01-20T04:13:02.036+0000] {taskinstance.py:1138} INFO - Marking task as FAILED. dag_id=streamflow_main, task_id=Spark_Submit, execution_date=20260120T041227, start_date=20260120T041230, end_date=20260120T041302
[2026-01-20T04:13:02.058+0000] {standard_task_runner.py:107} ERROR - Failed to execute job 9 for task Spark_Submit (Bash command failed. The command returned a non-zero exit code 1.; 3327)
[2026-01-20T04:13:02.068+0000] {local_task_job_runner.py:234} INFO - Task exited with return code 1
[2026-01-20T04:13:02.094+0000] {taskinstance.py:3280} INFO - 0 downstream tasks scheduled from follow-on schedule check
