[2026-01-20T04:29:52.236+0000] {taskinstance.py:1956} INFO - Dependencies all met for dep_context=non-requeueable deps ti=<TaskInstance: streamflow_main.Spark_Submit manual__2026-01-20T04:29:50.603940+00:00 [queued]>
[2026-01-20T04:29:52.243+0000] {taskinstance.py:1956} INFO - Dependencies all met for dep_context=requeueable deps ti=<TaskInstance: streamflow_main.Spark_Submit manual__2026-01-20T04:29:50.603940+00:00 [queued]>
[2026-01-20T04:29:52.244+0000] {taskinstance.py:2170} INFO - Starting attempt 1 of 1
[2026-01-20T04:29:52.258+0000] {taskinstance.py:2191} INFO - Executing <Task(BashOperator): Spark_Submit> on 2026-01-20 04:29:50.603940+00:00
[2026-01-20T04:29:52.263+0000] {standard_task_runner.py:60} INFO - Started process 5518 to run task
[2026-01-20T04:29:52.266+0000] {standard_task_runner.py:87} INFO - Running: ['***', 'tasks', 'run', 'streamflow_main', 'Spark_Submit', 'manual__2026-01-20T04:29:50.603940+00:00', '--job-id', '13', '--raw', '--subdir', 'DAGS_FOLDER/dag_streamflow.py', '--cfg-path', '/tmp/tmpgluefu6g']
[2026-01-20T04:29:52.268+0000] {standard_task_runner.py:88} INFO - Job 13: Subtask Spark_Submit
[2026-01-20T04:29:52.322+0000] {task_command.py:423} INFO - Running <TaskInstance: streamflow_main.Spark_Submit manual__2026-01-20T04:29:50.603940+00:00 [running]> on host 519d7d29de3d
[2026-01-20T04:29:52.415+0000] {taskinstance.py:2480} INFO - Exporting env vars: AIRFLOW_CTX_DAG_OWNER='student' AIRFLOW_CTX_DAG_ID='streamflow_main' AIRFLOW_CTX_TASK_ID='Spark_Submit' AIRFLOW_CTX_EXECUTION_DATE='2026-01-20T04:29:50.603940+00:00' AIRFLOW_CTX_TRY_NUMBER='1' AIRFLOW_CTX_DAG_RUN_ID='manual__2026-01-20T04:29:50.603940+00:00'
[2026-01-20T04:29:52.417+0000] {subprocess.py:63} INFO - Tmp dir root location: /tmp
[2026-01-20T04:29:52.418+0000] {subprocess.py:75} INFO - Running command: ['/usr/bin/bash', '-c', '\n            spark-submit                 --master spark://spark-master:7077                 /opt/spark-jobs/etl_job.py\n        ']
[2026-01-20T04:29:52.427+0000] {subprocess.py:86} INFO - Output:
[2026-01-20T04:29:52.434+0000] {subprocess.py:93} INFO - /opt/spark/bin/load-spark-env.sh: line 68: ps: command not found
[2026-01-20T04:29:55.120+0000] {subprocess.py:93} INFO - 26/01/20 04:29:55 INFO SparkContext: Running Spark version 3.5.0
[2026-01-20T04:29:55.122+0000] {subprocess.py:93} INFO - 26/01/20 04:29:55 INFO SparkContext: OS info Linux, 5.15.167.4-microsoft-standard-WSL2, amd64
[2026-01-20T04:29:55.123+0000] {subprocess.py:93} INFO - 26/01/20 04:29:55 INFO SparkContext: Java version 17.0.17
[2026-01-20T04:29:55.165+0000] {subprocess.py:93} INFO - 26/01/20 04:29:55 WARN NativeCodeLoader: Unable to load native-hadoop library for your platform... using builtin-java classes where applicable
[2026-01-20T04:29:55.240+0000] {subprocess.py:93} INFO - 26/01/20 04:29:55 INFO ResourceUtils: ==============================================================
[2026-01-20T04:29:55.241+0000] {subprocess.py:93} INFO - 26/01/20 04:29:55 INFO ResourceUtils: No custom resources configured for spark.driver.
[2026-01-20T04:29:55.242+0000] {subprocess.py:93} INFO - 26/01/20 04:29:55 INFO ResourceUtils: ==============================================================
[2026-01-20T04:29:55.243+0000] {subprocess.py:93} INFO - 26/01/20 04:29:55 INFO SparkContext: Submitted application: ETL_job
[2026-01-20T04:29:55.257+0000] {subprocess.py:93} INFO - 26/01/20 04:29:55 INFO ResourceProfile: Default ResourceProfile created, executor resources: Map(cores -> name: cores, amount: 1, script: , vendor: , memory -> name: memory, amount: 1024, script: , vendor: , offHeap -> name: offHeap, amount: 0, script: , vendor: ), task resources: Map(cpus -> name: cpus, amount: 1.0)
[2026-01-20T04:29:55.264+0000] {subprocess.py:93} INFO - 26/01/20 04:29:55 INFO ResourceProfile: Limiting resource is cpu
[2026-01-20T04:29:55.265+0000] {subprocess.py:93} INFO - 26/01/20 04:29:55 INFO ResourceProfileManager: Added ResourceProfile id: 0
[2026-01-20T04:29:55.313+0000] {subprocess.py:93} INFO - 26/01/20 04:29:55 INFO SecurityManager: Changing view acls to: root
[2026-01-20T04:29:55.313+0000] {subprocess.py:93} INFO - 26/01/20 04:29:55 INFO SecurityManager: Changing modify acls to: root
[2026-01-20T04:29:55.314+0000] {subprocess.py:93} INFO - 26/01/20 04:29:55 INFO SecurityManager: Changing view acls groups to:
[2026-01-20T04:29:55.315+0000] {subprocess.py:93} INFO - 26/01/20 04:29:55 INFO SecurityManager: Changing modify acls groups to:
[2026-01-20T04:29:55.316+0000] {subprocess.py:93} INFO - 26/01/20 04:29:55 INFO SecurityManager: SecurityManager: authentication disabled; ui acls disabled; users with view permissions: root; groups with view permissions: EMPTY; users with modify permissions: root; groups with modify permissions: EMPTY
[2026-01-20T04:29:55.547+0000] {subprocess.py:93} INFO - 26/01/20 04:29:55 INFO Utils: Successfully started service 'sparkDriver' on port 42055.
[2026-01-20T04:29:55.581+0000] {subprocess.py:93} INFO - 26/01/20 04:29:55 INFO SparkEnv: Registering MapOutputTracker
[2026-01-20T04:29:55.621+0000] {subprocess.py:93} INFO - 26/01/20 04:29:55 INFO SparkEnv: Registering BlockManagerMaster
[2026-01-20T04:29:55.638+0000] {subprocess.py:93} INFO - 26/01/20 04:29:55 INFO BlockManagerMasterEndpoint: Using org.apache.spark.storage.DefaultTopologyMapper for getting topology information
[2026-01-20T04:29:55.639+0000] {subprocess.py:93} INFO - 26/01/20 04:29:55 INFO BlockManagerMasterEndpoint: BlockManagerMasterEndpoint up
[2026-01-20T04:29:55.643+0000] {subprocess.py:93} INFO - 26/01/20 04:29:55 INFO SparkEnv: Registering BlockManagerMasterHeartbeat
[2026-01-20T04:29:55.670+0000] {subprocess.py:93} INFO - 26/01/20 04:29:55 INFO DiskBlockManager: Created local directory at /tmp/blockmgr-880f8a33-7a0a-4e9a-a7e8-2f0243700c23
[2026-01-20T04:29:55.688+0000] {subprocess.py:93} INFO - 26/01/20 04:29:55 INFO MemoryStore: MemoryStore started with capacity 434.4 MiB
[2026-01-20T04:29:55.710+0000] {subprocess.py:93} INFO - 26/01/20 04:29:55 INFO SparkEnv: Registering OutputCommitCoordinator
[2026-01-20T04:29:55.917+0000] {subprocess.py:93} INFO - 26/01/20 04:29:55 INFO JettyUtils: Start Jetty 0.0.0.0:4040 for SparkUI
[2026-01-20T04:29:55.997+0000] {subprocess.py:93} INFO - 26/01/20 04:29:55 INFO Utils: Successfully started service 'SparkUI' on port 4040.
[2026-01-20T04:29:56.122+0000] {subprocess.py:93} INFO - 26/01/20 04:29:56 INFO Executor: Starting executor ID driver on host 519d7d29de3d
[2026-01-20T04:29:56.123+0000] {subprocess.py:93} INFO - 26/01/20 04:29:56 INFO Executor: OS info Linux, 5.15.167.4-microsoft-standard-WSL2, amd64
[2026-01-20T04:29:56.124+0000] {subprocess.py:93} INFO - 26/01/20 04:29:56 INFO Executor: Java version 17.0.17
[2026-01-20T04:29:56.131+0000] {subprocess.py:93} INFO - 26/01/20 04:29:56 INFO Executor: Starting executor with user classpath (userClassPathFirst = false): ''
[2026-01-20T04:29:56.132+0000] {subprocess.py:93} INFO - 26/01/20 04:29:56 INFO Executor: Created or updated repl class loader org.apache.spark.util.MutableURLClassLoader@552ebc35 for default.
[2026-01-20T04:29:56.156+0000] {subprocess.py:93} INFO - 26/01/20 04:29:56 INFO Utils: Successfully started service 'org.apache.spark.network.netty.NettyBlockTransferService' on port 45325.
[2026-01-20T04:29:56.157+0000] {subprocess.py:93} INFO - 26/01/20 04:29:56 INFO NettyBlockTransferService: Server created on 519d7d29de3d:45325
[2026-01-20T04:29:56.158+0000] {subprocess.py:93} INFO - 26/01/20 04:29:56 INFO BlockManager: Using org.apache.spark.storage.RandomBlockReplicationPolicy for block replication policy
[2026-01-20T04:29:56.164+0000] {subprocess.py:93} INFO - 26/01/20 04:29:56 INFO BlockManagerMaster: Registering BlockManager BlockManagerId(driver, 519d7d29de3d, 45325, None)
[2026-01-20T04:29:56.169+0000] {subprocess.py:93} INFO - 26/01/20 04:29:56 INFO BlockManagerMasterEndpoint: Registering block manager 519d7d29de3d:45325 with 434.4 MiB RAM, BlockManagerId(driver, 519d7d29de3d, 45325, None)
[2026-01-20T04:29:56.171+0000] {subprocess.py:93} INFO - 26/01/20 04:29:56 INFO BlockManagerMaster: Registered BlockManager BlockManagerId(driver, 519d7d29de3d, 45325, None)
[2026-01-20T04:29:56.174+0000] {subprocess.py:93} INFO - 26/01/20 04:29:56 INFO BlockManager: Initialized BlockManager: BlockManagerId(driver, 519d7d29de3d, 45325, None)
[2026-01-20T04:29:56.598+0000] {subprocess.py:93} INFO - 26/01/20 04:29:56 INFO SharedState: Setting hive.metastore.warehouse.dir ('null') to the value of spark.sql.warehouse.dir.
[2026-01-20T04:29:56.603+0000] {subprocess.py:93} INFO - 26/01/20 04:29:56 INFO SharedState: Warehouse path is 'file:/tmp/***tmpo6ug71bs/spark-warehouse'.
[2026-01-20T04:29:57.345+0000] {subprocess.py:93} INFO - 26/01/20 04:29:57 INFO InMemoryFileIndex: It took 40 ms to list leaf files for 1 paths.
[2026-01-20T04:29:57.424+0000] {subprocess.py:93} INFO - 26/01/20 04:29:57 INFO InMemoryFileIndex: It took 13 ms to list leaf files for 1 paths.
[2026-01-20T04:29:59.299+0000] {subprocess.py:93} INFO - 26/01/20 04:29:59 INFO FileSourceStrategy: Pushed Filters:
[2026-01-20T04:29:59.308+0000] {subprocess.py:93} INFO - 26/01/20 04:29:59 INFO FileSourceStrategy: Post-Scan Filters:
[2026-01-20T04:29:59.494+0000] {subprocess.py:93} INFO - 26/01/20 04:29:59 INFO MemoryStore: Block broadcast_0 stored as values in memory (estimated size 199.2 KiB, free 434.2 MiB)
[2026-01-20T04:29:59.537+0000] {subprocess.py:93} INFO - 26/01/20 04:29:59 INFO MemoryStore: Block broadcast_0_piece0 stored as bytes in memory (estimated size 34.2 KiB, free 434.2 MiB)
[2026-01-20T04:29:59.539+0000] {subprocess.py:93} INFO - 26/01/20 04:29:59 INFO BlockManagerInfo: Added broadcast_0_piece0 in memory on 519d7d29de3d:45325 (size: 34.2 KiB, free: 434.4 MiB)
[2026-01-20T04:29:59.544+0000] {subprocess.py:93} INFO - 26/01/20 04:29:59 INFO SparkContext: Created broadcast 0 from json at NativeMethodAccessorImpl.java:0
[2026-01-20T04:29:59.555+0000] {subprocess.py:93} INFO - 26/01/20 04:29:59 INFO FileSourceScanExec: Planning scan with bin packing, max size: 4194304 bytes, open cost is considered as scanning 4194304 bytes.
[2026-01-20T04:29:59.685+0000] {subprocess.py:93} INFO - 26/01/20 04:29:59 INFO SparkContext: Starting job: json at NativeMethodAccessorImpl.java:0
[2026-01-20T04:29:59.698+0000] {subprocess.py:93} INFO - 26/01/20 04:29:59 INFO DAGScheduler: Got job 0 (json at NativeMethodAccessorImpl.java:0) with 13 output partitions
[2026-01-20T04:29:59.699+0000] {subprocess.py:93} INFO - 26/01/20 04:29:59 INFO DAGScheduler: Final stage: ResultStage 0 (json at NativeMethodAccessorImpl.java:0)
[2026-01-20T04:29:59.700+0000] {subprocess.py:93} INFO - 26/01/20 04:29:59 INFO DAGScheduler: Parents of final stage: List()
[2026-01-20T04:29:59.700+0000] {subprocess.py:93} INFO - 26/01/20 04:29:59 INFO DAGScheduler: Missing parents: List()
[2026-01-20T04:29:59.703+0000] {subprocess.py:93} INFO - 26/01/20 04:29:59 INFO DAGScheduler: Submitting ResultStage 0 (MapPartitionsRDD[3] at json at NativeMethodAccessorImpl.java:0), which has no missing parents
[2026-01-20T04:29:59.773+0000] {subprocess.py:93} INFO - 26/01/20 04:29:59 INFO MemoryStore: Block broadcast_1 stored as values in memory (estimated size 16.0 KiB, free 434.2 MiB)
[2026-01-20T04:29:59.775+0000] {subprocess.py:93} INFO - 26/01/20 04:29:59 INFO MemoryStore: Block broadcast_1_piece0 stored as bytes in memory (estimated size 7.5 KiB, free 434.1 MiB)
[2026-01-20T04:29:59.776+0000] {subprocess.py:93} INFO - 26/01/20 04:29:59 INFO BlockManagerInfo: Added broadcast_1_piece0 in memory on 519d7d29de3d:45325 (size: 7.5 KiB, free: 434.4 MiB)
[2026-01-20T04:29:59.777+0000] {subprocess.py:93} INFO - 26/01/20 04:29:59 INFO SparkContext: Created broadcast 1 from broadcast at DAGScheduler.scala:1580
[2026-01-20T04:29:59.789+0000] {subprocess.py:93} INFO - 26/01/20 04:29:59 INFO DAGScheduler: Submitting 13 missing tasks from ResultStage 0 (MapPartitionsRDD[3] at json at NativeMethodAccessorImpl.java:0) (first 15 tasks are for partitions Vector(0, 1, 2, 3, 4, 5, 6, 7, 8, 9, 10, 11, 12))
[2026-01-20T04:29:59.790+0000] {subprocess.py:93} INFO - 26/01/20 04:29:59 INFO TaskSchedulerImpl: Adding task set 0.0 with 13 tasks resource profile 0
[2026-01-20T04:29:59.826+0000] {subprocess.py:93} INFO - 26/01/20 04:29:59 INFO TaskSetManager: Starting task 0.0 in stage 0.0 (TID 0) (519d7d29de3d, executor driver, partition 0, PROCESS_LOCAL, 8251 bytes)
[2026-01-20T04:29:59.829+0000] {subprocess.py:93} INFO - 26/01/20 04:29:59 INFO TaskSetManager: Starting task 1.0 in stage 0.0 (TID 1) (519d7d29de3d, executor driver, partition 1, PROCESS_LOCAL, 8251 bytes)
[2026-01-20T04:29:59.829+0000] {subprocess.py:93} INFO - 26/01/20 04:29:59 INFO TaskSetManager: Starting task 2.0 in stage 0.0 (TID 2) (519d7d29de3d, executor driver, partition 2, PROCESS_LOCAL, 8251 bytes)
[2026-01-20T04:29:59.831+0000] {subprocess.py:93} INFO - 26/01/20 04:29:59 INFO TaskSetManager: Starting task 3.0 in stage 0.0 (TID 3) (519d7d29de3d, executor driver, partition 3, PROCESS_LOCAL, 8251 bytes)
[2026-01-20T04:29:59.833+0000] {subprocess.py:93} INFO - 26/01/20 04:29:59 INFO TaskSetManager: Starting task 4.0 in stage 0.0 (TID 4) (519d7d29de3d, executor driver, partition 4, PROCESS_LOCAL, 8251 bytes)
[2026-01-20T04:29:59.834+0000] {subprocess.py:93} INFO - 26/01/20 04:29:59 INFO TaskSetManager: Starting task 5.0 in stage 0.0 (TID 5) (519d7d29de3d, executor driver, partition 5, PROCESS_LOCAL, 8251 bytes)
[2026-01-20T04:29:59.835+0000] {subprocess.py:93} INFO - 26/01/20 04:29:59 INFO TaskSetManager: Starting task 6.0 in stage 0.0 (TID 6) (519d7d29de3d, executor driver, partition 6, PROCESS_LOCAL, 8251 bytes)
[2026-01-20T04:29:59.836+0000] {subprocess.py:93} INFO - 26/01/20 04:29:59 INFO TaskSetManager: Starting task 7.0 in stage 0.0 (TID 7) (519d7d29de3d, executor driver, partition 7, PROCESS_LOCAL, 8251 bytes)
[2026-01-20T04:29:59.837+0000] {subprocess.py:93} INFO - 26/01/20 04:29:59 INFO TaskSetManager: Starting task 8.0 in stage 0.0 (TID 8) (519d7d29de3d, executor driver, partition 8, PROCESS_LOCAL, 8251 bytes)
[2026-01-20T04:29:59.838+0000] {subprocess.py:93} INFO - 26/01/20 04:29:59 INFO TaskSetManager: Starting task 9.0 in stage 0.0 (TID 9) (519d7d29de3d, executor driver, partition 9, PROCESS_LOCAL, 8251 bytes)
[2026-01-20T04:29:59.838+0000] {subprocess.py:93} INFO - 26/01/20 04:29:59 INFO TaskSetManager: Starting task 10.0 in stage 0.0 (TID 10) (519d7d29de3d, executor driver, partition 10, PROCESS_LOCAL, 8251 bytes)
[2026-01-20T04:29:59.839+0000] {subprocess.py:93} INFO - 26/01/20 04:29:59 INFO TaskSetManager: Starting task 11.0 in stage 0.0 (TID 11) (519d7d29de3d, executor driver, partition 11, PROCESS_LOCAL, 8251 bytes)
[2026-01-20T04:29:59.840+0000] {subprocess.py:93} INFO - 26/01/20 04:29:59 INFO TaskSetManager: Starting task 12.0 in stage 0.0 (TID 12) (519d7d29de3d, executor driver, partition 12, PROCESS_LOCAL, 8251 bytes)
[2026-01-20T04:29:59.848+0000] {subprocess.py:93} INFO - 26/01/20 04:29:59 INFO Executor: Running task 2.0 in stage 0.0 (TID 2)
[2026-01-20T04:29:59.852+0000] {subprocess.py:93} INFO - 26/01/20 04:29:59 INFO Executor: Running task 5.0 in stage 0.0 (TID 5)
[2026-01-20T04:29:59.853+0000] {subprocess.py:93} INFO - 26/01/20 04:29:59 INFO Executor: Running task 0.0 in stage 0.0 (TID 0)
[2026-01-20T04:29:59.854+0000] {subprocess.py:93} INFO - 26/01/20 04:29:59 INFO Executor: Running task 4.0 in stage 0.0 (TID 4)
[2026-01-20T04:29:59.854+0000] {subprocess.py:93} INFO - 26/01/20 04:29:59 INFO Executor: Running task 6.0 in stage 0.0 (TID 6)
[2026-01-20T04:29:59.856+0000] {subprocess.py:93} INFO - 26/01/20 04:29:59 INFO Executor: Running task 3.0 in stage 0.0 (TID 3)
[2026-01-20T04:29:59.857+0000] {subprocess.py:93} INFO - 26/01/20 04:29:59 INFO Executor: Running task 1.0 in stage 0.0 (TID 1)
[2026-01-20T04:29:59.860+0000] {subprocess.py:93} INFO - 26/01/20 04:29:59 INFO Executor: Running task 7.0 in stage 0.0 (TID 7)
[2026-01-20T04:29:59.861+0000] {subprocess.py:93} INFO - 26/01/20 04:29:59 INFO Executor: Running task 8.0 in stage 0.0 (TID 8)
[2026-01-20T04:29:59.862+0000] {subprocess.py:93} INFO - 26/01/20 04:29:59 INFO Executor: Running task 9.0 in stage 0.0 (TID 9)
[2026-01-20T04:29:59.863+0000] {subprocess.py:93} INFO - 26/01/20 04:29:59 INFO Executor: Running task 11.0 in stage 0.0 (TID 11)
[2026-01-20T04:29:59.864+0000] {subprocess.py:93} INFO - 26/01/20 04:29:59 INFO Executor: Running task 10.0 in stage 0.0 (TID 10)
[2026-01-20T04:29:59.865+0000] {subprocess.py:93} INFO - 26/01/20 04:29:59 INFO Executor: Running task 12.0 in stage 0.0 (TID 12)
[2026-01-20T04:30:00.060+0000] {subprocess.py:93} INFO - 26/01/20 04:30:00 INFO FileScanRDD: Reading File path: file:///opt/spark-data/landing/transaction_events_1768879479.1820476.json, range: 37748736-41943040, partition values: [empty row]
[2026-01-20T04:30:00.061+0000] {subprocess.py:93} INFO - 26/01/20 04:30:00 INFO FileScanRDD: Reading File path: file:///opt/spark-data/landing/transaction_events_1768879479.1820476.json, range: 8388608-12582912, partition values: [empty row]
[2026-01-20T04:30:00.061+0000] {subprocess.py:93} INFO - 26/01/20 04:30:00 INFO FileScanRDD: Reading File path: file:///opt/spark-data/landing/transaction_events_1768879479.1820476.json, range: 29360128-33554432, partition values: [empty row]
[2026-01-20T04:30:00.062+0000] {subprocess.py:93} INFO - 26/01/20 04:30:00 INFO FileScanRDD: Reading File path: file:///opt/spark-data/landing/transaction_events_1768879479.1820476.json, range: 16777216-20971520, partition values: [empty row]
[2026-01-20T04:30:00.063+0000] {subprocess.py:93} INFO - 26/01/20 04:30:00 INFO FileScanRDD: Reading File path: file:///opt/spark-data/landing/transaction_events_1768879479.1820476.json, range: 50331648-51561162, partition values: [empty row]
[2026-01-20T04:30:00.064+0000] {subprocess.py:93} INFO - 26/01/20 04:30:00 INFO FileScanRDD: Reading File path: file:///opt/spark-data/landing/transaction_events_1768879479.1820476.json, range: 20971520-25165824, partition values: [empty row]
[2026-01-20T04:30:00.064+0000] {subprocess.py:93} INFO - 26/01/20 04:30:00 INFO FileScanRDD: Reading File path: file:///opt/spark-data/landing/transaction_events_1768879479.1820476.json, range: 0-4194304, partition values: [empty row]
[2026-01-20T04:30:00.065+0000] {subprocess.py:93} INFO - 26/01/20 04:30:00 INFO FileScanRDD: Reading File path: file:///opt/spark-data/landing/transaction_events_1768879479.1820476.json, range: 12582912-16777216, partition values: [empty row]
[2026-01-20T04:30:00.065+0000] {subprocess.py:93} INFO - 26/01/20 04:30:00 INFO FileScanRDD: Reading File path: file:///opt/spark-data/landing/transaction_events_1768879479.1820476.json, range: 4194304-8388608, partition values: [empty row]
[2026-01-20T04:30:00.066+0000] {subprocess.py:93} INFO - 26/01/20 04:30:00 INFO FileScanRDD: Reading File path: file:///opt/spark-data/landing/transaction_events_1768879479.1820476.json, range: 41943040-46137344, partition values: [empty row]
[2026-01-20T04:30:00.067+0000] {subprocess.py:93} INFO - 26/01/20 04:30:00 INFO FileScanRDD: Reading File path: file:///opt/spark-data/landing/transaction_events_1768879479.1820476.json, range: 25165824-29360128, partition values: [empty row]
[2026-01-20T04:30:00.068+0000] {subprocess.py:93} INFO - 26/01/20 04:30:00 INFO FileScanRDD: Reading File path: file:///opt/spark-data/landing/transaction_events_1768879479.1820476.json, range: 46137344-50331648, partition values: [empty row]
[2026-01-20T04:30:00.068+0000] {subprocess.py:93} INFO - 26/01/20 04:30:00 INFO FileScanRDD: Reading File path: file:///opt/spark-data/landing/transaction_events_1768879479.1820476.json, range: 33554432-37748736, partition values: [empty row]
[2026-01-20T04:30:00.292+0000] {subprocess.py:93} INFO - 26/01/20 04:30:00 INFO CodeGenerator: Code generated in 174.893016 ms
[2026-01-20T04:30:00.941+0000] {subprocess.py:93} INFO - 26/01/20 04:30:00 INFO Executor: Finished task 12.0 in stage 0.0 (TID 12). 3067 bytes result sent to driver
[2026-01-20T04:30:00.965+0000] {subprocess.py:93} INFO - 26/01/20 04:30:00 INFO TaskSetManager: Finished task 12.0 in stage 0.0 (TID 12) in 1125 ms on 519d7d29de3d (executor driver) (1/13)
[2026-01-20T04:30:01.156+0000] {subprocess.py:93} INFO - 26/01/20 04:30:01 INFO Executor: Finished task 1.0 in stage 0.0 (TID 1). 3024 bytes result sent to driver
[2026-01-20T04:30:01.158+0000] {subprocess.py:93} INFO - 26/01/20 04:30:01 INFO Executor: Finished task 7.0 in stage 0.0 (TID 7). 3024 bytes result sent to driver
[2026-01-20T04:30:01.160+0000] {subprocess.py:93} INFO - 26/01/20 04:30:01 INFO Executor: Finished task 4.0 in stage 0.0 (TID 4). 3024 bytes result sent to driver
[2026-01-20T04:30:01.161+0000] {subprocess.py:93} INFO - 26/01/20 04:30:01 INFO Executor: Finished task 5.0 in stage 0.0 (TID 5). 3067 bytes result sent to driver
[2026-01-20T04:30:01.162+0000] {subprocess.py:93} INFO - 26/01/20 04:30:01 INFO Executor: Finished task 9.0 in stage 0.0 (TID 9). 3024 bytes result sent to driver
[2026-01-20T04:30:01.163+0000] {subprocess.py:93} INFO - 26/01/20 04:30:01 INFO Executor: Finished task 6.0 in stage 0.0 (TID 6). 3024 bytes result sent to driver
[2026-01-20T04:30:01.164+0000] {subprocess.py:93} INFO - 26/01/20 04:30:01 INFO Executor: Finished task 8.0 in stage 0.0 (TID 8). 3024 bytes result sent to driver
[2026-01-20T04:30:01.165+0000] {subprocess.py:93} INFO - 26/01/20 04:30:01 INFO Executor: Finished task 0.0 in stage 0.0 (TID 0). 3067 bytes result sent to driver
[2026-01-20T04:30:01.166+0000] {subprocess.py:93} INFO - 26/01/20 04:30:01 INFO Executor: Finished task 10.0 in stage 0.0 (TID 10). 3067 bytes result sent to driver
[2026-01-20T04:30:01.167+0000] {subprocess.py:93} INFO - 26/01/20 04:30:01 INFO TaskSetManager: Finished task 7.0 in stage 0.0 (TID 7) in 1332 ms on 519d7d29de3d (executor driver) (2/13)
[2026-01-20T04:30:01.168+0000] {subprocess.py:93} INFO - 26/01/20 04:30:01 INFO TaskSetManager: Finished task 4.0 in stage 0.0 (TID 4) in 1336 ms on 519d7d29de3d (executor driver) (3/13)
[2026-01-20T04:30:01.169+0000] {subprocess.py:93} INFO - 26/01/20 04:30:01 INFO TaskSetManager: Finished task 5.0 in stage 0.0 (TID 5) in 1336 ms on 519d7d29de3d (executor driver) (4/13)
[2026-01-20T04:30:01.171+0000] {subprocess.py:93} INFO - 26/01/20 04:30:01 INFO TaskSetManager: Finished task 1.0 in stage 0.0 (TID 1) in 1338 ms on 519d7d29de3d (executor driver) (5/13)
[2026-01-20T04:30:01.172+0000] {subprocess.py:93} INFO - 26/01/20 04:30:01 INFO TaskSetManager: Finished task 9.0 in stage 0.0 (TID 9) in 1333 ms on 519d7d29de3d (executor driver) (6/13)
[2026-01-20T04:30:01.173+0000] {subprocess.py:93} INFO - 26/01/20 04:30:01 INFO Executor: Finished task 11.0 in stage 0.0 (TID 11). 3067 bytes result sent to driver
[2026-01-20T04:30:01.174+0000] {subprocess.py:93} INFO - 26/01/20 04:30:01 INFO Executor: Finished task 3.0 in stage 0.0 (TID 3). 3024 bytes result sent to driver
[2026-01-20T04:30:01.176+0000] {subprocess.py:93} INFO - 26/01/20 04:30:01 INFO TaskSetManager: Finished task 8.0 in stage 0.0 (TID 8) in 1335 ms on 519d7d29de3d (executor driver) (7/13)
[2026-01-20T04:30:01.177+0000] {subprocess.py:93} INFO - 26/01/20 04:30:01 INFO TaskSetManager: Finished task 6.0 in stage 0.0 (TID 6) in 1338 ms on 519d7d29de3d (executor driver) (8/13)
[2026-01-20T04:30:01.178+0000] {subprocess.py:93} INFO - 26/01/20 04:30:01 INFO TaskSetManager: Finished task 0.0 in stage 0.0 (TID 0) in 1354 ms on 519d7d29de3d (executor driver) (9/13)
[2026-01-20T04:30:01.180+0000] {subprocess.py:93} INFO - 26/01/20 04:30:01 INFO TaskSetManager: Finished task 10.0 in stage 0.0 (TID 10) in 1335 ms on 519d7d29de3d (executor driver) (10/13)
[2026-01-20T04:30:01.181+0000] {subprocess.py:93} INFO - 26/01/20 04:30:01 INFO Executor: Finished task 2.0 in stage 0.0 (TID 2). 3024 bytes result sent to driver
[2026-01-20T04:30:01.182+0000] {subprocess.py:93} INFO - 26/01/20 04:30:01 INFO TaskSetManager: Finished task 11.0 in stage 0.0 (TID 11) in 1337 ms on 519d7d29de3d (executor driver) (11/13)
[2026-01-20T04:30:01.183+0000] {subprocess.py:93} INFO - 26/01/20 04:30:01 INFO TaskSetManager: Finished task 3.0 in stage 0.0 (TID 3) in 1345 ms on 519d7d29de3d (executor driver) (12/13)
[2026-01-20T04:30:01.184+0000] {subprocess.py:93} INFO - 26/01/20 04:30:01 INFO TaskSetManager: Finished task 2.0 in stage 0.0 (TID 2) in 1346 ms on 519d7d29de3d (executor driver) (13/13)
[2026-01-20T04:30:01.185+0000] {subprocess.py:93} INFO - 26/01/20 04:30:01 INFO TaskSchedulerImpl: Removed TaskSet 0.0, whose tasks have all completed, from pool
[2026-01-20T04:30:01.186+0000] {subprocess.py:93} INFO - 26/01/20 04:30:01 INFO DAGScheduler: ResultStage 0 (json at NativeMethodAccessorImpl.java:0) finished in 1.464 s
[2026-01-20T04:30:01.187+0000] {subprocess.py:93} INFO - 26/01/20 04:30:01 INFO DAGScheduler: Job 0 is finished. Cancelling potential speculative or zombie tasks for this job
[2026-01-20T04:30:01.187+0000] {subprocess.py:93} INFO - 26/01/20 04:30:01 INFO TaskSchedulerImpl: Killing all running tasks in stage 0: Stage finished
[2026-01-20T04:30:01.191+0000] {subprocess.py:93} INFO - 26/01/20 04:30:01 INFO DAGScheduler: Job 0 finished: json at NativeMethodAccessorImpl.java:0, took 1.505807 s
[2026-01-20T04:30:01.344+0000] {subprocess.py:93} INFO - 26/01/20 04:30:01 INFO InMemoryFileIndex: It took 11 ms to list leaf files for 1 paths.
[2026-01-20T04:30:01.378+0000] {subprocess.py:93} INFO - 26/01/20 04:30:01 INFO InMemoryFileIndex: It took 16 ms to list leaf files for 1 paths.
[2026-01-20T04:30:01.443+0000] {subprocess.py:93} INFO - 26/01/20 04:30:01 INFO FileSourceStrategy: Pushed Filters:
[2026-01-20T04:30:01.445+0000] {subprocess.py:93} INFO - 26/01/20 04:30:01 INFO FileSourceStrategy: Post-Scan Filters:
[2026-01-20T04:30:01.453+0000] {subprocess.py:93} INFO - 26/01/20 04:30:01 INFO MemoryStore: Block broadcast_2 stored as values in memory (estimated size 199.2 KiB, free 434.0 MiB)
[2026-01-20T04:30:01.469+0000] {subprocess.py:93} INFO - 26/01/20 04:30:01 INFO MemoryStore: Block broadcast_2_piece0 stored as bytes in memory (estimated size 34.2 KiB, free 433.9 MiB)
[2026-01-20T04:30:01.471+0000] {subprocess.py:93} INFO - 26/01/20 04:30:01 INFO BlockManagerInfo: Added broadcast_2_piece0 in memory on 519d7d29de3d:45325 (size: 34.2 KiB, free: 434.3 MiB)
[2026-01-20T04:30:01.473+0000] {subprocess.py:93} INFO - 26/01/20 04:30:01 INFO SparkContext: Created broadcast 2 from json at NativeMethodAccessorImpl.java:0
[2026-01-20T04:30:01.474+0000] {subprocess.py:93} INFO - 26/01/20 04:30:01 INFO FileSourceScanExec: Planning scan with bin packing, max size: 4194304 bytes, open cost is considered as scanning 4194304 bytes.
[2026-01-20T04:30:01.492+0000] {subprocess.py:93} INFO - 26/01/20 04:30:01 INFO SparkContext: Starting job: json at NativeMethodAccessorImpl.java:0
[2026-01-20T04:30:01.494+0000] {subprocess.py:93} INFO - 26/01/20 04:30:01 INFO DAGScheduler: Got job 1 (json at NativeMethodAccessorImpl.java:0) with 8 output partitions
[2026-01-20T04:30:01.495+0000] {subprocess.py:93} INFO - 26/01/20 04:30:01 INFO DAGScheduler: Final stage: ResultStage 1 (json at NativeMethodAccessorImpl.java:0)
[2026-01-20T04:30:01.496+0000] {subprocess.py:93} INFO - 26/01/20 04:30:01 INFO DAGScheduler: Parents of final stage: List()
[2026-01-20T04:30:01.497+0000] {subprocess.py:93} INFO - 26/01/20 04:30:01 INFO DAGScheduler: Missing parents: List()
[2026-01-20T04:30:01.498+0000] {subprocess.py:93} INFO - 26/01/20 04:30:01 INFO DAGScheduler: Submitting ResultStage 1 (MapPartitionsRDD[7] at json at NativeMethodAccessorImpl.java:0), which has no missing parents
[2026-01-20T04:30:01.503+0000] {subprocess.py:93} INFO - 26/01/20 04:30:01 INFO MemoryStore: Block broadcast_3 stored as values in memory (estimated size 16.0 KiB, free 433.9 MiB)
[2026-01-20T04:30:01.514+0000] {subprocess.py:93} INFO - 26/01/20 04:30:01 INFO MemoryStore: Block broadcast_3_piece0 stored as bytes in memory (estimated size 7.5 KiB, free 433.9 MiB)
[2026-01-20T04:30:01.515+0000] {subprocess.py:93} INFO - 26/01/20 04:30:01 INFO BlockManagerInfo: Added broadcast_3_piece0 in memory on 519d7d29de3d:45325 (size: 7.5 KiB, free: 434.3 MiB)
[2026-01-20T04:30:01.516+0000] {subprocess.py:93} INFO - 26/01/20 04:30:01 INFO SparkContext: Created broadcast 3 from broadcast at DAGScheduler.scala:1580
[2026-01-20T04:30:01.518+0000] {subprocess.py:93} INFO - 26/01/20 04:30:01 INFO DAGScheduler: Submitting 8 missing tasks from ResultStage 1 (MapPartitionsRDD[7] at json at NativeMethodAccessorImpl.java:0) (first 15 tasks are for partitions Vector(0, 1, 2, 3, 4, 5, 6, 7))
[2026-01-20T04:30:01.519+0000] {subprocess.py:93} INFO - 26/01/20 04:30:01 INFO TaskSchedulerImpl: Adding task set 1.0 with 8 tasks resource profile 0
[2026-01-20T04:30:01.521+0000] {subprocess.py:93} INFO - 26/01/20 04:30:01 INFO TaskSetManager: Starting task 0.0 in stage 1.0 (TID 13) (519d7d29de3d, executor driver, partition 0, PROCESS_LOCAL, 8244 bytes)
[2026-01-20T04:30:01.522+0000] {subprocess.py:93} INFO - 26/01/20 04:30:01 INFO TaskSetManager: Starting task 1.0 in stage 1.0 (TID 14) (519d7d29de3d, executor driver, partition 1, PROCESS_LOCAL, 8244 bytes)
[2026-01-20T04:30:01.523+0000] {subprocess.py:93} INFO - 26/01/20 04:30:01 INFO TaskSetManager: Starting task 2.0 in stage 1.0 (TID 15) (519d7d29de3d, executor driver, partition 2, PROCESS_LOCAL, 8244 bytes)
[2026-01-20T04:30:01.524+0000] {subprocess.py:93} INFO - 26/01/20 04:30:01 INFO TaskSetManager: Starting task 3.0 in stage 1.0 (TID 16) (519d7d29de3d, executor driver, partition 3, PROCESS_LOCAL, 8244 bytes)
[2026-01-20T04:30:01.525+0000] {subprocess.py:93} INFO - 26/01/20 04:30:01 INFO TaskSetManager: Starting task 4.0 in stage 1.0 (TID 17) (519d7d29de3d, executor driver, partition 4, PROCESS_LOCAL, 8244 bytes)
[2026-01-20T04:30:01.526+0000] {subprocess.py:93} INFO - 26/01/20 04:30:01 INFO TaskSetManager: Starting task 5.0 in stage 1.0 (TID 18) (519d7d29de3d, executor driver, partition 5, PROCESS_LOCAL, 8244 bytes)
[2026-01-20T04:30:01.527+0000] {subprocess.py:93} INFO - 26/01/20 04:30:01 INFO TaskSetManager: Starting task 6.0 in stage 1.0 (TID 19) (519d7d29de3d, executor driver, partition 6, PROCESS_LOCAL, 8244 bytes)
[2026-01-20T04:30:01.528+0000] {subprocess.py:93} INFO - 26/01/20 04:30:01 INFO TaskSetManager: Starting task 7.0 in stage 1.0 (TID 20) (519d7d29de3d, executor driver, partition 7, PROCESS_LOCAL, 8244 bytes)
[2026-01-20T04:30:01.529+0000] {subprocess.py:93} INFO - 26/01/20 04:30:01 INFO Executor: Running task 0.0 in stage 1.0 (TID 13)
[2026-01-20T04:30:01.530+0000] {subprocess.py:93} INFO - 26/01/20 04:30:01 INFO Executor: Running task 1.0 in stage 1.0 (TID 14)
[2026-01-20T04:30:01.531+0000] {subprocess.py:93} INFO - 26/01/20 04:30:01 INFO Executor: Running task 2.0 in stage 1.0 (TID 15)
[2026-01-20T04:30:01.532+0000] {subprocess.py:93} INFO - 26/01/20 04:30:01 INFO Executor: Running task 3.0 in stage 1.0 (TID 16)
[2026-01-20T04:30:01.534+0000] {subprocess.py:93} INFO - 26/01/20 04:30:01 INFO Executor: Running task 4.0 in stage 1.0 (TID 17)
[2026-01-20T04:30:01.536+0000] {subprocess.py:93} INFO - 26/01/20 04:30:01 INFO Executor: Running task 5.0 in stage 1.0 (TID 18)
[2026-01-20T04:30:01.537+0000] {subprocess.py:93} INFO - 26/01/20 04:30:01 INFO Executor: Running task 7.0 in stage 1.0 (TID 20)
[2026-01-20T04:30:01.538+0000] {subprocess.py:93} INFO - 26/01/20 04:30:01 INFO Executor: Running task 6.0 in stage 1.0 (TID 19)
[2026-01-20T04:30:01.539+0000] {subprocess.py:93} INFO - 26/01/20 04:30:01 INFO FileScanRDD: Reading File path: file:///opt/spark-data/landing/user_events_1768879431.2231393.json, range: 0-4194304, partition values: [empty row]
[2026-01-20T04:30:01.540+0000] {subprocess.py:93} INFO - 26/01/20 04:30:01 INFO FileScanRDD: Reading File path: file:///opt/spark-data/landing/user_events_1768879431.2231393.json, range: 4194304-8388608, partition values: [empty row]
[2026-01-20T04:30:01.541+0000] {subprocess.py:93} INFO - 26/01/20 04:30:01 INFO FileScanRDD: Reading File path: file:///opt/spark-data/landing/user_events_1768879431.2231393.json, range: 25165824-29360128, partition values: [empty row]
[2026-01-20T04:30:01.542+0000] {subprocess.py:93} INFO - 26/01/20 04:30:01 INFO FileScanRDD: Reading File path: file:///opt/spark-data/landing/user_events_1768879431.2231393.json, range: 20971520-25165824, partition values: [empty row]
[2026-01-20T04:30:01.543+0000] {subprocess.py:93} INFO - 26/01/20 04:30:01 INFO FileScanRDD: Reading File path: file:///opt/spark-data/landing/user_events_1768879431.2231393.json, range: 16777216-20971520, partition values: [empty row]
[2026-01-20T04:30:01.544+0000] {subprocess.py:93} INFO - 26/01/20 04:30:01 INFO FileScanRDD: Reading File path: file:///opt/spark-data/landing/user_events_1768879431.2231393.json, range: 12582912-16777216, partition values: [empty row]
[2026-01-20T04:30:01.545+0000] {subprocess.py:93} INFO - 26/01/20 04:30:01 INFO FileScanRDD: Reading File path: file:///opt/spark-data/landing/user_events_1768879431.2231393.json, range: 8388608-12582912, partition values: [empty row]
[2026-01-20T04:30:01.547+0000] {subprocess.py:93} INFO - 26/01/20 04:30:01 INFO FileScanRDD: Reading File path: file:///opt/spark-data/landing/user_events_1768879431.2231393.json, range: 29360128-33532706, partition values: [empty row]
[2026-01-20T04:30:02.138+0000] {subprocess.py:93} INFO - 26/01/20 04:30:02 INFO Executor: Finished task 4.0 in stage 1.0 (TID 17). 2401 bytes result sent to driver
[2026-01-20T04:30:02.145+0000] {subprocess.py:93} INFO - 26/01/20 04:30:02 INFO Executor: Finished task 5.0 in stage 1.0 (TID 18). 2401 bytes result sent to driver
[2026-01-20T04:30:02.146+0000] {subprocess.py:93} INFO - 26/01/20 04:30:02 INFO TaskSetManager: Finished task 4.0 in stage 1.0 (TID 17) in 621 ms on 519d7d29de3d (executor driver) (1/8)
[2026-01-20T04:30:02.148+0000] {subprocess.py:93} INFO - 26/01/20 04:30:02 INFO Executor: Finished task 7.0 in stage 1.0 (TID 20). 2444 bytes result sent to driver
[2026-01-20T04:30:02.149+0000] {subprocess.py:93} INFO - 26/01/20 04:30:02 INFO Executor: Finished task 2.0 in stage 1.0 (TID 15). 2444 bytes result sent to driver
[2026-01-20T04:30:02.150+0000] {subprocess.py:93} INFO - 26/01/20 04:30:02 INFO Executor: Finished task 6.0 in stage 1.0 (TID 19). 2401 bytes result sent to driver
[2026-01-20T04:30:02.151+0000] {subprocess.py:93} INFO - 26/01/20 04:30:02 INFO TaskSetManager: Finished task 5.0 in stage 1.0 (TID 18) in 625 ms on 519d7d29de3d (executor driver) (2/8)
[2026-01-20T04:30:02.152+0000] {subprocess.py:93} INFO - 26/01/20 04:30:02 INFO Executor: Finished task 1.0 in stage 1.0 (TID 14). 2401 bytes result sent to driver
[2026-01-20T04:30:02.153+0000] {subprocess.py:93} INFO - 26/01/20 04:30:02 INFO TaskSetManager: Finished task 7.0 in stage 1.0 (TID 20) in 625 ms on 519d7d29de3d (executor driver) (3/8)
[2026-01-20T04:30:02.154+0000] {subprocess.py:93} INFO - 26/01/20 04:30:02 INFO Executor: Finished task 0.0 in stage 1.0 (TID 13). 2401 bytes result sent to driver
[2026-01-20T04:30:02.155+0000] {subprocess.py:93} INFO - 26/01/20 04:30:02 INFO TaskSetManager: Finished task 2.0 in stage 1.0 (TID 15) in 630 ms on 519d7d29de3d (executor driver) (4/8)
[2026-01-20T04:30:02.156+0000] {subprocess.py:93} INFO - 26/01/20 04:30:02 INFO TaskSetManager: Finished task 6.0 in stage 1.0 (TID 19) in 628 ms on 519d7d29de3d (executor driver) (5/8)
[2026-01-20T04:30:02.156+0000] {subprocess.py:93} INFO - 26/01/20 04:30:02 INFO TaskSetManager: Finished task 1.0 in stage 1.0 (TID 14) in 633 ms on 519d7d29de3d (executor driver) (6/8)
[2026-01-20T04:30:02.159+0000] {subprocess.py:93} INFO - 26/01/20 04:30:02 INFO TaskSetManager: Finished task 0.0 in stage 1.0 (TID 13) in 636 ms on 519d7d29de3d (executor driver) (7/8)
[2026-01-20T04:30:02.162+0000] {subprocess.py:93} INFO - 26/01/20 04:30:02 INFO Executor: Finished task 3.0 in stage 1.0 (TID 16). 2401 bytes result sent to driver
[2026-01-20T04:30:02.164+0000] {subprocess.py:93} INFO - 26/01/20 04:30:02 INFO TaskSetManager: Finished task 3.0 in stage 1.0 (TID 16) in 640 ms on 519d7d29de3d (executor driver) (8/8)
[2026-01-20T04:30:02.165+0000] {subprocess.py:93} INFO - 26/01/20 04:30:02 INFO TaskSchedulerImpl: Removed TaskSet 1.0, whose tasks have all completed, from pool
[2026-01-20T04:30:02.166+0000] {subprocess.py:93} INFO - 26/01/20 04:30:02 INFO DAGScheduler: ResultStage 1 (json at NativeMethodAccessorImpl.java:0) finished in 0.665 s
[2026-01-20T04:30:02.166+0000] {subprocess.py:93} INFO - 26/01/20 04:30:02 INFO DAGScheduler: Job 1 is finished. Cancelling potential speculative or zombie tasks for this job
[2026-01-20T04:30:02.167+0000] {subprocess.py:93} INFO - 26/01/20 04:30:02 INFO TaskSchedulerImpl: Killing all running tasks in stage 1: Stage finished
[2026-01-20T04:30:02.168+0000] {subprocess.py:93} INFO - 26/01/20 04:30:02 INFO DAGScheduler: Job 1 finished: json at NativeMethodAccessorImpl.java:0, took 0.674201 s
[2026-01-20T04:30:03.301+0000] {subprocess.py:93} INFO - 26/01/20 04:30:03 INFO FileSourceStrategy: Pushed Filters: IsNotNull(user_id),IsNotNull(line_items)
[2026-01-20T04:30:03.302+0000] {subprocess.py:93} INFO - 26/01/20 04:30:03 INFO FileSourceStrategy: Post-Scan Filters: isnotnull(user_id#21),(size(line_items#10, true) > 0),isnotnull(line_items#10)
[2026-01-20T04:30:03.305+0000] {subprocess.py:93} INFO - 26/01/20 04:30:03 INFO FileSourceStrategy: Pushed Filters: IsNotNull(user_id),IsNotNull(product_id)
[2026-01-20T04:30:03.306+0000] {subprocess.py:93} INFO - 26/01/20 04:30:03 INFO FileSourceStrategy: Post-Scan Filters: isnotnull(user_id#58),isnotnull(product_id#53)
[2026-01-20T04:30:03.522+0000] {subprocess.py:93} INFO - 26/01/20 04:30:03 INFO CodeGenerator: Code generated in 51.750275 ms
[2026-01-20T04:30:03.527+0000] {subprocess.py:93} INFO - 26/01/20 04:30:03 INFO MemoryStore: Block broadcast_4 stored as values in memory (estimated size 199.1 KiB, free 433.7 MiB)
[2026-01-20T04:30:03.539+0000] {subprocess.py:93} INFO - 26/01/20 04:30:03 INFO MemoryStore: Block broadcast_4_piece0 stored as bytes in memory (estimated size 34.2 KiB, free 433.7 MiB)
[2026-01-20T04:30:03.540+0000] {subprocess.py:93} INFO - 26/01/20 04:30:03 INFO BlockManagerInfo: Added broadcast_4_piece0 in memory on 519d7d29de3d:45325 (size: 34.2 KiB, free: 434.3 MiB)
[2026-01-20T04:30:03.542+0000] {subprocess.py:93} INFO - 26/01/20 04:30:03 INFO SparkContext: Created broadcast 4 from $anonfun$withThreadLocalCaptured$1 at FutureTask.java:264
[2026-01-20T04:30:03.547+0000] {subprocess.py:93} INFO - 26/01/20 04:30:03 INFO FileSourceScanExec: Planning scan with bin packing, max size: 4194304 bytes, open cost is considered as scanning 4194304 bytes.
[2026-01-20T04:30:03.590+0000] {subprocess.py:93} INFO - 26/01/20 04:30:03 INFO SparkContext: Starting job: $anonfun$withThreadLocalCaptured$1 at FutureTask.java:264
[2026-01-20T04:30:03.593+0000] {subprocess.py:93} INFO - 26/01/20 04:30:03 INFO DAGScheduler: Got job 2 ($anonfun$withThreadLocalCaptured$1 at FutureTask.java:264) with 8 output partitions
[2026-01-20T04:30:03.594+0000] {subprocess.py:93} INFO - 26/01/20 04:30:03 INFO DAGScheduler: Final stage: ResultStage 2 ($anonfun$withThreadLocalCaptured$1 at FutureTask.java:264)
[2026-01-20T04:30:03.595+0000] {subprocess.py:93} INFO - 26/01/20 04:30:03 INFO DAGScheduler: Parents of final stage: List()
[2026-01-20T04:30:03.596+0000] {subprocess.py:93} INFO - 26/01/20 04:30:03 INFO DAGScheduler: Missing parents: List()
[2026-01-20T04:30:03.597+0000] {subprocess.py:93} INFO - 26/01/20 04:30:03 INFO DAGScheduler: Submitting ResultStage 2 (MapPartitionsRDD[11] at $anonfun$withThreadLocalCaptured$1 at FutureTask.java:264), which has no missing parents
[2026-01-20T04:30:03.600+0000] {subprocess.py:93} INFO - 26/01/20 04:30:03 INFO MemoryStore: Block broadcast_5 stored as values in memory (estimated size 15.6 KiB, free 433.7 MiB)
[2026-01-20T04:30:03.603+0000] {subprocess.py:93} INFO - 26/01/20 04:30:03 INFO MemoryStore: Block broadcast_5_piece0 stored as bytes in memory (estimated size 7.4 KiB, free 433.6 MiB)
[2026-01-20T04:30:03.604+0000] {subprocess.py:93} INFO - 26/01/20 04:30:03 INFO BlockManagerInfo: Added broadcast_5_piece0 in memory on 519d7d29de3d:45325 (size: 7.4 KiB, free: 434.3 MiB)
[2026-01-20T04:30:03.606+0000] {subprocess.py:93} INFO - 26/01/20 04:30:03 INFO SparkContext: Created broadcast 5 from broadcast at DAGScheduler.scala:1580
[2026-01-20T04:30:03.608+0000] {subprocess.py:93} INFO - 26/01/20 04:30:03 INFO DAGScheduler: Submitting 8 missing tasks from ResultStage 2 (MapPartitionsRDD[11] at $anonfun$withThreadLocalCaptured$1 at FutureTask.java:264) (first 15 tasks are for partitions Vector(0, 1, 2, 3, 4, 5, 6, 7))
[2026-01-20T04:30:03.609+0000] {subprocess.py:93} INFO - 26/01/20 04:30:03 INFO TaskSchedulerImpl: Adding task set 2.0 with 8 tasks resource profile 0
[2026-01-20T04:30:03.611+0000] {subprocess.py:93} INFO - 26/01/20 04:30:03 INFO TaskSetManager: Starting task 0.0 in stage 2.0 (TID 21) (519d7d29de3d, executor driver, partition 0, PROCESS_LOCAL, 8244 bytes)
[2026-01-20T04:30:03.612+0000] {subprocess.py:93} INFO - 26/01/20 04:30:03 INFO TaskSetManager: Starting task 1.0 in stage 2.0 (TID 22) (519d7d29de3d, executor driver, partition 1, PROCESS_LOCAL, 8244 bytes)
[2026-01-20T04:30:03.613+0000] {subprocess.py:93} INFO - 26/01/20 04:30:03 INFO TaskSetManager: Starting task 2.0 in stage 2.0 (TID 23) (519d7d29de3d, executor driver, partition 2, PROCESS_LOCAL, 8244 bytes)
[2026-01-20T04:30:03.614+0000] {subprocess.py:93} INFO - 26/01/20 04:30:03 INFO TaskSetManager: Starting task 3.0 in stage 2.0 (TID 24) (519d7d29de3d, executor driver, partition 3, PROCESS_LOCAL, 8244 bytes)
[2026-01-20T04:30:03.614+0000] {subprocess.py:93} INFO - 26/01/20 04:30:03 INFO TaskSetManager: Starting task 4.0 in stage 2.0 (TID 25) (519d7d29de3d, executor driver, partition 4, PROCESS_LOCAL, 8244 bytes)
[2026-01-20T04:30:03.615+0000] {subprocess.py:93} INFO - 26/01/20 04:30:03 INFO TaskSetManager: Starting task 5.0 in stage 2.0 (TID 26) (519d7d29de3d, executor driver, partition 5, PROCESS_LOCAL, 8244 bytes)
[2026-01-20T04:30:03.616+0000] {subprocess.py:93} INFO - 26/01/20 04:30:03 INFO TaskSetManager: Starting task 6.0 in stage 2.0 (TID 27) (519d7d29de3d, executor driver, partition 6, PROCESS_LOCAL, 8244 bytes)
[2026-01-20T04:30:03.617+0000] {subprocess.py:93} INFO - 26/01/20 04:30:03 INFO TaskSetManager: Starting task 7.0 in stage 2.0 (TID 28) (519d7d29de3d, executor driver, partition 7, PROCESS_LOCAL, 8244 bytes)
[2026-01-20T04:30:03.618+0000] {subprocess.py:93} INFO - 26/01/20 04:30:03 INFO Executor: Running task 1.0 in stage 2.0 (TID 22)
[2026-01-20T04:30:03.619+0000] {subprocess.py:93} INFO - 26/01/20 04:30:03 INFO Executor: Running task 2.0 in stage 2.0 (TID 23)
[2026-01-20T04:30:03.619+0000] {subprocess.py:93} INFO - 26/01/20 04:30:03 INFO Executor: Running task 4.0 in stage 2.0 (TID 25)
[2026-01-20T04:30:03.620+0000] {subprocess.py:93} INFO - 26/01/20 04:30:03 INFO Executor: Running task 5.0 in stage 2.0 (TID 26)
[2026-01-20T04:30:03.621+0000] {subprocess.py:93} INFO - 26/01/20 04:30:03 INFO Executor: Running task 3.0 in stage 2.0 (TID 24)
[2026-01-20T04:30:03.622+0000] {subprocess.py:93} INFO - 26/01/20 04:30:03 INFO Executor: Running task 6.0 in stage 2.0 (TID 27)
[2026-01-20T04:30:03.623+0000] {subprocess.py:93} INFO - 26/01/20 04:30:03 INFO Executor: Running task 0.0 in stage 2.0 (TID 21)
[2026-01-20T04:30:03.624+0000] {subprocess.py:93} INFO - 26/01/20 04:30:03 INFO Executor: Running task 7.0 in stage 2.0 (TID 28)
[2026-01-20T04:30:03.669+0000] {subprocess.py:93} INFO - 26/01/20 04:30:03 INFO CodeGenerator: Code generated in 29.309706 ms
[2026-01-20T04:30:03.675+0000] {subprocess.py:93} INFO - 26/01/20 04:30:03 INFO FileScanRDD: Reading File path: file:///opt/spark-data/landing/user_events_1768879431.2231393.json, range: 8388608-12582912, partition values: [empty row]
[2026-01-20T04:30:03.676+0000] {subprocess.py:93} INFO - 26/01/20 04:30:03 INFO FileScanRDD: Reading File path: file:///opt/spark-data/landing/user_events_1768879431.2231393.json, range: 12582912-16777216, partition values: [empty row]
[2026-01-20T04:30:03.678+0000] {subprocess.py:93} INFO - 26/01/20 04:30:03 INFO FileScanRDD: Reading File path: file:///opt/spark-data/landing/user_events_1768879431.2231393.json, range: 4194304-8388608, partition values: [empty row]
[2026-01-20T04:30:03.679+0000] {subprocess.py:93} INFO - 26/01/20 04:30:03 INFO FileScanRDD: Reading File path: file:///opt/spark-data/landing/user_events_1768879431.2231393.json, range: 29360128-33532706, partition values: [empty row]
[2026-01-20T04:30:03.681+0000] {subprocess.py:93} INFO - 26/01/20 04:30:03 INFO FileScanRDD: Reading File path: file:///opt/spark-data/landing/user_events_1768879431.2231393.json, range: 20971520-25165824, partition values: [empty row]
[2026-01-20T04:30:03.683+0000] {subprocess.py:93} INFO - 26/01/20 04:30:03 INFO FileScanRDD: Reading File path: file:///opt/spark-data/landing/user_events_1768879431.2231393.json, range: 25165824-29360128, partition values: [empty row]
[2026-01-20T04:30:03.684+0000] {subprocess.py:93} INFO - 26/01/20 04:30:03 INFO FileScanRDD: Reading File path: file:///opt/spark-data/landing/user_events_1768879431.2231393.json, range: 16777216-20971520, partition values: [empty row]
[2026-01-20T04:30:03.685+0000] {subprocess.py:93} INFO - 26/01/20 04:30:03 INFO FileScanRDD: Reading File path: file:///opt/spark-data/landing/user_events_1768879431.2231393.json, range: 0-4194304, partition values: [empty row]
[2026-01-20T04:30:03.713+0000] {subprocess.py:93} INFO - 26/01/20 04:30:03 INFO CodeGenerator: Code generated in 30.432338 ms
[2026-01-20T04:30:03.760+0000] {subprocess.py:93} INFO - 26/01/20 04:30:03 INFO CodeGenerator: Code generated in 8.7329 ms
[2026-01-20T04:30:03.775+0000] {subprocess.py:93} INFO - 26/01/20 04:30:03 INFO CodeGenerator: Code generated in 9.358055 ms
[2026-01-20T04:30:04.028+0000] {subprocess.py:93} INFO - 26/01/20 04:30:04 INFO BlockManagerInfo: Removed broadcast_2_piece0 on 519d7d29de3d:45325 in memory (size: 34.2 KiB, free: 434.3 MiB)
[2026-01-20T04:30:04.060+0000] {subprocess.py:93} INFO - 26/01/20 04:30:04 INFO BlockManagerInfo: Removed broadcast_3_piece0 on 519d7d29de3d:45325 in memory (size: 7.5 KiB, free: 434.3 MiB)
[2026-01-20T04:30:04.495+0000] {subprocess.py:93} INFO - 26/01/20 04:30:04 INFO Executor: Finished task 4.0 in stage 2.0 (TID 25). 135408 bytes result sent to driver
[2026-01-20T04:30:04.497+0000] {subprocess.py:93} INFO - 26/01/20 04:30:04 INFO Executor: Finished task 3.0 in stage 2.0 (TID 24). 132601 bytes result sent to driver
[2026-01-20T04:30:04.498+0000] {subprocess.py:93} INFO - 26/01/20 04:30:04 INFO Executor: Finished task 2.0 in stage 2.0 (TID 23). 132180 bytes result sent to driver
[2026-01-20T04:30:04.499+0000] {subprocess.py:93} INFO - 26/01/20 04:30:04 INFO Executor: Finished task 7.0 in stage 2.0 (TID 28). 130576 bytes result sent to driver
[2026-01-20T04:30:04.500+0000] {subprocess.py:93} INFO - 26/01/20 04:30:04 INFO Executor: Finished task 1.0 in stage 2.0 (TID 22). 134096 bytes result sent to driver
[2026-01-20T04:30:04.500+0000] {subprocess.py:93} INFO - 26/01/20 04:30:04 INFO Executor: Finished task 5.0 in stage 2.0 (TID 26). 133806 bytes result sent to driver
[2026-01-20T04:30:04.501+0000] {subprocess.py:93} INFO - 26/01/20 04:30:04 INFO Executor: Finished task 0.0 in stage 2.0 (TID 21). 131277 bytes result sent to driver
[2026-01-20T04:30:04.501+0000] {subprocess.py:93} INFO - 26/01/20 04:30:04 INFO TaskSetManager: Finished task 3.0 in stage 2.0 (TID 24) in 885 ms on 519d7d29de3d (executor driver) (1/8)
[2026-01-20T04:30:04.502+0000] {subprocess.py:93} INFO - 26/01/20 04:30:04 INFO TaskSetManager: Finished task 4.0 in stage 2.0 (TID 25) in 885 ms on 519d7d29de3d (executor driver) (2/8)
[2026-01-20T04:30:04.503+0000] {subprocess.py:93} INFO - 26/01/20 04:30:04 INFO TaskSetManager: Finished task 2.0 in stage 2.0 (TID 23) in 887 ms on 519d7d29de3d (executor driver) (3/8)
[2026-01-20T04:30:04.504+0000] {subprocess.py:93} INFO - 26/01/20 04:30:04 INFO TaskSetManager: Finished task 1.0 in stage 2.0 (TID 22) in 892 ms on 519d7d29de3d (executor driver) (4/8)
[2026-01-20T04:30:04.504+0000] {subprocess.py:93} INFO - 26/01/20 04:30:04 INFO TaskSetManager: Finished task 5.0 in stage 2.0 (TID 26) in 890 ms on 519d7d29de3d (executor driver) (5/8)
[2026-01-20T04:30:04.505+0000] {subprocess.py:93} INFO - 26/01/20 04:30:04 INFO Executor: Finished task 6.0 in stage 2.0 (TID 27). 130034 bytes result sent to driver
[2026-01-20T04:30:04.506+0000] {subprocess.py:93} INFO - 26/01/20 04:30:04 INFO TaskSetManager: Finished task 7.0 in stage 2.0 (TID 28) in 889 ms on 519d7d29de3d (executor driver) (6/8)
[2026-01-20T04:30:04.507+0000] {subprocess.py:93} INFO - 26/01/20 04:30:04 INFO TaskSetManager: Finished task 0.0 in stage 2.0 (TID 21) in 894 ms on 519d7d29de3d (executor driver) (7/8)
[2026-01-20T04:30:04.509+0000] {subprocess.py:93} INFO - 26/01/20 04:30:04 INFO TaskSetManager: Finished task 6.0 in stage 2.0 (TID 27) in 891 ms on 519d7d29de3d (executor driver) (8/8)
[2026-01-20T04:30:04.509+0000] {subprocess.py:93} INFO - 26/01/20 04:30:04 INFO TaskSchedulerImpl: Removed TaskSet 2.0, whose tasks have all completed, from pool
[2026-01-20T04:30:04.510+0000] {subprocess.py:93} INFO - 26/01/20 04:30:04 INFO DAGScheduler: ResultStage 2 ($anonfun$withThreadLocalCaptured$1 at FutureTask.java:264) finished in 0.910 s
[2026-01-20T04:30:04.511+0000] {subprocess.py:93} INFO - 26/01/20 04:30:04 INFO DAGScheduler: Job 2 is finished. Cancelling potential speculative or zombie tasks for this job
[2026-01-20T04:30:04.512+0000] {subprocess.py:93} INFO - 26/01/20 04:30:04 INFO TaskSchedulerImpl: Killing all running tasks in stage 2: Stage finished
[2026-01-20T04:30:04.512+0000] {subprocess.py:93} INFO - 26/01/20 04:30:04 INFO DAGScheduler: Job 2 finished: $anonfun$withThreadLocalCaptured$1 at FutureTask.java:264, took 0.919104 s
[2026-01-20T04:30:04.550+0000] {subprocess.py:93} INFO - 26/01/20 04:30:04 INFO CodeGenerator: Code generated in 12.859957 ms
[2026-01-20T04:30:04.637+0000] {subprocess.py:93} INFO - 26/01/20 04:30:04 INFO MemoryStore: Block broadcast_6 stored as values in memory (estimated size 9.0 MiB, free 424.9 MiB)
[2026-01-20T04:30:04.680+0000] {subprocess.py:93} INFO - 26/01/20 04:30:04 INFO MemoryStore: Block broadcast_6_piece0 stored as bytes in memory (estimated size 1578.1 KiB, free 423.4 MiB)
[2026-01-20T04:30:04.681+0000] {subprocess.py:93} INFO - 26/01/20 04:30:04 INFO BlockManagerInfo: Added broadcast_6_piece0 in memory on 519d7d29de3d:45325 (size: 1578.1 KiB, free: 432.8 MiB)
[2026-01-20T04:30:04.682+0000] {subprocess.py:93} INFO - 26/01/20 04:30:04 INFO SparkContext: Created broadcast 6 from $anonfun$withThreadLocalCaptured$1 at FutureTask.java:264
[2026-01-20T04:30:04.702+0000] {subprocess.py:93} INFO - 26/01/20 04:30:04 INFO FileSourceStrategy: Pushed Filters: IsNotNull(user_id),IsNotNull(line_items)
[2026-01-20T04:30:04.703+0000] {subprocess.py:93} INFO - 26/01/20 04:30:04 INFO FileSourceStrategy: Post-Scan Filters: isnotnull(user_id#21),(size(line_items#10, true) > 0),isnotnull(line_items#10)
[2026-01-20T04:30:04.895+0000] {subprocess.py:93} INFO - 26/01/20 04:30:04 INFO FileOutputCommitter: File Output Committer Algorithm version is 1
[2026-01-20T04:30:04.896+0000] {subprocess.py:93} INFO - 26/01/20 04:30:04 INFO FileOutputCommitter: FileOutputCommitter skip cleanup _temporary folders under output directory:false, ignore cleanup failures: false
[2026-01-20T04:30:04.896+0000] {subprocess.py:93} INFO - 26/01/20 04:30:04 INFO SQLHadoopMapReduceCommitProtocol: Using output committer class org.apache.hadoop.mapreduce.lib.output.FileOutputCommitter
[2026-01-20T04:30:05.056+0000] {subprocess.py:93} INFO - 26/01/20 04:30:05 INFO CodeGenerator: Code generated in 74.338308 ms
[2026-01-20T04:30:05.060+0000] {subprocess.py:93} INFO - 26/01/20 04:30:05 INFO MemoryStore: Block broadcast_7 stored as values in memory (estimated size 199.1 KiB, free 423.2 MiB)
[2026-01-20T04:30:05.073+0000] {subprocess.py:93} INFO - 26/01/20 04:30:05 INFO MemoryStore: Block broadcast_7_piece0 stored as bytes in memory (estimated size 34.2 KiB, free 423.1 MiB)
[2026-01-20T04:30:05.074+0000] {subprocess.py:93} INFO - 26/01/20 04:30:05 INFO BlockManagerInfo: Added broadcast_7_piece0 in memory on 519d7d29de3d:45325 (size: 34.2 KiB, free: 432.7 MiB)
[2026-01-20T04:30:05.075+0000] {subprocess.py:93} INFO - 26/01/20 04:30:05 INFO SparkContext: Created broadcast 7 from csv at NativeMethodAccessorImpl.java:0
[2026-01-20T04:30:05.077+0000] {subprocess.py:93} INFO - 26/01/20 04:30:05 INFO FileSourceScanExec: Planning scan with bin packing, max size: 4194304 bytes, open cost is considered as scanning 4194304 bytes.
[2026-01-20T04:30:05.091+0000] {subprocess.py:93} INFO - 26/01/20 04:30:05 INFO SparkContext: Starting job: csv at NativeMethodAccessorImpl.java:0
[2026-01-20T04:30:05.093+0000] {subprocess.py:93} INFO - 26/01/20 04:30:05 INFO DAGScheduler: Got job 3 (csv at NativeMethodAccessorImpl.java:0) with 13 output partitions
[2026-01-20T04:30:05.093+0000] {subprocess.py:93} INFO - 26/01/20 04:30:05 INFO DAGScheduler: Final stage: ResultStage 3 (csv at NativeMethodAccessorImpl.java:0)
[2026-01-20T04:30:05.094+0000] {subprocess.py:93} INFO - 26/01/20 04:30:05 INFO DAGScheduler: Parents of final stage: List()
[2026-01-20T04:30:05.095+0000] {subprocess.py:93} INFO - 26/01/20 04:30:05 INFO DAGScheduler: Missing parents: List()
[2026-01-20T04:30:05.095+0000] {subprocess.py:93} INFO - 26/01/20 04:30:05 INFO DAGScheduler: Submitting ResultStage 3 (MapPartitionsRDD[15] at csv at NativeMethodAccessorImpl.java:0), which has no missing parents
[2026-01-20T04:30:05.143+0000] {subprocess.py:93} INFO - 26/01/20 04:30:05 INFO MemoryStore: Block broadcast_8 stored as values in memory (estimated size 233.0 KiB, free 422.9 MiB)
[2026-01-20T04:30:05.146+0000] {subprocess.py:93} INFO - 26/01/20 04:30:05 INFO MemoryStore: Block broadcast_8_piece0 stored as bytes in memory (estimated size 82.8 KiB, free 422.8 MiB)
[2026-01-20T04:30:05.147+0000] {subprocess.py:93} INFO - 26/01/20 04:30:05 INFO BlockManagerInfo: Added broadcast_8_piece0 in memory on 519d7d29de3d:45325 (size: 82.8 KiB, free: 432.7 MiB)
[2026-01-20T04:30:05.148+0000] {subprocess.py:93} INFO - 26/01/20 04:30:05 INFO SparkContext: Created broadcast 8 from broadcast at DAGScheduler.scala:1580
[2026-01-20T04:30:05.149+0000] {subprocess.py:93} INFO - 26/01/20 04:30:05 INFO DAGScheduler: Submitting 13 missing tasks from ResultStage 3 (MapPartitionsRDD[15] at csv at NativeMethodAccessorImpl.java:0) (first 15 tasks are for partitions Vector(0, 1, 2, 3, 4, 5, 6, 7, 8, 9, 10, 11, 12))
[2026-01-20T04:30:05.150+0000] {subprocess.py:93} INFO - 26/01/20 04:30:05 INFO TaskSchedulerImpl: Adding task set 3.0 with 13 tasks resource profile 0
[2026-01-20T04:30:05.151+0000] {subprocess.py:93} INFO - 26/01/20 04:30:05 INFO TaskSetManager: Starting task 0.0 in stage 3.0 (TID 29) (519d7d29de3d, executor driver, partition 0, PROCESS_LOCAL, 8251 bytes)
[2026-01-20T04:30:05.152+0000] {subprocess.py:93} INFO - 26/01/20 04:30:05 INFO TaskSetManager: Starting task 1.0 in stage 3.0 (TID 30) (519d7d29de3d, executor driver, partition 1, PROCESS_LOCAL, 8251 bytes)
[2026-01-20T04:30:05.153+0000] {subprocess.py:93} INFO - 26/01/20 04:30:05 INFO TaskSetManager: Starting task 2.0 in stage 3.0 (TID 31) (519d7d29de3d, executor driver, partition 2, PROCESS_LOCAL, 8251 bytes)
[2026-01-20T04:30:05.154+0000] {subprocess.py:93} INFO - 26/01/20 04:30:05 INFO TaskSetManager: Starting task 3.0 in stage 3.0 (TID 32) (519d7d29de3d, executor driver, partition 3, PROCESS_LOCAL, 8251 bytes)
[2026-01-20T04:30:05.155+0000] {subprocess.py:93} INFO - 26/01/20 04:30:05 INFO TaskSetManager: Starting task 4.0 in stage 3.0 (TID 33) (519d7d29de3d, executor driver, partition 4, PROCESS_LOCAL, 8251 bytes)
[2026-01-20T04:30:05.156+0000] {subprocess.py:93} INFO - 26/01/20 04:30:05 INFO TaskSetManager: Starting task 5.0 in stage 3.0 (TID 34) (519d7d29de3d, executor driver, partition 5, PROCESS_LOCAL, 8251 bytes)
[2026-01-20T04:30:05.157+0000] {subprocess.py:93} INFO - 26/01/20 04:30:05 INFO TaskSetManager: Starting task 6.0 in stage 3.0 (TID 35) (519d7d29de3d, executor driver, partition 6, PROCESS_LOCAL, 8251 bytes)
[2026-01-20T04:30:05.157+0000] {subprocess.py:93} INFO - 26/01/20 04:30:05 INFO TaskSetManager: Starting task 7.0 in stage 3.0 (TID 36) (519d7d29de3d, executor driver, partition 7, PROCESS_LOCAL, 8251 bytes)
[2026-01-20T04:30:05.158+0000] {subprocess.py:93} INFO - 26/01/20 04:30:05 INFO TaskSetManager: Starting task 8.0 in stage 3.0 (TID 37) (519d7d29de3d, executor driver, partition 8, PROCESS_LOCAL, 8251 bytes)
[2026-01-20T04:30:05.159+0000] {subprocess.py:93} INFO - 26/01/20 04:30:05 INFO TaskSetManager: Starting task 9.0 in stage 3.0 (TID 38) (519d7d29de3d, executor driver, partition 9, PROCESS_LOCAL, 8251 bytes)
[2026-01-20T04:30:05.160+0000] {subprocess.py:93} INFO - 26/01/20 04:30:05 INFO TaskSetManager: Starting task 10.0 in stage 3.0 (TID 39) (519d7d29de3d, executor driver, partition 10, PROCESS_LOCAL, 8251 bytes)
[2026-01-20T04:30:05.161+0000] {subprocess.py:93} INFO - 26/01/20 04:30:05 INFO TaskSetManager: Starting task 11.0 in stage 3.0 (TID 40) (519d7d29de3d, executor driver, partition 11, PROCESS_LOCAL, 8251 bytes)
[2026-01-20T04:30:05.162+0000] {subprocess.py:93} INFO - 26/01/20 04:30:05 INFO TaskSetManager: Starting task 12.0 in stage 3.0 (TID 41) (519d7d29de3d, executor driver, partition 12, PROCESS_LOCAL, 8251 bytes)
[2026-01-20T04:30:05.164+0000] {subprocess.py:93} INFO - 26/01/20 04:30:05 INFO Executor: Running task 0.0 in stage 3.0 (TID 29)
[2026-01-20T04:30:05.166+0000] {subprocess.py:93} INFO - 26/01/20 04:30:05 INFO Executor: Running task 1.0 in stage 3.0 (TID 30)
[2026-01-20T04:30:05.167+0000] {subprocess.py:93} INFO - 26/01/20 04:30:05 INFO Executor: Running task 3.0 in stage 3.0 (TID 32)
[2026-01-20T04:30:05.168+0000] {subprocess.py:93} INFO - 26/01/20 04:30:05 INFO Executor: Running task 4.0 in stage 3.0 (TID 33)
[2026-01-20T04:30:05.169+0000] {subprocess.py:93} INFO - 26/01/20 04:30:05 INFO Executor: Running task 5.0 in stage 3.0 (TID 34)
[2026-01-20T04:30:05.169+0000] {subprocess.py:93} INFO - 26/01/20 04:30:05 INFO Executor: Running task 6.0 in stage 3.0 (TID 35)
[2026-01-20T04:30:05.174+0000] {subprocess.py:93} INFO - 26/01/20 04:30:05 INFO Executor: Running task 11.0 in stage 3.0 (TID 40)
[2026-01-20T04:30:05.175+0000] {subprocess.py:93} INFO - 26/01/20 04:30:05 INFO Executor: Running task 2.0 in stage 3.0 (TID 31)
[2026-01-20T04:30:05.176+0000] {subprocess.py:93} INFO - 26/01/20 04:30:05 INFO Executor: Running task 12.0 in stage 3.0 (TID 41)
[2026-01-20T04:30:05.177+0000] {subprocess.py:93} INFO - 26/01/20 04:30:05 INFO Executor: Running task 10.0 in stage 3.0 (TID 39)
[2026-01-20T04:30:05.178+0000] {subprocess.py:93} INFO - 26/01/20 04:30:05 INFO Executor: Running task 9.0 in stage 3.0 (TID 38)
[2026-01-20T04:30:05.179+0000] {subprocess.py:93} INFO - 26/01/20 04:30:05 INFO Executor: Running task 7.0 in stage 3.0 (TID 36)
[2026-01-20T04:30:05.184+0000] {subprocess.py:93} INFO - 26/01/20 04:30:05 INFO Executor: Running task 8.0 in stage 3.0 (TID 37)
[2026-01-20T04:30:05.355+0000] {subprocess.py:93} INFO - 26/01/20 04:30:05 INFO CodeGenerator: Code generated in 73.699499 ms
[2026-01-20T04:30:05.364+0000] {subprocess.py:93} INFO - 26/01/20 04:30:05 INFO FileOutputCommitter: File Output Committer Algorithm version is 1
[2026-01-20T04:30:05.367+0000] {subprocess.py:93} INFO - 26/01/20 04:30:05 INFO FileOutputCommitter: File Output Committer Algorithm version is 1
[2026-01-20T04:30:05.371+0000] {subprocess.py:93} INFO - 26/01/20 04:30:05 INFO FileOutputCommitter: FileOutputCommitter skip cleanup _temporary folders under output directory:false, ignore cleanup failures: false
[2026-01-20T04:30:05.372+0000] {subprocess.py:93} INFO - 26/01/20 04:30:05 INFO FileOutputCommitter: File Output Committer Algorithm version is 1
[2026-01-20T04:30:05.373+0000] {subprocess.py:93} INFO - 26/01/20 04:30:05 INFO FileOutputCommitter: FileOutputCommitter skip cleanup _temporary folders under output directory:false, ignore cleanup failures: false
[2026-01-20T04:30:05.374+0000] {subprocess.py:93} INFO - 26/01/20 04:30:05 INFO SQLHadoopMapReduceCommitProtocol: Using output committer class org.apache.hadoop.mapreduce.lib.output.FileOutputCommitter
[2026-01-20T04:30:05.375+0000] {subprocess.py:93} INFO - 26/01/20 04:30:05 INFO FileOutputCommitter: File Output Committer Algorithm version is 1
[2026-01-20T04:30:05.376+0000] {subprocess.py:93} INFO - 26/01/20 04:30:05 INFO FileOutputCommitter: FileOutputCommitter skip cleanup _temporary folders under output directory:false, ignore cleanup failures: false
[2026-01-20T04:30:05.377+0000] {subprocess.py:93} INFO - 26/01/20 04:30:05 INFO FileOutputCommitter: File Output Committer Algorithm version is 1
[2026-01-20T04:30:05.382+0000] {subprocess.py:93} INFO - 26/01/20 04:30:05 INFO FileOutputCommitter: FileOutputCommitter skip cleanup _temporary folders under output directory:false, ignore cleanup failures: false
[2026-01-20T04:30:05.383+0000] {subprocess.py:93} INFO - 26/01/20 04:30:05 INFO SQLHadoopMapReduceCommitProtocol: Using output committer class org.apache.hadoop.mapreduce.lib.output.FileOutputCommitter
[2026-01-20T04:30:05.384+0000] {subprocess.py:93} INFO - 26/01/20 04:30:05 INFO FileOutputCommitter: File Output Committer Algorithm version is 1
[2026-01-20T04:30:05.385+0000] {subprocess.py:93} INFO - 26/01/20 04:30:05 INFO FileOutputCommitter: File Output Committer Algorithm version is 1
[2026-01-20T04:30:05.387+0000] {subprocess.py:93} INFO - 26/01/20 04:30:05 INFO FileOutputCommitter: FileOutputCommitter skip cleanup _temporary folders under output directory:false, ignore cleanup failures: false
[2026-01-20T04:30:05.388+0000] {subprocess.py:93} INFO - 26/01/20 04:30:05 INFO FileOutputCommitter: FileOutputCommitter skip cleanup _temporary folders under output directory:false, ignore cleanup failures: false
[2026-01-20T04:30:05.389+0000] {subprocess.py:93} INFO - 26/01/20 04:30:05 INFO FileOutputCommitter: FileOutputCommitter skip cleanup _temporary folders under output directory:false, ignore cleanup failures: false
[2026-01-20T04:30:05.389+0000] {subprocess.py:93} INFO - 26/01/20 04:30:05 INFO FileOutputCommitter: File Output Committer Algorithm version is 1
[2026-01-20T04:30:05.390+0000] {subprocess.py:93} INFO - 26/01/20 04:30:05 INFO FileOutputCommitter: FileOutputCommitter skip cleanup _temporary folders under output directory:false, ignore cleanup failures: false
[2026-01-20T04:30:05.391+0000] {subprocess.py:93} INFO - 26/01/20 04:30:05 INFO FileOutputCommitter: File Output Committer Algorithm version is 1
[2026-01-20T04:30:05.391+0000] {subprocess.py:93} INFO - 26/01/20 04:30:05 INFO FileOutputCommitter: FileOutputCommitter skip cleanup _temporary folders under output directory:false, ignore cleanup failures: false
[2026-01-20T04:30:05.392+0000] {subprocess.py:93} INFO - 26/01/20 04:30:05 INFO FileOutputCommitter: File Output Committer Algorithm version is 1
[2026-01-20T04:30:05.394+0000] {subprocess.py:93} INFO - 26/01/20 04:30:05 INFO FileOutputCommitter: FileOutputCommitter skip cleanup _temporary folders under output directory:false, ignore cleanup failures: false
[2026-01-20T04:30:05.397+0000] {subprocess.py:93} INFO - 26/01/20 04:30:05 INFO SQLHadoopMapReduceCommitProtocol: Using output committer class org.apache.hadoop.mapreduce.lib.output.FileOutputCommitter
[2026-01-20T04:30:05.401+0000] {subprocess.py:93} INFO - 26/01/20 04:30:05 INFO FileScanRDD: Reading File path: file:///opt/spark-data/landing/transaction_events_1768879479.1820476.json, range: 4194304-8388608, partition values: [empty row]
[2026-01-20T04:30:05.402+0000] {subprocess.py:93} INFO - 26/01/20 04:30:05 INFO FileOutputCommitter: File Output Committer Algorithm version is 1
[2026-01-20T04:30:05.404+0000] {subprocess.py:93} INFO - 26/01/20 04:30:05 INFO SQLHadoopMapReduceCommitProtocol: Using output committer class org.apache.hadoop.mapreduce.lib.output.FileOutputCommitter
[2026-01-20T04:30:05.406+0000] {subprocess.py:93} INFO - 26/01/20 04:30:05 INFO SQLHadoopMapReduceCommitProtocol: Using output committer class org.apache.hadoop.mapreduce.lib.output.FileOutputCommitter
[2026-01-20T04:30:05.407+0000] {subprocess.py:93} INFO - 26/01/20 04:30:05 INFO SQLHadoopMapReduceCommitProtocol: Using output committer class org.apache.hadoop.mapreduce.lib.output.FileOutputCommitter
[2026-01-20T04:30:05.408+0000] {subprocess.py:93} INFO - 26/01/20 04:30:05 INFO FileOutputCommitter: File Output Committer Algorithm version is 1
[2026-01-20T04:30:05.409+0000] {subprocess.py:93} INFO - 26/01/20 04:30:05 INFO FileOutputCommitter: FileOutputCommitter skip cleanup _temporary folders under output directory:false, ignore cleanup failures: false
[2026-01-20T04:30:05.411+0000] {subprocess.py:93} INFO - 26/01/20 04:30:05 INFO FileScanRDD: Reading File path: file:///opt/spark-data/landing/transaction_events_1768879479.1820476.json, range: 46137344-50331648, partition values: [empty row]
[2026-01-20T04:30:05.412+0000] {subprocess.py:93} INFO - 26/01/20 04:30:05 INFO FileOutputCommitter: File Output Committer Algorithm version is 1
[2026-01-20T04:30:05.414+0000] {subprocess.py:93} INFO - 26/01/20 04:30:05 INFO FileScanRDD: Reading File path: file:///opt/spark-data/landing/transaction_events_1768879479.1820476.json, range: 12582912-16777216, partition values: [empty row]
[2026-01-20T04:30:05.415+0000] {subprocess.py:93} INFO - 26/01/20 04:30:05 INFO FileScanRDD: Reading File path: file:///opt/spark-data/landing/transaction_events_1768879479.1820476.json, range: 25165824-29360128, partition values: [empty row]
[2026-01-20T04:30:05.416+0000] {subprocess.py:93} INFO - 26/01/20 04:30:05 INFO SQLHadoopMapReduceCommitProtocol: Using output committer class org.apache.hadoop.mapreduce.lib.output.FileOutputCommitter
[2026-01-20T04:30:05.417+0000] {subprocess.py:93} INFO - 26/01/20 04:30:05 INFO SQLHadoopMapReduceCommitProtocol: Using output committer class org.apache.hadoop.mapreduce.lib.output.FileOutputCommitter
[2026-01-20T04:30:05.418+0000] {subprocess.py:93} INFO - 26/01/20 04:30:05 INFO FileScanRDD: Reading File path: file:///opt/spark-data/landing/transaction_events_1768879479.1820476.json, range: 20971520-25165824, partition values: [empty row]
[2026-01-20T04:30:05.421+0000] {subprocess.py:93} INFO - 26/01/20 04:30:05 INFO FileScanRDD: Reading File path: file:///opt/spark-data/landing/transaction_events_1768879479.1820476.json, range: 33554432-37748736, partition values: [empty row]
[2026-01-20T04:30:05.422+0000] {subprocess.py:93} INFO - 26/01/20 04:30:05 INFO SQLHadoopMapReduceCommitProtocol: Using output committer class org.apache.hadoop.mapreduce.lib.output.FileOutputCommitter
[2026-01-20T04:30:05.423+0000] {subprocess.py:93} INFO - 26/01/20 04:30:05 INFO FileOutputCommitter: FileOutputCommitter skip cleanup _temporary folders under output directory:false, ignore cleanup failures: false
[2026-01-20T04:30:05.424+0000] {subprocess.py:93} INFO - 26/01/20 04:30:05 INFO FileScanRDD: Reading File path: file:///opt/spark-data/landing/transaction_events_1768879479.1820476.json, range: 16777216-20971520, partition values: [empty row]
[2026-01-20T04:30:05.425+0000] {subprocess.py:93} INFO - 26/01/20 04:30:05 INFO FileScanRDD: Reading File path: file:///opt/spark-data/landing/transaction_events_1768879479.1820476.json, range: 50331648-51561162, partition values: [empty row]
[2026-01-20T04:30:05.426+0000] {subprocess.py:93} INFO - 26/01/20 04:30:05 INFO SQLHadoopMapReduceCommitProtocol: Using output committer class org.apache.hadoop.mapreduce.lib.output.FileOutputCommitter
[2026-01-20T04:30:05.428+0000] {subprocess.py:93} INFO - 26/01/20 04:30:05 INFO SQLHadoopMapReduceCommitProtocol: Using output committer class org.apache.hadoop.mapreduce.lib.output.FileOutputCommitter
[2026-01-20T04:30:05.428+0000] {subprocess.py:93} INFO - 26/01/20 04:30:05 INFO FileScanRDD: Reading File path: file:///opt/spark-data/landing/transaction_events_1768879479.1820476.json, range: 41943040-46137344, partition values: [empty row]
[2026-01-20T04:30:05.429+0000] {subprocess.py:93} INFO - 26/01/20 04:30:05 INFO FileScanRDD: Reading File path: file:///opt/spark-data/landing/transaction_events_1768879479.1820476.json, range: 37748736-41943040, partition values: [empty row]
[2026-01-20T04:30:05.430+0000] {subprocess.py:93} INFO - 26/01/20 04:30:05 INFO FileScanRDD: Reading File path: file:///opt/spark-data/landing/transaction_events_1768879479.1820476.json, range: 8388608-12582912, partition values: [empty row]
[2026-01-20T04:30:05.431+0000] {subprocess.py:93} INFO - 26/01/20 04:30:05 INFO FileOutputCommitter: FileOutputCommitter skip cleanup _temporary folders under output directory:false, ignore cleanup failures: false
[2026-01-20T04:30:05.432+0000] {subprocess.py:93} INFO - 26/01/20 04:30:05 INFO SQLHadoopMapReduceCommitProtocol: Using output committer class org.apache.hadoop.mapreduce.lib.output.FileOutputCommitter
[2026-01-20T04:30:05.433+0000] {subprocess.py:93} INFO - 26/01/20 04:30:05 INFO SQLHadoopMapReduceCommitProtocol: Using output committer class org.apache.hadoop.mapreduce.lib.output.FileOutputCommitter
[2026-01-20T04:30:05.434+0000] {subprocess.py:93} INFO - 26/01/20 04:30:05 INFO FileScanRDD: Reading File path: file:///opt/spark-data/landing/transaction_events_1768879479.1820476.json, range: 29360128-33554432, partition values: [empty row]
[2026-01-20T04:30:05.436+0000] {subprocess.py:93} INFO - 26/01/20 04:30:05 INFO CodeGenerator: Code generated in 23.195147 ms
[2026-01-20T04:30:05.437+0000] {subprocess.py:93} INFO - 26/01/20 04:30:05 INFO CodeGenerator: Code generated in 6.855708 ms
[2026-01-20T04:30:05.658+0000] {subprocess.py:93} INFO - 26/01/20 04:30:05 INFO FileScanRDD: Reading File path: file:///opt/spark-data/landing/transaction_events_1768879479.1820476.json, range: 0-4194304, partition values: [empty row]
[2026-01-20T04:30:06.259+0000] {subprocess.py:93} INFO - 26/01/20 04:30:06 INFO FileOutputCommitter: Saved output of task 'attempt_202601200430058184420173737047745_0003_m_000012_41' to file:/opt/spark-data/gold/advertising/_temporary/0/task_202601200430058184420173737047745_0003_m_000012
[2026-01-20T04:30:06.261+0000] {subprocess.py:93} INFO - 26/01/20 04:30:06 INFO SparkHadoopMapRedUtil: attempt_202601200430058184420173737047745_0003_m_000012_41: Committed. Elapsed time: 74 ms.
[2026-01-20T04:30:06.282+0000] {subprocess.py:93} INFO - 26/01/20 04:30:06 INFO Executor: Finished task 12.0 in stage 3.0 (TID 41). 2936 bytes result sent to driver
[2026-01-20T04:30:06.288+0000] {subprocess.py:93} INFO - 26/01/20 04:30:06 INFO TaskSetManager: Finished task 12.0 in stage 3.0 (TID 41) in 1129 ms on 519d7d29de3d (executor driver) (1/13)
[2026-01-20T04:30:06.557+0000] {subprocess.py:93} INFO - 26/01/20 04:30:06 INFO FileOutputCommitter: Saved output of task 'attempt_202601200430058184420173737047745_0003_m_000000_29' to file:/opt/spark-data/gold/advertising/_temporary/0/task_202601200430058184420173737047745_0003_m_000000
[2026-01-20T04:30:06.563+0000] {subprocess.py:93} INFO - 26/01/20 04:30:06 INFO SparkHadoopMapRedUtil: attempt_202601200430058184420173737047745_0003_m_000000_29: Committed. Elapsed time: 50 ms.
[2026-01-20T04:30:06.567+0000] {subprocess.py:93} INFO - 26/01/20 04:30:06 INFO FileOutputCommitter: Saved output of task 'attempt_202601200430058184420173737047745_0003_m_000010_39' to file:/opt/spark-data/gold/advertising/_temporary/0/task_202601200430058184420173737047745_0003_m_000010
[2026-01-20T04:30:06.569+0000] {subprocess.py:93} INFO - 26/01/20 04:30:06 INFO Executor: Finished task 0.0 in stage 3.0 (TID 29). 2893 bytes result sent to driver
[2026-01-20T04:30:06.570+0000] {subprocess.py:93} INFO - 26/01/20 04:30:06 INFO SparkHadoopMapRedUtil: attempt_202601200430058184420173737047745_0003_m_000010_39: Committed. Elapsed time: 53 ms.
[2026-01-20T04:30:06.572+0000] {subprocess.py:93} INFO - 26/01/20 04:30:06 INFO TaskSetManager: Finished task 0.0 in stage 3.0 (TID 29) in 1419 ms on 519d7d29de3d (executor driver) (2/13)
[2026-01-20T04:30:06.573+0000] {subprocess.py:93} INFO - 26/01/20 04:30:06 INFO Executor: Finished task 10.0 in stage 3.0 (TID 39). 2893 bytes result sent to driver
[2026-01-20T04:30:06.574+0000] {subprocess.py:93} INFO - 26/01/20 04:30:06 INFO TaskSetManager: Finished task 10.0 in stage 3.0 (TID 39) in 1418 ms on 519d7d29de3d (executor driver) (3/13)
[2026-01-20T04:30:06.584+0000] {subprocess.py:93} INFO - 26/01/20 04:30:06 INFO FileOutputCommitter: Saved output of task 'attempt_202601200430058184420173737047745_0003_m_000001_30' to file:/opt/spark-data/gold/advertising/_temporary/0/task_202601200430058184420173737047745_0003_m_000001
[2026-01-20T04:30:06.586+0000] {subprocess.py:93} INFO - 26/01/20 04:30:06 INFO SparkHadoopMapRedUtil: attempt_202601200430058184420173737047745_0003_m_000001_30: Committed. Elapsed time: 57 ms.
[2026-01-20T04:30:06.588+0000] {subprocess.py:93} INFO - 26/01/20 04:30:06 INFO Executor: Finished task 1.0 in stage 3.0 (TID 30). 2893 bytes result sent to driver
[2026-01-20T04:30:06.589+0000] {subprocess.py:93} INFO - 26/01/20 04:30:06 INFO TaskSetManager: Finished task 1.0 in stage 3.0 (TID 30) in 1435 ms on 519d7d29de3d (executor driver) (4/13)
[2026-01-20T04:30:06.598+0000] {subprocess.py:93} INFO - 26/01/20 04:30:06 INFO FileOutputCommitter: Saved output of task 'attempt_202601200430058184420173737047745_0003_m_000005_34' to file:/opt/spark-data/gold/advertising/_temporary/0/task_202601200430058184420173737047745_0003_m_000005
[2026-01-20T04:30:06.599+0000] {subprocess.py:93} INFO - 26/01/20 04:30:06 INFO SparkHadoopMapRedUtil: attempt_202601200430058184420173737047745_0003_m_000005_34: Committed. Elapsed time: 54 ms.
[2026-01-20T04:30:06.599+0000] {subprocess.py:93} INFO - 26/01/20 04:30:06 INFO Executor: Finished task 5.0 in stage 3.0 (TID 34). 2893 bytes result sent to driver
[2026-01-20T04:30:06.601+0000] {subprocess.py:93} INFO - 26/01/20 04:30:06 INFO TaskSetManager: Finished task 5.0 in stage 3.0 (TID 34) in 1446 ms on 519d7d29de3d (executor driver) (5/13)
[2026-01-20T04:30:06.604+0000] {subprocess.py:93} INFO - 26/01/20 04:30:06 INFO FileOutputCommitter: Saved output of task 'attempt_202601200430058184420173737047745_0003_m_000003_32' to file:/opt/spark-data/gold/advertising/_temporary/0/task_202601200430058184420173737047745_0003_m_000003
[2026-01-20T04:30:06.607+0000] {subprocess.py:93} INFO - 26/01/20 04:30:06 INFO SparkHadoopMapRedUtil: attempt_202601200430058184420173737047745_0003_m_000003_32: Committed. Elapsed time: 58 ms.
[2026-01-20T04:30:06.608+0000] {subprocess.py:93} INFO - 26/01/20 04:30:06 INFO Executor: Finished task 3.0 in stage 3.0 (TID 32). 2893 bytes result sent to driver
[2026-01-20T04:30:06.609+0000] {subprocess.py:93} INFO - 26/01/20 04:30:06 INFO TaskSetManager: Finished task 3.0 in stage 3.0 (TID 32) in 1453 ms on 519d7d29de3d (executor driver) (6/13)
[2026-01-20T04:30:06.613+0000] {subprocess.py:93} INFO - 26/01/20 04:30:06 INFO FileOutputCommitter: Saved output of task 'attempt_202601200430058184420173737047745_0003_m_000002_31' to file:/opt/spark-data/gold/advertising/_temporary/0/task_202601200430058184420173737047745_0003_m_000002
[2026-01-20T04:30:06.614+0000] {subprocess.py:93} INFO - 26/01/20 04:30:06 INFO SparkHadoopMapRedUtil: attempt_202601200430058184420173737047745_0003_m_000002_31: Committed. Elapsed time: 66 ms.
[2026-01-20T04:30:06.615+0000] {subprocess.py:93} INFO - 26/01/20 04:30:06 INFO Executor: Finished task 2.0 in stage 3.0 (TID 31). 2893 bytes result sent to driver
[2026-01-20T04:30:06.616+0000] {subprocess.py:93} INFO - 26/01/20 04:30:06 INFO TaskSetManager: Finished task 2.0 in stage 3.0 (TID 31) in 1463 ms on 519d7d29de3d (executor driver) (7/13)
[2026-01-20T04:30:06.619+0000] {subprocess.py:93} INFO - 26/01/20 04:30:06 INFO FileOutputCommitter: Saved output of task 'attempt_202601200430058184420173737047745_0003_m_000008_37' to file:/opt/spark-data/gold/advertising/_temporary/0/task_202601200430058184420173737047745_0003_m_000008
[2026-01-20T04:30:06.619+0000] {subprocess.py:93} INFO - 26/01/20 04:30:06 INFO SparkHadoopMapRedUtil: attempt_202601200430058184420173737047745_0003_m_000008_37: Committed. Elapsed time: 71 ms.
[2026-01-20T04:30:06.621+0000] {subprocess.py:93} INFO - 26/01/20 04:30:06 INFO Executor: Finished task 8.0 in stage 3.0 (TID 37). 2893 bytes result sent to driver
[2026-01-20T04:30:06.622+0000] {subprocess.py:93} INFO - 26/01/20 04:30:06 INFO TaskSetManager: Finished task 8.0 in stage 3.0 (TID 37) in 1466 ms on 519d7d29de3d (executor driver) (8/13)
[2026-01-20T04:30:06.625+0000] {subprocess.py:93} INFO - 26/01/20 04:30:06 INFO FileOutputCommitter: Saved output of task 'attempt_202601200430058184420173737047745_0003_m_000006_35' to file:/opt/spark-data/gold/advertising/_temporary/0/task_202601200430058184420173737047745_0003_m_000006
[2026-01-20T04:30:06.626+0000] {subprocess.py:93} INFO - 26/01/20 04:30:06 INFO SparkHadoopMapRedUtil: attempt_202601200430058184420173737047745_0003_m_000006_35: Committed. Elapsed time: 79 ms.
[2026-01-20T04:30:06.626+0000] {subprocess.py:93} INFO - 26/01/20 04:30:06 INFO Executor: Finished task 6.0 in stage 3.0 (TID 35). 2893 bytes result sent to driver
[2026-01-20T04:30:06.627+0000] {subprocess.py:93} INFO - 26/01/20 04:30:06 INFO TaskSetManager: Finished task 6.0 in stage 3.0 (TID 35) in 1472 ms on 519d7d29de3d (executor driver) (9/13)
[2026-01-20T04:30:06.631+0000] {subprocess.py:93} INFO - 26/01/20 04:30:06 INFO FileOutputCommitter: Saved output of task 'attempt_202601200430058184420173737047745_0003_m_000009_38' to file:/opt/spark-data/gold/advertising/_temporary/0/task_202601200430058184420173737047745_0003_m_000009
[2026-01-20T04:30:06.632+0000] {subprocess.py:93} INFO - 26/01/20 04:30:06 INFO SparkHadoopMapRedUtil: attempt_202601200430058184420173737047745_0003_m_000009_38: Committed. Elapsed time: 83 ms.
[2026-01-20T04:30:06.633+0000] {subprocess.py:93} INFO - 26/01/20 04:30:06 INFO Executor: Finished task 9.0 in stage 3.0 (TID 38). 2893 bytes result sent to driver
[2026-01-20T04:30:06.634+0000] {subprocess.py:93} INFO - 26/01/20 04:30:06 INFO TaskSetManager: Finished task 9.0 in stage 3.0 (TID 38) in 1478 ms on 519d7d29de3d (executor driver) (10/13)
[2026-01-20T04:30:06.636+0000] {subprocess.py:93} INFO - 26/01/20 04:30:06 INFO FileOutputCommitter: Saved output of task 'attempt_202601200430058184420173737047745_0003_m_000004_33' to file:/opt/spark-data/gold/advertising/_temporary/0/task_202601200430058184420173737047745_0003_m_000004
[2026-01-20T04:30:06.637+0000] {subprocess.py:93} INFO - 26/01/20 04:30:06 INFO SparkHadoopMapRedUtil: attempt_202601200430058184420173737047745_0003_m_000004_33: Committed. Elapsed time: 89 ms.
[2026-01-20T04:30:06.639+0000] {subprocess.py:93} INFO - 26/01/20 04:30:06 INFO Executor: Finished task 4.0 in stage 3.0 (TID 33). 2893 bytes result sent to driver
[2026-01-20T04:30:06.640+0000] {subprocess.py:93} INFO - 26/01/20 04:30:06 INFO TaskSetManager: Finished task 4.0 in stage 3.0 (TID 33) in 1486 ms on 519d7d29de3d (executor driver) (11/13)
[2026-01-20T04:30:06.642+0000] {subprocess.py:93} INFO - 26/01/20 04:30:06 INFO FileOutputCommitter: Saved output of task 'attempt_202601200430058184420173737047745_0003_m_000007_36' to file:/opt/spark-data/gold/advertising/_temporary/0/task_202601200430058184420173737047745_0003_m_000007
[2026-01-20T04:30:06.643+0000] {subprocess.py:93} INFO - 26/01/20 04:30:06 INFO SparkHadoopMapRedUtil: attempt_202601200430058184420173737047745_0003_m_000007_36: Committed. Elapsed time: 83 ms.
[2026-01-20T04:30:06.644+0000] {subprocess.py:93} INFO - 26/01/20 04:30:06 INFO Executor: Finished task 7.0 in stage 3.0 (TID 36). 2893 bytes result sent to driver
[2026-01-20T04:30:06.647+0000] {subprocess.py:93} INFO - 26/01/20 04:30:06 INFO TaskSetManager: Finished task 7.0 in stage 3.0 (TID 36) in 1492 ms on 519d7d29de3d (executor driver) (12/13)
[2026-01-20T04:30:06.649+0000] {subprocess.py:93} INFO - 26/01/20 04:30:06 INFO FileOutputCommitter: Saved output of task 'attempt_202601200430058184420173737047745_0003_m_000011_40' to file:/opt/spark-data/gold/advertising/_temporary/0/task_202601200430058184420173737047745_0003_m_000011
[2026-01-20T04:30:06.650+0000] {subprocess.py:93} INFO - 26/01/20 04:30:06 INFO SparkHadoopMapRedUtil: attempt_202601200430058184420173737047745_0003_m_000011_40: Committed. Elapsed time: 80 ms.
[2026-01-20T04:30:06.651+0000] {subprocess.py:93} INFO - 26/01/20 04:30:06 INFO Executor: Finished task 11.0 in stage 3.0 (TID 40). 2893 bytes result sent to driver
[2026-01-20T04:30:06.653+0000] {subprocess.py:93} INFO - 26/01/20 04:30:06 INFO TaskSetManager: Finished task 11.0 in stage 3.0 (TID 40) in 1496 ms on 519d7d29de3d (executor driver) (13/13)
[2026-01-20T04:30:06.654+0000] {subprocess.py:93} INFO - 26/01/20 04:30:06 INFO TaskSchedulerImpl: Removed TaskSet 3.0, whose tasks have all completed, from pool
[2026-01-20T04:30:06.655+0000] {subprocess.py:93} INFO - 26/01/20 04:30:06 INFO DAGScheduler: ResultStage 3 (csv at NativeMethodAccessorImpl.java:0) finished in 1.558 s
[2026-01-20T04:30:06.655+0000] {subprocess.py:93} INFO - 26/01/20 04:30:06 INFO DAGScheduler: Job 3 is finished. Cancelling potential speculative or zombie tasks for this job
[2026-01-20T04:30:06.657+0000] {subprocess.py:93} INFO - 26/01/20 04:30:06 INFO TaskSchedulerImpl: Killing all running tasks in stage 3: Stage finished
[2026-01-20T04:30:06.657+0000] {subprocess.py:93} INFO - 26/01/20 04:30:06 INFO DAGScheduler: Job 3 finished: csv at NativeMethodAccessorImpl.java:0, took 1.562823 s
[2026-01-20T04:30:06.658+0000] {subprocess.py:93} INFO - 26/01/20 04:30:06 INFO FileFormatWriter: Start to commit write Job 941fcc54-ee22-4fed-bf3f-434039fbdd16.
[2026-01-20T04:30:08.068+0000] {subprocess.py:93} INFO - 26/01/20 04:30:08 INFO FileFormatWriter: Write Job 941fcc54-ee22-4fed-bf3f-434039fbdd16 committed. Elapsed time: 1409 ms.
[2026-01-20T04:30:08.070+0000] {subprocess.py:93} INFO - 26/01/20 04:30:08 INFO FileFormatWriter: Finished processing stats for write job 941fcc54-ee22-4fed-bf3f-434039fbdd16.
[2026-01-20T04:30:08.271+0000] {subprocess.py:93} INFO - 26/01/20 04:30:08 INFO FileSourceStrategy: Pushed Filters:
[2026-01-20T04:30:08.273+0000] {subprocess.py:93} INFO - 26/01/20 04:30:08 INFO FileSourceStrategy: Post-Scan Filters:
[2026-01-20T04:30:08.332+0000] {subprocess.py:93} INFO - 26/01/20 04:30:08 INFO CodeGenerator: Code generated in 16.860409 ms
[2026-01-20T04:30:08.338+0000] {subprocess.py:93} INFO - 26/01/20 04:30:08 INFO MemoryStore: Block broadcast_9 stored as values in memory (estimated size 199.1 KiB, free 422.6 MiB)
[2026-01-20T04:30:08.349+0000] {subprocess.py:93} INFO - 26/01/20 04:30:08 INFO MemoryStore: Block broadcast_9_piece0 stored as bytes in memory (estimated size 34.2 KiB, free 422.6 MiB)
[2026-01-20T04:30:08.350+0000] {subprocess.py:93} INFO - 26/01/20 04:30:08 INFO BlockManagerInfo: Added broadcast_9_piece0 in memory on 519d7d29de3d:45325 (size: 34.2 KiB, free: 432.6 MiB)
[2026-01-20T04:30:08.352+0000] {subprocess.py:93} INFO - 26/01/20 04:30:08 INFO SparkContext: Created broadcast 9 from csv at NativeMethodAccessorImpl.java:0
[2026-01-20T04:30:08.353+0000] {subprocess.py:93} INFO - 26/01/20 04:30:08 INFO FileSourceScanExec: Planning scan with bin packing, max size: 4194304 bytes, open cost is considered as scanning 4194304 bytes.
[2026-01-20T04:30:08.390+0000] {subprocess.py:93} INFO - 26/01/20 04:30:08 INFO DAGScheduler: Registering RDD 19 (csv at NativeMethodAccessorImpl.java:0) as input to shuffle 0
[2026-01-20T04:30:08.396+0000] {subprocess.py:93} INFO - 26/01/20 04:30:08 INFO DAGScheduler: Got map stage job 4 (csv at NativeMethodAccessorImpl.java:0) with 13 output partitions
[2026-01-20T04:30:08.397+0000] {subprocess.py:93} INFO - 26/01/20 04:30:08 INFO DAGScheduler: Final stage: ShuffleMapStage 4 (csv at NativeMethodAccessorImpl.java:0)
[2026-01-20T04:30:08.398+0000] {subprocess.py:93} INFO - 26/01/20 04:30:08 INFO DAGScheduler: Parents of final stage: List()
[2026-01-20T04:30:08.399+0000] {subprocess.py:93} INFO - 26/01/20 04:30:08 INFO DAGScheduler: Missing parents: List()
[2026-01-20T04:30:08.400+0000] {subprocess.py:93} INFO - 26/01/20 04:30:08 INFO DAGScheduler: Submitting ShuffleMapStage 4 (MapPartitionsRDD[19] at csv at NativeMethodAccessorImpl.java:0), which has no missing parents
[2026-01-20T04:30:08.432+0000] {subprocess.py:93} INFO - 26/01/20 04:30:08 INFO MemoryStore: Block broadcast_10 stored as values in memory (estimated size 18.5 KiB, free 422.6 MiB)
[2026-01-20T04:30:08.435+0000] {subprocess.py:93} INFO - 26/01/20 04:30:08 INFO MemoryStore: Block broadcast_10_piece0 stored as bytes in memory (estimated size 8.8 KiB, free 422.6 MiB)
[2026-01-20T04:30:08.436+0000] {subprocess.py:93} INFO - 26/01/20 04:30:08 INFO BlockManagerInfo: Added broadcast_10_piece0 in memory on 519d7d29de3d:45325 (size: 8.8 KiB, free: 432.6 MiB)
[2026-01-20T04:30:08.437+0000] {subprocess.py:93} INFO - 26/01/20 04:30:08 INFO SparkContext: Created broadcast 10 from broadcast at DAGScheduler.scala:1580
[2026-01-20T04:30:08.439+0000] {subprocess.py:93} INFO - 26/01/20 04:30:08 INFO DAGScheduler: Submitting 13 missing tasks from ShuffleMapStage 4 (MapPartitionsRDD[19] at csv at NativeMethodAccessorImpl.java:0) (first 15 tasks are for partitions Vector(0, 1, 2, 3, 4, 5, 6, 7, 8, 9, 10, 11, 12))
[2026-01-20T04:30:08.440+0000] {subprocess.py:93} INFO - 26/01/20 04:30:08 INFO TaskSchedulerImpl: Adding task set 4.0 with 13 tasks resource profile 0
[2026-01-20T04:30:08.443+0000] {subprocess.py:93} INFO - 26/01/20 04:30:08 INFO TaskSetManager: Starting task 0.0 in stage 4.0 (TID 42) (519d7d29de3d, executor driver, partition 0, PROCESS_LOCAL, 8240 bytes)
[2026-01-20T04:30:08.444+0000] {subprocess.py:93} INFO - 26/01/20 04:30:08 INFO TaskSetManager: Starting task 1.0 in stage 4.0 (TID 43) (519d7d29de3d, executor driver, partition 1, PROCESS_LOCAL, 8240 bytes)
[2026-01-20T04:30:08.445+0000] {subprocess.py:93} INFO - 26/01/20 04:30:08 INFO TaskSetManager: Starting task 2.0 in stage 4.0 (TID 44) (519d7d29de3d, executor driver, partition 2, PROCESS_LOCAL, 8240 bytes)
[2026-01-20T04:30:08.446+0000] {subprocess.py:93} INFO - 26/01/20 04:30:08 INFO TaskSetManager: Starting task 3.0 in stage 4.0 (TID 45) (519d7d29de3d, executor driver, partition 3, PROCESS_LOCAL, 8240 bytes)
[2026-01-20T04:30:08.447+0000] {subprocess.py:93} INFO - 26/01/20 04:30:08 INFO TaskSetManager: Starting task 4.0 in stage 4.0 (TID 46) (519d7d29de3d, executor driver, partition 4, PROCESS_LOCAL, 8240 bytes)
[2026-01-20T04:30:08.448+0000] {subprocess.py:93} INFO - 26/01/20 04:30:08 INFO TaskSetManager: Starting task 5.0 in stage 4.0 (TID 47) (519d7d29de3d, executor driver, partition 5, PROCESS_LOCAL, 8240 bytes)
[2026-01-20T04:30:08.448+0000] {subprocess.py:93} INFO - 26/01/20 04:30:08 INFO TaskSetManager: Starting task 6.0 in stage 4.0 (TID 48) (519d7d29de3d, executor driver, partition 6, PROCESS_LOCAL, 8240 bytes)
[2026-01-20T04:30:08.449+0000] {subprocess.py:93} INFO - 26/01/20 04:30:08 INFO TaskSetManager: Starting task 7.0 in stage 4.0 (TID 49) (519d7d29de3d, executor driver, partition 7, PROCESS_LOCAL, 8240 bytes)
[2026-01-20T04:30:08.450+0000] {subprocess.py:93} INFO - 26/01/20 04:30:08 INFO TaskSetManager: Starting task 8.0 in stage 4.0 (TID 50) (519d7d29de3d, executor driver, partition 8, PROCESS_LOCAL, 8240 bytes)
[2026-01-20T04:30:08.452+0000] {subprocess.py:93} INFO - 26/01/20 04:30:08 INFO TaskSetManager: Starting task 9.0 in stage 4.0 (TID 51) (519d7d29de3d, executor driver, partition 9, PROCESS_LOCAL, 8240 bytes)
[2026-01-20T04:30:08.453+0000] {subprocess.py:93} INFO - 26/01/20 04:30:08 INFO TaskSetManager: Starting task 10.0 in stage 4.0 (TID 52) (519d7d29de3d, executor driver, partition 10, PROCESS_LOCAL, 8240 bytes)
[2026-01-20T04:30:08.454+0000] {subprocess.py:93} INFO - 26/01/20 04:30:08 INFO TaskSetManager: Starting task 11.0 in stage 4.0 (TID 53) (519d7d29de3d, executor driver, partition 11, PROCESS_LOCAL, 8240 bytes)
[2026-01-20T04:30:08.454+0000] {subprocess.py:93} INFO - 26/01/20 04:30:08 INFO TaskSetManager: Starting task 12.0 in stage 4.0 (TID 54) (519d7d29de3d, executor driver, partition 12, PROCESS_LOCAL, 8240 bytes)
[2026-01-20T04:30:08.455+0000] {subprocess.py:93} INFO - 26/01/20 04:30:08 INFO Executor: Running task 1.0 in stage 4.0 (TID 43)
[2026-01-20T04:30:08.456+0000] {subprocess.py:93} INFO - 26/01/20 04:30:08 INFO Executor: Running task 2.0 in stage 4.0 (TID 44)
[2026-01-20T04:30:08.457+0000] {subprocess.py:93} INFO - 26/01/20 04:30:08 INFO Executor: Running task 0.0 in stage 4.0 (TID 42)
[2026-01-20T04:30:08.458+0000] {subprocess.py:93} INFO - 26/01/20 04:30:08 INFO Executor: Running task 3.0 in stage 4.0 (TID 45)
[2026-01-20T04:30:08.459+0000] {subprocess.py:93} INFO - 26/01/20 04:30:08 INFO Executor: Running task 4.0 in stage 4.0 (TID 46)
[2026-01-20T04:30:08.461+0000] {subprocess.py:93} INFO - 26/01/20 04:30:08 INFO Executor: Running task 5.0 in stage 4.0 (TID 47)
[2026-01-20T04:30:08.462+0000] {subprocess.py:93} INFO - 26/01/20 04:30:08 INFO Executor: Running task 6.0 in stage 4.0 (TID 48)
[2026-01-20T04:30:08.462+0000] {subprocess.py:93} INFO - 26/01/20 04:30:08 INFO Executor: Running task 7.0 in stage 4.0 (TID 49)
[2026-01-20T04:30:08.464+0000] {subprocess.py:93} INFO - 26/01/20 04:30:08 INFO Executor: Running task 8.0 in stage 4.0 (TID 50)
[2026-01-20T04:30:08.464+0000] {subprocess.py:93} INFO - 26/01/20 04:30:08 INFO Executor: Running task 9.0 in stage 4.0 (TID 51)
[2026-01-20T04:30:08.465+0000] {subprocess.py:93} INFO - 26/01/20 04:30:08 INFO Executor: Running task 10.0 in stage 4.0 (TID 52)
[2026-01-20T04:30:08.466+0000] {subprocess.py:93} INFO - 26/01/20 04:30:08 INFO Executor: Running task 11.0 in stage 4.0 (TID 53)
[2026-01-20T04:30:08.467+0000] {subprocess.py:93} INFO - 26/01/20 04:30:08 INFO Executor: Running task 12.0 in stage 4.0 (TID 54)
[2026-01-20T04:30:08.479+0000] {subprocess.py:93} INFO - 26/01/20 04:30:08 INFO CodeGenerator: Code generated in 13.019486 ms
[2026-01-20T04:30:08.499+0000] {subprocess.py:93} INFO - 26/01/20 04:30:08 INFO CodeGenerator: Code generated in 11.486088 ms
[2026-01-20T04:30:08.515+0000] {subprocess.py:93} INFO - 26/01/20 04:30:08 INFO FileScanRDD: Reading File path: file:///opt/spark-data/landing/transaction_events_1768879479.1820476.json, range: 29360128-33554432, partition values: [empty row]
[2026-01-20T04:30:08.517+0000] {subprocess.py:93} INFO - 26/01/20 04:30:08 INFO FileScanRDD: Reading File path: file:///opt/spark-data/landing/transaction_events_1768879479.1820476.json, range: 0-4194304, partition values: [empty row]
[2026-01-20T04:30:08.520+0000] {subprocess.py:93} INFO - 26/01/20 04:30:08 INFO FileScanRDD: Reading File path: file:///opt/spark-data/landing/transaction_events_1768879479.1820476.json, range: 12582912-16777216, partition values: [empty row]
[2026-01-20T04:30:08.521+0000] {subprocess.py:93} INFO - 26/01/20 04:30:08 INFO FileScanRDD: Reading File path: file:///opt/spark-data/landing/transaction_events_1768879479.1820476.json, range: 20971520-25165824, partition values: [empty row]
[2026-01-20T04:30:08.522+0000] {subprocess.py:93} INFO - 26/01/20 04:30:08 INFO FileScanRDD: Reading File path: file:///opt/spark-data/landing/transaction_events_1768879479.1820476.json, range: 46137344-50331648, partition values: [empty row]
[2026-01-20T04:30:08.523+0000] {subprocess.py:93} INFO - 26/01/20 04:30:08 INFO FileScanRDD: Reading File path: file:///opt/spark-data/landing/transaction_events_1768879479.1820476.json, range: 8388608-12582912, partition values: [empty row]
[2026-01-20T04:30:08.524+0000] {subprocess.py:93} INFO - 26/01/20 04:30:08 INFO FileScanRDD: Reading File path: file:///opt/spark-data/landing/transaction_events_1768879479.1820476.json, range: 41943040-46137344, partition values: [empty row]
[2026-01-20T04:30:08.525+0000] {subprocess.py:93} INFO - 26/01/20 04:30:08 INFO FileScanRDD: Reading File path: file:///opt/spark-data/landing/transaction_events_1768879479.1820476.json, range: 33554432-37748736, partition values: [empty row]
[2026-01-20T04:30:08.526+0000] {subprocess.py:93} INFO - 26/01/20 04:30:08 INFO FileScanRDD: Reading File path: file:///opt/spark-data/landing/transaction_events_1768879479.1820476.json, range: 25165824-29360128, partition values: [empty row]
[2026-01-20T04:30:08.527+0000] {subprocess.py:93} INFO - 26/01/20 04:30:08 INFO FileScanRDD: Reading File path: file:///opt/spark-data/landing/transaction_events_1768879479.1820476.json, range: 37748736-41943040, partition values: [empty row]
[2026-01-20T04:30:08.527+0000] {subprocess.py:93} INFO - 26/01/20 04:30:08 INFO FileScanRDD: Reading File path: file:///opt/spark-data/landing/transaction_events_1768879479.1820476.json, range: 4194304-8388608, partition values: [empty row]
[2026-01-20T04:30:08.528+0000] {subprocess.py:93} INFO - 26/01/20 04:30:08 INFO FileScanRDD: Reading File path: file:///opt/spark-data/landing/transaction_events_1768879479.1820476.json, range: 16777216-20971520, partition values: [empty row]
[2026-01-20T04:30:08.529+0000] {subprocess.py:93} INFO - 26/01/20 04:30:08 INFO FileScanRDD: Reading File path: file:///opt/spark-data/landing/transaction_events_1768879479.1820476.json, range: 50331648-51561162, partition values: [empty row]
[2026-01-20T04:30:08.536+0000] {subprocess.py:93} INFO - 26/01/20 04:30:08 INFO CodeGenerator: Code generated in 16.092355 ms
[2026-01-20T04:30:09.054+0000] {subprocess.py:93} INFO - 26/01/20 04:30:09 INFO BlockManagerInfo: Removed broadcast_0_piece0 on 519d7d29de3d:45325 in memory (size: 34.2 KiB, free: 432.7 MiB)
[2026-01-20T04:30:09.077+0000] {subprocess.py:93} INFO - 26/01/20 04:30:09 INFO BlockManagerInfo: Removed broadcast_4_piece0 on 519d7d29de3d:45325 in memory (size: 34.2 KiB, free: 432.7 MiB)
[2026-01-20T04:30:09.101+0000] {subprocess.py:93} INFO - 26/01/20 04:30:09 INFO BlockManagerInfo: Removed broadcast_1_piece0 on 519d7d29de3d:45325 in memory (size: 7.5 KiB, free: 432.7 MiB)
[2026-01-20T04:30:09.120+0000] {subprocess.py:93} INFO - 26/01/20 04:30:09 INFO BlockManagerInfo: Removed broadcast_5_piece0 on 519d7d29de3d:45325 in memory (size: 7.4 KiB, free: 432.7 MiB)
[2026-01-20T04:30:09.131+0000] {subprocess.py:93} INFO - 26/01/20 04:30:09 INFO BlockManagerInfo: Removed broadcast_6_piece0 on 519d7d29de3d:45325 in memory (size: 1578.1 KiB, free: 434.2 MiB)
[2026-01-20T04:30:09.138+0000] {subprocess.py:93} INFO - 26/01/20 04:30:09 INFO BlockManagerInfo: Removed broadcast_7_piece0 on 519d7d29de3d:45325 in memory (size: 34.2 KiB, free: 434.3 MiB)
[2026-01-20T04:30:09.155+0000] {subprocess.py:93} INFO - 26/01/20 04:30:09 INFO BlockManagerInfo: Removed broadcast_8_piece0 on 519d7d29de3d:45325 in memory (size: 82.8 KiB, free: 434.4 MiB)
[2026-01-20T04:30:09.214+0000] {subprocess.py:93} INFO - 26/01/20 04:30:09 INFO Executor: Finished task 12.0 in stage 4.0 (TID 54). 2075 bytes result sent to driver
[2026-01-20T04:30:09.217+0000] {subprocess.py:93} INFO - 26/01/20 04:30:09 INFO TaskSetManager: Finished task 12.0 in stage 4.0 (TID 54) in 768 ms on 519d7d29de3d (executor driver) (1/13)
[2026-01-20T04:30:09.464+0000] {subprocess.py:93} INFO - 26/01/20 04:30:09 INFO Executor: Finished task 1.0 in stage 4.0 (TID 43). 2032 bytes result sent to driver
[2026-01-20T04:30:09.465+0000] {subprocess.py:93} INFO - 26/01/20 04:30:09 INFO Executor: Finished task 3.0 in stage 4.0 (TID 45). 2032 bytes result sent to driver
[2026-01-20T04:30:09.467+0000] {subprocess.py:93} INFO - 26/01/20 04:30:09 INFO TaskSetManager: Finished task 1.0 in stage 4.0 (TID 43) in 1023 ms on 519d7d29de3d (executor driver) (2/13)
[2026-01-20T04:30:09.469+0000] {subprocess.py:93} INFO - 26/01/20 04:30:09 INFO TaskSetManager: Finished task 3.0 in stage 4.0 (TID 45) in 1024 ms on 519d7d29de3d (executor driver) (3/13)
[2026-01-20T04:30:09.474+0000] {subprocess.py:93} INFO - 26/01/20 04:30:09 INFO Executor: Finished task 0.0 in stage 4.0 (TID 42). 2032 bytes result sent to driver
[2026-01-20T04:30:09.476+0000] {subprocess.py:93} INFO - 26/01/20 04:30:09 INFO TaskSetManager: Finished task 0.0 in stage 4.0 (TID 42) in 1035 ms on 519d7d29de3d (executor driver) (4/13)
[2026-01-20T04:30:09.478+0000] {subprocess.py:93} INFO - 26/01/20 04:30:09 INFO Executor: Finished task 7.0 in stage 4.0 (TID 49). 2032 bytes result sent to driver
[2026-01-20T04:30:09.480+0000] {subprocess.py:93} INFO - 26/01/20 04:30:09 INFO TaskSetManager: Finished task 7.0 in stage 4.0 (TID 49) in 1034 ms on 519d7d29de3d (executor driver) (5/13)
[2026-01-20T04:30:09.481+0000] {subprocess.py:93} INFO - 26/01/20 04:30:09 INFO Executor: Finished task 11.0 in stage 4.0 (TID 53). 2032 bytes result sent to driver
[2026-01-20T04:30:09.482+0000] {subprocess.py:93} INFO - 26/01/20 04:30:09 INFO Executor: Finished task 2.0 in stage 4.0 (TID 44). 2032 bytes result sent to driver
[2026-01-20T04:30:09.483+0000] {subprocess.py:93} INFO - 26/01/20 04:30:09 INFO TaskSetManager: Finished task 11.0 in stage 4.0 (TID 53) in 1034 ms on 519d7d29de3d (executor driver) (6/13)
[2026-01-20T04:30:09.484+0000] {subprocess.py:93} INFO - 26/01/20 04:30:09 INFO TaskSetManager: Finished task 2.0 in stage 4.0 (TID 44) in 1040 ms on 519d7d29de3d (executor driver) (7/13)
[2026-01-20T04:30:09.486+0000] {subprocess.py:93} INFO - 26/01/20 04:30:09 INFO Executor: Finished task 8.0 in stage 4.0 (TID 50). 2032 bytes result sent to driver
[2026-01-20T04:30:09.488+0000] {subprocess.py:93} INFO - 26/01/20 04:30:09 INFO TaskSetManager: Finished task 8.0 in stage 4.0 (TID 50) in 1041 ms on 519d7d29de3d (executor driver) (8/13)
[2026-01-20T04:30:09.490+0000] {subprocess.py:93} INFO - 26/01/20 04:30:09 INFO Executor: Finished task 5.0 in stage 4.0 (TID 47). 2032 bytes result sent to driver
[2026-01-20T04:30:09.491+0000] {subprocess.py:93} INFO - 26/01/20 04:30:09 INFO Executor: Finished task 6.0 in stage 4.0 (TID 48). 2032 bytes result sent to driver
[2026-01-20T04:30:09.492+0000] {subprocess.py:93} INFO - 26/01/20 04:30:09 INFO TaskSetManager: Finished task 5.0 in stage 4.0 (TID 47) in 1046 ms on 519d7d29de3d (executor driver) (9/13)
[2026-01-20T04:30:09.493+0000] {subprocess.py:93} INFO - 26/01/20 04:30:09 INFO Executor: Finished task 9.0 in stage 4.0 (TID 51). 2075 bytes result sent to driver
[2026-01-20T04:30:09.494+0000] {subprocess.py:93} INFO - 26/01/20 04:30:09 INFO TaskSetManager: Finished task 6.0 in stage 4.0 (TID 48) in 1046 ms on 519d7d29de3d (executor driver) (10/13)
[2026-01-20T04:30:09.495+0000] {subprocess.py:93} INFO - 26/01/20 04:30:09 INFO Executor: Finished task 4.0 in stage 4.0 (TID 46). 2075 bytes result sent to driver
[2026-01-20T04:30:09.496+0000] {subprocess.py:93} INFO - 26/01/20 04:30:09 INFO TaskSetManager: Finished task 9.0 in stage 4.0 (TID 51) in 1045 ms on 519d7d29de3d (executor driver) (11/13)
[2026-01-20T04:30:09.497+0000] {subprocess.py:93} INFO - 26/01/20 04:30:09 INFO Executor: Finished task 10.0 in stage 4.0 (TID 52). 2032 bytes result sent to driver
[2026-01-20T04:30:09.498+0000] {subprocess.py:93} INFO - 26/01/20 04:30:09 INFO TaskSetManager: Finished task 4.0 in stage 4.0 (TID 46) in 1049 ms on 519d7d29de3d (executor driver) (12/13)
[2026-01-20T04:30:09.499+0000] {subprocess.py:93} INFO - 26/01/20 04:30:09 INFO TaskSetManager: Finished task 10.0 in stage 4.0 (TID 52) in 1046 ms on 519d7d29de3d (executor driver) (13/13)
[2026-01-20T04:30:09.499+0000] {subprocess.py:93} INFO - 26/01/20 04:30:09 INFO TaskSchedulerImpl: Removed TaskSet 4.0, whose tasks have all completed, from pool
[2026-01-20T04:30:09.500+0000] {subprocess.py:93} INFO - 26/01/20 04:30:09 INFO DAGScheduler: ShuffleMapStage 4 (csv at NativeMethodAccessorImpl.java:0) finished in 1.091 s
[2026-01-20T04:30:09.501+0000] {subprocess.py:93} INFO - 26/01/20 04:30:09 INFO DAGScheduler: looking for newly runnable stages
[2026-01-20T04:30:09.502+0000] {subprocess.py:93} INFO - 26/01/20 04:30:09 INFO DAGScheduler: running: Set()
[2026-01-20T04:30:09.503+0000] {subprocess.py:93} INFO - 26/01/20 04:30:09 INFO DAGScheduler: waiting: Set()
[2026-01-20T04:30:09.504+0000] {subprocess.py:93} INFO - 26/01/20 04:30:09 INFO DAGScheduler: failed: Set()
[2026-01-20T04:30:09.521+0000] {subprocess.py:93} INFO - 26/01/20 04:30:09 INFO ShufflePartitionsUtil: For shuffle(0), advisory target size: 67108864, actual target size 1048576, minimum partition size: 1048576
[2026-01-20T04:30:09.627+0000] {subprocess.py:93} INFO - 26/01/20 04:30:09 INFO FileOutputCommitter: File Output Committer Algorithm version is 1
[2026-01-20T04:30:09.628+0000] {subprocess.py:93} INFO - 26/01/20 04:30:09 INFO FileOutputCommitter: FileOutputCommitter skip cleanup _temporary folders under output directory:false, ignore cleanup failures: false
[2026-01-20T04:30:09.628+0000] {subprocess.py:93} INFO - 26/01/20 04:30:09 INFO SQLHadoopMapReduceCommitProtocol: Using output committer class org.apache.hadoop.mapreduce.lib.output.FileOutputCommitter
[2026-01-20T04:30:09.702+0000] {subprocess.py:93} INFO - 26/01/20 04:30:09 INFO CodeGenerator: Code generated in 14.069052 ms
[2026-01-20T04:30:09.718+0000] {subprocess.py:93} INFO - 26/01/20 04:30:09 INFO CodeGenerator: Code generated in 11.243691 ms
[2026-01-20T04:30:09.881+0000] {subprocess.py:93} INFO - 26/01/20 04:30:09 INFO SparkContext: Starting job: csv at NativeMethodAccessorImpl.java:0
[2026-01-20T04:30:09.885+0000] {subprocess.py:93} INFO - 26/01/20 04:30:09 INFO DAGScheduler: Got job 5 (csv at NativeMethodAccessorImpl.java:0) with 1 output partitions
[2026-01-20T04:30:09.887+0000] {subprocess.py:93} INFO - 26/01/20 04:30:09 INFO DAGScheduler: Final stage: ResultStage 6 (csv at NativeMethodAccessorImpl.java:0)
[2026-01-20T04:30:09.888+0000] {subprocess.py:93} INFO - 26/01/20 04:30:09 INFO DAGScheduler: Parents of final stage: List(ShuffleMapStage 5)
[2026-01-20T04:30:09.889+0000] {subprocess.py:93} INFO - 26/01/20 04:30:09 INFO DAGScheduler: Missing parents: List()
[2026-01-20T04:30:09.890+0000] {subprocess.py:93} INFO - 26/01/20 04:30:09 INFO DAGScheduler: Submitting ResultStage 6 (MapPartitionsRDD[26] at csv at NativeMethodAccessorImpl.java:0), which has no missing parents
[2026-01-20T04:30:09.910+0000] {subprocess.py:93} INFO - 26/01/20 04:30:09 INFO MemoryStore: Block broadcast_11 stored as values in memory (estimated size 244.7 KiB, free 433.9 MiB)
[2026-01-20T04:30:09.918+0000] {subprocess.py:93} INFO - 26/01/20 04:30:09 INFO MemoryStore: Block broadcast_11_piece0 stored as bytes in memory (estimated size 91.6 KiB, free 433.8 MiB)
[2026-01-20T04:30:09.920+0000] {subprocess.py:93} INFO - 26/01/20 04:30:09 INFO BlockManagerInfo: Added broadcast_11_piece0 in memory on 519d7d29de3d:45325 (size: 91.6 KiB, free: 434.3 MiB)
[2026-01-20T04:30:09.921+0000] {subprocess.py:93} INFO - 26/01/20 04:30:09 INFO SparkContext: Created broadcast 11 from broadcast at DAGScheduler.scala:1580
[2026-01-20T04:30:09.922+0000] {subprocess.py:93} INFO - 26/01/20 04:30:09 INFO DAGScheduler: Submitting 1 missing tasks from ResultStage 6 (MapPartitionsRDD[26] at csv at NativeMethodAccessorImpl.java:0) (first 15 tasks are for partitions Vector(0))
[2026-01-20T04:30:09.923+0000] {subprocess.py:93} INFO - 26/01/20 04:30:09 INFO TaskSchedulerImpl: Adding task set 6.0 with 1 tasks resource profile 0
[2026-01-20T04:30:09.930+0000] {subprocess.py:93} INFO - 26/01/20 04:30:09 INFO TaskSetManager: Starting task 0.0 in stage 6.0 (TID 55) (519d7d29de3d, executor driver, partition 0, NODE_LOCAL, 7975 bytes)
[2026-01-20T04:30:09.931+0000] {subprocess.py:93} INFO - 26/01/20 04:30:09 INFO Executor: Running task 0.0 in stage 6.0 (TID 55)
[2026-01-20T04:30:09.953+0000] {subprocess.py:93} INFO - 26/01/20 04:30:09 INFO BlockManagerInfo: Removed broadcast_10_piece0 on 519d7d29de3d:45325 in memory (size: 8.8 KiB, free: 434.3 MiB)
[2026-01-20T04:30:09.981+0000] {subprocess.py:93} INFO - 26/01/20 04:30:09 INFO FileOutputCommitter: File Output Committer Algorithm version is 1
[2026-01-20T04:30:09.982+0000] {subprocess.py:93} INFO - 26/01/20 04:30:09 INFO FileOutputCommitter: FileOutputCommitter skip cleanup _temporary folders under output directory:false, ignore cleanup failures: false
[2026-01-20T04:30:09.983+0000] {subprocess.py:93} INFO - 26/01/20 04:30:09 INFO SQLHadoopMapReduceCommitProtocol: Using output committer class org.apache.hadoop.mapreduce.lib.output.FileOutputCommitter
[2026-01-20T04:30:10.137+0000] {subprocess.py:93} INFO - 26/01/20 04:30:10 INFO ShuffleBlockFetcherIterator: Getting 13 (1044.2 KiB) non-empty blocks including 13 (1044.2 KiB) local and 0 (0.0 B) host-local and 0 (0.0 B) push-merged-local and 0 (0.0 B) remote blocks
[2026-01-20T04:30:10.139+0000] {subprocess.py:93} INFO - 26/01/20 04:30:10 INFO ShuffleBlockFetcherIterator: Started 0 remote fetches in 14 ms
[2026-01-20T04:30:10.156+0000] {subprocess.py:93} INFO - 26/01/20 04:30:10 INFO CodeGenerator: Code generated in 12.298319 ms
[2026-01-20T04:30:10.174+0000] {subprocess.py:93} INFO - 26/01/20 04:30:10 INFO CodeGenerator: Code generated in 11.616434 ms
[2026-01-20T04:30:10.190+0000] {subprocess.py:93} INFO - 26/01/20 04:30:10 INFO CodeGenerator: Code generated in 8.513234 ms
[2026-01-20T04:30:10.213+0000] {subprocess.py:93} INFO - 26/01/20 04:30:10 INFO CodeGenerator: Code generated in 9.489705 ms
[2026-01-20T04:30:10.295+0000] {subprocess.py:93} INFO - 26/01/20 04:30:10 INFO CodeGenerator: Code generated in 6.51698 ms
[2026-01-20T04:30:10.311+0000] {subprocess.py:93} INFO - 26/01/20 04:30:10 INFO CodeGenerator: Code generated in 8.764345 ms
[2026-01-20T04:30:10.317+0000] {subprocess.py:93} INFO - 26/01/20 04:30:10 INFO CodeGenerator: Code generated in 4.610256 ms
[2026-01-20T04:30:10.323+0000] {subprocess.py:93} INFO - 26/01/20 04:30:10 INFO CodeGenerator: Code generated in 3.789313 ms
[2026-01-20T04:30:10.330+0000] {subprocess.py:93} INFO - 26/01/20 04:30:10 INFO CodeGenerator: Code generated in 6.391232 ms
[2026-01-20T04:30:10.337+0000] {subprocess.py:93} INFO - 26/01/20 04:30:10 INFO CodeGenerator: Code generated in 5.227881 ms
[2026-01-20T04:30:10.347+0000] {subprocess.py:93} INFO - 26/01/20 04:30:10 INFO CodeGenerator: Code generated in 5.987453 ms
[2026-01-20T04:30:10.403+0000] {subprocess.py:93} INFO - 26/01/20 04:30:10 INFO CodeGenerator: Code generated in 5.769891 ms
[2026-01-20T04:30:10.420+0000] {subprocess.py:93} INFO - 26/01/20 04:30:10 INFO CodeGenerator: Code generated in 10.156697 ms
[2026-01-20T04:30:10.425+0000] {subprocess.py:93} INFO - 26/01/20 04:30:10 INFO CodeGenerator: Code generated in 4.23188 ms
[2026-01-20T04:30:10.544+0000] {subprocess.py:93} INFO - 26/01/20 04:30:10 INFO ShuffleBlockFetcherIterator: Getting 13 (1039.8 KiB) non-empty blocks including 13 (1039.8 KiB) local and 0 (0.0 B) host-local and 0 (0.0 B) push-merged-local and 0 (0.0 B) remote blocks
[2026-01-20T04:30:10.545+0000] {subprocess.py:93} INFO - 26/01/20 04:30:10 INFO ShuffleBlockFetcherIterator: Started 0 remote fetches in 1 ms
[2026-01-20T04:30:10.678+0000] {subprocess.py:93} INFO - 26/01/20 04:30:10 INFO ShuffleBlockFetcherIterator: Getting 13 (1030.5 KiB) non-empty blocks including 13 (1030.5 KiB) local and 0 (0.0 B) host-local and 0 (0.0 B) push-merged-local and 0 (0.0 B) remote blocks
[2026-01-20T04:30:10.679+0000] {subprocess.py:93} INFO - 26/01/20 04:30:10 INFO ShuffleBlockFetcherIterator: Started 0 remote fetches in 1 ms
[2026-01-20T04:30:10.784+0000] {subprocess.py:93} INFO - 26/01/20 04:30:10 INFO ShuffleBlockFetcherIterator: Getting 13 (1283.5 KiB) non-empty blocks including 13 (1283.5 KiB) local and 0 (0.0 B) host-local and 0 (0.0 B) push-merged-local and 0 (0.0 B) remote blocks
[2026-01-20T04:30:10.785+0000] {subprocess.py:93} INFO - 26/01/20 04:30:10 INFO ShuffleBlockFetcherIterator: Started 0 remote fetches in 2 ms
[2026-01-20T04:30:10.954+0000] {subprocess.py:93} INFO - 26/01/20 04:30:10 INFO FileOutputCommitter: Saved output of task 'attempt_202601200430097758110622654927624_0006_m_000000_55' to file:/opt/spark-data/gold/transaction_analytics/_temporary/0/task_202601200430097758110622654927624_0006_m_000000
[2026-01-20T04:30:10.955+0000] {subprocess.py:93} INFO - 26/01/20 04:30:10 INFO SparkHadoopMapRedUtil: attempt_202601200430097758110622654927624_0006_m_000000_55: Committed. Elapsed time: 23 ms.
[2026-01-20T04:30:10.956+0000] {subprocess.py:93} INFO - 26/01/20 04:30:10 INFO Executor: Finished task 0.0 in stage 6.0 (TID 55). 5845 bytes result sent to driver
[2026-01-20T04:30:10.957+0000] {subprocess.py:93} INFO - 26/01/20 04:30:10 INFO TaskSetManager: Finished task 0.0 in stage 6.0 (TID 55) in 1032 ms on 519d7d29de3d (executor driver) (1/1)
[2026-01-20T04:30:10.959+0000] {subprocess.py:93} INFO - 26/01/20 04:30:10 INFO TaskSchedulerImpl: Removed TaskSet 6.0, whose tasks have all completed, from pool
[2026-01-20T04:30:10.960+0000] {subprocess.py:93} INFO - 26/01/20 04:30:10 INFO DAGScheduler: ResultStage 6 (csv at NativeMethodAccessorImpl.java:0) finished in 1.068 s
[2026-01-20T04:30:10.961+0000] {subprocess.py:93} INFO - 26/01/20 04:30:10 INFO DAGScheduler: Job 5 is finished. Cancelling potential speculative or zombie tasks for this job
[2026-01-20T04:30:10.961+0000] {subprocess.py:93} INFO - 26/01/20 04:30:10 INFO TaskSchedulerImpl: Killing all running tasks in stage 6: Stage finished
[2026-01-20T04:30:10.962+0000] {subprocess.py:93} INFO - 26/01/20 04:30:10 INFO DAGScheduler: Job 5 finished: csv at NativeMethodAccessorImpl.java:0, took 1.077680 s
[2026-01-20T04:30:10.962+0000] {subprocess.py:93} INFO - 26/01/20 04:30:10 INFO FileFormatWriter: Start to commit write Job 96184a4b-95ab-4ec1-b8cd-a1445b224362.
[2026-01-20T04:30:11.099+0000] {subprocess.py:93} INFO - 26/01/20 04:30:11 INFO FileFormatWriter: Write Job 96184a4b-95ab-4ec1-b8cd-a1445b224362 committed. Elapsed time: 139 ms.
[2026-01-20T04:30:11.102+0000] {subprocess.py:93} INFO - 26/01/20 04:30:11 INFO FileFormatWriter: Finished processing stats for write job 96184a4b-95ab-4ec1-b8cd-a1445b224362.
[2026-01-20T04:30:11.102+0000] {subprocess.py:93} INFO - Analytics Table with Window Functions created successfully.
[2026-01-20T04:30:11.237+0000] {subprocess.py:93} INFO - Traceback (most recent call last):
[2026-01-20T04:30:11.238+0000] {subprocess.py:93} INFO -   File "/opt/spark-jobs/etl_job.py", line 178, in <module>
[2026-01-20T04:30:11.241+0000] {subprocess.py:93} INFO -     run_etl(spark,'/opt/spark-data/landing', '/opt/spark-data/gold')
[2026-01-20T04:30:11.242+0000] {subprocess.py:93} INFO -   File "/opt/spark-jobs/etl_job.py", line 163, in run_etl
[2026-01-20T04:30:11.244+0000] {subprocess.py:93} INFO -     transaction_cleaned(spark, df_topic_transaction, output_path)
[2026-01-20T04:30:11.245+0000] {subprocess.py:93} INFO -   File "/opt/spark-jobs/etl_job.py", line 125, in transaction_cleaned
[2026-01-20T04:30:11.248+0000] {subprocess.py:93} INFO -     .withColumn("shipping_address_info", F.explode("shipping_address"))
[2026-01-20T04:30:11.249+0000] {subprocess.py:93} INFO -   File "/opt/spark/python/lib/pyspark.zip/pyspark/sql/dataframe.py", line 5170, in withColumn
[2026-01-20T04:30:11.249+0000] {subprocess.py:93} INFO -   File "/opt/spark/python/lib/py4j-0.10.9.7-src.zip/py4j/java_gateway.py", line 1322, in __call__
[2026-01-20T04:30:11.250+0000] {subprocess.py:93} INFO -   File "/opt/spark/python/lib/pyspark.zip/pyspark/errors/exceptions/captured.py", line 185, in deco
[2026-01-20T04:30:11.260+0000] {subprocess.py:93} INFO - pyspark.errors.exceptions.captured.AnalysisException: [DATATYPE_MISMATCH.UNEXPECTED_INPUT_TYPE] Cannot resolve "explode(shipping_address)" due to data type mismatch: Parameter 1 requires the ("ARRAY" or "MAP") type, however "shipping_address" has the type "STRUCT<city: STRING, country: STRING, state: STRING, street: STRING, zip_code: STRING>".;
[2026-01-20T04:30:11.261+0000] {subprocess.py:93} INFO - 'Project [billing_address#8, currency#9, original_transaction_id#11, payment_method#12, shipping_address#13, status#14, subtotal#15, tax#16, timestamp#17, total#18, transaction_id#19, transaction_type#20, user_id#21, line_item#315, explode(shipping_address#13) AS shipping_address_info#345]
[2026-01-20T04:30:11.261+0000] {subprocess.py:93} INFO - +- Project [billing_address#8, currency#9, original_transaction_id#11, payment_method#12, shipping_address#13, status#14, subtotal#15, tax#16, timestamp#17, total#18, transaction_id#19, transaction_type#20, user_id#21, line_item#315]
[2026-01-20T04:30:11.262+0000] {subprocess.py:93} INFO -    +- Project [billing_address#8, currency#9, line_items#10, original_transaction_id#11, payment_method#12, shipping_address#13, status#14, subtotal#15, tax#16, timestamp#17, total#18, transaction_id#19, transaction_type#20, user_id#21, line_item#315]
[2026-01-20T04:30:11.263+0000] {subprocess.py:93} INFO -       +- Generate explode(line_items#10), false, [line_item#315]
[2026-01-20T04:30:11.263+0000] {subprocess.py:93} INFO -          +- Relation [billing_address#8,currency#9,line_items#10,original_transaction_id#11,payment_method#12,shipping_address#13,status#14,subtotal#15,tax#16,timestamp#17,total#18,transaction_id#19,transaction_type#20,user_id#21] json
[2026-01-20T04:30:11.264+0000] {subprocess.py:93} INFO - 
[2026-01-20T04:30:11.311+0000] {subprocess.py:93} INFO - 26/01/20 04:30:11 INFO SparkContext: Invoking stop() from shutdown hook
[2026-01-20T04:30:11.312+0000] {subprocess.py:93} INFO - 26/01/20 04:30:11 INFO SparkContext: SparkContext is stopping with exitCode 0.
[2026-01-20T04:30:11.323+0000] {subprocess.py:93} INFO - 26/01/20 04:30:11 INFO SparkUI: Stopped Spark web UI at http://519d7d29de3d:4040
[2026-01-20T04:30:11.332+0000] {subprocess.py:93} INFO - 26/01/20 04:30:11 INFO MapOutputTrackerMasterEndpoint: MapOutputTrackerMasterEndpoint stopped!
[2026-01-20T04:30:11.356+0000] {subprocess.py:93} INFO - 26/01/20 04:30:11 INFO MemoryStore: MemoryStore cleared
[2026-01-20T04:30:11.357+0000] {subprocess.py:93} INFO - 26/01/20 04:30:11 INFO BlockManager: BlockManager stopped
[2026-01-20T04:30:11.360+0000] {subprocess.py:93} INFO - 26/01/20 04:30:11 INFO BlockManagerMaster: BlockManagerMaster stopped
[2026-01-20T04:30:11.363+0000] {subprocess.py:93} INFO - 26/01/20 04:30:11 INFO OutputCommitCoordinator$OutputCommitCoordinatorEndpoint: OutputCommitCoordinator stopped!
[2026-01-20T04:30:11.374+0000] {subprocess.py:93} INFO - 26/01/20 04:30:11 INFO SparkContext: Successfully stopped SparkContext
[2026-01-20T04:30:11.375+0000] {subprocess.py:93} INFO - 26/01/20 04:30:11 INFO ShutdownHookManager: Shutdown hook called
[2026-01-20T04:30:11.375+0000] {subprocess.py:93} INFO - 26/01/20 04:30:11 INFO ShutdownHookManager: Deleting directory /tmp/spark-8f1acadd-7fb8-45d0-92b7-5d2debe75472/pyspark-3c543af6-9b0a-4642-8594-82460690b3a2
[2026-01-20T04:30:11.379+0000] {subprocess.py:93} INFO - 26/01/20 04:30:11 INFO ShutdownHookManager: Deleting directory /tmp/spark-8e447854-6ec7-41d0-ae67-6f49405ac80d
[2026-01-20T04:30:11.383+0000] {subprocess.py:93} INFO - 26/01/20 04:30:11 INFO ShutdownHookManager: Deleting directory /tmp/spark-8f1acadd-7fb8-45d0-92b7-5d2debe75472
[2026-01-20T04:30:11.439+0000] {subprocess.py:97} INFO - Command exited with return code 1
[2026-01-20T04:30:11.451+0000] {taskinstance.py:2698} ERROR - Task failed with exception
Traceback (most recent call last):
  File "/home/airflow/.local/lib/python3.10/site-packages/airflow/models/taskinstance.py", line 433, in _execute_task
    result = execute_callable(context=context, **execute_callable_kwargs)
  File "/home/airflow/.local/lib/python3.10/site-packages/airflow/operators/bash.py", line 212, in execute
    raise AirflowException(
airflow.exceptions.AirflowException: Bash command failed. The command returned a non-zero exit code 1.
[2026-01-20T04:30:11.455+0000] {taskinstance.py:1138} INFO - Marking task as FAILED. dag_id=streamflow_main, task_id=Spark_Submit, execution_date=20260120T042950, start_date=20260120T042952, end_date=20260120T043011
[2026-01-20T04:30:11.467+0000] {standard_task_runner.py:107} ERROR - Failed to execute job 13 for task Spark_Submit (Bash command failed. The command returned a non-zero exit code 1.; 5518)
[2026-01-20T04:30:11.489+0000] {local_task_job_runner.py:234} INFO - Task exited with return code 1
[2026-01-20T04:30:11.507+0000] {taskinstance.py:3280} INFO - 0 downstream tasks scheduled from follow-on schedule check
