[2026-01-20T04:48:04.224+0000] {taskinstance.py:1956} INFO - Dependencies all met for dep_context=non-requeueable deps ti=<TaskInstance: streamflow_main.Spark_Submit manual__2026-01-20T04:48:03.351149+00:00 [queued]>
[2026-01-20T04:48:04.231+0000] {taskinstance.py:1956} INFO - Dependencies all met for dep_context=requeueable deps ti=<TaskInstance: streamflow_main.Spark_Submit manual__2026-01-20T04:48:03.351149+00:00 [queued]>
[2026-01-20T04:48:04.232+0000] {taskinstance.py:2170} INFO - Starting attempt 1 of 1
[2026-01-20T04:48:04.246+0000] {taskinstance.py:2191} INFO - Executing <Task(BashOperator): Spark_Submit> on 2026-01-20 04:48:03.351149+00:00
[2026-01-20T04:48:04.251+0000] {standard_task_runner.py:60} INFO - Started process 9352 to run task
[2026-01-20T04:48:04.253+0000] {standard_task_runner.py:87} INFO - Running: ['***', 'tasks', 'run', 'streamflow_main', 'Spark_Submit', 'manual__2026-01-20T04:48:03.351149+00:00', '--job-id', '21', '--raw', '--subdir', 'DAGS_FOLDER/dag_streamflow.py', '--cfg-path', '/tmp/tmpu9qx0xz1']
[2026-01-20T04:48:04.256+0000] {standard_task_runner.py:88} INFO - Job 21: Subtask Spark_Submit
[2026-01-20T04:48:04.300+0000] {task_command.py:423} INFO - Running <TaskInstance: streamflow_main.Spark_Submit manual__2026-01-20T04:48:03.351149+00:00 [running]> on host 519d7d29de3d
[2026-01-20T04:48:04.375+0000] {taskinstance.py:2480} INFO - Exporting env vars: AIRFLOW_CTX_DAG_OWNER='student' AIRFLOW_CTX_DAG_ID='streamflow_main' AIRFLOW_CTX_TASK_ID='Spark_Submit' AIRFLOW_CTX_EXECUTION_DATE='2026-01-20T04:48:03.351149+00:00' AIRFLOW_CTX_TRY_NUMBER='1' AIRFLOW_CTX_DAG_RUN_ID='manual__2026-01-20T04:48:03.351149+00:00'
[2026-01-20T04:48:04.376+0000] {subprocess.py:63} INFO - Tmp dir root location: /tmp
[2026-01-20T04:48:04.377+0000] {subprocess.py:75} INFO - Running command: ['/usr/bin/bash', '-c', '\n            spark-submit                 --master spark://spark-master:7077                 /opt/spark-jobs/etl_job.py\n        ']
[2026-01-20T04:48:04.384+0000] {subprocess.py:86} INFO - Output:
[2026-01-20T04:48:04.390+0000] {subprocess.py:93} INFO - /opt/spark/bin/load-spark-env.sh: line 68: ps: command not found
[2026-01-20T04:48:06.974+0000] {subprocess.py:93} INFO - 26/01/20 04:48:06 INFO SparkContext: Running Spark version 3.5.0
[2026-01-20T04:48:06.976+0000] {subprocess.py:93} INFO - 26/01/20 04:48:06 INFO SparkContext: OS info Linux, 5.15.167.4-microsoft-standard-WSL2, amd64
[2026-01-20T04:48:06.977+0000] {subprocess.py:93} INFO - 26/01/20 04:48:06 INFO SparkContext: Java version 17.0.17
[2026-01-20T04:48:07.019+0000] {subprocess.py:93} INFO - 26/01/20 04:48:07 WARN NativeCodeLoader: Unable to load native-hadoop library for your platform... using builtin-java classes where applicable
[2026-01-20T04:48:07.094+0000] {subprocess.py:93} INFO - 26/01/20 04:48:07 INFO ResourceUtils: ==============================================================
[2026-01-20T04:48:07.095+0000] {subprocess.py:93} INFO - 26/01/20 04:48:07 INFO ResourceUtils: No custom resources configured for spark.driver.
[2026-01-20T04:48:07.095+0000] {subprocess.py:93} INFO - 26/01/20 04:48:07 INFO ResourceUtils: ==============================================================
[2026-01-20T04:48:07.096+0000] {subprocess.py:93} INFO - 26/01/20 04:48:07 INFO SparkContext: Submitted application: ETL_job
[2026-01-20T04:48:07.113+0000] {subprocess.py:93} INFO - 26/01/20 04:48:07 INFO ResourceProfile: Default ResourceProfile created, executor resources: Map(cores -> name: cores, amount: 1, script: , vendor: , memory -> name: memory, amount: 1024, script: , vendor: , offHeap -> name: offHeap, amount: 0, script: , vendor: ), task resources: Map(cpus -> name: cpus, amount: 1.0)
[2026-01-20T04:48:07.120+0000] {subprocess.py:93} INFO - 26/01/20 04:48:07 INFO ResourceProfile: Limiting resource is cpu
[2026-01-20T04:48:07.121+0000] {subprocess.py:93} INFO - 26/01/20 04:48:07 INFO ResourceProfileManager: Added ResourceProfile id: 0
[2026-01-20T04:48:07.160+0000] {subprocess.py:93} INFO - 26/01/20 04:48:07 INFO SecurityManager: Changing view acls to: root
[2026-01-20T04:48:07.160+0000] {subprocess.py:93} INFO - 26/01/20 04:48:07 INFO SecurityManager: Changing modify acls to: root
[2026-01-20T04:48:07.161+0000] {subprocess.py:93} INFO - 26/01/20 04:48:07 INFO SecurityManager: Changing view acls groups to:
[2026-01-20T04:48:07.162+0000] {subprocess.py:93} INFO - 26/01/20 04:48:07 INFO SecurityManager: Changing modify acls groups to:
[2026-01-20T04:48:07.163+0000] {subprocess.py:93} INFO - 26/01/20 04:48:07 INFO SecurityManager: SecurityManager: authentication disabled; ui acls disabled; users with view permissions: root; groups with view permissions: EMPTY; users with modify permissions: root; groups with modify permissions: EMPTY
[2026-01-20T04:48:07.388+0000] {subprocess.py:93} INFO - 26/01/20 04:48:07 INFO Utils: Successfully started service 'sparkDriver' on port 33611.
[2026-01-20T04:48:07.418+0000] {subprocess.py:93} INFO - 26/01/20 04:48:07 INFO SparkEnv: Registering MapOutputTracker
[2026-01-20T04:48:07.456+0000] {subprocess.py:93} INFO - 26/01/20 04:48:07 INFO SparkEnv: Registering BlockManagerMaster
[2026-01-20T04:48:07.472+0000] {subprocess.py:93} INFO - 26/01/20 04:48:07 INFO BlockManagerMasterEndpoint: Using org.apache.spark.storage.DefaultTopologyMapper for getting topology information
[2026-01-20T04:48:07.473+0000] {subprocess.py:93} INFO - 26/01/20 04:48:07 INFO BlockManagerMasterEndpoint: BlockManagerMasterEndpoint up
[2026-01-20T04:48:07.478+0000] {subprocess.py:93} INFO - 26/01/20 04:48:07 INFO SparkEnv: Registering BlockManagerMasterHeartbeat
[2026-01-20T04:48:07.500+0000] {subprocess.py:93} INFO - 26/01/20 04:48:07 INFO DiskBlockManager: Created local directory at /tmp/blockmgr-a5293442-a5d8-4ba4-add7-54b6bdd526a0
[2026-01-20T04:48:07.517+0000] {subprocess.py:93} INFO - 26/01/20 04:48:07 INFO MemoryStore: MemoryStore started with capacity 434.4 MiB
[2026-01-20T04:48:07.539+0000] {subprocess.py:93} INFO - 26/01/20 04:48:07 INFO SparkEnv: Registering OutputCommitCoordinator
[2026-01-20T04:48:07.687+0000] {subprocess.py:93} INFO - 26/01/20 04:48:07 INFO JettyUtils: Start Jetty 0.0.0.0:4040 for SparkUI
[2026-01-20T04:48:07.756+0000] {subprocess.py:93} INFO - 26/01/20 04:48:07 INFO Utils: Successfully started service 'SparkUI' on port 4040.
[2026-01-20T04:48:07.871+0000] {subprocess.py:93} INFO - 26/01/20 04:48:07 INFO Executor: Starting executor ID driver on host 519d7d29de3d
[2026-01-20T04:48:07.872+0000] {subprocess.py:93} INFO - 26/01/20 04:48:07 INFO Executor: OS info Linux, 5.15.167.4-microsoft-standard-WSL2, amd64
[2026-01-20T04:48:07.873+0000] {subprocess.py:93} INFO - 26/01/20 04:48:07 INFO Executor: Java version 17.0.17
[2026-01-20T04:48:07.880+0000] {subprocess.py:93} INFO - 26/01/20 04:48:07 INFO Executor: Starting executor with user classpath (userClassPathFirst = false): ''
[2026-01-20T04:48:07.881+0000] {subprocess.py:93} INFO - 26/01/20 04:48:07 INFO Executor: Created or updated repl class loader org.apache.spark.util.MutableURLClassLoader@552ebc35 for default.
[2026-01-20T04:48:07.900+0000] {subprocess.py:93} INFO - 26/01/20 04:48:07 INFO Utils: Successfully started service 'org.apache.spark.network.netty.NettyBlockTransferService' on port 38053.
[2026-01-20T04:48:07.901+0000] {subprocess.py:93} INFO - 26/01/20 04:48:07 INFO NettyBlockTransferService: Server created on 519d7d29de3d:38053
[2026-01-20T04:48:07.902+0000] {subprocess.py:93} INFO - 26/01/20 04:48:07 INFO BlockManager: Using org.apache.spark.storage.RandomBlockReplicationPolicy for block replication policy
[2026-01-20T04:48:07.907+0000] {subprocess.py:93} INFO - 26/01/20 04:48:07 INFO BlockManagerMaster: Registering BlockManager BlockManagerId(driver, 519d7d29de3d, 38053, None)
[2026-01-20T04:48:07.910+0000] {subprocess.py:93} INFO - 26/01/20 04:48:07 INFO BlockManagerMasterEndpoint: Registering block manager 519d7d29de3d:38053 with 434.4 MiB RAM, BlockManagerId(driver, 519d7d29de3d, 38053, None)
[2026-01-20T04:48:07.912+0000] {subprocess.py:93} INFO - 26/01/20 04:48:07 INFO BlockManagerMaster: Registered BlockManager BlockManagerId(driver, 519d7d29de3d, 38053, None)
[2026-01-20T04:48:07.913+0000] {subprocess.py:93} INFO - 26/01/20 04:48:07 INFO BlockManager: Initialized BlockManager: BlockManagerId(driver, 519d7d29de3d, 38053, None)
[2026-01-20T04:48:08.321+0000] {subprocess.py:93} INFO - 26/01/20 04:48:08 INFO SharedState: Setting hive.metastore.warehouse.dir ('null') to the value of spark.sql.warehouse.dir.
[2026-01-20T04:48:08.326+0000] {subprocess.py:93} INFO - 26/01/20 04:48:08 INFO SharedState: Warehouse path is 'file:/tmp/***tmpqzpik5l2/spark-warehouse'.
[2026-01-20T04:48:08.949+0000] {subprocess.py:93} INFO - 26/01/20 04:48:08 INFO InMemoryFileIndex: It took 45 ms to list leaf files for 1 paths.
[2026-01-20T04:48:09.011+0000] {subprocess.py:93} INFO - 26/01/20 04:48:09 INFO InMemoryFileIndex: It took 9 ms to list leaf files for 1 paths.
[2026-01-20T04:48:10.742+0000] {subprocess.py:93} INFO - 26/01/20 04:48:10 INFO FileSourceStrategy: Pushed Filters:
[2026-01-20T04:48:10.752+0000] {subprocess.py:93} INFO - 26/01/20 04:48:10 INFO FileSourceStrategy: Post-Scan Filters:
[2026-01-20T04:48:10.977+0000] {subprocess.py:93} INFO - 26/01/20 04:48:10 INFO MemoryStore: Block broadcast_0 stored as values in memory (estimated size 199.2 KiB, free 434.2 MiB)
[2026-01-20T04:48:11.016+0000] {subprocess.py:93} INFO - 26/01/20 04:48:11 INFO MemoryStore: Block broadcast_0_piece0 stored as bytes in memory (estimated size 34.2 KiB, free 434.2 MiB)
[2026-01-20T04:48:11.018+0000] {subprocess.py:93} INFO - 26/01/20 04:48:11 INFO BlockManagerInfo: Added broadcast_0_piece0 in memory on 519d7d29de3d:38053 (size: 34.2 KiB, free: 434.4 MiB)
[2026-01-20T04:48:11.022+0000] {subprocess.py:93} INFO - 26/01/20 04:48:11 INFO SparkContext: Created broadcast 0 from json at NativeMethodAccessorImpl.java:0
[2026-01-20T04:48:11.031+0000] {subprocess.py:93} INFO - 26/01/20 04:48:11 INFO FileSourceScanExec: Planning scan with bin packing, max size: 4194304 bytes, open cost is considered as scanning 4194304 bytes.
[2026-01-20T04:48:11.151+0000] {subprocess.py:93} INFO - 26/01/20 04:48:11 INFO SparkContext: Starting job: json at NativeMethodAccessorImpl.java:0
[2026-01-20T04:48:11.165+0000] {subprocess.py:93} INFO - 26/01/20 04:48:11 INFO DAGScheduler: Got job 0 (json at NativeMethodAccessorImpl.java:0) with 13 output partitions
[2026-01-20T04:48:11.166+0000] {subprocess.py:93} INFO - 26/01/20 04:48:11 INFO DAGScheduler: Final stage: ResultStage 0 (json at NativeMethodAccessorImpl.java:0)
[2026-01-20T04:48:11.167+0000] {subprocess.py:93} INFO - 26/01/20 04:48:11 INFO DAGScheduler: Parents of final stage: List()
[2026-01-20T04:48:11.168+0000] {subprocess.py:93} INFO - 26/01/20 04:48:11 INFO DAGScheduler: Missing parents: List()
[2026-01-20T04:48:11.170+0000] {subprocess.py:93} INFO - 26/01/20 04:48:11 INFO DAGScheduler: Submitting ResultStage 0 (MapPartitionsRDD[3] at json at NativeMethodAccessorImpl.java:0), which has no missing parents
[2026-01-20T04:48:11.239+0000] {subprocess.py:93} INFO - 26/01/20 04:48:11 INFO MemoryStore: Block broadcast_1 stored as values in memory (estimated size 16.0 KiB, free 434.2 MiB)
[2026-01-20T04:48:11.241+0000] {subprocess.py:93} INFO - 26/01/20 04:48:11 INFO MemoryStore: Block broadcast_1_piece0 stored as bytes in memory (estimated size 7.5 KiB, free 434.1 MiB)
[2026-01-20T04:48:11.242+0000] {subprocess.py:93} INFO - 26/01/20 04:48:11 INFO BlockManagerInfo: Added broadcast_1_piece0 in memory on 519d7d29de3d:38053 (size: 7.5 KiB, free: 434.4 MiB)
[2026-01-20T04:48:11.243+0000] {subprocess.py:93} INFO - 26/01/20 04:48:11 INFO SparkContext: Created broadcast 1 from broadcast at DAGScheduler.scala:1580
[2026-01-20T04:48:11.254+0000] {subprocess.py:93} INFO - 26/01/20 04:48:11 INFO DAGScheduler: Submitting 13 missing tasks from ResultStage 0 (MapPartitionsRDD[3] at json at NativeMethodAccessorImpl.java:0) (first 15 tasks are for partitions Vector(0, 1, 2, 3, 4, 5, 6, 7, 8, 9, 10, 11, 12))
[2026-01-20T04:48:11.255+0000] {subprocess.py:93} INFO - 26/01/20 04:48:11 INFO TaskSchedulerImpl: Adding task set 0.0 with 13 tasks resource profile 0
[2026-01-20T04:48:11.291+0000] {subprocess.py:93} INFO - 26/01/20 04:48:11 INFO TaskSetManager: Starting task 0.0 in stage 0.0 (TID 0) (519d7d29de3d, executor driver, partition 0, PROCESS_LOCAL, 8251 bytes)
[2026-01-20T04:48:11.293+0000] {subprocess.py:93} INFO - 26/01/20 04:48:11 INFO TaskSetManager: Starting task 1.0 in stage 0.0 (TID 1) (519d7d29de3d, executor driver, partition 1, PROCESS_LOCAL, 8251 bytes)
[2026-01-20T04:48:11.294+0000] {subprocess.py:93} INFO - 26/01/20 04:48:11 INFO TaskSetManager: Starting task 2.0 in stage 0.0 (TID 2) (519d7d29de3d, executor driver, partition 2, PROCESS_LOCAL, 8251 bytes)
[2026-01-20T04:48:11.295+0000] {subprocess.py:93} INFO - 26/01/20 04:48:11 INFO TaskSetManager: Starting task 3.0 in stage 0.0 (TID 3) (519d7d29de3d, executor driver, partition 3, PROCESS_LOCAL, 8251 bytes)
[2026-01-20T04:48:11.297+0000] {subprocess.py:93} INFO - 26/01/20 04:48:11 INFO TaskSetManager: Starting task 4.0 in stage 0.0 (TID 4) (519d7d29de3d, executor driver, partition 4, PROCESS_LOCAL, 8251 bytes)
[2026-01-20T04:48:11.299+0000] {subprocess.py:93} INFO - 26/01/20 04:48:11 INFO TaskSetManager: Starting task 5.0 in stage 0.0 (TID 5) (519d7d29de3d, executor driver, partition 5, PROCESS_LOCAL, 8251 bytes)
[2026-01-20T04:48:11.300+0000] {subprocess.py:93} INFO - 26/01/20 04:48:11 INFO TaskSetManager: Starting task 6.0 in stage 0.0 (TID 6) (519d7d29de3d, executor driver, partition 6, PROCESS_LOCAL, 8251 bytes)
[2026-01-20T04:48:11.301+0000] {subprocess.py:93} INFO - 26/01/20 04:48:11 INFO TaskSetManager: Starting task 7.0 in stage 0.0 (TID 7) (519d7d29de3d, executor driver, partition 7, PROCESS_LOCAL, 8251 bytes)
[2026-01-20T04:48:11.301+0000] {subprocess.py:93} INFO - 26/01/20 04:48:11 INFO TaskSetManager: Starting task 8.0 in stage 0.0 (TID 8) (519d7d29de3d, executor driver, partition 8, PROCESS_LOCAL, 8251 bytes)
[2026-01-20T04:48:11.302+0000] {subprocess.py:93} INFO - 26/01/20 04:48:11 INFO TaskSetManager: Starting task 9.0 in stage 0.0 (TID 9) (519d7d29de3d, executor driver, partition 9, PROCESS_LOCAL, 8251 bytes)
[2026-01-20T04:48:11.302+0000] {subprocess.py:93} INFO - 26/01/20 04:48:11 INFO TaskSetManager: Starting task 10.0 in stage 0.0 (TID 10) (519d7d29de3d, executor driver, partition 10, PROCESS_LOCAL, 8251 bytes)
[2026-01-20T04:48:11.303+0000] {subprocess.py:93} INFO - 26/01/20 04:48:11 INFO TaskSetManager: Starting task 11.0 in stage 0.0 (TID 11) (519d7d29de3d, executor driver, partition 11, PROCESS_LOCAL, 8251 bytes)
[2026-01-20T04:48:11.304+0000] {subprocess.py:93} INFO - 26/01/20 04:48:11 INFO TaskSetManager: Starting task 12.0 in stage 0.0 (TID 12) (519d7d29de3d, executor driver, partition 12, PROCESS_LOCAL, 8251 bytes)
[2026-01-20T04:48:11.312+0000] {subprocess.py:93} INFO - 26/01/20 04:48:11 INFO Executor: Running task 0.0 in stage 0.0 (TID 0)
[2026-01-20T04:48:11.313+0000] {subprocess.py:93} INFO - 26/01/20 04:48:11 INFO Executor: Running task 6.0 in stage 0.0 (TID 6)
[2026-01-20T04:48:11.314+0000] {subprocess.py:93} INFO - 26/01/20 04:48:11 INFO Executor: Running task 2.0 in stage 0.0 (TID 2)
[2026-01-20T04:48:11.315+0000] {subprocess.py:93} INFO - 26/01/20 04:48:11 INFO Executor: Running task 1.0 in stage 0.0 (TID 1)
[2026-01-20T04:48:11.316+0000] {subprocess.py:93} INFO - 26/01/20 04:48:11 INFO Executor: Running task 4.0 in stage 0.0 (TID 4)
[2026-01-20T04:48:11.317+0000] {subprocess.py:93} INFO - 26/01/20 04:48:11 INFO Executor: Running task 3.0 in stage 0.0 (TID 3)
[2026-01-20T04:48:11.317+0000] {subprocess.py:93} INFO - 26/01/20 04:48:11 INFO Executor: Running task 5.0 in stage 0.0 (TID 5)
[2026-01-20T04:48:11.318+0000] {subprocess.py:93} INFO - 26/01/20 04:48:11 INFO Executor: Running task 7.0 in stage 0.0 (TID 7)
[2026-01-20T04:48:11.319+0000] {subprocess.py:93} INFO - 26/01/20 04:48:11 INFO Executor: Running task 8.0 in stage 0.0 (TID 8)
[2026-01-20T04:48:11.319+0000] {subprocess.py:93} INFO - 26/01/20 04:48:11 INFO Executor: Running task 9.0 in stage 0.0 (TID 9)
[2026-01-20T04:48:11.320+0000] {subprocess.py:93} INFO - 26/01/20 04:48:11 INFO Executor: Running task 10.0 in stage 0.0 (TID 10)
[2026-01-20T04:48:11.321+0000] {subprocess.py:93} INFO - 26/01/20 04:48:11 INFO Executor: Running task 11.0 in stage 0.0 (TID 11)
[2026-01-20T04:48:11.322+0000] {subprocess.py:93} INFO - 26/01/20 04:48:11 INFO Executor: Running task 12.0 in stage 0.0 (TID 12)
[2026-01-20T04:48:11.530+0000] {subprocess.py:93} INFO - 26/01/20 04:48:11 INFO FileScanRDD: Reading File path: file:///opt/spark-data/landing/transaction_events_1768879479.1820476.json, range: 20971520-25165824, partition values: [empty row]
[2026-01-20T04:48:11.531+0000] {subprocess.py:93} INFO - 26/01/20 04:48:11 INFO FileScanRDD: Reading File path: file:///opt/spark-data/landing/transaction_events_1768879479.1820476.json, range: 50331648-51561162, partition values: [empty row]
[2026-01-20T04:48:11.532+0000] {subprocess.py:93} INFO - 26/01/20 04:48:11 INFO FileScanRDD: Reading File path: file:///opt/spark-data/landing/transaction_events_1768879479.1820476.json, range: 12582912-16777216, partition values: [empty row]
[2026-01-20T04:48:11.532+0000] {subprocess.py:93} INFO - 26/01/20 04:48:11 INFO FileScanRDD: Reading File path: file:///opt/spark-data/landing/transaction_events_1768879479.1820476.json, range: 8388608-12582912, partition values: [empty row]
[2026-01-20T04:48:11.533+0000] {subprocess.py:93} INFO - 26/01/20 04:48:11 INFO FileScanRDD: Reading File path: file:///opt/spark-data/landing/transaction_events_1768879479.1820476.json, range: 33554432-37748736, partition values: [empty row]
[2026-01-20T04:48:11.534+0000] {subprocess.py:93} INFO - 26/01/20 04:48:11 INFO FileScanRDD: Reading File path: file:///opt/spark-data/landing/transaction_events_1768879479.1820476.json, range: 0-4194304, partition values: [empty row]
[2026-01-20T04:48:11.534+0000] {subprocess.py:93} INFO - 26/01/20 04:48:11 INFO FileScanRDD: Reading File path: file:///opt/spark-data/landing/transaction_events_1768879479.1820476.json, range: 41943040-46137344, partition values: [empty row]
[2026-01-20T04:48:11.535+0000] {subprocess.py:93} INFO - 26/01/20 04:48:11 INFO FileScanRDD: Reading File path: file:///opt/spark-data/landing/transaction_events_1768879479.1820476.json, range: 16777216-20971520, partition values: [empty row]
[2026-01-20T04:48:11.536+0000] {subprocess.py:93} INFO - 26/01/20 04:48:11 INFO FileScanRDD: Reading File path: file:///opt/spark-data/landing/transaction_events_1768879479.1820476.json, range: 4194304-8388608, partition values: [empty row]
[2026-01-20T04:48:11.536+0000] {subprocess.py:93} INFO - 26/01/20 04:48:11 INFO FileScanRDD: Reading File path: file:///opt/spark-data/landing/transaction_events_1768879479.1820476.json, range: 37748736-41943040, partition values: [empty row]
[2026-01-20T04:48:11.537+0000] {subprocess.py:93} INFO - 26/01/20 04:48:11 INFO FileScanRDD: Reading File path: file:///opt/spark-data/landing/transaction_events_1768879479.1820476.json, range: 25165824-29360128, partition values: [empty row]
[2026-01-20T04:48:11.538+0000] {subprocess.py:93} INFO - 26/01/20 04:48:11 INFO FileScanRDD: Reading File path: file:///opt/spark-data/landing/transaction_events_1768879479.1820476.json, range: 46137344-50331648, partition values: [empty row]
[2026-01-20T04:48:11.538+0000] {subprocess.py:93} INFO - 26/01/20 04:48:11 INFO FileScanRDD: Reading File path: file:///opt/spark-data/landing/transaction_events_1768879479.1820476.json, range: 29360128-33554432, partition values: [empty row]
[2026-01-20T04:48:11.761+0000] {subprocess.py:93} INFO - 26/01/20 04:48:11 INFO CodeGenerator: Code generated in 178.027802 ms
[2026-01-20T04:48:12.407+0000] {subprocess.py:93} INFO - 26/01/20 04:48:12 INFO Executor: Finished task 12.0 in stage 0.0 (TID 12). 3067 bytes result sent to driver
[2026-01-20T04:48:12.426+0000] {subprocess.py:93} INFO - 26/01/20 04:48:12 INFO TaskSetManager: Finished task 12.0 in stage 0.0 (TID 12) in 1123 ms on 519d7d29de3d (executor driver) (1/13)
[2026-01-20T04:48:12.582+0000] {subprocess.py:93} INFO - 26/01/20 04:48:12 INFO Executor: Finished task 9.0 in stage 0.0 (TID 9). 3024 bytes result sent to driver
[2026-01-20T04:48:12.585+0000] {subprocess.py:93} INFO - 26/01/20 04:48:12 INFO TaskSetManager: Finished task 9.0 in stage 0.0 (TID 9) in 1284 ms on 519d7d29de3d (executor driver) (2/13)
[2026-01-20T04:48:12.587+0000] {subprocess.py:93} INFO - 26/01/20 04:48:12 INFO Executor: Finished task 4.0 in stage 0.0 (TID 4). 3024 bytes result sent to driver
[2026-01-20T04:48:12.588+0000] {subprocess.py:93} INFO - 26/01/20 04:48:12 INFO Executor: Finished task 7.0 in stage 0.0 (TID 7). 3024 bytes result sent to driver
[2026-01-20T04:48:12.590+0000] {subprocess.py:93} INFO - 26/01/20 04:48:12 INFO Executor: Finished task 10.0 in stage 0.0 (TID 10). 3024 bytes result sent to driver
[2026-01-20T04:48:12.591+0000] {subprocess.py:93} INFO - 26/01/20 04:48:12 INFO TaskSetManager: Finished task 4.0 in stage 0.0 (TID 4) in 1292 ms on 519d7d29de3d (executor driver) (3/13)
[2026-01-20T04:48:12.592+0000] {subprocess.py:93} INFO - 26/01/20 04:48:12 INFO Executor: Finished task 2.0 in stage 0.0 (TID 2). 3024 bytes result sent to driver
[2026-01-20T04:48:12.593+0000] {subprocess.py:93} INFO - 26/01/20 04:48:12 INFO TaskSetManager: Finished task 7.0 in stage 0.0 (TID 7) in 1290 ms on 519d7d29de3d (executor driver) (4/13)
[2026-01-20T04:48:12.594+0000] {subprocess.py:93} INFO - 26/01/20 04:48:12 INFO TaskSetManager: Finished task 10.0 in stage 0.0 (TID 10) in 1289 ms on 519d7d29de3d (executor driver) (5/13)
[2026-01-20T04:48:12.597+0000] {subprocess.py:93} INFO - 26/01/20 04:48:12 INFO Executor: Finished task 0.0 in stage 0.0 (TID 0). 3024 bytes result sent to driver
[2026-01-20T04:48:12.598+0000] {subprocess.py:93} INFO - 26/01/20 04:48:12 INFO TaskSetManager: Finished task 2.0 in stage 0.0 (TID 2) in 1297 ms on 519d7d29de3d (executor driver) (6/13)
[2026-01-20T04:48:12.599+0000] {subprocess.py:93} INFO - 26/01/20 04:48:12 INFO Executor: Finished task 1.0 in stage 0.0 (TID 1). 3024 bytes result sent to driver
[2026-01-20T04:48:12.599+0000] {subprocess.py:93} INFO - 26/01/20 04:48:12 INFO Executor: Finished task 8.0 in stage 0.0 (TID 8). 3024 bytes result sent to driver
[2026-01-20T04:48:12.600+0000] {subprocess.py:93} INFO - 26/01/20 04:48:12 INFO TaskSetManager: Finished task 0.0 in stage 0.0 (TID 0) in 1314 ms on 519d7d29de3d (executor driver) (7/13)
[2026-01-20T04:48:12.601+0000] {subprocess.py:93} INFO - 26/01/20 04:48:12 INFO Executor: Finished task 5.0 in stage 0.0 (TID 5). 3024 bytes result sent to driver
[2026-01-20T04:48:12.601+0000] {subprocess.py:93} INFO - 26/01/20 04:48:12 INFO Executor: Finished task 6.0 in stage 0.0 (TID 6). 3024 bytes result sent to driver
[2026-01-20T04:48:12.602+0000] {subprocess.py:93} INFO - 26/01/20 04:48:12 INFO TaskSetManager: Finished task 8.0 in stage 0.0 (TID 8) in 1296 ms on 519d7d29de3d (executor driver) (8/13)
[2026-01-20T04:48:12.603+0000] {subprocess.py:93} INFO - 26/01/20 04:48:12 INFO TaskSetManager: Finished task 1.0 in stage 0.0 (TID 1) in 1302 ms on 519d7d29de3d (executor driver) (9/13)
[2026-01-20T04:48:12.604+0000] {subprocess.py:93} INFO - 26/01/20 04:48:12 INFO Executor: Finished task 3.0 in stage 0.0 (TID 3). 3067 bytes result sent to driver
[2026-01-20T04:48:12.604+0000] {subprocess.py:93} INFO - 26/01/20 04:48:12 INFO TaskSetManager: Finished task 6.0 in stage 0.0 (TID 6) in 1300 ms on 519d7d29de3d (executor driver) (10/13)
[2026-01-20T04:48:12.605+0000] {subprocess.py:93} INFO - 26/01/20 04:48:12 INFO TaskSetManager: Finished task 3.0 in stage 0.0 (TID 3) in 1303 ms on 519d7d29de3d (executor driver) (11/13)
[2026-01-20T04:48:12.606+0000] {subprocess.py:93} INFO - 26/01/20 04:48:12 INFO TaskSetManager: Finished task 5.0 in stage 0.0 (TID 5) in 1302 ms on 519d7d29de3d (executor driver) (12/13)
[2026-01-20T04:48:12.607+0000] {subprocess.py:93} INFO - 26/01/20 04:48:12 INFO Executor: Finished task 11.0 in stage 0.0 (TID 11). 3024 bytes result sent to driver
[2026-01-20T04:48:12.607+0000] {subprocess.py:93} INFO - 26/01/20 04:48:12 INFO TaskSetManager: Finished task 11.0 in stage 0.0 (TID 11) in 1304 ms on 519d7d29de3d (executor driver) (13/13)
[2026-01-20T04:48:12.608+0000] {subprocess.py:93} INFO - 26/01/20 04:48:12 INFO TaskSchedulerImpl: Removed TaskSet 0.0, whose tasks have all completed, from pool
[2026-01-20T04:48:12.609+0000] {subprocess.py:93} INFO - 26/01/20 04:48:12 INFO DAGScheduler: ResultStage 0 (json at NativeMethodAccessorImpl.java:0) finished in 1.423 s
[2026-01-20T04:48:12.613+0000] {subprocess.py:93} INFO - 26/01/20 04:48:12 INFO DAGScheduler: Job 0 is finished. Cancelling potential speculative or zombie tasks for this job
[2026-01-20T04:48:12.614+0000] {subprocess.py:93} INFO - 26/01/20 04:48:12 INFO TaskSchedulerImpl: Killing all running tasks in stage 0: Stage finished
[2026-01-20T04:48:12.616+0000] {subprocess.py:93} INFO - 26/01/20 04:48:12 INFO DAGScheduler: Job 0 finished: json at NativeMethodAccessorImpl.java:0, took 1.464635 s
[2026-01-20T04:48:12.721+0000] {subprocess.py:93} INFO - 26/01/20 04:48:12 INFO InMemoryFileIndex: It took 6 ms to list leaf files for 1 paths.
[2026-01-20T04:48:12.736+0000] {subprocess.py:93} INFO - 26/01/20 04:48:12 INFO InMemoryFileIndex: It took 5 ms to list leaf files for 1 paths.
[2026-01-20T04:48:12.773+0000] {subprocess.py:93} INFO - 26/01/20 04:48:12 INFO FileSourceStrategy: Pushed Filters:
[2026-01-20T04:48:12.774+0000] {subprocess.py:93} INFO - 26/01/20 04:48:12 INFO FileSourceStrategy: Post-Scan Filters:
[2026-01-20T04:48:12.784+0000] {subprocess.py:93} INFO - 26/01/20 04:48:12 INFO MemoryStore: Block broadcast_2 stored as values in memory (estimated size 199.2 KiB, free 434.0 MiB)
[2026-01-20T04:48:12.803+0000] {subprocess.py:93} INFO - 26/01/20 04:48:12 INFO MemoryStore: Block broadcast_2_piece0 stored as bytes in memory (estimated size 34.2 KiB, free 433.9 MiB)
[2026-01-20T04:48:12.804+0000] {subprocess.py:93} INFO - 26/01/20 04:48:12 INFO BlockManagerInfo: Added broadcast_2_piece0 in memory on 519d7d29de3d:38053 (size: 34.2 KiB, free: 434.3 MiB)
[2026-01-20T04:48:12.806+0000] {subprocess.py:93} INFO - 26/01/20 04:48:12 INFO SparkContext: Created broadcast 2 from json at NativeMethodAccessorImpl.java:0
[2026-01-20T04:48:12.807+0000] {subprocess.py:93} INFO - 26/01/20 04:48:12 INFO FileSourceScanExec: Planning scan with bin packing, max size: 4194304 bytes, open cost is considered as scanning 4194304 bytes.
[2026-01-20T04:48:12.820+0000] {subprocess.py:93} INFO - 26/01/20 04:48:12 INFO SparkContext: Starting job: json at NativeMethodAccessorImpl.java:0
[2026-01-20T04:48:12.822+0000] {subprocess.py:93} INFO - 26/01/20 04:48:12 INFO DAGScheduler: Got job 1 (json at NativeMethodAccessorImpl.java:0) with 8 output partitions
[2026-01-20T04:48:12.823+0000] {subprocess.py:93} INFO - 26/01/20 04:48:12 INFO DAGScheduler: Final stage: ResultStage 1 (json at NativeMethodAccessorImpl.java:0)
[2026-01-20T04:48:12.823+0000] {subprocess.py:93} INFO - 26/01/20 04:48:12 INFO DAGScheduler: Parents of final stage: List()
[2026-01-20T04:48:12.824+0000] {subprocess.py:93} INFO - 26/01/20 04:48:12 INFO DAGScheduler: Missing parents: List()
[2026-01-20T04:48:12.825+0000] {subprocess.py:93} INFO - 26/01/20 04:48:12 INFO DAGScheduler: Submitting ResultStage 1 (MapPartitionsRDD[7] at json at NativeMethodAccessorImpl.java:0), which has no missing parents
[2026-01-20T04:48:12.826+0000] {subprocess.py:93} INFO - 26/01/20 04:48:12 INFO MemoryStore: Block broadcast_3 stored as values in memory (estimated size 16.0 KiB, free 433.9 MiB)
[2026-01-20T04:48:12.827+0000] {subprocess.py:93} INFO - 26/01/20 04:48:12 INFO MemoryStore: Block broadcast_3_piece0 stored as bytes in memory (estimated size 7.5 KiB, free 433.9 MiB)
[2026-01-20T04:48:12.828+0000] {subprocess.py:93} INFO - 26/01/20 04:48:12 INFO BlockManagerInfo: Added broadcast_3_piece0 in memory on 519d7d29de3d:38053 (size: 7.5 KiB, free: 434.3 MiB)
[2026-01-20T04:48:12.829+0000] {subprocess.py:93} INFO - 26/01/20 04:48:12 INFO SparkContext: Created broadcast 3 from broadcast at DAGScheduler.scala:1580
[2026-01-20T04:48:12.830+0000] {subprocess.py:93} INFO - 26/01/20 04:48:12 INFO DAGScheduler: Submitting 8 missing tasks from ResultStage 1 (MapPartitionsRDD[7] at json at NativeMethodAccessorImpl.java:0) (first 15 tasks are for partitions Vector(0, 1, 2, 3, 4, 5, 6, 7))
[2026-01-20T04:48:12.831+0000] {subprocess.py:93} INFO - 26/01/20 04:48:12 INFO TaskSchedulerImpl: Adding task set 1.0 with 8 tasks resource profile 0
[2026-01-20T04:48:12.832+0000] {subprocess.py:93} INFO - 26/01/20 04:48:12 INFO TaskSetManager: Starting task 0.0 in stage 1.0 (TID 13) (519d7d29de3d, executor driver, partition 0, PROCESS_LOCAL, 8244 bytes)
[2026-01-20T04:48:12.833+0000] {subprocess.py:93} INFO - 26/01/20 04:48:12 INFO TaskSetManager: Starting task 1.0 in stage 1.0 (TID 14) (519d7d29de3d, executor driver, partition 1, PROCESS_LOCAL, 8244 bytes)
[2026-01-20T04:48:12.834+0000] {subprocess.py:93} INFO - 26/01/20 04:48:12 INFO TaskSetManager: Starting task 2.0 in stage 1.0 (TID 15) (519d7d29de3d, executor driver, partition 2, PROCESS_LOCAL, 8244 bytes)
[2026-01-20T04:48:12.834+0000] {subprocess.py:93} INFO - 26/01/20 04:48:12 INFO TaskSetManager: Starting task 3.0 in stage 1.0 (TID 16) (519d7d29de3d, executor driver, partition 3, PROCESS_LOCAL, 8244 bytes)
[2026-01-20T04:48:12.835+0000] {subprocess.py:93} INFO - 26/01/20 04:48:12 INFO TaskSetManager: Starting task 4.0 in stage 1.0 (TID 17) (519d7d29de3d, executor driver, partition 4, PROCESS_LOCAL, 8244 bytes)
[2026-01-20T04:48:12.836+0000] {subprocess.py:93} INFO - 26/01/20 04:48:12 INFO TaskSetManager: Starting task 5.0 in stage 1.0 (TID 18) (519d7d29de3d, executor driver, partition 5, PROCESS_LOCAL, 8244 bytes)
[2026-01-20T04:48:12.837+0000] {subprocess.py:93} INFO - 26/01/20 04:48:12 INFO TaskSetManager: Starting task 6.0 in stage 1.0 (TID 19) (519d7d29de3d, executor driver, partition 6, PROCESS_LOCAL, 8244 bytes)
[2026-01-20T04:48:12.838+0000] {subprocess.py:93} INFO - 26/01/20 04:48:12 INFO TaskSetManager: Starting task 7.0 in stage 1.0 (TID 20) (519d7d29de3d, executor driver, partition 7, PROCESS_LOCAL, 8244 bytes)
[2026-01-20T04:48:12.839+0000] {subprocess.py:93} INFO - 26/01/20 04:48:12 INFO Executor: Running task 1.0 in stage 1.0 (TID 14)
[2026-01-20T04:48:12.839+0000] {subprocess.py:93} INFO - 26/01/20 04:48:12 INFO Executor: Running task 2.0 in stage 1.0 (TID 15)
[2026-01-20T04:48:12.840+0000] {subprocess.py:93} INFO - 26/01/20 04:48:12 INFO Executor: Running task 0.0 in stage 1.0 (TID 13)
[2026-01-20T04:48:12.840+0000] {subprocess.py:93} INFO - 26/01/20 04:48:12 INFO Executor: Running task 4.0 in stage 1.0 (TID 17)
[2026-01-20T04:48:12.841+0000] {subprocess.py:93} INFO - 26/01/20 04:48:12 INFO Executor: Running task 5.0 in stage 1.0 (TID 18)
[2026-01-20T04:48:12.842+0000] {subprocess.py:93} INFO - 26/01/20 04:48:12 INFO Executor: Running task 6.0 in stage 1.0 (TID 19)
[2026-01-20T04:48:12.842+0000] {subprocess.py:93} INFO - 26/01/20 04:48:12 INFO Executor: Running task 7.0 in stage 1.0 (TID 20)
[2026-01-20T04:48:12.843+0000] {subprocess.py:93} INFO - 26/01/20 04:48:12 INFO Executor: Running task 3.0 in stage 1.0 (TID 16)
[2026-01-20T04:48:12.844+0000] {subprocess.py:93} INFO - 26/01/20 04:48:12 INFO FileScanRDD: Reading File path: file:///opt/spark-data/landing/user_events_1768879431.2231393.json, range: 29360128-33532706, partition values: [empty row]
[2026-01-20T04:48:12.845+0000] {subprocess.py:93} INFO - 26/01/20 04:48:12 INFO FileScanRDD: Reading File path: file:///opt/spark-data/landing/user_events_1768879431.2231393.json, range: 20971520-25165824, partition values: [empty row]
[2026-01-20T04:48:12.846+0000] {subprocess.py:93} INFO - 26/01/20 04:48:12 INFO FileScanRDD: Reading File path: file:///opt/spark-data/landing/user_events_1768879431.2231393.json, range: 0-4194304, partition values: [empty row]
[2026-01-20T04:48:12.846+0000] {subprocess.py:93} INFO - 26/01/20 04:48:12 INFO FileScanRDD: Reading File path: file:///opt/spark-data/landing/user_events_1768879431.2231393.json, range: 8388608-12582912, partition values: [empty row]
[2026-01-20T04:48:12.847+0000] {subprocess.py:93} INFO - 26/01/20 04:48:12 INFO FileScanRDD: Reading File path: file:///opt/spark-data/landing/user_events_1768879431.2231393.json, range: 25165824-29360128, partition values: [empty row]
[2026-01-20T04:48:12.848+0000] {subprocess.py:93} INFO - 26/01/20 04:48:12 INFO FileScanRDD: Reading File path: file:///opt/spark-data/landing/user_events_1768879431.2231393.json, range: 12582912-16777216, partition values: [empty row]
[2026-01-20T04:48:12.849+0000] {subprocess.py:93} INFO - 26/01/20 04:48:12 INFO FileScanRDD: Reading File path: file:///opt/spark-data/landing/user_events_1768879431.2231393.json, range: 16777216-20971520, partition values: [empty row]
[2026-01-20T04:48:12.849+0000] {subprocess.py:93} INFO - 26/01/20 04:48:12 INFO FileScanRDD: Reading File path: file:///opt/spark-data/landing/user_events_1768879431.2231393.json, range: 4194304-8388608, partition values: [empty row]
[2026-01-20T04:48:13.373+0000] {subprocess.py:93} INFO - 26/01/20 04:48:13 INFO Executor: Finished task 2.0 in stage 1.0 (TID 15). 2401 bytes result sent to driver
[2026-01-20T04:48:13.375+0000] {subprocess.py:93} INFO - 26/01/20 04:48:13 INFO Executor: Finished task 3.0 in stage 1.0 (TID 16). 2401 bytes result sent to driver
[2026-01-20T04:48:13.376+0000] {subprocess.py:93} INFO - 26/01/20 04:48:13 INFO Executor: Finished task 7.0 in stage 1.0 (TID 20). 2401 bytes result sent to driver
[2026-01-20T04:48:13.377+0000] {subprocess.py:93} INFO - 26/01/20 04:48:13 INFO TaskSetManager: Finished task 2.0 in stage 1.0 (TID 15) in 542 ms on 519d7d29de3d (executor driver) (1/8)
[2026-01-20T04:48:13.378+0000] {subprocess.py:93} INFO - 26/01/20 04:48:13 INFO Executor: Finished task 0.0 in stage 1.0 (TID 13). 2401 bytes result sent to driver
[2026-01-20T04:48:13.379+0000] {subprocess.py:93} INFO - 26/01/20 04:48:13 INFO Executor: Finished task 6.0 in stage 1.0 (TID 19). 2401 bytes result sent to driver
[2026-01-20T04:48:13.380+0000] {subprocess.py:93} INFO - 26/01/20 04:48:13 INFO TaskSetManager: Finished task 3.0 in stage 1.0 (TID 16) in 544 ms on 519d7d29de3d (executor driver) (2/8)
[2026-01-20T04:48:13.381+0000] {subprocess.py:93} INFO - 26/01/20 04:48:13 INFO Executor: Finished task 5.0 in stage 1.0 (TID 18). 2401 bytes result sent to driver
[2026-01-20T04:48:13.382+0000] {subprocess.py:93} INFO - 26/01/20 04:48:13 INFO Executor: Finished task 1.0 in stage 1.0 (TID 14). 2401 bytes result sent to driver
[2026-01-20T04:48:13.383+0000] {subprocess.py:93} INFO - 26/01/20 04:48:13 INFO TaskSetManager: Finished task 0.0 in stage 1.0 (TID 13) in 547 ms on 519d7d29de3d (executor driver) (3/8)
[2026-01-20T04:48:13.384+0000] {subprocess.py:93} INFO - 26/01/20 04:48:13 INFO TaskSetManager: Finished task 7.0 in stage 1.0 (TID 20) in 546 ms on 519d7d29de3d (executor driver) (4/8)
[2026-01-20T04:48:13.385+0000] {subprocess.py:93} INFO - 26/01/20 04:48:13 INFO TaskSetManager: Finished task 6.0 in stage 1.0 (TID 19) in 546 ms on 519d7d29de3d (executor driver) (5/8)
[2026-01-20T04:48:13.386+0000] {subprocess.py:93} INFO - 26/01/20 04:48:13 INFO TaskSetManager: Finished task 5.0 in stage 1.0 (TID 18) in 548 ms on 519d7d29de3d (executor driver) (6/8)
[2026-01-20T04:48:13.387+0000] {subprocess.py:93} INFO - 26/01/20 04:48:13 INFO Executor: Finished task 4.0 in stage 1.0 (TID 17). 2401 bytes result sent to driver
[2026-01-20T04:48:13.387+0000] {subprocess.py:93} INFO - 26/01/20 04:48:13 INFO TaskSetManager: Finished task 1.0 in stage 1.0 (TID 14) in 550 ms on 519d7d29de3d (executor driver) (7/8)
[2026-01-20T04:48:13.388+0000] {subprocess.py:93} INFO - 26/01/20 04:48:13 INFO TaskSetManager: Finished task 4.0 in stage 1.0 (TID 17) in 551 ms on 519d7d29de3d (executor driver) (8/8)
[2026-01-20T04:48:13.389+0000] {subprocess.py:93} INFO - 26/01/20 04:48:13 INFO TaskSchedulerImpl: Removed TaskSet 1.0, whose tasks have all completed, from pool
[2026-01-20T04:48:13.390+0000] {subprocess.py:93} INFO - 26/01/20 04:48:13 INFO DAGScheduler: ResultStage 1 (json at NativeMethodAccessorImpl.java:0) finished in 0.562 s
[2026-01-20T04:48:13.390+0000] {subprocess.py:93} INFO - 26/01/20 04:48:13 INFO DAGScheduler: Job 1 is finished. Cancelling potential speculative or zombie tasks for this job
[2026-01-20T04:48:13.391+0000] {subprocess.py:93} INFO - 26/01/20 04:48:13 INFO TaskSchedulerImpl: Killing all running tasks in stage 1: Stage finished
[2026-01-20T04:48:13.392+0000] {subprocess.py:93} INFO - 26/01/20 04:48:13 INFO DAGScheduler: Job 1 finished: json at NativeMethodAccessorImpl.java:0, took 0.566751 s
[2026-01-20T04:48:13.999+0000] {subprocess.py:93} INFO - 26/01/20 04:48:13 INFO BlockManagerInfo: Removed broadcast_2_piece0 on 519d7d29de3d:38053 in memory (size: 34.2 KiB, free: 434.4 MiB)
[2026-01-20T04:48:14.010+0000] {subprocess.py:93} INFO - 26/01/20 04:48:14 INFO BlockManagerInfo: Removed broadcast_3_piece0 on 519d7d29de3d:38053 in memory (size: 7.5 KiB, free: 434.4 MiB)
[2026-01-20T04:48:14.195+0000] {subprocess.py:93} INFO - 26/01/20 04:48:14 INFO FileSourceStrategy: Pushed Filters: IsNotNull(user_id),IsNotNull(line_items)
[2026-01-20T04:48:14.197+0000] {subprocess.py:93} INFO - 26/01/20 04:48:14 INFO FileSourceStrategy: Post-Scan Filters: isnotnull(user_id#21),(size(line_items#10, true) > 0),isnotnull(line_items#10)
[2026-01-20T04:48:14.201+0000] {subprocess.py:93} INFO - 26/01/20 04:48:14 INFO FileSourceStrategy: Pushed Filters: IsNotNull(user_id),IsNotNull(product_id)
[2026-01-20T04:48:14.202+0000] {subprocess.py:93} INFO - 26/01/20 04:48:14 INFO FileSourceStrategy: Post-Scan Filters: isnotnull(user_id#58),isnotnull(product_id#53)
[2026-01-20T04:48:14.378+0000] {subprocess.py:93} INFO - 26/01/20 04:48:14 INFO CodeGenerator: Code generated in 41.559722 ms
[2026-01-20T04:48:14.382+0000] {subprocess.py:93} INFO - 26/01/20 04:48:14 INFO MemoryStore: Block broadcast_4 stored as values in memory (estimated size 199.1 KiB, free 434.0 MiB)
[2026-01-20T04:48:14.394+0000] {subprocess.py:93} INFO - 26/01/20 04:48:14 INFO MemoryStore: Block broadcast_4_piece0 stored as bytes in memory (estimated size 34.2 KiB, free 433.9 MiB)
[2026-01-20T04:48:14.395+0000] {subprocess.py:93} INFO - 26/01/20 04:48:14 INFO BlockManagerInfo: Added broadcast_4_piece0 in memory on 519d7d29de3d:38053 (size: 34.2 KiB, free: 434.3 MiB)
[2026-01-20T04:48:14.397+0000] {subprocess.py:93} INFO - 26/01/20 04:48:14 INFO SparkContext: Created broadcast 4 from $anonfun$withThreadLocalCaptured$1 at FutureTask.java:264
[2026-01-20T04:48:14.400+0000] {subprocess.py:93} INFO - 26/01/20 04:48:14 INFO FileSourceScanExec: Planning scan with bin packing, max size: 4194304 bytes, open cost is considered as scanning 4194304 bytes.
[2026-01-20T04:48:14.435+0000] {subprocess.py:93} INFO - 26/01/20 04:48:14 INFO SparkContext: Starting job: $anonfun$withThreadLocalCaptured$1 at FutureTask.java:264
[2026-01-20T04:48:14.437+0000] {subprocess.py:93} INFO - 26/01/20 04:48:14 INFO DAGScheduler: Got job 2 ($anonfun$withThreadLocalCaptured$1 at FutureTask.java:264) with 8 output partitions
[2026-01-20T04:48:14.438+0000] {subprocess.py:93} INFO - 26/01/20 04:48:14 INFO DAGScheduler: Final stage: ResultStage 2 ($anonfun$withThreadLocalCaptured$1 at FutureTask.java:264)
[2026-01-20T04:48:14.439+0000] {subprocess.py:93} INFO - 26/01/20 04:48:14 INFO DAGScheduler: Parents of final stage: List()
[2026-01-20T04:48:14.440+0000] {subprocess.py:93} INFO - 26/01/20 04:48:14 INFO DAGScheduler: Missing parents: List()
[2026-01-20T04:48:14.441+0000] {subprocess.py:93} INFO - 26/01/20 04:48:14 INFO DAGScheduler: Submitting ResultStage 2 (MapPartitionsRDD[11] at $anonfun$withThreadLocalCaptured$1 at FutureTask.java:264), which has no missing parents
[2026-01-20T04:48:14.443+0000] {subprocess.py:93} INFO - 26/01/20 04:48:14 INFO MemoryStore: Block broadcast_5 stored as values in memory (estimated size 15.6 KiB, free 433.9 MiB)
[2026-01-20T04:48:14.445+0000] {subprocess.py:93} INFO - 26/01/20 04:48:14 INFO MemoryStore: Block broadcast_5_piece0 stored as bytes in memory (estimated size 7.4 KiB, free 433.9 MiB)
[2026-01-20T04:48:14.446+0000] {subprocess.py:93} INFO - 26/01/20 04:48:14 INFO BlockManagerInfo: Added broadcast_5_piece0 in memory on 519d7d29de3d:38053 (size: 7.4 KiB, free: 434.3 MiB)
[2026-01-20T04:48:14.447+0000] {subprocess.py:93} INFO - 26/01/20 04:48:14 INFO SparkContext: Created broadcast 5 from broadcast at DAGScheduler.scala:1580
[2026-01-20T04:48:14.448+0000] {subprocess.py:93} INFO - 26/01/20 04:48:14 INFO DAGScheduler: Submitting 8 missing tasks from ResultStage 2 (MapPartitionsRDD[11] at $anonfun$withThreadLocalCaptured$1 at FutureTask.java:264) (first 15 tasks are for partitions Vector(0, 1, 2, 3, 4, 5, 6, 7))
[2026-01-20T04:48:14.448+0000] {subprocess.py:93} INFO - 26/01/20 04:48:14 INFO TaskSchedulerImpl: Adding task set 2.0 with 8 tasks resource profile 0
[2026-01-20T04:48:14.449+0000] {subprocess.py:93} INFO - 26/01/20 04:48:14 INFO TaskSetManager: Starting task 0.0 in stage 2.0 (TID 21) (519d7d29de3d, executor driver, partition 0, PROCESS_LOCAL, 8244 bytes)
[2026-01-20T04:48:14.450+0000] {subprocess.py:93} INFO - 26/01/20 04:48:14 INFO TaskSetManager: Starting task 1.0 in stage 2.0 (TID 22) (519d7d29de3d, executor driver, partition 1, PROCESS_LOCAL, 8244 bytes)
[2026-01-20T04:48:14.451+0000] {subprocess.py:93} INFO - 26/01/20 04:48:14 INFO TaskSetManager: Starting task 2.0 in stage 2.0 (TID 23) (519d7d29de3d, executor driver, partition 2, PROCESS_LOCAL, 8244 bytes)
[2026-01-20T04:48:14.452+0000] {subprocess.py:93} INFO - 26/01/20 04:48:14 INFO TaskSetManager: Starting task 3.0 in stage 2.0 (TID 24) (519d7d29de3d, executor driver, partition 3, PROCESS_LOCAL, 8244 bytes)
[2026-01-20T04:48:14.453+0000] {subprocess.py:93} INFO - 26/01/20 04:48:14 INFO TaskSetManager: Starting task 4.0 in stage 2.0 (TID 25) (519d7d29de3d, executor driver, partition 4, PROCESS_LOCAL, 8244 bytes)
[2026-01-20T04:48:14.453+0000] {subprocess.py:93} INFO - 26/01/20 04:48:14 INFO TaskSetManager: Starting task 5.0 in stage 2.0 (TID 26) (519d7d29de3d, executor driver, partition 5, PROCESS_LOCAL, 8244 bytes)
[2026-01-20T04:48:14.454+0000] {subprocess.py:93} INFO - 26/01/20 04:48:14 INFO TaskSetManager: Starting task 6.0 in stage 2.0 (TID 27) (519d7d29de3d, executor driver, partition 6, PROCESS_LOCAL, 8244 bytes)
[2026-01-20T04:48:14.455+0000] {subprocess.py:93} INFO - 26/01/20 04:48:14 INFO TaskSetManager: Starting task 7.0 in stage 2.0 (TID 28) (519d7d29de3d, executor driver, partition 7, PROCESS_LOCAL, 8244 bytes)
[2026-01-20T04:48:14.456+0000] {subprocess.py:93} INFO - 26/01/20 04:48:14 INFO Executor: Running task 0.0 in stage 2.0 (TID 21)
[2026-01-20T04:48:14.458+0000] {subprocess.py:93} INFO - 26/01/20 04:48:14 INFO Executor: Running task 1.0 in stage 2.0 (TID 22)
[2026-01-20T04:48:14.459+0000] {subprocess.py:93} INFO - 26/01/20 04:48:14 INFO Executor: Running task 2.0 in stage 2.0 (TID 23)
[2026-01-20T04:48:14.460+0000] {subprocess.py:93} INFO - 26/01/20 04:48:14 INFO Executor: Running task 4.0 in stage 2.0 (TID 25)
[2026-01-20T04:48:14.460+0000] {subprocess.py:93} INFO - 26/01/20 04:48:14 INFO Executor: Running task 3.0 in stage 2.0 (TID 24)
[2026-01-20T04:48:14.461+0000] {subprocess.py:93} INFO - 26/01/20 04:48:14 INFO Executor: Running task 5.0 in stage 2.0 (TID 26)
[2026-01-20T04:48:14.462+0000] {subprocess.py:93} INFO - 26/01/20 04:48:14 INFO Executor: Running task 6.0 in stage 2.0 (TID 27)
[2026-01-20T04:48:14.463+0000] {subprocess.py:93} INFO - 26/01/20 04:48:14 INFO Executor: Running task 7.0 in stage 2.0 (TID 28)
[2026-01-20T04:48:14.499+0000] {subprocess.py:93} INFO - 26/01/20 04:48:14 INFO CodeGenerator: Code generated in 24.058347 ms
[2026-01-20T04:48:14.504+0000] {subprocess.py:93} INFO - 26/01/20 04:48:14 INFO FileScanRDD: Reading File path: file:///opt/spark-data/landing/user_events_1768879431.2231393.json, range: 8388608-12582912, partition values: [empty row]
[2026-01-20T04:48:14.505+0000] {subprocess.py:93} INFO - 26/01/20 04:48:14 INFO FileScanRDD: Reading File path: file:///opt/spark-data/landing/user_events_1768879431.2231393.json, range: 12582912-16777216, partition values: [empty row]
[2026-01-20T04:48:14.506+0000] {subprocess.py:93} INFO - 26/01/20 04:48:14 INFO FileScanRDD: Reading File path: file:///opt/spark-data/landing/user_events_1768879431.2231393.json, range: 20971520-25165824, partition values: [empty row]
[2026-01-20T04:48:14.508+0000] {subprocess.py:93} INFO - 26/01/20 04:48:14 INFO FileScanRDD: Reading File path: file:///opt/spark-data/landing/user_events_1768879431.2231393.json, range: 4194304-8388608, partition values: [empty row]
[2026-01-20T04:48:14.509+0000] {subprocess.py:93} INFO - 26/01/20 04:48:14 INFO FileScanRDD: Reading File path: file:///opt/spark-data/landing/user_events_1768879431.2231393.json, range: 25165824-29360128, partition values: [empty row]
[2026-01-20T04:48:14.509+0000] {subprocess.py:93} INFO - 26/01/20 04:48:14 INFO FileScanRDD: Reading File path: file:///opt/spark-data/landing/user_events_1768879431.2231393.json, range: 29360128-33532706, partition values: [empty row]
[2026-01-20T04:48:14.510+0000] {subprocess.py:93} INFO - 26/01/20 04:48:14 INFO FileScanRDD: Reading File path: file:///opt/spark-data/landing/user_events_1768879431.2231393.json, range: 16777216-20971520, partition values: [empty row]
[2026-01-20T04:48:14.511+0000] {subprocess.py:93} INFO - 26/01/20 04:48:14 INFO FileScanRDD: Reading File path: file:///opt/spark-data/landing/user_events_1768879431.2231393.json, range: 0-4194304, partition values: [empty row]
[2026-01-20T04:48:14.533+0000] {subprocess.py:93} INFO - 26/01/20 04:48:14 INFO CodeGenerator: Code generated in 21.481413 ms
[2026-01-20T04:48:14.572+0000] {subprocess.py:93} INFO - 26/01/20 04:48:14 INFO CodeGenerator: Code generated in 6.897754 ms
[2026-01-20T04:48:14.581+0000] {subprocess.py:93} INFO - 26/01/20 04:48:14 INFO CodeGenerator: Code generated in 6.181381 ms
[2026-01-20T04:48:15.197+0000] {subprocess.py:93} INFO - 26/01/20 04:48:15 INFO Executor: Finished task 1.0 in stage 2.0 (TID 22). 134096 bytes result sent to driver
[2026-01-20T04:48:15.200+0000] {subprocess.py:93} INFO - 26/01/20 04:48:15 INFO Executor: Finished task 2.0 in stage 2.0 (TID 23). 132180 bytes result sent to driver
[2026-01-20T04:48:15.200+0000] {subprocess.py:93} INFO - 26/01/20 04:48:15 INFO Executor: Finished task 3.0 in stage 2.0 (TID 24). 132601 bytes result sent to driver
[2026-01-20T04:48:15.202+0000] {subprocess.py:93} INFO - 26/01/20 04:48:15 INFO Executor: Finished task 0.0 in stage 2.0 (TID 21). 131320 bytes result sent to driver
[2026-01-20T04:48:15.203+0000] {subprocess.py:93} INFO - 26/01/20 04:48:15 INFO Executor: Finished task 7.0 in stage 2.0 (TID 28). 130576 bytes result sent to driver
[2026-01-20T04:48:15.204+0000] {subprocess.py:93} INFO - 26/01/20 04:48:15 INFO Executor: Finished task 4.0 in stage 2.0 (TID 25). 135408 bytes result sent to driver
[2026-01-20T04:48:15.205+0000] {subprocess.py:93} INFO - 26/01/20 04:48:15 INFO TaskSetManager: Finished task 3.0 in stage 2.0 (TID 24) in 751 ms on 519d7d29de3d (executor driver) (1/8)
[2026-01-20T04:48:15.206+0000] {subprocess.py:93} INFO - 26/01/20 04:48:15 INFO TaskSetManager: Finished task 2.0 in stage 2.0 (TID 23) in 751 ms on 519d7d29de3d (executor driver) (2/8)
[2026-01-20T04:48:15.207+0000] {subprocess.py:93} INFO - 26/01/20 04:48:15 INFO TaskSetManager: Finished task 0.0 in stage 2.0 (TID 21) in 753 ms on 519d7d29de3d (executor driver) (3/8)
[2026-01-20T04:48:15.208+0000] {subprocess.py:93} INFO - 26/01/20 04:48:15 INFO TaskSetManager: Finished task 7.0 in stage 2.0 (TID 28) in 750 ms on 519d7d29de3d (executor driver) (4/8)
[2026-01-20T04:48:15.208+0000] {subprocess.py:93} INFO - 26/01/20 04:48:15 INFO TaskSetManager: Finished task 1.0 in stage 2.0 (TID 22) in 754 ms on 519d7d29de3d (executor driver) (5/8)
[2026-01-20T04:48:15.209+0000] {subprocess.py:93} INFO - 26/01/20 04:48:15 INFO Executor: Finished task 5.0 in stage 2.0 (TID 26). 133763 bytes result sent to driver
[2026-01-20T04:48:15.210+0000] {subprocess.py:93} INFO - 26/01/20 04:48:15 INFO Executor: Finished task 6.0 in stage 2.0 (TID 27). 129991 bytes result sent to driver
[2026-01-20T04:48:15.211+0000] {subprocess.py:93} INFO - 26/01/20 04:48:15 INFO TaskSetManager: Finished task 5.0 in stage 2.0 (TID 26) in 754 ms on 519d7d29de3d (executor driver) (6/8)
[2026-01-20T04:48:15.212+0000] {subprocess.py:93} INFO - 26/01/20 04:48:15 INFO TaskSetManager: Finished task 4.0 in stage 2.0 (TID 25) in 755 ms on 519d7d29de3d (executor driver) (7/8)
[2026-01-20T04:48:15.213+0000] {subprocess.py:93} INFO - 26/01/20 04:48:15 INFO TaskSetManager: Finished task 6.0 in stage 2.0 (TID 27) in 755 ms on 519d7d29de3d (executor driver) (8/8)
[2026-01-20T04:48:15.214+0000] {subprocess.py:93} INFO - 26/01/20 04:48:15 INFO TaskSchedulerImpl: Removed TaskSet 2.0, whose tasks have all completed, from pool
[2026-01-20T04:48:15.215+0000] {subprocess.py:93} INFO - 26/01/20 04:48:15 INFO DAGScheduler: ResultStage 2 ($anonfun$withThreadLocalCaptured$1 at FutureTask.java:264) finished in 0.767 s
[2026-01-20T04:48:15.216+0000] {subprocess.py:93} INFO - 26/01/20 04:48:15 INFO DAGScheduler: Job 2 is finished. Cancelling potential speculative or zombie tasks for this job
[2026-01-20T04:48:15.216+0000] {subprocess.py:93} INFO - 26/01/20 04:48:15 INFO TaskSchedulerImpl: Killing all running tasks in stage 2: Stage finished
[2026-01-20T04:48:15.217+0000] {subprocess.py:93} INFO - 26/01/20 04:48:15 INFO DAGScheduler: Job 2 finished: $anonfun$withThreadLocalCaptured$1 at FutureTask.java:264, took 0.772972 s
[2026-01-20T04:48:15.250+0000] {subprocess.py:93} INFO - 26/01/20 04:48:15 INFO CodeGenerator: Code generated in 14.93745 ms
[2026-01-20T04:48:15.328+0000] {subprocess.py:93} INFO - 26/01/20 04:48:15 INFO MemoryStore: Block broadcast_6 stored as values in memory (estimated size 9.0 MiB, free 424.9 MiB)
[2026-01-20T04:48:15.379+0000] {subprocess.py:93} INFO - 26/01/20 04:48:15 INFO MemoryStore: Block broadcast_6_piece0 stored as bytes in memory (estimated size 1578.1 KiB, free 423.4 MiB)
[2026-01-20T04:48:15.380+0000] {subprocess.py:93} INFO - 26/01/20 04:48:15 INFO BlockManagerInfo: Added broadcast_6_piece0 in memory on 519d7d29de3d:38053 (size: 1578.1 KiB, free: 432.8 MiB)
[2026-01-20T04:48:15.381+0000] {subprocess.py:93} INFO - 26/01/20 04:48:15 INFO SparkContext: Created broadcast 6 from $anonfun$withThreadLocalCaptured$1 at FutureTask.java:264
[2026-01-20T04:48:15.408+0000] {subprocess.py:93} INFO - 26/01/20 04:48:15 INFO FileSourceStrategy: Pushed Filters: IsNotNull(user_id),IsNotNull(line_items)
[2026-01-20T04:48:15.409+0000] {subprocess.py:93} INFO - 26/01/20 04:48:15 INFO FileSourceStrategy: Post-Scan Filters: isnotnull(user_id#21),(size(line_items#10, true) > 0),isnotnull(line_items#10)
[2026-01-20T04:48:15.614+0000] {subprocess.py:93} INFO - 26/01/20 04:48:15 INFO FileOutputCommitter: File Output Committer Algorithm version is 1
[2026-01-20T04:48:15.615+0000] {subprocess.py:93} INFO - 26/01/20 04:48:15 INFO FileOutputCommitter: FileOutputCommitter skip cleanup _temporary folders under output directory:false, ignore cleanup failures: false
[2026-01-20T04:48:15.616+0000] {subprocess.py:93} INFO - 26/01/20 04:48:15 INFO SQLHadoopMapReduceCommitProtocol: Using output committer class org.apache.hadoop.mapreduce.lib.output.FileOutputCommitter
[2026-01-20T04:48:15.832+0000] {subprocess.py:93} INFO - 26/01/20 04:48:15 INFO CodeGenerator: Code generated in 72.779582 ms
[2026-01-20T04:48:15.838+0000] {subprocess.py:93} INFO - 26/01/20 04:48:15 INFO MemoryStore: Block broadcast_7 stored as values in memory (estimated size 199.1 KiB, free 423.2 MiB)
[2026-01-20T04:48:15.853+0000] {subprocess.py:93} INFO - 26/01/20 04:48:15 INFO MemoryStore: Block broadcast_7_piece0 stored as bytes in memory (estimated size 34.2 KiB, free 423.1 MiB)
[2026-01-20T04:48:15.854+0000] {subprocess.py:93} INFO - 26/01/20 04:48:15 INFO BlockManagerInfo: Added broadcast_7_piece0 in memory on 519d7d29de3d:38053 (size: 34.2 KiB, free: 432.7 MiB)
[2026-01-20T04:48:15.856+0000] {subprocess.py:93} INFO - 26/01/20 04:48:15 INFO SparkContext: Created broadcast 7 from csv at NativeMethodAccessorImpl.java:0
[2026-01-20T04:48:15.858+0000] {subprocess.py:93} INFO - 26/01/20 04:48:15 INFO FileSourceScanExec: Planning scan with bin packing, max size: 4194304 bytes, open cost is considered as scanning 4194304 bytes.
[2026-01-20T04:48:15.878+0000] {subprocess.py:93} INFO - 26/01/20 04:48:15 INFO SparkContext: Starting job: csv at NativeMethodAccessorImpl.java:0
[2026-01-20T04:48:15.879+0000] {subprocess.py:93} INFO - 26/01/20 04:48:15 INFO DAGScheduler: Got job 3 (csv at NativeMethodAccessorImpl.java:0) with 13 output partitions
[2026-01-20T04:48:15.880+0000] {subprocess.py:93} INFO - 26/01/20 04:48:15 INFO DAGScheduler: Final stage: ResultStage 3 (csv at NativeMethodAccessorImpl.java:0)
[2026-01-20T04:48:15.881+0000] {subprocess.py:93} INFO - 26/01/20 04:48:15 INFO DAGScheduler: Parents of final stage: List()
[2026-01-20T04:48:15.882+0000] {subprocess.py:93} INFO - 26/01/20 04:48:15 INFO DAGScheduler: Missing parents: List()
[2026-01-20T04:48:15.883+0000] {subprocess.py:93} INFO - 26/01/20 04:48:15 INFO DAGScheduler: Submitting ResultStage 3 (MapPartitionsRDD[15] at csv at NativeMethodAccessorImpl.java:0), which has no missing parents
[2026-01-20T04:48:15.943+0000] {subprocess.py:93} INFO - 26/01/20 04:48:15 INFO MemoryStore: Block broadcast_8 stored as values in memory (estimated size 233.0 KiB, free 422.9 MiB)
[2026-01-20T04:48:15.956+0000] {subprocess.py:93} INFO - 26/01/20 04:48:15 INFO MemoryStore: Block broadcast_8_piece0 stored as bytes in memory (estimated size 82.8 KiB, free 422.8 MiB)
[2026-01-20T04:48:15.957+0000] {subprocess.py:93} INFO - 26/01/20 04:48:15 INFO BlockManagerInfo: Removed broadcast_5_piece0 on 519d7d29de3d:38053 in memory (size: 7.4 KiB, free: 432.8 MiB)
[2026-01-20T04:48:15.958+0000] {subprocess.py:93} INFO - 26/01/20 04:48:15 INFO BlockManagerInfo: Added broadcast_8_piece0 in memory on 519d7d29de3d:38053 (size: 82.8 KiB, free: 432.7 MiB)
[2026-01-20T04:48:15.959+0000] {subprocess.py:93} INFO - 26/01/20 04:48:15 INFO SparkContext: Created broadcast 8 from broadcast at DAGScheduler.scala:1580
[2026-01-20T04:48:15.960+0000] {subprocess.py:93} INFO - 26/01/20 04:48:15 INFO DAGScheduler: Submitting 13 missing tasks from ResultStage 3 (MapPartitionsRDD[15] at csv at NativeMethodAccessorImpl.java:0) (first 15 tasks are for partitions Vector(0, 1, 2, 3, 4, 5, 6, 7, 8, 9, 10, 11, 12))
[2026-01-20T04:48:15.961+0000] {subprocess.py:93} INFO - 26/01/20 04:48:15 INFO TaskSchedulerImpl: Adding task set 3.0 with 13 tasks resource profile 0
[2026-01-20T04:48:15.962+0000] {subprocess.py:93} INFO - 26/01/20 04:48:15 INFO TaskSetManager: Starting task 0.0 in stage 3.0 (TID 29) (519d7d29de3d, executor driver, partition 0, PROCESS_LOCAL, 8251 bytes)
[2026-01-20T04:48:15.963+0000] {subprocess.py:93} INFO - 26/01/20 04:48:15 INFO TaskSetManager: Starting task 1.0 in stage 3.0 (TID 30) (519d7d29de3d, executor driver, partition 1, PROCESS_LOCAL, 8251 bytes)
[2026-01-20T04:48:15.964+0000] {subprocess.py:93} INFO - 26/01/20 04:48:15 INFO TaskSetManager: Starting task 2.0 in stage 3.0 (TID 31) (519d7d29de3d, executor driver, partition 2, PROCESS_LOCAL, 8251 bytes)
[2026-01-20T04:48:15.964+0000] {subprocess.py:93} INFO - 26/01/20 04:48:15 INFO TaskSetManager: Starting task 3.0 in stage 3.0 (TID 32) (519d7d29de3d, executor driver, partition 3, PROCESS_LOCAL, 8251 bytes)
[2026-01-20T04:48:15.965+0000] {subprocess.py:93} INFO - 26/01/20 04:48:15 INFO TaskSetManager: Starting task 4.0 in stage 3.0 (TID 33) (519d7d29de3d, executor driver, partition 4, PROCESS_LOCAL, 8251 bytes)
[2026-01-20T04:48:15.966+0000] {subprocess.py:93} INFO - 26/01/20 04:48:15 INFO TaskSetManager: Starting task 5.0 in stage 3.0 (TID 34) (519d7d29de3d, executor driver, partition 5, PROCESS_LOCAL, 8251 bytes)
[2026-01-20T04:48:15.966+0000] {subprocess.py:93} INFO - 26/01/20 04:48:15 INFO TaskSetManager: Starting task 6.0 in stage 3.0 (TID 35) (519d7d29de3d, executor driver, partition 6, PROCESS_LOCAL, 8251 bytes)
[2026-01-20T04:48:15.967+0000] {subprocess.py:93} INFO - 26/01/20 04:48:15 INFO TaskSetManager: Starting task 7.0 in stage 3.0 (TID 36) (519d7d29de3d, executor driver, partition 7, PROCESS_LOCAL, 8251 bytes)
[2026-01-20T04:48:15.968+0000] {subprocess.py:93} INFO - 26/01/20 04:48:15 INFO TaskSetManager: Starting task 8.0 in stage 3.0 (TID 37) (519d7d29de3d, executor driver, partition 8, PROCESS_LOCAL, 8251 bytes)
[2026-01-20T04:48:15.969+0000] {subprocess.py:93} INFO - 26/01/20 04:48:15 INFO TaskSetManager: Starting task 9.0 in stage 3.0 (TID 38) (519d7d29de3d, executor driver, partition 9, PROCESS_LOCAL, 8251 bytes)
[2026-01-20T04:48:15.970+0000] {subprocess.py:93} INFO - 26/01/20 04:48:15 INFO TaskSetManager: Starting task 10.0 in stage 3.0 (TID 39) (519d7d29de3d, executor driver, partition 10, PROCESS_LOCAL, 8251 bytes)
[2026-01-20T04:48:15.971+0000] {subprocess.py:93} INFO - 26/01/20 04:48:15 INFO TaskSetManager: Starting task 11.0 in stage 3.0 (TID 40) (519d7d29de3d, executor driver, partition 11, PROCESS_LOCAL, 8251 bytes)
[2026-01-20T04:48:15.974+0000] {subprocess.py:93} INFO - 26/01/20 04:48:15 INFO TaskSetManager: Starting task 12.0 in stage 3.0 (TID 41) (519d7d29de3d, executor driver, partition 12, PROCESS_LOCAL, 8251 bytes)
[2026-01-20T04:48:15.975+0000] {subprocess.py:93} INFO - 26/01/20 04:48:15 INFO Executor: Running task 4.0 in stage 3.0 (TID 33)
[2026-01-20T04:48:15.976+0000] {subprocess.py:93} INFO - 26/01/20 04:48:15 INFO Executor: Running task 6.0 in stage 3.0 (TID 35)
[2026-01-20T04:48:15.977+0000] {subprocess.py:93} INFO - 26/01/20 04:48:15 INFO Executor: Running task 1.0 in stage 3.0 (TID 30)
[2026-01-20T04:48:15.979+0000] {subprocess.py:93} INFO - 26/01/20 04:48:15 INFO Executor: Running task 5.0 in stage 3.0 (TID 34)
[2026-01-20T04:48:15.980+0000] {subprocess.py:93} INFO - 26/01/20 04:48:15 INFO Executor: Running task 8.0 in stage 3.0 (TID 37)
[2026-01-20T04:48:15.981+0000] {subprocess.py:93} INFO - 26/01/20 04:48:15 INFO Executor: Running task 9.0 in stage 3.0 (TID 38)
[2026-01-20T04:48:15.983+0000] {subprocess.py:93} INFO - 26/01/20 04:48:15 INFO Executor: Running task 0.0 in stage 3.0 (TID 29)
[2026-01-20T04:48:15.986+0000] {subprocess.py:93} INFO - 26/01/20 04:48:15 INFO Executor: Running task 7.0 in stage 3.0 (TID 36)
[2026-01-20T04:48:15.987+0000] {subprocess.py:93} INFO - 26/01/20 04:48:15 INFO Executor: Running task 10.0 in stage 3.0 (TID 39)
[2026-01-20T04:48:15.990+0000] {subprocess.py:93} INFO - 26/01/20 04:48:15 INFO Executor: Running task 12.0 in stage 3.0 (TID 41)
[2026-01-20T04:48:15.991+0000] {subprocess.py:93} INFO - 26/01/20 04:48:15 INFO Executor: Running task 11.0 in stage 3.0 (TID 40)
[2026-01-20T04:48:15.993+0000] {subprocess.py:93} INFO - 26/01/20 04:48:15 INFO Executor: Running task 3.0 in stage 3.0 (TID 32)
[2026-01-20T04:48:15.995+0000] {subprocess.py:93} INFO - 26/01/20 04:48:15 INFO Executor: Running task 2.0 in stage 3.0 (TID 31)
[2026-01-20T04:48:16.167+0000] {subprocess.py:93} INFO - 26/01/20 04:48:16 INFO CodeGenerator: Code generated in 88.071178 ms
[2026-01-20T04:48:16.178+0000] {subprocess.py:93} INFO - 26/01/20 04:48:16 INFO FileOutputCommitter: File Output Committer Algorithm version is 1
[2026-01-20T04:48:16.180+0000] {subprocess.py:93} INFO - 26/01/20 04:48:16 INFO FileOutputCommitter: File Output Committer Algorithm version is 1
[2026-01-20T04:48:16.183+0000] {subprocess.py:93} INFO - 26/01/20 04:48:16 INFO FileOutputCommitter: File Output Committer Algorithm version is 1
[2026-01-20T04:48:16.184+0000] {subprocess.py:93} INFO - 26/01/20 04:48:16 INFO FileOutputCommitter: FileOutputCommitter skip cleanup _temporary folders under output directory:false, ignore cleanup failures: false
[2026-01-20T04:48:16.197+0000] {subprocess.py:93} INFO - 26/01/20 04:48:16 INFO FileOutputCommitter: FileOutputCommitter skip cleanup _temporary folders under output directory:false, ignore cleanup failures: false
[2026-01-20T04:48:16.198+0000] {subprocess.py:93} INFO - 26/01/20 04:48:16 INFO FileOutputCommitter: File Output Committer Algorithm version is 1
[2026-01-20T04:48:16.199+0000] {subprocess.py:93} INFO - 26/01/20 04:48:16 INFO FileOutputCommitter: FileOutputCommitter skip cleanup _temporary folders under output directory:false, ignore cleanup failures: false
[2026-01-20T04:48:16.200+0000] {subprocess.py:93} INFO - 26/01/20 04:48:16 INFO FileOutputCommitter: FileOutputCommitter skip cleanup _temporary folders under output directory:false, ignore cleanup failures: false
[2026-01-20T04:48:16.201+0000] {subprocess.py:93} INFO - 26/01/20 04:48:16 INFO FileOutputCommitter: File Output Committer Algorithm version is 1
[2026-01-20T04:48:16.202+0000] {subprocess.py:93} INFO - 26/01/20 04:48:16 INFO FileOutputCommitter: FileOutputCommitter skip cleanup _temporary folders under output directory:false, ignore cleanup failures: false
[2026-01-20T04:48:16.202+0000] {subprocess.py:93} INFO - 26/01/20 04:48:16 INFO FileOutputCommitter: File Output Committer Algorithm version is 1
[2026-01-20T04:48:16.203+0000] {subprocess.py:93} INFO - 26/01/20 04:48:16 INFO FileOutputCommitter: FileOutputCommitter skip cleanup _temporary folders under output directory:false, ignore cleanup failures: false
[2026-01-20T04:48:16.204+0000] {subprocess.py:93} INFO - 26/01/20 04:48:16 INFO FileOutputCommitter: File Output Committer Algorithm version is 1
[2026-01-20T04:48:16.206+0000] {subprocess.py:93} INFO - 26/01/20 04:48:16 INFO SQLHadoopMapReduceCommitProtocol: Using output committer class org.apache.hadoop.mapreduce.lib.output.FileOutputCommitter
[2026-01-20T04:48:16.207+0000] {subprocess.py:93} INFO - 26/01/20 04:48:16 INFO SQLHadoopMapReduceCommitProtocol: Using output committer class org.apache.hadoop.mapreduce.lib.output.FileOutputCommitter
[2026-01-20T04:48:16.209+0000] {subprocess.py:93} INFO - 26/01/20 04:48:16 INFO SQLHadoopMapReduceCommitProtocol: Using output committer class org.apache.hadoop.mapreduce.lib.output.FileOutputCommitter
[2026-01-20T04:48:16.212+0000] {subprocess.py:93} INFO - 26/01/20 04:48:16 INFO FileOutputCommitter: File Output Committer Algorithm version is 1
[2026-01-20T04:48:16.214+0000] {subprocess.py:93} INFO - 26/01/20 04:48:16 INFO SQLHadoopMapReduceCommitProtocol: Using output committer class org.apache.hadoop.mapreduce.lib.output.FileOutputCommitter
[2026-01-20T04:48:16.216+0000] {subprocess.py:93} INFO - 26/01/20 04:48:16 INFO FileOutputCommitter: FileOutputCommitter skip cleanup _temporary folders under output directory:false, ignore cleanup failures: false
[2026-01-20T04:48:16.218+0000] {subprocess.py:93} INFO - 26/01/20 04:48:16 INFO SQLHadoopMapReduceCommitProtocol: Using output committer class org.apache.hadoop.mapreduce.lib.output.FileOutputCommitter
[2026-01-20T04:48:16.219+0000] {subprocess.py:93} INFO - 26/01/20 04:48:16 INFO FileOutputCommitter: FileOutputCommitter skip cleanup _temporary folders under output directory:false, ignore cleanup failures: false
[2026-01-20T04:48:16.220+0000] {subprocess.py:93} INFO - 26/01/20 04:48:16 INFO FileScanRDD: Reading File path: file:///opt/spark-data/landing/transaction_events_1768879479.1820476.json, range: 12582912-16777216, partition values: [empty row]
[2026-01-20T04:48:16.221+0000] {subprocess.py:93} INFO - 26/01/20 04:48:16 INFO SQLHadoopMapReduceCommitProtocol: Using output committer class org.apache.hadoop.mapreduce.lib.output.FileOutputCommitter
[2026-01-20T04:48:16.222+0000] {subprocess.py:93} INFO - 26/01/20 04:48:16 INFO FileScanRDD: Reading File path: file:///opt/spark-data/landing/transaction_events_1768879479.1820476.json, range: 25165824-29360128, partition values: [empty row]
[2026-01-20T04:48:16.223+0000] {subprocess.py:93} INFO - 26/01/20 04:48:16 INFO SQLHadoopMapReduceCommitProtocol: Using output committer class org.apache.hadoop.mapreduce.lib.output.FileOutputCommitter
[2026-01-20T04:48:16.224+0000] {subprocess.py:93} INFO - 26/01/20 04:48:16 INFO FileScanRDD: Reading File path: file:///opt/spark-data/landing/transaction_events_1768879479.1820476.json, range: 8388608-12582912, partition values: [empty row]
[2026-01-20T04:48:16.226+0000] {subprocess.py:93} INFO - 26/01/20 04:48:16 INFO FileScanRDD: Reading File path: file:///opt/spark-data/landing/transaction_events_1768879479.1820476.json, range: 16777216-20971520, partition values: [empty row]
[2026-01-20T04:48:16.227+0000] {subprocess.py:93} INFO - 26/01/20 04:48:16 INFO SQLHadoopMapReduceCommitProtocol: Using output committer class org.apache.hadoop.mapreduce.lib.output.FileOutputCommitter
[2026-01-20T04:48:16.228+0000] {subprocess.py:93} INFO - 26/01/20 04:48:16 INFO FileOutputCommitter: File Output Committer Algorithm version is 1
[2026-01-20T04:48:16.229+0000] {subprocess.py:93} INFO - 26/01/20 04:48:16 INFO FileOutputCommitter: File Output Committer Algorithm version is 1
[2026-01-20T04:48:16.230+0000] {subprocess.py:93} INFO - 26/01/20 04:48:16 INFO FileOutputCommitter: FileOutputCommitter skip cleanup _temporary folders under output directory:false, ignore cleanup failures: false
[2026-01-20T04:48:16.231+0000] {subprocess.py:93} INFO - 26/01/20 04:48:16 INFO FileScanRDD: Reading File path: file:///opt/spark-data/landing/transaction_events_1768879479.1820476.json, range: 50331648-51561162, partition values: [empty row]
[2026-01-20T04:48:16.232+0000] {subprocess.py:93} INFO - 26/01/20 04:48:16 INFO FileOutputCommitter: File Output Committer Algorithm version is 1
[2026-01-20T04:48:16.234+0000] {subprocess.py:93} INFO - 26/01/20 04:48:16 INFO FileOutputCommitter: FileOutputCommitter skip cleanup _temporary folders under output directory:false, ignore cleanup failures: false
[2026-01-20T04:48:16.235+0000] {subprocess.py:93} INFO - 26/01/20 04:48:16 INFO FileOutputCommitter: File Output Committer Algorithm version is 1
[2026-01-20T04:48:16.236+0000] {subprocess.py:93} INFO - 26/01/20 04:48:16 INFO SQLHadoopMapReduceCommitProtocol: Using output committer class org.apache.hadoop.mapreduce.lib.output.FileOutputCommitter
[2026-01-20T04:48:16.237+0000] {subprocess.py:93} INFO - 26/01/20 04:48:16 INFO FileScanRDD: Reading File path: file:///opt/spark-data/landing/transaction_events_1768879479.1820476.json, range: 20971520-25165824, partition values: [empty row]
[2026-01-20T04:48:16.239+0000] {subprocess.py:93} INFO - 26/01/20 04:48:16 INFO FileOutputCommitter: FileOutputCommitter skip cleanup _temporary folders under output directory:false, ignore cleanup failures: false
[2026-01-20T04:48:16.240+0000] {subprocess.py:93} INFO - 26/01/20 04:48:16 INFO SQLHadoopMapReduceCommitProtocol: Using output committer class org.apache.hadoop.mapreduce.lib.output.FileOutputCommitter
[2026-01-20T04:48:16.242+0000] {subprocess.py:93} INFO - 26/01/20 04:48:16 INFO FileScanRDD: Reading File path: file:///opt/spark-data/landing/transaction_events_1768879479.1820476.json, range: 4194304-8388608, partition values: [empty row]
[2026-01-20T04:48:16.243+0000] {subprocess.py:93} INFO - 26/01/20 04:48:16 INFO FileOutputCommitter: File Output Committer Algorithm version is 1
[2026-01-20T04:48:16.244+0000] {subprocess.py:93} INFO - 26/01/20 04:48:16 INFO FileOutputCommitter: FileOutputCommitter skip cleanup _temporary folders under output directory:false, ignore cleanup failures: false
[2026-01-20T04:48:16.245+0000] {subprocess.py:93} INFO - 26/01/20 04:48:16 INFO FileScanRDD: Reading File path: file:///opt/spark-data/landing/transaction_events_1768879479.1820476.json, range: 41943040-46137344, partition values: [empty row]
[2026-01-20T04:48:16.249+0000] {subprocess.py:93} INFO - 26/01/20 04:48:16 INFO SQLHadoopMapReduceCommitProtocol: Using output committer class org.apache.hadoop.mapreduce.lib.output.FileOutputCommitter
[2026-01-20T04:48:16.250+0000] {subprocess.py:93} INFO - 26/01/20 04:48:16 INFO FileScanRDD: Reading File path: file:///opt/spark-data/landing/transaction_events_1768879479.1820476.json, range: 37748736-41943040, partition values: [empty row]
[2026-01-20T04:48:16.252+0000] {subprocess.py:93} INFO - 26/01/20 04:48:16 INFO SQLHadoopMapReduceCommitProtocol: Using output committer class org.apache.hadoop.mapreduce.lib.output.FileOutputCommitter
[2026-01-20T04:48:16.253+0000] {subprocess.py:93} INFO - 26/01/20 04:48:16 INFO FileScanRDD: Reading File path: file:///opt/spark-data/landing/transaction_events_1768879479.1820476.json, range: 29360128-33554432, partition values: [empty row]
[2026-01-20T04:48:16.255+0000] {subprocess.py:93} INFO - 26/01/20 04:48:16 INFO FileScanRDD: Reading File path: file:///opt/spark-data/landing/transaction_events_1768879479.1820476.json, range: 33554432-37748736, partition values: [empty row]
[2026-01-20T04:48:16.256+0000] {subprocess.py:93} INFO - 26/01/20 04:48:16 INFO FileOutputCommitter: FileOutputCommitter skip cleanup _temporary folders under output directory:false, ignore cleanup failures: false
[2026-01-20T04:48:16.257+0000] {subprocess.py:93} INFO - 26/01/20 04:48:16 INFO SQLHadoopMapReduceCommitProtocol: Using output committer class org.apache.hadoop.mapreduce.lib.output.FileOutputCommitter
[2026-01-20T04:48:16.258+0000] {subprocess.py:93} INFO - 26/01/20 04:48:16 INFO FileScanRDD: Reading File path: file:///opt/spark-data/landing/transaction_events_1768879479.1820476.json, range: 46137344-50331648, partition values: [empty row]
[2026-01-20T04:48:16.259+0000] {subprocess.py:93} INFO - 26/01/20 04:48:16 INFO CodeGenerator: Code generated in 33.248678 ms
[2026-01-20T04:48:16.261+0000] {subprocess.py:93} INFO - 26/01/20 04:48:16 INFO CodeGenerator: Code generated in 11.512869 ms
[2026-01-20T04:48:16.490+0000] {subprocess.py:93} INFO - 26/01/20 04:48:16 INFO FileScanRDD: Reading File path: file:///opt/spark-data/landing/transaction_events_1768879479.1820476.json, range: 0-4194304, partition values: [empty row]
[2026-01-20T04:48:16.930+0000] {subprocess.py:93} INFO - 26/01/20 04:48:16 INFO FileOutputCommitter: Saved output of task 'attempt_202601200448156110043380280397033_0003_m_000012_41' to file:/opt/spark-data/gold/advertising/_temporary/0/task_202601200448156110043380280397033_0003_m_000012
[2026-01-20T04:48:16.935+0000] {subprocess.py:93} INFO - 26/01/20 04:48:16 INFO SparkHadoopMapRedUtil: attempt_202601200448156110043380280397033_0003_m_000012_41: Committed. Elapsed time: 61 ms.
[2026-01-20T04:48:16.952+0000] {subprocess.py:93} INFO - 26/01/20 04:48:16 INFO Executor: Finished task 12.0 in stage 3.0 (TID 41). 2936 bytes result sent to driver
[2026-01-20T04:48:16.956+0000] {subprocess.py:93} INFO - 26/01/20 04:48:16 INFO TaskSetManager: Finished task 12.0 in stage 3.0 (TID 41) in 989 ms on 519d7d29de3d (executor driver) (1/13)
[2026-01-20T04:48:17.299+0000] {subprocess.py:93} INFO - 26/01/20 04:48:17 INFO FileOutputCommitter: Saved output of task 'attempt_202601200448156110043380280397033_0003_m_000007_36' to file:/opt/spark-data/gold/advertising/_temporary/0/task_202601200448156110043380280397033_0003_m_000007
[2026-01-20T04:48:17.300+0000] {subprocess.py:93} INFO - 26/01/20 04:48:17 INFO SparkHadoopMapRedUtil: attempt_202601200448156110043380280397033_0003_m_000007_36: Committed. Elapsed time: 59 ms.
[2026-01-20T04:48:17.305+0000] {subprocess.py:93} INFO - 26/01/20 04:48:17 INFO Executor: Finished task 7.0 in stage 3.0 (TID 36). 2893 bytes result sent to driver
[2026-01-20T04:48:17.308+0000] {subprocess.py:93} INFO - 26/01/20 04:48:17 INFO TaskSetManager: Finished task 7.0 in stage 3.0 (TID 36) in 1342 ms on 519d7d29de3d (executor driver) (2/13)
[2026-01-20T04:48:17.317+0000] {subprocess.py:93} INFO - 26/01/20 04:48:17 INFO FileOutputCommitter: Saved output of task 'attempt_202601200448156110043380280397033_0003_m_000009_38' to file:/opt/spark-data/gold/advertising/_temporary/0/task_202601200448156110043380280397033_0003_m_000009
[2026-01-20T04:48:17.319+0000] {subprocess.py:93} INFO - 26/01/20 04:48:17 INFO SparkHadoopMapRedUtil: attempt_202601200448156110043380280397033_0003_m_000009_38: Committed. Elapsed time: 62 ms.
[2026-01-20T04:48:17.320+0000] {subprocess.py:93} INFO - 26/01/20 04:48:17 INFO Executor: Finished task 9.0 in stage 3.0 (TID 38). 2893 bytes result sent to driver
[2026-01-20T04:48:17.321+0000] {subprocess.py:93} INFO - 26/01/20 04:48:17 INFO TaskSetManager: Finished task 9.0 in stage 3.0 (TID 38) in 1355 ms on 519d7d29de3d (executor driver) (3/13)
[2026-01-20T04:48:17.330+0000] {subprocess.py:93} INFO - 26/01/20 04:48:17 INFO FileOutputCommitter: Saved output of task 'attempt_202601200448156110043380280397033_0003_m_000002_31' to file:/opt/spark-data/gold/advertising/_temporary/0/task_202601200448156110043380280397033_0003_m_000002
[2026-01-20T04:48:17.331+0000] {subprocess.py:93} INFO - 26/01/20 04:48:17 INFO SparkHadoopMapRedUtil: attempt_202601200448156110043380280397033_0003_m_000002_31: Committed. Elapsed time: 56 ms.
[2026-01-20T04:48:17.331+0000] {subprocess.py:93} INFO - 26/01/20 04:48:17 INFO Executor: Finished task 2.0 in stage 3.0 (TID 31). 2893 bytes result sent to driver
[2026-01-20T04:48:17.332+0000] {subprocess.py:93} INFO - 26/01/20 04:48:17 INFO TaskSetManager: Finished task 2.0 in stage 3.0 (TID 31) in 1370 ms on 519d7d29de3d (executor driver) (4/13)
[2026-01-20T04:48:17.336+0000] {subprocess.py:93} INFO - 26/01/20 04:48:17 INFO FileOutputCommitter: Saved output of task 'attempt_202601200448156110043380280397033_0003_m_000006_35' to file:/opt/spark-data/gold/advertising/_temporary/0/task_202601200448156110043380280397033_0003_m_000006
[2026-01-20T04:48:17.337+0000] {subprocess.py:93} INFO - 26/01/20 04:48:17 INFO SparkHadoopMapRedUtil: attempt_202601200448156110043380280397033_0003_m_000006_35: Committed. Elapsed time: 62 ms.
[2026-01-20T04:48:17.338+0000] {subprocess.py:93} INFO - 26/01/20 04:48:17 INFO Executor: Finished task 6.0 in stage 3.0 (TID 35). 2893 bytes result sent to driver
[2026-01-20T04:48:17.339+0000] {subprocess.py:93} INFO - 26/01/20 04:48:17 INFO TaskSetManager: Finished task 6.0 in stage 3.0 (TID 35) in 1374 ms on 519d7d29de3d (executor driver) (5/13)
[2026-01-20T04:48:17.341+0000] {subprocess.py:93} INFO - 26/01/20 04:48:17 INFO FileOutputCommitter: Saved output of task 'attempt_202601200448156110043380280397033_0003_m_000001_30' to file:/opt/spark-data/gold/advertising/_temporary/0/task_202601200448156110043380280397033_0003_m_000001
[2026-01-20T04:48:17.341+0000] {subprocess.py:93} INFO - 26/01/20 04:48:17 INFO SparkHadoopMapRedUtil: attempt_202601200448156110043380280397033_0003_m_000001_30: Committed. Elapsed time: 67 ms.
[2026-01-20T04:48:17.342+0000] {subprocess.py:93} INFO - 26/01/20 04:48:17 INFO Executor: Finished task 1.0 in stage 3.0 (TID 30). 2893 bytes result sent to driver
[2026-01-20T04:48:17.344+0000] {subprocess.py:93} INFO - 26/01/20 04:48:17 INFO TaskSetManager: Finished task 1.0 in stage 3.0 (TID 30) in 1382 ms on 519d7d29de3d (executor driver) (6/13)
[2026-01-20T04:48:17.347+0000] {subprocess.py:93} INFO - 26/01/20 04:48:17 INFO FileOutputCommitter: Saved output of task 'attempt_202601200448156110043380280397033_0003_m_000011_40' to file:/opt/spark-data/gold/advertising/_temporary/0/task_202601200448156110043380280397033_0003_m_000011
[2026-01-20T04:48:17.348+0000] {subprocess.py:93} INFO - 26/01/20 04:48:17 INFO SparkHadoopMapRedUtil: attempt_202601200448156110043380280397033_0003_m_000011_40: Committed. Elapsed time: 71 ms.
[2026-01-20T04:48:17.349+0000] {subprocess.py:93} INFO - 26/01/20 04:48:17 INFO Executor: Finished task 11.0 in stage 3.0 (TID 40). 2893 bytes result sent to driver
[2026-01-20T04:48:17.350+0000] {subprocess.py:93} INFO - 26/01/20 04:48:17 INFO TaskSetManager: Finished task 11.0 in stage 3.0 (TID 40) in 1383 ms on 519d7d29de3d (executor driver) (7/13)
[2026-01-20T04:48:17.353+0000] {subprocess.py:93} INFO - 26/01/20 04:48:17 INFO FileOutputCommitter: Saved output of task 'attempt_202601200448156110043380280397033_0003_m_000008_37' to file:/opt/spark-data/gold/advertising/_temporary/0/task_202601200448156110043380280397033_0003_m_000008
[2026-01-20T04:48:17.354+0000] {subprocess.py:93} INFO - 26/01/20 04:48:17 INFO SparkHadoopMapRedUtil: attempt_202601200448156110043380280397033_0003_m_000008_37: Committed. Elapsed time: 76 ms.
[2026-01-20T04:48:17.359+0000] {subprocess.py:93} INFO - 26/01/20 04:48:17 INFO FileOutputCommitter: Saved output of task 'attempt_202601200448156110043380280397033_0003_m_000003_32' to file:/opt/spark-data/gold/advertising/_temporary/0/task_202601200448156110043380280397033_0003_m_000003
[2026-01-20T04:48:17.360+0000] {subprocess.py:93} INFO - 26/01/20 04:48:17 INFO SparkHadoopMapRedUtil: attempt_202601200448156110043380280397033_0003_m_000003_32: Committed. Elapsed time: 81 ms.
[2026-01-20T04:48:17.361+0000] {subprocess.py:93} INFO - 26/01/20 04:48:17 INFO Executor: Finished task 8.0 in stage 3.0 (TID 37). 2936 bytes result sent to driver
[2026-01-20T04:48:17.362+0000] {subprocess.py:93} INFO - 26/01/20 04:48:17 INFO TaskSetManager: Finished task 8.0 in stage 3.0 (TID 37) in 1395 ms on 519d7d29de3d (executor driver) (8/13)
[2026-01-20T04:48:17.363+0000] {subprocess.py:93} INFO - 26/01/20 04:48:17 INFO Executor: Finished task 3.0 in stage 3.0 (TID 32). 2893 bytes result sent to driver
[2026-01-20T04:48:17.363+0000] {subprocess.py:93} INFO - 26/01/20 04:48:17 INFO TaskSetManager: Finished task 3.0 in stage 3.0 (TID 32) in 1400 ms on 519d7d29de3d (executor driver) (9/13)
[2026-01-20T04:48:17.366+0000] {subprocess.py:93} INFO - 26/01/20 04:48:17 INFO FileOutputCommitter: Saved output of task 'attempt_202601200448156110043380280397033_0003_m_000010_39' to file:/opt/spark-data/gold/advertising/_temporary/0/task_202601200448156110043380280397033_0003_m_000010
[2026-01-20T04:48:17.366+0000] {subprocess.py:93} INFO - 26/01/20 04:48:17 INFO SparkHadoopMapRedUtil: attempt_202601200448156110043380280397033_0003_m_000010_39: Committed. Elapsed time: 82 ms.
[2026-01-20T04:48:17.367+0000] {subprocess.py:93} INFO - 26/01/20 04:48:17 INFO Executor: Finished task 10.0 in stage 3.0 (TID 39). 2893 bytes result sent to driver
[2026-01-20T04:48:17.369+0000] {subprocess.py:93} INFO - 26/01/20 04:48:17 INFO TaskSetManager: Finished task 10.0 in stage 3.0 (TID 39) in 1403 ms on 519d7d29de3d (executor driver) (10/13)
[2026-01-20T04:48:17.371+0000] {subprocess.py:93} INFO - 26/01/20 04:48:17 INFO FileOutputCommitter: Saved output of task 'attempt_202601200448156110043380280397033_0003_m_000004_33' to file:/opt/spark-data/gold/advertising/_temporary/0/task_202601200448156110043380280397033_0003_m_000004
[2026-01-20T04:48:17.372+0000] {subprocess.py:93} INFO - 26/01/20 04:48:17 INFO SparkHadoopMapRedUtil: attempt_202601200448156110043380280397033_0003_m_000004_33: Committed. Elapsed time: 70 ms.
[2026-01-20T04:48:17.373+0000] {subprocess.py:93} INFO - 26/01/20 04:48:17 INFO Executor: Finished task 4.0 in stage 3.0 (TID 33). 2893 bytes result sent to driver
[2026-01-20T04:48:17.374+0000] {subprocess.py:93} INFO - 26/01/20 04:48:17 INFO TaskSetManager: Finished task 4.0 in stage 3.0 (TID 33) in 1410 ms on 519d7d29de3d (executor driver) (11/13)
[2026-01-20T04:48:17.378+0000] {subprocess.py:93} INFO - 26/01/20 04:48:17 INFO FileOutputCommitter: Saved output of task 'attempt_202601200448156110043380280397033_0003_m_000005_34' to file:/opt/spark-data/gold/advertising/_temporary/0/task_202601200448156110043380280397033_0003_m_000005
[2026-01-20T04:48:17.379+0000] {subprocess.py:93} INFO - 26/01/20 04:48:17 INFO SparkHadoopMapRedUtil: attempt_202601200448156110043380280397033_0003_m_000005_34: Committed. Elapsed time: 66 ms.
[2026-01-20T04:48:17.380+0000] {subprocess.py:93} INFO - 26/01/20 04:48:17 INFO Executor: Finished task 5.0 in stage 3.0 (TID 34). 2893 bytes result sent to driver
[2026-01-20T04:48:17.382+0000] {subprocess.py:93} INFO - 26/01/20 04:48:17 INFO TaskSetManager: Finished task 5.0 in stage 3.0 (TID 34) in 1418 ms on 519d7d29de3d (executor driver) (12/13)
[2026-01-20T04:48:17.384+0000] {subprocess.py:93} INFO - 26/01/20 04:48:17 INFO FileOutputCommitter: Saved output of task 'attempt_202601200448156110043380280397033_0003_m_000000_29' to file:/opt/spark-data/gold/advertising/_temporary/0/task_202601200448156110043380280397033_0003_m_000000
[2026-01-20T04:48:17.385+0000] {subprocess.py:93} INFO - 26/01/20 04:48:17 INFO SparkHadoopMapRedUtil: attempt_202601200448156110043380280397033_0003_m_000000_29: Committed. Elapsed time: 76 ms.
[2026-01-20T04:48:17.386+0000] {subprocess.py:93} INFO - 26/01/20 04:48:17 INFO Executor: Finished task 0.0 in stage 3.0 (TID 29). 2893 bytes result sent to driver
[2026-01-20T04:48:17.387+0000] {subprocess.py:93} INFO - 26/01/20 04:48:17 INFO TaskSetManager: Finished task 0.0 in stage 3.0 (TID 29) in 1426 ms on 519d7d29de3d (executor driver) (13/13)
[2026-01-20T04:48:17.388+0000] {subprocess.py:93} INFO - 26/01/20 04:48:17 INFO TaskSchedulerImpl: Removed TaskSet 3.0, whose tasks have all completed, from pool
[2026-01-20T04:48:17.388+0000] {subprocess.py:93} INFO - 26/01/20 04:48:17 INFO DAGScheduler: ResultStage 3 (csv at NativeMethodAccessorImpl.java:0) finished in 1.505 s
[2026-01-20T04:48:17.389+0000] {subprocess.py:93} INFO - 26/01/20 04:48:17 INFO DAGScheduler: Job 3 is finished. Cancelling potential speculative or zombie tasks for this job
[2026-01-20T04:48:17.390+0000] {subprocess.py:93} INFO - 26/01/20 04:48:17 INFO TaskSchedulerImpl: Killing all running tasks in stage 3: Stage finished
[2026-01-20T04:48:17.390+0000] {subprocess.py:93} INFO - 26/01/20 04:48:17 INFO DAGScheduler: Job 3 finished: csv at NativeMethodAccessorImpl.java:0, took 1.511359 s
[2026-01-20T04:48:17.391+0000] {subprocess.py:93} INFO - 26/01/20 04:48:17 INFO FileFormatWriter: Start to commit write Job dbd4604b-002d-4317-a05d-39002e2e4740.
[2026-01-20T04:48:18.984+0000] {subprocess.py:93} INFO - 26/01/20 04:48:18 INFO FileFormatWriter: Write Job dbd4604b-002d-4317-a05d-39002e2e4740 committed. Elapsed time: 1591 ms.
[2026-01-20T04:48:18.987+0000] {subprocess.py:93} INFO - 26/01/20 04:48:18 INFO FileFormatWriter: Finished processing stats for write job dbd4604b-002d-4317-a05d-39002e2e4740.
[2026-01-20T04:48:19.307+0000] {subprocess.py:93} INFO - 26/01/20 04:48:19 INFO FileSourceStrategy: Pushed Filters:
[2026-01-20T04:48:19.308+0000] {subprocess.py:93} INFO - 26/01/20 04:48:19 INFO FileSourceStrategy: Post-Scan Filters:
[2026-01-20T04:48:19.380+0000] {subprocess.py:93} INFO - 26/01/20 04:48:19 INFO CodeGenerator: Code generated in 12.492203 ms
[2026-01-20T04:48:19.384+0000] {subprocess.py:93} INFO - 26/01/20 04:48:19 INFO MemoryStore: Block broadcast_9 stored as values in memory (estimated size 199.1 KiB, free 422.6 MiB)
[2026-01-20T04:48:19.400+0000] {subprocess.py:93} INFO - 26/01/20 04:48:19 INFO MemoryStore: Block broadcast_9_piece0 stored as bytes in memory (estimated size 34.2 KiB, free 422.6 MiB)
[2026-01-20T04:48:19.401+0000] {subprocess.py:93} INFO - 26/01/20 04:48:19 INFO BlockManagerInfo: Added broadcast_9_piece0 in memory on 519d7d29de3d:38053 (size: 34.2 KiB, free: 432.6 MiB)
[2026-01-20T04:48:19.402+0000] {subprocess.py:93} INFO - 26/01/20 04:48:19 INFO SparkContext: Created broadcast 9 from csv at NativeMethodAccessorImpl.java:0
[2026-01-20T04:48:19.404+0000] {subprocess.py:93} INFO - 26/01/20 04:48:19 INFO FileSourceScanExec: Planning scan with bin packing, max size: 4194304 bytes, open cost is considered as scanning 4194304 bytes.
[2026-01-20T04:48:19.434+0000] {subprocess.py:93} INFO - 26/01/20 04:48:19 INFO DAGScheduler: Registering RDD 19 (csv at NativeMethodAccessorImpl.java:0) as input to shuffle 0
[2026-01-20T04:48:19.439+0000] {subprocess.py:93} INFO - 26/01/20 04:48:19 INFO DAGScheduler: Got map stage job 4 (csv at NativeMethodAccessorImpl.java:0) with 13 output partitions
[2026-01-20T04:48:19.440+0000] {subprocess.py:93} INFO - 26/01/20 04:48:19 INFO DAGScheduler: Final stage: ShuffleMapStage 4 (csv at NativeMethodAccessorImpl.java:0)
[2026-01-20T04:48:19.441+0000] {subprocess.py:93} INFO - 26/01/20 04:48:19 INFO DAGScheduler: Parents of final stage: List()
[2026-01-20T04:48:19.442+0000] {subprocess.py:93} INFO - 26/01/20 04:48:19 INFO DAGScheduler: Missing parents: List()
[2026-01-20T04:48:19.443+0000] {subprocess.py:93} INFO - 26/01/20 04:48:19 INFO DAGScheduler: Submitting ShuffleMapStage 4 (MapPartitionsRDD[19] at csv at NativeMethodAccessorImpl.java:0), which has no missing parents
[2026-01-20T04:48:19.464+0000] {subprocess.py:93} INFO - 26/01/20 04:48:19 INFO MemoryStore: Block broadcast_10 stored as values in memory (estimated size 18.5 KiB, free 422.6 MiB)
[2026-01-20T04:48:19.466+0000] {subprocess.py:93} INFO - 26/01/20 04:48:19 INFO MemoryStore: Block broadcast_10_piece0 stored as bytes in memory (estimated size 8.8 KiB, free 422.6 MiB)
[2026-01-20T04:48:19.467+0000] {subprocess.py:93} INFO - 26/01/20 04:48:19 INFO BlockManagerInfo: Added broadcast_10_piece0 in memory on 519d7d29de3d:38053 (size: 8.8 KiB, free: 432.6 MiB)
[2026-01-20T04:48:19.468+0000] {subprocess.py:93} INFO - 26/01/20 04:48:19 INFO SparkContext: Created broadcast 10 from broadcast at DAGScheduler.scala:1580
[2026-01-20T04:48:19.469+0000] {subprocess.py:93} INFO - 26/01/20 04:48:19 INFO DAGScheduler: Submitting 13 missing tasks from ShuffleMapStage 4 (MapPartitionsRDD[19] at csv at NativeMethodAccessorImpl.java:0) (first 15 tasks are for partitions Vector(0, 1, 2, 3, 4, 5, 6, 7, 8, 9, 10, 11, 12))
[2026-01-20T04:48:19.470+0000] {subprocess.py:93} INFO - 26/01/20 04:48:19 INFO TaskSchedulerImpl: Adding task set 4.0 with 13 tasks resource profile 0
[2026-01-20T04:48:19.471+0000] {subprocess.py:93} INFO - 26/01/20 04:48:19 INFO TaskSetManager: Starting task 0.0 in stage 4.0 (TID 42) (519d7d29de3d, executor driver, partition 0, PROCESS_LOCAL, 8240 bytes)
[2026-01-20T04:48:19.472+0000] {subprocess.py:93} INFO - 26/01/20 04:48:19 INFO TaskSetManager: Starting task 1.0 in stage 4.0 (TID 43) (519d7d29de3d, executor driver, partition 1, PROCESS_LOCAL, 8240 bytes)
[2026-01-20T04:48:19.473+0000] {subprocess.py:93} INFO - 26/01/20 04:48:19 INFO TaskSetManager: Starting task 2.0 in stage 4.0 (TID 44) (519d7d29de3d, executor driver, partition 2, PROCESS_LOCAL, 8240 bytes)
[2026-01-20T04:48:19.473+0000] {subprocess.py:93} INFO - 26/01/20 04:48:19 INFO TaskSetManager: Starting task 3.0 in stage 4.0 (TID 45) (519d7d29de3d, executor driver, partition 3, PROCESS_LOCAL, 8240 bytes)
[2026-01-20T04:48:19.474+0000] {subprocess.py:93} INFO - 26/01/20 04:48:19 INFO TaskSetManager: Starting task 4.0 in stage 4.0 (TID 46) (519d7d29de3d, executor driver, partition 4, PROCESS_LOCAL, 8240 bytes)
[2026-01-20T04:48:19.475+0000] {subprocess.py:93} INFO - 26/01/20 04:48:19 INFO TaskSetManager: Starting task 5.0 in stage 4.0 (TID 47) (519d7d29de3d, executor driver, partition 5, PROCESS_LOCAL, 8240 bytes)
[2026-01-20T04:48:19.475+0000] {subprocess.py:93} INFO - 26/01/20 04:48:19 INFO TaskSetManager: Starting task 6.0 in stage 4.0 (TID 48) (519d7d29de3d, executor driver, partition 6, PROCESS_LOCAL, 8240 bytes)
[2026-01-20T04:48:19.476+0000] {subprocess.py:93} INFO - 26/01/20 04:48:19 INFO TaskSetManager: Starting task 7.0 in stage 4.0 (TID 49) (519d7d29de3d, executor driver, partition 7, PROCESS_LOCAL, 8240 bytes)
[2026-01-20T04:48:19.477+0000] {subprocess.py:93} INFO - 26/01/20 04:48:19 INFO TaskSetManager: Starting task 8.0 in stage 4.0 (TID 50) (519d7d29de3d, executor driver, partition 8, PROCESS_LOCAL, 8240 bytes)
[2026-01-20T04:48:19.479+0000] {subprocess.py:93} INFO - 26/01/20 04:48:19 INFO TaskSetManager: Starting task 9.0 in stage 4.0 (TID 51) (519d7d29de3d, executor driver, partition 9, PROCESS_LOCAL, 8240 bytes)
[2026-01-20T04:48:19.480+0000] {subprocess.py:93} INFO - 26/01/20 04:48:19 INFO TaskSetManager: Starting task 10.0 in stage 4.0 (TID 52) (519d7d29de3d, executor driver, partition 10, PROCESS_LOCAL, 8240 bytes)
[2026-01-20T04:48:19.482+0000] {subprocess.py:93} INFO - 26/01/20 04:48:19 INFO TaskSetManager: Starting task 11.0 in stage 4.0 (TID 53) (519d7d29de3d, executor driver, partition 11, PROCESS_LOCAL, 8240 bytes)
[2026-01-20T04:48:19.483+0000] {subprocess.py:93} INFO - 26/01/20 04:48:19 INFO TaskSetManager: Starting task 12.0 in stage 4.0 (TID 54) (519d7d29de3d, executor driver, partition 12, PROCESS_LOCAL, 8240 bytes)
[2026-01-20T04:48:19.484+0000] {subprocess.py:93} INFO - 26/01/20 04:48:19 INFO Executor: Running task 0.0 in stage 4.0 (TID 42)
[2026-01-20T04:48:19.485+0000] {subprocess.py:93} INFO - 26/01/20 04:48:19 INFO Executor: Running task 1.0 in stage 4.0 (TID 43)
[2026-01-20T04:48:19.485+0000] {subprocess.py:93} INFO - 26/01/20 04:48:19 INFO Executor: Running task 2.0 in stage 4.0 (TID 44)
[2026-01-20T04:48:19.487+0000] {subprocess.py:93} INFO - 26/01/20 04:48:19 INFO Executor: Running task 3.0 in stage 4.0 (TID 45)
[2026-01-20T04:48:19.488+0000] {subprocess.py:93} INFO - 26/01/20 04:48:19 INFO Executor: Running task 4.0 in stage 4.0 (TID 46)
[2026-01-20T04:48:19.489+0000] {subprocess.py:93} INFO - 26/01/20 04:48:19 INFO Executor: Running task 6.0 in stage 4.0 (TID 48)
[2026-01-20T04:48:19.490+0000] {subprocess.py:93} INFO - 26/01/20 04:48:19 INFO Executor: Running task 5.0 in stage 4.0 (TID 47)
[2026-01-20T04:48:19.491+0000] {subprocess.py:93} INFO - 26/01/20 04:48:19 INFO Executor: Running task 7.0 in stage 4.0 (TID 49)
[2026-01-20T04:48:19.492+0000] {subprocess.py:93} INFO - 26/01/20 04:48:19 INFO Executor: Running task 8.0 in stage 4.0 (TID 50)
[2026-01-20T04:48:19.493+0000] {subprocess.py:93} INFO - 26/01/20 04:48:19 INFO Executor: Running task 9.0 in stage 4.0 (TID 51)
[2026-01-20T04:48:19.494+0000] {subprocess.py:93} INFO - 26/01/20 04:48:19 INFO Executor: Running task 10.0 in stage 4.0 (TID 52)
[2026-01-20T04:48:19.495+0000] {subprocess.py:93} INFO - 26/01/20 04:48:19 INFO Executor: Running task 12.0 in stage 4.0 (TID 54)
[2026-01-20T04:48:19.496+0000] {subprocess.py:93} INFO - 26/01/20 04:48:19 INFO Executor: Running task 11.0 in stage 4.0 (TID 53)
[2026-01-20T04:48:19.511+0000] {subprocess.py:93} INFO - 26/01/20 04:48:19 INFO CodeGenerator: Code generated in 11.887937 ms
[2026-01-20T04:48:19.534+0000] {subprocess.py:93} INFO - 26/01/20 04:48:19 INFO CodeGenerator: Code generated in 11.613753 ms
[2026-01-20T04:48:19.549+0000] {subprocess.py:93} INFO - 26/01/20 04:48:19 INFO FileScanRDD: Reading File path: file:///opt/spark-data/landing/transaction_events_1768879479.1820476.json, range: 4194304-8388608, partition values: [empty row]
[2026-01-20T04:48:19.551+0000] {subprocess.py:93} INFO - 26/01/20 04:48:19 INFO FileScanRDD: Reading File path: file:///opt/spark-data/landing/transaction_events_1768879479.1820476.json, range: 50331648-51561162, partition values: [empty row]
[2026-01-20T04:48:19.553+0000] {subprocess.py:93} INFO - 26/01/20 04:48:19 INFO FileScanRDD: Reading File path: file:///opt/spark-data/landing/transaction_events_1768879479.1820476.json, range: 16777216-20971520, partition values: [empty row]
[2026-01-20T04:48:19.554+0000] {subprocess.py:93} INFO - 26/01/20 04:48:19 INFO FileScanRDD: Reading File path: file:///opt/spark-data/landing/transaction_events_1768879479.1820476.json, range: 12582912-16777216, partition values: [empty row]
[2026-01-20T04:48:19.555+0000] {subprocess.py:93} INFO - 26/01/20 04:48:19 INFO FileScanRDD: Reading File path: file:///opt/spark-data/landing/transaction_events_1768879479.1820476.json, range: 20971520-25165824, partition values: [empty row]
[2026-01-20T04:48:19.556+0000] {subprocess.py:93} INFO - 26/01/20 04:48:19 INFO FileScanRDD: Reading File path: file:///opt/spark-data/landing/transaction_events_1768879479.1820476.json, range: 8388608-12582912, partition values: [empty row]
[2026-01-20T04:48:19.557+0000] {subprocess.py:93} INFO - 26/01/20 04:48:19 INFO FileScanRDD: Reading File path: file:///opt/spark-data/landing/transaction_events_1768879479.1820476.json, range: 41943040-46137344, partition values: [empty row]
[2026-01-20T04:48:19.558+0000] {subprocess.py:93} INFO - 26/01/20 04:48:19 INFO FileScanRDD: Reading File path: file:///opt/spark-data/landing/transaction_events_1768879479.1820476.json, range: 46137344-50331648, partition values: [empty row]
[2026-01-20T04:48:19.559+0000] {subprocess.py:93} INFO - 26/01/20 04:48:19 INFO FileScanRDD: Reading File path: file:///opt/spark-data/landing/transaction_events_1768879479.1820476.json, range: 29360128-33554432, partition values: [empty row]
[2026-01-20T04:48:19.560+0000] {subprocess.py:93} INFO - 26/01/20 04:48:19 INFO FileScanRDD: Reading File path: file:///opt/spark-data/landing/transaction_events_1768879479.1820476.json, range: 37748736-41943040, partition values: [empty row]
[2026-01-20T04:48:19.561+0000] {subprocess.py:93} INFO - 26/01/20 04:48:19 INFO FileScanRDD: Reading File path: file:///opt/spark-data/landing/transaction_events_1768879479.1820476.json, range: 33554432-37748736, partition values: [empty row]
[2026-01-20T04:48:19.562+0000] {subprocess.py:93} INFO - 26/01/20 04:48:19 INFO FileScanRDD: Reading File path: file:///opt/spark-data/landing/transaction_events_1768879479.1820476.json, range: 0-4194304, partition values: [empty row]
[2026-01-20T04:48:19.563+0000] {subprocess.py:93} INFO - 26/01/20 04:48:19 INFO FileScanRDD: Reading File path: file:///opt/spark-data/landing/transaction_events_1768879479.1820476.json, range: 25165824-29360128, partition values: [empty row]
[2026-01-20T04:48:19.568+0000] {subprocess.py:93} INFO - 26/01/20 04:48:19 INFO CodeGenerator: Code generated in 14.821859 ms
[2026-01-20T04:48:19.987+0000] {subprocess.py:93} INFO - 26/01/20 04:48:19 INFO BlockManagerInfo: Removed broadcast_7_piece0 on 519d7d29de3d:38053 in memory (size: 34.2 KiB, free: 432.7 MiB)
[2026-01-20T04:48:20.015+0000] {subprocess.py:93} INFO - 26/01/20 04:48:20 INFO BlockManagerInfo: Removed broadcast_1_piece0 on 519d7d29de3d:38053 in memory (size: 7.5 KiB, free: 432.7 MiB)
[2026-01-20T04:48:20.032+0000] {subprocess.py:93} INFO - 26/01/20 04:48:20 INFO BlockManagerInfo: Removed broadcast_0_piece0 on 519d7d29de3d:38053 in memory (size: 34.2 KiB, free: 432.7 MiB)
[2026-01-20T04:48:20.077+0000] {subprocess.py:93} INFO - 26/01/20 04:48:20 INFO BlockManagerInfo: Removed broadcast_8_piece0 on 519d7d29de3d:38053 in memory (size: 82.8 KiB, free: 432.8 MiB)
[2026-01-20T04:48:20.097+0000] {subprocess.py:93} INFO - 26/01/20 04:48:20 INFO BlockManagerInfo: Removed broadcast_4_piece0 on 519d7d29de3d:38053 in memory (size: 34.2 KiB, free: 432.8 MiB)
[2026-01-20T04:48:20.109+0000] {subprocess.py:93} INFO - 26/01/20 04:48:20 INFO BlockManagerInfo: Removed broadcast_6_piece0 on 519d7d29de3d:38053 in memory (size: 1578.1 KiB, free: 434.4 MiB)
[2026-01-20T04:48:20.298+0000] {subprocess.py:93} INFO - 26/01/20 04:48:20 INFO Executor: Finished task 12.0 in stage 4.0 (TID 54). 2075 bytes result sent to driver
[2026-01-20T04:48:20.301+0000] {subprocess.py:93} INFO - 26/01/20 04:48:20 INFO TaskSetManager: Finished task 12.0 in stage 4.0 (TID 54) in 823 ms on 519d7d29de3d (executor driver) (1/13)
[2026-01-20T04:48:20.509+0000] {subprocess.py:93} INFO - 26/01/20 04:48:20 INFO Executor: Finished task 4.0 in stage 4.0 (TID 46). 2075 bytes result sent to driver
[2026-01-20T04:48:20.512+0000] {subprocess.py:93} INFO - 26/01/20 04:48:20 INFO TaskSetManager: Finished task 4.0 in stage 4.0 (TID 46) in 1039 ms on 519d7d29de3d (executor driver) (2/13)
[2026-01-20T04:48:20.513+0000] {subprocess.py:93} INFO - 26/01/20 04:48:20 INFO Executor: Finished task 3.0 in stage 4.0 (TID 45). 2032 bytes result sent to driver
[2026-01-20T04:48:20.515+0000] {subprocess.py:93} INFO - 26/01/20 04:48:20 INFO TaskSetManager: Finished task 3.0 in stage 4.0 (TID 45) in 1043 ms on 519d7d29de3d (executor driver) (3/13)
[2026-01-20T04:48:20.521+0000] {subprocess.py:93} INFO - 26/01/20 04:48:20 INFO Executor: Finished task 1.0 in stage 4.0 (TID 43). 2032 bytes result sent to driver
[2026-01-20T04:48:20.524+0000] {subprocess.py:93} INFO - 26/01/20 04:48:20 INFO TaskSetManager: Finished task 1.0 in stage 4.0 (TID 43) in 1053 ms on 519d7d29de3d (executor driver) (4/13)
[2026-01-20T04:48:20.535+0000] {subprocess.py:93} INFO - 26/01/20 04:48:20 INFO Executor: Finished task 7.0 in stage 4.0 (TID 49). 2032 bytes result sent to driver
[2026-01-20T04:48:20.536+0000] {subprocess.py:93} INFO - 26/01/20 04:48:20 INFO Executor: Finished task 9.0 in stage 4.0 (TID 51). 2032 bytes result sent to driver
[2026-01-20T04:48:20.543+0000] {subprocess.py:93} INFO - 26/01/20 04:48:20 INFO TaskSetManager: Finished task 7.0 in stage 4.0 (TID 49) in 1069 ms on 519d7d29de3d (executor driver) (5/13)
[2026-01-20T04:48:20.544+0000] {subprocess.py:93} INFO - 26/01/20 04:48:20 INFO TaskSetManager: Finished task 9.0 in stage 4.0 (TID 51) in 1069 ms on 519d7d29de3d (executor driver) (6/13)
[2026-01-20T04:48:20.545+0000] {subprocess.py:93} INFO - 26/01/20 04:48:20 INFO Executor: Finished task 8.0 in stage 4.0 (TID 50). 2032 bytes result sent to driver
[2026-01-20T04:48:20.546+0000] {subprocess.py:93} INFO - 26/01/20 04:48:20 INFO TaskSetManager: Finished task 8.0 in stage 4.0 (TID 50) in 1071 ms on 519d7d29de3d (executor driver) (7/13)
[2026-01-20T04:48:20.551+0000] {subprocess.py:93} INFO - 26/01/20 04:48:20 INFO Executor: Finished task 2.0 in stage 4.0 (TID 44). 2032 bytes result sent to driver
[2026-01-20T04:48:20.553+0000] {subprocess.py:93} INFO - 26/01/20 04:48:20 INFO TaskSetManager: Finished task 2.0 in stage 4.0 (TID 44) in 1080 ms on 519d7d29de3d (executor driver) (8/13)
[2026-01-20T04:48:20.555+0000] {subprocess.py:93} INFO - 26/01/20 04:48:20 INFO Executor: Finished task 10.0 in stage 4.0 (TID 52). 2075 bytes result sent to driver
[2026-01-20T04:48:20.556+0000] {subprocess.py:93} INFO - 26/01/20 04:48:20 INFO Executor: Finished task 6.0 in stage 4.0 (TID 48). 2075 bytes result sent to driver
[2026-01-20T04:48:20.557+0000] {subprocess.py:93} INFO - 26/01/20 04:48:20 INFO Executor: Finished task 0.0 in stage 4.0 (TID 42). 2075 bytes result sent to driver
[2026-01-20T04:48:20.558+0000] {subprocess.py:93} INFO - 26/01/20 04:48:20 INFO TaskSetManager: Finished task 10.0 in stage 4.0 (TID 52) in 1081 ms on 519d7d29de3d (executor driver) (9/13)
[2026-01-20T04:48:20.559+0000] {subprocess.py:93} INFO - 26/01/20 04:48:20 INFO TaskSetManager: Finished task 6.0 in stage 4.0 (TID 48) in 1083 ms on 519d7d29de3d (executor driver) (10/13)
[2026-01-20T04:48:20.560+0000] {subprocess.py:93} INFO - 26/01/20 04:48:20 INFO TaskSetManager: Finished task 0.0 in stage 4.0 (TID 42) in 1087 ms on 519d7d29de3d (executor driver) (11/13)
[2026-01-20T04:48:20.561+0000] {subprocess.py:93} INFO - 26/01/20 04:48:20 INFO Executor: Finished task 11.0 in stage 4.0 (TID 53). 2032 bytes result sent to driver
[2026-01-20T04:48:20.562+0000] {subprocess.py:93} INFO - 26/01/20 04:48:20 INFO TaskSetManager: Finished task 11.0 in stage 4.0 (TID 53) in 1083 ms on 519d7d29de3d (executor driver) (12/13)
[2026-01-20T04:48:20.562+0000] {subprocess.py:93} INFO - 26/01/20 04:48:20 INFO Executor: Finished task 5.0 in stage 4.0 (TID 47). 2032 bytes result sent to driver
[2026-01-20T04:48:20.564+0000] {subprocess.py:93} INFO - 26/01/20 04:48:20 INFO TaskSetManager: Finished task 5.0 in stage 4.0 (TID 47) in 1088 ms on 519d7d29de3d (executor driver) (13/13)
[2026-01-20T04:48:20.565+0000] {subprocess.py:93} INFO - 26/01/20 04:48:20 INFO TaskSchedulerImpl: Removed TaskSet 4.0, whose tasks have all completed, from pool
[2026-01-20T04:48:20.566+0000] {subprocess.py:93} INFO - 26/01/20 04:48:20 INFO DAGScheduler: ShuffleMapStage 4 (csv at NativeMethodAccessorImpl.java:0) finished in 1.116 s
[2026-01-20T04:48:20.567+0000] {subprocess.py:93} INFO - 26/01/20 04:48:20 INFO DAGScheduler: looking for newly runnable stages
[2026-01-20T04:48:20.568+0000] {subprocess.py:93} INFO - 26/01/20 04:48:20 INFO DAGScheduler: running: Set()
[2026-01-20T04:48:20.569+0000] {subprocess.py:93} INFO - 26/01/20 04:48:20 INFO DAGScheduler: waiting: Set()
[2026-01-20T04:48:20.569+0000] {subprocess.py:93} INFO - 26/01/20 04:48:20 INFO DAGScheduler: failed: Set()
[2026-01-20T04:48:20.584+0000] {subprocess.py:93} INFO - 26/01/20 04:48:20 INFO ShufflePartitionsUtil: For shuffle(0), advisory target size: 67108864, actual target size 1048576, minimum partition size: 1048576
[2026-01-20T04:48:20.669+0000] {subprocess.py:93} INFO - 26/01/20 04:48:20 INFO FileOutputCommitter: File Output Committer Algorithm version is 1
[2026-01-20T04:48:20.670+0000] {subprocess.py:93} INFO - 26/01/20 04:48:20 INFO FileOutputCommitter: FileOutputCommitter skip cleanup _temporary folders under output directory:false, ignore cleanup failures: false
[2026-01-20T04:48:20.673+0000] {subprocess.py:93} INFO - 26/01/20 04:48:20 INFO SQLHadoopMapReduceCommitProtocol: Using output committer class org.apache.hadoop.mapreduce.lib.output.FileOutputCommitter
[2026-01-20T04:48:20.815+0000] {subprocess.py:93} INFO - 26/01/20 04:48:20 INFO CodeGenerator: Code generated in 12.861293 ms
[2026-01-20T04:48:20.826+0000] {subprocess.py:93} INFO - 26/01/20 04:48:20 INFO CodeGenerator: Code generated in 7.388784 ms
[2026-01-20T04:48:20.939+0000] {subprocess.py:93} INFO - 26/01/20 04:48:20 INFO SparkContext: Starting job: csv at NativeMethodAccessorImpl.java:0
[2026-01-20T04:48:20.941+0000] {subprocess.py:93} INFO - 26/01/20 04:48:20 INFO DAGScheduler: Got job 5 (csv at NativeMethodAccessorImpl.java:0) with 1 output partitions
[2026-01-20T04:48:20.943+0000] {subprocess.py:93} INFO - 26/01/20 04:48:20 INFO DAGScheduler: Final stage: ResultStage 6 (csv at NativeMethodAccessorImpl.java:0)
[2026-01-20T04:48:20.944+0000] {subprocess.py:93} INFO - 26/01/20 04:48:20 INFO DAGScheduler: Parents of final stage: List(ShuffleMapStage 5)
[2026-01-20T04:48:20.945+0000] {subprocess.py:93} INFO - 26/01/20 04:48:20 INFO DAGScheduler: Missing parents: List()
[2026-01-20T04:48:20.945+0000] {subprocess.py:93} INFO - 26/01/20 04:48:20 INFO DAGScheduler: Submitting ResultStage 6 (MapPartitionsRDD[26] at csv at NativeMethodAccessorImpl.java:0), which has no missing parents
[2026-01-20T04:48:20.969+0000] {subprocess.py:93} INFO - 26/01/20 04:48:20 INFO MemoryStore: Block broadcast_11 stored as values in memory (estimated size 244.7 KiB, free 433.9 MiB)
[2026-01-20T04:48:20.975+0000] {subprocess.py:93} INFO - 26/01/20 04:48:20 INFO MemoryStore: Block broadcast_11_piece0 stored as bytes in memory (estimated size 91.6 KiB, free 433.8 MiB)
[2026-01-20T04:48:20.977+0000] {subprocess.py:93} INFO - 26/01/20 04:48:20 INFO BlockManagerInfo: Added broadcast_11_piece0 in memory on 519d7d29de3d:38053 (size: 91.6 KiB, free: 434.3 MiB)
[2026-01-20T04:48:20.978+0000] {subprocess.py:93} INFO - 26/01/20 04:48:20 INFO SparkContext: Created broadcast 11 from broadcast at DAGScheduler.scala:1580
[2026-01-20T04:48:20.978+0000] {subprocess.py:93} INFO - 26/01/20 04:48:20 INFO DAGScheduler: Submitting 1 missing tasks from ResultStage 6 (MapPartitionsRDD[26] at csv at NativeMethodAccessorImpl.java:0) (first 15 tasks are for partitions Vector(0))
[2026-01-20T04:48:20.979+0000] {subprocess.py:93} INFO - 26/01/20 04:48:20 INFO TaskSchedulerImpl: Adding task set 6.0 with 1 tasks resource profile 0
[2026-01-20T04:48:20.988+0000] {subprocess.py:93} INFO - 26/01/20 04:48:20 INFO TaskSetManager: Starting task 0.0 in stage 6.0 (TID 55) (519d7d29de3d, executor driver, partition 0, NODE_LOCAL, 7975 bytes)
[2026-01-20T04:48:20.989+0000] {subprocess.py:93} INFO - 26/01/20 04:48:20 INFO Executor: Running task 0.0 in stage 6.0 (TID 55)
[2026-01-20T04:48:21.023+0000] {subprocess.py:93} INFO - 26/01/20 04:48:21 INFO FileOutputCommitter: File Output Committer Algorithm version is 1
[2026-01-20T04:48:21.024+0000] {subprocess.py:93} INFO - 26/01/20 04:48:21 INFO FileOutputCommitter: FileOutputCommitter skip cleanup _temporary folders under output directory:false, ignore cleanup failures: false
[2026-01-20T04:48:21.025+0000] {subprocess.py:93} INFO - 26/01/20 04:48:21 INFO SQLHadoopMapReduceCommitProtocol: Using output committer class org.apache.hadoop.mapreduce.lib.output.FileOutputCommitter
[2026-01-20T04:48:21.251+0000] {subprocess.py:93} INFO - 26/01/20 04:48:21 INFO ShuffleBlockFetcherIterator: Getting 13 (1044.2 KiB) non-empty blocks including 13 (1044.2 KiB) local and 0 (0.0 B) host-local and 0 (0.0 B) push-merged-local and 0 (0.0 B) remote blocks
[2026-01-20T04:48:21.254+0000] {subprocess.py:93} INFO - 26/01/20 04:48:21 INFO ShuffleBlockFetcherIterator: Started 0 remote fetches in 15 ms
[2026-01-20T04:48:21.273+0000] {subprocess.py:93} INFO - 26/01/20 04:48:21 INFO CodeGenerator: Code generated in 12.864861 ms
[2026-01-20T04:48:21.296+0000] {subprocess.py:93} INFO - 26/01/20 04:48:21 INFO CodeGenerator: Code generated in 15.64722 ms
[2026-01-20T04:48:21.317+0000] {subprocess.py:93} INFO - 26/01/20 04:48:21 INFO CodeGenerator: Code generated in 12.416099 ms
[2026-01-20T04:48:21.347+0000] {subprocess.py:93} INFO - 26/01/20 04:48:21 INFO CodeGenerator: Code generated in 13.080481 ms
[2026-01-20T04:48:21.461+0000] {subprocess.py:93} INFO - 26/01/20 04:48:21 INFO CodeGenerator: Code generated in 7.042033 ms
[2026-01-20T04:48:21.482+0000] {subprocess.py:93} INFO - 26/01/20 04:48:21 INFO CodeGenerator: Code generated in 11.653 ms
[2026-01-20T04:48:21.490+0000] {subprocess.py:93} INFO - 26/01/20 04:48:21 INFO CodeGenerator: Code generated in 6.529291 ms
[2026-01-20T04:48:21.501+0000] {subprocess.py:93} INFO - 26/01/20 04:48:21 INFO CodeGenerator: Code generated in 7.545638 ms
[2026-01-20T04:48:21.513+0000] {subprocess.py:93} INFO - 26/01/20 04:48:21 INFO CodeGenerator: Code generated in 10.950423 ms
[2026-01-20T04:48:21.525+0000] {subprocess.py:93} INFO - 26/01/20 04:48:21 INFO CodeGenerator: Code generated in 9.13875 ms
[2026-01-20T04:48:21.541+0000] {subprocess.py:93} INFO - 26/01/20 04:48:21 INFO CodeGenerator: Code generated in 9.672526 ms
[2026-01-20T04:48:21.615+0000] {subprocess.py:93} INFO - 26/01/20 04:48:21 INFO CodeGenerator: Code generated in 7.497698 ms
[2026-01-20T04:48:21.639+0000] {subprocess.py:93} INFO - 26/01/20 04:48:21 INFO CodeGenerator: Code generated in 11.438461 ms
[2026-01-20T04:48:21.650+0000] {subprocess.py:93} INFO - 26/01/20 04:48:21 INFO CodeGenerator: Code generated in 7.982916 ms
[2026-01-20T04:48:21.783+0000] {subprocess.py:93} INFO - 26/01/20 04:48:21 INFO ShuffleBlockFetcherIterator: Getting 13 (1039.8 KiB) non-empty blocks including 13 (1039.8 KiB) local and 0 (0.0 B) host-local and 0 (0.0 B) push-merged-local and 0 (0.0 B) remote blocks
[2026-01-20T04:48:21.785+0000] {subprocess.py:93} INFO - 26/01/20 04:48:21 INFO ShuffleBlockFetcherIterator: Started 0 remote fetches in 2 ms
[2026-01-20T04:48:21.998+0000] {subprocess.py:93} INFO - 26/01/20 04:48:21 INFO ShuffleBlockFetcherIterator: Getting 13 (1030.5 KiB) non-empty blocks including 13 (1030.5 KiB) local and 0 (0.0 B) host-local and 0 (0.0 B) push-merged-local and 0 (0.0 B) remote blocks
[2026-01-20T04:48:22.000+0000] {subprocess.py:93} INFO - 26/01/20 04:48:21 INFO ShuffleBlockFetcherIterator: Started 0 remote fetches in 2 ms
[2026-01-20T04:48:22.156+0000] {subprocess.py:93} INFO - 26/01/20 04:48:22 INFO ShuffleBlockFetcherIterator: Getting 13 (1283.5 KiB) non-empty blocks including 13 (1283.5 KiB) local and 0 (0.0 B) host-local and 0 (0.0 B) push-merged-local and 0 (0.0 B) remote blocks
[2026-01-20T04:48:22.157+0000] {subprocess.py:93} INFO - 26/01/20 04:48:22 INFO ShuffleBlockFetcherIterator: Started 0 remote fetches in 1 ms
[2026-01-20T04:48:22.350+0000] {subprocess.py:93} INFO - 26/01/20 04:48:22 INFO FileOutputCommitter: Saved output of task 'attempt_202601200448206674662059967947263_0006_m_000000_55' to file:/opt/spark-data/gold/transaction_analytics/_temporary/0/task_202601200448206674662059967947263_0006_m_000000
[2026-01-20T04:48:22.351+0000] {subprocess.py:93} INFO - 26/01/20 04:48:22 INFO SparkHadoopMapRedUtil: attempt_202601200448206674662059967947263_0006_m_000000_55: Committed. Elapsed time: 39 ms.
[2026-01-20T04:48:22.353+0000] {subprocess.py:93} INFO - 26/01/20 04:48:22 INFO Executor: Finished task 0.0 in stage 6.0 (TID 55). 5845 bytes result sent to driver
[2026-01-20T04:48:22.354+0000] {subprocess.py:93} INFO - 26/01/20 04:48:22 INFO TaskSetManager: Finished task 0.0 in stage 6.0 (TID 55) in 1373 ms on 519d7d29de3d (executor driver) (1/1)
[2026-01-20T04:48:22.354+0000] {subprocess.py:93} INFO - 26/01/20 04:48:22 INFO TaskSchedulerImpl: Removed TaskSet 6.0, whose tasks have all completed, from pool
[2026-01-20T04:48:22.355+0000] {subprocess.py:93} INFO - 26/01/20 04:48:22 INFO DAGScheduler: ResultStage 6 (csv at NativeMethodAccessorImpl.java:0) finished in 1.411 s
[2026-01-20T04:48:22.355+0000] {subprocess.py:93} INFO - 26/01/20 04:48:22 INFO DAGScheduler: Job 5 is finished. Cancelling potential speculative or zombie tasks for this job
[2026-01-20T04:48:22.356+0000] {subprocess.py:93} INFO - 26/01/20 04:48:22 INFO TaskSchedulerImpl: Killing all running tasks in stage 6: Stage finished
[2026-01-20T04:48:22.356+0000] {subprocess.py:93} INFO - 26/01/20 04:48:22 INFO DAGScheduler: Job 5 finished: csv at NativeMethodAccessorImpl.java:0, took 1.416527 s
[2026-01-20T04:48:22.357+0000] {subprocess.py:93} INFO - 26/01/20 04:48:22 INFO FileFormatWriter: Start to commit write Job 69188ecd-b295-4f65-add2-fdb6a846536d.
[2026-01-20T04:48:22.951+0000] {subprocess.py:93} INFO - 26/01/20 04:48:22 INFO FileFormatWriter: Write Job 69188ecd-b295-4f65-add2-fdb6a846536d committed. Elapsed time: 594 ms.
[2026-01-20T04:48:22.952+0000] {subprocess.py:93} INFO - 26/01/20 04:48:22 INFO FileFormatWriter: Finished processing stats for write job 69188ecd-b295-4f65-add2-fdb6a846536d.
[2026-01-20T04:48:22.953+0000] {subprocess.py:93} INFO - Analytics Table with Window Functions created successfully.
[2026-01-20T04:48:23.012+0000] {subprocess.py:93} INFO - Transactions All Of them!
[2026-01-20T04:48:23.057+0000] {subprocess.py:93} INFO - 26/01/20 04:48:23 INFO FileSourceStrategy: Pushed Filters: IsNotNull(line_items)
[2026-01-20T04:48:23.058+0000] {subprocess.py:93} INFO - 26/01/20 04:48:23 INFO FileSourceStrategy: Post-Scan Filters: (size(line_items#10, true) > 0),isnotnull(line_items#10)
[2026-01-20T04:48:23.122+0000] {subprocess.py:93} INFO - 26/01/20 04:48:23 INFO CodeGenerator: Code generated in 29.551693 ms
[2026-01-20T04:48:23.127+0000] {subprocess.py:93} INFO - 26/01/20 04:48:23 INFO MemoryStore: Block broadcast_12 stored as values in memory (estimated size 199.1 KiB, free 433.6 MiB)
[2026-01-20T04:48:23.145+0000] {subprocess.py:93} INFO - 26/01/20 04:48:23 INFO MemoryStore: Block broadcast_12_piece0 stored as bytes in memory (estimated size 34.2 KiB, free 433.6 MiB)
[2026-01-20T04:48:23.147+0000] {subprocess.py:93} INFO - 26/01/20 04:48:23 INFO BlockManagerInfo: Added broadcast_12_piece0 in memory on 519d7d29de3d:38053 (size: 34.2 KiB, free: 434.2 MiB)
[2026-01-20T04:48:23.147+0000] {subprocess.py:93} INFO - 26/01/20 04:48:23 INFO SparkContext: Created broadcast 12 from showString at NativeMethodAccessorImpl.java:0
[2026-01-20T04:48:23.149+0000] {subprocess.py:93} INFO - 26/01/20 04:48:23 INFO FileSourceScanExec: Planning scan with bin packing, max size: 4194304 bytes, open cost is considered as scanning 4194304 bytes.
[2026-01-20T04:48:23.167+0000] {subprocess.py:93} INFO - 26/01/20 04:48:23 INFO SparkContext: Starting job: showString at NativeMethodAccessorImpl.java:0
[2026-01-20T04:48:23.168+0000] {subprocess.py:93} INFO - 26/01/20 04:48:23 INFO DAGScheduler: Got job 6 (showString at NativeMethodAccessorImpl.java:0) with 1 output partitions
[2026-01-20T04:48:23.169+0000] {subprocess.py:93} INFO - 26/01/20 04:48:23 INFO DAGScheduler: Final stage: ResultStage 7 (showString at NativeMethodAccessorImpl.java:0)
[2026-01-20T04:48:23.171+0000] {subprocess.py:93} INFO - 26/01/20 04:48:23 INFO DAGScheduler: Parents of final stage: List()
[2026-01-20T04:48:23.172+0000] {subprocess.py:93} INFO - 26/01/20 04:48:23 INFO DAGScheduler: Missing parents: List()
[2026-01-20T04:48:23.173+0000] {subprocess.py:93} INFO - 26/01/20 04:48:23 INFO DAGScheduler: Submitting ResultStage 7 (MapPartitionsRDD[30] at showString at NativeMethodAccessorImpl.java:0), which has no missing parents
[2026-01-20T04:48:23.174+0000] {subprocess.py:93} INFO - 26/01/20 04:48:23 INFO MemoryStore: Block broadcast_13 stored as values in memory (estimated size 32.8 KiB, free 433.6 MiB)
[2026-01-20T04:48:23.176+0000] {subprocess.py:93} INFO - 26/01/20 04:48:23 INFO MemoryStore: Block broadcast_13_piece0 stored as bytes in memory (estimated size 11.6 KiB, free 433.5 MiB)
[2026-01-20T04:48:23.179+0000] {subprocess.py:93} INFO - 26/01/20 04:48:23 INFO BlockManagerInfo: Added broadcast_13_piece0 in memory on 519d7d29de3d:38053 (size: 11.6 KiB, free: 434.2 MiB)
[2026-01-20T04:48:23.181+0000] {subprocess.py:93} INFO - 26/01/20 04:48:23 INFO SparkContext: Created broadcast 13 from broadcast at DAGScheduler.scala:1580
[2026-01-20T04:48:23.182+0000] {subprocess.py:93} INFO - 26/01/20 04:48:23 INFO DAGScheduler: Submitting 1 missing tasks from ResultStage 7 (MapPartitionsRDD[30] at showString at NativeMethodAccessorImpl.java:0) (first 15 tasks are for partitions Vector(0))
[2026-01-20T04:48:23.183+0000] {subprocess.py:93} INFO - 26/01/20 04:48:23 INFO TaskSchedulerImpl: Adding task set 7.0 with 1 tasks resource profile 0
[2026-01-20T04:48:23.184+0000] {subprocess.py:93} INFO - 26/01/20 04:48:23 INFO TaskSetManager: Starting task 0.0 in stage 7.0 (TID 56) (519d7d29de3d, executor driver, partition 0, PROCESS_LOCAL, 8251 bytes)
[2026-01-20T04:48:23.185+0000] {subprocess.py:93} INFO - 26/01/20 04:48:23 INFO Executor: Running task 0.0 in stage 7.0 (TID 56)
[2026-01-20T04:48:23.225+0000] {subprocess.py:93} INFO - 26/01/20 04:48:23 INFO CodeGenerator: Code generated in 35.354731 ms
[2026-01-20T04:48:23.226+0000] {subprocess.py:93} INFO - 26/01/20 04:48:23 INFO FileScanRDD: Reading File path: file:///opt/spark-data/landing/transaction_events_1768879479.1820476.json, range: 0-4194304, partition values: [empty row]
[2026-01-20T04:48:23.279+0000] {subprocess.py:93} INFO - 26/01/20 04:48:23 INFO BlockManagerInfo: Removed broadcast_11_piece0 on 519d7d29de3d:38053 in memory (size: 91.6 KiB, free: 434.3 MiB)
[2026-01-20T04:48:23.285+0000] {subprocess.py:93} INFO - 26/01/20 04:48:23 INFO CodeGenerator: Code generated in 52.620559 ms
[2026-01-20T04:48:23.295+0000] {subprocess.py:93} INFO - 26/01/20 04:48:23 INFO CodeGenerator: Code generated in 6.332476 ms
[2026-01-20T04:48:23.342+0000] {subprocess.py:93} INFO - 26/01/20 04:48:23 INFO Executor: Finished task 0.0 in stage 7.0 (TID 56). 5214 bytes result sent to driver
[2026-01-20T04:48:23.344+0000] {subprocess.py:93} INFO - 26/01/20 04:48:23 INFO TaskSetManager: Finished task 0.0 in stage 7.0 (TID 56) in 161 ms on 519d7d29de3d (executor driver) (1/1)
[2026-01-20T04:48:23.346+0000] {subprocess.py:93} INFO - 26/01/20 04:48:23 INFO TaskSchedulerImpl: Removed TaskSet 7.0, whose tasks have all completed, from pool
[2026-01-20T04:48:23.347+0000] {subprocess.py:93} INFO - 26/01/20 04:48:23 INFO DAGScheduler: ResultStage 7 (showString at NativeMethodAccessorImpl.java:0) finished in 0.175 s
[2026-01-20T04:48:23.348+0000] {subprocess.py:93} INFO - 26/01/20 04:48:23 INFO DAGScheduler: Job 6 is finished. Cancelling potential speculative or zombie tasks for this job
[2026-01-20T04:48:23.348+0000] {subprocess.py:93} INFO - 26/01/20 04:48:23 INFO TaskSchedulerImpl: Killing all running tasks in stage 7: Stage finished
[2026-01-20T04:48:23.349+0000] {subprocess.py:93} INFO - 26/01/20 04:48:23 INFO DAGScheduler: Job 6 finished: showString at NativeMethodAccessorImpl.java:0, took 0.179733 s
[2026-01-20T04:48:23.376+0000] {subprocess.py:93} INFO - 26/01/20 04:48:23 INFO CodeGenerator: Code generated in 17.066299 ms
[2026-01-20T04:48:23.437+0000] {subprocess.py:93} INFO - +--------+------------------------------------+--------------+---------------------------------------------------------------+---------+--------+------+---------------------------+--------+------------------------------------+----------------+--------+------------------------------------------------------------------------------+--------------------+-----------------------+---------------------+------------------------------+------------------------+
[2026-01-20T04:48:23.438+0000] {subprocess.py:93} INFO - |currency|original_transaction_id             |payment_method|shipping_address                                               |status   |subtotal|tax   |timestamp                  |total   |transaction_id                      |transaction_type|user_id |line_item                                                                     |billing_address_city|billing_address_country|billing_address_state|billing_address_street        |billing_address_zip_code|
[2026-01-20T04:48:23.440+0000] {subprocess.py:93} INFO - +--------+------------------------------------+--------------+---------------------------------------------------------------+---------+--------+------+---------------------------+--------+------------------------------------+----------------+--------+------------------------------------------------------------------------------+--------------------+-----------------------+---------------------+------------------------------+------------------------+
[2026-01-20T04:48:23.441+0000] {subprocess.py:93} INFO - |USD     |NULL                                |google_pay    |{Paulhaven, US, NV, 4407 Dennis River, 25427}                  |completed|2191.48 |207.86|2026-01-19T17:38:50.066404Z|2399.34 |348310ad-5cb7-4825-b3ca-7cf7ccff0be9|purchase        |e771ed48|{GreenLife, beauty, PROD_2668, Essential Beauty Collection, 4, 54.92}         |Kellerberg          |US                     |KY                   |94532 Samantha Landing        |37817                   |
[2026-01-20T04:48:23.442+0000] {subprocess.py:93} INFO - |USD     |NULL                                |google_pay    |{Paulhaven, US, NV, 4407 Dennis River, 25427}                  |completed|2191.48 |207.86|2026-01-19T17:38:50.066404Z|2399.34 |348310ad-5cb7-4825-b3ca-7cf7ccff0be9|purchase        |e771ed48|{HomeMax, clothing, PROD_2041, Compact Clothing Collection, 5, 394.36}        |Kellerberg          |US                     |KY                   |94532 Samantha Landing        |37817                   |
[2026-01-20T04:48:23.443+0000] {subprocess.py:93} INFO - |USD     |NULL                                |paypal        |{Medinamouth, US, ND, 1006 Julie Landing, 24973}               |completed|2335.54 |152.15|2026-01-19T17:38:54.422514Z|2487.69 |7e29cc86-961b-442e-bfe5-58a085808589|purchase        |234a1570|{GreenLife, books, PROD_2272, Elite Books Model, 5, 408.48}                   |Kentville           |US                     |TN                   |386 Cody Avenue Suite 938     |42478                   |
[2026-01-20T04:48:23.444+0000] {subprocess.py:93} INFO - |USD     |NULL                                |paypal        |{Medinamouth, US, ND, 1006 Julie Landing, 24973}               |completed|2335.54 |152.15|2026-01-19T17:38:54.422514Z|2487.69 |7e29cc86-961b-442e-bfe5-58a085808589|purchase        |234a1570|{TechPro, clothing, PROD_2782, Ultra Clothing Series, 1, 293.14}              |Kentville           |US                     |TN                   |386 Cody Avenue Suite 938     |42478                   |
[2026-01-20T04:48:23.445+0000] {subprocess.py:93} INFO - |USD     |a50574ae-6d1e-49bd-b0ee-42434f95452b|debit_card    |{Joshuafurt, US, TN, 59792 Newton Gateway Apt. 880, 42245}     |completed|394.75  |36.72 |2026-01-19T17:38:54.473993Z|-431.47 |299e5a97-a02a-46ed-98d5-67a2c78e216a|refund          |3982940f|{ProGear, clothing, PROD_1926, Elite Clothing Edition, 3, 16.22}              |Wilsonland          |US                     |OK                   |4090 Townsend Island          |78458                   |
[2026-01-20T04:48:23.446+0000] {subprocess.py:93} INFO - |USD     |a50574ae-6d1e-49bd-b0ee-42434f95452b|debit_card    |{Joshuafurt, US, TN, 59792 Newton Gateway Apt. 880, 42245}     |completed|394.75  |36.72 |2026-01-19T17:38:54.473993Z|-431.47 |299e5a97-a02a-46ed-98d5-67a2c78e216a|refund          |3982940f|{EliteChoice, toys, PROD_2518, Ultimate Toys Line, 1, 346.09}                 |Wilsonland          |US                     |OK                   |4090 Townsend Island          |78458                   |
[2026-01-20T04:48:23.447+0000] {subprocess.py:93} INFO - |USD     |NULL                                |paypal        |{New Tony, US, IL, 445 Christopher Harbors Suite 080, 38683}   |completed|671.2   |45.49 |2026-01-19T17:38:54.494470Z|716.69  |d4a66c43-e2cb-4bfe-bf45-1b5c54d128fd|purchase        |445fabcf|{SmartChoice, beauty, PROD_2733, Smart Beauty Line, 3, 180.48}                |Tinashire           |US                     |OR                   |79732 Long Manors             |28680                   |
[2026-01-20T04:48:23.448+0000] {subprocess.py:93} INFO - |USD     |NULL                                |paypal        |{New Tony, US, IL, 445 Christopher Harbors Suite 080, 38683}   |completed|671.2   |45.49 |2026-01-19T17:38:54.494470Z|716.69  |d4a66c43-e2cb-4bfe-bf45-1b5c54d128fd|purchase        |445fabcf|{HomeMax, beauty, PROD_1580, Pro Beauty Pack, 1, 129.76}                      |Tinashire           |US                     |OR                   |79732 Long Manors             |28680                   |
[2026-01-20T04:48:23.449+0000] {subprocess.py:93} INFO - |USD     |e9975ea1-9a22-438d-a03b-87c4e417b1b5|credit_card   |{West Dawnhaven, US, MP, 816 Morrow Crossroad Suite 398, 60906}|completed|929.18  |88.21 |2026-01-19T17:38:54.501649Z|-1017.39|f55f83d0-554e-4a03-a51e-70e4c00dfc7e|refund          |406ee2f1|{EliteChoice, electronics, PROD_2919, Basic Electronics Collection, 2, 160.43}|Stoneburgh          |US                     |OH                   |7654 Selena Junctions Apt. 671|25996                   |
[2026-01-20T04:48:23.450+0000] {subprocess.py:93} INFO - |USD     |e9975ea1-9a22-438d-a03b-87c4e417b1b5|credit_card   |{West Dawnhaven, US, MP, 816 Morrow Crossroad Suite 398, 60906}|completed|929.18  |88.21 |2026-01-19T17:38:54.501649Z|-1017.39|f55f83d0-554e-4a03-a51e-70e4c00dfc7e|refund          |406ee2f1|{EliteChoice, beauty, PROD_2894, Elite Beauty Line, 1, 299.1}                 |Stoneburgh          |US                     |OH                   |7654 Selena Junctions Apt. 671|25996                   |
[2026-01-20T04:48:23.451+0000] {subprocess.py:93} INFO - |USD     |e9975ea1-9a22-438d-a03b-87c4e417b1b5|credit_card   |{West Dawnhaven, US, MP, 816 Morrow Crossroad Suite 398, 60906}|completed|929.18  |88.21 |2026-01-19T17:38:54.501649Z|-1017.39|f55f83d0-554e-4a03-a51e-70e4c00dfc7e|refund          |406ee2f1|{StyleCo, beauty, PROD_1330, Compact Beauty Series, 2, 154.61}                |Stoneburgh          |US                     |OH                   |7654 Selena Junctions Apt. 671|25996                   |
[2026-01-20T04:48:23.452+0000] {subprocess.py:93} INFO - |USD     |NULL                                |credit_card   |{Lake Ashleyview, US, MA, 11214 Julie Dam, 95558}              |failed   |3604.62 |195.31|2026-01-19T17:38:54.507017Z|3799.93 |7f8b6d50-4aa4-4bd6-8616-f95c80d59c22|purchase        |f1f4c996|{HomeMax, food, PROD_1165, Compact Food Series, 5, 289.98}                    |Michellefort        |US                     |ND                   |507 Curtis Lodge Suite 318    |70153                   |
[2026-01-20T04:48:23.453+0000] {subprocess.py:93} INFO - |USD     |NULL                                |credit_card   |{Lake Ashleyview, US, MA, 11214 Julie Dam, 95558}              |failed   |3604.62 |195.31|2026-01-19T17:38:54.507017Z|3799.93 |7f8b6d50-4aa4-4bd6-8616-f95c80d59c22|purchase        |f1f4c996|{StyleCo, home, PROD_1008, Modern Home Kit, 4, 351.11}                        |Michellefort        |US                     |ND                   |507 Curtis Lodge Suite 318    |70153                   |
[2026-01-20T04:48:23.453+0000] {subprocess.py:93} INFO - |USD     |NULL                                |credit_card   |{Lake Ashleyview, US, MA, 11214 Julie Dam, 95558}              |failed   |3604.62 |195.31|2026-01-19T17:38:54.507017Z|3799.93 |7f8b6d50-4aa4-4bd6-8616-f95c80d59c22|purchase        |f1f4c996|{SmartChoice, toys, PROD_1056, Compact Toys Version, 2, 375.14}               |Michellefort        |US                     |ND                   |507 Curtis Lodge Suite 318    |70153                   |
[2026-01-20T04:48:23.454+0000] {subprocess.py:93} INFO - |USD     |NULL                                |google_pay    |{Gardnermouth, US, VA, 30340 Ronnie Knoll Suite 428, 31323}    |completed|3837.46 |361.72|2026-01-19T17:38:54.514401Z|4199.18 |61b112fa-c6a8-4eec-940f-5726da602d65|purchase        |a0846826|{SportFlex, beauty, PROD_2223, Advanced Beauty Pack, 5, 150.93}               |West Kelsey         |US                     |KS                   |76305 Amanda Ramp Apt. 310    |59142                   |
[2026-01-20T04:48:23.455+0000] {subprocess.py:93} INFO - |USD     |NULL                                |google_pay    |{Gardnermouth, US, VA, 30340 Ronnie Knoll Suite 428, 31323}    |completed|3837.46 |361.72|2026-01-19T17:38:54.514401Z|4199.18 |61b112fa-c6a8-4eec-940f-5726da602d65|purchase        |a0846826|{TechPro, food, PROD_1114, Smart Food Collection, 1, 393.98}                  |West Kelsey         |US                     |KS                   |76305 Amanda Ramp Apt. 310    |59142                   |
[2026-01-20T04:48:23.456+0000] {subprocess.py:93} INFO - |USD     |NULL                                |google_pay    |{Gardnermouth, US, VA, 30340 Ronnie Knoll Suite 428, 31323}    |completed|3837.46 |361.72|2026-01-19T17:38:54.514401Z|4199.18 |61b112fa-c6a8-4eec-940f-5726da602d65|purchase        |a0846826|{GreenLife, food, PROD_2835, Professional Food Collection, 5, 339.27}         |West Kelsey         |US                     |KS                   |76305 Amanda Ramp Apt. 310    |59142                   |
[2026-01-20T04:48:23.457+0000] {subprocess.py:93} INFO - |USD     |NULL                                |google_pay    |{Gardnermouth, US, VA, 30340 Ronnie Knoll Suite 428, 31323}    |completed|3837.46 |361.72|2026-01-19T17:38:54.514401Z|4199.18 |61b112fa-c6a8-4eec-940f-5726da602d65|purchase        |a0846826|{EliteChoice, electronics, PROD_2922, Ultra Electronics Edition, 4, 248.12}   |West Kelsey         |US                     |KS                   |76305 Amanda Ramp Apt. 310    |59142                   |
[2026-01-20T04:48:23.458+0000] {subprocess.py:93} INFO - |USD     |NULL                                |google_pay    |{Danamouth, US, GU, 2102 Dennis Rue, 45882}                    |completed|4177.21 |365.45|2026-01-19T17:38:54.551107Z|4542.66 |94c0f5c3-431e-4785-8eb8-7eecf7ab6f3c|purchase        |a0846826|{SmartChoice, sports, PROD_2300, Ultra Sports Edition, 5, 372.83}             |Wilsonbury          |US                     |IL                   |5749 Kevin Harbor             |80292                   |
[2026-01-20T04:48:23.459+0000] {subprocess.py:93} INFO - |USD     |NULL                                |google_pay    |{Danamouth, US, GU, 2102 Dennis Rue, 45882}                    |completed|4177.21 |365.45|2026-01-19T17:38:54.551107Z|4542.66 |94c0f5c3-431e-4785-8eb8-7eecf7ab6f3c|purchase        |a0846826|{StyleCo, books, PROD_2770, Professional Books Pack, 1, 422.54}               |Wilsonbury          |US                     |IL                   |5749 Kevin Harbor             |80292                   |
[2026-01-20T04:48:23.460+0000] {subprocess.py:93} INFO - +--------+------------------------------------+--------------+---------------------------------------------------------------+---------+--------+------+---------------------------+--------+------------------------------------+----------------+--------+------------------------------------------------------------------------------+--------------------+-----------------------+---------------------+------------------------------+------------------------+
[2026-01-20T04:48:23.461+0000] {subprocess.py:93} INFO - only showing top 20 rows
[2026-01-20T04:48:23.462+0000] {subprocess.py:93} INFO - 
[2026-01-20T04:48:23.463+0000] {subprocess.py:93} INFO - root
[2026-01-20T04:48:23.464+0000] {subprocess.py:93} INFO -  |-- currency: string (nullable = true)
[2026-01-20T04:48:23.465+0000] {subprocess.py:93} INFO -  |-- original_transaction_id: string (nullable = true)
[2026-01-20T04:48:23.466+0000] {subprocess.py:93} INFO -  |-- payment_method: string (nullable = true)
[2026-01-20T04:48:23.467+0000] {subprocess.py:93} INFO -  |-- shipping_address: struct (nullable = true)
[2026-01-20T04:48:23.468+0000] {subprocess.py:93} INFO -  |    |-- city: string (nullable = true)
[2026-01-20T04:48:23.469+0000] {subprocess.py:93} INFO -  |    |-- country: string (nullable = true)
[2026-01-20T04:48:23.469+0000] {subprocess.py:93} INFO -  |    |-- state: string (nullable = true)
[2026-01-20T04:48:23.470+0000] {subprocess.py:93} INFO -  |    |-- street: string (nullable = true)
[2026-01-20T04:48:23.472+0000] {subprocess.py:93} INFO -  |    |-- zip_code: string (nullable = true)
[2026-01-20T04:48:23.473+0000] {subprocess.py:93} INFO -  |-- status: string (nullable = true)
[2026-01-20T04:48:23.473+0000] {subprocess.py:93} INFO -  |-- subtotal: double (nullable = true)
[2026-01-20T04:48:23.474+0000] {subprocess.py:93} INFO -  |-- tax: double (nullable = true)
[2026-01-20T04:48:23.475+0000] {subprocess.py:93} INFO -  |-- timestamp: string (nullable = true)
[2026-01-20T04:48:23.476+0000] {subprocess.py:93} INFO -  |-- total: double (nullable = true)
[2026-01-20T04:48:23.477+0000] {subprocess.py:93} INFO -  |-- transaction_id: string (nullable = true)
[2026-01-20T04:48:23.478+0000] {subprocess.py:93} INFO -  |-- transaction_type: string (nullable = true)
[2026-01-20T04:48:23.479+0000] {subprocess.py:93} INFO -  |-- user_id: string (nullable = true)
[2026-01-20T04:48:23.480+0000] {subprocess.py:93} INFO -  |-- line_item: struct (nullable = true)
[2026-01-20T04:48:23.481+0000] {subprocess.py:93} INFO -  |    |-- brand: string (nullable = true)
[2026-01-20T04:48:23.482+0000] {subprocess.py:93} INFO -  |    |-- category: string (nullable = true)
[2026-01-20T04:48:23.483+0000] {subprocess.py:93} INFO -  |    |-- product_id: string (nullable = true)
[2026-01-20T04:48:23.484+0000] {subprocess.py:93} INFO -  |    |-- product_name: string (nullable = true)
[2026-01-20T04:48:23.485+0000] {subprocess.py:93} INFO -  |    |-- quantity: long (nullable = true)
[2026-01-20T04:48:23.486+0000] {subprocess.py:93} INFO -  |    |-- unit_price: double (nullable = true)
[2026-01-20T04:48:23.487+0000] {subprocess.py:93} INFO -  |-- billing_address_city: string (nullable = true)
[2026-01-20T04:48:23.488+0000] {subprocess.py:93} INFO -  |-- billing_address_country: string (nullable = true)
[2026-01-20T04:48:23.489+0000] {subprocess.py:93} INFO -  |-- billing_address_state: string (nullable = true)
[2026-01-20T04:48:23.490+0000] {subprocess.py:93} INFO -  |-- billing_address_street: string (nullable = true)
[2026-01-20T04:48:23.490+0000] {subprocess.py:93} INFO -  |-- billing_address_zip_code: string (nullable = true)
[2026-01-20T04:48:23.491+0000] {subprocess.py:93} INFO - 
[2026-01-20T04:48:23.639+0000] {subprocess.py:93} INFO - Traceback (most recent call last):
[2026-01-20T04:48:23.640+0000] {subprocess.py:93} INFO -   File "/opt/spark-jobs/etl_job.py", line 184, in <module>
[2026-01-20T04:48:23.643+0000] {subprocess.py:93} INFO -     run_etl(spark,'/opt/spark-data/landing', '/opt/spark-data/gold')
[2026-01-20T04:48:23.644+0000] {subprocess.py:93} INFO -   File "/opt/spark-jobs/etl_job.py", line 170, in run_etl
[2026-01-20T04:48:23.647+0000] {subprocess.py:93} INFO -     user_events_cleaned(spark, df_topic_user, output_path)
[2026-01-20T04:48:23.648+0000] {subprocess.py:93} INFO -   File "/opt/spark-jobs/etl_job.py", line 141, in user_events_cleaned
[2026-01-20T04:48:23.652+0000] {subprocess.py:93} INFO -     user_events = df_topic_user_events.withColumn("line_item", F.explode("line_items"))
[2026-01-20T04:48:23.653+0000] {subprocess.py:93} INFO -   File "/opt/spark/python/lib/pyspark.zip/pyspark/sql/dataframe.py", line 5170, in withColumn
[2026-01-20T04:48:23.654+0000] {subprocess.py:93} INFO -   File "/opt/spark/python/lib/py4j-0.10.9.7-src.zip/py4j/java_gateway.py", line 1322, in __call__
[2026-01-20T04:48:23.655+0000] {subprocess.py:93} INFO -   File "/opt/spark/python/lib/pyspark.zip/pyspark/errors/exceptions/captured.py", line 185, in deco
[2026-01-20T04:48:23.661+0000] {subprocess.py:93} INFO - pyspark.errors.exceptions.captured.AnalysisException: [UNRESOLVED_COLUMN.WITH_SUGGESTION] A column or function parameter with name `line_items` cannot be resolved. Did you mean one of the following? [`device`, `city`, `timestamp`, `user_id`, `browser`].;
[2026-01-20T04:48:23.662+0000] {subprocess.py:93} INFO - 'Project [browser#44, city#45, country#46, device#47, element_id#48, event_id#49, event_type#50, ip_address#51, page#52, product_id#53, quantity#54L, search_query#55, session_id#56, timestamp#57, user_id#58, explode('line_items) AS line_item#479]
[2026-01-20T04:48:23.663+0000] {subprocess.py:93} INFO - +- Relation [browser#44,city#45,country#46,device#47,element_id#48,event_id#49,event_type#50,ip_address#51,page#52,product_id#53,quantity#54L,search_query#55,session_id#56,timestamp#57,user_id#58] json
[2026-01-20T04:48:23.664+0000] {subprocess.py:93} INFO - 
[2026-01-20T04:48:23.725+0000] {subprocess.py:93} INFO - 26/01/20 04:48:23 INFO SparkContext: Invoking stop() from shutdown hook
[2026-01-20T04:48:23.726+0000] {subprocess.py:93} INFO - 26/01/20 04:48:23 INFO SparkContext: SparkContext is stopping with exitCode 0.
[2026-01-20T04:48:23.736+0000] {subprocess.py:93} INFO - 26/01/20 04:48:23 INFO SparkUI: Stopped Spark web UI at http://519d7d29de3d:4040
[2026-01-20T04:48:23.747+0000] {subprocess.py:93} INFO - 26/01/20 04:48:23 INFO MapOutputTrackerMasterEndpoint: MapOutputTrackerMasterEndpoint stopped!
[2026-01-20T04:48:23.762+0000] {subprocess.py:93} INFO - 26/01/20 04:48:23 INFO MemoryStore: MemoryStore cleared
[2026-01-20T04:48:23.763+0000] {subprocess.py:93} INFO - 26/01/20 04:48:23 INFO BlockManager: BlockManager stopped
[2026-01-20T04:48:23.766+0000] {subprocess.py:93} INFO - 26/01/20 04:48:23 INFO BlockManagerMaster: BlockManagerMaster stopped
[2026-01-20T04:48:23.770+0000] {subprocess.py:93} INFO - 26/01/20 04:48:23 INFO OutputCommitCoordinator$OutputCommitCoordinatorEndpoint: OutputCommitCoordinator stopped!
[2026-01-20T04:48:23.784+0000] {subprocess.py:93} INFO - 26/01/20 04:48:23 INFO SparkContext: Successfully stopped SparkContext
[2026-01-20T04:48:23.785+0000] {subprocess.py:93} INFO - 26/01/20 04:48:23 INFO ShutdownHookManager: Shutdown hook called
[2026-01-20T04:48:23.786+0000] {subprocess.py:93} INFO - 26/01/20 04:48:23 INFO ShutdownHookManager: Deleting directory /tmp/spark-b813a825-5637-4b4b-b19c-b0e479308bf4/pyspark-c5f953d0-73b9-459c-8859-55a2cc03d9ee
[2026-01-20T04:48:23.790+0000] {subprocess.py:93} INFO - 26/01/20 04:48:23 INFO ShutdownHookManager: Deleting directory /tmp/spark-b744a883-63be-4b5b-8a0c-c3aa351f89ea
[2026-01-20T04:48:23.795+0000] {subprocess.py:93} INFO - 26/01/20 04:48:23 INFO ShutdownHookManager: Deleting directory /tmp/spark-b813a825-5637-4b4b-b19c-b0e479308bf4
[2026-01-20T04:48:23.900+0000] {subprocess.py:97} INFO - Command exited with return code 1
[2026-01-20T04:48:23.918+0000] {taskinstance.py:2698} ERROR - Task failed with exception
Traceback (most recent call last):
  File "/home/airflow/.local/lib/python3.10/site-packages/airflow/models/taskinstance.py", line 433, in _execute_task
    result = execute_callable(context=context, **execute_callable_kwargs)
  File "/home/airflow/.local/lib/python3.10/site-packages/airflow/operators/bash.py", line 212, in execute
    raise AirflowException(
airflow.exceptions.AirflowException: Bash command failed. The command returned a non-zero exit code 1.
[2026-01-20T04:48:23.923+0000] {taskinstance.py:1138} INFO - Marking task as FAILED. dag_id=streamflow_main, task_id=Spark_Submit, execution_date=20260120T044803, start_date=20260120T044804, end_date=20260120T044823
[2026-01-20T04:48:23.939+0000] {standard_task_runner.py:107} ERROR - Failed to execute job 21 for task Spark_Submit (Bash command failed. The command returned a non-zero exit code 1.; 9352)
[2026-01-20T04:48:23.955+0000] {local_task_job_runner.py:234} INFO - Task exited with return code 1
[2026-01-20T04:48:23.981+0000] {taskinstance.py:3280} INFO - 0 downstream tasks scheduled from follow-on schedule check
