[2026-01-19T17:30:39.036+0000] {processor.py:161} INFO - Started process (PID=254) to work on /opt/airflow/dags/dag_streamflow.py
[2026-01-19T17:30:39.038+0000] {processor.py:830} INFO - Processing file /opt/airflow/dags/dag_streamflow.py for tasks to queue
[2026-01-19T17:30:39.040+0000] {logging_mixin.py:188} INFO - [2026-01-19T17:30:39.039+0000] {dagbag.py:538} INFO - Filling up the DagBag from /opt/airflow/dags/dag_streamflow.py
[2026-01-19T17:30:39.073+0000] {processor.py:840} INFO - DAG(s) 'streamflow_main' retrieved from /opt/airflow/dags/dag_streamflow.py
[2026-01-19T17:30:39.118+0000] {logging_mixin.py:188} INFO - [2026-01-19T17:30:39.118+0000] {dag.py:3036} INFO - Sync 1 DAGs
[2026-01-19T17:30:39.139+0000] {logging_mixin.py:188} INFO - [2026-01-19T17:30:39.139+0000] {dag.py:3823} INFO - Setting next_dagrun for streamflow_main to None, run_after=None
[2026-01-19T17:30:39.182+0000] {processor.py:183} INFO - Processing /opt/airflow/dags/dag_streamflow.py took 0.150 seconds
[2026-01-19T17:31:09.421+0000] {processor.py:161} INFO - Started process (PID=272) to work on /opt/airflow/dags/dag_streamflow.py
[2026-01-19T17:31:09.423+0000] {processor.py:830} INFO - Processing file /opt/airflow/dags/dag_streamflow.py for tasks to queue
[2026-01-19T17:31:09.424+0000] {logging_mixin.py:188} INFO - [2026-01-19T17:31:09.423+0000] {dagbag.py:538} INFO - Filling up the DagBag from /opt/airflow/dags/dag_streamflow.py
[2026-01-19T17:31:09.446+0000] {processor.py:840} INFO - DAG(s) 'streamflow_main' retrieved from /opt/airflow/dags/dag_streamflow.py
[2026-01-19T17:31:09.580+0000] {logging_mixin.py:188} INFO - [2026-01-19T17:31:09.579+0000] {dag.py:3036} INFO - Sync 1 DAGs
[2026-01-19T17:31:09.593+0000] {logging_mixin.py:188} INFO - [2026-01-19T17:31:09.593+0000] {dag.py:3823} INFO - Setting next_dagrun for streamflow_main to None, run_after=None
[2026-01-19T17:31:09.615+0000] {processor.py:183} INFO - Processing /opt/airflow/dags/dag_streamflow.py took 0.198 seconds
[2026-01-19T17:31:39.855+0000] {processor.py:161} INFO - Started process (PID=284) to work on /opt/airflow/dags/dag_streamflow.py
[2026-01-19T17:31:39.856+0000] {processor.py:830} INFO - Processing file /opt/airflow/dags/dag_streamflow.py for tasks to queue
[2026-01-19T17:31:39.858+0000] {logging_mixin.py:188} INFO - [2026-01-19T17:31:39.857+0000] {dagbag.py:538} INFO - Filling up the DagBag from /opt/airflow/dags/dag_streamflow.py
[2026-01-19T17:31:39.893+0000] {processor.py:840} INFO - DAG(s) 'streamflow_main' retrieved from /opt/airflow/dags/dag_streamflow.py
[2026-01-19T17:31:39.935+0000] {logging_mixin.py:188} INFO - [2026-01-19T17:31:39.935+0000] {dag.py:3036} INFO - Sync 1 DAGs
[2026-01-19T17:31:39.955+0000] {logging_mixin.py:188} INFO - [2026-01-19T17:31:39.955+0000] {dag.py:3823} INFO - Setting next_dagrun for streamflow_main to None, run_after=None
[2026-01-19T17:31:39.985+0000] {processor.py:183} INFO - Processing /opt/airflow/dags/dag_streamflow.py took 0.134 seconds
[2026-01-19T17:32:10.262+0000] {processor.py:161} INFO - Started process (PID=297) to work on /opt/airflow/dags/dag_streamflow.py
[2026-01-19T17:32:10.263+0000] {processor.py:830} INFO - Processing file /opt/airflow/dags/dag_streamflow.py for tasks to queue
[2026-01-19T17:32:10.265+0000] {logging_mixin.py:188} INFO - [2026-01-19T17:32:10.264+0000] {dagbag.py:538} INFO - Filling up the DagBag from /opt/airflow/dags/dag_streamflow.py
[2026-01-19T17:32:10.290+0000] {processor.py:840} INFO - DAG(s) 'streamflow_main' retrieved from /opt/airflow/dags/dag_streamflow.py
[2026-01-19T17:32:10.476+0000] {logging_mixin.py:188} INFO - [2026-01-19T17:32:10.476+0000] {dag.py:3036} INFO - Sync 1 DAGs
[2026-01-19T17:32:10.490+0000] {logging_mixin.py:188} INFO - [2026-01-19T17:32:10.490+0000] {dag.py:3823} INFO - Setting next_dagrun for streamflow_main to None, run_after=None
[2026-01-19T17:32:10.512+0000] {processor.py:183} INFO - Processing /opt/airflow/dags/dag_streamflow.py took 0.100 seconds
[2026-01-19T17:32:40.799+0000] {processor.py:161} INFO - Started process (PID=309) to work on /opt/airflow/dags/dag_streamflow.py
[2026-01-19T17:32:40.800+0000] {processor.py:830} INFO - Processing file /opt/airflow/dags/dag_streamflow.py for tasks to queue
[2026-01-19T17:32:40.801+0000] {logging_mixin.py:188} INFO - [2026-01-19T17:32:40.801+0000] {dagbag.py:538} INFO - Filling up the DagBag from /opt/airflow/dags/dag_streamflow.py
[2026-01-19T17:32:40.821+0000] {processor.py:840} INFO - DAG(s) 'streamflow_main' retrieved from /opt/airflow/dags/dag_streamflow.py
[2026-01-19T17:32:40.847+0000] {logging_mixin.py:188} INFO - [2026-01-19T17:32:40.847+0000] {dag.py:3036} INFO - Sync 1 DAGs
[2026-01-19T17:32:40.859+0000] {logging_mixin.py:188} INFO - [2026-01-19T17:32:40.859+0000] {dag.py:3823} INFO - Setting next_dagrun for streamflow_main to None, run_after=None
[2026-01-19T17:32:40.883+0000] {processor.py:183} INFO - Processing /opt/airflow/dags/dag_streamflow.py took 0.088 seconds
[2026-01-19T17:33:11.161+0000] {processor.py:161} INFO - Started process (PID=321) to work on /opt/airflow/dags/dag_streamflow.py
[2026-01-19T17:33:11.162+0000] {processor.py:830} INFO - Processing file /opt/airflow/dags/dag_streamflow.py for tasks to queue
[2026-01-19T17:33:11.163+0000] {logging_mixin.py:188} INFO - [2026-01-19T17:33:11.163+0000] {dagbag.py:538} INFO - Filling up the DagBag from /opt/airflow/dags/dag_streamflow.py
[2026-01-19T17:33:11.180+0000] {processor.py:840} INFO - DAG(s) 'streamflow_main' retrieved from /opt/airflow/dags/dag_streamflow.py
[2026-01-19T17:33:11.204+0000] {logging_mixin.py:188} INFO - [2026-01-19T17:33:11.204+0000] {dag.py:3036} INFO - Sync 1 DAGs
[2026-01-19T17:33:11.216+0000] {logging_mixin.py:188} INFO - [2026-01-19T17:33:11.216+0000] {dag.py:3823} INFO - Setting next_dagrun for streamflow_main to None, run_after=None
[2026-01-19T17:33:11.238+0000] {processor.py:183} INFO - Processing /opt/airflow/dags/dag_streamflow.py took 0.081 seconds
[2026-01-19T17:33:41.613+0000] {processor.py:161} INFO - Started process (PID=333) to work on /opt/airflow/dags/dag_streamflow.py
[2026-01-19T17:33:41.615+0000] {processor.py:830} INFO - Processing file /opt/airflow/dags/dag_streamflow.py for tasks to queue
[2026-01-19T17:33:41.616+0000] {logging_mixin.py:188} INFO - [2026-01-19T17:33:41.616+0000] {dagbag.py:538} INFO - Filling up the DagBag from /opt/airflow/dags/dag_streamflow.py
[2026-01-19T17:33:41.640+0000] {processor.py:840} INFO - DAG(s) 'streamflow_main' retrieved from /opt/airflow/dags/dag_streamflow.py
[2026-01-19T17:33:41.668+0000] {logging_mixin.py:188} INFO - [2026-01-19T17:33:41.668+0000] {dag.py:3036} INFO - Sync 1 DAGs
[2026-01-19T17:33:41.680+0000] {logging_mixin.py:188} INFO - [2026-01-19T17:33:41.680+0000] {dag.py:3823} INFO - Setting next_dagrun for streamflow_main to None, run_after=None
[2026-01-19T17:33:41.706+0000] {processor.py:183} INFO - Processing /opt/airflow/dags/dag_streamflow.py took 0.096 seconds
[2026-01-19T17:34:12.024+0000] {processor.py:161} INFO - Started process (PID=345) to work on /opt/airflow/dags/dag_streamflow.py
[2026-01-19T17:34:12.026+0000] {processor.py:830} INFO - Processing file /opt/airflow/dags/dag_streamflow.py for tasks to queue
[2026-01-19T17:34:12.028+0000] {logging_mixin.py:188} INFO - [2026-01-19T17:34:12.028+0000] {dagbag.py:538} INFO - Filling up the DagBag from /opt/airflow/dags/dag_streamflow.py
[2026-01-19T17:34:12.071+0000] {processor.py:840} INFO - DAG(s) 'streamflow_main' retrieved from /opt/airflow/dags/dag_streamflow.py
[2026-01-19T17:34:12.117+0000] {logging_mixin.py:188} INFO - [2026-01-19T17:34:12.117+0000] {dag.py:3036} INFO - Sync 1 DAGs
[2026-01-19T17:34:12.136+0000] {logging_mixin.py:188} INFO - [2026-01-19T17:34:12.136+0000] {dag.py:3823} INFO - Setting next_dagrun for streamflow_main to None, run_after=None
[2026-01-19T17:34:12.166+0000] {processor.py:183} INFO - Processing /opt/airflow/dags/dag_streamflow.py took 0.147 seconds
[2026-01-19T17:34:42.487+0000] {processor.py:161} INFO - Started process (PID=357) to work on /opt/airflow/dags/dag_streamflow.py
[2026-01-19T17:34:42.488+0000] {processor.py:830} INFO - Processing file /opt/airflow/dags/dag_streamflow.py for tasks to queue
[2026-01-19T17:34:42.489+0000] {logging_mixin.py:188} INFO - [2026-01-19T17:34:42.488+0000] {dagbag.py:538} INFO - Filling up the DagBag from /opt/airflow/dags/dag_streamflow.py
[2026-01-19T17:34:42.513+0000] {processor.py:840} INFO - DAG(s) 'streamflow_main' retrieved from /opt/airflow/dags/dag_streamflow.py
[2026-01-19T17:34:42.544+0000] {logging_mixin.py:188} INFO - [2026-01-19T17:34:42.543+0000] {dag.py:3036} INFO - Sync 1 DAGs
[2026-01-19T17:34:42.561+0000] {logging_mixin.py:188} INFO - [2026-01-19T17:34:42.561+0000] {dag.py:3823} INFO - Setting next_dagrun for streamflow_main to None, run_after=None
[2026-01-19T17:34:42.589+0000] {processor.py:183} INFO - Processing /opt/airflow/dags/dag_streamflow.py took 0.106 seconds
[2026-01-19T17:35:12.884+0000] {processor.py:161} INFO - Started process (PID=369) to work on /opt/airflow/dags/dag_streamflow.py
[2026-01-19T17:35:12.885+0000] {processor.py:830} INFO - Processing file /opt/airflow/dags/dag_streamflow.py for tasks to queue
[2026-01-19T17:35:12.890+0000] {logging_mixin.py:188} INFO - [2026-01-19T17:35:12.889+0000] {dagbag.py:538} INFO - Filling up the DagBag from /opt/airflow/dags/dag_streamflow.py
[2026-01-19T17:35:12.910+0000] {processor.py:840} INFO - DAG(s) 'streamflow_main' retrieved from /opt/airflow/dags/dag_streamflow.py
[2026-01-19T17:35:12.940+0000] {logging_mixin.py:188} INFO - [2026-01-19T17:35:12.939+0000] {dag.py:3036} INFO - Sync 1 DAGs
[2026-01-19T17:35:12.952+0000] {logging_mixin.py:188} INFO - [2026-01-19T17:35:12.952+0000] {dag.py:3823} INFO - Setting next_dagrun for streamflow_main to None, run_after=None
[2026-01-19T17:35:12.975+0000] {processor.py:183} INFO - Processing /opt/airflow/dags/dag_streamflow.py took 0.095 seconds
[2026-01-19T17:35:43.322+0000] {processor.py:161} INFO - Started process (PID=381) to work on /opt/airflow/dags/dag_streamflow.py
[2026-01-19T17:35:43.323+0000] {processor.py:830} INFO - Processing file /opt/airflow/dags/dag_streamflow.py for tasks to queue
[2026-01-19T17:35:43.324+0000] {logging_mixin.py:188} INFO - [2026-01-19T17:35:43.324+0000] {dagbag.py:538} INFO - Filling up the DagBag from /opt/airflow/dags/dag_streamflow.py
[2026-01-19T17:35:43.343+0000] {processor.py:840} INFO - DAG(s) 'streamflow_main' retrieved from /opt/airflow/dags/dag_streamflow.py
[2026-01-19T17:35:43.372+0000] {logging_mixin.py:188} INFO - [2026-01-19T17:35:43.372+0000] {dag.py:3036} INFO - Sync 1 DAGs
[2026-01-19T17:35:43.386+0000] {logging_mixin.py:188} INFO - [2026-01-19T17:35:43.386+0000] {dag.py:3823} INFO - Setting next_dagrun for streamflow_main to None, run_after=None
[2026-01-19T17:35:43.408+0000] {processor.py:183} INFO - Processing /opt/airflow/dags/dag_streamflow.py took 0.089 seconds
[2026-01-19T17:36:14.460+0000] {processor.py:161} INFO - Started process (PID=394) to work on /opt/airflow/dags/dag_streamflow.py
[2026-01-19T17:36:14.467+0000] {processor.py:830} INFO - Processing file /opt/airflow/dags/dag_streamflow.py for tasks to queue
[2026-01-19T17:36:14.475+0000] {logging_mixin.py:188} INFO - [2026-01-19T17:36:14.473+0000] {dagbag.py:538} INFO - Filling up the DagBag from /opt/airflow/dags/dag_streamflow.py
[2026-01-19T17:36:14.716+0000] {processor.py:840} INFO - DAG(s) 'streamflow_main' retrieved from /opt/airflow/dags/dag_streamflow.py
[2026-01-19T17:36:15.023+0000] {logging_mixin.py:188} INFO - [2026-01-19T17:36:15.021+0000] {dag.py:3036} INFO - Sync 1 DAGs
[2026-01-19T17:36:15.157+0000] {logging_mixin.py:188} INFO - [2026-01-19T17:36:15.156+0000] {dag.py:3823} INFO - Setting next_dagrun for streamflow_main to None, run_after=None
[2026-01-19T17:36:15.354+0000] {processor.py:183} INFO - Processing /opt/airflow/dags/dag_streamflow.py took 0.921 seconds
[2026-01-19T17:36:45.907+0000] {processor.py:161} INFO - Started process (PID=406) to work on /opt/airflow/dags/dag_streamflow.py
[2026-01-19T17:36:45.919+0000] {processor.py:830} INFO - Processing file /opt/airflow/dags/dag_streamflow.py for tasks to queue
[2026-01-19T17:36:45.935+0000] {logging_mixin.py:188} INFO - [2026-01-19T17:36:45.931+0000] {dagbag.py:538} INFO - Filling up the DagBag from /opt/airflow/dags/dag_streamflow.py
[2026-01-19T17:36:46.248+0000] {processor.py:840} INFO - DAG(s) 'streamflow_main' retrieved from /opt/airflow/dags/dag_streamflow.py
[2026-01-19T17:36:46.750+0000] {logging_mixin.py:188} INFO - [2026-01-19T17:36:46.748+0000] {dag.py:3036} INFO - Sync 1 DAGs
[2026-01-19T17:36:46.985+0000] {logging_mixin.py:188} INFO - [2026-01-19T17:36:46.983+0000] {dag.py:3823} INFO - Setting next_dagrun for streamflow_main to None, run_after=None
[2026-01-19T17:36:47.224+0000] {processor.py:183} INFO - Processing /opt/airflow/dags/dag_streamflow.py took 1.353 seconds
[2026-01-19T17:37:18.125+0000] {processor.py:161} INFO - Started process (PID=418) to work on /opt/airflow/dags/dag_streamflow.py
[2026-01-19T17:37:18.134+0000] {processor.py:830} INFO - Processing file /opt/airflow/dags/dag_streamflow.py for tasks to queue
[2026-01-19T17:37:18.144+0000] {logging_mixin.py:188} INFO - [2026-01-19T17:37:18.142+0000] {dagbag.py:538} INFO - Filling up the DagBag from /opt/airflow/dags/dag_streamflow.py
[2026-01-19T17:37:18.387+0000] {processor.py:840} INFO - DAG(s) 'streamflow_main' retrieved from /opt/airflow/dags/dag_streamflow.py
[2026-01-19T17:37:18.678+0000] {logging_mixin.py:188} INFO - [2026-01-19T17:37:18.677+0000] {dag.py:3036} INFO - Sync 1 DAGs
[2026-01-19T17:37:18.829+0000] {logging_mixin.py:188} INFO - [2026-01-19T17:37:18.826+0000] {dag.py:3823} INFO - Setting next_dagrun for streamflow_main to None, run_after=None
[2026-01-19T17:37:19.027+0000] {processor.py:183} INFO - Processing /opt/airflow/dags/dag_streamflow.py took 0.932 seconds
[2026-01-19T17:37:49.511+0000] {processor.py:161} INFO - Started process (PID=430) to work on /opt/airflow/dags/dag_streamflow.py
[2026-01-19T17:37:49.524+0000] {processor.py:830} INFO - Processing file /opt/airflow/dags/dag_streamflow.py for tasks to queue
[2026-01-19T17:37:49.534+0000] {logging_mixin.py:188} INFO - [2026-01-19T17:37:49.532+0000] {dagbag.py:538} INFO - Filling up the DagBag from /opt/airflow/dags/dag_streamflow.py
[2026-01-19T17:37:49.739+0000] {processor.py:840} INFO - DAG(s) 'streamflow_main' retrieved from /opt/airflow/dags/dag_streamflow.py
[2026-01-19T17:37:50.033+0000] {logging_mixin.py:188} INFO - [2026-01-19T17:37:50.032+0000] {dag.py:3036} INFO - Sync 1 DAGs
[2026-01-19T17:37:50.140+0000] {logging_mixin.py:188} INFO - [2026-01-19T17:37:50.139+0000] {dag.py:3823} INFO - Setting next_dagrun for streamflow_main to None, run_after=None
[2026-01-19T17:37:50.265+0000] {processor.py:183} INFO - Processing /opt/airflow/dags/dag_streamflow.py took 0.794 seconds
[2026-01-19T17:38:20.958+0000] {processor.py:161} INFO - Started process (PID=443) to work on /opt/airflow/dags/dag_streamflow.py
[2026-01-19T17:38:21.008+0000] {processor.py:830} INFO - Processing file /opt/airflow/dags/dag_streamflow.py for tasks to queue
[2026-01-19T17:38:21.054+0000] {logging_mixin.py:188} INFO - [2026-01-19T17:38:21.043+0000] {dagbag.py:538} INFO - Filling up the DagBag from /opt/airflow/dags/dag_streamflow.py
[2026-01-19T17:38:21.451+0000] {processor.py:840} INFO - DAG(s) 'streamflow_main' retrieved from /opt/airflow/dags/dag_streamflow.py
[2026-01-19T17:38:21.927+0000] {logging_mixin.py:188} INFO - [2026-01-19T17:38:21.925+0000] {dag.py:3036} INFO - Sync 1 DAGs
[2026-01-19T17:38:22.188+0000] {logging_mixin.py:188} INFO - [2026-01-19T17:38:22.179+0000] {dag.py:3823} INFO - Setting next_dagrun for streamflow_main to None, run_after=None
[2026-01-19T17:38:22.515+0000] {processor.py:183} INFO - Processing /opt/airflow/dags/dag_streamflow.py took 1.605 seconds
[2026-01-19T17:38:53.710+0000] {processor.py:161} INFO - Started process (PID=456) to work on /opt/airflow/dags/dag_streamflow.py
[2026-01-19T17:38:53.720+0000] {processor.py:830} INFO - Processing file /opt/airflow/dags/dag_streamflow.py for tasks to queue
[2026-01-19T17:38:53.734+0000] {logging_mixin.py:188} INFO - [2026-01-19T17:38:53.731+0000] {dagbag.py:538} INFO - Filling up the DagBag from /opt/airflow/dags/dag_streamflow.py
[2026-01-19T17:38:54.101+0000] {processor.py:840} INFO - DAG(s) 'streamflow_main' retrieved from /opt/airflow/dags/dag_streamflow.py
[2026-01-19T17:38:54.429+0000] {logging_mixin.py:188} INFO - [2026-01-19T17:38:54.427+0000] {dag.py:3036} INFO - Sync 1 DAGs
[2026-01-19T17:38:54.579+0000] {logging_mixin.py:188} INFO - [2026-01-19T17:38:54.577+0000] {dag.py:3823} INFO - Setting next_dagrun for streamflow_main to None, run_after=None
[2026-01-19T17:38:54.828+0000] {processor.py:183} INFO - Processing /opt/airflow/dags/dag_streamflow.py took 1.163 seconds
[2026-01-19T17:39:25.487+0000] {processor.py:161} INFO - Started process (PID=469) to work on /opt/airflow/dags/dag_streamflow.py
[2026-01-19T17:39:25.497+0000] {processor.py:830} INFO - Processing file /opt/airflow/dags/dag_streamflow.py for tasks to queue
[2026-01-19T17:39:25.507+0000] {logging_mixin.py:188} INFO - [2026-01-19T17:39:25.503+0000] {dagbag.py:538} INFO - Filling up the DagBag from /opt/airflow/dags/dag_streamflow.py
[2026-01-19T17:39:25.769+0000] {processor.py:840} INFO - DAG(s) 'streamflow_main' retrieved from /opt/airflow/dags/dag_streamflow.py
[2026-01-19T17:39:26.156+0000] {logging_mixin.py:188} INFO - [2026-01-19T17:39:26.154+0000] {dag.py:3036} INFO - Sync 1 DAGs
[2026-01-19T17:39:26.327+0000] {logging_mixin.py:188} INFO - [2026-01-19T17:39:26.325+0000] {dag.py:3823} INFO - Setting next_dagrun for streamflow_main to None, run_after=None
[2026-01-19T17:39:26.535+0000] {processor.py:183} INFO - Processing /opt/airflow/dags/dag_streamflow.py took 1.088 seconds
[2026-01-19T17:39:57.573+0000] {processor.py:161} INFO - Started process (PID=481) to work on /opt/airflow/dags/dag_streamflow.py
[2026-01-19T17:39:57.598+0000] {processor.py:830} INFO - Processing file /opt/airflow/dags/dag_streamflow.py for tasks to queue
[2026-01-19T17:39:57.618+0000] {logging_mixin.py:188} INFO - [2026-01-19T17:39:57.608+0000] {dagbag.py:538} INFO - Filling up the DagBag from /opt/airflow/dags/dag_streamflow.py
[2026-01-19T17:39:58.020+0000] {processor.py:840} INFO - DAG(s) 'streamflow_main' retrieved from /opt/airflow/dags/dag_streamflow.py
[2026-01-19T17:39:58.461+0000] {logging_mixin.py:188} INFO - [2026-01-19T17:39:58.459+0000] {dag.py:3036} INFO - Sync 1 DAGs
[2026-01-19T17:39:58.755+0000] {logging_mixin.py:188} INFO - [2026-01-19T17:39:58.753+0000] {dag.py:3823} INFO - Setting next_dagrun for streamflow_main to None, run_after=None
[2026-01-19T17:39:59.050+0000] {processor.py:183} INFO - Processing /opt/airflow/dags/dag_streamflow.py took 1.529 seconds
[2026-01-19T17:40:30.087+0000] {processor.py:161} INFO - Started process (PID=493) to work on /opt/airflow/dags/dag_streamflow.py
[2026-01-19T17:40:30.098+0000] {processor.py:830} INFO - Processing file /opt/airflow/dags/dag_streamflow.py for tasks to queue
[2026-01-19T17:40:30.111+0000] {logging_mixin.py:188} INFO - [2026-01-19T17:40:30.106+0000] {dagbag.py:538} INFO - Filling up the DagBag from /opt/airflow/dags/dag_streamflow.py
[2026-01-19T17:40:30.594+0000] {processor.py:840} INFO - DAG(s) 'streamflow_main' retrieved from /opt/airflow/dags/dag_streamflow.py
[2026-01-19T17:40:30.994+0000] {logging_mixin.py:188} INFO - [2026-01-19T17:40:30.992+0000] {dag.py:3036} INFO - Sync 1 DAGs
[2026-01-19T17:40:31.194+0000] {logging_mixin.py:188} INFO - [2026-01-19T17:40:31.191+0000] {dag.py:3823} INFO - Setting next_dagrun for streamflow_main to None, run_after=None
[2026-01-19T17:40:31.424+0000] {processor.py:183} INFO - Processing /opt/airflow/dags/dag_streamflow.py took 1.380 seconds
[2026-01-19T17:41:02.671+0000] {processor.py:161} INFO - Started process (PID=505) to work on /opt/airflow/dags/dag_streamflow.py
[2026-01-19T17:41:02.760+0000] {processor.py:830} INFO - Processing file /opt/airflow/dags/dag_streamflow.py for tasks to queue
[2026-01-19T17:41:02.789+0000] {logging_mixin.py:188} INFO - [2026-01-19T17:41:02.785+0000] {dagbag.py:538} INFO - Filling up the DagBag from /opt/airflow/dags/dag_streamflow.py
[2026-01-19T17:41:03.318+0000] {processor.py:840} INFO - DAG(s) 'streamflow_main' retrieved from /opt/airflow/dags/dag_streamflow.py
[2026-01-19T17:41:03.676+0000] {logging_mixin.py:188} INFO - [2026-01-19T17:41:03.673+0000] {dag.py:3036} INFO - Sync 1 DAGs
[2026-01-19T17:41:03.832+0000] {logging_mixin.py:188} INFO - [2026-01-19T17:41:03.830+0000] {dag.py:3823} INFO - Setting next_dagrun for streamflow_main to None, run_after=None
[2026-01-19T17:41:04.094+0000] {processor.py:183} INFO - Processing /opt/airflow/dags/dag_streamflow.py took 1.478 seconds
[2026-01-19T17:41:34.527+0000] {processor.py:161} INFO - Started process (PID=517) to work on /opt/airflow/dags/dag_streamflow.py
[2026-01-19T17:41:34.538+0000] {processor.py:830} INFO - Processing file /opt/airflow/dags/dag_streamflow.py for tasks to queue
[2026-01-19T17:41:34.554+0000] {logging_mixin.py:188} INFO - [2026-01-19T17:41:34.551+0000] {dagbag.py:538} INFO - Filling up the DagBag from /opt/airflow/dags/dag_streamflow.py
[2026-01-19T17:41:34.783+0000] {processor.py:840} INFO - DAG(s) 'streamflow_main' retrieved from /opt/airflow/dags/dag_streamflow.py
[2026-01-19T17:41:35.118+0000] {logging_mixin.py:188} INFO - [2026-01-19T17:41:35.116+0000] {dag.py:3036} INFO - Sync 1 DAGs
[2026-01-19T17:41:35.355+0000] {logging_mixin.py:188} INFO - [2026-01-19T17:41:35.352+0000] {dag.py:3823} INFO - Setting next_dagrun for streamflow_main to None, run_after=None
[2026-01-19T17:41:35.784+0000] {processor.py:183} INFO - Processing /opt/airflow/dags/dag_streamflow.py took 1.295 seconds
[2026-01-19T17:42:06.386+0000] {processor.py:161} INFO - Started process (PID=529) to work on /opt/airflow/dags/dag_streamflow.py
[2026-01-19T17:42:06.399+0000] {processor.py:830} INFO - Processing file /opt/airflow/dags/dag_streamflow.py for tasks to queue
[2026-01-19T17:42:06.408+0000] {logging_mixin.py:188} INFO - [2026-01-19T17:42:06.405+0000] {dagbag.py:538} INFO - Filling up the DagBag from /opt/airflow/dags/dag_streamflow.py
[2026-01-19T17:42:06.644+0000] {processor.py:840} INFO - DAG(s) 'streamflow_main' retrieved from /opt/airflow/dags/dag_streamflow.py
[2026-01-19T17:42:06.987+0000] {logging_mixin.py:188} INFO - [2026-01-19T17:42:06.986+0000] {dag.py:3036} INFO - Sync 1 DAGs
[2026-01-19T17:42:07.150+0000] {logging_mixin.py:188} INFO - [2026-01-19T17:42:07.149+0000] {dag.py:3823} INFO - Setting next_dagrun for streamflow_main to None, run_after=None
[2026-01-19T17:42:07.378+0000] {processor.py:183} INFO - Processing /opt/airflow/dags/dag_streamflow.py took 1.022 seconds
[2026-01-19T17:42:37.969+0000] {processor.py:161} INFO - Started process (PID=542) to work on /opt/airflow/dags/dag_streamflow.py
[2026-01-19T17:42:37.982+0000] {processor.py:830} INFO - Processing file /opt/airflow/dags/dag_streamflow.py for tasks to queue
[2026-01-19T17:42:37.994+0000] {logging_mixin.py:188} INFO - [2026-01-19T17:42:37.991+0000] {dagbag.py:538} INFO - Filling up the DagBag from /opt/airflow/dags/dag_streamflow.py
[2026-01-19T17:42:38.283+0000] {processor.py:840} INFO - DAG(s) 'streamflow_main' retrieved from /opt/airflow/dags/dag_streamflow.py
[2026-01-19T17:42:38.596+0000] {logging_mixin.py:188} INFO - [2026-01-19T17:42:38.595+0000] {dag.py:3036} INFO - Sync 1 DAGs
[2026-01-19T17:42:38.723+0000] {logging_mixin.py:188} INFO - [2026-01-19T17:42:38.722+0000] {dag.py:3823} INFO - Setting next_dagrun for streamflow_main to None, run_after=None
[2026-01-19T17:42:38.909+0000] {processor.py:183} INFO - Processing /opt/airflow/dags/dag_streamflow.py took 0.994 seconds
[2026-01-19T17:43:09.274+0000] {processor.py:161} INFO - Started process (PID=554) to work on /opt/airflow/dags/dag_streamflow.py
[2026-01-19T17:43:09.283+0000] {processor.py:830} INFO - Processing file /opt/airflow/dags/dag_streamflow.py for tasks to queue
[2026-01-19T17:43:09.293+0000] {logging_mixin.py:188} INFO - [2026-01-19T17:43:09.290+0000] {dagbag.py:538} INFO - Filling up the DagBag from /opt/airflow/dags/dag_streamflow.py
[2026-01-19T17:43:09.561+0000] {processor.py:840} INFO - DAG(s) 'streamflow_main' retrieved from /opt/airflow/dags/dag_streamflow.py
[2026-01-19T17:43:09.838+0000] {logging_mixin.py:188} INFO - [2026-01-19T17:43:09.836+0000] {dag.py:3036} INFO - Sync 1 DAGs
[2026-01-19T17:43:09.978+0000] {logging_mixin.py:188} INFO - [2026-01-19T17:43:09.976+0000] {dag.py:3823} INFO - Setting next_dagrun for streamflow_main to None, run_after=None
[2026-01-19T17:43:10.162+0000] {processor.py:183} INFO - Processing /opt/airflow/dags/dag_streamflow.py took 0.916 seconds
[2026-01-19T17:43:40.654+0000] {processor.py:161} INFO - Started process (PID=567) to work on /opt/airflow/dags/dag_streamflow.py
[2026-01-19T17:43:40.665+0000] {processor.py:830} INFO - Processing file /opt/airflow/dags/dag_streamflow.py for tasks to queue
[2026-01-19T17:43:40.673+0000] {logging_mixin.py:188} INFO - [2026-01-19T17:43:40.671+0000] {dagbag.py:538} INFO - Filling up the DagBag from /opt/airflow/dags/dag_streamflow.py
[2026-01-19T17:43:40.874+0000] {processor.py:840} INFO - DAG(s) 'streamflow_main' retrieved from /opt/airflow/dags/dag_streamflow.py
[2026-01-19T17:43:41.110+0000] {logging_mixin.py:188} INFO - [2026-01-19T17:43:41.108+0000] {dag.py:3036} INFO - Sync 1 DAGs
[2026-01-19T17:43:41.251+0000] {logging_mixin.py:188} INFO - [2026-01-19T17:43:41.249+0000] {dag.py:3823} INFO - Setting next_dagrun for streamflow_main to None, run_after=None
[2026-01-19T17:43:41.455+0000] {processor.py:183} INFO - Processing /opt/airflow/dags/dag_streamflow.py took 0.829 seconds
[2026-01-19T17:44:11.945+0000] {processor.py:161} INFO - Started process (PID=579) to work on /opt/airflow/dags/dag_streamflow.py
[2026-01-19T17:44:11.959+0000] {processor.py:830} INFO - Processing file /opt/airflow/dags/dag_streamflow.py for tasks to queue
[2026-01-19T17:44:11.975+0000] {logging_mixin.py:188} INFO - [2026-01-19T17:44:11.969+0000] {dagbag.py:538} INFO - Filling up the DagBag from /opt/airflow/dags/dag_streamflow.py
[2026-01-19T17:44:12.225+0000] {processor.py:840} INFO - DAG(s) 'streamflow_main' retrieved from /opt/airflow/dags/dag_streamflow.py
[2026-01-19T17:44:12.544+0000] {logging_mixin.py:188} INFO - [2026-01-19T17:44:12.539+0000] {dag.py:3036} INFO - Sync 1 DAGs
[2026-01-19T17:44:12.751+0000] {logging_mixin.py:188} INFO - [2026-01-19T17:44:12.749+0000] {dag.py:3823} INFO - Setting next_dagrun for streamflow_main to None, run_after=None
[2026-01-19T17:44:12.995+0000] {processor.py:183} INFO - Processing /opt/airflow/dags/dag_streamflow.py took 1.094 seconds
[2026-01-19T17:44:43.540+0000] {processor.py:161} INFO - Started process (PID=592) to work on /opt/airflow/dags/dag_streamflow.py
[2026-01-19T17:44:43.549+0000] {processor.py:830} INFO - Processing file /opt/airflow/dags/dag_streamflow.py for tasks to queue
[2026-01-19T17:44:43.560+0000] {logging_mixin.py:188} INFO - [2026-01-19T17:44:43.556+0000] {dagbag.py:538} INFO - Filling up the DagBag from /opt/airflow/dags/dag_streamflow.py
[2026-01-19T17:44:43.887+0000] {processor.py:840} INFO - DAG(s) 'streamflow_main' retrieved from /opt/airflow/dags/dag_streamflow.py
[2026-01-19T17:44:44.355+0000] {logging_mixin.py:188} INFO - [2026-01-19T17:44:44.353+0000] {dag.py:3036} INFO - Sync 1 DAGs
[2026-01-19T17:44:44.571+0000] {logging_mixin.py:188} INFO - [2026-01-19T17:44:44.569+0000] {dag.py:3823} INFO - Setting next_dagrun for streamflow_main to None, run_after=None
[2026-01-19T17:44:45.069+0000] {processor.py:183} INFO - Processing /opt/airflow/dags/dag_streamflow.py took 1.409 seconds
[2026-01-19T17:45:15.452+0000] {processor.py:161} INFO - Started process (PID=605) to work on /opt/airflow/dags/dag_streamflow.py
[2026-01-19T17:45:15.463+0000] {processor.py:830} INFO - Processing file /opt/airflow/dags/dag_streamflow.py for tasks to queue
[2026-01-19T17:45:15.470+0000] {logging_mixin.py:188} INFO - [2026-01-19T17:45:15.469+0000] {dagbag.py:538} INFO - Filling up the DagBag from /opt/airflow/dags/dag_streamflow.py
[2026-01-19T17:45:15.675+0000] {processor.py:840} INFO - DAG(s) 'streamflow_main' retrieved from /opt/airflow/dags/dag_streamflow.py
[2026-01-19T17:45:15.927+0000] {logging_mixin.py:188} INFO - [2026-01-19T17:45:15.926+0000] {dag.py:3036} INFO - Sync 1 DAGs
[2026-01-19T17:45:16.034+0000] {logging_mixin.py:188} INFO - [2026-01-19T17:45:16.032+0000] {dag.py:3823} INFO - Setting next_dagrun for streamflow_main to None, run_after=None
[2026-01-19T17:45:16.175+0000] {processor.py:183} INFO - Processing /opt/airflow/dags/dag_streamflow.py took 0.753 seconds
[2026-01-19T17:45:47.019+0000] {processor.py:161} INFO - Started process (PID=617) to work on /opt/airflow/dags/dag_streamflow.py
[2026-01-19T17:45:47.033+0000] {processor.py:830} INFO - Processing file /opt/airflow/dags/dag_streamflow.py for tasks to queue
[2026-01-19T17:45:47.046+0000] {logging_mixin.py:188} INFO - [2026-01-19T17:45:47.042+0000] {dagbag.py:538} INFO - Filling up the DagBag from /opt/airflow/dags/dag_streamflow.py
[2026-01-19T17:45:47.272+0000] {processor.py:840} INFO - DAG(s) 'streamflow_main' retrieved from /opt/airflow/dags/dag_streamflow.py
[2026-01-19T17:45:47.541+0000] {logging_mixin.py:188} INFO - [2026-01-19T17:45:47.539+0000] {dag.py:3036} INFO - Sync 1 DAGs
[2026-01-19T17:45:47.662+0000] {logging_mixin.py:188} INFO - [2026-01-19T17:45:47.660+0000] {dag.py:3823} INFO - Setting next_dagrun for streamflow_main to None, run_after=None
[2026-01-19T17:45:47.861+0000] {processor.py:183} INFO - Processing /opt/airflow/dags/dag_streamflow.py took 0.875 seconds
[2026-01-19T17:46:18.211+0000] {processor.py:161} INFO - Started process (PID=629) to work on /opt/airflow/dags/dag_streamflow.py
[2026-01-19T17:46:18.227+0000] {processor.py:830} INFO - Processing file /opt/airflow/dags/dag_streamflow.py for tasks to queue
[2026-01-19T17:46:18.242+0000] {logging_mixin.py:188} INFO - [2026-01-19T17:46:18.238+0000] {dagbag.py:538} INFO - Filling up the DagBag from /opt/airflow/dags/dag_streamflow.py
[2026-01-19T17:46:18.525+0000] {processor.py:840} INFO - DAG(s) 'streamflow_main' retrieved from /opt/airflow/dags/dag_streamflow.py
[2026-01-19T17:46:18.867+0000] {logging_mixin.py:188} INFO - [2026-01-19T17:46:18.863+0000] {dag.py:3036} INFO - Sync 1 DAGs
[2026-01-19T17:46:19.016+0000] {logging_mixin.py:188} INFO - [2026-01-19T17:46:19.013+0000] {dag.py:3823} INFO - Setting next_dagrun for streamflow_main to None, run_after=None
[2026-01-19T17:46:19.204+0000] {processor.py:183} INFO - Processing /opt/airflow/dags/dag_streamflow.py took 1.036 seconds
[2026-01-19T17:46:49.533+0000] {processor.py:161} INFO - Started process (PID=641) to work on /opt/airflow/dags/dag_streamflow.py
[2026-01-19T17:46:49.543+0000] {processor.py:830} INFO - Processing file /opt/airflow/dags/dag_streamflow.py for tasks to queue
[2026-01-19T17:46:49.551+0000] {logging_mixin.py:188} INFO - [2026-01-19T17:46:49.549+0000] {dagbag.py:538} INFO - Filling up the DagBag from /opt/airflow/dags/dag_streamflow.py
[2026-01-19T17:46:49.784+0000] {processor.py:840} INFO - DAG(s) 'streamflow_main' retrieved from /opt/airflow/dags/dag_streamflow.py
[2026-01-19T17:46:50.081+0000] {logging_mixin.py:188} INFO - [2026-01-19T17:46:50.079+0000] {dag.py:3036} INFO - Sync 1 DAGs
[2026-01-19T17:46:50.212+0000] {logging_mixin.py:188} INFO - [2026-01-19T17:46:50.210+0000] {dag.py:3823} INFO - Setting next_dagrun for streamflow_main to None, run_after=None
[2026-01-19T17:46:50.413+0000] {processor.py:183} INFO - Processing /opt/airflow/dags/dag_streamflow.py took 0.913 seconds
[2026-01-19T17:47:21.664+0000] {processor.py:161} INFO - Started process (PID=653) to work on /opt/airflow/dags/dag_streamflow.py
[2026-01-19T17:47:21.673+0000] {processor.py:830} INFO - Processing file /opt/airflow/dags/dag_streamflow.py for tasks to queue
[2026-01-19T17:47:21.689+0000] {logging_mixin.py:188} INFO - [2026-01-19T17:47:21.684+0000] {dagbag.py:538} INFO - Filling up the DagBag from /opt/airflow/dags/dag_streamflow.py
[2026-01-19T17:47:21.937+0000] {processor.py:840} INFO - DAG(s) 'streamflow_main' retrieved from /opt/airflow/dags/dag_streamflow.py
[2026-01-19T17:47:22.329+0000] {logging_mixin.py:188} INFO - [2026-01-19T17:47:22.325+0000] {dag.py:3036} INFO - Sync 1 DAGs
[2026-01-19T17:47:22.526+0000] {logging_mixin.py:188} INFO - [2026-01-19T17:47:22.524+0000] {dag.py:3823} INFO - Setting next_dagrun for streamflow_main to None, run_after=None
[2026-01-19T17:47:22.772+0000] {processor.py:183} INFO - Processing /opt/airflow/dags/dag_streamflow.py took 1.143 seconds
[2026-01-19T17:47:53.920+0000] {processor.py:161} INFO - Started process (PID=665) to work on /opt/airflow/dags/dag_streamflow.py
[2026-01-19T17:47:53.940+0000] {processor.py:830} INFO - Processing file /opt/airflow/dags/dag_streamflow.py for tasks to queue
[2026-01-19T17:47:53.961+0000] {logging_mixin.py:188} INFO - [2026-01-19T17:47:53.957+0000] {dagbag.py:538} INFO - Filling up the DagBag from /opt/airflow/dags/dag_streamflow.py
[2026-01-19T17:47:54.366+0000] {processor.py:840} INFO - DAG(s) 'streamflow_main' retrieved from /opt/airflow/dags/dag_streamflow.py
[2026-01-19T17:47:54.720+0000] {logging_mixin.py:188} INFO - [2026-01-19T17:47:54.718+0000] {dag.py:3036} INFO - Sync 1 DAGs
[2026-01-19T17:47:54.963+0000] {logging_mixin.py:188} INFO - [2026-01-19T17:47:54.961+0000] {dag.py:3823} INFO - Setting next_dagrun for streamflow_main to None, run_after=None
[2026-01-19T17:47:55.437+0000] {processor.py:183} INFO - Processing /opt/airflow/dags/dag_streamflow.py took 1.569 seconds
[2026-01-19T17:48:26.513+0000] {processor.py:161} INFO - Started process (PID=677) to work on /opt/airflow/dags/dag_streamflow.py
[2026-01-19T17:48:26.524+0000] {processor.py:830} INFO - Processing file /opt/airflow/dags/dag_streamflow.py for tasks to queue
[2026-01-19T17:48:26.535+0000] {logging_mixin.py:188} INFO - [2026-01-19T17:48:26.533+0000] {dagbag.py:538} INFO - Filling up the DagBag from /opt/airflow/dags/dag_streamflow.py
[2026-01-19T17:48:26.731+0000] {processor.py:840} INFO - DAG(s) 'streamflow_main' retrieved from /opt/airflow/dags/dag_streamflow.py
[2026-01-19T17:48:26.988+0000] {logging_mixin.py:188} INFO - [2026-01-19T17:48:26.987+0000] {dag.py:3036} INFO - Sync 1 DAGs
[2026-01-19T17:48:27.116+0000] {logging_mixin.py:188} INFO - [2026-01-19T17:48:27.115+0000] {dag.py:3823} INFO - Setting next_dagrun for streamflow_main to None, run_after=None
[2026-01-19T17:48:27.281+0000] {processor.py:183} INFO - Processing /opt/airflow/dags/dag_streamflow.py took 0.813 seconds
[2026-01-19T17:48:57.921+0000] {processor.py:161} INFO - Started process (PID=689) to work on /opt/airflow/dags/dag_streamflow.py
[2026-01-19T17:48:57.934+0000] {processor.py:830} INFO - Processing file /opt/airflow/dags/dag_streamflow.py for tasks to queue
[2026-01-19T17:48:57.943+0000] {logging_mixin.py:188} INFO - [2026-01-19T17:48:57.941+0000] {dagbag.py:538} INFO - Filling up the DagBag from /opt/airflow/dags/dag_streamflow.py
[2026-01-19T17:48:58.160+0000] {processor.py:840} INFO - DAG(s) 'streamflow_main' retrieved from /opt/airflow/dags/dag_streamflow.py
[2026-01-19T17:48:58.484+0000] {logging_mixin.py:188} INFO - [2026-01-19T17:48:58.481+0000] {dag.py:3036} INFO - Sync 1 DAGs
[2026-01-19T17:48:58.630+0000] {logging_mixin.py:188} INFO - [2026-01-19T17:48:58.627+0000] {dag.py:3823} INFO - Setting next_dagrun for streamflow_main to None, run_after=None
[2026-01-19T17:48:58.856+0000] {processor.py:183} INFO - Processing /opt/airflow/dags/dag_streamflow.py took 0.976 seconds
[2026-01-19T17:49:29.462+0000] {processor.py:161} INFO - Started process (PID=701) to work on /opt/airflow/dags/dag_streamflow.py
[2026-01-19T17:49:29.474+0000] {processor.py:830} INFO - Processing file /opt/airflow/dags/dag_streamflow.py for tasks to queue
[2026-01-19T17:49:29.484+0000] {logging_mixin.py:188} INFO - [2026-01-19T17:49:29.481+0000] {dagbag.py:538} INFO - Filling up the DagBag from /opt/airflow/dags/dag_streamflow.py
[2026-01-19T17:49:29.768+0000] {processor.py:840} INFO - DAG(s) 'streamflow_main' retrieved from /opt/airflow/dags/dag_streamflow.py
[2026-01-19T17:49:30.118+0000] {logging_mixin.py:188} INFO - [2026-01-19T17:49:30.116+0000] {dag.py:3036} INFO - Sync 1 DAGs
[2026-01-19T17:49:30.244+0000] {logging_mixin.py:188} INFO - [2026-01-19T17:49:30.243+0000] {dag.py:3823} INFO - Setting next_dagrun for streamflow_main to None, run_after=None
[2026-01-19T17:49:30.425+0000] {processor.py:183} INFO - Processing /opt/airflow/dags/dag_streamflow.py took 1.007 seconds
[2026-01-19T17:50:00.854+0000] {processor.py:161} INFO - Started process (PID=713) to work on /opt/airflow/dags/dag_streamflow.py
[2026-01-19T17:50:00.865+0000] {processor.py:830} INFO - Processing file /opt/airflow/dags/dag_streamflow.py for tasks to queue
[2026-01-19T17:50:00.878+0000] {logging_mixin.py:188} INFO - [2026-01-19T17:50:00.875+0000] {dagbag.py:538} INFO - Filling up the DagBag from /opt/airflow/dags/dag_streamflow.py
[2026-01-19T17:50:01.114+0000] {processor.py:840} INFO - DAG(s) 'streamflow_main' retrieved from /opt/airflow/dags/dag_streamflow.py
[2026-01-19T17:50:01.459+0000] {logging_mixin.py:188} INFO - [2026-01-19T17:50:01.458+0000] {dag.py:3036} INFO - Sync 1 DAGs
[2026-01-19T17:50:01.621+0000] {logging_mixin.py:188} INFO - [2026-01-19T17:50:01.618+0000] {dag.py:3823} INFO - Setting next_dagrun for streamflow_main to None, run_after=None
[2026-01-19T17:50:01.837+0000] {processor.py:183} INFO - Processing /opt/airflow/dags/dag_streamflow.py took 1.042 seconds
[2026-01-19T17:50:32.834+0000] {processor.py:161} INFO - Started process (PID=725) to work on /opt/airflow/dags/dag_streamflow.py
[2026-01-19T17:50:32.845+0000] {processor.py:830} INFO - Processing file /opt/airflow/dags/dag_streamflow.py for tasks to queue
[2026-01-19T17:50:32.855+0000] {logging_mixin.py:188} INFO - [2026-01-19T17:50:32.853+0000] {dagbag.py:538} INFO - Filling up the DagBag from /opt/airflow/dags/dag_streamflow.py
[2026-01-19T17:50:33.085+0000] {processor.py:840} INFO - DAG(s) 'streamflow_main' retrieved from /opt/airflow/dags/dag_streamflow.py
[2026-01-19T17:50:33.388+0000] {logging_mixin.py:188} INFO - [2026-01-19T17:50:33.386+0000] {dag.py:3036} INFO - Sync 1 DAGs
[2026-01-19T17:50:33.517+0000] {logging_mixin.py:188} INFO - [2026-01-19T17:50:33.516+0000] {dag.py:3823} INFO - Setting next_dagrun for streamflow_main to None, run_after=None
[2026-01-19T17:50:33.689+0000] {processor.py:183} INFO - Processing /opt/airflow/dags/dag_streamflow.py took 0.889 seconds
[2026-01-19T17:51:04.360+0000] {processor.py:161} INFO - Started process (PID=744) to work on /opt/airflow/dags/dag_streamflow.py
[2026-01-19T17:51:04.371+0000] {processor.py:830} INFO - Processing file /opt/airflow/dags/dag_streamflow.py for tasks to queue
[2026-01-19T17:51:04.382+0000] {logging_mixin.py:188} INFO - [2026-01-19T17:51:04.379+0000] {dagbag.py:538} INFO - Filling up the DagBag from /opt/airflow/dags/dag_streamflow.py
[2026-01-19T17:51:04.590+0000] {processor.py:840} INFO - DAG(s) 'streamflow_main' retrieved from /opt/airflow/dags/dag_streamflow.py
[2026-01-19T17:51:04.904+0000] {logging_mixin.py:188} INFO - [2026-01-19T17:51:04.902+0000] {dag.py:3036} INFO - Sync 1 DAGs
[2026-01-19T17:51:05.064+0000] {logging_mixin.py:188} INFO - [2026-01-19T17:51:05.062+0000] {dag.py:3823} INFO - Setting next_dagrun for streamflow_main to None, run_after=None
[2026-01-19T17:51:05.251+0000] {processor.py:183} INFO - Processing /opt/airflow/dags/dag_streamflow.py took 0.935 seconds
[2026-01-19T17:51:36.371+0000] {processor.py:161} INFO - Started process (PID=756) to work on /opt/airflow/dags/dag_streamflow.py
[2026-01-19T17:51:36.380+0000] {processor.py:830} INFO - Processing file /opt/airflow/dags/dag_streamflow.py for tasks to queue
[2026-01-19T17:51:36.388+0000] {logging_mixin.py:188} INFO - [2026-01-19T17:51:36.386+0000] {dagbag.py:538} INFO - Filling up the DagBag from /opt/airflow/dags/dag_streamflow.py
[2026-01-19T17:51:36.556+0000] {processor.py:840} INFO - DAG(s) 'streamflow_main' retrieved from /opt/airflow/dags/dag_streamflow.py
[2026-01-19T17:51:36.778+0000] {logging_mixin.py:188} INFO - [2026-01-19T17:51:36.777+0000] {dag.py:3036} INFO - Sync 1 DAGs
[2026-01-19T17:51:36.877+0000] {logging_mixin.py:188} INFO - [2026-01-19T17:51:36.875+0000] {dag.py:3823} INFO - Setting next_dagrun for streamflow_main to None, run_after=None
[2026-01-19T17:51:37.020+0000] {processor.py:183} INFO - Processing /opt/airflow/dags/dag_streamflow.py took 0.673 seconds
[2026-01-19T17:52:07.513+0000] {processor.py:161} INFO - Started process (PID=768) to work on /opt/airflow/dags/dag_streamflow.py
[2026-01-19T17:52:07.523+0000] {processor.py:830} INFO - Processing file /opt/airflow/dags/dag_streamflow.py for tasks to queue
[2026-01-19T17:52:07.533+0000] {logging_mixin.py:188} INFO - [2026-01-19T17:52:07.531+0000] {dagbag.py:538} INFO - Filling up the DagBag from /opt/airflow/dags/dag_streamflow.py
[2026-01-19T17:52:07.721+0000] {processor.py:840} INFO - DAG(s) 'streamflow_main' retrieved from /opt/airflow/dags/dag_streamflow.py
[2026-01-19T17:52:07.915+0000] {logging_mixin.py:188} INFO - [2026-01-19T17:52:07.914+0000] {dag.py:3036} INFO - Sync 1 DAGs
[2026-01-19T17:52:08.008+0000] {logging_mixin.py:188} INFO - [2026-01-19T17:52:08.007+0000] {dag.py:3823} INFO - Setting next_dagrun for streamflow_main to None, run_after=None
[2026-01-19T17:52:08.194+0000] {processor.py:183} INFO - Processing /opt/airflow/dags/dag_streamflow.py took 0.719 seconds
[2026-01-19T17:52:38.544+0000] {processor.py:161} INFO - Started process (PID=780) to work on /opt/airflow/dags/dag_streamflow.py
[2026-01-19T17:52:38.553+0000] {processor.py:830} INFO - Processing file /opt/airflow/dags/dag_streamflow.py for tasks to queue
[2026-01-19T17:52:38.562+0000] {logging_mixin.py:188} INFO - [2026-01-19T17:52:38.560+0000] {dagbag.py:538} INFO - Filling up the DagBag from /opt/airflow/dags/dag_streamflow.py
[2026-01-19T17:52:38.723+0000] {processor.py:840} INFO - DAG(s) 'streamflow_main' retrieved from /opt/airflow/dags/dag_streamflow.py
[2026-01-19T17:52:38.992+0000] {logging_mixin.py:188} INFO - [2026-01-19T17:52:38.988+0000] {dag.py:3036} INFO - Sync 1 DAGs
[2026-01-19T17:52:39.117+0000] {logging_mixin.py:188} INFO - [2026-01-19T17:52:39.115+0000] {dag.py:3823} INFO - Setting next_dagrun for streamflow_main to None, run_after=None
[2026-01-19T17:52:39.298+0000] {processor.py:183} INFO - Processing /opt/airflow/dags/dag_streamflow.py took 0.785 seconds
[2026-01-19T17:53:09.651+0000] {processor.py:161} INFO - Started process (PID=792) to work on /opt/airflow/dags/dag_streamflow.py
[2026-01-19T17:53:09.659+0000] {processor.py:830} INFO - Processing file /opt/airflow/dags/dag_streamflow.py for tasks to queue
[2026-01-19T17:53:09.667+0000] {logging_mixin.py:188} INFO - [2026-01-19T17:53:09.664+0000] {dagbag.py:538} INFO - Filling up the DagBag from /opt/airflow/dags/dag_streamflow.py
[2026-01-19T17:53:09.874+0000] {processor.py:840} INFO - DAG(s) 'streamflow_main' retrieved from /opt/airflow/dags/dag_streamflow.py
[2026-01-19T17:53:10.109+0000] {logging_mixin.py:188} INFO - [2026-01-19T17:53:10.108+0000] {dag.py:3036} INFO - Sync 1 DAGs
[2026-01-19T17:53:10.201+0000] {logging_mixin.py:188} INFO - [2026-01-19T17:53:10.200+0000] {dag.py:3823} INFO - Setting next_dagrun for streamflow_main to None, run_after=None
[2026-01-19T17:53:10.321+0000] {processor.py:183} INFO - Processing /opt/airflow/dags/dag_streamflow.py took 0.702 seconds
[2026-01-19T17:53:40.584+0000] {processor.py:161} INFO - Started process (PID=804) to work on /opt/airflow/dags/dag_streamflow.py
[2026-01-19T17:53:40.592+0000] {processor.py:830} INFO - Processing file /opt/airflow/dags/dag_streamflow.py for tasks to queue
[2026-01-19T17:53:40.599+0000] {logging_mixin.py:188} INFO - [2026-01-19T17:53:40.597+0000] {dagbag.py:538} INFO - Filling up the DagBag from /opt/airflow/dags/dag_streamflow.py
[2026-01-19T17:53:40.749+0000] {processor.py:840} INFO - DAG(s) 'streamflow_main' retrieved from /opt/airflow/dags/dag_streamflow.py
[2026-01-19T17:53:41.024+0000] {logging_mixin.py:188} INFO - [2026-01-19T17:53:41.022+0000] {dag.py:3036} INFO - Sync 1 DAGs
[2026-01-19T17:53:41.128+0000] {logging_mixin.py:188} INFO - [2026-01-19T17:53:41.126+0000] {dag.py:3823} INFO - Setting next_dagrun for streamflow_main to None, run_after=None
[2026-01-19T17:53:41.258+0000] {processor.py:183} INFO - Processing /opt/airflow/dags/dag_streamflow.py took 0.696 seconds
[2026-01-19T17:54:12.292+0000] {processor.py:161} INFO - Started process (PID=817) to work on /opt/airflow/dags/dag_streamflow.py
[2026-01-19T17:54:12.299+0000] {processor.py:830} INFO - Processing file /opt/airflow/dags/dag_streamflow.py for tasks to queue
[2026-01-19T17:54:12.307+0000] {logging_mixin.py:188} INFO - [2026-01-19T17:54:12.305+0000] {dagbag.py:538} INFO - Filling up the DagBag from /opt/airflow/dags/dag_streamflow.py
[2026-01-19T17:54:12.467+0000] {processor.py:840} INFO - DAG(s) 'streamflow_main' retrieved from /opt/airflow/dags/dag_streamflow.py
[2026-01-19T17:54:12.630+0000] {logging_mixin.py:188} INFO - [2026-01-19T17:54:12.628+0000] {dag.py:3036} INFO - Sync 1 DAGs
[2026-01-19T17:54:12.706+0000] {logging_mixin.py:188} INFO - [2026-01-19T17:54:12.705+0000] {dag.py:3823} INFO - Setting next_dagrun for streamflow_main to None, run_after=None
[2026-01-19T17:54:12.829+0000] {processor.py:183} INFO - Processing /opt/airflow/dags/dag_streamflow.py took 0.557 seconds
[2026-01-19T17:54:43.101+0000] {processor.py:161} INFO - Started process (PID=829) to work on /opt/airflow/dags/dag_streamflow.py
[2026-01-19T17:54:43.111+0000] {processor.py:830} INFO - Processing file /opt/airflow/dags/dag_streamflow.py for tasks to queue
[2026-01-19T17:54:43.117+0000] {logging_mixin.py:188} INFO - [2026-01-19T17:54:43.116+0000] {dagbag.py:538} INFO - Filling up the DagBag from /opt/airflow/dags/dag_streamflow.py
[2026-01-19T17:54:43.343+0000] {processor.py:840} INFO - DAG(s) 'streamflow_main' retrieved from /opt/airflow/dags/dag_streamflow.py
[2026-01-19T17:54:43.690+0000] {logging_mixin.py:188} INFO - [2026-01-19T17:54:43.687+0000] {dag.py:3036} INFO - Sync 1 DAGs
[2026-01-19T17:54:43.891+0000] {logging_mixin.py:188} INFO - [2026-01-19T17:54:43.889+0000] {dag.py:3823} INFO - Setting next_dagrun for streamflow_main to None, run_after=None
[2026-01-19T17:54:44.115+0000] {processor.py:183} INFO - Processing /opt/airflow/dags/dag_streamflow.py took 1.040 seconds
[2026-01-19T17:55:15.491+0000] {processor.py:161} INFO - Started process (PID=841) to work on /opt/airflow/dags/dag_streamflow.py
[2026-01-19T17:55:15.500+0000] {processor.py:830} INFO - Processing file /opt/airflow/dags/dag_streamflow.py for tasks to queue
[2026-01-19T17:55:15.512+0000] {logging_mixin.py:188} INFO - [2026-01-19T17:55:15.508+0000] {dagbag.py:538} INFO - Filling up the DagBag from /opt/airflow/dags/dag_streamflow.py
[2026-01-19T17:55:15.723+0000] {processor.py:840} INFO - DAG(s) 'streamflow_main' retrieved from /opt/airflow/dags/dag_streamflow.py
[2026-01-19T17:55:15.971+0000] {logging_mixin.py:188} INFO - [2026-01-19T17:55:15.969+0000] {dag.py:3036} INFO - Sync 1 DAGs
[2026-01-19T17:55:16.109+0000] {logging_mixin.py:188} INFO - [2026-01-19T17:55:16.106+0000] {dag.py:3823} INFO - Setting next_dagrun for streamflow_main to None, run_after=None
[2026-01-19T17:55:16.317+0000] {processor.py:183} INFO - Processing /opt/airflow/dags/dag_streamflow.py took 0.854 seconds
[2026-01-19T17:55:47.599+0000] {processor.py:161} INFO - Started process (PID=853) to work on /opt/airflow/dags/dag_streamflow.py
[2026-01-19T17:55:47.610+0000] {processor.py:830} INFO - Processing file /opt/airflow/dags/dag_streamflow.py for tasks to queue
[2026-01-19T17:55:47.618+0000] {logging_mixin.py:188} INFO - [2026-01-19T17:55:47.616+0000] {dagbag.py:538} INFO - Filling up the DagBag from /opt/airflow/dags/dag_streamflow.py
[2026-01-19T17:55:47.990+0000] {processor.py:840} INFO - DAG(s) 'streamflow_main' retrieved from /opt/airflow/dags/dag_streamflow.py
[2026-01-19T17:55:48.470+0000] {logging_mixin.py:188} INFO - [2026-01-19T17:55:48.468+0000] {dag.py:3036} INFO - Sync 1 DAGs
[2026-01-19T17:55:48.663+0000] {logging_mixin.py:188} INFO - [2026-01-19T17:55:48.661+0000] {dag.py:3823} INFO - Setting next_dagrun for streamflow_main to None, run_after=None
[2026-01-19T17:55:49.109+0000] {processor.py:183} INFO - Processing /opt/airflow/dags/dag_streamflow.py took 1.366 seconds
[2026-01-19T17:56:20.052+0000] {processor.py:161} INFO - Started process (PID=865) to work on /opt/airflow/dags/dag_streamflow.py
[2026-01-19T17:56:20.067+0000] {processor.py:830} INFO - Processing file /opt/airflow/dags/dag_streamflow.py for tasks to queue
[2026-01-19T17:56:20.085+0000] {logging_mixin.py:188} INFO - [2026-01-19T17:56:20.082+0000] {dagbag.py:538} INFO - Filling up the DagBag from /opt/airflow/dags/dag_streamflow.py
[2026-01-19T17:56:20.606+0000] {processor.py:840} INFO - DAG(s) 'streamflow_main' retrieved from /opt/airflow/dags/dag_streamflow.py
[2026-01-19T17:56:20.882+0000] {logging_mixin.py:188} INFO - [2026-01-19T17:56:20.880+0000] {dag.py:3036} INFO - Sync 1 DAGs
[2026-01-19T17:56:21.019+0000] {logging_mixin.py:188} INFO - [2026-01-19T17:56:21.017+0000] {dag.py:3823} INFO - Setting next_dagrun for streamflow_main to None, run_after=None
[2026-01-19T17:56:21.219+0000] {processor.py:183} INFO - Processing /opt/airflow/dags/dag_streamflow.py took 1.198 seconds
[2026-01-19T17:56:51.601+0000] {processor.py:161} INFO - Started process (PID=878) to work on /opt/airflow/dags/dag_streamflow.py
[2026-01-19T17:56:51.611+0000] {processor.py:830} INFO - Processing file /opt/airflow/dags/dag_streamflow.py for tasks to queue
[2026-01-19T17:56:51.619+0000] {logging_mixin.py:188} INFO - [2026-01-19T17:56:51.617+0000] {dagbag.py:538} INFO - Filling up the DagBag from /opt/airflow/dags/dag_streamflow.py
[2026-01-19T17:56:51.826+0000] {processor.py:840} INFO - DAG(s) 'streamflow_main' retrieved from /opt/airflow/dags/dag_streamflow.py
[2026-01-19T17:56:52.125+0000] {logging_mixin.py:188} INFO - [2026-01-19T17:56:52.124+0000] {dag.py:3036} INFO - Sync 1 DAGs
[2026-01-19T17:56:52.235+0000] {logging_mixin.py:188} INFO - [2026-01-19T17:56:52.233+0000] {dag.py:3823} INFO - Setting next_dagrun for streamflow_main to None, run_after=None
[2026-01-19T17:56:52.391+0000] {processor.py:183} INFO - Processing /opt/airflow/dags/dag_streamflow.py took 0.826 seconds
[2026-01-19T17:57:23.232+0000] {processor.py:161} INFO - Started process (PID=890) to work on /opt/airflow/dags/dag_streamflow.py
[2026-01-19T17:57:23.240+0000] {processor.py:830} INFO - Processing file /opt/airflow/dags/dag_streamflow.py for tasks to queue
[2026-01-19T17:57:23.246+0000] {logging_mixin.py:188} INFO - [2026-01-19T17:57:23.244+0000] {dagbag.py:538} INFO - Filling up the DagBag from /opt/airflow/dags/dag_streamflow.py
[2026-01-19T17:57:23.400+0000] {processor.py:840} INFO - DAG(s) 'streamflow_main' retrieved from /opt/airflow/dags/dag_streamflow.py
[2026-01-19T17:57:23.597+0000] {logging_mixin.py:188} INFO - [2026-01-19T17:57:23.595+0000] {dag.py:3036} INFO - Sync 1 DAGs
[2026-01-19T17:57:23.763+0000] {logging_mixin.py:188} INFO - [2026-01-19T17:57:23.762+0000] {dag.py:3823} INFO - Setting next_dagrun for streamflow_main to None, run_after=None
[2026-01-19T17:57:23.926+0000] {processor.py:183} INFO - Processing /opt/airflow/dags/dag_streamflow.py took 0.717 seconds
[2026-01-19T17:57:54.603+0000] {processor.py:161} INFO - Started process (PID=902) to work on /opt/airflow/dags/dag_streamflow.py
[2026-01-19T17:57:54.612+0000] {processor.py:830} INFO - Processing file /opt/airflow/dags/dag_streamflow.py for tasks to queue
[2026-01-19T17:57:54.622+0000] {logging_mixin.py:188} INFO - [2026-01-19T17:57:54.618+0000] {dagbag.py:538} INFO - Filling up the DagBag from /opt/airflow/dags/dag_streamflow.py
[2026-01-19T17:57:54.831+0000] {processor.py:840} INFO - DAG(s) 'streamflow_main' retrieved from /opt/airflow/dags/dag_streamflow.py
[2026-01-19T17:57:55.084+0000] {logging_mixin.py:188} INFO - [2026-01-19T17:57:55.083+0000] {dag.py:3036} INFO - Sync 1 DAGs
[2026-01-19T17:57:55.198+0000] {logging_mixin.py:188} INFO - [2026-01-19T17:57:55.196+0000] {dag.py:3823} INFO - Setting next_dagrun for streamflow_main to None, run_after=None
[2026-01-19T17:57:55.306+0000] {processor.py:183} INFO - Processing /opt/airflow/dags/dag_streamflow.py took 0.732 seconds
[2026-01-19T17:58:25.933+0000] {processor.py:161} INFO - Started process (PID=914) to work on /opt/airflow/dags/dag_streamflow.py
[2026-01-19T17:58:25.941+0000] {processor.py:830} INFO - Processing file /opt/airflow/dags/dag_streamflow.py for tasks to queue
[2026-01-19T17:58:25.948+0000] {logging_mixin.py:188} INFO - [2026-01-19T17:58:25.947+0000] {dagbag.py:538} INFO - Filling up the DagBag from /opt/airflow/dags/dag_streamflow.py
[2026-01-19T17:58:26.142+0000] {processor.py:840} INFO - DAG(s) 'streamflow_main' retrieved from /opt/airflow/dags/dag_streamflow.py
[2026-01-19T17:58:26.320+0000] {logging_mixin.py:188} INFO - [2026-01-19T17:58:26.319+0000] {dag.py:3036} INFO - Sync 1 DAGs
[2026-01-19T17:58:26.401+0000] {logging_mixin.py:188} INFO - [2026-01-19T17:58:26.400+0000] {dag.py:3823} INFO - Setting next_dagrun for streamflow_main to None, run_after=None
[2026-01-19T17:58:26.516+0000] {processor.py:183} INFO - Processing /opt/airflow/dags/dag_streamflow.py took 0.604 seconds
[2026-01-19T17:58:57.264+0000] {processor.py:161} INFO - Started process (PID=926) to work on /opt/airflow/dags/dag_streamflow.py
[2026-01-19T17:58:57.271+0000] {processor.py:830} INFO - Processing file /opt/airflow/dags/dag_streamflow.py for tasks to queue
[2026-01-19T17:58:57.278+0000] {logging_mixin.py:188} INFO - [2026-01-19T17:58:57.277+0000] {dagbag.py:538} INFO - Filling up the DagBag from /opt/airflow/dags/dag_streamflow.py
[2026-01-19T17:58:57.435+0000] {processor.py:840} INFO - DAG(s) 'streamflow_main' retrieved from /opt/airflow/dags/dag_streamflow.py
[2026-01-19T17:58:57.590+0000] {logging_mixin.py:188} INFO - [2026-01-19T17:58:57.589+0000] {dag.py:3036} INFO - Sync 1 DAGs
[2026-01-19T17:58:57.660+0000] {logging_mixin.py:188} INFO - [2026-01-19T17:58:57.659+0000] {dag.py:3823} INFO - Setting next_dagrun for streamflow_main to None, run_after=None
[2026-01-19T17:58:57.790+0000] {processor.py:183} INFO - Processing /opt/airflow/dags/dag_streamflow.py took 0.547 seconds
[2026-01-19T17:59:28.453+0000] {processor.py:161} INFO - Started process (PID=938) to work on /opt/airflow/dags/dag_streamflow.py
[2026-01-19T17:59:28.460+0000] {processor.py:830} INFO - Processing file /opt/airflow/dags/dag_streamflow.py for tasks to queue
[2026-01-19T17:59:28.467+0000] {logging_mixin.py:188} INFO - [2026-01-19T17:59:28.465+0000] {dagbag.py:538} INFO - Filling up the DagBag from /opt/airflow/dags/dag_streamflow.py
[2026-01-19T17:59:28.620+0000] {processor.py:840} INFO - DAG(s) 'streamflow_main' retrieved from /opt/airflow/dags/dag_streamflow.py
[2026-01-19T17:59:28.772+0000] {logging_mixin.py:188} INFO - [2026-01-19T17:59:28.771+0000] {dag.py:3036} INFO - Sync 1 DAGs
[2026-01-19T17:59:28.845+0000] {logging_mixin.py:188} INFO - [2026-01-19T17:59:28.844+0000] {dag.py:3823} INFO - Setting next_dagrun for streamflow_main to None, run_after=None
[2026-01-19T17:59:28.949+0000] {processor.py:183} INFO - Processing /opt/airflow/dags/dag_streamflow.py took 0.517 seconds
[2026-01-19T17:59:59.656+0000] {processor.py:161} INFO - Started process (PID=950) to work on /opt/airflow/dags/dag_streamflow.py
[2026-01-19T17:59:59.663+0000] {processor.py:830} INFO - Processing file /opt/airflow/dags/dag_streamflow.py for tasks to queue
[2026-01-19T17:59:59.670+0000] {logging_mixin.py:188} INFO - [2026-01-19T17:59:59.668+0000] {dagbag.py:538} INFO - Filling up the DagBag from /opt/airflow/dags/dag_streamflow.py
[2026-01-19T17:59:59.810+0000] {processor.py:840} INFO - DAG(s) 'streamflow_main' retrieved from /opt/airflow/dags/dag_streamflow.py
[2026-01-19T17:59:59.976+0000] {logging_mixin.py:188} INFO - [2026-01-19T17:59:59.975+0000] {dag.py:3036} INFO - Sync 1 DAGs
[2026-01-19T18:00:00.049+0000] {logging_mixin.py:188} INFO - [2026-01-19T18:00:00.048+0000] {dag.py:3823} INFO - Setting next_dagrun for streamflow_main to None, run_after=None
[2026-01-19T18:00:00.171+0000] {processor.py:183} INFO - Processing /opt/airflow/dags/dag_streamflow.py took 0.539 seconds
[2026-01-19T18:00:30.898+0000] {processor.py:161} INFO - Started process (PID=962) to work on /opt/airflow/dags/dag_streamflow.py
[2026-01-19T18:00:30.908+0000] {processor.py:830} INFO - Processing file /opt/airflow/dags/dag_streamflow.py for tasks to queue
[2026-01-19T18:00:30.917+0000] {logging_mixin.py:188} INFO - [2026-01-19T18:00:30.915+0000] {dagbag.py:538} INFO - Filling up the DagBag from /opt/airflow/dags/dag_streamflow.py
[2026-01-19T18:00:31.115+0000] {processor.py:840} INFO - DAG(s) 'streamflow_main' retrieved from /opt/airflow/dags/dag_streamflow.py
[2026-01-19T18:00:31.346+0000] {logging_mixin.py:188} INFO - [2026-01-19T18:00:31.344+0000] {dag.py:3036} INFO - Sync 1 DAGs
[2026-01-19T18:00:31.471+0000] {logging_mixin.py:188} INFO - [2026-01-19T18:00:31.470+0000] {dag.py:3823} INFO - Setting next_dagrun for streamflow_main to None, run_after=None
[2026-01-19T18:00:31.631+0000] {processor.py:183} INFO - Processing /opt/airflow/dags/dag_streamflow.py took 0.761 seconds
[2026-01-19T18:01:02.913+0000] {processor.py:161} INFO - Started process (PID=974) to work on /opt/airflow/dags/dag_streamflow.py
[2026-01-19T18:01:02.982+0000] {processor.py:830} INFO - Processing file /opt/airflow/dags/dag_streamflow.py for tasks to queue
[2026-01-19T18:01:03.017+0000] {logging_mixin.py:188} INFO - [2026-01-19T18:01:02.999+0000] {dagbag.py:538} INFO - Filling up the DagBag from /opt/airflow/dags/dag_streamflow.py
[2026-01-19T18:01:03.525+0000] {processor.py:840} INFO - DAG(s) 'streamflow_main' retrieved from /opt/airflow/dags/dag_streamflow.py
[2026-01-19T18:01:04.471+0000] {logging_mixin.py:188} INFO - [2026-01-19T18:01:04.468+0000] {dag.py:3036} INFO - Sync 1 DAGs
[2026-01-19T18:01:04.837+0000] {logging_mixin.py:188} INFO - [2026-01-19T18:01:04.834+0000] {dag.py:3823} INFO - Setting next_dagrun for streamflow_main to None, run_after=None
[2026-01-19T18:01:05.147+0000] {processor.py:183} INFO - Processing /opt/airflow/dags/dag_streamflow.py took 2.415 seconds
[2026-01-19T18:01:36.640+0000] {processor.py:161} INFO - Started process (PID=986) to work on /opt/airflow/dags/dag_streamflow.py
[2026-01-19T18:01:36.723+0000] {processor.py:830} INFO - Processing file /opt/airflow/dags/dag_streamflow.py for tasks to queue
[2026-01-19T18:01:36.765+0000] {logging_mixin.py:188} INFO - [2026-01-19T18:01:36.752+0000] {dagbag.py:538} INFO - Filling up the DagBag from /opt/airflow/dags/dag_streamflow.py
[2026-01-19T18:01:37.426+0000] {processor.py:840} INFO - DAG(s) 'streamflow_main' retrieved from /opt/airflow/dags/dag_streamflow.py
[2026-01-19T18:01:38.100+0000] {logging_mixin.py:188} INFO - [2026-01-19T18:01:38.097+0000] {dag.py:3036} INFO - Sync 1 DAGs
[2026-01-19T18:01:38.379+0000] {logging_mixin.py:188} INFO - [2026-01-19T18:01:38.377+0000] {dag.py:3823} INFO - Setting next_dagrun for streamflow_main to None, run_after=None
[2026-01-19T18:01:38.655+0000] {processor.py:183} INFO - Processing /opt/airflow/dags/dag_streamflow.py took 2.228 seconds
[2026-01-19T18:02:09.015+0000] {processor.py:161} INFO - Started process (PID=998) to work on /opt/airflow/dags/dag_streamflow.py
[2026-01-19T18:02:09.026+0000] {processor.py:830} INFO - Processing file /opt/airflow/dags/dag_streamflow.py for tasks to queue
[2026-01-19T18:02:09.036+0000] {logging_mixin.py:188} INFO - [2026-01-19T18:02:09.033+0000] {dagbag.py:538} INFO - Filling up the DagBag from /opt/airflow/dags/dag_streamflow.py
[2026-01-19T18:02:09.258+0000] {processor.py:840} INFO - DAG(s) 'streamflow_main' retrieved from /opt/airflow/dags/dag_streamflow.py
[2026-01-19T18:02:09.601+0000] {logging_mixin.py:188} INFO - [2026-01-19T18:02:09.599+0000] {dag.py:3036} INFO - Sync 1 DAGs
[2026-01-19T18:02:09.726+0000] {logging_mixin.py:188} INFO - [2026-01-19T18:02:09.724+0000] {dag.py:3823} INFO - Setting next_dagrun for streamflow_main to None, run_after=None
[2026-01-19T18:02:09.914+0000] {processor.py:183} INFO - Processing /opt/airflow/dags/dag_streamflow.py took 0.937 seconds
[2026-01-19T18:02:41.238+0000] {processor.py:161} INFO - Started process (PID=1011) to work on /opt/airflow/dags/dag_streamflow.py
[2026-01-19T18:02:41.252+0000] {processor.py:830} INFO - Processing file /opt/airflow/dags/dag_streamflow.py for tasks to queue
[2026-01-19T18:02:41.266+0000] {logging_mixin.py:188} INFO - [2026-01-19T18:02:41.263+0000] {dagbag.py:538} INFO - Filling up the DagBag from /opt/airflow/dags/dag_streamflow.py
[2026-01-19T18:02:41.498+0000] {processor.py:840} INFO - DAG(s) 'streamflow_main' retrieved from /opt/airflow/dags/dag_streamflow.py
[2026-01-19T18:02:41.833+0000] {logging_mixin.py:188} INFO - [2026-01-19T18:02:41.830+0000] {dag.py:3036} INFO - Sync 1 DAGs
[2026-01-19T18:02:42.039+0000] {logging_mixin.py:188} INFO - [2026-01-19T18:02:42.029+0000] {dag.py:3823} INFO - Setting next_dagrun for streamflow_main to None, run_after=None
[2026-01-19T18:02:42.267+0000] {processor.py:183} INFO - Processing /opt/airflow/dags/dag_streamflow.py took 1.080 seconds
[2026-01-19T18:03:13.324+0000] {processor.py:161} INFO - Started process (PID=1023) to work on /opt/airflow/dags/dag_streamflow.py
[2026-01-19T18:03:13.331+0000] {processor.py:830} INFO - Processing file /opt/airflow/dags/dag_streamflow.py for tasks to queue
[2026-01-19T18:03:13.341+0000] {logging_mixin.py:188} INFO - [2026-01-19T18:03:13.338+0000] {dagbag.py:538} INFO - Filling up the DagBag from /opt/airflow/dags/dag_streamflow.py
[2026-01-19T18:03:13.518+0000] {processor.py:840} INFO - DAG(s) 'streamflow_main' retrieved from /opt/airflow/dags/dag_streamflow.py
[2026-01-19T18:03:13.721+0000] {logging_mixin.py:188} INFO - [2026-01-19T18:03:13.720+0000] {dag.py:3036} INFO - Sync 1 DAGs
[2026-01-19T18:03:13.820+0000] {logging_mixin.py:188} INFO - [2026-01-19T18:03:13.819+0000] {dag.py:3823} INFO - Setting next_dagrun for streamflow_main to None, run_after=None
[2026-01-19T18:03:13.971+0000] {processor.py:183} INFO - Processing /opt/airflow/dags/dag_streamflow.py took 0.670 seconds
[2026-01-19T18:03:44.548+0000] {processor.py:161} INFO - Started process (PID=1036) to work on /opt/airflow/dags/dag_streamflow.py
[2026-01-19T18:03:44.564+0000] {processor.py:830} INFO - Processing file /opt/airflow/dags/dag_streamflow.py for tasks to queue
[2026-01-19T18:03:44.574+0000] {logging_mixin.py:188} INFO - [2026-01-19T18:03:44.571+0000] {dagbag.py:538} INFO - Filling up the DagBag from /opt/airflow/dags/dag_streamflow.py
[2026-01-19T18:03:44.929+0000] {processor.py:840} INFO - DAG(s) 'streamflow_main' retrieved from /opt/airflow/dags/dag_streamflow.py
[2026-01-19T18:03:45.132+0000] {logging_mixin.py:188} INFO - [2026-01-19T18:03:45.130+0000] {dag.py:3036} INFO - Sync 1 DAGs
[2026-01-19T18:03:45.240+0000] {logging_mixin.py:188} INFO - [2026-01-19T18:03:45.238+0000] {dag.py:3823} INFO - Setting next_dagrun for streamflow_main to None, run_after=None
[2026-01-19T18:03:45.436+0000] {processor.py:183} INFO - Processing /opt/airflow/dags/dag_streamflow.py took 0.932 seconds
[2026-01-19T18:04:16.481+0000] {processor.py:161} INFO - Started process (PID=1048) to work on /opt/airflow/dags/dag_streamflow.py
[2026-01-19T18:04:16.489+0000] {processor.py:830} INFO - Processing file /opt/airflow/dags/dag_streamflow.py for tasks to queue
[2026-01-19T18:04:16.498+0000] {logging_mixin.py:188} INFO - [2026-01-19T18:04:16.495+0000] {dagbag.py:538} INFO - Filling up the DagBag from /opt/airflow/dags/dag_streamflow.py
[2026-01-19T18:04:16.678+0000] {processor.py:840} INFO - DAG(s) 'streamflow_main' retrieved from /opt/airflow/dags/dag_streamflow.py
[2026-01-19T18:04:16.868+0000] {logging_mixin.py:188} INFO - [2026-01-19T18:04:16.867+0000] {dag.py:3036} INFO - Sync 1 DAGs
[2026-01-19T18:04:16.953+0000] {logging_mixin.py:188} INFO - [2026-01-19T18:04:16.951+0000] {dag.py:3823} INFO - Setting next_dagrun for streamflow_main to None, run_after=None
[2026-01-19T18:04:17.077+0000] {processor.py:183} INFO - Processing /opt/airflow/dags/dag_streamflow.py took 0.617 seconds
[2026-01-19T18:04:47.491+0000] {processor.py:161} INFO - Started process (PID=1060) to work on /opt/airflow/dags/dag_streamflow.py
[2026-01-19T18:04:47.497+0000] {processor.py:830} INFO - Processing file /opt/airflow/dags/dag_streamflow.py for tasks to queue
[2026-01-19T18:04:47.503+0000] {logging_mixin.py:188} INFO - [2026-01-19T18:04:47.502+0000] {dagbag.py:538} INFO - Filling up the DagBag from /opt/airflow/dags/dag_streamflow.py
[2026-01-19T18:04:47.660+0000] {processor.py:840} INFO - DAG(s) 'streamflow_main' retrieved from /opt/airflow/dags/dag_streamflow.py
[2026-01-19T18:04:47.864+0000] {logging_mixin.py:188} INFO - [2026-01-19T18:04:47.863+0000] {dag.py:3036} INFO - Sync 1 DAGs
[2026-01-19T18:04:47.967+0000] {logging_mixin.py:188} INFO - [2026-01-19T18:04:47.966+0000] {dag.py:3823} INFO - Setting next_dagrun for streamflow_main to None, run_after=None
[2026-01-19T18:04:48.075+0000] {processor.py:183} INFO - Processing /opt/airflow/dags/dag_streamflow.py took 0.607 seconds
[2026-01-19T18:05:19.100+0000] {processor.py:161} INFO - Started process (PID=1073) to work on /opt/airflow/dags/dag_streamflow.py
[2026-01-19T18:05:19.108+0000] {processor.py:830} INFO - Processing file /opt/airflow/dags/dag_streamflow.py for tasks to queue
[2026-01-19T18:05:19.115+0000] {logging_mixin.py:188} INFO - [2026-01-19T18:05:19.114+0000] {dagbag.py:538} INFO - Filling up the DagBag from /opt/airflow/dags/dag_streamflow.py
[2026-01-19T18:05:19.293+0000] {processor.py:840} INFO - DAG(s) 'streamflow_main' retrieved from /opt/airflow/dags/dag_streamflow.py
[2026-01-19T18:05:19.501+0000] {logging_mixin.py:188} INFO - [2026-01-19T18:05:19.499+0000] {dag.py:3036} INFO - Sync 1 DAGs
[2026-01-19T18:05:19.582+0000] {logging_mixin.py:188} INFO - [2026-01-19T18:05:19.581+0000] {dag.py:3823} INFO - Setting next_dagrun for streamflow_main to None, run_after=None
[2026-01-19T18:05:19.703+0000] {processor.py:183} INFO - Processing /opt/airflow/dags/dag_streamflow.py took 0.621 seconds
[2026-01-19T18:05:50.127+0000] {processor.py:161} INFO - Started process (PID=1085) to work on /opt/airflow/dags/dag_streamflow.py
[2026-01-19T18:05:50.133+0000] {processor.py:830} INFO - Processing file /opt/airflow/dags/dag_streamflow.py for tasks to queue
[2026-01-19T18:05:50.139+0000] {logging_mixin.py:188} INFO - [2026-01-19T18:05:50.138+0000] {dagbag.py:538} INFO - Filling up the DagBag from /opt/airflow/dags/dag_streamflow.py
[2026-01-19T18:05:50.302+0000] {processor.py:840} INFO - DAG(s) 'streamflow_main' retrieved from /opt/airflow/dags/dag_streamflow.py
[2026-01-19T18:05:50.468+0000] {logging_mixin.py:188} INFO - [2026-01-19T18:05:50.466+0000] {dag.py:3036} INFO - Sync 1 DAGs
[2026-01-19T18:05:50.564+0000] {logging_mixin.py:188} INFO - [2026-01-19T18:05:50.562+0000] {dag.py:3823} INFO - Setting next_dagrun for streamflow_main to None, run_after=None
[2026-01-19T18:05:50.684+0000] {processor.py:183} INFO - Processing /opt/airflow/dags/dag_streamflow.py took 0.577 seconds
[2026-01-19T18:06:21.064+0000] {processor.py:161} INFO - Started process (PID=1097) to work on /opt/airflow/dags/dag_streamflow.py
[2026-01-19T18:06:21.073+0000] {processor.py:830} INFO - Processing file /opt/airflow/dags/dag_streamflow.py for tasks to queue
[2026-01-19T18:06:21.079+0000] {logging_mixin.py:188} INFO - [2026-01-19T18:06:21.077+0000] {dagbag.py:538} INFO - Filling up the DagBag from /opt/airflow/dags/dag_streamflow.py
[2026-01-19T18:06:21.231+0000] {processor.py:840} INFO - DAG(s) 'streamflow_main' retrieved from /opt/airflow/dags/dag_streamflow.py
[2026-01-19T18:06:21.420+0000] {logging_mixin.py:188} INFO - [2026-01-19T18:06:21.418+0000] {dag.py:3036} INFO - Sync 1 DAGs
[2026-01-19T18:06:21.517+0000] {logging_mixin.py:188} INFO - [2026-01-19T18:06:21.516+0000] {dag.py:3823} INFO - Setting next_dagrun for streamflow_main to None, run_after=None
[2026-01-19T18:06:21.661+0000] {processor.py:183} INFO - Processing /opt/airflow/dags/dag_streamflow.py took 0.628 seconds
[2026-01-19T18:06:52.619+0000] {processor.py:161} INFO - Started process (PID=1109) to work on /opt/airflow/dags/dag_streamflow.py
[2026-01-19T18:06:52.625+0000] {processor.py:830} INFO - Processing file /opt/airflow/dags/dag_streamflow.py for tasks to queue
[2026-01-19T18:06:52.632+0000] {logging_mixin.py:188} INFO - [2026-01-19T18:06:52.630+0000] {dagbag.py:538} INFO - Filling up the DagBag from /opt/airflow/dags/dag_streamflow.py
[2026-01-19T18:06:52.779+0000] {processor.py:840} INFO - DAG(s) 'streamflow_main' retrieved from /opt/airflow/dags/dag_streamflow.py
[2026-01-19T18:06:52.941+0000] {logging_mixin.py:188} INFO - [2026-01-19T18:06:52.940+0000] {dag.py:3036} INFO - Sync 1 DAGs
[2026-01-19T18:06:53.015+0000] {logging_mixin.py:188} INFO - [2026-01-19T18:06:53.014+0000] {dag.py:3823} INFO - Setting next_dagrun for streamflow_main to None, run_after=None
[2026-01-19T18:06:53.123+0000] {processor.py:183} INFO - Processing /opt/airflow/dags/dag_streamflow.py took 0.521 seconds
[2026-01-19T18:07:23.783+0000] {processor.py:161} INFO - Started process (PID=1121) to work on /opt/airflow/dags/dag_streamflow.py
[2026-01-19T18:07:23.792+0000] {processor.py:830} INFO - Processing file /opt/airflow/dags/dag_streamflow.py for tasks to queue
[2026-01-19T18:07:23.800+0000] {logging_mixin.py:188} INFO - [2026-01-19T18:07:23.799+0000] {dagbag.py:538} INFO - Filling up the DagBag from /opt/airflow/dags/dag_streamflow.py
[2026-01-19T18:07:23.937+0000] {processor.py:840} INFO - DAG(s) 'streamflow_main' retrieved from /opt/airflow/dags/dag_streamflow.py
[2026-01-19T18:07:24.126+0000] {logging_mixin.py:188} INFO - [2026-01-19T18:07:24.124+0000] {dag.py:3036} INFO - Sync 1 DAGs
[2026-01-19T18:07:24.205+0000] {logging_mixin.py:188} INFO - [2026-01-19T18:07:24.204+0000] {dag.py:3823} INFO - Setting next_dagrun for streamflow_main to None, run_after=None
[2026-01-19T18:07:24.332+0000] {processor.py:183} INFO - Processing /opt/airflow/dags/dag_streamflow.py took 0.571 seconds
[2026-01-19T18:07:55.272+0000] {processor.py:161} INFO - Started process (PID=1134) to work on /opt/airflow/dags/dag_streamflow.py
[2026-01-19T18:07:55.278+0000] {processor.py:830} INFO - Processing file /opt/airflow/dags/dag_streamflow.py for tasks to queue
[2026-01-19T18:07:55.285+0000] {logging_mixin.py:188} INFO - [2026-01-19T18:07:55.283+0000] {dagbag.py:538} INFO - Filling up the DagBag from /opt/airflow/dags/dag_streamflow.py
[2026-01-19T18:07:55.470+0000] {processor.py:840} INFO - DAG(s) 'streamflow_main' retrieved from /opt/airflow/dags/dag_streamflow.py
[2026-01-19T18:07:55.701+0000] {logging_mixin.py:188} INFO - [2026-01-19T18:07:55.699+0000] {dag.py:3036} INFO - Sync 1 DAGs
[2026-01-19T18:07:55.822+0000] {logging_mixin.py:188} INFO - [2026-01-19T18:07:55.819+0000] {dag.py:3823} INFO - Setting next_dagrun for streamflow_main to None, run_after=None
[2026-01-19T18:07:55.956+0000] {processor.py:183} INFO - Processing /opt/airflow/dags/dag_streamflow.py took 0.703 seconds
[2026-01-19T18:08:26.279+0000] {processor.py:161} INFO - Started process (PID=1146) to work on /opt/airflow/dags/dag_streamflow.py
[2026-01-19T18:08:26.287+0000] {processor.py:830} INFO - Processing file /opt/airflow/dags/dag_streamflow.py for tasks to queue
[2026-01-19T18:08:26.295+0000] {logging_mixin.py:188} INFO - [2026-01-19T18:08:26.293+0000] {dagbag.py:538} INFO - Filling up the DagBag from /opt/airflow/dags/dag_streamflow.py
[2026-01-19T18:08:26.477+0000] {processor.py:840} INFO - DAG(s) 'streamflow_main' retrieved from /opt/airflow/dags/dag_streamflow.py
[2026-01-19T18:08:26.699+0000] {logging_mixin.py:188} INFO - [2026-01-19T18:08:26.698+0000] {dag.py:3036} INFO - Sync 1 DAGs
[2026-01-19T18:08:26.798+0000] {logging_mixin.py:188} INFO - [2026-01-19T18:08:26.797+0000] {dag.py:3823} INFO - Setting next_dagrun for streamflow_main to None, run_after=None
[2026-01-19T18:08:26.961+0000] {processor.py:183} INFO - Processing /opt/airflow/dags/dag_streamflow.py took 0.710 seconds
[2026-01-19T18:08:58.013+0000] {processor.py:161} INFO - Started process (PID=1159) to work on /opt/airflow/dags/dag_streamflow.py
[2026-01-19T18:08:58.021+0000] {processor.py:830} INFO - Processing file /opt/airflow/dags/dag_streamflow.py for tasks to queue
[2026-01-19T18:08:58.028+0000] {logging_mixin.py:188} INFO - [2026-01-19T18:08:58.026+0000] {dagbag.py:538} INFO - Filling up the DagBag from /opt/airflow/dags/dag_streamflow.py
[2026-01-19T18:08:58.179+0000] {processor.py:840} INFO - DAG(s) 'streamflow_main' retrieved from /opt/airflow/dags/dag_streamflow.py
[2026-01-19T18:08:58.361+0000] {logging_mixin.py:188} INFO - [2026-01-19T18:08:58.360+0000] {dag.py:3036} INFO - Sync 1 DAGs
[2026-01-19T18:08:58.444+0000] {logging_mixin.py:188} INFO - [2026-01-19T18:08:58.443+0000] {dag.py:3823} INFO - Setting next_dagrun for streamflow_main to None, run_after=None
[2026-01-19T18:08:58.588+0000] {processor.py:183} INFO - Processing /opt/airflow/dags/dag_streamflow.py took 0.607 seconds
[2026-01-19T18:09:28.863+0000] {processor.py:161} INFO - Started process (PID=1171) to work on /opt/airflow/dags/dag_streamflow.py
[2026-01-19T18:09:28.870+0000] {processor.py:830} INFO - Processing file /opt/airflow/dags/dag_streamflow.py for tasks to queue
[2026-01-19T18:09:28.877+0000] {logging_mixin.py:188} INFO - [2026-01-19T18:09:28.875+0000] {dagbag.py:538} INFO - Filling up the DagBag from /opt/airflow/dags/dag_streamflow.py
[2026-01-19T18:09:29.027+0000] {processor.py:840} INFO - DAG(s) 'streamflow_main' retrieved from /opt/airflow/dags/dag_streamflow.py
[2026-01-19T18:09:29.198+0000] {logging_mixin.py:188} INFO - [2026-01-19T18:09:29.196+0000] {dag.py:3036} INFO - Sync 1 DAGs
[2026-01-19T18:09:29.288+0000] {logging_mixin.py:188} INFO - [2026-01-19T18:09:29.287+0000] {dag.py:3823} INFO - Setting next_dagrun for streamflow_main to None, run_after=None
[2026-01-19T18:09:29.420+0000] {processor.py:183} INFO - Processing /opt/airflow/dags/dag_streamflow.py took 0.578 seconds
[2026-01-19T18:09:59.759+0000] {processor.py:161} INFO - Started process (PID=1183) to work on /opt/airflow/dags/dag_streamflow.py
[2026-01-19T18:09:59.767+0000] {processor.py:830} INFO - Processing file /opt/airflow/dags/dag_streamflow.py for tasks to queue
[2026-01-19T18:09:59.778+0000] {logging_mixin.py:188} INFO - [2026-01-19T18:09:59.774+0000] {dagbag.py:538} INFO - Filling up the DagBag from /opt/airflow/dags/dag_streamflow.py
[2026-01-19T18:09:59.970+0000] {processor.py:840} INFO - DAG(s) 'streamflow_main' retrieved from /opt/airflow/dags/dag_streamflow.py
[2026-01-19T18:10:00.212+0000] {logging_mixin.py:188} INFO - [2026-01-19T18:10:00.211+0000] {dag.py:3036} INFO - Sync 1 DAGs
[2026-01-19T18:10:00.300+0000] {logging_mixin.py:188} INFO - [2026-01-19T18:10:00.299+0000] {dag.py:3823} INFO - Setting next_dagrun for streamflow_main to None, run_after=None
[2026-01-19T18:10:00.444+0000] {processor.py:183} INFO - Processing /opt/airflow/dags/dag_streamflow.py took 0.723 seconds
[2026-01-19T18:10:31.422+0000] {processor.py:161} INFO - Started process (PID=1195) to work on /opt/airflow/dags/dag_streamflow.py
[2026-01-19T18:10:31.434+0000] {processor.py:830} INFO - Processing file /opt/airflow/dags/dag_streamflow.py for tasks to queue
[2026-01-19T18:10:31.444+0000] {logging_mixin.py:188} INFO - [2026-01-19T18:10:31.441+0000] {dagbag.py:538} INFO - Filling up the DagBag from /opt/airflow/dags/dag_streamflow.py
[2026-01-19T18:10:31.639+0000] {processor.py:840} INFO - DAG(s) 'streamflow_main' retrieved from /opt/airflow/dags/dag_streamflow.py
[2026-01-19T18:10:31.840+0000] {logging_mixin.py:188} INFO - [2026-01-19T18:10:31.839+0000] {dag.py:3036} INFO - Sync 1 DAGs
[2026-01-19T18:10:31.930+0000] {logging_mixin.py:188} INFO - [2026-01-19T18:10:31.928+0000] {dag.py:3823} INFO - Setting next_dagrun for streamflow_main to None, run_after=None
[2026-01-19T18:10:32.071+0000] {processor.py:183} INFO - Processing /opt/airflow/dags/dag_streamflow.py took 0.670 seconds
[2026-01-19T18:11:02.817+0000] {processor.py:161} INFO - Started process (PID=1207) to work on /opt/airflow/dags/dag_streamflow.py
[2026-01-19T18:11:02.827+0000] {processor.py:830} INFO - Processing file /opt/airflow/dags/dag_streamflow.py for tasks to queue
[2026-01-19T18:11:02.836+0000] {logging_mixin.py:188} INFO - [2026-01-19T18:11:02.833+0000] {dagbag.py:538} INFO - Filling up the DagBag from /opt/airflow/dags/dag_streamflow.py
[2026-01-19T18:11:03.010+0000] {processor.py:840} INFO - DAG(s) 'streamflow_main' retrieved from /opt/airflow/dags/dag_streamflow.py
[2026-01-19T18:11:03.191+0000] {logging_mixin.py:188} INFO - [2026-01-19T18:11:03.190+0000] {dag.py:3036} INFO - Sync 1 DAGs
[2026-01-19T18:11:03.273+0000] {logging_mixin.py:188} INFO - [2026-01-19T18:11:03.272+0000] {dag.py:3823} INFO - Setting next_dagrun for streamflow_main to None, run_after=None
[2026-01-19T18:11:03.413+0000] {processor.py:183} INFO - Processing /opt/airflow/dags/dag_streamflow.py took 0.620 seconds
[2026-01-19T18:11:34.043+0000] {processor.py:161} INFO - Started process (PID=1219) to work on /opt/airflow/dags/dag_streamflow.py
[2026-01-19T18:11:34.050+0000] {processor.py:830} INFO - Processing file /opt/airflow/dags/dag_streamflow.py for tasks to queue
[2026-01-19T18:11:34.057+0000] {logging_mixin.py:188} INFO - [2026-01-19T18:11:34.055+0000] {dagbag.py:538} INFO - Filling up the DagBag from /opt/airflow/dags/dag_streamflow.py
[2026-01-19T18:11:34.210+0000] {processor.py:840} INFO - DAG(s) 'streamflow_main' retrieved from /opt/airflow/dags/dag_streamflow.py
[2026-01-19T18:11:34.402+0000] {logging_mixin.py:188} INFO - [2026-01-19T18:11:34.400+0000] {dag.py:3036} INFO - Sync 1 DAGs
[2026-01-19T18:11:34.488+0000] {logging_mixin.py:188} INFO - [2026-01-19T18:11:34.486+0000] {dag.py:3823} INFO - Setting next_dagrun for streamflow_main to None, run_after=None
[2026-01-19T18:11:34.617+0000] {processor.py:183} INFO - Processing /opt/airflow/dags/dag_streamflow.py took 0.595 seconds
[2026-01-19T18:12:05.355+0000] {processor.py:161} INFO - Started process (PID=1232) to work on /opt/airflow/dags/dag_streamflow.py
[2026-01-19T18:12:05.362+0000] {processor.py:830} INFO - Processing file /opt/airflow/dags/dag_streamflow.py for tasks to queue
[2026-01-19T18:12:05.369+0000] {logging_mixin.py:188} INFO - [2026-01-19T18:12:05.367+0000] {dagbag.py:538} INFO - Filling up the DagBag from /opt/airflow/dags/dag_streamflow.py
[2026-01-19T18:12:05.514+0000] {processor.py:840} INFO - DAG(s) 'streamflow_main' retrieved from /opt/airflow/dags/dag_streamflow.py
[2026-01-19T18:12:05.696+0000] {logging_mixin.py:188} INFO - [2026-01-19T18:12:05.695+0000] {dag.py:3036} INFO - Sync 1 DAGs
[2026-01-19T18:12:05.808+0000] {logging_mixin.py:188} INFO - [2026-01-19T18:12:05.807+0000] {dag.py:3823} INFO - Setting next_dagrun for streamflow_main to None, run_after=None
[2026-01-19T18:12:05.953+0000] {processor.py:183} INFO - Processing /opt/airflow/dags/dag_streamflow.py took 0.620 seconds
[2026-01-19T18:12:36.511+0000] {processor.py:161} INFO - Started process (PID=1244) to work on /opt/airflow/dags/dag_streamflow.py
[2026-01-19T18:12:36.520+0000] {processor.py:830} INFO - Processing file /opt/airflow/dags/dag_streamflow.py for tasks to queue
[2026-01-19T18:12:36.527+0000] {logging_mixin.py:188} INFO - [2026-01-19T18:12:36.525+0000] {dagbag.py:538} INFO - Filling up the DagBag from /opt/airflow/dags/dag_streamflow.py
[2026-01-19T18:12:36.682+0000] {processor.py:840} INFO - DAG(s) 'streamflow_main' retrieved from /opt/airflow/dags/dag_streamflow.py
[2026-01-19T18:12:36.867+0000] {logging_mixin.py:188} INFO - [2026-01-19T18:12:36.866+0000] {dag.py:3036} INFO - Sync 1 DAGs
[2026-01-19T18:12:36.969+0000] {logging_mixin.py:188} INFO - [2026-01-19T18:12:36.968+0000] {dag.py:3823} INFO - Setting next_dagrun for streamflow_main to None, run_after=None
[2026-01-19T18:12:37.103+0000] {processor.py:183} INFO - Processing /opt/airflow/dags/dag_streamflow.py took 0.617 seconds
[2026-01-19T18:13:07.961+0000] {processor.py:161} INFO - Started process (PID=1256) to work on /opt/airflow/dags/dag_streamflow.py
[2026-01-19T18:13:07.973+0000] {processor.py:830} INFO - Processing file /opt/airflow/dags/dag_streamflow.py for tasks to queue
[2026-01-19T18:13:07.982+0000] {logging_mixin.py:188} INFO - [2026-01-19T18:13:07.980+0000] {dagbag.py:538} INFO - Filling up the DagBag from /opt/airflow/dags/dag_streamflow.py
[2026-01-19T18:13:08.170+0000] {processor.py:840} INFO - DAG(s) 'streamflow_main' retrieved from /opt/airflow/dags/dag_streamflow.py
[2026-01-19T18:13:08.408+0000] {logging_mixin.py:188} INFO - [2026-01-19T18:13:08.404+0000] {dag.py:3036} INFO - Sync 1 DAGs
[2026-01-19T18:13:08.523+0000] {logging_mixin.py:188} INFO - [2026-01-19T18:13:08.521+0000] {dag.py:3823} INFO - Setting next_dagrun for streamflow_main to None, run_after=None
[2026-01-19T18:13:08.670+0000] {processor.py:183} INFO - Processing /opt/airflow/dags/dag_streamflow.py took 0.741 seconds
[2026-01-19T18:13:39.253+0000] {processor.py:161} INFO - Started process (PID=1268) to work on /opt/airflow/dags/dag_streamflow.py
[2026-01-19T18:13:39.271+0000] {processor.py:830} INFO - Processing file /opt/airflow/dags/dag_streamflow.py for tasks to queue
[2026-01-19T18:13:39.287+0000] {logging_mixin.py:188} INFO - [2026-01-19T18:13:39.281+0000] {dagbag.py:538} INFO - Filling up the DagBag from /opt/airflow/dags/dag_streamflow.py
[2026-01-19T18:13:39.543+0000] {processor.py:840} INFO - DAG(s) 'streamflow_main' retrieved from /opt/airflow/dags/dag_streamflow.py
[2026-01-19T18:13:39.825+0000] {logging_mixin.py:188} INFO - [2026-01-19T18:13:39.823+0000] {dag.py:3036} INFO - Sync 1 DAGs
[2026-01-19T18:13:40.047+0000] {logging_mixin.py:188} INFO - [2026-01-19T18:13:40.040+0000] {dag.py:3823} INFO - Setting next_dagrun for streamflow_main to None, run_after=None
[2026-01-19T18:13:40.290+0000] {processor.py:183} INFO - Processing /opt/airflow/dags/dag_streamflow.py took 1.080 seconds
[2026-01-19T18:14:10.793+0000] {processor.py:161} INFO - Started process (PID=1280) to work on /opt/airflow/dags/dag_streamflow.py
[2026-01-19T18:14:10.808+0000] {processor.py:830} INFO - Processing file /opt/airflow/dags/dag_streamflow.py for tasks to queue
[2026-01-19T18:14:10.822+0000] {logging_mixin.py:188} INFO - [2026-01-19T18:14:10.815+0000] {dagbag.py:538} INFO - Filling up the DagBag from /opt/airflow/dags/dag_streamflow.py
[2026-01-19T18:14:11.056+0000] {processor.py:840} INFO - DAG(s) 'streamflow_main' retrieved from /opt/airflow/dags/dag_streamflow.py
[2026-01-19T18:14:11.356+0000] {logging_mixin.py:188} INFO - [2026-01-19T18:14:11.354+0000] {dag.py:3036} INFO - Sync 1 DAGs
[2026-01-19T18:14:11.516+0000] {logging_mixin.py:188} INFO - [2026-01-19T18:14:11.514+0000] {dag.py:3823} INFO - Setting next_dagrun for streamflow_main to None, run_after=None
[2026-01-19T18:14:11.735+0000] {processor.py:183} INFO - Processing /opt/airflow/dags/dag_streamflow.py took 0.985 seconds
[2026-01-19T18:14:42.813+0000] {processor.py:161} INFO - Started process (PID=1299) to work on /opt/airflow/dags/dag_streamflow.py
[2026-01-19T18:14:42.825+0000] {processor.py:830} INFO - Processing file /opt/airflow/dags/dag_streamflow.py for tasks to queue
[2026-01-19T18:14:42.833+0000] {logging_mixin.py:188} INFO - [2026-01-19T18:14:42.831+0000] {dagbag.py:538} INFO - Filling up the DagBag from /opt/airflow/dags/dag_streamflow.py
[2026-01-19T18:14:43.023+0000] {processor.py:840} INFO - DAG(s) 'streamflow_main' retrieved from /opt/airflow/dags/dag_streamflow.py
[2026-01-19T18:14:43.313+0000] {logging_mixin.py:188} INFO - [2026-01-19T18:14:43.311+0000] {dag.py:3036} INFO - Sync 1 DAGs
[2026-01-19T18:14:43.476+0000] {logging_mixin.py:188} INFO - [2026-01-19T18:14:43.473+0000] {dag.py:3823} INFO - Setting next_dagrun for streamflow_main to None, run_after=None
[2026-01-19T18:14:43.715+0000] {processor.py:183} INFO - Processing /opt/airflow/dags/dag_streamflow.py took 0.935 seconds
[2026-01-19T18:15:14.824+0000] {processor.py:161} INFO - Started process (PID=1311) to work on /opt/airflow/dags/dag_streamflow.py
[2026-01-19T18:15:14.833+0000] {processor.py:830} INFO - Processing file /opt/airflow/dags/dag_streamflow.py for tasks to queue
[2026-01-19T18:15:14.841+0000] {logging_mixin.py:188} INFO - [2026-01-19T18:15:14.839+0000] {dagbag.py:538} INFO - Filling up the DagBag from /opt/airflow/dags/dag_streamflow.py
[2026-01-19T18:15:14.995+0000] {processor.py:840} INFO - DAG(s) 'streamflow_main' retrieved from /opt/airflow/dags/dag_streamflow.py
[2026-01-19T18:15:15.246+0000] {logging_mixin.py:188} INFO - [2026-01-19T18:15:15.245+0000] {dag.py:3036} INFO - Sync 1 DAGs
[2026-01-19T18:15:15.366+0000] {logging_mixin.py:188} INFO - [2026-01-19T18:15:15.365+0000] {dag.py:3823} INFO - Setting next_dagrun for streamflow_main to None, run_after=None
[2026-01-19T18:15:15.563+0000] {processor.py:183} INFO - Processing /opt/airflow/dags/dag_streamflow.py took 0.772 seconds
[2026-01-19T18:15:46.340+0000] {processor.py:161} INFO - Started process (PID=1324) to work on /opt/airflow/dags/dag_streamflow.py
[2026-01-19T18:15:46.355+0000] {processor.py:830} INFO - Processing file /opt/airflow/dags/dag_streamflow.py for tasks to queue
[2026-01-19T18:15:46.373+0000] {logging_mixin.py:188} INFO - [2026-01-19T18:15:46.369+0000] {dagbag.py:538} INFO - Filling up the DagBag from /opt/airflow/dags/dag_streamflow.py
[2026-01-19T18:15:46.693+0000] {processor.py:840} INFO - DAG(s) 'streamflow_main' retrieved from /opt/airflow/dags/dag_streamflow.py
[2026-01-19T18:15:47.058+0000] {logging_mixin.py:188} INFO - [2026-01-19T18:15:47.056+0000] {dag.py:3036} INFO - Sync 1 DAGs
[2026-01-19T18:15:47.242+0000] {logging_mixin.py:188} INFO - [2026-01-19T18:15:47.240+0000] {dag.py:3823} INFO - Setting next_dagrun for streamflow_main to None, run_after=None
[2026-01-19T18:15:47.441+0000] {processor.py:183} INFO - Processing /opt/airflow/dags/dag_streamflow.py took 1.165 seconds
[2026-01-19T18:16:18.295+0000] {processor.py:161} INFO - Started process (PID=1336) to work on /opt/airflow/dags/dag_streamflow.py
[2026-01-19T18:16:18.307+0000] {processor.py:830} INFO - Processing file /opt/airflow/dags/dag_streamflow.py for tasks to queue
[2026-01-19T18:16:18.318+0000] {logging_mixin.py:188} INFO - [2026-01-19T18:16:18.314+0000] {dagbag.py:538} INFO - Filling up the DagBag from /opt/airflow/dags/dag_streamflow.py
[2026-01-19T18:16:18.500+0000] {processor.py:840} INFO - DAG(s) 'streamflow_main' retrieved from /opt/airflow/dags/dag_streamflow.py
[2026-01-19T18:16:18.698+0000] {logging_mixin.py:188} INFO - [2026-01-19T18:16:18.697+0000] {dag.py:3036} INFO - Sync 1 DAGs
[2026-01-19T18:16:18.803+0000] {logging_mixin.py:188} INFO - [2026-01-19T18:16:18.802+0000] {dag.py:3823} INFO - Setting next_dagrun for streamflow_main to None, run_after=None
[2026-01-19T18:16:18.921+0000] {processor.py:183} INFO - Processing /opt/airflow/dags/dag_streamflow.py took 0.663 seconds
[2026-01-19T18:16:49.483+0000] {processor.py:161} INFO - Started process (PID=1348) to work on /opt/airflow/dags/dag_streamflow.py
[2026-01-19T18:16:49.491+0000] {processor.py:830} INFO - Processing file /opt/airflow/dags/dag_streamflow.py for tasks to queue
[2026-01-19T18:16:49.499+0000] {logging_mixin.py:188} INFO - [2026-01-19T18:16:49.497+0000] {dagbag.py:538} INFO - Filling up the DagBag from /opt/airflow/dags/dag_streamflow.py
[2026-01-19T18:16:49.670+0000] {processor.py:840} INFO - DAG(s) 'streamflow_main' retrieved from /opt/airflow/dags/dag_streamflow.py
[2026-01-19T18:16:49.961+0000] {logging_mixin.py:188} INFO - [2026-01-19T18:16:49.960+0000] {dag.py:3036} INFO - Sync 1 DAGs
[2026-01-19T18:16:50.102+0000] {logging_mixin.py:188} INFO - [2026-01-19T18:16:50.100+0000] {dag.py:3823} INFO - Setting next_dagrun for streamflow_main to None, run_after=None
[2026-01-19T18:16:50.285+0000] {processor.py:183} INFO - Processing /opt/airflow/dags/dag_streamflow.py took 0.826 seconds
[2026-01-19T18:17:20.973+0000] {processor.py:161} INFO - Started process (PID=1360) to work on /opt/airflow/dags/dag_streamflow.py
[2026-01-19T18:17:20.980+0000] {processor.py:830} INFO - Processing file /opt/airflow/dags/dag_streamflow.py for tasks to queue
[2026-01-19T18:17:20.991+0000] {logging_mixin.py:188} INFO - [2026-01-19T18:17:20.987+0000] {dagbag.py:538} INFO - Filling up the DagBag from /opt/airflow/dags/dag_streamflow.py
[2026-01-19T18:17:21.184+0000] {processor.py:840} INFO - DAG(s) 'streamflow_main' retrieved from /opt/airflow/dags/dag_streamflow.py
[2026-01-19T18:17:21.639+0000] {logging_mixin.py:188} INFO - [2026-01-19T18:17:21.638+0000] {dag.py:3036} INFO - Sync 1 DAGs
[2026-01-19T18:17:21.844+0000] {logging_mixin.py:188} INFO - [2026-01-19T18:17:21.842+0000] {dag.py:3823} INFO - Setting next_dagrun for streamflow_main to None, run_after=None
[2026-01-19T18:17:22.069+0000] {processor.py:183} INFO - Processing /opt/airflow/dags/dag_streamflow.py took 1.123 seconds
[2026-01-19T18:17:52.992+0000] {processor.py:161} INFO - Started process (PID=1372) to work on /opt/airflow/dags/dag_streamflow.py
[2026-01-19T18:17:52.999+0000] {processor.py:830} INFO - Processing file /opt/airflow/dags/dag_streamflow.py for tasks to queue
[2026-01-19T18:17:53.006+0000] {logging_mixin.py:188} INFO - [2026-01-19T18:17:53.004+0000] {dagbag.py:538} INFO - Filling up the DagBag from /opt/airflow/dags/dag_streamflow.py
[2026-01-19T18:17:53.178+0000] {processor.py:840} INFO - DAG(s) 'streamflow_main' retrieved from /opt/airflow/dags/dag_streamflow.py
[2026-01-19T18:17:53.391+0000] {logging_mixin.py:188} INFO - [2026-01-19T18:17:53.390+0000] {dag.py:3036} INFO - Sync 1 DAGs
[2026-01-19T18:17:53.495+0000] {logging_mixin.py:188} INFO - [2026-01-19T18:17:53.493+0000] {dag.py:3823} INFO - Setting next_dagrun for streamflow_main to None, run_after=None
[2026-01-19T18:17:53.669+0000] {processor.py:183} INFO - Processing /opt/airflow/dags/dag_streamflow.py took 0.697 seconds
[2026-01-19T18:18:24.007+0000] {processor.py:161} INFO - Started process (PID=1384) to work on /opt/airflow/dags/dag_streamflow.py
[2026-01-19T18:18:24.015+0000] {processor.py:830} INFO - Processing file /opt/airflow/dags/dag_streamflow.py for tasks to queue
[2026-01-19T18:18:24.022+0000] {logging_mixin.py:188} INFO - [2026-01-19T18:18:24.021+0000] {dagbag.py:538} INFO - Filling up the DagBag from /opt/airflow/dags/dag_streamflow.py
[2026-01-19T18:18:24.178+0000] {processor.py:840} INFO - DAG(s) 'streamflow_main' retrieved from /opt/airflow/dags/dag_streamflow.py
[2026-01-19T18:18:24.349+0000] {logging_mixin.py:188} INFO - [2026-01-19T18:18:24.348+0000] {dag.py:3036} INFO - Sync 1 DAGs
[2026-01-19T18:18:24.419+0000] {logging_mixin.py:188} INFO - [2026-01-19T18:18:24.418+0000] {dag.py:3823} INFO - Setting next_dagrun for streamflow_main to None, run_after=None
[2026-01-19T18:18:24.525+0000] {processor.py:183} INFO - Processing /opt/airflow/dags/dag_streamflow.py took 0.541 seconds
[2026-01-19T18:18:54.956+0000] {processor.py:161} INFO - Started process (PID=1397) to work on /opt/airflow/dags/dag_streamflow.py
[2026-01-19T18:18:54.968+0000] {processor.py:830} INFO - Processing file /opt/airflow/dags/dag_streamflow.py for tasks to queue
[2026-01-19T18:18:54.976+0000] {logging_mixin.py:188} INFO - [2026-01-19T18:18:54.974+0000] {dagbag.py:538} INFO - Filling up the DagBag from /opt/airflow/dags/dag_streamflow.py
[2026-01-19T18:18:55.163+0000] {processor.py:840} INFO - DAG(s) 'streamflow_main' retrieved from /opt/airflow/dags/dag_streamflow.py
[2026-01-19T18:18:55.439+0000] {logging_mixin.py:188} INFO - [2026-01-19T18:18:55.438+0000] {dag.py:3036} INFO - Sync 1 DAGs
[2026-01-19T18:18:55.541+0000] {logging_mixin.py:188} INFO - [2026-01-19T18:18:55.540+0000] {dag.py:3823} INFO - Setting next_dagrun for streamflow_main to None, run_after=None
[2026-01-19T18:18:55.707+0000] {processor.py:183} INFO - Processing /opt/airflow/dags/dag_streamflow.py took 0.777 seconds
[2026-01-19T18:19:26.629+0000] {processor.py:161} INFO - Started process (PID=1409) to work on /opt/airflow/dags/dag_streamflow.py
[2026-01-19T18:19:26.636+0000] {processor.py:830} INFO - Processing file /opt/airflow/dags/dag_streamflow.py for tasks to queue
[2026-01-19T18:19:26.643+0000] {logging_mixin.py:188} INFO - [2026-01-19T18:19:26.641+0000] {dagbag.py:538} INFO - Filling up the DagBag from /opt/airflow/dags/dag_streamflow.py
[2026-01-19T18:19:26.802+0000] {processor.py:840} INFO - DAG(s) 'streamflow_main' retrieved from /opt/airflow/dags/dag_streamflow.py
[2026-01-19T18:19:26.984+0000] {logging_mixin.py:188} INFO - [2026-01-19T18:19:26.983+0000] {dag.py:3036} INFO - Sync 1 DAGs
[2026-01-19T18:19:27.068+0000] {logging_mixin.py:188} INFO - [2026-01-19T18:19:27.067+0000] {dag.py:3823} INFO - Setting next_dagrun for streamflow_main to None, run_after=None
[2026-01-19T18:19:27.203+0000] {processor.py:183} INFO - Processing /opt/airflow/dags/dag_streamflow.py took 0.592 seconds
[2026-01-19T18:19:57.622+0000] {processor.py:161} INFO - Started process (PID=1421) to work on /opt/airflow/dags/dag_streamflow.py
[2026-01-19T18:19:57.630+0000] {processor.py:830} INFO - Processing file /opt/airflow/dags/dag_streamflow.py for tasks to queue
[2026-01-19T18:19:57.637+0000] {logging_mixin.py:188} INFO - [2026-01-19T18:19:57.636+0000] {dagbag.py:538} INFO - Filling up the DagBag from /opt/airflow/dags/dag_streamflow.py
[2026-01-19T18:19:57.789+0000] {processor.py:840} INFO - DAG(s) 'streamflow_main' retrieved from /opt/airflow/dags/dag_streamflow.py
[2026-01-19T18:19:57.972+0000] {logging_mixin.py:188} INFO - [2026-01-19T18:19:57.971+0000] {dag.py:3036} INFO - Sync 1 DAGs
[2026-01-19T18:19:58.055+0000] {logging_mixin.py:188} INFO - [2026-01-19T18:19:58.053+0000] {dag.py:3823} INFO - Setting next_dagrun for streamflow_main to None, run_after=None
[2026-01-19T18:19:58.184+0000] {processor.py:183} INFO - Processing /opt/airflow/dags/dag_streamflow.py took 0.585 seconds
[2026-01-19T18:20:29.363+0000] {processor.py:161} INFO - Started process (PID=1433) to work on /opt/airflow/dags/dag_streamflow.py
[2026-01-19T18:20:29.370+0000] {processor.py:830} INFO - Processing file /opt/airflow/dags/dag_streamflow.py for tasks to queue
[2026-01-19T18:20:29.376+0000] {logging_mixin.py:188} INFO - [2026-01-19T18:20:29.375+0000] {dagbag.py:538} INFO - Filling up the DagBag from /opt/airflow/dags/dag_streamflow.py
[2026-01-19T18:20:29.526+0000] {processor.py:840} INFO - DAG(s) 'streamflow_main' retrieved from /opt/airflow/dags/dag_streamflow.py
[2026-01-19T18:20:29.714+0000] {logging_mixin.py:188} INFO - [2026-01-19T18:20:29.713+0000] {dag.py:3036} INFO - Sync 1 DAGs
[2026-01-19T18:20:29.794+0000] {logging_mixin.py:188} INFO - [2026-01-19T18:20:29.793+0000] {dag.py:3823} INFO - Setting next_dagrun for streamflow_main to None, run_after=None
[2026-01-19T18:20:29.930+0000] {processor.py:183} INFO - Processing /opt/airflow/dags/dag_streamflow.py took 0.586 seconds
[2026-01-19T18:21:00.688+0000] {processor.py:161} INFO - Started process (PID=1445) to work on /opt/airflow/dags/dag_streamflow.py
[2026-01-19T18:21:00.695+0000] {processor.py:830} INFO - Processing file /opt/airflow/dags/dag_streamflow.py for tasks to queue
[2026-01-19T18:21:00.702+0000] {logging_mixin.py:188} INFO - [2026-01-19T18:21:00.700+0000] {dagbag.py:538} INFO - Filling up the DagBag from /opt/airflow/dags/dag_streamflow.py
[2026-01-19T18:21:00.849+0000] {processor.py:840} INFO - DAG(s) 'streamflow_main' retrieved from /opt/airflow/dags/dag_streamflow.py
[2026-01-19T18:21:01.037+0000] {logging_mixin.py:188} INFO - [2026-01-19T18:21:01.036+0000] {dag.py:3036} INFO - Sync 1 DAGs
[2026-01-19T18:21:01.119+0000] {logging_mixin.py:188} INFO - [2026-01-19T18:21:01.118+0000] {dag.py:3823} INFO - Setting next_dagrun for streamflow_main to None, run_after=None
[2026-01-19T18:21:01.240+0000] {processor.py:183} INFO - Processing /opt/airflow/dags/dag_streamflow.py took 0.574 seconds
[2026-01-19T18:21:31.917+0000] {processor.py:161} INFO - Started process (PID=1457) to work on /opt/airflow/dags/dag_streamflow.py
[2026-01-19T18:21:31.926+0000] {processor.py:830} INFO - Processing file /opt/airflow/dags/dag_streamflow.py for tasks to queue
[2026-01-19T18:21:31.938+0000] {logging_mixin.py:188} INFO - [2026-01-19T18:21:31.935+0000] {dagbag.py:538} INFO - Filling up the DagBag from /opt/airflow/dags/dag_streamflow.py
[2026-01-19T18:21:32.175+0000] {processor.py:840} INFO - DAG(s) 'streamflow_main' retrieved from /opt/airflow/dags/dag_streamflow.py
[2026-01-19T18:21:32.395+0000] {logging_mixin.py:188} INFO - [2026-01-19T18:21:32.393+0000] {dag.py:3036} INFO - Sync 1 DAGs
[2026-01-19T18:21:32.510+0000] {logging_mixin.py:188} INFO - [2026-01-19T18:21:32.509+0000] {dag.py:3823} INFO - Setting next_dagrun for streamflow_main to None, run_after=None
[2026-01-19T18:21:32.647+0000] {processor.py:183} INFO - Processing /opt/airflow/dags/dag_streamflow.py took 0.772 seconds
[2026-01-19T18:22:03.203+0000] {processor.py:161} INFO - Started process (PID=1469) to work on /opt/airflow/dags/dag_streamflow.py
[2026-01-19T18:22:03.209+0000] {processor.py:830} INFO - Processing file /opt/airflow/dags/dag_streamflow.py for tasks to queue
[2026-01-19T18:22:03.218+0000] {logging_mixin.py:188} INFO - [2026-01-19T18:22:03.217+0000] {dagbag.py:538} INFO - Filling up the DagBag from /opt/airflow/dags/dag_streamflow.py
[2026-01-19T18:22:03.379+0000] {processor.py:840} INFO - DAG(s) 'streamflow_main' retrieved from /opt/airflow/dags/dag_streamflow.py
[2026-01-19T18:22:03.580+0000] {logging_mixin.py:188} INFO - [2026-01-19T18:22:03.578+0000] {dag.py:3036} INFO - Sync 1 DAGs
[2026-01-19T18:22:03.662+0000] {logging_mixin.py:188} INFO - [2026-01-19T18:22:03.661+0000] {dag.py:3823} INFO - Setting next_dagrun for streamflow_main to None, run_after=None
[2026-01-19T18:22:03.800+0000] {processor.py:183} INFO - Processing /opt/airflow/dags/dag_streamflow.py took 0.618 seconds
[2026-01-19T18:22:34.630+0000] {processor.py:161} INFO - Started process (PID=1481) to work on /opt/airflow/dags/dag_streamflow.py
[2026-01-19T18:22:34.638+0000] {processor.py:830} INFO - Processing file /opt/airflow/dags/dag_streamflow.py for tasks to queue
[2026-01-19T18:22:34.645+0000] {logging_mixin.py:188} INFO - [2026-01-19T18:22:34.643+0000] {dagbag.py:538} INFO - Filling up the DagBag from /opt/airflow/dags/dag_streamflow.py
[2026-01-19T18:22:34.814+0000] {processor.py:840} INFO - DAG(s) 'streamflow_main' retrieved from /opt/airflow/dags/dag_streamflow.py
[2026-01-19T18:22:35.030+0000] {logging_mixin.py:188} INFO - [2026-01-19T18:22:35.029+0000] {dag.py:3036} INFO - Sync 1 DAGs
[2026-01-19T18:22:35.133+0000] {logging_mixin.py:188} INFO - [2026-01-19T18:22:35.132+0000] {dag.py:3823} INFO - Setting next_dagrun for streamflow_main to None, run_after=None
[2026-01-19T18:22:35.285+0000] {processor.py:183} INFO - Processing /opt/airflow/dags/dag_streamflow.py took 0.678 seconds
[2026-01-19T18:23:05.753+0000] {processor.py:161} INFO - Started process (PID=1494) to work on /opt/airflow/dags/dag_streamflow.py
[2026-01-19T18:23:05.763+0000] {processor.py:830} INFO - Processing file /opt/airflow/dags/dag_streamflow.py for tasks to queue
[2026-01-19T18:23:05.770+0000] {logging_mixin.py:188} INFO - [2026-01-19T18:23:05.768+0000] {dagbag.py:538} INFO - Filling up the DagBag from /opt/airflow/dags/dag_streamflow.py
[2026-01-19T18:23:05.932+0000] {processor.py:840} INFO - DAG(s) 'streamflow_main' retrieved from /opt/airflow/dags/dag_streamflow.py
[2026-01-19T18:23:06.133+0000] {logging_mixin.py:188} INFO - [2026-01-19T18:23:06.132+0000] {dag.py:3036} INFO - Sync 1 DAGs
[2026-01-19T18:23:06.251+0000] {logging_mixin.py:188} INFO - [2026-01-19T18:23:06.250+0000] {dag.py:3823} INFO - Setting next_dagrun for streamflow_main to None, run_after=None
[2026-01-19T18:23:06.414+0000] {processor.py:183} INFO - Processing /opt/airflow/dags/dag_streamflow.py took 0.691 seconds
[2026-01-19T18:23:37.276+0000] {processor.py:161} INFO - Started process (PID=1506) to work on /opt/airflow/dags/dag_streamflow.py
[2026-01-19T18:23:37.284+0000] {processor.py:830} INFO - Processing file /opt/airflow/dags/dag_streamflow.py for tasks to queue
[2026-01-19T18:23:37.291+0000] {logging_mixin.py:188} INFO - [2026-01-19T18:23:37.289+0000] {dagbag.py:538} INFO - Filling up the DagBag from /opt/airflow/dags/dag_streamflow.py
[2026-01-19T18:23:37.439+0000] {processor.py:840} INFO - DAG(s) 'streamflow_main' retrieved from /opt/airflow/dags/dag_streamflow.py
[2026-01-19T18:23:37.612+0000] {logging_mixin.py:188} INFO - [2026-01-19T18:23:37.611+0000] {dag.py:3036} INFO - Sync 1 DAGs
[2026-01-19T18:23:37.691+0000] {logging_mixin.py:188} INFO - [2026-01-19T18:23:37.690+0000] {dag.py:3823} INFO - Setting next_dagrun for streamflow_main to None, run_after=None
[2026-01-19T18:23:37.818+0000] {processor.py:183} INFO - Processing /opt/airflow/dags/dag_streamflow.py took 0.564 seconds
[2026-01-19T18:24:08.334+0000] {processor.py:161} INFO - Started process (PID=1518) to work on /opt/airflow/dags/dag_streamflow.py
[2026-01-19T18:24:08.341+0000] {processor.py:830} INFO - Processing file /opt/airflow/dags/dag_streamflow.py for tasks to queue
[2026-01-19T18:24:08.348+0000] {logging_mixin.py:188} INFO - [2026-01-19T18:24:08.346+0000] {dagbag.py:538} INFO - Filling up the DagBag from /opt/airflow/dags/dag_streamflow.py
[2026-01-19T18:24:08.507+0000] {processor.py:840} INFO - DAG(s) 'streamflow_main' retrieved from /opt/airflow/dags/dag_streamflow.py
[2026-01-19T18:24:08.709+0000] {logging_mixin.py:188} INFO - [2026-01-19T18:24:08.707+0000] {dag.py:3036} INFO - Sync 1 DAGs
[2026-01-19T18:24:08.802+0000] {logging_mixin.py:188} INFO - [2026-01-19T18:24:08.801+0000] {dag.py:3823} INFO - Setting next_dagrun for streamflow_main to None, run_after=None
[2026-01-19T18:24:08.967+0000] {processor.py:183} INFO - Processing /opt/airflow/dags/dag_streamflow.py took 0.658 seconds
[2026-01-19T18:24:39.711+0000] {processor.py:161} INFO - Started process (PID=1530) to work on /opt/airflow/dags/dag_streamflow.py
[2026-01-19T18:24:39.716+0000] {processor.py:830} INFO - Processing file /opt/airflow/dags/dag_streamflow.py for tasks to queue
[2026-01-19T18:24:39.723+0000] {logging_mixin.py:188} INFO - [2026-01-19T18:24:39.721+0000] {dagbag.py:538} INFO - Filling up the DagBag from /opt/airflow/dags/dag_streamflow.py
[2026-01-19T18:24:39.854+0000] {processor.py:840} INFO - DAG(s) 'streamflow_main' retrieved from /opt/airflow/dags/dag_streamflow.py
[2026-01-19T18:24:39.999+0000] {logging_mixin.py:188} INFO - [2026-01-19T18:24:39.998+0000] {dag.py:3036} INFO - Sync 1 DAGs
[2026-01-19T18:24:40.071+0000] {logging_mixin.py:188} INFO - [2026-01-19T18:24:40.070+0000] {dag.py:3823} INFO - Setting next_dagrun for streamflow_main to None, run_after=None
[2026-01-19T18:24:40.171+0000] {processor.py:183} INFO - Processing /opt/airflow/dags/dag_streamflow.py took 0.481 seconds
[2026-01-19T18:25:10.860+0000] {processor.py:161} INFO - Started process (PID=1542) to work on /opt/airflow/dags/dag_streamflow.py
[2026-01-19T18:25:10.869+0000] {processor.py:830} INFO - Processing file /opt/airflow/dags/dag_streamflow.py for tasks to queue
[2026-01-19T18:25:10.879+0000] {logging_mixin.py:188} INFO - [2026-01-19T18:25:10.876+0000] {dagbag.py:538} INFO - Filling up the DagBag from /opt/airflow/dags/dag_streamflow.py
[2026-01-19T18:25:11.075+0000] {processor.py:840} INFO - DAG(s) 'streamflow_main' retrieved from /opt/airflow/dags/dag_streamflow.py
[2026-01-19T18:25:11.259+0000] {logging_mixin.py:188} INFO - [2026-01-19T18:25:11.257+0000] {dag.py:3036} INFO - Sync 1 DAGs
[2026-01-19T18:25:11.341+0000] {logging_mixin.py:188} INFO - [2026-01-19T18:25:11.339+0000] {dag.py:3823} INFO - Setting next_dagrun for streamflow_main to None, run_after=None
[2026-01-19T18:25:11.472+0000] {processor.py:183} INFO - Processing /opt/airflow/dags/dag_streamflow.py took 0.642 seconds
[2026-01-19T18:25:42.230+0000] {processor.py:161} INFO - Started process (PID=1554) to work on /opt/airflow/dags/dag_streamflow.py
[2026-01-19T18:25:42.237+0000] {processor.py:830} INFO - Processing file /opt/airflow/dags/dag_streamflow.py for tasks to queue
[2026-01-19T18:25:42.244+0000] {logging_mixin.py:188} INFO - [2026-01-19T18:25:42.242+0000] {dagbag.py:538} INFO - Filling up the DagBag from /opt/airflow/dags/dag_streamflow.py
[2026-01-19T18:25:42.398+0000] {processor.py:840} INFO - DAG(s) 'streamflow_main' retrieved from /opt/airflow/dags/dag_streamflow.py
[2026-01-19T18:25:42.572+0000] {logging_mixin.py:188} INFO - [2026-01-19T18:25:42.571+0000] {dag.py:3036} INFO - Sync 1 DAGs
[2026-01-19T18:25:42.657+0000] {logging_mixin.py:188} INFO - [2026-01-19T18:25:42.656+0000] {dag.py:3823} INFO - Setting next_dagrun for streamflow_main to None, run_after=None
[2026-01-19T18:25:42.792+0000] {processor.py:183} INFO - Processing /opt/airflow/dags/dag_streamflow.py took 0.583 seconds
[2026-01-19T18:26:13.196+0000] {processor.py:161} INFO - Started process (PID=1565) to work on /opt/airflow/dags/dag_streamflow.py
[2026-01-19T18:26:13.202+0000] {processor.py:830} INFO - Processing file /opt/airflow/dags/dag_streamflow.py for tasks to queue
[2026-01-19T18:26:13.210+0000] {logging_mixin.py:188} INFO - [2026-01-19T18:26:13.208+0000] {dagbag.py:538} INFO - Filling up the DagBag from /opt/airflow/dags/dag_streamflow.py
[2026-01-19T18:26:13.357+0000] {processor.py:840} INFO - DAG(s) 'streamflow_main' retrieved from /opt/airflow/dags/dag_streamflow.py
[2026-01-19T18:26:13.529+0000] {logging_mixin.py:188} INFO - [2026-01-19T18:26:13.528+0000] {dag.py:3036} INFO - Sync 1 DAGs
[2026-01-19T18:26:13.615+0000] {logging_mixin.py:188} INFO - [2026-01-19T18:26:13.613+0000] {dag.py:3823} INFO - Setting next_dagrun for streamflow_main to None, run_after=None
[2026-01-19T18:26:13.737+0000] {processor.py:183} INFO - Processing /opt/airflow/dags/dag_streamflow.py took 0.562 seconds
[2026-01-19T18:26:44.180+0000] {processor.py:161} INFO - Started process (PID=1577) to work on /opt/airflow/dags/dag_streamflow.py
[2026-01-19T18:26:44.189+0000] {processor.py:830} INFO - Processing file /opt/airflow/dags/dag_streamflow.py for tasks to queue
[2026-01-19T18:26:44.199+0000] {logging_mixin.py:188} INFO - [2026-01-19T18:26:44.196+0000] {dagbag.py:538} INFO - Filling up the DagBag from /opt/airflow/dags/dag_streamflow.py
[2026-01-19T18:26:44.382+0000] {processor.py:840} INFO - DAG(s) 'streamflow_main' retrieved from /opt/airflow/dags/dag_streamflow.py
[2026-01-19T18:26:44.642+0000] {logging_mixin.py:188} INFO - [2026-01-19T18:26:44.640+0000] {dag.py:3036} INFO - Sync 1 DAGs
[2026-01-19T18:26:44.778+0000] {logging_mixin.py:188} INFO - [2026-01-19T18:26:44.776+0000] {dag.py:3823} INFO - Setting next_dagrun for streamflow_main to None, run_after=None
[2026-01-19T18:26:44.948+0000] {processor.py:183} INFO - Processing /opt/airflow/dags/dag_streamflow.py took 0.801 seconds
[2026-01-19T18:27:15.595+0000] {processor.py:161} INFO - Started process (PID=1589) to work on /opt/airflow/dags/dag_streamflow.py
[2026-01-19T18:27:15.601+0000] {processor.py:830} INFO - Processing file /opt/airflow/dags/dag_streamflow.py for tasks to queue
[2026-01-19T18:27:15.608+0000] {logging_mixin.py:188} INFO - [2026-01-19T18:27:15.606+0000] {dagbag.py:538} INFO - Filling up the DagBag from /opt/airflow/dags/dag_streamflow.py
[2026-01-19T18:27:15.773+0000] {processor.py:840} INFO - DAG(s) 'streamflow_main' retrieved from /opt/airflow/dags/dag_streamflow.py
[2026-01-19T18:27:15.954+0000] {logging_mixin.py:188} INFO - [2026-01-19T18:27:15.953+0000] {dag.py:3036} INFO - Sync 1 DAGs
[2026-01-19T18:27:16.046+0000] {logging_mixin.py:188} INFO - [2026-01-19T18:27:16.044+0000] {dag.py:3823} INFO - Setting next_dagrun for streamflow_main to None, run_after=None
[2026-01-19T18:27:16.182+0000] {processor.py:183} INFO - Processing /opt/airflow/dags/dag_streamflow.py took 0.608 seconds
[2026-01-19T18:27:46.942+0000] {processor.py:161} INFO - Started process (PID=1601) to work on /opt/airflow/dags/dag_streamflow.py
[2026-01-19T18:27:46.956+0000] {processor.py:830} INFO - Processing file /opt/airflow/dags/dag_streamflow.py for tasks to queue
[2026-01-19T18:27:46.977+0000] {logging_mixin.py:188} INFO - [2026-01-19T18:27:46.971+0000] {dagbag.py:538} INFO - Filling up the DagBag from /opt/airflow/dags/dag_streamflow.py
[2026-01-19T18:27:47.211+0000] {processor.py:840} INFO - DAG(s) 'streamflow_main' retrieved from /opt/airflow/dags/dag_streamflow.py
[2026-01-19T18:27:47.458+0000] {logging_mixin.py:188} INFO - [2026-01-19T18:27:47.456+0000] {dag.py:3036} INFO - Sync 1 DAGs
[2026-01-19T18:27:47.579+0000] {logging_mixin.py:188} INFO - [2026-01-19T18:27:47.577+0000] {dag.py:3823} INFO - Setting next_dagrun for streamflow_main to None, run_after=None
[2026-01-19T18:27:47.758+0000] {processor.py:183} INFO - Processing /opt/airflow/dags/dag_streamflow.py took 0.853 seconds
[2026-01-19T18:28:18.821+0000] {processor.py:161} INFO - Started process (PID=1613) to work on /opt/airflow/dags/dag_streamflow.py
[2026-01-19T18:28:18.829+0000] {processor.py:830} INFO - Processing file /opt/airflow/dags/dag_streamflow.py for tasks to queue
[2026-01-19T18:28:18.839+0000] {logging_mixin.py:188} INFO - [2026-01-19T18:28:18.837+0000] {dagbag.py:538} INFO - Filling up the DagBag from /opt/airflow/dags/dag_streamflow.py
[2026-01-19T18:28:19.028+0000] {processor.py:840} INFO - DAG(s) 'streamflow_main' retrieved from /opt/airflow/dags/dag_streamflow.py
[2026-01-19T18:28:19.330+0000] {logging_mixin.py:188} INFO - [2026-01-19T18:28:19.328+0000] {dag.py:3036} INFO - Sync 1 DAGs
[2026-01-19T18:28:19.456+0000] {logging_mixin.py:188} INFO - [2026-01-19T18:28:19.453+0000] {dag.py:3823} INFO - Setting next_dagrun for streamflow_main to None, run_after=None
[2026-01-19T18:28:19.662+0000] {processor.py:183} INFO - Processing /opt/airflow/dags/dag_streamflow.py took 0.862 seconds
[2026-01-19T18:28:50.800+0000] {processor.py:161} INFO - Started process (PID=1625) to work on /opt/airflow/dags/dag_streamflow.py
[2026-01-19T18:28:50.808+0000] {processor.py:830} INFO - Processing file /opt/airflow/dags/dag_streamflow.py for tasks to queue
[2026-01-19T18:28:50.817+0000] {logging_mixin.py:188} INFO - [2026-01-19T18:28:50.814+0000] {dagbag.py:538} INFO - Filling up the DagBag from /opt/airflow/dags/dag_streamflow.py
[2026-01-19T18:28:50.996+0000] {processor.py:840} INFO - DAG(s) 'streamflow_main' retrieved from /opt/airflow/dags/dag_streamflow.py
[2026-01-19T18:28:51.213+0000] {logging_mixin.py:188} INFO - [2026-01-19T18:28:51.212+0000] {dag.py:3036} INFO - Sync 1 DAGs
[2026-01-19T18:28:51.309+0000] {logging_mixin.py:188} INFO - [2026-01-19T18:28:51.308+0000] {dag.py:3823} INFO - Setting next_dagrun for streamflow_main to None, run_after=None
[2026-01-19T18:28:51.456+0000] {processor.py:183} INFO - Processing /opt/airflow/dags/dag_streamflow.py took 0.678 seconds
[2026-01-19T18:29:21.768+0000] {processor.py:161} INFO - Started process (PID=1637) to work on /opt/airflow/dags/dag_streamflow.py
[2026-01-19T18:29:21.776+0000] {processor.py:830} INFO - Processing file /opt/airflow/dags/dag_streamflow.py for tasks to queue
[2026-01-19T18:29:21.783+0000] {logging_mixin.py:188} INFO - [2026-01-19T18:29:21.781+0000] {dagbag.py:538} INFO - Filling up the DagBag from /opt/airflow/dags/dag_streamflow.py
[2026-01-19T18:29:21.975+0000] {processor.py:840} INFO - DAG(s) 'streamflow_main' retrieved from /opt/airflow/dags/dag_streamflow.py
[2026-01-19T18:29:22.192+0000] {logging_mixin.py:188} INFO - [2026-01-19T18:29:22.190+0000] {dag.py:3036} INFO - Sync 1 DAGs
[2026-01-19T18:29:22.270+0000] {logging_mixin.py:188} INFO - [2026-01-19T18:29:22.269+0000] {dag.py:3823} INFO - Setting next_dagrun for streamflow_main to None, run_after=None
[2026-01-19T18:29:22.385+0000] {processor.py:183} INFO - Processing /opt/airflow/dags/dag_streamflow.py took 0.653 seconds
[2026-01-19T18:29:53.303+0000] {processor.py:161} INFO - Started process (PID=1649) to work on /opt/airflow/dags/dag_streamflow.py
[2026-01-19T18:29:53.309+0000] {processor.py:830} INFO - Processing file /opt/airflow/dags/dag_streamflow.py for tasks to queue
[2026-01-19T18:29:53.315+0000] {logging_mixin.py:188} INFO - [2026-01-19T18:29:53.313+0000] {dagbag.py:538} INFO - Filling up the DagBag from /opt/airflow/dags/dag_streamflow.py
[2026-01-19T18:29:53.473+0000] {processor.py:840} INFO - DAG(s) 'streamflow_main' retrieved from /opt/airflow/dags/dag_streamflow.py
[2026-01-19T18:29:53.659+0000] {logging_mixin.py:188} INFO - [2026-01-19T18:29:53.658+0000] {dag.py:3036} INFO - Sync 1 DAGs
[2026-01-19T18:29:53.738+0000] {logging_mixin.py:188} INFO - [2026-01-19T18:29:53.736+0000] {dag.py:3823} INFO - Setting next_dagrun for streamflow_main to None, run_after=None
[2026-01-19T18:29:53.860+0000] {processor.py:183} INFO - Processing /opt/airflow/dags/dag_streamflow.py took 0.574 seconds
[2026-01-19T18:30:24.105+0000] {processor.py:161} INFO - Started process (PID=1661) to work on /opt/airflow/dags/dag_streamflow.py
[2026-01-19T18:30:24.111+0000] {processor.py:830} INFO - Processing file /opt/airflow/dags/dag_streamflow.py for tasks to queue
[2026-01-19T18:30:24.118+0000] {logging_mixin.py:188} INFO - [2026-01-19T18:30:24.116+0000] {dagbag.py:538} INFO - Filling up the DagBag from /opt/airflow/dags/dag_streamflow.py
[2026-01-19T18:30:24.255+0000] {processor.py:840} INFO - DAG(s) 'streamflow_main' retrieved from /opt/airflow/dags/dag_streamflow.py
[2026-01-19T18:30:24.410+0000] {logging_mixin.py:188} INFO - [2026-01-19T18:30:24.409+0000] {dag.py:3036} INFO - Sync 1 DAGs
[2026-01-19T18:30:24.504+0000] {logging_mixin.py:188} INFO - [2026-01-19T18:30:24.502+0000] {dag.py:3823} INFO - Setting next_dagrun for streamflow_main to None, run_after=None
[2026-01-19T18:30:24.604+0000] {processor.py:183} INFO - Processing /opt/airflow/dags/dag_streamflow.py took 0.518 seconds
[2026-01-19T18:30:54.933+0000] {processor.py:161} INFO - Started process (PID=1673) to work on /opt/airflow/dags/dag_streamflow.py
[2026-01-19T18:30:54.939+0000] {processor.py:830} INFO - Processing file /opt/airflow/dags/dag_streamflow.py for tasks to queue
[2026-01-19T18:30:54.945+0000] {logging_mixin.py:188} INFO - [2026-01-19T18:30:54.944+0000] {dagbag.py:538} INFO - Filling up the DagBag from /opt/airflow/dags/dag_streamflow.py
[2026-01-19T18:30:55.092+0000] {processor.py:840} INFO - DAG(s) 'streamflow_main' retrieved from /opt/airflow/dags/dag_streamflow.py
[2026-01-19T18:30:55.261+0000] {logging_mixin.py:188} INFO - [2026-01-19T18:30:55.260+0000] {dag.py:3036} INFO - Sync 1 DAGs
[2026-01-19T18:30:55.333+0000] {logging_mixin.py:188} INFO - [2026-01-19T18:30:55.332+0000] {dag.py:3823} INFO - Setting next_dagrun for streamflow_main to None, run_after=None
[2026-01-19T18:30:55.433+0000] {processor.py:183} INFO - Processing /opt/airflow/dags/dag_streamflow.py took 0.519 seconds
[2026-01-19T18:31:25.783+0000] {processor.py:161} INFO - Started process (PID=1685) to work on /opt/airflow/dags/dag_streamflow.py
[2026-01-19T18:31:25.791+0000] {processor.py:830} INFO - Processing file /opt/airflow/dags/dag_streamflow.py for tasks to queue
[2026-01-19T18:31:25.799+0000] {logging_mixin.py:188} INFO - [2026-01-19T18:31:25.797+0000] {dagbag.py:538} INFO - Filling up the DagBag from /opt/airflow/dags/dag_streamflow.py
[2026-01-19T18:31:25.967+0000] {processor.py:840} INFO - DAG(s) 'streamflow_main' retrieved from /opt/airflow/dags/dag_streamflow.py
[2026-01-19T18:31:26.139+0000] {logging_mixin.py:188} INFO - [2026-01-19T18:31:26.138+0000] {dag.py:3036} INFO - Sync 1 DAGs
[2026-01-19T18:31:26.231+0000] {logging_mixin.py:188} INFO - [2026-01-19T18:31:26.230+0000] {dag.py:3823} INFO - Setting next_dagrun for streamflow_main to None, run_after=None
[2026-01-19T18:31:26.355+0000] {processor.py:183} INFO - Processing /opt/airflow/dags/dag_streamflow.py took 0.595 seconds
[2026-01-19T18:31:57.399+0000] {processor.py:161} INFO - Started process (PID=1697) to work on /opt/airflow/dags/dag_streamflow.py
[2026-01-19T18:31:57.411+0000] {processor.py:830} INFO - Processing file /opt/airflow/dags/dag_streamflow.py for tasks to queue
[2026-01-19T18:31:57.429+0000] {logging_mixin.py:188} INFO - [2026-01-19T18:31:57.425+0000] {dagbag.py:538} INFO - Filling up the DagBag from /opt/airflow/dags/dag_streamflow.py
[2026-01-19T18:31:57.672+0000] {processor.py:840} INFO - DAG(s) 'streamflow_main' retrieved from /opt/airflow/dags/dag_streamflow.py
[2026-01-19T18:31:57.885+0000] {logging_mixin.py:188} INFO - [2026-01-19T18:31:57.884+0000] {dag.py:3036} INFO - Sync 1 DAGs
[2026-01-19T18:31:57.975+0000] {logging_mixin.py:188} INFO - [2026-01-19T18:31:57.973+0000] {dag.py:3823} INFO - Setting next_dagrun for streamflow_main to None, run_after=None
[2026-01-19T18:31:58.096+0000] {processor.py:183} INFO - Processing /opt/airflow/dags/dag_streamflow.py took 0.729 seconds
[2026-01-19T18:32:29.117+0000] {processor.py:161} INFO - Started process (PID=1709) to work on /opt/airflow/dags/dag_streamflow.py
[2026-01-19T18:32:29.122+0000] {processor.py:830} INFO - Processing file /opt/airflow/dags/dag_streamflow.py for tasks to queue
[2026-01-19T18:32:29.128+0000] {logging_mixin.py:188} INFO - [2026-01-19T18:32:29.126+0000] {dagbag.py:538} INFO - Filling up the DagBag from /opt/airflow/dags/dag_streamflow.py
[2026-01-19T18:32:29.271+0000] {processor.py:840} INFO - DAG(s) 'streamflow_main' retrieved from /opt/airflow/dags/dag_streamflow.py
[2026-01-19T18:32:29.457+0000] {logging_mixin.py:188} INFO - [2026-01-19T18:32:29.456+0000] {dag.py:3036} INFO - Sync 1 DAGs
[2026-01-19T18:32:29.530+0000] {logging_mixin.py:188} INFO - [2026-01-19T18:32:29.529+0000] {dag.py:3823} INFO - Setting next_dagrun for streamflow_main to None, run_after=None
[2026-01-19T18:32:29.641+0000] {processor.py:183} INFO - Processing /opt/airflow/dags/dag_streamflow.py took 0.541 seconds
[2026-01-19T18:32:59.931+0000] {processor.py:161} INFO - Started process (PID=1721) to work on /opt/airflow/dags/dag_streamflow.py
[2026-01-19T18:32:59.937+0000] {processor.py:830} INFO - Processing file /opt/airflow/dags/dag_streamflow.py for tasks to queue
[2026-01-19T18:32:59.943+0000] {logging_mixin.py:188} INFO - [2026-01-19T18:32:59.942+0000] {dagbag.py:538} INFO - Filling up the DagBag from /opt/airflow/dags/dag_streamflow.py
[2026-01-19T18:33:00.071+0000] {processor.py:840} INFO - DAG(s) 'streamflow_main' retrieved from /opt/airflow/dags/dag_streamflow.py
[2026-01-19T18:33:00.212+0000] {logging_mixin.py:188} INFO - [2026-01-19T18:33:00.211+0000] {dag.py:3036} INFO - Sync 1 DAGs
[2026-01-19T18:33:00.277+0000] {logging_mixin.py:188} INFO - [2026-01-19T18:33:00.276+0000] {dag.py:3823} INFO - Setting next_dagrun for streamflow_main to None, run_after=None
[2026-01-19T18:33:00.381+0000] {processor.py:183} INFO - Processing /opt/airflow/dags/dag_streamflow.py took 0.467 seconds
[2026-01-19T18:33:30.755+0000] {processor.py:161} INFO - Started process (PID=1733) to work on /opt/airflow/dags/dag_streamflow.py
[2026-01-19T18:33:30.763+0000] {processor.py:830} INFO - Processing file /opt/airflow/dags/dag_streamflow.py for tasks to queue
[2026-01-19T18:33:30.771+0000] {logging_mixin.py:188} INFO - [2026-01-19T18:33:30.769+0000] {dagbag.py:538} INFO - Filling up the DagBag from /opt/airflow/dags/dag_streamflow.py
[2026-01-19T18:33:30.935+0000] {processor.py:840} INFO - DAG(s) 'streamflow_main' retrieved from /opt/airflow/dags/dag_streamflow.py
[2026-01-19T18:33:31.097+0000] {logging_mixin.py:188} INFO - [2026-01-19T18:33:31.096+0000] {dag.py:3036} INFO - Sync 1 DAGs
[2026-01-19T18:33:31.169+0000] {logging_mixin.py:188} INFO - [2026-01-19T18:33:31.168+0000] {dag.py:3823} INFO - Setting next_dagrun for streamflow_main to None, run_after=None
[2026-01-19T18:33:31.267+0000] {processor.py:183} INFO - Processing /opt/airflow/dags/dag_streamflow.py took 0.537 seconds
[2026-01-19T18:34:02.149+0000] {processor.py:161} INFO - Started process (PID=1745) to work on /opt/airflow/dags/dag_streamflow.py
[2026-01-19T18:34:02.156+0000] {processor.py:830} INFO - Processing file /opt/airflow/dags/dag_streamflow.py for tasks to queue
[2026-01-19T18:34:02.163+0000] {logging_mixin.py:188} INFO - [2026-01-19T18:34:02.161+0000] {dagbag.py:538} INFO - Filling up the DagBag from /opt/airflow/dags/dag_streamflow.py
[2026-01-19T18:34:02.285+0000] {processor.py:840} INFO - DAG(s) 'streamflow_main' retrieved from /opt/airflow/dags/dag_streamflow.py
[2026-01-19T18:34:02.424+0000] {logging_mixin.py:188} INFO - [2026-01-19T18:34:02.423+0000] {dag.py:3036} INFO - Sync 1 DAGs
[2026-01-19T18:34:02.492+0000] {logging_mixin.py:188} INFO - [2026-01-19T18:34:02.491+0000] {dag.py:3823} INFO - Setting next_dagrun for streamflow_main to None, run_after=None
[2026-01-19T18:34:02.593+0000] {processor.py:183} INFO - Processing /opt/airflow/dags/dag_streamflow.py took 0.463 seconds
[2026-01-19T18:34:33.101+0000] {processor.py:161} INFO - Started process (PID=1757) to work on /opt/airflow/dags/dag_streamflow.py
[2026-01-19T18:34:33.109+0000] {processor.py:830} INFO - Processing file /opt/airflow/dags/dag_streamflow.py for tasks to queue
[2026-01-19T18:34:33.117+0000] {logging_mixin.py:188} INFO - [2026-01-19T18:34:33.115+0000] {dagbag.py:538} INFO - Filling up the DagBag from /opt/airflow/dags/dag_streamflow.py
[2026-01-19T18:34:33.256+0000] {processor.py:840} INFO - DAG(s) 'streamflow_main' retrieved from /opt/airflow/dags/dag_streamflow.py
[2026-01-19T18:34:33.402+0000] {logging_mixin.py:188} INFO - [2026-01-19T18:34:33.401+0000] {dag.py:3036} INFO - Sync 1 DAGs
[2026-01-19T18:34:33.468+0000] {logging_mixin.py:188} INFO - [2026-01-19T18:34:33.468+0000] {dag.py:3823} INFO - Setting next_dagrun for streamflow_main to None, run_after=None
[2026-01-19T18:34:33.586+0000] {processor.py:183} INFO - Processing /opt/airflow/dags/dag_streamflow.py took 0.513 seconds
[2026-01-19T18:35:04.545+0000] {processor.py:161} INFO - Started process (PID=1769) to work on /opt/airflow/dags/dag_streamflow.py
[2026-01-19T18:35:04.552+0000] {processor.py:830} INFO - Processing file /opt/airflow/dags/dag_streamflow.py for tasks to queue
[2026-01-19T18:35:04.560+0000] {logging_mixin.py:188} INFO - [2026-01-19T18:35:04.558+0000] {dagbag.py:538} INFO - Filling up the DagBag from /opt/airflow/dags/dag_streamflow.py
[2026-01-19T18:35:04.894+0000] {processor.py:840} INFO - DAG(s) 'streamflow_main' retrieved from /opt/airflow/dags/dag_streamflow.py
[2026-01-19T18:35:05.079+0000] {logging_mixin.py:188} INFO - [2026-01-19T18:35:05.078+0000] {dag.py:3036} INFO - Sync 1 DAGs
[2026-01-19T18:35:05.161+0000] {logging_mixin.py:188} INFO - [2026-01-19T18:35:05.160+0000] {dag.py:3823} INFO - Setting next_dagrun for streamflow_main to None, run_after=None
[2026-01-19T18:35:05.276+0000] {processor.py:183} INFO - Processing /opt/airflow/dags/dag_streamflow.py took 0.570 seconds
[2026-01-19T18:35:35.686+0000] {processor.py:161} INFO - Started process (PID=1781) to work on /opt/airflow/dags/dag_streamflow.py
[2026-01-19T18:35:35.693+0000] {processor.py:830} INFO - Processing file /opt/airflow/dags/dag_streamflow.py for tasks to queue
[2026-01-19T18:35:35.699+0000] {logging_mixin.py:188} INFO - [2026-01-19T18:35:35.698+0000] {dagbag.py:538} INFO - Filling up the DagBag from /opt/airflow/dags/dag_streamflow.py
[2026-01-19T18:35:35.858+0000] {processor.py:840} INFO - DAG(s) 'streamflow_main' retrieved from /opt/airflow/dags/dag_streamflow.py
[2026-01-19T18:35:36.040+0000] {logging_mixin.py:188} INFO - [2026-01-19T18:35:36.039+0000] {dag.py:3036} INFO - Sync 1 DAGs
[2026-01-19T18:35:36.119+0000] {logging_mixin.py:188} INFO - [2026-01-19T18:35:36.118+0000] {dag.py:3823} INFO - Setting next_dagrun for streamflow_main to None, run_after=None
[2026-01-19T18:35:36.235+0000] {processor.py:183} INFO - Processing /opt/airflow/dags/dag_streamflow.py took 0.570 seconds
[2026-01-19T18:36:06.723+0000] {processor.py:161} INFO - Started process (PID=1793) to work on /opt/airflow/dags/dag_streamflow.py
[2026-01-19T18:36:06.730+0000] {processor.py:830} INFO - Processing file /opt/airflow/dags/dag_streamflow.py for tasks to queue
[2026-01-19T18:36:06.739+0000] {logging_mixin.py:188} INFO - [2026-01-19T18:36:06.736+0000] {dagbag.py:538} INFO - Filling up the DagBag from /opt/airflow/dags/dag_streamflow.py
[2026-01-19T18:36:06.945+0000] {processor.py:840} INFO - DAG(s) 'streamflow_main' retrieved from /opt/airflow/dags/dag_streamflow.py
[2026-01-19T18:36:07.238+0000] {logging_mixin.py:188} INFO - [2026-01-19T18:36:07.237+0000] {dag.py:3036} INFO - Sync 1 DAGs
[2026-01-19T18:36:07.373+0000] {logging_mixin.py:188} INFO - [2026-01-19T18:36:07.371+0000] {dag.py:3823} INFO - Setting next_dagrun for streamflow_main to None, run_after=None
[2026-01-19T18:36:07.569+0000] {processor.py:183} INFO - Processing /opt/airflow/dags/dag_streamflow.py took 0.868 seconds
[2026-01-19T18:36:38.699+0000] {processor.py:161} INFO - Started process (PID=1812) to work on /opt/airflow/dags/dag_streamflow.py
[2026-01-19T18:36:38.705+0000] {processor.py:830} INFO - Processing file /opt/airflow/dags/dag_streamflow.py for tasks to queue
[2026-01-19T18:36:38.712+0000] {logging_mixin.py:188} INFO - [2026-01-19T18:36:38.711+0000] {dagbag.py:538} INFO - Filling up the DagBag from /opt/airflow/dags/dag_streamflow.py
[2026-01-19T18:36:38.877+0000] {processor.py:840} INFO - DAG(s) 'streamflow_main' retrieved from /opt/airflow/dags/dag_streamflow.py
[2026-01-19T18:36:39.075+0000] {logging_mixin.py:188} INFO - [2026-01-19T18:36:39.073+0000] {dag.py:3036} INFO - Sync 1 DAGs
[2026-01-19T18:36:39.161+0000] {logging_mixin.py:188} INFO - [2026-01-19T18:36:39.160+0000] {dag.py:3823} INFO - Setting next_dagrun for streamflow_main to None, run_after=None
[2026-01-19T18:36:39.287+0000] {processor.py:183} INFO - Processing /opt/airflow/dags/dag_streamflow.py took 0.620 seconds
[2026-01-19T18:37:09.573+0000] {processor.py:161} INFO - Started process (PID=1825) to work on /opt/airflow/dags/dag_streamflow.py
[2026-01-19T18:37:09.580+0000] {processor.py:830} INFO - Processing file /opt/airflow/dags/dag_streamflow.py for tasks to queue
[2026-01-19T18:37:09.585+0000] {logging_mixin.py:188} INFO - [2026-01-19T18:37:09.584+0000] {dagbag.py:538} INFO - Filling up the DagBag from /opt/airflow/dags/dag_streamflow.py
[2026-01-19T18:37:09.708+0000] {processor.py:840} INFO - DAG(s) 'streamflow_main' retrieved from /opt/airflow/dags/dag_streamflow.py
[2026-01-19T18:37:09.859+0000] {logging_mixin.py:188} INFO - [2026-01-19T18:37:09.858+0000] {dag.py:3036} INFO - Sync 1 DAGs
[2026-01-19T18:37:09.923+0000] {logging_mixin.py:188} INFO - [2026-01-19T18:37:09.922+0000] {dag.py:3823} INFO - Setting next_dagrun for streamflow_main to None, run_after=None
[2026-01-19T18:37:10.037+0000] {processor.py:183} INFO - Processing /opt/airflow/dags/dag_streamflow.py took 0.483 seconds
[2026-01-19T18:37:40.398+0000] {processor.py:161} INFO - Started process (PID=1837) to work on /opt/airflow/dags/dag_streamflow.py
[2026-01-19T18:37:40.406+0000] {processor.py:830} INFO - Processing file /opt/airflow/dags/dag_streamflow.py for tasks to queue
[2026-01-19T18:37:40.414+0000] {logging_mixin.py:188} INFO - [2026-01-19T18:37:40.412+0000] {dagbag.py:538} INFO - Filling up the DagBag from /opt/airflow/dags/dag_streamflow.py
[2026-01-19T18:37:40.573+0000] {processor.py:840} INFO - DAG(s) 'streamflow_main' retrieved from /opt/airflow/dags/dag_streamflow.py
[2026-01-19T18:37:40.755+0000] {logging_mixin.py:188} INFO - [2026-01-19T18:37:40.754+0000] {dag.py:3036} INFO - Sync 1 DAGs
[2026-01-19T18:37:40.843+0000] {logging_mixin.py:188} INFO - [2026-01-19T18:37:40.841+0000] {dag.py:3823} INFO - Setting next_dagrun for streamflow_main to None, run_after=None
[2026-01-19T18:37:40.976+0000] {processor.py:183} INFO - Processing /opt/airflow/dags/dag_streamflow.py took 0.600 seconds
[2026-01-19T18:38:11.979+0000] {processor.py:161} INFO - Started process (PID=1849) to work on /opt/airflow/dags/dag_streamflow.py
[2026-01-19T18:38:11.987+0000] {processor.py:830} INFO - Processing file /opt/airflow/dags/dag_streamflow.py for tasks to queue
[2026-01-19T18:38:11.996+0000] {logging_mixin.py:188} INFO - [2026-01-19T18:38:11.994+0000] {dagbag.py:538} INFO - Filling up the DagBag from /opt/airflow/dags/dag_streamflow.py
[2026-01-19T18:38:12.139+0000] {processor.py:840} INFO - DAG(s) 'streamflow_main' retrieved from /opt/airflow/dags/dag_streamflow.py
[2026-01-19T18:38:12.304+0000] {logging_mixin.py:188} INFO - [2026-01-19T18:38:12.303+0000] {dag.py:3036} INFO - Sync 1 DAGs
[2026-01-19T18:38:12.383+0000] {logging_mixin.py:188} INFO - [2026-01-19T18:38:12.382+0000] {dag.py:3823} INFO - Setting next_dagrun for streamflow_main to None, run_after=None
[2026-01-19T18:38:12.511+0000] {processor.py:183} INFO - Processing /opt/airflow/dags/dag_streamflow.py took 0.552 seconds
[2026-01-19T18:38:42.860+0000] {processor.py:161} INFO - Started process (PID=1861) to work on /opt/airflow/dags/dag_streamflow.py
[2026-01-19T18:38:42.867+0000] {processor.py:830} INFO - Processing file /opt/airflow/dags/dag_streamflow.py for tasks to queue
[2026-01-19T18:38:42.873+0000] {logging_mixin.py:188} INFO - [2026-01-19T18:38:42.871+0000] {dagbag.py:538} INFO - Filling up the DagBag from /opt/airflow/dags/dag_streamflow.py
[2026-01-19T18:38:43.026+0000] {processor.py:840} INFO - DAG(s) 'streamflow_main' retrieved from /opt/airflow/dags/dag_streamflow.py
[2026-01-19T18:38:43.169+0000] {logging_mixin.py:188} INFO - [2026-01-19T18:38:43.168+0000] {dag.py:3036} INFO - Sync 1 DAGs
[2026-01-19T18:38:43.230+0000] {logging_mixin.py:188} INFO - [2026-01-19T18:38:43.229+0000] {dag.py:3823} INFO - Setting next_dagrun for streamflow_main to None, run_after=None
[2026-01-19T18:38:43.346+0000] {processor.py:183} INFO - Processing /opt/airflow/dags/dag_streamflow.py took 0.504 seconds
[2026-01-19T18:39:13.728+0000] {processor.py:161} INFO - Started process (PID=1873) to work on /opt/airflow/dags/dag_streamflow.py
[2026-01-19T18:39:13.734+0000] {processor.py:830} INFO - Processing file /opt/airflow/dags/dag_streamflow.py for tasks to queue
[2026-01-19T18:39:13.743+0000] {logging_mixin.py:188} INFO - [2026-01-19T18:39:13.742+0000] {dagbag.py:538} INFO - Filling up the DagBag from /opt/airflow/dags/dag_streamflow.py
[2026-01-19T18:39:13.902+0000] {processor.py:840} INFO - DAG(s) 'streamflow_main' retrieved from /opt/airflow/dags/dag_streamflow.py
[2026-01-19T18:39:14.071+0000] {logging_mixin.py:188} INFO - [2026-01-19T18:39:14.070+0000] {dag.py:3036} INFO - Sync 1 DAGs
[2026-01-19T18:39:14.153+0000] {logging_mixin.py:188} INFO - [2026-01-19T18:39:14.151+0000] {dag.py:3823} INFO - Setting next_dagrun for streamflow_main to None, run_after=None
[2026-01-19T18:39:14.274+0000] {processor.py:183} INFO - Processing /opt/airflow/dags/dag_streamflow.py took 0.566 seconds
[2026-01-19T18:39:45.309+0000] {processor.py:161} INFO - Started process (PID=1885) to work on /opt/airflow/dags/dag_streamflow.py
[2026-01-19T18:39:45.318+0000] {processor.py:830} INFO - Processing file /opt/airflow/dags/dag_streamflow.py for tasks to queue
[2026-01-19T18:39:45.325+0000] {logging_mixin.py:188} INFO - [2026-01-19T18:39:45.323+0000] {dagbag.py:538} INFO - Filling up the DagBag from /opt/airflow/dags/dag_streamflow.py
[2026-01-19T18:39:45.523+0000] {processor.py:840} INFO - DAG(s) 'streamflow_main' retrieved from /opt/airflow/dags/dag_streamflow.py
[2026-01-19T18:39:45.827+0000] {logging_mixin.py:188} INFO - [2026-01-19T18:39:45.825+0000] {dag.py:3036} INFO - Sync 1 DAGs
[2026-01-19T18:39:45.932+0000] {logging_mixin.py:188} INFO - [2026-01-19T18:39:45.931+0000] {dag.py:3823} INFO - Setting next_dagrun for streamflow_main to None, run_after=None
[2026-01-19T18:39:46.068+0000] {processor.py:183} INFO - Processing /opt/airflow/dags/dag_streamflow.py took 0.780 seconds
[2026-01-19T18:40:17.341+0000] {processor.py:161} INFO - Started process (PID=1897) to work on /opt/airflow/dags/dag_streamflow.py
[2026-01-19T18:40:17.349+0000] {processor.py:830} INFO - Processing file /opt/airflow/dags/dag_streamflow.py for tasks to queue
[2026-01-19T18:40:17.358+0000] {logging_mixin.py:188} INFO - [2026-01-19T18:40:17.355+0000] {dagbag.py:538} INFO - Filling up the DagBag from /opt/airflow/dags/dag_streamflow.py
[2026-01-19T18:40:17.563+0000] {processor.py:840} INFO - DAG(s) 'streamflow_main' retrieved from /opt/airflow/dags/dag_streamflow.py
[2026-01-19T18:40:17.879+0000] {logging_mixin.py:188} INFO - [2026-01-19T18:40:17.876+0000] {dag.py:3036} INFO - Sync 1 DAGs
[2026-01-19T18:40:18.076+0000] {logging_mixin.py:188} INFO - [2026-01-19T18:40:18.072+0000] {dag.py:3823} INFO - Setting next_dagrun for streamflow_main to None, run_after=None
[2026-01-19T18:40:18.281+0000] {processor.py:183} INFO - Processing /opt/airflow/dags/dag_streamflow.py took 0.964 seconds
[2026-01-19T18:40:48.715+0000] {processor.py:161} INFO - Started process (PID=1910) to work on /opt/airflow/dags/dag_streamflow.py
[2026-01-19T18:40:48.721+0000] {processor.py:830} INFO - Processing file /opt/airflow/dags/dag_streamflow.py for tasks to queue
[2026-01-19T18:40:48.727+0000] {logging_mixin.py:188} INFO - [2026-01-19T18:40:48.726+0000] {dagbag.py:538} INFO - Filling up the DagBag from /opt/airflow/dags/dag_streamflow.py
[2026-01-19T18:40:48.872+0000] {processor.py:840} INFO - DAG(s) 'streamflow_main' retrieved from /opt/airflow/dags/dag_streamflow.py
[2026-01-19T18:40:49.031+0000] {logging_mixin.py:188} INFO - [2026-01-19T18:40:49.030+0000] {dag.py:3036} INFO - Sync 1 DAGs
[2026-01-19T18:40:49.104+0000] {logging_mixin.py:188} INFO - [2026-01-19T18:40:49.103+0000] {dag.py:3823} INFO - Setting next_dagrun for streamflow_main to None, run_after=None
[2026-01-19T18:40:49.227+0000] {processor.py:183} INFO - Processing /opt/airflow/dags/dag_streamflow.py took 0.530 seconds
[2026-01-19T18:41:19.617+0000] {processor.py:161} INFO - Started process (PID=1922) to work on /opt/airflow/dags/dag_streamflow.py
[2026-01-19T18:41:19.623+0000] {processor.py:830} INFO - Processing file /opt/airflow/dags/dag_streamflow.py for tasks to queue
[2026-01-19T18:41:19.629+0000] {logging_mixin.py:188} INFO - [2026-01-19T18:41:19.628+0000] {dagbag.py:538} INFO - Filling up the DagBag from /opt/airflow/dags/dag_streamflow.py
[2026-01-19T18:41:19.773+0000] {processor.py:840} INFO - DAG(s) 'streamflow_main' retrieved from /opt/airflow/dags/dag_streamflow.py
[2026-01-19T18:41:19.971+0000] {logging_mixin.py:188} INFO - [2026-01-19T18:41:19.969+0000] {dag.py:3036} INFO - Sync 1 DAGs
[2026-01-19T18:41:20.047+0000] {logging_mixin.py:188} INFO - [2026-01-19T18:41:20.046+0000] {dag.py:3823} INFO - Setting next_dagrun for streamflow_main to None, run_after=None
[2026-01-19T18:41:20.184+0000] {processor.py:183} INFO - Processing /opt/airflow/dags/dag_streamflow.py took 0.588 seconds
[2026-01-19T18:41:51.157+0000] {processor.py:161} INFO - Started process (PID=1934) to work on /opt/airflow/dags/dag_streamflow.py
[2026-01-19T18:41:51.166+0000] {processor.py:830} INFO - Processing file /opt/airflow/dags/dag_streamflow.py for tasks to queue
[2026-01-19T18:41:51.173+0000] {logging_mixin.py:188} INFO - [2026-01-19T18:41:51.171+0000] {dagbag.py:538} INFO - Filling up the DagBag from /opt/airflow/dags/dag_streamflow.py
[2026-01-19T18:41:51.353+0000] {processor.py:840} INFO - DAG(s) 'streamflow_main' retrieved from /opt/airflow/dags/dag_streamflow.py
[2026-01-19T18:41:51.600+0000] {logging_mixin.py:188} INFO - [2026-01-19T18:41:51.598+0000] {dag.py:3036} INFO - Sync 1 DAGs
[2026-01-19T18:41:51.730+0000] {logging_mixin.py:188} INFO - [2026-01-19T18:41:51.728+0000] {dag.py:3823} INFO - Setting next_dagrun for streamflow_main to None, run_after=None
[2026-01-19T18:41:51.893+0000] {processor.py:183} INFO - Processing /opt/airflow/dags/dag_streamflow.py took 0.766 seconds
[2026-01-19T18:42:23.025+0000] {processor.py:161} INFO - Started process (PID=1946) to work on /opt/airflow/dags/dag_streamflow.py
[2026-01-19T18:42:23.034+0000] {processor.py:830} INFO - Processing file /opt/airflow/dags/dag_streamflow.py for tasks to queue
[2026-01-19T18:42:23.044+0000] {logging_mixin.py:188} INFO - [2026-01-19T18:42:23.041+0000] {dagbag.py:538} INFO - Filling up the DagBag from /opt/airflow/dags/dag_streamflow.py
[2026-01-19T18:42:23.229+0000] {processor.py:840} INFO - DAG(s) 'streamflow_main' retrieved from /opt/airflow/dags/dag_streamflow.py
[2026-01-19T18:42:23.470+0000] {logging_mixin.py:188} INFO - [2026-01-19T18:42:23.469+0000] {dag.py:3036} INFO - Sync 1 DAGs
[2026-01-19T18:42:23.588+0000] {logging_mixin.py:188} INFO - [2026-01-19T18:42:23.587+0000] {dag.py:3823} INFO - Setting next_dagrun for streamflow_main to None, run_after=None
[2026-01-19T18:42:23.727+0000] {processor.py:183} INFO - Processing /opt/airflow/dags/dag_streamflow.py took 0.727 seconds
[2026-01-19T18:42:54.023+0000] {processor.py:161} INFO - Started process (PID=1958) to work on /opt/airflow/dags/dag_streamflow.py
[2026-01-19T18:42:54.032+0000] {processor.py:830} INFO - Processing file /opt/airflow/dags/dag_streamflow.py for tasks to queue
[2026-01-19T18:42:54.041+0000] {logging_mixin.py:188} INFO - [2026-01-19T18:42:54.039+0000] {dagbag.py:538} INFO - Filling up the DagBag from /opt/airflow/dags/dag_streamflow.py
[2026-01-19T18:42:54.205+0000] {processor.py:840} INFO - DAG(s) 'streamflow_main' retrieved from /opt/airflow/dags/dag_streamflow.py
[2026-01-19T18:42:54.406+0000] {logging_mixin.py:188} INFO - [2026-01-19T18:42:54.403+0000] {dag.py:3036} INFO - Sync 1 DAGs
[2026-01-19T18:42:54.511+0000] {logging_mixin.py:188} INFO - [2026-01-19T18:42:54.510+0000] {dag.py:3823} INFO - Setting next_dagrun for streamflow_main to None, run_after=None
[2026-01-19T18:42:54.670+0000] {processor.py:183} INFO - Processing /opt/airflow/dags/dag_streamflow.py took 0.684 seconds
[2026-01-19T18:43:25.829+0000] {processor.py:161} INFO - Started process (PID=1971) to work on /opt/airflow/dags/dag_streamflow.py
[2026-01-19T18:43:25.839+0000] {processor.py:830} INFO - Processing file /opt/airflow/dags/dag_streamflow.py for tasks to queue
[2026-01-19T18:43:25.848+0000] {logging_mixin.py:188} INFO - [2026-01-19T18:43:25.846+0000] {dagbag.py:538} INFO - Filling up the DagBag from /opt/airflow/dags/dag_streamflow.py
[2026-01-19T18:43:26.023+0000] {processor.py:840} INFO - DAG(s) 'streamflow_main' retrieved from /opt/airflow/dags/dag_streamflow.py
[2026-01-19T18:43:26.250+0000] {logging_mixin.py:188} INFO - [2026-01-19T18:43:26.249+0000] {dag.py:3036} INFO - Sync 1 DAGs
[2026-01-19T18:43:26.372+0000] {logging_mixin.py:188} INFO - [2026-01-19T18:43:26.371+0000] {dag.py:3823} INFO - Setting next_dagrun for streamflow_main to None, run_after=None
[2026-01-19T18:43:26.556+0000] {processor.py:183} INFO - Processing /opt/airflow/dags/dag_streamflow.py took 0.755 seconds
[2026-01-19T18:43:57.821+0000] {processor.py:161} INFO - Started process (PID=1983) to work on /opt/airflow/dags/dag_streamflow.py
[2026-01-19T18:43:57.829+0000] {processor.py:830} INFO - Processing file /opt/airflow/dags/dag_streamflow.py for tasks to queue
[2026-01-19T18:43:57.837+0000] {logging_mixin.py:188} INFO - [2026-01-19T18:43:57.835+0000] {dagbag.py:538} INFO - Filling up the DagBag from /opt/airflow/dags/dag_streamflow.py
[2026-01-19T18:43:58.064+0000] {processor.py:840} INFO - DAG(s) 'streamflow_main' retrieved from /opt/airflow/dags/dag_streamflow.py
[2026-01-19T18:43:58.368+0000] {logging_mixin.py:188} INFO - [2026-01-19T18:43:58.366+0000] {dag.py:3036} INFO - Sync 1 DAGs
[2026-01-19T18:43:58.470+0000] {logging_mixin.py:188} INFO - [2026-01-19T18:43:58.469+0000] {dag.py:3823} INFO - Setting next_dagrun for streamflow_main to None, run_after=None
[2026-01-19T18:43:58.639+0000] {processor.py:183} INFO - Processing /opt/airflow/dags/dag_streamflow.py took 0.846 seconds
[2026-01-19T18:44:29.797+0000] {processor.py:161} INFO - Started process (PID=1995) to work on /opt/airflow/dags/dag_streamflow.py
[2026-01-19T18:44:29.807+0000] {processor.py:830} INFO - Processing file /opt/airflow/dags/dag_streamflow.py for tasks to queue
[2026-01-19T18:44:29.817+0000] {logging_mixin.py:188} INFO - [2026-01-19T18:44:29.815+0000] {dagbag.py:538} INFO - Filling up the DagBag from /opt/airflow/dags/dag_streamflow.py
[2026-01-19T18:44:30.007+0000] {processor.py:840} INFO - DAG(s) 'streamflow_main' retrieved from /opt/airflow/dags/dag_streamflow.py
[2026-01-19T18:44:30.185+0000] {logging_mixin.py:188} INFO - [2026-01-19T18:44:30.184+0000] {dag.py:3036} INFO - Sync 1 DAGs
[2026-01-19T18:44:30.258+0000] {logging_mixin.py:188} INFO - [2026-01-19T18:44:30.256+0000] {dag.py:3823} INFO - Setting next_dagrun for streamflow_main to None, run_after=None
[2026-01-19T18:44:30.369+0000] {processor.py:183} INFO - Processing /opt/airflow/dags/dag_streamflow.py took 0.597 seconds
[2026-01-19T18:45:00.738+0000] {processor.py:161} INFO - Started process (PID=2007) to work on /opt/airflow/dags/dag_streamflow.py
[2026-01-19T18:45:00.745+0000] {processor.py:830} INFO - Processing file /opt/airflow/dags/dag_streamflow.py for tasks to queue
[2026-01-19T18:45:00.752+0000] {logging_mixin.py:188} INFO - [2026-01-19T18:45:00.750+0000] {dagbag.py:538} INFO - Filling up the DagBag from /opt/airflow/dags/dag_streamflow.py
[2026-01-19T18:45:00.900+0000] {processor.py:840} INFO - DAG(s) 'streamflow_main' retrieved from /opt/airflow/dags/dag_streamflow.py
[2026-01-19T18:45:01.113+0000] {logging_mixin.py:188} INFO - [2026-01-19T18:45:01.111+0000] {dag.py:3036} INFO - Sync 1 DAGs
[2026-01-19T18:45:01.223+0000] {logging_mixin.py:188} INFO - [2026-01-19T18:45:01.221+0000] {dag.py:3823} INFO - Setting next_dagrun for streamflow_main to None, run_after=None
[2026-01-19T18:45:01.356+0000] {processor.py:183} INFO - Processing /opt/airflow/dags/dag_streamflow.py took 0.646 seconds
[2026-01-19T18:45:32.405+0000] {processor.py:161} INFO - Started process (PID=2019) to work on /opt/airflow/dags/dag_streamflow.py
[2026-01-19T18:45:32.412+0000] {processor.py:830} INFO - Processing file /opt/airflow/dags/dag_streamflow.py for tasks to queue
[2026-01-19T18:45:32.418+0000] {logging_mixin.py:188} INFO - [2026-01-19T18:45:32.416+0000] {dagbag.py:538} INFO - Filling up the DagBag from /opt/airflow/dags/dag_streamflow.py
[2026-01-19T18:45:32.561+0000] {processor.py:840} INFO - DAG(s) 'streamflow_main' retrieved from /opt/airflow/dags/dag_streamflow.py
[2026-01-19T18:45:32.739+0000] {logging_mixin.py:188} INFO - [2026-01-19T18:45:32.738+0000] {dag.py:3036} INFO - Sync 1 DAGs
[2026-01-19T18:45:32.822+0000] {logging_mixin.py:188} INFO - [2026-01-19T18:45:32.821+0000] {dag.py:3823} INFO - Setting next_dagrun for streamflow_main to None, run_after=None
[2026-01-19T18:45:32.959+0000] {processor.py:183} INFO - Processing /opt/airflow/dags/dag_streamflow.py took 0.572 seconds
[2026-01-19T18:46:03.581+0000] {processor.py:161} INFO - Started process (PID=2031) to work on /opt/airflow/dags/dag_streamflow.py
[2026-01-19T18:46:03.589+0000] {processor.py:830} INFO - Processing file /opt/airflow/dags/dag_streamflow.py for tasks to queue
[2026-01-19T18:46:03.596+0000] {logging_mixin.py:188} INFO - [2026-01-19T18:46:03.594+0000] {dagbag.py:538} INFO - Filling up the DagBag from /opt/airflow/dags/dag_streamflow.py
[2026-01-19T18:46:03.800+0000] {processor.py:840} INFO - DAG(s) 'streamflow_main' retrieved from /opt/airflow/dags/dag_streamflow.py
[2026-01-19T18:46:04.044+0000] {logging_mixin.py:188} INFO - [2026-01-19T18:46:04.042+0000] {dag.py:3036} INFO - Sync 1 DAGs
[2026-01-19T18:46:04.143+0000] {logging_mixin.py:188} INFO - [2026-01-19T18:46:04.142+0000] {dag.py:3823} INFO - Setting next_dagrun for streamflow_main to None, run_after=None
[2026-01-19T18:46:04.347+0000] {processor.py:183} INFO - Processing /opt/airflow/dags/dag_streamflow.py took 0.789 seconds
[2026-01-19T18:46:35.469+0000] {processor.py:161} INFO - Started process (PID=2044) to work on /opt/airflow/dags/dag_streamflow.py
[2026-01-19T18:46:35.476+0000] {processor.py:830} INFO - Processing file /opt/airflow/dags/dag_streamflow.py for tasks to queue
[2026-01-19T18:46:35.482+0000] {logging_mixin.py:188} INFO - [2026-01-19T18:46:35.480+0000] {dagbag.py:538} INFO - Filling up the DagBag from /opt/airflow/dags/dag_streamflow.py
[2026-01-19T18:46:35.627+0000] {processor.py:840} INFO - DAG(s) 'streamflow_main' retrieved from /opt/airflow/dags/dag_streamflow.py
[2026-01-19T18:46:35.785+0000] {logging_mixin.py:188} INFO - [2026-01-19T18:46:35.784+0000] {dag.py:3036} INFO - Sync 1 DAGs
[2026-01-19T18:46:35.863+0000] {logging_mixin.py:188} INFO - [2026-01-19T18:46:35.861+0000] {dag.py:3823} INFO - Setting next_dagrun for streamflow_main to None, run_after=None
[2026-01-19T18:46:35.974+0000] {processor.py:183} INFO - Processing /opt/airflow/dags/dag_streamflow.py took 0.523 seconds
[2026-01-19T18:47:06.384+0000] {processor.py:161} INFO - Started process (PID=2056) to work on /opt/airflow/dags/dag_streamflow.py
[2026-01-19T18:47:06.390+0000] {processor.py:830} INFO - Processing file /opt/airflow/dags/dag_streamflow.py for tasks to queue
[2026-01-19T18:47:06.396+0000] {logging_mixin.py:188} INFO - [2026-01-19T18:47:06.395+0000] {dagbag.py:538} INFO - Filling up the DagBag from /opt/airflow/dags/dag_streamflow.py
[2026-01-19T18:47:06.541+0000] {processor.py:840} INFO - DAG(s) 'streamflow_main' retrieved from /opt/airflow/dags/dag_streamflow.py
[2026-01-19T18:47:06.699+0000] {logging_mixin.py:188} INFO - [2026-01-19T18:47:06.698+0000] {dag.py:3036} INFO - Sync 1 DAGs
[2026-01-19T18:47:06.768+0000] {logging_mixin.py:188} INFO - [2026-01-19T18:47:06.767+0000] {dag.py:3823} INFO - Setting next_dagrun for streamflow_main to None, run_after=None
[2026-01-19T18:47:06.866+0000] {processor.py:183} INFO - Processing /opt/airflow/dags/dag_streamflow.py took 0.504 seconds
[2026-01-19T18:47:38.205+0000] {processor.py:161} INFO - Started process (PID=2068) to work on /opt/airflow/dags/dag_streamflow.py
[2026-01-19T18:47:38.226+0000] {processor.py:830} INFO - Processing file /opt/airflow/dags/dag_streamflow.py for tasks to queue
[2026-01-19T18:47:38.246+0000] {logging_mixin.py:188} INFO - [2026-01-19T18:47:38.242+0000] {dagbag.py:538} INFO - Filling up the DagBag from /opt/airflow/dags/dag_streamflow.py
[2026-01-19T18:47:38.468+0000] {processor.py:840} INFO - DAG(s) 'streamflow_main' retrieved from /opt/airflow/dags/dag_streamflow.py
[2026-01-19T18:47:38.699+0000] {logging_mixin.py:188} INFO - [2026-01-19T18:47:38.698+0000] {dag.py:3036} INFO - Sync 1 DAGs
[2026-01-19T18:47:38.810+0000] {logging_mixin.py:188} INFO - [2026-01-19T18:47:38.809+0000] {dag.py:3823} INFO - Setting next_dagrun for streamflow_main to None, run_after=None
[2026-01-19T18:47:38.954+0000] {processor.py:183} INFO - Processing /opt/airflow/dags/dag_streamflow.py took 0.797 seconds
[2026-01-19T18:48:10.230+0000] {processor.py:161} INFO - Started process (PID=2080) to work on /opt/airflow/dags/dag_streamflow.py
[2026-01-19T18:48:10.239+0000] {processor.py:830} INFO - Processing file /opt/airflow/dags/dag_streamflow.py for tasks to queue
[2026-01-19T18:48:10.246+0000] {logging_mixin.py:188} INFO - [2026-01-19T18:48:10.244+0000] {dagbag.py:538} INFO - Filling up the DagBag from /opt/airflow/dags/dag_streamflow.py
[2026-01-19T18:48:10.424+0000] {processor.py:840} INFO - DAG(s) 'streamflow_main' retrieved from /opt/airflow/dags/dag_streamflow.py
[2026-01-19T18:48:10.683+0000] {logging_mixin.py:188} INFO - [2026-01-19T18:48:10.681+0000] {dag.py:3036} INFO - Sync 1 DAGs
[2026-01-19T18:48:10.785+0000] {logging_mixin.py:188} INFO - [2026-01-19T18:48:10.784+0000] {dag.py:3823} INFO - Setting next_dagrun for streamflow_main to None, run_after=None
[2026-01-19T18:48:10.924+0000] {processor.py:183} INFO - Processing /opt/airflow/dags/dag_streamflow.py took 0.721 seconds
[2026-01-19T18:48:42.186+0000] {processor.py:161} INFO - Started process (PID=2093) to work on /opt/airflow/dags/dag_streamflow.py
[2026-01-19T18:48:42.198+0000] {processor.py:830} INFO - Processing file /opt/airflow/dags/dag_streamflow.py for tasks to queue
[2026-01-19T18:48:42.208+0000] {logging_mixin.py:188} INFO - [2026-01-19T18:48:42.206+0000] {dagbag.py:538} INFO - Filling up the DagBag from /opt/airflow/dags/dag_streamflow.py
[2026-01-19T18:48:42.501+0000] {processor.py:840} INFO - DAG(s) 'streamflow_main' retrieved from /opt/airflow/dags/dag_streamflow.py
[2026-01-19T18:48:42.855+0000] {logging_mixin.py:188} INFO - [2026-01-19T18:48:42.854+0000] {dag.py:3036} INFO - Sync 1 DAGs
[2026-01-19T18:48:42.965+0000] {logging_mixin.py:188} INFO - [2026-01-19T18:48:42.963+0000] {dag.py:3823} INFO - Setting next_dagrun for streamflow_main to None, run_after=None
[2026-01-19T18:48:43.144+0000] {processor.py:183} INFO - Processing /opt/airflow/dags/dag_streamflow.py took 0.996 seconds
[2026-01-19T18:49:13.557+0000] {processor.py:161} INFO - Started process (PID=2105) to work on /opt/airflow/dags/dag_streamflow.py
[2026-01-19T18:49:13.563+0000] {processor.py:830} INFO - Processing file /opt/airflow/dags/dag_streamflow.py for tasks to queue
[2026-01-19T18:49:13.570+0000] {logging_mixin.py:188} INFO - [2026-01-19T18:49:13.568+0000] {dagbag.py:538} INFO - Filling up the DagBag from /opt/airflow/dags/dag_streamflow.py
[2026-01-19T18:49:13.743+0000] {processor.py:840} INFO - DAG(s) 'streamflow_main' retrieved from /opt/airflow/dags/dag_streamflow.py
[2026-01-19T18:49:13.911+0000] {logging_mixin.py:188} INFO - [2026-01-19T18:49:13.910+0000] {dag.py:3036} INFO - Sync 1 DAGs
[2026-01-19T18:49:13.985+0000] {logging_mixin.py:188} INFO - [2026-01-19T18:49:13.984+0000] {dag.py:3823} INFO - Setting next_dagrun for streamflow_main to None, run_after=None
[2026-01-19T18:49:14.093+0000] {processor.py:183} INFO - Processing /opt/airflow/dags/dag_streamflow.py took 0.561 seconds
[2026-01-19T18:49:44.743+0000] {processor.py:161} INFO - Started process (PID=2118) to work on /opt/airflow/dags/dag_streamflow.py
[2026-01-19T18:49:44.756+0000] {processor.py:830} INFO - Processing file /opt/airflow/dags/dag_streamflow.py for tasks to queue
[2026-01-19T18:49:44.772+0000] {logging_mixin.py:188} INFO - [2026-01-19T18:49:44.769+0000] {dagbag.py:538} INFO - Filling up the DagBag from /opt/airflow/dags/dag_streamflow.py
[2026-01-19T18:49:45.004+0000] {processor.py:840} INFO - DAG(s) 'streamflow_main' retrieved from /opt/airflow/dags/dag_streamflow.py
[2026-01-19T18:49:45.370+0000] {logging_mixin.py:188} INFO - [2026-01-19T18:49:45.368+0000] {dag.py:3036} INFO - Sync 1 DAGs
[2026-01-19T18:49:45.489+0000] {logging_mixin.py:188} INFO - [2026-01-19T18:49:45.488+0000] {dag.py:3823} INFO - Setting next_dagrun for streamflow_main to None, run_after=None
[2026-01-19T18:49:45.684+0000] {processor.py:183} INFO - Processing /opt/airflow/dags/dag_streamflow.py took 0.976 seconds
[2026-01-19T18:50:16.590+0000] {processor.py:161} INFO - Started process (PID=2130) to work on /opt/airflow/dags/dag_streamflow.py
[2026-01-19T18:50:16.597+0000] {processor.py:830} INFO - Processing file /opt/airflow/dags/dag_streamflow.py for tasks to queue
[2026-01-19T18:50:16.604+0000] {logging_mixin.py:188} INFO - [2026-01-19T18:50:16.602+0000] {dagbag.py:538} INFO - Filling up the DagBag from /opt/airflow/dags/dag_streamflow.py
[2026-01-19T18:50:16.754+0000] {processor.py:840} INFO - DAG(s) 'streamflow_main' retrieved from /opt/airflow/dags/dag_streamflow.py
[2026-01-19T18:50:16.926+0000] {logging_mixin.py:188} INFO - [2026-01-19T18:50:16.923+0000] {dag.py:3036} INFO - Sync 1 DAGs
[2026-01-19T18:50:17.027+0000] {logging_mixin.py:188} INFO - [2026-01-19T18:50:17.025+0000] {dag.py:3823} INFO - Setting next_dagrun for streamflow_main to None, run_after=None
[2026-01-19T18:50:17.178+0000] {processor.py:183} INFO - Processing /opt/airflow/dags/dag_streamflow.py took 0.611 seconds
[2026-01-19T18:50:47.863+0000] {processor.py:161} INFO - Started process (PID=2142) to work on /opt/airflow/dags/dag_streamflow.py
[2026-01-19T18:50:47.869+0000] {processor.py:830} INFO - Processing file /opt/airflow/dags/dag_streamflow.py for tasks to queue
[2026-01-19T18:50:47.876+0000] {logging_mixin.py:188} INFO - [2026-01-19T18:50:47.874+0000] {dagbag.py:538} INFO - Filling up the DagBag from /opt/airflow/dags/dag_streamflow.py
[2026-01-19T18:50:48.034+0000] {processor.py:840} INFO - DAG(s) 'streamflow_main' retrieved from /opt/airflow/dags/dag_streamflow.py
[2026-01-19T18:50:48.214+0000] {logging_mixin.py:188} INFO - [2026-01-19T18:50:48.212+0000] {dag.py:3036} INFO - Sync 1 DAGs
[2026-01-19T18:50:48.296+0000] {logging_mixin.py:188} INFO - [2026-01-19T18:50:48.294+0000] {dag.py:3823} INFO - Setting next_dagrun for streamflow_main to None, run_after=None
[2026-01-19T18:50:48.445+0000] {processor.py:183} INFO - Processing /opt/airflow/dags/dag_streamflow.py took 0.603 seconds
[2026-01-19T18:51:18.908+0000] {processor.py:161} INFO - Started process (PID=2154) to work on /opt/airflow/dags/dag_streamflow.py
[2026-01-19T18:51:18.916+0000] {processor.py:830} INFO - Processing file /opt/airflow/dags/dag_streamflow.py for tasks to queue
[2026-01-19T18:51:18.923+0000] {logging_mixin.py:188} INFO - [2026-01-19T18:51:18.921+0000] {dagbag.py:538} INFO - Filling up the DagBag from /opt/airflow/dags/dag_streamflow.py
[2026-01-19T18:51:19.074+0000] {processor.py:840} INFO - DAG(s) 'streamflow_main' retrieved from /opt/airflow/dags/dag_streamflow.py
[2026-01-19T18:51:19.298+0000] {logging_mixin.py:188} INFO - [2026-01-19T18:51:19.297+0000] {dag.py:3036} INFO - Sync 1 DAGs
[2026-01-19T18:51:19.407+0000] {logging_mixin.py:188} INFO - [2026-01-19T18:51:19.406+0000] {dag.py:3823} INFO - Setting next_dagrun for streamflow_main to None, run_after=None
[2026-01-19T18:51:19.560+0000] {processor.py:183} INFO - Processing /opt/airflow/dags/dag_streamflow.py took 0.684 seconds
[2026-01-19T18:51:50.581+0000] {processor.py:161} INFO - Started process (PID=2166) to work on /opt/airflow/dags/dag_streamflow.py
[2026-01-19T18:51:50.588+0000] {processor.py:830} INFO - Processing file /opt/airflow/dags/dag_streamflow.py for tasks to queue
[2026-01-19T18:51:50.596+0000] {logging_mixin.py:188} INFO - [2026-01-19T18:51:50.594+0000] {dagbag.py:538} INFO - Filling up the DagBag from /opt/airflow/dags/dag_streamflow.py
[2026-01-19T18:51:50.766+0000] {processor.py:840} INFO - DAG(s) 'streamflow_main' retrieved from /opt/airflow/dags/dag_streamflow.py
[2026-01-19T18:51:51.004+0000] {logging_mixin.py:188} INFO - [2026-01-19T18:51:51.003+0000] {dag.py:3036} INFO - Sync 1 DAGs
[2026-01-19T18:51:51.104+0000] {logging_mixin.py:188} INFO - [2026-01-19T18:51:51.102+0000] {dag.py:3823} INFO - Setting next_dagrun for streamflow_main to None, run_after=None
[2026-01-19T18:51:51.309+0000] {processor.py:183} INFO - Processing /opt/airflow/dags/dag_streamflow.py took 0.753 seconds
[2026-01-19T18:52:21.691+0000] {processor.py:161} INFO - Started process (PID=2178) to work on /opt/airflow/dags/dag_streamflow.py
[2026-01-19T18:52:21.700+0000] {processor.py:830} INFO - Processing file /opt/airflow/dags/dag_streamflow.py for tasks to queue
[2026-01-19T18:52:21.707+0000] {logging_mixin.py:188} INFO - [2026-01-19T18:52:21.705+0000] {dagbag.py:538} INFO - Filling up the DagBag from /opt/airflow/dags/dag_streamflow.py
[2026-01-19T18:52:21.897+0000] {processor.py:840} INFO - DAG(s) 'streamflow_main' retrieved from /opt/airflow/dags/dag_streamflow.py
[2026-01-19T18:52:22.098+0000] {logging_mixin.py:188} INFO - [2026-01-19T18:52:22.097+0000] {dag.py:3036} INFO - Sync 1 DAGs
[2026-01-19T18:52:22.209+0000] {logging_mixin.py:188} INFO - [2026-01-19T18:52:22.206+0000] {dag.py:3823} INFO - Setting next_dagrun for streamflow_main to None, run_after=None
[2026-01-19T18:52:22.423+0000] {processor.py:183} INFO - Processing /opt/airflow/dags/dag_streamflow.py took 0.757 seconds
[2026-01-19T18:52:52.882+0000] {processor.py:161} INFO - Started process (PID=2190) to work on /opt/airflow/dags/dag_streamflow.py
[2026-01-19T18:52:52.890+0000] {processor.py:830} INFO - Processing file /opt/airflow/dags/dag_streamflow.py for tasks to queue
[2026-01-19T18:52:52.898+0000] {logging_mixin.py:188} INFO - [2026-01-19T18:52:52.896+0000] {dagbag.py:538} INFO - Filling up the DagBag from /opt/airflow/dags/dag_streamflow.py
[2026-01-19T18:52:53.072+0000] {processor.py:840} INFO - DAG(s) 'streamflow_main' retrieved from /opt/airflow/dags/dag_streamflow.py
[2026-01-19T18:52:53.374+0000] {logging_mixin.py:188} INFO - [2026-01-19T18:52:53.372+0000] {dag.py:3036} INFO - Sync 1 DAGs
[2026-01-19T18:52:53.607+0000] {logging_mixin.py:188} INFO - [2026-01-19T18:52:53.604+0000] {dag.py:3823} INFO - Setting next_dagrun for streamflow_main to None, run_after=None
[2026-01-19T18:52:53.871+0000] {processor.py:183} INFO - Processing /opt/airflow/dags/dag_streamflow.py took 1.017 seconds
[2026-01-19T18:53:24.536+0000] {processor.py:161} INFO - Started process (PID=2202) to work on /opt/airflow/dags/dag_streamflow.py
[2026-01-19T18:53:24.554+0000] {processor.py:830} INFO - Processing file /opt/airflow/dags/dag_streamflow.py for tasks to queue
[2026-01-19T18:53:24.571+0000] {logging_mixin.py:188} INFO - [2026-01-19T18:53:24.568+0000] {dagbag.py:538} INFO - Filling up the DagBag from /opt/airflow/dags/dag_streamflow.py
[2026-01-19T18:53:24.900+0000] {processor.py:840} INFO - DAG(s) 'streamflow_main' retrieved from /opt/airflow/dags/dag_streamflow.py
[2026-01-19T18:53:25.402+0000] {logging_mixin.py:188} INFO - [2026-01-19T18:53:25.400+0000] {dag.py:3036} INFO - Sync 1 DAGs
[2026-01-19T18:53:25.621+0000] {logging_mixin.py:188} INFO - [2026-01-19T18:53:25.619+0000] {dag.py:3823} INFO - Setting next_dagrun for streamflow_main to None, run_after=None
[2026-01-19T18:53:25.855+0000] {processor.py:183} INFO - Processing /opt/airflow/dags/dag_streamflow.py took 1.376 seconds
[2026-01-19T18:53:56.462+0000] {processor.py:161} INFO - Started process (PID=2214) to work on /opt/airflow/dags/dag_streamflow.py
[2026-01-19T18:53:56.485+0000] {processor.py:830} INFO - Processing file /opt/airflow/dags/dag_streamflow.py for tasks to queue
[2026-01-19T18:53:56.495+0000] {logging_mixin.py:188} INFO - [2026-01-19T18:53:56.493+0000] {dagbag.py:538} INFO - Filling up the DagBag from /opt/airflow/dags/dag_streamflow.py
[2026-01-19T18:53:56.721+0000] {processor.py:840} INFO - DAG(s) 'streamflow_main' retrieved from /opt/airflow/dags/dag_streamflow.py
[2026-01-19T18:53:57.008+0000] {logging_mixin.py:188} INFO - [2026-01-19T18:53:57.006+0000] {dag.py:3036} INFO - Sync 1 DAGs
[2026-01-19T18:53:57.185+0000] {logging_mixin.py:188} INFO - [2026-01-19T18:53:57.183+0000] {dag.py:3823} INFO - Setting next_dagrun for streamflow_main to None, run_after=None
[2026-01-19T18:53:57.397+0000] {processor.py:183} INFO - Processing /opt/airflow/dags/dag_streamflow.py took 0.962 seconds
[2026-01-19T18:54:28.237+0000] {processor.py:161} INFO - Started process (PID=2227) to work on /opt/airflow/dags/dag_streamflow.py
[2026-01-19T18:54:28.253+0000] {processor.py:830} INFO - Processing file /opt/airflow/dags/dag_streamflow.py for tasks to queue
[2026-01-19T18:54:28.264+0000] {logging_mixin.py:188} INFO - [2026-01-19T18:54:28.262+0000] {dagbag.py:538} INFO - Filling up the DagBag from /opt/airflow/dags/dag_streamflow.py
[2026-01-19T18:54:28.753+0000] {processor.py:840} INFO - DAG(s) 'streamflow_main' retrieved from /opt/airflow/dags/dag_streamflow.py
[2026-01-19T18:54:29.262+0000] {logging_mixin.py:188} INFO - [2026-01-19T18:54:29.261+0000] {dag.py:3036} INFO - Sync 1 DAGs
[2026-01-19T18:54:29.427+0000] {logging_mixin.py:188} INFO - [2026-01-19T18:54:29.425+0000] {dag.py:3823} INFO - Setting next_dagrun for streamflow_main to None, run_after=None
[2026-01-19T18:54:29.645+0000] {processor.py:183} INFO - Processing /opt/airflow/dags/dag_streamflow.py took 1.444 seconds
[2026-01-19T18:55:00.151+0000] {processor.py:161} INFO - Started process (PID=2239) to work on /opt/airflow/dags/dag_streamflow.py
[2026-01-19T18:55:00.162+0000] {processor.py:830} INFO - Processing file /opt/airflow/dags/dag_streamflow.py for tasks to queue
[2026-01-19T18:55:00.170+0000] {logging_mixin.py:188} INFO - [2026-01-19T18:55:00.168+0000] {dagbag.py:538} INFO - Filling up the DagBag from /opt/airflow/dags/dag_streamflow.py
[2026-01-19T18:55:00.356+0000] {processor.py:840} INFO - DAG(s) 'streamflow_main' retrieved from /opt/airflow/dags/dag_streamflow.py
[2026-01-19T18:55:00.629+0000] {logging_mixin.py:188} INFO - [2026-01-19T18:55:00.627+0000] {dag.py:3036} INFO - Sync 1 DAGs
[2026-01-19T18:55:00.762+0000] {logging_mixin.py:188} INFO - [2026-01-19T18:55:00.760+0000] {dag.py:3823} INFO - Setting next_dagrun for streamflow_main to None, run_after=None
[2026-01-19T18:55:00.902+0000] {processor.py:183} INFO - Processing /opt/airflow/dags/dag_streamflow.py took 0.776 seconds
[2026-01-19T18:55:31.515+0000] {processor.py:161} INFO - Started process (PID=2251) to work on /opt/airflow/dags/dag_streamflow.py
[2026-01-19T18:55:31.526+0000] {processor.py:830} INFO - Processing file /opt/airflow/dags/dag_streamflow.py for tasks to queue
[2026-01-19T18:55:31.537+0000] {logging_mixin.py:188} INFO - [2026-01-19T18:55:31.535+0000] {dagbag.py:538} INFO - Filling up the DagBag from /opt/airflow/dags/dag_streamflow.py
[2026-01-19T18:55:31.733+0000] {processor.py:840} INFO - DAG(s) 'streamflow_main' retrieved from /opt/airflow/dags/dag_streamflow.py
[2026-01-19T18:55:31.995+0000] {logging_mixin.py:188} INFO - [2026-01-19T18:55:31.993+0000] {dag.py:3036} INFO - Sync 1 DAGs
[2026-01-19T18:55:32.109+0000] {logging_mixin.py:188} INFO - [2026-01-19T18:55:32.108+0000] {dag.py:3823} INFO - Setting next_dagrun for streamflow_main to None, run_after=None
[2026-01-19T18:55:32.277+0000] {processor.py:183} INFO - Processing /opt/airflow/dags/dag_streamflow.py took 0.789 seconds
[2026-01-19T18:56:03.502+0000] {processor.py:161} INFO - Started process (PID=2271) to work on /opt/airflow/dags/dag_streamflow.py
[2026-01-19T18:56:03.512+0000] {processor.py:830} INFO - Processing file /opt/airflow/dags/dag_streamflow.py for tasks to queue
[2026-01-19T18:56:03.526+0000] {logging_mixin.py:188} INFO - [2026-01-19T18:56:03.524+0000] {dagbag.py:538} INFO - Filling up the DagBag from /opt/airflow/dags/dag_streamflow.py
[2026-01-19T18:56:03.726+0000] {processor.py:840} INFO - DAG(s) 'streamflow_main' retrieved from /opt/airflow/dags/dag_streamflow.py
[2026-01-19T18:56:03.985+0000] {logging_mixin.py:188} INFO - [2026-01-19T18:56:03.984+0000] {dag.py:3036} INFO - Sync 1 DAGs
[2026-01-19T18:56:04.127+0000] {logging_mixin.py:188} INFO - [2026-01-19T18:56:04.125+0000] {dag.py:3823} INFO - Setting next_dagrun for streamflow_main to None, run_after=None
[2026-01-19T18:56:04.302+0000] {processor.py:183} INFO - Processing /opt/airflow/dags/dag_streamflow.py took 0.826 seconds
[2026-01-19T18:56:35.487+0000] {processor.py:161} INFO - Started process (PID=2283) to work on /opt/airflow/dags/dag_streamflow.py
[2026-01-19T18:56:35.494+0000] {processor.py:830} INFO - Processing file /opt/airflow/dags/dag_streamflow.py for tasks to queue
[2026-01-19T18:56:35.500+0000] {logging_mixin.py:188} INFO - [2026-01-19T18:56:35.499+0000] {dagbag.py:538} INFO - Filling up the DagBag from /opt/airflow/dags/dag_streamflow.py
[2026-01-19T18:56:35.673+0000] {processor.py:840} INFO - DAG(s) 'streamflow_main' retrieved from /opt/airflow/dags/dag_streamflow.py
[2026-01-19T18:56:35.864+0000] {logging_mixin.py:188} INFO - [2026-01-19T18:56:35.863+0000] {dag.py:3036} INFO - Sync 1 DAGs
[2026-01-19T18:56:35.960+0000] {logging_mixin.py:188} INFO - [2026-01-19T18:56:35.958+0000] {dag.py:3823} INFO - Setting next_dagrun for streamflow_main to None, run_after=None
[2026-01-19T18:56:36.085+0000] {processor.py:183} INFO - Processing /opt/airflow/dags/dag_streamflow.py took 0.618 seconds
[2026-01-19T18:57:06.423+0000] {processor.py:161} INFO - Started process (PID=2295) to work on /opt/airflow/dags/dag_streamflow.py
[2026-01-19T18:57:06.432+0000] {processor.py:830} INFO - Processing file /opt/airflow/dags/dag_streamflow.py for tasks to queue
[2026-01-19T18:57:06.450+0000] {logging_mixin.py:188} INFO - [2026-01-19T18:57:06.444+0000] {dagbag.py:538} INFO - Filling up the DagBag from /opt/airflow/dags/dag_streamflow.py
[2026-01-19T18:57:06.632+0000] {processor.py:840} INFO - DAG(s) 'streamflow_main' retrieved from /opt/airflow/dags/dag_streamflow.py
[2026-01-19T18:57:06.804+0000] {logging_mixin.py:188} INFO - [2026-01-19T18:57:06.803+0000] {dag.py:3036} INFO - Sync 1 DAGs
[2026-01-19T18:57:06.895+0000] {logging_mixin.py:188} INFO - [2026-01-19T18:57:06.893+0000] {dag.py:3823} INFO - Setting next_dagrun for streamflow_main to None, run_after=None
[2026-01-19T18:57:07.018+0000] {processor.py:183} INFO - Processing /opt/airflow/dags/dag_streamflow.py took 0.623 seconds
[2026-01-19T18:57:38.089+0000] {processor.py:161} INFO - Started process (PID=2307) to work on /opt/airflow/dags/dag_streamflow.py
[2026-01-19T18:57:38.096+0000] {processor.py:830} INFO - Processing file /opt/airflow/dags/dag_streamflow.py for tasks to queue
[2026-01-19T18:57:38.103+0000] {logging_mixin.py:188} INFO - [2026-01-19T18:57:38.101+0000] {dagbag.py:538} INFO - Filling up the DagBag from /opt/airflow/dags/dag_streamflow.py
[2026-01-19T18:57:38.265+0000] {processor.py:840} INFO - DAG(s) 'streamflow_main' retrieved from /opt/airflow/dags/dag_streamflow.py
[2026-01-19T18:57:38.450+0000] {logging_mixin.py:188} INFO - [2026-01-19T18:57:38.449+0000] {dag.py:3036} INFO - Sync 1 DAGs
[2026-01-19T18:57:38.546+0000] {logging_mixin.py:188} INFO - [2026-01-19T18:57:38.545+0000] {dag.py:3823} INFO - Setting next_dagrun for streamflow_main to None, run_after=None
[2026-01-19T18:57:38.677+0000] {processor.py:183} INFO - Processing /opt/airflow/dags/dag_streamflow.py took 0.608 seconds
[2026-01-19T18:58:09.137+0000] {processor.py:161} INFO - Started process (PID=2319) to work on /opt/airflow/dags/dag_streamflow.py
[2026-01-19T18:58:09.153+0000] {processor.py:830} INFO - Processing file /opt/airflow/dags/dag_streamflow.py for tasks to queue
[2026-01-19T18:58:09.167+0000] {logging_mixin.py:188} INFO - [2026-01-19T18:58:09.164+0000] {dagbag.py:538} INFO - Filling up the DagBag from /opt/airflow/dags/dag_streamflow.py
[2026-01-19T18:58:09.661+0000] {processor.py:840} INFO - DAG(s) 'streamflow_main' retrieved from /opt/airflow/dags/dag_streamflow.py
[2026-01-19T18:58:10.046+0000] {logging_mixin.py:188} INFO - [2026-01-19T18:58:10.044+0000] {dag.py:3036} INFO - Sync 1 DAGs
[2026-01-19T18:58:10.163+0000] {logging_mixin.py:188} INFO - [2026-01-19T18:58:10.161+0000] {dag.py:3823} INFO - Setting next_dagrun for streamflow_main to None, run_after=None
[2026-01-19T18:58:10.295+0000] {processor.py:183} INFO - Processing /opt/airflow/dags/dag_streamflow.py took 1.218 seconds
[2026-01-19T18:58:41.034+0000] {processor.py:161} INFO - Started process (PID=2331) to work on /opt/airflow/dags/dag_streamflow.py
[2026-01-19T18:58:41.041+0000] {processor.py:830} INFO - Processing file /opt/airflow/dags/dag_streamflow.py for tasks to queue
[2026-01-19T18:58:41.049+0000] {logging_mixin.py:188} INFO - [2026-01-19T18:58:41.047+0000] {dagbag.py:538} INFO - Filling up the DagBag from /opt/airflow/dags/dag_streamflow.py
[2026-01-19T18:58:41.195+0000] {processor.py:840} INFO - DAG(s) 'streamflow_main' retrieved from /opt/airflow/dags/dag_streamflow.py
[2026-01-19T18:58:41.375+0000] {logging_mixin.py:188} INFO - [2026-01-19T18:58:41.374+0000] {dag.py:3036} INFO - Sync 1 DAGs
[2026-01-19T18:58:41.457+0000] {logging_mixin.py:188} INFO - [2026-01-19T18:58:41.453+0000] {dag.py:3823} INFO - Setting next_dagrun for streamflow_main to None, run_after=None
[2026-01-19T18:58:41.589+0000] {processor.py:183} INFO - Processing /opt/airflow/dags/dag_streamflow.py took 0.576 seconds
[2026-01-19T18:59:12.206+0000] {processor.py:161} INFO - Started process (PID=2343) to work on /opt/airflow/dags/dag_streamflow.py
[2026-01-19T18:59:12.214+0000] {processor.py:830} INFO - Processing file /opt/airflow/dags/dag_streamflow.py for tasks to queue
[2026-01-19T18:59:12.221+0000] {logging_mixin.py:188} INFO - [2026-01-19T18:59:12.220+0000] {dagbag.py:538} INFO - Filling up the DagBag from /opt/airflow/dags/dag_streamflow.py
[2026-01-19T18:59:12.372+0000] {processor.py:840} INFO - DAG(s) 'streamflow_main' retrieved from /opt/airflow/dags/dag_streamflow.py
[2026-01-19T18:59:12.546+0000] {logging_mixin.py:188} INFO - [2026-01-19T18:59:12.545+0000] {dag.py:3036} INFO - Sync 1 DAGs
[2026-01-19T18:59:12.618+0000] {logging_mixin.py:188} INFO - [2026-01-19T18:59:12.617+0000] {dag.py:3823} INFO - Setting next_dagrun for streamflow_main to None, run_after=None
[2026-01-19T18:59:12.734+0000] {processor.py:183} INFO - Processing /opt/airflow/dags/dag_streamflow.py took 0.549 seconds
[2026-01-19T18:59:43.468+0000] {processor.py:161} INFO - Started process (PID=2355) to work on /opt/airflow/dags/dag_streamflow.py
[2026-01-19T18:59:43.475+0000] {processor.py:830} INFO - Processing file /opt/airflow/dags/dag_streamflow.py for tasks to queue
[2026-01-19T18:59:43.483+0000] {logging_mixin.py:188} INFO - [2026-01-19T18:59:43.481+0000] {dagbag.py:538} INFO - Filling up the DagBag from /opt/airflow/dags/dag_streamflow.py
[2026-01-19T18:59:43.624+0000] {processor.py:840} INFO - DAG(s) 'streamflow_main' retrieved from /opt/airflow/dags/dag_streamflow.py
[2026-01-19T18:59:43.815+0000] {logging_mixin.py:188} INFO - [2026-01-19T18:59:43.814+0000] {dag.py:3036} INFO - Sync 1 DAGs
[2026-01-19T18:59:43.936+0000] {logging_mixin.py:188} INFO - [2026-01-19T18:59:43.934+0000] {dag.py:3823} INFO - Setting next_dagrun for streamflow_main to None, run_after=None
[2026-01-19T18:59:44.097+0000] {processor.py:183} INFO - Processing /opt/airflow/dags/dag_streamflow.py took 0.650 seconds
[2026-01-19T19:00:14.907+0000] {processor.py:161} INFO - Started process (PID=2368) to work on /opt/airflow/dags/dag_streamflow.py
[2026-01-19T19:00:14.916+0000] {processor.py:830} INFO - Processing file /opt/airflow/dags/dag_streamflow.py for tasks to queue
[2026-01-19T19:00:14.922+0000] {logging_mixin.py:188} INFO - [2026-01-19T19:00:14.921+0000] {dagbag.py:538} INFO - Filling up the DagBag from /opt/airflow/dags/dag_streamflow.py
[2026-01-19T19:00:15.079+0000] {processor.py:840} INFO - DAG(s) 'streamflow_main' retrieved from /opt/airflow/dags/dag_streamflow.py
[2026-01-19T19:00:15.270+0000] {logging_mixin.py:188} INFO - [2026-01-19T19:00:15.268+0000] {dag.py:3036} INFO - Sync 1 DAGs
[2026-01-19T19:00:15.360+0000] {logging_mixin.py:188} INFO - [2026-01-19T19:00:15.358+0000] {dag.py:3823} INFO - Setting next_dagrun for streamflow_main to None, run_after=None
[2026-01-19T19:00:15.492+0000] {processor.py:183} INFO - Processing /opt/airflow/dags/dag_streamflow.py took 0.619 seconds
[2026-01-19T19:00:45.974+0000] {processor.py:161} INFO - Started process (PID=2380) to work on /opt/airflow/dags/dag_streamflow.py
[2026-01-19T19:00:45.982+0000] {processor.py:830} INFO - Processing file /opt/airflow/dags/dag_streamflow.py for tasks to queue
[2026-01-19T19:00:45.988+0000] {logging_mixin.py:188} INFO - [2026-01-19T19:00:45.986+0000] {dagbag.py:538} INFO - Filling up the DagBag from /opt/airflow/dags/dag_streamflow.py
[2026-01-19T19:00:46.170+0000] {processor.py:840} INFO - DAG(s) 'streamflow_main' retrieved from /opt/airflow/dags/dag_streamflow.py
[2026-01-19T19:00:46.386+0000] {logging_mixin.py:188} INFO - [2026-01-19T19:00:46.385+0000] {dag.py:3036} INFO - Sync 1 DAGs
[2026-01-19T19:00:46.481+0000] {logging_mixin.py:188} INFO - [2026-01-19T19:00:46.480+0000] {dag.py:3823} INFO - Setting next_dagrun for streamflow_main to None, run_after=None
[2026-01-19T19:00:46.630+0000] {processor.py:183} INFO - Processing /opt/airflow/dags/dag_streamflow.py took 0.678 seconds
[2026-01-19T19:01:17.238+0000] {processor.py:161} INFO - Started process (PID=2392) to work on /opt/airflow/dags/dag_streamflow.py
[2026-01-19T19:01:17.245+0000] {processor.py:830} INFO - Processing file /opt/airflow/dags/dag_streamflow.py for tasks to queue
[2026-01-19T19:01:17.252+0000] {logging_mixin.py:188} INFO - [2026-01-19T19:01:17.250+0000] {dagbag.py:538} INFO - Filling up the DagBag from /opt/airflow/dags/dag_streamflow.py
[2026-01-19T19:01:17.395+0000] {processor.py:840} INFO - DAG(s) 'streamflow_main' retrieved from /opt/airflow/dags/dag_streamflow.py
[2026-01-19T19:01:17.563+0000] {logging_mixin.py:188} INFO - [2026-01-19T19:01:17.561+0000] {dag.py:3036} INFO - Sync 1 DAGs
[2026-01-19T19:01:17.638+0000] {logging_mixin.py:188} INFO - [2026-01-19T19:01:17.637+0000] {dag.py:3823} INFO - Setting next_dagrun for streamflow_main to None, run_after=None
[2026-01-19T19:01:17.771+0000] {processor.py:183} INFO - Processing /opt/airflow/dags/dag_streamflow.py took 0.553 seconds
[2026-01-19T19:01:48.628+0000] {processor.py:161} INFO - Started process (PID=2404) to work on /opt/airflow/dags/dag_streamflow.py
[2026-01-19T19:01:48.636+0000] {processor.py:830} INFO - Processing file /opt/airflow/dags/dag_streamflow.py for tasks to queue
[2026-01-19T19:01:48.643+0000] {logging_mixin.py:188} INFO - [2026-01-19T19:01:48.641+0000] {dagbag.py:538} INFO - Filling up the DagBag from /opt/airflow/dags/dag_streamflow.py
[2026-01-19T19:01:48.789+0000] {processor.py:840} INFO - DAG(s) 'streamflow_main' retrieved from /opt/airflow/dags/dag_streamflow.py
[2026-01-19T19:01:48.966+0000] {logging_mixin.py:188} INFO - [2026-01-19T19:01:48.964+0000] {dag.py:3036} INFO - Sync 1 DAGs
[2026-01-19T19:01:49.065+0000] {logging_mixin.py:188} INFO - [2026-01-19T19:01:49.064+0000] {dag.py:3823} INFO - Setting next_dagrun for streamflow_main to None, run_after=None
[2026-01-19T19:01:49.207+0000] {processor.py:183} INFO - Processing /opt/airflow/dags/dag_streamflow.py took 0.603 seconds
[2026-01-19T19:02:19.644+0000] {processor.py:161} INFO - Started process (PID=2416) to work on /opt/airflow/dags/dag_streamflow.py
[2026-01-19T19:02:19.653+0000] {processor.py:830} INFO - Processing file /opt/airflow/dags/dag_streamflow.py for tasks to queue
[2026-01-19T19:02:19.660+0000] {logging_mixin.py:188} INFO - [2026-01-19T19:02:19.658+0000] {dagbag.py:538} INFO - Filling up the DagBag from /opt/airflow/dags/dag_streamflow.py
[2026-01-19T19:02:19.832+0000] {processor.py:840} INFO - DAG(s) 'streamflow_main' retrieved from /opt/airflow/dags/dag_streamflow.py
[2026-01-19T19:02:20.010+0000] {logging_mixin.py:188} INFO - [2026-01-19T19:02:20.009+0000] {dag.py:3036} INFO - Sync 1 DAGs
[2026-01-19T19:02:20.089+0000] {logging_mixin.py:188} INFO - [2026-01-19T19:02:20.088+0000] {dag.py:3823} INFO - Setting next_dagrun for streamflow_main to None, run_after=None
[2026-01-19T19:02:20.207+0000] {processor.py:183} INFO - Processing /opt/airflow/dags/dag_streamflow.py took 0.592 seconds
[2026-01-19T19:02:51.243+0000] {processor.py:161} INFO - Started process (PID=2428) to work on /opt/airflow/dags/dag_streamflow.py
[2026-01-19T19:02:51.251+0000] {processor.py:830} INFO - Processing file /opt/airflow/dags/dag_streamflow.py for tasks to queue
[2026-01-19T19:02:51.258+0000] {logging_mixin.py:188} INFO - [2026-01-19T19:02:51.256+0000] {dagbag.py:538} INFO - Filling up the DagBag from /opt/airflow/dags/dag_streamflow.py
[2026-01-19T19:02:51.433+0000] {processor.py:840} INFO - DAG(s) 'streamflow_main' retrieved from /opt/airflow/dags/dag_streamflow.py
[2026-01-19T19:02:51.663+0000] {logging_mixin.py:188} INFO - [2026-01-19T19:02:51.662+0000] {dag.py:3036} INFO - Sync 1 DAGs
[2026-01-19T19:02:51.763+0000] {logging_mixin.py:188} INFO - [2026-01-19T19:02:51.762+0000] {dag.py:3823} INFO - Setting next_dagrun for streamflow_main to None, run_after=None
[2026-01-19T19:02:51.913+0000] {processor.py:183} INFO - Processing /opt/airflow/dags/dag_streamflow.py took 0.699 seconds
[2026-01-19T19:03:22.227+0000] {processor.py:161} INFO - Started process (PID=2440) to work on /opt/airflow/dags/dag_streamflow.py
[2026-01-19T19:03:22.235+0000] {processor.py:830} INFO - Processing file /opt/airflow/dags/dag_streamflow.py for tasks to queue
[2026-01-19T19:03:22.243+0000] {logging_mixin.py:188} INFO - [2026-01-19T19:03:22.241+0000] {dagbag.py:538} INFO - Filling up the DagBag from /opt/airflow/dags/dag_streamflow.py
[2026-01-19T19:03:22.411+0000] {processor.py:840} INFO - DAG(s) 'streamflow_main' retrieved from /opt/airflow/dags/dag_streamflow.py
[2026-01-19T19:03:22.636+0000] {logging_mixin.py:188} INFO - [2026-01-19T19:03:22.635+0000] {dag.py:3036} INFO - Sync 1 DAGs
[2026-01-19T19:03:22.734+0000] {logging_mixin.py:188} INFO - [2026-01-19T19:03:22.733+0000] {dag.py:3823} INFO - Setting next_dagrun for streamflow_main to None, run_after=None
[2026-01-19T19:03:22.880+0000] {processor.py:183} INFO - Processing /opt/airflow/dags/dag_streamflow.py took 0.676 seconds
[2026-01-19T19:03:53.202+0000] {processor.py:161} INFO - Started process (PID=2452) to work on /opt/airflow/dags/dag_streamflow.py
[2026-01-19T19:03:53.209+0000] {processor.py:830} INFO - Processing file /opt/airflow/dags/dag_streamflow.py for tasks to queue
[2026-01-19T19:03:53.217+0000] {logging_mixin.py:188} INFO - [2026-01-19T19:03:53.215+0000] {dagbag.py:538} INFO - Filling up the DagBag from /opt/airflow/dags/dag_streamflow.py
[2026-01-19T19:03:53.384+0000] {processor.py:840} INFO - DAG(s) 'streamflow_main' retrieved from /opt/airflow/dags/dag_streamflow.py
[2026-01-19T19:03:53.604+0000] {logging_mixin.py:188} INFO - [2026-01-19T19:03:53.603+0000] {dag.py:3036} INFO - Sync 1 DAGs
[2026-01-19T19:03:53.705+0000] {logging_mixin.py:188} INFO - [2026-01-19T19:03:53.703+0000] {dag.py:3823} INFO - Setting next_dagrun for streamflow_main to None, run_after=None
[2026-01-19T19:03:53.866+0000] {processor.py:183} INFO - Processing /opt/airflow/dags/dag_streamflow.py took 0.684 seconds
[2026-01-19T19:04:24.947+0000] {processor.py:161} INFO - Started process (PID=2464) to work on /opt/airflow/dags/dag_streamflow.py
[2026-01-19T19:04:24.954+0000] {processor.py:830} INFO - Processing file /opt/airflow/dags/dag_streamflow.py for tasks to queue
[2026-01-19T19:04:24.962+0000] {logging_mixin.py:188} INFO - [2026-01-19T19:04:24.960+0000] {dagbag.py:538} INFO - Filling up the DagBag from /opt/airflow/dags/dag_streamflow.py
[2026-01-19T19:04:25.117+0000] {processor.py:840} INFO - DAG(s) 'streamflow_main' retrieved from /opt/airflow/dags/dag_streamflow.py
[2026-01-19T19:04:25.275+0000] {logging_mixin.py:188} INFO - [2026-01-19T19:04:25.274+0000] {dag.py:3036} INFO - Sync 1 DAGs
[2026-01-19T19:04:25.371+0000] {logging_mixin.py:188} INFO - [2026-01-19T19:04:25.370+0000] {dag.py:3823} INFO - Setting next_dagrun for streamflow_main to None, run_after=None
[2026-01-19T19:04:25.514+0000] {processor.py:183} INFO - Processing /opt/airflow/dags/dag_streamflow.py took 0.589 seconds
[2026-01-19T19:04:56.001+0000] {processor.py:161} INFO - Started process (PID=2477) to work on /opt/airflow/dags/dag_streamflow.py
[2026-01-19T19:04:56.012+0000] {processor.py:830} INFO - Processing file /opt/airflow/dags/dag_streamflow.py for tasks to queue
[2026-01-19T19:04:56.020+0000] {logging_mixin.py:188} INFO - [2026-01-19T19:04:56.018+0000] {dagbag.py:538} INFO - Filling up the DagBag from /opt/airflow/dags/dag_streamflow.py
[2026-01-19T19:04:56.199+0000] {processor.py:840} INFO - DAG(s) 'streamflow_main' retrieved from /opt/airflow/dags/dag_streamflow.py
[2026-01-19T19:04:56.421+0000] {logging_mixin.py:188} INFO - [2026-01-19T19:04:56.420+0000] {dag.py:3036} INFO - Sync 1 DAGs
[2026-01-19T19:04:56.516+0000] {logging_mixin.py:188} INFO - [2026-01-19T19:04:56.514+0000] {dag.py:3823} INFO - Setting next_dagrun for streamflow_main to None, run_after=None
[2026-01-19T19:04:56.643+0000] {processor.py:183} INFO - Processing /opt/airflow/dags/dag_streamflow.py took 0.668 seconds
[2026-01-19T19:05:27.503+0000] {processor.py:161} INFO - Started process (PID=2489) to work on /opt/airflow/dags/dag_streamflow.py
[2026-01-19T19:05:27.510+0000] {processor.py:830} INFO - Processing file /opt/airflow/dags/dag_streamflow.py for tasks to queue
[2026-01-19T19:05:27.519+0000] {logging_mixin.py:188} INFO - [2026-01-19T19:05:27.516+0000] {dagbag.py:538} INFO - Filling up the DagBag from /opt/airflow/dags/dag_streamflow.py
[2026-01-19T19:05:27.688+0000] {processor.py:840} INFO - DAG(s) 'streamflow_main' retrieved from /opt/airflow/dags/dag_streamflow.py
[2026-01-19T19:05:27.896+0000] {logging_mixin.py:188} INFO - [2026-01-19T19:05:27.895+0000] {dag.py:3036} INFO - Sync 1 DAGs
[2026-01-19T19:05:27.997+0000] {logging_mixin.py:188} INFO - [2026-01-19T19:05:27.996+0000] {dag.py:3823} INFO - Setting next_dagrun for streamflow_main to None, run_after=None
[2026-01-19T19:05:28.138+0000] {processor.py:183} INFO - Processing /opt/airflow/dags/dag_streamflow.py took 0.658 seconds
