[2026-01-20T04:28:43.575+0000] {taskinstance.py:1956} INFO - Dependencies all met for dep_context=non-requeueable deps ti=<TaskInstance: streamflow_main.Spark_Submit manual__2026-01-20T04:28:42.090553+00:00 [queued]>
[2026-01-20T04:28:43.584+0000] {taskinstance.py:1956} INFO - Dependencies all met for dep_context=requeueable deps ti=<TaskInstance: streamflow_main.Spark_Submit manual__2026-01-20T04:28:42.090553+00:00 [queued]>
[2026-01-20T04:28:43.585+0000] {taskinstance.py:2170} INFO - Starting attempt 1 of 1
[2026-01-20T04:28:43.602+0000] {taskinstance.py:2191} INFO - Executing <Task(BashOperator): Spark_Submit> on 2026-01-20 04:28:42.090553+00:00
[2026-01-20T04:28:43.607+0000] {standard_task_runner.py:60} INFO - Started process 5066 to run task
[2026-01-20T04:28:43.611+0000] {standard_task_runner.py:87} INFO - Running: ['***', 'tasks', 'run', 'streamflow_main', 'Spark_Submit', 'manual__2026-01-20T04:28:42.090553+00:00', '--job-id', '12', '--raw', '--subdir', 'DAGS_FOLDER/dag_streamflow.py', '--cfg-path', '/tmp/tmpbi_ivzd8']
[2026-01-20T04:28:43.614+0000] {standard_task_runner.py:88} INFO - Job 12: Subtask Spark_Submit
[2026-01-20T04:28:43.672+0000] {task_command.py:423} INFO - Running <TaskInstance: streamflow_main.Spark_Submit manual__2026-01-20T04:28:42.090553+00:00 [running]> on host 519d7d29de3d
[2026-01-20T04:28:43.762+0000] {taskinstance.py:2480} INFO - Exporting env vars: AIRFLOW_CTX_DAG_OWNER='student' AIRFLOW_CTX_DAG_ID='streamflow_main' AIRFLOW_CTX_TASK_ID='Spark_Submit' AIRFLOW_CTX_EXECUTION_DATE='2026-01-20T04:28:42.090553+00:00' AIRFLOW_CTX_TRY_NUMBER='1' AIRFLOW_CTX_DAG_RUN_ID='manual__2026-01-20T04:28:42.090553+00:00'
[2026-01-20T04:28:43.764+0000] {subprocess.py:63} INFO - Tmp dir root location: /tmp
[2026-01-20T04:28:43.765+0000] {subprocess.py:75} INFO - Running command: ['/usr/bin/bash', '-c', '\n            spark-submit                 --master spark://spark-master:7077                 /opt/spark-jobs/etl_job.py\n        ']
[2026-01-20T04:28:43.775+0000] {subprocess.py:86} INFO - Output:
[2026-01-20T04:28:43.783+0000] {subprocess.py:93} INFO - /opt/spark/bin/load-spark-env.sh: line 68: ps: command not found
[2026-01-20T04:28:46.487+0000] {subprocess.py:93} INFO - 26/01/20 04:28:46 INFO SparkContext: Running Spark version 3.5.0
[2026-01-20T04:28:46.489+0000] {subprocess.py:93} INFO - 26/01/20 04:28:46 INFO SparkContext: OS info Linux, 5.15.167.4-microsoft-standard-WSL2, amd64
[2026-01-20T04:28:46.489+0000] {subprocess.py:93} INFO - 26/01/20 04:28:46 INFO SparkContext: Java version 17.0.17
[2026-01-20T04:28:46.537+0000] {subprocess.py:93} INFO - 26/01/20 04:28:46 WARN NativeCodeLoader: Unable to load native-hadoop library for your platform... using builtin-java classes where applicable
[2026-01-20T04:28:46.624+0000] {subprocess.py:93} INFO - 26/01/20 04:28:46 INFO ResourceUtils: ==============================================================
[2026-01-20T04:28:46.625+0000] {subprocess.py:93} INFO - 26/01/20 04:28:46 INFO ResourceUtils: No custom resources configured for spark.driver.
[2026-01-20T04:28:46.626+0000] {subprocess.py:93} INFO - 26/01/20 04:28:46 INFO ResourceUtils: ==============================================================
[2026-01-20T04:28:46.627+0000] {subprocess.py:93} INFO - 26/01/20 04:28:46 INFO SparkContext: Submitted application: ETL_job
[2026-01-20T04:28:46.651+0000] {subprocess.py:93} INFO - 26/01/20 04:28:46 INFO ResourceProfile: Default ResourceProfile created, executor resources: Map(cores -> name: cores, amount: 1, script: , vendor: , memory -> name: memory, amount: 1024, script: , vendor: , offHeap -> name: offHeap, amount: 0, script: , vendor: ), task resources: Map(cpus -> name: cpus, amount: 1.0)
[2026-01-20T04:28:46.660+0000] {subprocess.py:93} INFO - 26/01/20 04:28:46 INFO ResourceProfile: Limiting resource is cpu
[2026-01-20T04:28:46.661+0000] {subprocess.py:93} INFO - 26/01/20 04:28:46 INFO ResourceProfileManager: Added ResourceProfile id: 0
[2026-01-20T04:28:46.716+0000] {subprocess.py:93} INFO - 26/01/20 04:28:46 INFO SecurityManager: Changing view acls to: root
[2026-01-20T04:28:46.716+0000] {subprocess.py:93} INFO - 26/01/20 04:28:46 INFO SecurityManager: Changing modify acls to: root
[2026-01-20T04:28:46.717+0000] {subprocess.py:93} INFO - 26/01/20 04:28:46 INFO SecurityManager: Changing view acls groups to:
[2026-01-20T04:28:46.718+0000] {subprocess.py:93} INFO - 26/01/20 04:28:46 INFO SecurityManager: Changing modify acls groups to:
[2026-01-20T04:28:46.719+0000] {subprocess.py:93} INFO - 26/01/20 04:28:46 INFO SecurityManager: SecurityManager: authentication disabled; ui acls disabled; users with view permissions: root; groups with view permissions: EMPTY; users with modify permissions: root; groups with modify permissions: EMPTY
[2026-01-20T04:28:46.983+0000] {subprocess.py:93} INFO - 26/01/20 04:28:46 INFO Utils: Successfully started service 'sparkDriver' on port 34495.
[2026-01-20T04:28:47.029+0000] {subprocess.py:93} INFO - 26/01/20 04:28:47 INFO SparkEnv: Registering MapOutputTracker
[2026-01-20T04:28:47.081+0000] {subprocess.py:93} INFO - 26/01/20 04:28:47 INFO SparkEnv: Registering BlockManagerMaster
[2026-01-20T04:28:47.105+0000] {subprocess.py:93} INFO - 26/01/20 04:28:47 INFO BlockManagerMasterEndpoint: Using org.apache.spark.storage.DefaultTopologyMapper for getting topology information
[2026-01-20T04:28:47.106+0000] {subprocess.py:93} INFO - 26/01/20 04:28:47 INFO BlockManagerMasterEndpoint: BlockManagerMasterEndpoint up
[2026-01-20T04:28:47.112+0000] {subprocess.py:93} INFO - 26/01/20 04:28:47 INFO SparkEnv: Registering BlockManagerMasterHeartbeat
[2026-01-20T04:28:47.143+0000] {subprocess.py:93} INFO - 26/01/20 04:28:47 INFO DiskBlockManager: Created local directory at /tmp/blockmgr-4f39fc30-2f19-46b9-889f-0078a5226894
[2026-01-20T04:28:47.162+0000] {subprocess.py:93} INFO - 26/01/20 04:28:47 INFO MemoryStore: MemoryStore started with capacity 434.4 MiB
[2026-01-20T04:28:47.185+0000] {subprocess.py:93} INFO - 26/01/20 04:28:47 INFO SparkEnv: Registering OutputCommitCoordinator
[2026-01-20T04:28:47.339+0000] {subprocess.py:93} INFO - 26/01/20 04:28:47 INFO JettyUtils: Start Jetty 0.0.0.0:4040 for SparkUI
[2026-01-20T04:28:47.411+0000] {subprocess.py:93} INFO - 26/01/20 04:28:47 INFO Utils: Successfully started service 'SparkUI' on port 4040.
[2026-01-20T04:28:47.521+0000] {subprocess.py:93} INFO - 26/01/20 04:28:47 INFO Executor: Starting executor ID driver on host 519d7d29de3d
[2026-01-20T04:28:47.521+0000] {subprocess.py:93} INFO - 26/01/20 04:28:47 INFO Executor: OS info Linux, 5.15.167.4-microsoft-standard-WSL2, amd64
[2026-01-20T04:28:47.522+0000] {subprocess.py:93} INFO - 26/01/20 04:28:47 INFO Executor: Java version 17.0.17
[2026-01-20T04:28:47.528+0000] {subprocess.py:93} INFO - 26/01/20 04:28:47 INFO Executor: Starting executor with user classpath (userClassPathFirst = false): ''
[2026-01-20T04:28:47.529+0000] {subprocess.py:93} INFO - 26/01/20 04:28:47 INFO Executor: Created or updated repl class loader org.apache.spark.util.MutableURLClassLoader@1ce84c77 for default.
[2026-01-20T04:28:47.546+0000] {subprocess.py:93} INFO - 26/01/20 04:28:47 INFO Utils: Successfully started service 'org.apache.spark.network.netty.NettyBlockTransferService' on port 45793.
[2026-01-20T04:28:47.547+0000] {subprocess.py:93} INFO - 26/01/20 04:28:47 INFO NettyBlockTransferService: Server created on 519d7d29de3d:45793
[2026-01-20T04:28:47.548+0000] {subprocess.py:93} INFO - 26/01/20 04:28:47 INFO BlockManager: Using org.apache.spark.storage.RandomBlockReplicationPolicy for block replication policy
[2026-01-20T04:28:47.552+0000] {subprocess.py:93} INFO - 26/01/20 04:28:47 INFO BlockManagerMaster: Registering BlockManager BlockManagerId(driver, 519d7d29de3d, 45793, None)
[2026-01-20T04:28:47.555+0000] {subprocess.py:93} INFO - 26/01/20 04:28:47 INFO BlockManagerMasterEndpoint: Registering block manager 519d7d29de3d:45793 with 434.4 MiB RAM, BlockManagerId(driver, 519d7d29de3d, 45793, None)
[2026-01-20T04:28:47.557+0000] {subprocess.py:93} INFO - 26/01/20 04:28:47 INFO BlockManagerMaster: Registered BlockManager BlockManagerId(driver, 519d7d29de3d, 45793, None)
[2026-01-20T04:28:47.557+0000] {subprocess.py:93} INFO - 26/01/20 04:28:47 INFO BlockManager: Initialized BlockManager: BlockManagerId(driver, 519d7d29de3d, 45793, None)
[2026-01-20T04:28:47.939+0000] {subprocess.py:93} INFO - 26/01/20 04:28:47 INFO SharedState: Setting hive.metastore.warehouse.dir ('null') to the value of spark.sql.warehouse.dir.
[2026-01-20T04:28:47.945+0000] {subprocess.py:93} INFO - 26/01/20 04:28:47 INFO SharedState: Warehouse path is 'file:/tmp/***tmp0iqohwgf/spark-warehouse'.
[2026-01-20T04:28:48.811+0000] {subprocess.py:93} INFO - 26/01/20 04:28:48 INFO InMemoryFileIndex: It took 53 ms to list leaf files for 1 paths.
[2026-01-20T04:28:48.891+0000] {subprocess.py:93} INFO - 26/01/20 04:28:48 INFO InMemoryFileIndex: It took 12 ms to list leaf files for 1 paths.
[2026-01-20T04:28:50.731+0000] {subprocess.py:93} INFO - 26/01/20 04:28:50 INFO FileSourceStrategy: Pushed Filters:
[2026-01-20T04:28:50.739+0000] {subprocess.py:93} INFO - 26/01/20 04:28:50 INFO FileSourceStrategy: Post-Scan Filters:
[2026-01-20T04:28:50.902+0000] {subprocess.py:93} INFO - 26/01/20 04:28:50 INFO MemoryStore: Block broadcast_0 stored as values in memory (estimated size 199.2 KiB, free 434.2 MiB)
[2026-01-20T04:28:50.953+0000] {subprocess.py:93} INFO - 26/01/20 04:28:50 INFO MemoryStore: Block broadcast_0_piece0 stored as bytes in memory (estimated size 34.2 KiB, free 434.2 MiB)
[2026-01-20T04:28:50.955+0000] {subprocess.py:93} INFO - 26/01/20 04:28:50 INFO BlockManagerInfo: Added broadcast_0_piece0 in memory on 519d7d29de3d:45793 (size: 34.2 KiB, free: 434.4 MiB)
[2026-01-20T04:28:50.959+0000] {subprocess.py:93} INFO - 26/01/20 04:28:50 INFO SparkContext: Created broadcast 0 from json at NativeMethodAccessorImpl.java:0
[2026-01-20T04:28:50.969+0000] {subprocess.py:93} INFO - 26/01/20 04:28:50 INFO FileSourceScanExec: Planning scan with bin packing, max size: 4194304 bytes, open cost is considered as scanning 4194304 bytes.
[2026-01-20T04:28:51.097+0000] {subprocess.py:93} INFO - 26/01/20 04:28:51 INFO SparkContext: Starting job: json at NativeMethodAccessorImpl.java:0
[2026-01-20T04:28:51.111+0000] {subprocess.py:93} INFO - 26/01/20 04:28:51 INFO DAGScheduler: Got job 0 (json at NativeMethodAccessorImpl.java:0) with 13 output partitions
[2026-01-20T04:28:51.112+0000] {subprocess.py:93} INFO - 26/01/20 04:28:51 INFO DAGScheduler: Final stage: ResultStage 0 (json at NativeMethodAccessorImpl.java:0)
[2026-01-20T04:28:51.113+0000] {subprocess.py:93} INFO - 26/01/20 04:28:51 INFO DAGScheduler: Parents of final stage: List()
[2026-01-20T04:28:51.114+0000] {subprocess.py:93} INFO - 26/01/20 04:28:51 INFO DAGScheduler: Missing parents: List()
[2026-01-20T04:28:51.117+0000] {subprocess.py:93} INFO - 26/01/20 04:28:51 INFO DAGScheduler: Submitting ResultStage 0 (MapPartitionsRDD[3] at json at NativeMethodAccessorImpl.java:0), which has no missing parents
[2026-01-20T04:28:51.184+0000] {subprocess.py:93} INFO - 26/01/20 04:28:51 INFO MemoryStore: Block broadcast_1 stored as values in memory (estimated size 16.0 KiB, free 434.2 MiB)
[2026-01-20T04:28:51.191+0000] {subprocess.py:93} INFO - 26/01/20 04:28:51 INFO MemoryStore: Block broadcast_1_piece0 stored as bytes in memory (estimated size 7.5 KiB, free 434.1 MiB)
[2026-01-20T04:28:51.192+0000] {subprocess.py:93} INFO - 26/01/20 04:28:51 INFO BlockManagerInfo: Added broadcast_1_piece0 in memory on 519d7d29de3d:45793 (size: 7.5 KiB, free: 434.4 MiB)
[2026-01-20T04:28:51.193+0000] {subprocess.py:93} INFO - 26/01/20 04:28:51 INFO SparkContext: Created broadcast 1 from broadcast at DAGScheduler.scala:1580
[2026-01-20T04:28:51.205+0000] {subprocess.py:93} INFO - 26/01/20 04:28:51 INFO DAGScheduler: Submitting 13 missing tasks from ResultStage 0 (MapPartitionsRDD[3] at json at NativeMethodAccessorImpl.java:0) (first 15 tasks are for partitions Vector(0, 1, 2, 3, 4, 5, 6, 7, 8, 9, 10, 11, 12))
[2026-01-20T04:28:51.206+0000] {subprocess.py:93} INFO - 26/01/20 04:28:51 INFO TaskSchedulerImpl: Adding task set 0.0 with 13 tasks resource profile 0
[2026-01-20T04:28:51.252+0000] {subprocess.py:93} INFO - 26/01/20 04:28:51 INFO TaskSetManager: Starting task 0.0 in stage 0.0 (TID 0) (519d7d29de3d, executor driver, partition 0, PROCESS_LOCAL, 8251 bytes)
[2026-01-20T04:28:51.255+0000] {subprocess.py:93} INFO - 26/01/20 04:28:51 INFO TaskSetManager: Starting task 1.0 in stage 0.0 (TID 1) (519d7d29de3d, executor driver, partition 1, PROCESS_LOCAL, 8251 bytes)
[2026-01-20T04:28:51.256+0000] {subprocess.py:93} INFO - 26/01/20 04:28:51 INFO TaskSetManager: Starting task 2.0 in stage 0.0 (TID 2) (519d7d29de3d, executor driver, partition 2, PROCESS_LOCAL, 8251 bytes)
[2026-01-20T04:28:51.257+0000] {subprocess.py:93} INFO - 26/01/20 04:28:51 INFO TaskSetManager: Starting task 3.0 in stage 0.0 (TID 3) (519d7d29de3d, executor driver, partition 3, PROCESS_LOCAL, 8251 bytes)
[2026-01-20T04:28:51.257+0000] {subprocess.py:93} INFO - 26/01/20 04:28:51 INFO TaskSetManager: Starting task 4.0 in stage 0.0 (TID 4) (519d7d29de3d, executor driver, partition 4, PROCESS_LOCAL, 8251 bytes)
[2026-01-20T04:28:51.259+0000] {subprocess.py:93} INFO - 26/01/20 04:28:51 INFO TaskSetManager: Starting task 5.0 in stage 0.0 (TID 5) (519d7d29de3d, executor driver, partition 5, PROCESS_LOCAL, 8251 bytes)
[2026-01-20T04:28:51.259+0000] {subprocess.py:93} INFO - 26/01/20 04:28:51 INFO TaskSetManager: Starting task 6.0 in stage 0.0 (TID 6) (519d7d29de3d, executor driver, partition 6, PROCESS_LOCAL, 8251 bytes)
[2026-01-20T04:28:51.260+0000] {subprocess.py:93} INFO - 26/01/20 04:28:51 INFO TaskSetManager: Starting task 7.0 in stage 0.0 (TID 7) (519d7d29de3d, executor driver, partition 7, PROCESS_LOCAL, 8251 bytes)
[2026-01-20T04:28:51.261+0000] {subprocess.py:93} INFO - 26/01/20 04:28:51 INFO TaskSetManager: Starting task 8.0 in stage 0.0 (TID 8) (519d7d29de3d, executor driver, partition 8, PROCESS_LOCAL, 8251 bytes)
[2026-01-20T04:28:51.262+0000] {subprocess.py:93} INFO - 26/01/20 04:28:51 INFO TaskSetManager: Starting task 9.0 in stage 0.0 (TID 9) (519d7d29de3d, executor driver, partition 9, PROCESS_LOCAL, 8251 bytes)
[2026-01-20T04:28:51.264+0000] {subprocess.py:93} INFO - 26/01/20 04:28:51 INFO TaskSetManager: Starting task 10.0 in stage 0.0 (TID 10) (519d7d29de3d, executor driver, partition 10, PROCESS_LOCAL, 8251 bytes)
[2026-01-20T04:28:51.266+0000] {subprocess.py:93} INFO - 26/01/20 04:28:51 INFO TaskSetManager: Starting task 11.0 in stage 0.0 (TID 11) (519d7d29de3d, executor driver, partition 11, PROCESS_LOCAL, 8251 bytes)
[2026-01-20T04:28:51.266+0000] {subprocess.py:93} INFO - 26/01/20 04:28:51 INFO TaskSetManager: Starting task 12.0 in stage 0.0 (TID 12) (519d7d29de3d, executor driver, partition 12, PROCESS_LOCAL, 8251 bytes)
[2026-01-20T04:28:51.280+0000] {subprocess.py:93} INFO - 26/01/20 04:28:51 INFO Executor: Running task 6.0 in stage 0.0 (TID 6)
[2026-01-20T04:28:51.281+0000] {subprocess.py:93} INFO - 26/01/20 04:28:51 INFO Executor: Running task 0.0 in stage 0.0 (TID 0)
[2026-01-20T04:28:51.282+0000] {subprocess.py:93} INFO - 26/01/20 04:28:51 INFO Executor: Running task 2.0 in stage 0.0 (TID 2)
[2026-01-20T04:28:51.283+0000] {subprocess.py:93} INFO - 26/01/20 04:28:51 INFO Executor: Running task 4.0 in stage 0.0 (TID 4)
[2026-01-20T04:28:51.284+0000] {subprocess.py:93} INFO - 26/01/20 04:28:51 INFO Executor: Running task 1.0 in stage 0.0 (TID 1)
[2026-01-20T04:28:51.285+0000] {subprocess.py:93} INFO - 26/01/20 04:28:51 INFO Executor: Running task 5.0 in stage 0.0 (TID 5)
[2026-01-20T04:28:51.285+0000] {subprocess.py:93} INFO - 26/01/20 04:28:51 INFO Executor: Running task 7.0 in stage 0.0 (TID 7)
[2026-01-20T04:28:51.286+0000] {subprocess.py:93} INFO - 26/01/20 04:28:51 INFO Executor: Running task 3.0 in stage 0.0 (TID 3)
[2026-01-20T04:28:51.287+0000] {subprocess.py:93} INFO - 26/01/20 04:28:51 INFO Executor: Running task 8.0 in stage 0.0 (TID 8)
[2026-01-20T04:28:51.288+0000] {subprocess.py:93} INFO - 26/01/20 04:28:51 INFO Executor: Running task 10.0 in stage 0.0 (TID 10)
[2026-01-20T04:28:51.289+0000] {subprocess.py:93} INFO - 26/01/20 04:28:51 INFO Executor: Running task 9.0 in stage 0.0 (TID 9)
[2026-01-20T04:28:51.290+0000] {subprocess.py:93} INFO - 26/01/20 04:28:51 INFO Executor: Running task 11.0 in stage 0.0 (TID 11)
[2026-01-20T04:28:51.291+0000] {subprocess.py:93} INFO - 26/01/20 04:28:51 INFO Executor: Running task 12.0 in stage 0.0 (TID 12)
[2026-01-20T04:28:51.485+0000] {subprocess.py:93} INFO - 26/01/20 04:28:51 INFO FileScanRDD: Reading File path: file:///opt/spark-data/landing/transaction_events_1768879479.1820476.json, range: 33554432-37748736, partition values: [empty row]
[2026-01-20T04:28:51.486+0000] {subprocess.py:93} INFO - 26/01/20 04:28:51 INFO FileScanRDD: Reading File path: file:///opt/spark-data/landing/transaction_events_1768879479.1820476.json, range: 4194304-8388608, partition values: [empty row]
[2026-01-20T04:28:51.487+0000] {subprocess.py:93} INFO - 26/01/20 04:28:51 INFO FileScanRDD: Reading File path: file:///opt/spark-data/landing/transaction_events_1768879479.1820476.json, range: 46137344-50331648, partition values: [empty row]
[2026-01-20T04:28:51.488+0000] {subprocess.py:93} INFO - 26/01/20 04:28:51 INFO FileScanRDD: Reading File path: file:///opt/spark-data/landing/transaction_events_1768879479.1820476.json, range: 25165824-29360128, partition values: [empty row]
[2026-01-20T04:28:51.488+0000] {subprocess.py:93} INFO - 26/01/20 04:28:51 INFO FileScanRDD: Reading File path: file:///opt/spark-data/landing/transaction_events_1768879479.1820476.json, range: 20971520-25165824, partition values: [empty row]
[2026-01-20T04:28:51.489+0000] {subprocess.py:93} INFO - 26/01/20 04:28:51 INFO FileScanRDD: Reading File path: file:///opt/spark-data/landing/transaction_events_1768879479.1820476.json, range: 37748736-41943040, partition values: [empty row]
[2026-01-20T04:28:51.489+0000] {subprocess.py:93} INFO - 26/01/20 04:28:51 INFO FileScanRDD: Reading File path: file:///opt/spark-data/landing/transaction_events_1768879479.1820476.json, range: 12582912-16777216, partition values: [empty row]
[2026-01-20T04:28:51.490+0000] {subprocess.py:93} INFO - 26/01/20 04:28:51 INFO FileScanRDD: Reading File path: file:///opt/spark-data/landing/transaction_events_1768879479.1820476.json, range: 50331648-51561162, partition values: [empty row]
[2026-01-20T04:28:51.491+0000] {subprocess.py:93} INFO - 26/01/20 04:28:51 INFO FileScanRDD: Reading File path: file:///opt/spark-data/landing/transaction_events_1768879479.1820476.json, range: 41943040-46137344, partition values: [empty row]
[2026-01-20T04:28:51.491+0000] {subprocess.py:93} INFO - 26/01/20 04:28:51 INFO FileScanRDD: Reading File path: file:///opt/spark-data/landing/transaction_events_1768879479.1820476.json, range: 29360128-33554432, partition values: [empty row]
[2026-01-20T04:28:51.492+0000] {subprocess.py:93} INFO - 26/01/20 04:28:51 INFO FileScanRDD: Reading File path: file:///opt/spark-data/landing/transaction_events_1768879479.1820476.json, range: 16777216-20971520, partition values: [empty row]
[2026-01-20T04:28:51.493+0000] {subprocess.py:93} INFO - 26/01/20 04:28:51 INFO FileScanRDD: Reading File path: file:///opt/spark-data/landing/transaction_events_1768879479.1820476.json, range: 0-4194304, partition values: [empty row]
[2026-01-20T04:28:51.493+0000] {subprocess.py:93} INFO - 26/01/20 04:28:51 INFO FileScanRDD: Reading File path: file:///opt/spark-data/landing/transaction_events_1768879479.1820476.json, range: 8388608-12582912, partition values: [empty row]
[2026-01-20T04:28:51.690+0000] {subprocess.py:93} INFO - 26/01/20 04:28:51 INFO CodeGenerator: Code generated in 159.044431 ms
[2026-01-20T04:28:52.404+0000] {subprocess.py:93} INFO - 26/01/20 04:28:52 INFO Executor: Finished task 12.0 in stage 0.0 (TID 12). 3067 bytes result sent to driver
[2026-01-20T04:28:52.424+0000] {subprocess.py:93} INFO - 26/01/20 04:28:52 INFO TaskSetManager: Finished task 12.0 in stage 0.0 (TID 12) in 1160 ms on 519d7d29de3d (executor driver) (1/13)
[2026-01-20T04:28:52.598+0000] {subprocess.py:93} INFO - 26/01/20 04:28:52 INFO Executor: Finished task 10.0 in stage 0.0 (TID 10). 3067 bytes result sent to driver
[2026-01-20T04:28:52.601+0000] {subprocess.py:93} INFO - 26/01/20 04:28:52 INFO TaskSetManager: Finished task 10.0 in stage 0.0 (TID 10) in 1339 ms on 519d7d29de3d (executor driver) (2/13)
[2026-01-20T04:28:52.603+0000] {subprocess.py:93} INFO - 26/01/20 04:28:52 INFO Executor: Finished task 3.0 in stage 0.0 (TID 3). 3024 bytes result sent to driver
[2026-01-20T04:28:52.605+0000] {subprocess.py:93} INFO - 26/01/20 04:28:52 INFO Executor: Finished task 7.0 in stage 0.0 (TID 7). 3024 bytes result sent to driver
[2026-01-20T04:28:52.606+0000] {subprocess.py:93} INFO - 26/01/20 04:28:52 INFO Executor: Finished task 8.0 in stage 0.0 (TID 8). 3024 bytes result sent to driver
[2026-01-20T04:28:52.609+0000] {subprocess.py:93} INFO - 26/01/20 04:28:52 INFO Executor: Finished task 1.0 in stage 0.0 (TID 1). 3024 bytes result sent to driver
[2026-01-20T04:28:52.611+0000] {subprocess.py:93} INFO - 26/01/20 04:28:52 INFO Executor: Finished task 0.0 in stage 0.0 (TID 0). 3024 bytes result sent to driver
[2026-01-20T04:28:52.613+0000] {subprocess.py:93} INFO - 26/01/20 04:28:52 INFO TaskSetManager: Finished task 3.0 in stage 0.0 (TID 3) in 1355 ms on 519d7d29de3d (executor driver) (3/13)
[2026-01-20T04:28:52.614+0000] {subprocess.py:93} INFO - 26/01/20 04:28:52 INFO Executor: Finished task 9.0 in stage 0.0 (TID 9). 3067 bytes result sent to driver
[2026-01-20T04:28:52.615+0000] {subprocess.py:93} INFO - 26/01/20 04:28:52 INFO Executor: Finished task 4.0 in stage 0.0 (TID 4). 3067 bytes result sent to driver
[2026-01-20T04:28:52.615+0000] {subprocess.py:93} INFO - 26/01/20 04:28:52 INFO Executor: Finished task 2.0 in stage 0.0 (TID 2). 3024 bytes result sent to driver
[2026-01-20T04:28:52.616+0000] {subprocess.py:93} INFO - 26/01/20 04:28:52 INFO Executor: Finished task 11.0 in stage 0.0 (TID 11). 3067 bytes result sent to driver
[2026-01-20T04:28:52.617+0000] {subprocess.py:93} INFO - 26/01/20 04:28:52 INFO TaskSetManager: Finished task 7.0 in stage 0.0 (TID 7) in 1353 ms on 519d7d29de3d (executor driver) (4/13)
[2026-01-20T04:28:52.618+0000] {subprocess.py:93} INFO - 26/01/20 04:28:52 INFO Executor: Finished task 6.0 in stage 0.0 (TID 6). 3024 bytes result sent to driver
[2026-01-20T04:28:52.619+0000] {subprocess.py:93} INFO - 26/01/20 04:28:52 INFO TaskSetManager: Finished task 8.0 in stage 0.0 (TID 8) in 1354 ms on 519d7d29de3d (executor driver) (5/13)
[2026-01-20T04:28:52.620+0000] {subprocess.py:93} INFO - 26/01/20 04:28:52 INFO TaskSetManager: Finished task 1.0 in stage 0.0 (TID 1) in 1361 ms on 519d7d29de3d (executor driver) (6/13)
[2026-01-20T04:28:52.621+0000] {subprocess.py:93} INFO - 26/01/20 04:28:52 INFO TaskSetManager: Finished task 9.0 in stage 0.0 (TID 9) in 1356 ms on 519d7d29de3d (executor driver) (7/13)
[2026-01-20T04:28:52.622+0000] {subprocess.py:93} INFO - 26/01/20 04:28:52 INFO TaskSetManager: Finished task 0.0 in stage 0.0 (TID 0) in 1379 ms on 519d7d29de3d (executor driver) (8/13)
[2026-01-20T04:28:52.623+0000] {subprocess.py:93} INFO - 26/01/20 04:28:52 INFO TaskSetManager: Finished task 2.0 in stage 0.0 (TID 2) in 1362 ms on 519d7d29de3d (executor driver) (9/13)
[2026-01-20T04:28:52.624+0000] {subprocess.py:93} INFO - 26/01/20 04:28:52 INFO Executor: Finished task 5.0 in stage 0.0 (TID 5). 3024 bytes result sent to driver
[2026-01-20T04:28:52.624+0000] {subprocess.py:93} INFO - 26/01/20 04:28:52 INFO TaskSetManager: Finished task 4.0 in stage 0.0 (TID 4) in 1361 ms on 519d7d29de3d (executor driver) (10/13)
[2026-01-20T04:28:52.625+0000] {subprocess.py:93} INFO - 26/01/20 04:28:52 INFO TaskSetManager: Finished task 11.0 in stage 0.0 (TID 11) in 1356 ms on 519d7d29de3d (executor driver) (11/13)
[2026-01-20T04:28:52.626+0000] {subprocess.py:93} INFO - 26/01/20 04:28:52 INFO TaskSetManager: Finished task 6.0 in stage 0.0 (TID 6) in 1360 ms on 519d7d29de3d (executor driver) (12/13)
[2026-01-20T04:28:52.627+0000] {subprocess.py:93} INFO - 26/01/20 04:28:52 INFO TaskSetManager: Finished task 5.0 in stage 0.0 (TID 5) in 1362 ms on 519d7d29de3d (executor driver) (13/13)
[2026-01-20T04:28:52.628+0000] {subprocess.py:93} INFO - 26/01/20 04:28:52 INFO TaskSchedulerImpl: Removed TaskSet 0.0, whose tasks have all completed, from pool
[2026-01-20T04:28:52.628+0000] {subprocess.py:93} INFO - 26/01/20 04:28:52 INFO DAGScheduler: ResultStage 0 (json at NativeMethodAccessorImpl.java:0) finished in 1.490 s
[2026-01-20T04:28:52.629+0000] {subprocess.py:93} INFO - 26/01/20 04:28:52 INFO DAGScheduler: Job 0 is finished. Cancelling potential speculative or zombie tasks for this job
[2026-01-20T04:28:52.630+0000] {subprocess.py:93} INFO - 26/01/20 04:28:52 INFO TaskSchedulerImpl: Killing all running tasks in stage 0: Stage finished
[2026-01-20T04:28:52.631+0000] {subprocess.py:93} INFO - 26/01/20 04:28:52 INFO DAGScheduler: Job 0 finished: json at NativeMethodAccessorImpl.java:0, took 1.533369 s
[2026-01-20T04:28:52.792+0000] {subprocess.py:93} INFO - 26/01/20 04:28:52 INFO InMemoryFileIndex: It took 18 ms to list leaf files for 1 paths.
[2026-01-20T04:28:52.823+0000] {subprocess.py:93} INFO - 26/01/20 04:28:52 INFO InMemoryFileIndex: It took 12 ms to list leaf files for 1 paths.
[2026-01-20T04:28:52.874+0000] {subprocess.py:93} INFO - 26/01/20 04:28:52 INFO FileSourceStrategy: Pushed Filters:
[2026-01-20T04:28:52.876+0000] {subprocess.py:93} INFO - 26/01/20 04:28:52 INFO FileSourceStrategy: Post-Scan Filters:
[2026-01-20T04:28:52.883+0000] {subprocess.py:93} INFO - 26/01/20 04:28:52 INFO MemoryStore: Block broadcast_2 stored as values in memory (estimated size 199.2 KiB, free 434.0 MiB)
[2026-01-20T04:28:52.901+0000] {subprocess.py:93} INFO - 26/01/20 04:28:52 INFO MemoryStore: Block broadcast_2_piece0 stored as bytes in memory (estimated size 34.2 KiB, free 433.9 MiB)
[2026-01-20T04:28:52.903+0000] {subprocess.py:93} INFO - 26/01/20 04:28:52 INFO BlockManagerInfo: Added broadcast_2_piece0 in memory on 519d7d29de3d:45793 (size: 34.2 KiB, free: 434.3 MiB)
[2026-01-20T04:28:52.905+0000] {subprocess.py:93} INFO - 26/01/20 04:28:52 INFO SparkContext: Created broadcast 2 from json at NativeMethodAccessorImpl.java:0
[2026-01-20T04:28:52.907+0000] {subprocess.py:93} INFO - 26/01/20 04:28:52 INFO FileSourceScanExec: Planning scan with bin packing, max size: 4194304 bytes, open cost is considered as scanning 4194304 bytes.
[2026-01-20T04:28:52.924+0000] {subprocess.py:93} INFO - 26/01/20 04:28:52 INFO SparkContext: Starting job: json at NativeMethodAccessorImpl.java:0
[2026-01-20T04:28:52.926+0000] {subprocess.py:93} INFO - 26/01/20 04:28:52 INFO DAGScheduler: Got job 1 (json at NativeMethodAccessorImpl.java:0) with 8 output partitions
[2026-01-20T04:28:52.928+0000] {subprocess.py:93} INFO - 26/01/20 04:28:52 INFO DAGScheduler: Final stage: ResultStage 1 (json at NativeMethodAccessorImpl.java:0)
[2026-01-20T04:28:52.929+0000] {subprocess.py:93} INFO - 26/01/20 04:28:52 INFO DAGScheduler: Parents of final stage: List()
[2026-01-20T04:28:52.929+0000] {subprocess.py:93} INFO - 26/01/20 04:28:52 INFO DAGScheduler: Missing parents: List()
[2026-01-20T04:28:52.931+0000] {subprocess.py:93} INFO - 26/01/20 04:28:52 INFO DAGScheduler: Submitting ResultStage 1 (MapPartitionsRDD[7] at json at NativeMethodAccessorImpl.java:0), which has no missing parents
[2026-01-20T04:28:52.933+0000] {subprocess.py:93} INFO - 26/01/20 04:28:52 INFO MemoryStore: Block broadcast_3 stored as values in memory (estimated size 16.0 KiB, free 433.9 MiB)
[2026-01-20T04:28:52.935+0000] {subprocess.py:93} INFO - 26/01/20 04:28:52 INFO MemoryStore: Block broadcast_3_piece0 stored as bytes in memory (estimated size 7.5 KiB, free 433.9 MiB)
[2026-01-20T04:28:52.937+0000] {subprocess.py:93} INFO - 26/01/20 04:28:52 INFO BlockManagerInfo: Added broadcast_3_piece0 in memory on 519d7d29de3d:45793 (size: 7.5 KiB, free: 434.3 MiB)
[2026-01-20T04:28:52.938+0000] {subprocess.py:93} INFO - 26/01/20 04:28:52 INFO SparkContext: Created broadcast 3 from broadcast at DAGScheduler.scala:1580
[2026-01-20T04:28:52.939+0000] {subprocess.py:93} INFO - 26/01/20 04:28:52 INFO DAGScheduler: Submitting 8 missing tasks from ResultStage 1 (MapPartitionsRDD[7] at json at NativeMethodAccessorImpl.java:0) (first 15 tasks are for partitions Vector(0, 1, 2, 3, 4, 5, 6, 7))
[2026-01-20T04:28:52.940+0000] {subprocess.py:93} INFO - 26/01/20 04:28:52 INFO TaskSchedulerImpl: Adding task set 1.0 with 8 tasks resource profile 0
[2026-01-20T04:28:52.941+0000] {subprocess.py:93} INFO - 26/01/20 04:28:52 INFO TaskSetManager: Starting task 0.0 in stage 1.0 (TID 13) (519d7d29de3d, executor driver, partition 0, PROCESS_LOCAL, 8244 bytes)
[2026-01-20T04:28:52.942+0000] {subprocess.py:93} INFO - 26/01/20 04:28:52 INFO TaskSetManager: Starting task 1.0 in stage 1.0 (TID 14) (519d7d29de3d, executor driver, partition 1, PROCESS_LOCAL, 8244 bytes)
[2026-01-20T04:28:52.943+0000] {subprocess.py:93} INFO - 26/01/20 04:28:52 INFO TaskSetManager: Starting task 2.0 in stage 1.0 (TID 15) (519d7d29de3d, executor driver, partition 2, PROCESS_LOCAL, 8244 bytes)
[2026-01-20T04:28:52.944+0000] {subprocess.py:93} INFO - 26/01/20 04:28:52 INFO TaskSetManager: Starting task 3.0 in stage 1.0 (TID 16) (519d7d29de3d, executor driver, partition 3, PROCESS_LOCAL, 8244 bytes)
[2026-01-20T04:28:52.944+0000] {subprocess.py:93} INFO - 26/01/20 04:28:52 INFO TaskSetManager: Starting task 4.0 in stage 1.0 (TID 17) (519d7d29de3d, executor driver, partition 4, PROCESS_LOCAL, 8244 bytes)
[2026-01-20T04:28:52.945+0000] {subprocess.py:93} INFO - 26/01/20 04:28:52 INFO TaskSetManager: Starting task 5.0 in stage 1.0 (TID 18) (519d7d29de3d, executor driver, partition 5, PROCESS_LOCAL, 8244 bytes)
[2026-01-20T04:28:52.946+0000] {subprocess.py:93} INFO - 26/01/20 04:28:52 INFO TaskSetManager: Starting task 6.0 in stage 1.0 (TID 19) (519d7d29de3d, executor driver, partition 6, PROCESS_LOCAL, 8244 bytes)
[2026-01-20T04:28:52.948+0000] {subprocess.py:93} INFO - 26/01/20 04:28:52 INFO TaskSetManager: Starting task 7.0 in stage 1.0 (TID 20) (519d7d29de3d, executor driver, partition 7, PROCESS_LOCAL, 8244 bytes)
[2026-01-20T04:28:52.949+0000] {subprocess.py:93} INFO - 26/01/20 04:28:52 INFO Executor: Running task 0.0 in stage 1.0 (TID 13)
[2026-01-20T04:28:52.950+0000] {subprocess.py:93} INFO - 26/01/20 04:28:52 INFO Executor: Running task 1.0 in stage 1.0 (TID 14)
[2026-01-20T04:28:52.951+0000] {subprocess.py:93} INFO - 26/01/20 04:28:52 INFO Executor: Running task 2.0 in stage 1.0 (TID 15)
[2026-01-20T04:28:52.952+0000] {subprocess.py:93} INFO - 26/01/20 04:28:52 INFO Executor: Running task 3.0 in stage 1.0 (TID 16)
[2026-01-20T04:28:52.953+0000] {subprocess.py:93} INFO - 26/01/20 04:28:52 INFO Executor: Running task 7.0 in stage 1.0 (TID 20)
[2026-01-20T04:28:52.954+0000] {subprocess.py:93} INFO - 26/01/20 04:28:52 INFO Executor: Running task 6.0 in stage 1.0 (TID 19)
[2026-01-20T04:28:52.955+0000] {subprocess.py:93} INFO - 26/01/20 04:28:52 INFO Executor: Running task 5.0 in stage 1.0 (TID 18)
[2026-01-20T04:28:52.956+0000] {subprocess.py:93} INFO - 26/01/20 04:28:52 INFO Executor: Running task 4.0 in stage 1.0 (TID 17)
[2026-01-20T04:28:52.957+0000] {subprocess.py:93} INFO - 26/01/20 04:28:52 INFO FileScanRDD: Reading File path: file:///opt/spark-data/landing/user_events_1768879431.2231393.json, range: 25165824-29360128, partition values: [empty row]
[2026-01-20T04:28:52.958+0000] {subprocess.py:93} INFO - 26/01/20 04:28:52 INFO FileScanRDD: Reading File path: file:///opt/spark-data/landing/user_events_1768879431.2231393.json, range: 0-4194304, partition values: [empty row]
[2026-01-20T04:28:52.959+0000] {subprocess.py:93} INFO - 26/01/20 04:28:52 INFO FileScanRDD: Reading File path: file:///opt/spark-data/landing/user_events_1768879431.2231393.json, range: 12582912-16777216, partition values: [empty row]
[2026-01-20T04:28:52.960+0000] {subprocess.py:93} INFO - 26/01/20 04:28:52 INFO FileScanRDD: Reading File path: file:///opt/spark-data/landing/user_events_1768879431.2231393.json, range: 20971520-25165824, partition values: [empty row]
[2026-01-20T04:28:52.961+0000] {subprocess.py:93} INFO - 26/01/20 04:28:52 INFO FileScanRDD: Reading File path: file:///opt/spark-data/landing/user_events_1768879431.2231393.json, range: 16777216-20971520, partition values: [empty row]
[2026-01-20T04:28:52.963+0000] {subprocess.py:93} INFO - 26/01/20 04:28:52 INFO FileScanRDD: Reading File path: file:///opt/spark-data/landing/user_events_1768879431.2231393.json, range: 4194304-8388608, partition values: [empty row]
[2026-01-20T04:28:52.964+0000] {subprocess.py:93} INFO - 26/01/20 04:28:52 INFO FileScanRDD: Reading File path: file:///opt/spark-data/landing/user_events_1768879431.2231393.json, range: 29360128-33532706, partition values: [empty row]
[2026-01-20T04:28:52.966+0000] {subprocess.py:93} INFO - 26/01/20 04:28:52 INFO FileScanRDD: Reading File path: file:///opt/spark-data/landing/user_events_1768879431.2231393.json, range: 8388608-12582912, partition values: [empty row]
[2026-01-20T04:28:53.537+0000] {subprocess.py:93} INFO - 26/01/20 04:28:53 INFO Executor: Finished task 1.0 in stage 1.0 (TID 14). 2401 bytes result sent to driver
[2026-01-20T04:28:53.547+0000] {subprocess.py:93} INFO - 26/01/20 04:28:53 INFO Executor: Finished task 0.0 in stage 1.0 (TID 13). 2401 bytes result sent to driver
[2026-01-20T04:28:53.551+0000] {subprocess.py:93} INFO - 26/01/20 04:28:53 INFO TaskSetManager: Finished task 1.0 in stage 1.0 (TID 14) in 609 ms on 519d7d29de3d (executor driver) (1/8)
[2026-01-20T04:28:53.552+0000] {subprocess.py:93} INFO - 26/01/20 04:28:53 INFO TaskSetManager: Finished task 0.0 in stage 1.0 (TID 13) in 611 ms on 519d7d29de3d (executor driver) (2/8)
[2026-01-20T04:28:53.555+0000] {subprocess.py:93} INFO - 26/01/20 04:28:53 INFO Executor: Finished task 7.0 in stage 1.0 (TID 20). 2401 bytes result sent to driver
[2026-01-20T04:28:53.557+0000] {subprocess.py:93} INFO - 26/01/20 04:28:53 INFO Executor: Finished task 2.0 in stage 1.0 (TID 15). 2444 bytes result sent to driver
[2026-01-20T04:28:53.558+0000] {subprocess.py:93} INFO - 26/01/20 04:28:53 INFO Executor: Finished task 4.0 in stage 1.0 (TID 17). 2401 bytes result sent to driver
[2026-01-20T04:28:53.559+0000] {subprocess.py:93} INFO - 26/01/20 04:28:53 INFO TaskSetManager: Finished task 2.0 in stage 1.0 (TID 15) in 616 ms on 519d7d29de3d (executor driver) (3/8)
[2026-01-20T04:28:53.560+0000] {subprocess.py:93} INFO - 26/01/20 04:28:53 INFO TaskSetManager: Finished task 7.0 in stage 1.0 (TID 20) in 615 ms on 519d7d29de3d (executor driver) (4/8)
[2026-01-20T04:28:53.561+0000] {subprocess.py:93} INFO - 26/01/20 04:28:53 INFO Executor: Finished task 5.0 in stage 1.0 (TID 18). 2401 bytes result sent to driver
[2026-01-20T04:28:53.562+0000] {subprocess.py:93} INFO - 26/01/20 04:28:53 INFO TaskSetManager: Finished task 4.0 in stage 1.0 (TID 17) in 617 ms on 519d7d29de3d (executor driver) (5/8)
[2026-01-20T04:28:53.563+0000] {subprocess.py:93} INFO - 26/01/20 04:28:53 INFO Executor: Finished task 3.0 in stage 1.0 (TID 16). 2401 bytes result sent to driver
[2026-01-20T04:28:53.563+0000] {subprocess.py:93} INFO - 26/01/20 04:28:53 INFO TaskSetManager: Finished task 3.0 in stage 1.0 (TID 16) in 619 ms on 519d7d29de3d (executor driver) (6/8)
[2026-01-20T04:28:53.564+0000] {subprocess.py:93} INFO - 26/01/20 04:28:53 INFO TaskSetManager: Finished task 5.0 in stage 1.0 (TID 18) in 619 ms on 519d7d29de3d (executor driver) (7/8)
[2026-01-20T04:28:53.568+0000] {subprocess.py:93} INFO - 26/01/20 04:28:53 INFO Executor: Finished task 6.0 in stage 1.0 (TID 19). 2401 bytes result sent to driver
[2026-01-20T04:28:53.571+0000] {subprocess.py:93} INFO - 26/01/20 04:28:53 INFO TaskSetManager: Finished task 6.0 in stage 1.0 (TID 19) in 626 ms on 519d7d29de3d (executor driver) (8/8)
[2026-01-20T04:28:53.571+0000] {subprocess.py:93} INFO - 26/01/20 04:28:53 INFO TaskSchedulerImpl: Removed TaskSet 1.0, whose tasks have all completed, from pool
[2026-01-20T04:28:53.572+0000] {subprocess.py:93} INFO - 26/01/20 04:28:53 INFO DAGScheduler: ResultStage 1 (json at NativeMethodAccessorImpl.java:0) finished in 0.642 s
[2026-01-20T04:28:53.573+0000] {subprocess.py:93} INFO - 26/01/20 04:28:53 INFO DAGScheduler: Job 1 is finished. Cancelling potential speculative or zombie tasks for this job
[2026-01-20T04:28:53.574+0000] {subprocess.py:93} INFO - 26/01/20 04:28:53 INFO TaskSchedulerImpl: Killing all running tasks in stage 1: Stage finished
[2026-01-20T04:28:53.574+0000] {subprocess.py:93} INFO - 26/01/20 04:28:53 INFO DAGScheduler: Job 1 finished: json at NativeMethodAccessorImpl.java:0, took 0.648623 s
[2026-01-20T04:28:54.251+0000] {subprocess.py:93} INFO - 26/01/20 04:28:54 INFO FileSourceStrategy: Pushed Filters: IsNotNull(user_id),IsNotNull(line_items)
[2026-01-20T04:28:54.252+0000] {subprocess.py:93} INFO - 26/01/20 04:28:54 INFO FileSourceStrategy: Post-Scan Filters: isnotnull(user_id#21),(size(line_items#10, true) > 0),isnotnull(line_items#10)
[2026-01-20T04:28:54.256+0000] {subprocess.py:93} INFO - 26/01/20 04:28:54 INFO FileSourceStrategy: Pushed Filters: IsNotNull(user_id),IsNotNull(product_id)
[2026-01-20T04:28:54.257+0000] {subprocess.py:93} INFO - 26/01/20 04:28:54 INFO FileSourceStrategy: Post-Scan Filters: isnotnull(user_id#58),isnotnull(product_id#53)
[2026-01-20T04:28:54.418+0000] {subprocess.py:93} INFO - 26/01/20 04:28:54 INFO CodeGenerator: Code generated in 29.470901 ms
[2026-01-20T04:28:54.422+0000] {subprocess.py:93} INFO - 26/01/20 04:28:54 INFO MemoryStore: Block broadcast_4 stored as values in memory (estimated size 199.1 KiB, free 433.7 MiB)
[2026-01-20T04:28:54.438+0000] {subprocess.py:93} INFO - 26/01/20 04:28:54 INFO MemoryStore: Block broadcast_4_piece0 stored as bytes in memory (estimated size 34.2 KiB, free 433.7 MiB)
[2026-01-20T04:28:54.440+0000] {subprocess.py:93} INFO - 26/01/20 04:28:54 INFO BlockManagerInfo: Added broadcast_4_piece0 in memory on 519d7d29de3d:45793 (size: 34.2 KiB, free: 434.3 MiB)
[2026-01-20T04:28:54.441+0000] {subprocess.py:93} INFO - 26/01/20 04:28:54 INFO SparkContext: Created broadcast 4 from $anonfun$withThreadLocalCaptured$1 at FutureTask.java:264
[2026-01-20T04:28:54.445+0000] {subprocess.py:93} INFO - 26/01/20 04:28:54 INFO FileSourceScanExec: Planning scan with bin packing, max size: 4194304 bytes, open cost is considered as scanning 4194304 bytes.
[2026-01-20T04:28:54.482+0000] {subprocess.py:93} INFO - 26/01/20 04:28:54 INFO SparkContext: Starting job: $anonfun$withThreadLocalCaptured$1 at FutureTask.java:264
[2026-01-20T04:28:54.487+0000] {subprocess.py:93} INFO - 26/01/20 04:28:54 INFO DAGScheduler: Got job 2 ($anonfun$withThreadLocalCaptured$1 at FutureTask.java:264) with 8 output partitions
[2026-01-20T04:28:54.488+0000] {subprocess.py:93} INFO - 26/01/20 04:28:54 INFO DAGScheduler: Final stage: ResultStage 2 ($anonfun$withThreadLocalCaptured$1 at FutureTask.java:264)
[2026-01-20T04:28:54.489+0000] {subprocess.py:93} INFO - 26/01/20 04:28:54 INFO DAGScheduler: Parents of final stage: List()
[2026-01-20T04:28:54.490+0000] {subprocess.py:93} INFO - 26/01/20 04:28:54 INFO DAGScheduler: Missing parents: List()
[2026-01-20T04:28:54.491+0000] {subprocess.py:93} INFO - 26/01/20 04:28:54 INFO DAGScheduler: Submitting ResultStage 2 (MapPartitionsRDD[11] at $anonfun$withThreadLocalCaptured$1 at FutureTask.java:264), which has no missing parents
[2026-01-20T04:28:54.495+0000] {subprocess.py:93} INFO - 26/01/20 04:28:54 INFO MemoryStore: Block broadcast_5 stored as values in memory (estimated size 15.6 KiB, free 433.7 MiB)
[2026-01-20T04:28:54.499+0000] {subprocess.py:93} INFO - 26/01/20 04:28:54 INFO MemoryStore: Block broadcast_5_piece0 stored as bytes in memory (estimated size 7.4 KiB, free 433.6 MiB)
[2026-01-20T04:28:54.500+0000] {subprocess.py:93} INFO - 26/01/20 04:28:54 INFO BlockManagerInfo: Added broadcast_5_piece0 in memory on 519d7d29de3d:45793 (size: 7.4 KiB, free: 434.3 MiB)
[2026-01-20T04:28:54.501+0000] {subprocess.py:93} INFO - 26/01/20 04:28:54 INFO SparkContext: Created broadcast 5 from broadcast at DAGScheduler.scala:1580
[2026-01-20T04:28:54.502+0000] {subprocess.py:93} INFO - 26/01/20 04:28:54 INFO DAGScheduler: Submitting 8 missing tasks from ResultStage 2 (MapPartitionsRDD[11] at $anonfun$withThreadLocalCaptured$1 at FutureTask.java:264) (first 15 tasks are for partitions Vector(0, 1, 2, 3, 4, 5, 6, 7))
[2026-01-20T04:28:54.503+0000] {subprocess.py:93} INFO - 26/01/20 04:28:54 INFO TaskSchedulerImpl: Adding task set 2.0 with 8 tasks resource profile 0
[2026-01-20T04:28:54.504+0000] {subprocess.py:93} INFO - 26/01/20 04:28:54 INFO TaskSetManager: Starting task 0.0 in stage 2.0 (TID 21) (519d7d29de3d, executor driver, partition 0, PROCESS_LOCAL, 8244 bytes)
[2026-01-20T04:28:54.505+0000] {subprocess.py:93} INFO - 26/01/20 04:28:54 INFO TaskSetManager: Starting task 1.0 in stage 2.0 (TID 22) (519d7d29de3d, executor driver, partition 1, PROCESS_LOCAL, 8244 bytes)
[2026-01-20T04:28:54.506+0000] {subprocess.py:93} INFO - 26/01/20 04:28:54 INFO TaskSetManager: Starting task 2.0 in stage 2.0 (TID 23) (519d7d29de3d, executor driver, partition 2, PROCESS_LOCAL, 8244 bytes)
[2026-01-20T04:28:54.507+0000] {subprocess.py:93} INFO - 26/01/20 04:28:54 INFO TaskSetManager: Starting task 3.0 in stage 2.0 (TID 24) (519d7d29de3d, executor driver, partition 3, PROCESS_LOCAL, 8244 bytes)
[2026-01-20T04:28:54.508+0000] {subprocess.py:93} INFO - 26/01/20 04:28:54 INFO TaskSetManager: Starting task 4.0 in stage 2.0 (TID 25) (519d7d29de3d, executor driver, partition 4, PROCESS_LOCAL, 8244 bytes)
[2026-01-20T04:28:54.509+0000] {subprocess.py:93} INFO - 26/01/20 04:28:54 INFO TaskSetManager: Starting task 5.0 in stage 2.0 (TID 26) (519d7d29de3d, executor driver, partition 5, PROCESS_LOCAL, 8244 bytes)
[2026-01-20T04:28:54.510+0000] {subprocess.py:93} INFO - 26/01/20 04:28:54 INFO TaskSetManager: Starting task 6.0 in stage 2.0 (TID 27) (519d7d29de3d, executor driver, partition 6, PROCESS_LOCAL, 8244 bytes)
[2026-01-20T04:28:54.511+0000] {subprocess.py:93} INFO - 26/01/20 04:28:54 INFO TaskSetManager: Starting task 7.0 in stage 2.0 (TID 28) (519d7d29de3d, executor driver, partition 7, PROCESS_LOCAL, 8244 bytes)
[2026-01-20T04:28:54.512+0000] {subprocess.py:93} INFO - 26/01/20 04:28:54 INFO Executor: Running task 1.0 in stage 2.0 (TID 22)
[2026-01-20T04:28:54.512+0000] {subprocess.py:93} INFO - 26/01/20 04:28:54 INFO Executor: Running task 0.0 in stage 2.0 (TID 21)
[2026-01-20T04:28:54.513+0000] {subprocess.py:93} INFO - 26/01/20 04:28:54 INFO Executor: Running task 2.0 in stage 2.0 (TID 23)
[2026-01-20T04:28:54.514+0000] {subprocess.py:93} INFO - 26/01/20 04:28:54 INFO Executor: Running task 4.0 in stage 2.0 (TID 25)
[2026-01-20T04:28:54.515+0000] {subprocess.py:93} INFO - 26/01/20 04:28:54 INFO Executor: Running task 5.0 in stage 2.0 (TID 26)
[2026-01-20T04:28:54.516+0000] {subprocess.py:93} INFO - 26/01/20 04:28:54 INFO Executor: Running task 3.0 in stage 2.0 (TID 24)
[2026-01-20T04:28:54.517+0000] {subprocess.py:93} INFO - 26/01/20 04:28:54 INFO Executor: Running task 6.0 in stage 2.0 (TID 27)
[2026-01-20T04:28:54.517+0000] {subprocess.py:93} INFO - 26/01/20 04:28:54 INFO Executor: Running task 7.0 in stage 2.0 (TID 28)
[2026-01-20T04:28:54.564+0000] {subprocess.py:93} INFO - 26/01/20 04:28:54 INFO CodeGenerator: Code generated in 28.586176 ms
[2026-01-20T04:28:54.569+0000] {subprocess.py:93} INFO - 26/01/20 04:28:54 INFO FileScanRDD: Reading File path: file:///opt/spark-data/landing/user_events_1768879431.2231393.json, range: 12582912-16777216, partition values: [empty row]
[2026-01-20T04:28:54.571+0000] {subprocess.py:93} INFO - 26/01/20 04:28:54 INFO FileScanRDD: Reading File path: file:///opt/spark-data/landing/user_events_1768879431.2231393.json, range: 4194304-8388608, partition values: [empty row]
[2026-01-20T04:28:54.572+0000] {subprocess.py:93} INFO - 26/01/20 04:28:54 INFO FileScanRDD: Reading File path: file:///opt/spark-data/landing/user_events_1768879431.2231393.json, range: 0-4194304, partition values: [empty row]
[2026-01-20T04:28:54.573+0000] {subprocess.py:93} INFO - 26/01/20 04:28:54 INFO FileScanRDD: Reading File path: file:///opt/spark-data/landing/user_events_1768879431.2231393.json, range: 20971520-25165824, partition values: [empty row]
[2026-01-20T04:28:54.573+0000] {subprocess.py:93} INFO - 26/01/20 04:28:54 INFO FileScanRDD: Reading File path: file:///opt/spark-data/landing/user_events_1768879431.2231393.json, range: 25165824-29360128, partition values: [empty row]
[2026-01-20T04:28:54.574+0000] {subprocess.py:93} INFO - 26/01/20 04:28:54 INFO FileScanRDD: Reading File path: file:///opt/spark-data/landing/user_events_1768879431.2231393.json, range: 16777216-20971520, partition values: [empty row]
[2026-01-20T04:28:54.575+0000] {subprocess.py:93} INFO - 26/01/20 04:28:54 INFO FileScanRDD: Reading File path: file:///opt/spark-data/landing/user_events_1768879431.2231393.json, range: 29360128-33532706, partition values: [empty row]
[2026-01-20T04:28:54.576+0000] {subprocess.py:93} INFO - 26/01/20 04:28:54 INFO FileScanRDD: Reading File path: file:///opt/spark-data/landing/user_events_1768879431.2231393.json, range: 8388608-12582912, partition values: [empty row]
[2026-01-20T04:28:54.600+0000] {subprocess.py:93} INFO - 26/01/20 04:28:54 INFO CodeGenerator: Code generated in 23.525799 ms
[2026-01-20T04:28:54.642+0000] {subprocess.py:93} INFO - 26/01/20 04:28:54 INFO CodeGenerator: Code generated in 7.648384 ms
[2026-01-20T04:28:54.653+0000] {subprocess.py:93} INFO - 26/01/20 04:28:54 INFO CodeGenerator: Code generated in 8.42884 ms
[2026-01-20T04:28:54.834+0000] {subprocess.py:93} INFO - 26/01/20 04:28:54 INFO BlockManagerInfo: Removed broadcast_2_piece0 on 519d7d29de3d:45793 in memory (size: 34.2 KiB, free: 434.3 MiB)
[2026-01-20T04:28:54.847+0000] {subprocess.py:93} INFO - 26/01/20 04:28:54 INFO BlockManagerInfo: Removed broadcast_3_piece0 on 519d7d29de3d:45793 in memory (size: 7.5 KiB, free: 434.3 MiB)
[2026-01-20T04:28:55.181+0000] {subprocess.py:93} INFO - 26/01/20 04:28:55 INFO Executor: Finished task 6.0 in stage 2.0 (TID 27). 129991 bytes result sent to driver
[2026-01-20T04:28:55.183+0000] {subprocess.py:93} INFO - 26/01/20 04:28:55 INFO Executor: Finished task 2.0 in stage 2.0 (TID 23). 132180 bytes result sent to driver
[2026-01-20T04:28:55.184+0000] {subprocess.py:93} INFO - 26/01/20 04:28:55 INFO Executor: Finished task 3.0 in stage 2.0 (TID 24). 132558 bytes result sent to driver
[2026-01-20T04:28:55.188+0000] {subprocess.py:93} INFO - 26/01/20 04:28:55 INFO Executor: Finished task 0.0 in stage 2.0 (TID 21). 131277 bytes result sent to driver
[2026-01-20T04:28:55.190+0000] {subprocess.py:93} INFO - 26/01/20 04:28:55 INFO Executor: Finished task 1.0 in stage 2.0 (TID 22). 134096 bytes result sent to driver
[2026-01-20T04:28:55.191+0000] {subprocess.py:93} INFO - 26/01/20 04:28:55 INFO TaskSetManager: Finished task 3.0 in stage 2.0 (TID 24) in 682 ms on 519d7d29de3d (executor driver) (1/8)
[2026-01-20T04:28:55.192+0000] {subprocess.py:93} INFO - 26/01/20 04:28:55 INFO TaskSetManager: Finished task 2.0 in stage 2.0 (TID 23) in 683 ms on 519d7d29de3d (executor driver) (2/8)
[2026-01-20T04:28:55.193+0000] {subprocess.py:93} INFO - 26/01/20 04:28:55 INFO Executor: Finished task 7.0 in stage 2.0 (TID 28). 130533 bytes result sent to driver
[2026-01-20T04:28:55.194+0000] {subprocess.py:93} INFO - 26/01/20 04:28:55 INFO TaskSetManager: Finished task 6.0 in stage 2.0 (TID 27) in 680 ms on 519d7d29de3d (executor driver) (3/8)
[2026-01-20T04:28:55.195+0000] {subprocess.py:93} INFO - 26/01/20 04:28:55 INFO TaskSetManager: Finished task 0.0 in stage 2.0 (TID 21) in 687 ms on 519d7d29de3d (executor driver) (4/8)
[2026-01-20T04:28:55.196+0000] {subprocess.py:93} INFO - 26/01/20 04:28:55 INFO Executor: Finished task 5.0 in stage 2.0 (TID 26). 133763 bytes result sent to driver
[2026-01-20T04:28:55.196+0000] {subprocess.py:93} INFO - 26/01/20 04:28:55 INFO TaskSetManager: Finished task 1.0 in stage 2.0 (TID 22) in 687 ms on 519d7d29de3d (executor driver) (5/8)
[2026-01-20T04:28:55.197+0000] {subprocess.py:93} INFO - 26/01/20 04:28:55 INFO TaskSetManager: Finished task 7.0 in stage 2.0 (TID 28) in 681 ms on 519d7d29de3d (executor driver) (6/8)
[2026-01-20T04:28:55.199+0000] {subprocess.py:93} INFO - 26/01/20 04:28:55 INFO TaskSetManager: Finished task 5.0 in stage 2.0 (TID 26) in 684 ms on 519d7d29de3d (executor driver) (7/8)
[2026-01-20T04:28:55.200+0000] {subprocess.py:93} INFO - 26/01/20 04:28:55 INFO Executor: Finished task 4.0 in stage 2.0 (TID 25). 135365 bytes result sent to driver
[2026-01-20T04:28:55.201+0000] {subprocess.py:93} INFO - 26/01/20 04:28:55 INFO TaskSetManager: Finished task 4.0 in stage 2.0 (TID 25) in 689 ms on 519d7d29de3d (executor driver) (8/8)
[2026-01-20T04:28:55.203+0000] {subprocess.py:93} INFO - 26/01/20 04:28:55 INFO TaskSchedulerImpl: Removed TaskSet 2.0, whose tasks have all completed, from pool
[2026-01-20T04:28:55.204+0000] {subprocess.py:93} INFO - 26/01/20 04:28:55 INFO DAGScheduler: ResultStage 2 ($anonfun$withThreadLocalCaptured$1 at FutureTask.java:264) finished in 0.705 s
[2026-01-20T04:28:55.205+0000] {subprocess.py:93} INFO - 26/01/20 04:28:55 INFO DAGScheduler: Job 2 is finished. Cancelling potential speculative or zombie tasks for this job
[2026-01-20T04:28:55.205+0000] {subprocess.py:93} INFO - 26/01/20 04:28:55 INFO TaskSchedulerImpl: Killing all running tasks in stage 2: Stage finished
[2026-01-20T04:28:55.206+0000] {subprocess.py:93} INFO - 26/01/20 04:28:55 INFO DAGScheduler: Job 2 finished: $anonfun$withThreadLocalCaptured$1 at FutureTask.java:264, took 0.716388 s
[2026-01-20T04:28:55.238+0000] {subprocess.py:93} INFO - 26/01/20 04:28:55 INFO CodeGenerator: Code generated in 13.067463 ms
[2026-01-20T04:28:55.329+0000] {subprocess.py:93} INFO - 26/01/20 04:28:55 INFO MemoryStore: Block broadcast_6 stored as values in memory (estimated size 9.0 MiB, free 424.9 MiB)
[2026-01-20T04:28:55.373+0000] {subprocess.py:93} INFO - 26/01/20 04:28:55 INFO MemoryStore: Block broadcast_6_piece0 stored as bytes in memory (estimated size 1578.1 KiB, free 423.4 MiB)
[2026-01-20T04:28:55.375+0000] {subprocess.py:93} INFO - 26/01/20 04:28:55 INFO BlockManagerInfo: Added broadcast_6_piece0 in memory on 519d7d29de3d:45793 (size: 1578.1 KiB, free: 432.8 MiB)
[2026-01-20T04:28:55.376+0000] {subprocess.py:93} INFO - 26/01/20 04:28:55 INFO SparkContext: Created broadcast 6 from $anonfun$withThreadLocalCaptured$1 at FutureTask.java:264
[2026-01-20T04:28:55.402+0000] {subprocess.py:93} INFO - 26/01/20 04:28:55 INFO FileSourceStrategy: Pushed Filters: IsNotNull(user_id),IsNotNull(line_items)
[2026-01-20T04:28:55.404+0000] {subprocess.py:93} INFO - 26/01/20 04:28:55 INFO FileSourceStrategy: Post-Scan Filters: isnotnull(user_id#21),(size(line_items#10, true) > 0),isnotnull(line_items#10)
[2026-01-20T04:28:55.664+0000] {subprocess.py:93} INFO - 26/01/20 04:28:55 INFO FileOutputCommitter: File Output Committer Algorithm version is 1
[2026-01-20T04:28:55.666+0000] {subprocess.py:93} INFO - 26/01/20 04:28:55 INFO FileOutputCommitter: FileOutputCommitter skip cleanup _temporary folders under output directory:false, ignore cleanup failures: false
[2026-01-20T04:28:55.667+0000] {subprocess.py:93} INFO - 26/01/20 04:28:55 INFO SQLHadoopMapReduceCommitProtocol: Using output committer class org.apache.hadoop.mapreduce.lib.output.FileOutputCommitter
[2026-01-20T04:28:55.895+0000] {subprocess.py:93} INFO - 26/01/20 04:28:55 INFO CodeGenerator: Code generated in 72.648098 ms
[2026-01-20T04:28:55.900+0000] {subprocess.py:93} INFO - 26/01/20 04:28:55 INFO MemoryStore: Block broadcast_7 stored as values in memory (estimated size 199.1 KiB, free 423.2 MiB)
[2026-01-20T04:28:55.911+0000] {subprocess.py:93} INFO - 26/01/20 04:28:55 INFO MemoryStore: Block broadcast_7_piece0 stored as bytes in memory (estimated size 34.2 KiB, free 423.1 MiB)
[2026-01-20T04:28:55.912+0000] {subprocess.py:93} INFO - 26/01/20 04:28:55 INFO BlockManagerInfo: Added broadcast_7_piece0 in memory on 519d7d29de3d:45793 (size: 34.2 KiB, free: 432.7 MiB)
[2026-01-20T04:28:55.913+0000] {subprocess.py:93} INFO - 26/01/20 04:28:55 INFO SparkContext: Created broadcast 7 from csv at NativeMethodAccessorImpl.java:0
[2026-01-20T04:28:55.915+0000] {subprocess.py:93} INFO - 26/01/20 04:28:55 INFO FileSourceScanExec: Planning scan with bin packing, max size: 4194304 bytes, open cost is considered as scanning 4194304 bytes.
[2026-01-20T04:28:55.931+0000] {subprocess.py:93} INFO - 26/01/20 04:28:55 INFO SparkContext: Starting job: csv at NativeMethodAccessorImpl.java:0
[2026-01-20T04:28:55.934+0000] {subprocess.py:93} INFO - 26/01/20 04:28:55 INFO DAGScheduler: Got job 3 (csv at NativeMethodAccessorImpl.java:0) with 13 output partitions
[2026-01-20T04:28:55.935+0000] {subprocess.py:93} INFO - 26/01/20 04:28:55 INFO DAGScheduler: Final stage: ResultStage 3 (csv at NativeMethodAccessorImpl.java:0)
[2026-01-20T04:28:55.936+0000] {subprocess.py:93} INFO - 26/01/20 04:28:55 INFO DAGScheduler: Parents of final stage: List()
[2026-01-20T04:28:55.937+0000] {subprocess.py:93} INFO - 26/01/20 04:28:55 INFO DAGScheduler: Missing parents: List()
[2026-01-20T04:28:55.938+0000] {subprocess.py:93} INFO - 26/01/20 04:28:55 INFO DAGScheduler: Submitting ResultStage 3 (MapPartitionsRDD[15] at csv at NativeMethodAccessorImpl.java:0), which has no missing parents
[2026-01-20T04:28:55.979+0000] {subprocess.py:93} INFO - 26/01/20 04:28:55 INFO MemoryStore: Block broadcast_8 stored as values in memory (estimated size 233.0 KiB, free 422.9 MiB)
[2026-01-20T04:28:55.982+0000] {subprocess.py:93} INFO - 26/01/20 04:28:55 INFO MemoryStore: Block broadcast_8_piece0 stored as bytes in memory (estimated size 82.8 KiB, free 422.8 MiB)
[2026-01-20T04:28:55.983+0000] {subprocess.py:93} INFO - 26/01/20 04:28:55 INFO BlockManagerInfo: Added broadcast_8_piece0 in memory on 519d7d29de3d:45793 (size: 82.8 KiB, free: 432.7 MiB)
[2026-01-20T04:28:55.984+0000] {subprocess.py:93} INFO - 26/01/20 04:28:55 INFO SparkContext: Created broadcast 8 from broadcast at DAGScheduler.scala:1580
[2026-01-20T04:28:55.985+0000] {subprocess.py:93} INFO - 26/01/20 04:28:55 INFO DAGScheduler: Submitting 13 missing tasks from ResultStage 3 (MapPartitionsRDD[15] at csv at NativeMethodAccessorImpl.java:0) (first 15 tasks are for partitions Vector(0, 1, 2, 3, 4, 5, 6, 7, 8, 9, 10, 11, 12))
[2026-01-20T04:28:55.986+0000] {subprocess.py:93} INFO - 26/01/20 04:28:55 INFO TaskSchedulerImpl: Adding task set 3.0 with 13 tasks resource profile 0
[2026-01-20T04:28:55.986+0000] {subprocess.py:93} INFO - 26/01/20 04:28:55 INFO TaskSetManager: Starting task 0.0 in stage 3.0 (TID 29) (519d7d29de3d, executor driver, partition 0, PROCESS_LOCAL, 8251 bytes)
[2026-01-20T04:28:55.987+0000] {subprocess.py:93} INFO - 26/01/20 04:28:55 INFO TaskSetManager: Starting task 1.0 in stage 3.0 (TID 30) (519d7d29de3d, executor driver, partition 1, PROCESS_LOCAL, 8251 bytes)
[2026-01-20T04:28:55.988+0000] {subprocess.py:93} INFO - 26/01/20 04:28:55 INFO TaskSetManager: Starting task 2.0 in stage 3.0 (TID 31) (519d7d29de3d, executor driver, partition 2, PROCESS_LOCAL, 8251 bytes)
[2026-01-20T04:28:55.989+0000] {subprocess.py:93} INFO - 26/01/20 04:28:55 INFO TaskSetManager: Starting task 3.0 in stage 3.0 (TID 32) (519d7d29de3d, executor driver, partition 3, PROCESS_LOCAL, 8251 bytes)
[2026-01-20T04:28:55.990+0000] {subprocess.py:93} INFO - 26/01/20 04:28:55 INFO TaskSetManager: Starting task 4.0 in stage 3.0 (TID 33) (519d7d29de3d, executor driver, partition 4, PROCESS_LOCAL, 8251 bytes)
[2026-01-20T04:28:55.990+0000] {subprocess.py:93} INFO - 26/01/20 04:28:55 INFO TaskSetManager: Starting task 5.0 in stage 3.0 (TID 34) (519d7d29de3d, executor driver, partition 5, PROCESS_LOCAL, 8251 bytes)
[2026-01-20T04:28:55.993+0000] {subprocess.py:93} INFO - 26/01/20 04:28:55 INFO TaskSetManager: Starting task 6.0 in stage 3.0 (TID 35) (519d7d29de3d, executor driver, partition 6, PROCESS_LOCAL, 8251 bytes)
[2026-01-20T04:28:55.994+0000] {subprocess.py:93} INFO - 26/01/20 04:28:55 INFO TaskSetManager: Starting task 7.0 in stage 3.0 (TID 36) (519d7d29de3d, executor driver, partition 7, PROCESS_LOCAL, 8251 bytes)
[2026-01-20T04:28:55.996+0000] {subprocess.py:93} INFO - 26/01/20 04:28:55 INFO TaskSetManager: Starting task 8.0 in stage 3.0 (TID 37) (519d7d29de3d, executor driver, partition 8, PROCESS_LOCAL, 8251 bytes)
[2026-01-20T04:28:56.004+0000] {subprocess.py:93} INFO - 26/01/20 04:28:55 INFO TaskSetManager: Starting task 9.0 in stage 3.0 (TID 38) (519d7d29de3d, executor driver, partition 9, PROCESS_LOCAL, 8251 bytes)
[2026-01-20T04:28:56.005+0000] {subprocess.py:93} INFO - 26/01/20 04:28:55 INFO TaskSetManager: Starting task 10.0 in stage 3.0 (TID 39) (519d7d29de3d, executor driver, partition 10, PROCESS_LOCAL, 8251 bytes)
[2026-01-20T04:28:56.006+0000] {subprocess.py:93} INFO - 26/01/20 04:28:55 INFO TaskSetManager: Starting task 11.0 in stage 3.0 (TID 40) (519d7d29de3d, executor driver, partition 11, PROCESS_LOCAL, 8251 bytes)
[2026-01-20T04:28:56.008+0000] {subprocess.py:93} INFO - 26/01/20 04:28:55 INFO TaskSetManager: Starting task 12.0 in stage 3.0 (TID 41) (519d7d29de3d, executor driver, partition 12, PROCESS_LOCAL, 8251 bytes)
[2026-01-20T04:28:56.009+0000] {subprocess.py:93} INFO - 26/01/20 04:28:55 INFO Executor: Running task 0.0 in stage 3.0 (TID 29)
[2026-01-20T04:28:56.010+0000] {subprocess.py:93} INFO - 26/01/20 04:28:55 INFO Executor: Running task 5.0 in stage 3.0 (TID 34)
[2026-01-20T04:28:56.014+0000] {subprocess.py:93} INFO - 26/01/20 04:28:55 INFO Executor: Running task 6.0 in stage 3.0 (TID 35)
[2026-01-20T04:28:56.016+0000] {subprocess.py:93} INFO - 26/01/20 04:28:55 INFO Executor: Running task 2.0 in stage 3.0 (TID 31)
[2026-01-20T04:28:56.017+0000] {subprocess.py:93} INFO - 26/01/20 04:28:55 INFO Executor: Running task 4.0 in stage 3.0 (TID 33)
[2026-01-20T04:28:56.018+0000] {subprocess.py:93} INFO - 26/01/20 04:28:55 INFO Executor: Running task 1.0 in stage 3.0 (TID 30)
[2026-01-20T04:28:56.020+0000] {subprocess.py:93} INFO - 26/01/20 04:28:55 INFO Executor: Running task 7.0 in stage 3.0 (TID 36)
[2026-01-20T04:28:56.020+0000] {subprocess.py:93} INFO - 26/01/20 04:28:55 INFO Executor: Running task 8.0 in stage 3.0 (TID 37)
[2026-01-20T04:28:56.021+0000] {subprocess.py:93} INFO - 26/01/20 04:28:55 INFO Executor: Running task 3.0 in stage 3.0 (TID 32)
[2026-01-20T04:28:56.022+0000] {subprocess.py:93} INFO - 26/01/20 04:28:55 INFO Executor: Running task 10.0 in stage 3.0 (TID 39)
[2026-01-20T04:28:56.023+0000] {subprocess.py:93} INFO - 26/01/20 04:28:55 INFO Executor: Running task 11.0 in stage 3.0 (TID 40)
[2026-01-20T04:28:56.024+0000] {subprocess.py:93} INFO - 26/01/20 04:28:55 INFO Executor: Running task 12.0 in stage 3.0 (TID 41)
[2026-01-20T04:28:56.025+0000] {subprocess.py:93} INFO - 26/01/20 04:28:56 INFO Executor: Running task 9.0 in stage 3.0 (TID 38)
[2026-01-20T04:28:56.173+0000] {subprocess.py:93} INFO - 26/01/20 04:28:56 INFO CodeGenerator: Code generated in 75.270597 ms
[2026-01-20T04:28:56.183+0000] {subprocess.py:93} INFO - 26/01/20 04:28:56 INFO FileOutputCommitter: File Output Committer Algorithm version is 1
[2026-01-20T04:28:56.185+0000] {subprocess.py:93} INFO - 26/01/20 04:28:56 INFO FileOutputCommitter: File Output Committer Algorithm version is 1
[2026-01-20T04:28:56.186+0000] {subprocess.py:93} INFO - 26/01/20 04:28:56 INFO FileOutputCommitter: File Output Committer Algorithm version is 1
[2026-01-20T04:28:56.187+0000] {subprocess.py:93} INFO - 26/01/20 04:28:56 INFO FileOutputCommitter: FileOutputCommitter skip cleanup _temporary folders under output directory:false, ignore cleanup failures: false
[2026-01-20T04:28:56.188+0000] {subprocess.py:93} INFO - 26/01/20 04:28:56 INFO FileOutputCommitter: FileOutputCommitter skip cleanup _temporary folders under output directory:false, ignore cleanup failures: false
[2026-01-20T04:28:56.189+0000] {subprocess.py:93} INFO - 26/01/20 04:28:56 INFO FileOutputCommitter: File Output Committer Algorithm version is 1
[2026-01-20T04:28:56.190+0000] {subprocess.py:93} INFO - 26/01/20 04:28:56 INFO FileOutputCommitter: File Output Committer Algorithm version is 1
[2026-01-20T04:28:56.191+0000] {subprocess.py:93} INFO - 26/01/20 04:28:56 INFO FileOutputCommitter: File Output Committer Algorithm version is 1
[2026-01-20T04:28:56.193+0000] {subprocess.py:93} INFO - 26/01/20 04:28:56 INFO FileOutputCommitter: FileOutputCommitter skip cleanup _temporary folders under output directory:false, ignore cleanup failures: false
[2026-01-20T04:28:56.194+0000] {subprocess.py:93} INFO - 26/01/20 04:28:56 INFO FileOutputCommitter: FileOutputCommitter skip cleanup _temporary folders under output directory:false, ignore cleanup failures: false
[2026-01-20T04:28:56.195+0000] {subprocess.py:93} INFO - 26/01/20 04:28:56 INFO FileOutputCommitter: FileOutputCommitter skip cleanup _temporary folders under output directory:false, ignore cleanup failures: false
[2026-01-20T04:28:56.197+0000] {subprocess.py:93} INFO - 26/01/20 04:28:56 INFO FileOutputCommitter: File Output Committer Algorithm version is 1
[2026-01-20T04:28:56.198+0000] {subprocess.py:93} INFO - 26/01/20 04:28:56 INFO FileOutputCommitter: FileOutputCommitter skip cleanup _temporary folders under output directory:false, ignore cleanup failures: false
[2026-01-20T04:28:56.198+0000] {subprocess.py:93} INFO - 26/01/20 04:28:56 INFO FileOutputCommitter: File Output Committer Algorithm version is 1
[2026-01-20T04:28:56.199+0000] {subprocess.py:93} INFO - 26/01/20 04:28:56 INFO FileOutputCommitter: File Output Committer Algorithm version is 1
[2026-01-20T04:28:56.201+0000] {subprocess.py:93} INFO - 26/01/20 04:28:56 INFO FileOutputCommitter: File Output Committer Algorithm version is 1
[2026-01-20T04:28:56.202+0000] {subprocess.py:93} INFO - 26/01/20 04:28:56 INFO FileOutputCommitter: FileOutputCommitter skip cleanup _temporary folders under output directory:false, ignore cleanup failures: false
[2026-01-20T04:28:56.219+0000] {subprocess.py:93} INFO - 26/01/20 04:28:56 INFO FileOutputCommitter: FileOutputCommitter skip cleanup _temporary folders under output directory:false, ignore cleanup failures: false
[2026-01-20T04:28:56.220+0000] {subprocess.py:93} INFO - 26/01/20 04:28:56 INFO FileOutputCommitter: File Output Committer Algorithm version is 1
[2026-01-20T04:28:56.222+0000] {subprocess.py:93} INFO - 26/01/20 04:28:56 INFO FileOutputCommitter: File Output Committer Algorithm version is 1
[2026-01-20T04:28:56.223+0000] {subprocess.py:93} INFO - 26/01/20 04:28:56 INFO FileOutputCommitter: FileOutputCommitter skip cleanup _temporary folders under output directory:false, ignore cleanup failures: false
[2026-01-20T04:28:56.224+0000] {subprocess.py:93} INFO - 26/01/20 04:28:56 INFO FileOutputCommitter: FileOutputCommitter skip cleanup _temporary folders under output directory:false, ignore cleanup failures: false
[2026-01-20T04:28:56.225+0000] {subprocess.py:93} INFO - 26/01/20 04:28:56 INFO SQLHadoopMapReduceCommitProtocol: Using output committer class org.apache.hadoop.mapreduce.lib.output.FileOutputCommitter
[2026-01-20T04:28:56.226+0000] {subprocess.py:93} INFO - 26/01/20 04:28:56 INFO FileOutputCommitter: FileOutputCommitter skip cleanup _temporary folders under output directory:false, ignore cleanup failures: false
[2026-01-20T04:28:56.228+0000] {subprocess.py:93} INFO - 26/01/20 04:28:56 INFO SQLHadoopMapReduceCommitProtocol: Using output committer class org.apache.hadoop.mapreduce.lib.output.FileOutputCommitter
[2026-01-20T04:28:56.229+0000] {subprocess.py:93} INFO - 26/01/20 04:28:56 INFO FileScanRDD: Reading File path: file:///opt/spark-data/landing/transaction_events_1768879479.1820476.json, range: 33554432-37748736, partition values: [empty row]
[2026-01-20T04:28:56.230+0000] {subprocess.py:93} INFO - 26/01/20 04:28:56 INFO SQLHadoopMapReduceCommitProtocol: Using output committer class org.apache.hadoop.mapreduce.lib.output.FileOutputCommitter
[2026-01-20T04:28:56.231+0000] {subprocess.py:93} INFO - 26/01/20 04:28:56 INFO FileOutputCommitter: FileOutputCommitter skip cleanup _temporary folders under output directory:false, ignore cleanup failures: false
[2026-01-20T04:28:56.232+0000] {subprocess.py:93} INFO - 26/01/20 04:28:56 INFO SQLHadoopMapReduceCommitProtocol: Using output committer class org.apache.hadoop.mapreduce.lib.output.FileOutputCommitter
[2026-01-20T04:28:56.233+0000] {subprocess.py:93} INFO - 26/01/20 04:28:56 INFO SQLHadoopMapReduceCommitProtocol: Using output committer class org.apache.hadoop.mapreduce.lib.output.FileOutputCommitter
[2026-01-20T04:28:56.234+0000] {subprocess.py:93} INFO - 26/01/20 04:28:56 INFO SQLHadoopMapReduceCommitProtocol: Using output committer class org.apache.hadoop.mapreduce.lib.output.FileOutputCommitter
[2026-01-20T04:28:56.235+0000] {subprocess.py:93} INFO - 26/01/20 04:28:56 INFO FileScanRDD: Reading File path: file:///opt/spark-data/landing/transaction_events_1768879479.1820476.json, range: 50331648-51561162, partition values: [empty row]
[2026-01-20T04:28:56.235+0000] {subprocess.py:93} INFO - 26/01/20 04:28:56 INFO FileScanRDD: Reading File path: file:///opt/spark-data/landing/transaction_events_1768879479.1820476.json, range: 25165824-29360128, partition values: [empty row]
[2026-01-20T04:28:56.237+0000] {subprocess.py:93} INFO - 26/01/20 04:28:56 INFO FileScanRDD: Reading File path: file:///opt/spark-data/landing/transaction_events_1768879479.1820476.json, range: 8388608-12582912, partition values: [empty row]
[2026-01-20T04:28:56.237+0000] {subprocess.py:93} INFO - 26/01/20 04:28:56 INFO SQLHadoopMapReduceCommitProtocol: Using output committer class org.apache.hadoop.mapreduce.lib.output.FileOutputCommitter
[2026-01-20T04:28:56.238+0000] {subprocess.py:93} INFO - 26/01/20 04:28:56 INFO FileScanRDD: Reading File path: file:///opt/spark-data/landing/transaction_events_1768879479.1820476.json, range: 41943040-46137344, partition values: [empty row]
[2026-01-20T04:28:56.239+0000] {subprocess.py:93} INFO - 26/01/20 04:28:56 INFO SQLHadoopMapReduceCommitProtocol: Using output committer class org.apache.hadoop.mapreduce.lib.output.FileOutputCommitter
[2026-01-20T04:28:56.240+0000] {subprocess.py:93} INFO - 26/01/20 04:28:56 INFO FileScanRDD: Reading File path: file:///opt/spark-data/landing/transaction_events_1768879479.1820476.json, range: 16777216-20971520, partition values: [empty row]
[2026-01-20T04:28:56.241+0000] {subprocess.py:93} INFO - 26/01/20 04:28:56 INFO FileScanRDD: Reading File path: file:///opt/spark-data/landing/transaction_events_1768879479.1820476.json, range: 29360128-33554432, partition values: [empty row]
[2026-01-20T04:28:56.242+0000] {subprocess.py:93} INFO - 26/01/20 04:28:56 INFO SQLHadoopMapReduceCommitProtocol: Using output committer class org.apache.hadoop.mapreduce.lib.output.FileOutputCommitter
[2026-01-20T04:28:56.243+0000] {subprocess.py:93} INFO - 26/01/20 04:28:56 INFO FileScanRDD: Reading File path: file:///opt/spark-data/landing/transaction_events_1768879479.1820476.json, range: 12582912-16777216, partition values: [empty row]
[2026-01-20T04:28:56.244+0000] {subprocess.py:93} INFO - 26/01/20 04:28:56 INFO SQLHadoopMapReduceCommitProtocol: Using output committer class org.apache.hadoop.mapreduce.lib.output.FileOutputCommitter
[2026-01-20T04:28:56.245+0000] {subprocess.py:93} INFO - 26/01/20 04:28:56 INFO FileScanRDD: Reading File path: file:///opt/spark-data/landing/transaction_events_1768879479.1820476.json, range: 46137344-50331648, partition values: [empty row]
[2026-01-20T04:28:56.249+0000] {subprocess.py:93} INFO - 26/01/20 04:28:56 INFO FileOutputCommitter: File Output Committer Algorithm version is 1
[2026-01-20T04:28:56.251+0000] {subprocess.py:93} INFO - 26/01/20 04:28:56 INFO FileOutputCommitter: FileOutputCommitter skip cleanup _temporary folders under output directory:false, ignore cleanup failures: false
[2026-01-20T04:28:56.253+0000] {subprocess.py:93} INFO - 26/01/20 04:28:56 INFO SQLHadoopMapReduceCommitProtocol: Using output committer class org.apache.hadoop.mapreduce.lib.output.FileOutputCommitter
[2026-01-20T04:28:56.254+0000] {subprocess.py:93} INFO - 26/01/20 04:28:56 INFO SQLHadoopMapReduceCommitProtocol: Using output committer class org.apache.hadoop.mapreduce.lib.output.FileOutputCommitter
[2026-01-20T04:28:56.255+0000] {subprocess.py:93} INFO - 26/01/20 04:28:56 INFO FileScanRDD: Reading File path: file:///opt/spark-data/landing/transaction_events_1768879479.1820476.json, range: 37748736-41943040, partition values: [empty row]
[2026-01-20T04:28:56.256+0000] {subprocess.py:93} INFO - 26/01/20 04:28:56 INFO FileScanRDD: Reading File path: file:///opt/spark-data/landing/transaction_events_1768879479.1820476.json, range: 4194304-8388608, partition values: [empty row]
[2026-01-20T04:28:56.257+0000] {subprocess.py:93} INFO - 26/01/20 04:28:56 INFO SQLHadoopMapReduceCommitProtocol: Using output committer class org.apache.hadoop.mapreduce.lib.output.FileOutputCommitter
[2026-01-20T04:28:56.258+0000] {subprocess.py:93} INFO - 26/01/20 04:28:56 INFO FileScanRDD: Reading File path: file:///opt/spark-data/landing/transaction_events_1768879479.1820476.json, range: 20971520-25165824, partition values: [empty row]
[2026-01-20T04:28:56.258+0000] {subprocess.py:93} INFO - 26/01/20 04:28:56 INFO CodeGenerator: Code generated in 31.614034 ms
[2026-01-20T04:28:56.259+0000] {subprocess.py:93} INFO - 26/01/20 04:28:56 INFO CodeGenerator: Code generated in 8.04252 ms
[2026-01-20T04:28:56.486+0000] {subprocess.py:93} INFO - 26/01/20 04:28:56 INFO FileScanRDD: Reading File path: file:///opt/spark-data/landing/transaction_events_1768879479.1820476.json, range: 0-4194304, partition values: [empty row]
[2026-01-20T04:28:56.929+0000] {subprocess.py:93} INFO - 26/01/20 04:28:56 INFO FileOutputCommitter: Saved output of task 'attempt_202601200428556130752920931966540_0003_m_000012_41' to file:/opt/spark-data/gold/advertising/_temporary/0/task_202601200428556130752920931966540_0003_m_000012
[2026-01-20T04:28:56.931+0000] {subprocess.py:93} INFO - 26/01/20 04:28:56 INFO SparkHadoopMapRedUtil: attempt_202601200428556130752920931966540_0003_m_000012_41: Committed. Elapsed time: 43 ms.
[2026-01-20T04:28:56.959+0000] {subprocess.py:93} INFO - 26/01/20 04:28:56 INFO Executor: Finished task 12.0 in stage 3.0 (TID 41). 2936 bytes result sent to driver
[2026-01-20T04:28:56.972+0000] {subprocess.py:93} INFO - 26/01/20 04:28:56 INFO TaskSetManager: Finished task 12.0 in stage 3.0 (TID 41) in 969 ms on 519d7d29de3d (executor driver) (1/13)
[2026-01-20T04:28:57.291+0000] {subprocess.py:93} INFO - 26/01/20 04:28:57 INFO FileOutputCommitter: Saved output of task 'attempt_202601200428556130752920931966540_0003_m_000008_37' to file:/opt/spark-data/gold/advertising/_temporary/0/task_202601200428556130752920931966540_0003_m_000008
[2026-01-20T04:28:57.292+0000] {subprocess.py:93} INFO - 26/01/20 04:28:57 INFO SparkHadoopMapRedUtil: attempt_202601200428556130752920931966540_0003_m_000008_37: Committed. Elapsed time: 44 ms.
[2026-01-20T04:28:57.295+0000] {subprocess.py:93} INFO - 26/01/20 04:28:57 INFO Executor: Finished task 8.0 in stage 3.0 (TID 37). 2893 bytes result sent to driver
[2026-01-20T04:28:57.296+0000] {subprocess.py:93} INFO - 26/01/20 04:28:57 INFO TaskSetManager: Finished task 8.0 in stage 3.0 (TID 37) in 1305 ms on 519d7d29de3d (executor driver) (2/13)
[2026-01-20T04:28:57.299+0000] {subprocess.py:93} INFO - 26/01/20 04:28:57 INFO FileOutputCommitter: Saved output of task 'attempt_202601200428556130752920931966540_0003_m_000009_38' to file:/opt/spark-data/gold/advertising/_temporary/0/task_202601200428556130752920931966540_0003_m_000009
[2026-01-20T04:28:57.300+0000] {subprocess.py:93} INFO - 26/01/20 04:28:57 INFO SparkHadoopMapRedUtil: attempt_202601200428556130752920931966540_0003_m_000009_38: Committed. Elapsed time: 44 ms.
[2026-01-20T04:28:57.301+0000] {subprocess.py:93} INFO - 26/01/20 04:28:57 INFO Executor: Finished task 9.0 in stage 3.0 (TID 38). 2893 bytes result sent to driver
[2026-01-20T04:28:57.302+0000] {subprocess.py:93} INFO - 26/01/20 04:28:57 INFO TaskSetManager: Finished task 9.0 in stage 3.0 (TID 38) in 1311 ms on 519d7d29de3d (executor driver) (3/13)
[2026-01-20T04:28:57.305+0000] {subprocess.py:93} INFO - 26/01/20 04:28:57 INFO FileOutputCommitter: Saved output of task 'attempt_202601200428556130752920931966540_0003_m_000003_32' to file:/opt/spark-data/gold/advertising/_temporary/0/task_202601200428556130752920931966540_0003_m_000003
[2026-01-20T04:28:57.306+0000] {subprocess.py:93} INFO - 26/01/20 04:28:57 INFO SparkHadoopMapRedUtil: attempt_202601200428556130752920931966540_0003_m_000003_32: Committed. Elapsed time: 47 ms.
[2026-01-20T04:28:57.307+0000] {subprocess.py:93} INFO - 26/01/20 04:28:57 INFO Executor: Finished task 3.0 in stage 3.0 (TID 32). 2893 bytes result sent to driver
[2026-01-20T04:28:57.307+0000] {subprocess.py:93} INFO - 26/01/20 04:28:57 INFO TaskSetManager: Finished task 3.0 in stage 3.0 (TID 32) in 1319 ms on 519d7d29de3d (executor driver) (4/13)
[2026-01-20T04:28:57.311+0000] {subprocess.py:93} INFO - 26/01/20 04:28:57 INFO FileOutputCommitter: Saved output of task 'attempt_202601200428556130752920931966540_0003_m_000011_40' to file:/opt/spark-data/gold/advertising/_temporary/0/task_202601200428556130752920931966540_0003_m_000011
[2026-01-20T04:28:57.312+0000] {subprocess.py:93} INFO - 26/01/20 04:28:57 INFO SparkHadoopMapRedUtil: attempt_202601200428556130752920931966540_0003_m_000011_40: Committed. Elapsed time: 53 ms.
[2026-01-20T04:28:57.312+0000] {subprocess.py:93} INFO - 26/01/20 04:28:57 INFO Executor: Finished task 11.0 in stage 3.0 (TID 40). 2893 bytes result sent to driver
[2026-01-20T04:28:57.313+0000] {subprocess.py:93} INFO - 26/01/20 04:28:57 INFO TaskSetManager: Finished task 11.0 in stage 3.0 (TID 40) in 1321 ms on 519d7d29de3d (executor driver) (5/13)
[2026-01-20T04:28:57.315+0000] {subprocess.py:93} INFO - 26/01/20 04:28:57 INFO FileOutputCommitter: Saved output of task 'attempt_202601200428556130752920931966540_0003_m_000004_33' to file:/opt/spark-data/gold/advertising/_temporary/0/task_202601200428556130752920931966540_0003_m_000004
[2026-01-20T04:28:57.316+0000] {subprocess.py:93} INFO - 26/01/20 04:28:57 INFO SparkHadoopMapRedUtil: attempt_202601200428556130752920931966540_0003_m_000004_33: Committed. Elapsed time: 55 ms.
[2026-01-20T04:28:57.317+0000] {subprocess.py:93} INFO - 26/01/20 04:28:57 INFO Executor: Finished task 4.0 in stage 3.0 (TID 33). 2893 bytes result sent to driver
[2026-01-20T04:28:57.319+0000] {subprocess.py:93} INFO - 26/01/20 04:28:57 INFO TaskSetManager: Finished task 4.0 in stage 3.0 (TID 33) in 1330 ms on 519d7d29de3d (executor driver) (6/13)
[2026-01-20T04:28:57.321+0000] {subprocess.py:93} INFO - 26/01/20 04:28:57 INFO FileOutputCommitter: Saved output of task 'attempt_202601200428556130752920931966540_0003_m_000006_35' to file:/opt/spark-data/gold/advertising/_temporary/0/task_202601200428556130752920931966540_0003_m_000006
[2026-01-20T04:28:57.322+0000] {subprocess.py:93} INFO - 26/01/20 04:28:57 INFO SparkHadoopMapRedUtil: attempt_202601200428556130752920931966540_0003_m_000006_35: Committed. Elapsed time: 60 ms.
[2026-01-20T04:28:57.323+0000] {subprocess.py:93} INFO - 26/01/20 04:28:57 INFO Executor: Finished task 6.0 in stage 3.0 (TID 35). 2893 bytes result sent to driver
[2026-01-20T04:28:57.323+0000] {subprocess.py:93} INFO - 26/01/20 04:28:57 INFO TaskSetManager: Finished task 6.0 in stage 3.0 (TID 35) in 1333 ms on 519d7d29de3d (executor driver) (7/13)
[2026-01-20T04:28:57.326+0000] {subprocess.py:93} INFO - 26/01/20 04:28:57 INFO FileOutputCommitter: Saved output of task 'attempt_202601200428556130752920931966540_0003_m_000010_39' to file:/opt/spark-data/gold/advertising/_temporary/0/task_202601200428556130752920931966540_0003_m_000010
[2026-01-20T04:28:57.327+0000] {subprocess.py:93} INFO - 26/01/20 04:28:57 INFO SparkHadoopMapRedUtil: attempt_202601200428556130752920931966540_0003_m_000010_39: Committed. Elapsed time: 66 ms.
[2026-01-20T04:28:57.328+0000] {subprocess.py:93} INFO - 26/01/20 04:28:57 INFO Executor: Finished task 10.0 in stage 3.0 (TID 39). 2893 bytes result sent to driver
[2026-01-20T04:28:57.329+0000] {subprocess.py:93} INFO - 26/01/20 04:28:57 INFO TaskSetManager: Finished task 10.0 in stage 3.0 (TID 39) in 1338 ms on 519d7d29de3d (executor driver) (8/13)
[2026-01-20T04:28:57.332+0000] {subprocess.py:93} INFO - 26/01/20 04:28:57 INFO FileOutputCommitter: Saved output of task 'attempt_202601200428556130752920931966540_0003_m_000007_36' to file:/opt/spark-data/gold/advertising/_temporary/0/task_202601200428556130752920931966540_0003_m_000007
[2026-01-20T04:28:57.333+0000] {subprocess.py:93} INFO - 26/01/20 04:28:57 INFO SparkHadoopMapRedUtil: attempt_202601200428556130752920931966540_0003_m_000007_36: Committed. Elapsed time: 69 ms.
[2026-01-20T04:28:57.334+0000] {subprocess.py:93} INFO - 26/01/20 04:28:57 INFO Executor: Finished task 7.0 in stage 3.0 (TID 36). 2893 bytes result sent to driver
[2026-01-20T04:28:57.335+0000] {subprocess.py:93} INFO - 26/01/20 04:28:57 INFO TaskSetManager: Finished task 7.0 in stage 3.0 (TID 36) in 1344 ms on 519d7d29de3d (executor driver) (9/13)
[2026-01-20T04:28:57.339+0000] {subprocess.py:93} INFO - 26/01/20 04:28:57 INFO FileOutputCommitter: Saved output of task 'attempt_202601200428556130752920931966540_0003_m_000000_29' to file:/opt/spark-data/gold/advertising/_temporary/0/task_202601200428556130752920931966540_0003_m_000000
[2026-01-20T04:28:57.339+0000] {subprocess.py:93} INFO - 26/01/20 04:28:57 INFO SparkHadoopMapRedUtil: attempt_202601200428556130752920931966540_0003_m_000000_29: Committed. Elapsed time: 78 ms.
[2026-01-20T04:28:57.340+0000] {subprocess.py:93} INFO - 26/01/20 04:28:57 INFO Executor: Finished task 0.0 in stage 3.0 (TID 29). 2893 bytes result sent to driver
[2026-01-20T04:28:57.341+0000] {subprocess.py:93} INFO - 26/01/20 04:28:57 INFO TaskSetManager: Finished task 0.0 in stage 3.0 (TID 29) in 1355 ms on 519d7d29de3d (executor driver) (10/13)
[2026-01-20T04:28:57.344+0000] {subprocess.py:93} INFO - 26/01/20 04:28:57 INFO FileOutputCommitter: Saved output of task 'attempt_202601200428556130752920931966540_0003_m_000001_30' to file:/opt/spark-data/gold/advertising/_temporary/0/task_202601200428556130752920931966540_0003_m_000001
[2026-01-20T04:28:57.345+0000] {subprocess.py:93} INFO - 26/01/20 04:28:57 INFO SparkHadoopMapRedUtil: attempt_202601200428556130752920931966540_0003_m_000001_30: Committed. Elapsed time: 81 ms.
[2026-01-20T04:28:57.345+0000] {subprocess.py:93} INFO - 26/01/20 04:28:57 INFO Executor: Finished task 1.0 in stage 3.0 (TID 30). 2893 bytes result sent to driver
[2026-01-20T04:28:57.346+0000] {subprocess.py:93} INFO - 26/01/20 04:28:57 INFO TaskSetManager: Finished task 1.0 in stage 3.0 (TID 30) in 1359 ms on 519d7d29de3d (executor driver) (11/13)
[2026-01-20T04:28:57.349+0000] {subprocess.py:93} INFO - 26/01/20 04:28:57 INFO FileOutputCommitter: Saved output of task 'attempt_202601200428556130752920931966540_0003_m_000002_31' to file:/opt/spark-data/gold/advertising/_temporary/0/task_202601200428556130752920931966540_0003_m_000002
[2026-01-20T04:28:57.349+0000] {subprocess.py:93} INFO - 26/01/20 04:28:57 INFO SparkHadoopMapRedUtil: attempt_202601200428556130752920931966540_0003_m_000002_31: Committed. Elapsed time: 86 ms.
[2026-01-20T04:28:57.350+0000] {subprocess.py:93} INFO - 26/01/20 04:28:57 INFO Executor: Finished task 2.0 in stage 3.0 (TID 31). 2893 bytes result sent to driver
[2026-01-20T04:28:57.352+0000] {subprocess.py:93} INFO - 26/01/20 04:28:57 INFO TaskSetManager: Finished task 2.0 in stage 3.0 (TID 31) in 1365 ms on 519d7d29de3d (executor driver) (12/13)
[2026-01-20T04:28:57.354+0000] {subprocess.py:93} INFO - 26/01/20 04:28:57 INFO FileOutputCommitter: Saved output of task 'attempt_202601200428556130752920931966540_0003_m_000005_34' to file:/opt/spark-data/gold/advertising/_temporary/0/task_202601200428556130752920931966540_0003_m_000005
[2026-01-20T04:28:57.355+0000] {subprocess.py:93} INFO - 26/01/20 04:28:57 INFO SparkHadoopMapRedUtil: attempt_202601200428556130752920931966540_0003_m_000005_34: Committed. Elapsed time: 74 ms.
[2026-01-20T04:28:57.359+0000] {subprocess.py:93} INFO - 26/01/20 04:28:57 INFO Executor: Finished task 5.0 in stage 3.0 (TID 34). 2936 bytes result sent to driver
[2026-01-20T04:28:57.360+0000] {subprocess.py:93} INFO - 26/01/20 04:28:57 INFO TaskSetManager: Finished task 5.0 in stage 3.0 (TID 34) in 1371 ms on 519d7d29de3d (executor driver) (13/13)
[2026-01-20T04:28:57.361+0000] {subprocess.py:93} INFO - 26/01/20 04:28:57 INFO TaskSchedulerImpl: Removed TaskSet 3.0, whose tasks have all completed, from pool
[2026-01-20T04:28:57.362+0000] {subprocess.py:93} INFO - 26/01/20 04:28:57 INFO DAGScheduler: ResultStage 3 (csv at NativeMethodAccessorImpl.java:0) finished in 1.424 s
[2026-01-20T04:28:57.362+0000] {subprocess.py:93} INFO - 26/01/20 04:28:57 INFO DAGScheduler: Job 3 is finished. Cancelling potential speculative or zombie tasks for this job
[2026-01-20T04:28:57.363+0000] {subprocess.py:93} INFO - 26/01/20 04:28:57 INFO TaskSchedulerImpl: Killing all running tasks in stage 3: Stage finished
[2026-01-20T04:28:57.364+0000] {subprocess.py:93} INFO - 26/01/20 04:28:57 INFO DAGScheduler: Job 3 finished: csv at NativeMethodAccessorImpl.java:0, took 1.430107 s
[2026-01-20T04:28:57.365+0000] {subprocess.py:93} INFO - 26/01/20 04:28:57 INFO FileFormatWriter: Start to commit write Job 499cabf5-f1a0-4e8f-92e6-f7ecea3ba889.
[2026-01-20T04:28:58.840+0000] {subprocess.py:93} INFO - 26/01/20 04:28:58 INFO FileFormatWriter: Write Job 499cabf5-f1a0-4e8f-92e6-f7ecea3ba889 committed. Elapsed time: 1475 ms.
[2026-01-20T04:28:58.842+0000] {subprocess.py:93} INFO - 26/01/20 04:28:58 INFO FileFormatWriter: Finished processing stats for write job 499cabf5-f1a0-4e8f-92e6-f7ecea3ba889.
[2026-01-20T04:28:59.039+0000] {subprocess.py:93} INFO - 26/01/20 04:28:59 INFO FileSourceStrategy: Pushed Filters:
[2026-01-20T04:28:59.040+0000] {subprocess.py:93} INFO - 26/01/20 04:28:59 INFO FileSourceStrategy: Post-Scan Filters:
[2026-01-20T04:28:59.094+0000] {subprocess.py:93} INFO - 26/01/20 04:28:59 INFO CodeGenerator: Code generated in 14.103582 ms
[2026-01-20T04:28:59.099+0000] {subprocess.py:93} INFO - 26/01/20 04:28:59 INFO MemoryStore: Block broadcast_9 stored as values in memory (estimated size 199.1 KiB, free 422.6 MiB)
[2026-01-20T04:28:59.110+0000] {subprocess.py:93} INFO - 26/01/20 04:28:59 INFO MemoryStore: Block broadcast_9_piece0 stored as bytes in memory (estimated size 34.2 KiB, free 422.6 MiB)
[2026-01-20T04:28:59.112+0000] {subprocess.py:93} INFO - 26/01/20 04:28:59 INFO BlockManagerInfo: Added broadcast_9_piece0 in memory on 519d7d29de3d:45793 (size: 34.2 KiB, free: 432.6 MiB)
[2026-01-20T04:28:59.113+0000] {subprocess.py:93} INFO - 26/01/20 04:28:59 INFO SparkContext: Created broadcast 9 from csv at NativeMethodAccessorImpl.java:0
[2026-01-20T04:28:59.115+0000] {subprocess.py:93} INFO - 26/01/20 04:28:59 INFO FileSourceScanExec: Planning scan with bin packing, max size: 4194304 bytes, open cost is considered as scanning 4194304 bytes.
[2026-01-20T04:28:59.151+0000] {subprocess.py:93} INFO - 26/01/20 04:28:59 INFO DAGScheduler: Registering RDD 19 (csv at NativeMethodAccessorImpl.java:0) as input to shuffle 0
[2026-01-20T04:28:59.156+0000] {subprocess.py:93} INFO - 26/01/20 04:28:59 INFO DAGScheduler: Got map stage job 4 (csv at NativeMethodAccessorImpl.java:0) with 13 output partitions
[2026-01-20T04:28:59.157+0000] {subprocess.py:93} INFO - 26/01/20 04:28:59 INFO DAGScheduler: Final stage: ShuffleMapStage 4 (csv at NativeMethodAccessorImpl.java:0)
[2026-01-20T04:28:59.159+0000] {subprocess.py:93} INFO - 26/01/20 04:28:59 INFO DAGScheduler: Parents of final stage: List()
[2026-01-20T04:28:59.160+0000] {subprocess.py:93} INFO - 26/01/20 04:28:59 INFO DAGScheduler: Missing parents: List()
[2026-01-20T04:28:59.161+0000] {subprocess.py:93} INFO - 26/01/20 04:28:59 INFO DAGScheduler: Submitting ShuffleMapStage 4 (MapPartitionsRDD[19] at csv at NativeMethodAccessorImpl.java:0), which has no missing parents
[2026-01-20T04:28:59.184+0000] {subprocess.py:93} INFO - 26/01/20 04:28:59 INFO MemoryStore: Block broadcast_10 stored as values in memory (estimated size 18.5 KiB, free 422.6 MiB)
[2026-01-20T04:28:59.187+0000] {subprocess.py:93} INFO - 26/01/20 04:28:59 INFO MemoryStore: Block broadcast_10_piece0 stored as bytes in memory (estimated size 8.8 KiB, free 422.6 MiB)
[2026-01-20T04:28:59.188+0000] {subprocess.py:93} INFO - 26/01/20 04:28:59 INFO BlockManagerInfo: Added broadcast_10_piece0 in memory on 519d7d29de3d:45793 (size: 8.8 KiB, free: 432.6 MiB)
[2026-01-20T04:28:59.189+0000] {subprocess.py:93} INFO - 26/01/20 04:28:59 INFO SparkContext: Created broadcast 10 from broadcast at DAGScheduler.scala:1580
[2026-01-20T04:28:59.191+0000] {subprocess.py:93} INFO - 26/01/20 04:28:59 INFO DAGScheduler: Submitting 13 missing tasks from ShuffleMapStage 4 (MapPartitionsRDD[19] at csv at NativeMethodAccessorImpl.java:0) (first 15 tasks are for partitions Vector(0, 1, 2, 3, 4, 5, 6, 7, 8, 9, 10, 11, 12))
[2026-01-20T04:28:59.191+0000] {subprocess.py:93} INFO - 26/01/20 04:28:59 INFO TaskSchedulerImpl: Adding task set 4.0 with 13 tasks resource profile 0
[2026-01-20T04:28:59.194+0000] {subprocess.py:93} INFO - 26/01/20 04:28:59 INFO TaskSetManager: Starting task 0.0 in stage 4.0 (TID 42) (519d7d29de3d, executor driver, partition 0, PROCESS_LOCAL, 8240 bytes)
[2026-01-20T04:28:59.195+0000] {subprocess.py:93} INFO - 26/01/20 04:28:59 INFO TaskSetManager: Starting task 1.0 in stage 4.0 (TID 43) (519d7d29de3d, executor driver, partition 1, PROCESS_LOCAL, 8240 bytes)
[2026-01-20T04:28:59.196+0000] {subprocess.py:93} INFO - 26/01/20 04:28:59 INFO TaskSetManager: Starting task 2.0 in stage 4.0 (TID 44) (519d7d29de3d, executor driver, partition 2, PROCESS_LOCAL, 8240 bytes)
[2026-01-20T04:28:59.197+0000] {subprocess.py:93} INFO - 26/01/20 04:28:59 INFO TaskSetManager: Starting task 3.0 in stage 4.0 (TID 45) (519d7d29de3d, executor driver, partition 3, PROCESS_LOCAL, 8240 bytes)
[2026-01-20T04:28:59.198+0000] {subprocess.py:93} INFO - 26/01/20 04:28:59 INFO TaskSetManager: Starting task 4.0 in stage 4.0 (TID 46) (519d7d29de3d, executor driver, partition 4, PROCESS_LOCAL, 8240 bytes)
[2026-01-20T04:28:59.199+0000] {subprocess.py:93} INFO - 26/01/20 04:28:59 INFO TaskSetManager: Starting task 5.0 in stage 4.0 (TID 47) (519d7d29de3d, executor driver, partition 5, PROCESS_LOCAL, 8240 bytes)
[2026-01-20T04:28:59.200+0000] {subprocess.py:93} INFO - 26/01/20 04:28:59 INFO TaskSetManager: Starting task 6.0 in stage 4.0 (TID 48) (519d7d29de3d, executor driver, partition 6, PROCESS_LOCAL, 8240 bytes)
[2026-01-20T04:28:59.201+0000] {subprocess.py:93} INFO - 26/01/20 04:28:59 INFO TaskSetManager: Starting task 7.0 in stage 4.0 (TID 49) (519d7d29de3d, executor driver, partition 7, PROCESS_LOCAL, 8240 bytes)
[2026-01-20T04:28:59.202+0000] {subprocess.py:93} INFO - 26/01/20 04:28:59 INFO TaskSetManager: Starting task 8.0 in stage 4.0 (TID 50) (519d7d29de3d, executor driver, partition 8, PROCESS_LOCAL, 8240 bytes)
[2026-01-20T04:28:59.203+0000] {subprocess.py:93} INFO - 26/01/20 04:28:59 INFO TaskSetManager: Starting task 9.0 in stage 4.0 (TID 51) (519d7d29de3d, executor driver, partition 9, PROCESS_LOCAL, 8240 bytes)
[2026-01-20T04:28:59.204+0000] {subprocess.py:93} INFO - 26/01/20 04:28:59 INFO TaskSetManager: Starting task 10.0 in stage 4.0 (TID 52) (519d7d29de3d, executor driver, partition 10, PROCESS_LOCAL, 8240 bytes)
[2026-01-20T04:28:59.209+0000] {subprocess.py:93} INFO - 26/01/20 04:28:59 INFO TaskSetManager: Starting task 11.0 in stage 4.0 (TID 53) (519d7d29de3d, executor driver, partition 11, PROCESS_LOCAL, 8240 bytes)
[2026-01-20T04:28:59.210+0000] {subprocess.py:93} INFO - 26/01/20 04:28:59 INFO TaskSetManager: Starting task 12.0 in stage 4.0 (TID 54) (519d7d29de3d, executor driver, partition 12, PROCESS_LOCAL, 8240 bytes)
[2026-01-20T04:28:59.211+0000] {subprocess.py:93} INFO - 26/01/20 04:28:59 INFO Executor: Running task 0.0 in stage 4.0 (TID 42)
[2026-01-20T04:28:59.212+0000] {subprocess.py:93} INFO - 26/01/20 04:28:59 INFO Executor: Running task 1.0 in stage 4.0 (TID 43)
[2026-01-20T04:28:59.213+0000] {subprocess.py:93} INFO - 26/01/20 04:28:59 INFO Executor: Running task 2.0 in stage 4.0 (TID 44)
[2026-01-20T04:28:59.214+0000] {subprocess.py:93} INFO - 26/01/20 04:28:59 INFO Executor: Running task 3.0 in stage 4.0 (TID 45)
[2026-01-20T04:28:59.215+0000] {subprocess.py:93} INFO - 26/01/20 04:28:59 INFO Executor: Running task 6.0 in stage 4.0 (TID 48)
[2026-01-20T04:28:59.216+0000] {subprocess.py:93} INFO - 26/01/20 04:28:59 INFO Executor: Running task 4.0 in stage 4.0 (TID 46)
[2026-01-20T04:28:59.217+0000] {subprocess.py:93} INFO - 26/01/20 04:28:59 INFO Executor: Running task 5.0 in stage 4.0 (TID 47)
[2026-01-20T04:28:59.218+0000] {subprocess.py:93} INFO - 26/01/20 04:28:59 INFO Executor: Running task 8.0 in stage 4.0 (TID 50)
[2026-01-20T04:28:59.219+0000] {subprocess.py:93} INFO - 26/01/20 04:28:59 INFO Executor: Running task 7.0 in stage 4.0 (TID 49)
[2026-01-20T04:28:59.220+0000] {subprocess.py:93} INFO - 26/01/20 04:28:59 INFO Executor: Running task 11.0 in stage 4.0 (TID 53)
[2026-01-20T04:28:59.221+0000] {subprocess.py:93} INFO - 26/01/20 04:28:59 INFO Executor: Running task 12.0 in stage 4.0 (TID 54)
[2026-01-20T04:28:59.222+0000] {subprocess.py:93} INFO - 26/01/20 04:28:59 INFO Executor: Running task 10.0 in stage 4.0 (TID 52)
[2026-01-20T04:28:59.222+0000] {subprocess.py:93} INFO - 26/01/20 04:28:59 INFO Executor: Running task 9.0 in stage 4.0 (TID 51)
[2026-01-20T04:28:59.242+0000] {subprocess.py:93} INFO - 26/01/20 04:28:59 INFO CodeGenerator: Code generated in 19.956008 ms
[2026-01-20T04:28:59.273+0000] {subprocess.py:93} INFO - 26/01/20 04:28:59 INFO CodeGenerator: Code generated in 21.286499 ms
[2026-01-20T04:28:59.295+0000] {subprocess.py:93} INFO - 26/01/20 04:28:59 INFO FileScanRDD: Reading File path: file:///opt/spark-data/landing/transaction_events_1768879479.1820476.json, range: 4194304-8388608, partition values: [empty row]
[2026-01-20T04:28:59.296+0000] {subprocess.py:93} INFO - 26/01/20 04:28:59 INFO FileScanRDD: Reading File path: file:///opt/spark-data/landing/transaction_events_1768879479.1820476.json, range: 46137344-50331648, partition values: [empty row]
[2026-01-20T04:28:59.297+0000] {subprocess.py:93} INFO - 26/01/20 04:28:59 INFO FileScanRDD: Reading File path: file:///opt/spark-data/landing/transaction_events_1768879479.1820476.json, range: 41943040-46137344, partition values: [empty row]
[2026-01-20T04:28:59.298+0000] {subprocess.py:93} INFO - 26/01/20 04:28:59 INFO FileScanRDD: Reading File path: file:///opt/spark-data/landing/transaction_events_1768879479.1820476.json, range: 33554432-37748736, partition values: [empty row]
[2026-01-20T04:28:59.299+0000] {subprocess.py:93} INFO - 26/01/20 04:28:59 INFO FileScanRDD: Reading File path: file:///opt/spark-data/landing/transaction_events_1768879479.1820476.json, range: 12582912-16777216, partition values: [empty row]
[2026-01-20T04:28:59.300+0000] {subprocess.py:93} INFO - 26/01/20 04:28:59 INFO FileScanRDD: Reading File path: file:///opt/spark-data/landing/transaction_events_1768879479.1820476.json, range: 29360128-33554432, partition values: [empty row]
[2026-01-20T04:28:59.301+0000] {subprocess.py:93} INFO - 26/01/20 04:28:59 INFO FileScanRDD: Reading File path: file:///opt/spark-data/landing/transaction_events_1768879479.1820476.json, range: 50331648-51561162, partition values: [empty row]
[2026-01-20T04:28:59.302+0000] {subprocess.py:93} INFO - 26/01/20 04:28:59 INFO FileScanRDD: Reading File path: file:///opt/spark-data/landing/transaction_events_1768879479.1820476.json, range: 0-4194304, partition values: [empty row]
[2026-01-20T04:28:59.303+0000] {subprocess.py:93} INFO - 26/01/20 04:28:59 INFO FileScanRDD: Reading File path: file:///opt/spark-data/landing/transaction_events_1768879479.1820476.json, range: 37748736-41943040, partition values: [empty row]
[2026-01-20T04:28:59.304+0000] {subprocess.py:93} INFO - 26/01/20 04:28:59 INFO FileScanRDD: Reading File path: file:///opt/spark-data/landing/transaction_events_1768879479.1820476.json, range: 16777216-20971520, partition values: [empty row]
[2026-01-20T04:28:59.305+0000] {subprocess.py:93} INFO - 26/01/20 04:28:59 INFO FileScanRDD: Reading File path: file:///opt/spark-data/landing/transaction_events_1768879479.1820476.json, range: 20971520-25165824, partition values: [empty row]
[2026-01-20T04:28:59.306+0000] {subprocess.py:93} INFO - 26/01/20 04:28:59 INFO FileScanRDD: Reading File path: file:///opt/spark-data/landing/transaction_events_1768879479.1820476.json, range: 8388608-12582912, partition values: [empty row]
[2026-01-20T04:28:59.307+0000] {subprocess.py:93} INFO - 26/01/20 04:28:59 INFO FileScanRDD: Reading File path: file:///opt/spark-data/landing/transaction_events_1768879479.1820476.json, range: 25165824-29360128, partition values: [empty row]
[2026-01-20T04:28:59.320+0000] {subprocess.py:93} INFO - 26/01/20 04:28:59 INFO CodeGenerator: Code generated in 19.474749 ms
[2026-01-20T04:28:59.735+0000] {subprocess.py:93} INFO - 26/01/20 04:28:59 INFO BlockManagerInfo: Removed broadcast_4_piece0 on 519d7d29de3d:45793 in memory (size: 34.2 KiB, free: 432.7 MiB)
[2026-01-20T04:28:59.773+0000] {subprocess.py:93} INFO - 26/01/20 04:28:59 INFO BlockManagerInfo: Removed broadcast_1_piece0 on 519d7d29de3d:45793 in memory (size: 7.5 KiB, free: 432.7 MiB)
[2026-01-20T04:28:59.787+0000] {subprocess.py:93} INFO - 26/01/20 04:28:59 INFO BlockManagerInfo: Removed broadcast_8_piece0 on 519d7d29de3d:45793 in memory (size: 82.8 KiB, free: 432.7 MiB)
[2026-01-20T04:28:59.823+0000] {subprocess.py:93} INFO - 26/01/20 04:28:59 INFO BlockManagerInfo: Removed broadcast_5_piece0 on 519d7d29de3d:45793 in memory (size: 7.4 KiB, free: 432.8 MiB)
[2026-01-20T04:28:59.876+0000] {subprocess.py:93} INFO - 26/01/20 04:28:59 INFO BlockManagerInfo: Removed broadcast_0_piece0 on 519d7d29de3d:45793 in memory (size: 34.2 KiB, free: 432.8 MiB)
[2026-01-20T04:28:59.899+0000] {subprocess.py:93} INFO - 26/01/20 04:28:59 INFO BlockManagerInfo: Removed broadcast_7_piece0 on 519d7d29de3d:45793 in memory (size: 34.2 KiB, free: 432.8 MiB)
[2026-01-20T04:28:59.923+0000] {subprocess.py:93} INFO - 26/01/20 04:28:59 INFO BlockManagerInfo: Removed broadcast_6_piece0 on 519d7d29de3d:45793 in memory (size: 1578.1 KiB, free: 434.4 MiB)
[2026-01-20T04:29:00.059+0000] {subprocess.py:93} INFO - 26/01/20 04:29:00 INFO Executor: Finished task 12.0 in stage 4.0 (TID 54). 2075 bytes result sent to driver
[2026-01-20T04:29:00.065+0000] {subprocess.py:93} INFO - 26/01/20 04:29:00 INFO TaskSetManager: Finished task 12.0 in stage 4.0 (TID 54) in 863 ms on 519d7d29de3d (executor driver) (1/13)
[2026-01-20T04:29:00.297+0000] {subprocess.py:93} INFO - 26/01/20 04:29:00 INFO Executor: Finished task 9.0 in stage 4.0 (TID 51). 2032 bytes result sent to driver
[2026-01-20T04:29:00.298+0000] {subprocess.py:93} INFO - 26/01/20 04:29:00 INFO Executor: Finished task 3.0 in stage 4.0 (TID 45). 2032 bytes result sent to driver
[2026-01-20T04:29:00.299+0000] {subprocess.py:93} INFO - 26/01/20 04:29:00 INFO Executor: Finished task 0.0 in stage 4.0 (TID 42). 2032 bytes result sent to driver
[2026-01-20T04:29:00.300+0000] {subprocess.py:93} INFO - 26/01/20 04:29:00 INFO Executor: Finished task 5.0 in stage 4.0 (TID 47). 2032 bytes result sent to driver
[2026-01-20T04:29:00.300+0000] {subprocess.py:93} INFO - 26/01/20 04:29:00 INFO TaskSetManager: Finished task 3.0 in stage 4.0 (TID 45) in 1102 ms on 519d7d29de3d (executor driver) (2/13)
[2026-01-20T04:29:00.302+0000] {subprocess.py:93} INFO - 26/01/20 04:29:00 INFO TaskSetManager: Finished task 9.0 in stage 4.0 (TID 51) in 1099 ms on 519d7d29de3d (executor driver) (3/13)
[2026-01-20T04:29:00.303+0000] {subprocess.py:93} INFO - 26/01/20 04:29:00 INFO TaskSetManager: Finished task 5.0 in stage 4.0 (TID 47) in 1101 ms on 519d7d29de3d (executor driver) (4/13)
[2026-01-20T04:29:00.304+0000] {subprocess.py:93} INFO - 26/01/20 04:29:00 INFO TaskSetManager: Finished task 0.0 in stage 4.0 (TID 42) in 1108 ms on 519d7d29de3d (executor driver) (5/13)
[2026-01-20T04:29:00.305+0000] {subprocess.py:93} INFO - 26/01/20 04:29:00 INFO Executor: Finished task 7.0 in stage 4.0 (TID 49). 2032 bytes result sent to driver
[2026-01-20T04:29:00.306+0000] {subprocess.py:93} INFO - 26/01/20 04:29:00 INFO TaskSetManager: Finished task 7.0 in stage 4.0 (TID 49) in 1106 ms on 519d7d29de3d (executor driver) (6/13)
[2026-01-20T04:29:00.307+0000] {subprocess.py:93} INFO - 26/01/20 04:29:00 INFO Executor: Finished task 6.0 in stage 4.0 (TID 48). 2075 bytes result sent to driver
[2026-01-20T04:29:00.308+0000] {subprocess.py:93} INFO - 26/01/20 04:29:00 INFO TaskSetManager: Finished task 6.0 in stage 4.0 (TID 48) in 1109 ms on 519d7d29de3d (executor driver) (7/13)
[2026-01-20T04:29:00.309+0000] {subprocess.py:93} INFO - 26/01/20 04:29:00 INFO Executor: Finished task 10.0 in stage 4.0 (TID 52). 2075 bytes result sent to driver
[2026-01-20T04:29:00.310+0000] {subprocess.py:93} INFO - 26/01/20 04:29:00 INFO TaskSetManager: Finished task 10.0 in stage 4.0 (TID 52) in 1109 ms on 519d7d29de3d (executor driver) (8/13)
[2026-01-20T04:29:00.316+0000] {subprocess.py:93} INFO - 26/01/20 04:29:00 INFO Executor: Finished task 1.0 in stage 4.0 (TID 43). 2075 bytes result sent to driver
[2026-01-20T04:29:00.317+0000] {subprocess.py:93} INFO - 26/01/20 04:29:00 INFO Executor: Finished task 11.0 in stage 4.0 (TID 53). 2075 bytes result sent to driver
[2026-01-20T04:29:00.318+0000] {subprocess.py:93} INFO - 26/01/20 04:29:00 INFO TaskSetManager: Finished task 11.0 in stage 4.0 (TID 53) in 1116 ms on 519d7d29de3d (executor driver) (9/13)
[2026-01-20T04:29:00.318+0000] {subprocess.py:93} INFO - 26/01/20 04:29:00 INFO TaskSetManager: Finished task 1.0 in stage 4.0 (TID 43) in 1124 ms on 519d7d29de3d (executor driver) (10/13)
[2026-01-20T04:29:00.320+0000] {subprocess.py:93} INFO - 26/01/20 04:29:00 INFO Executor: Finished task 4.0 in stage 4.0 (TID 46). 2075 bytes result sent to driver
[2026-01-20T04:29:00.320+0000] {subprocess.py:93} INFO - 26/01/20 04:29:00 INFO TaskSetManager: Finished task 4.0 in stage 4.0 (TID 46) in 1123 ms on 519d7d29de3d (executor driver) (11/13)
[2026-01-20T04:29:00.323+0000] {subprocess.py:93} INFO - 26/01/20 04:29:00 INFO Executor: Finished task 8.0 in stage 4.0 (TID 50). 2075 bytes result sent to driver
[2026-01-20T04:29:00.324+0000] {subprocess.py:93} INFO - 26/01/20 04:29:00 INFO TaskSetManager: Finished task 8.0 in stage 4.0 (TID 50) in 1124 ms on 519d7d29de3d (executor driver) (12/13)
[2026-01-20T04:29:00.326+0000] {subprocess.py:93} INFO - 26/01/20 04:29:00 INFO Executor: Finished task 2.0 in stage 4.0 (TID 44). 2075 bytes result sent to driver
[2026-01-20T04:29:00.327+0000] {subprocess.py:93} INFO - 26/01/20 04:29:00 INFO TaskSetManager: Finished task 2.0 in stage 4.0 (TID 44) in 1133 ms on 519d7d29de3d (executor driver) (13/13)
[2026-01-20T04:29:00.328+0000] {subprocess.py:93} INFO - 26/01/20 04:29:00 INFO TaskSchedulerImpl: Removed TaskSet 4.0, whose tasks have all completed, from pool
[2026-01-20T04:29:00.329+0000] {subprocess.py:93} INFO - 26/01/20 04:29:00 INFO DAGScheduler: ShuffleMapStage 4 (csv at NativeMethodAccessorImpl.java:0) finished in 1.165 s
[2026-01-20T04:29:00.330+0000] {subprocess.py:93} INFO - 26/01/20 04:29:00 INFO DAGScheduler: looking for newly runnable stages
[2026-01-20T04:29:00.331+0000] {subprocess.py:93} INFO - 26/01/20 04:29:00 INFO DAGScheduler: running: Set()
[2026-01-20T04:29:00.332+0000] {subprocess.py:93} INFO - 26/01/20 04:29:00 INFO DAGScheduler: waiting: Set()
[2026-01-20T04:29:00.332+0000] {subprocess.py:93} INFO - 26/01/20 04:29:00 INFO DAGScheduler: failed: Set()
[2026-01-20T04:29:00.357+0000] {subprocess.py:93} INFO - 26/01/20 04:29:00 INFO ShufflePartitionsUtil: For shuffle(0), advisory target size: 67108864, actual target size 1048576, minimum partition size: 1048576
[2026-01-20T04:29:00.455+0000] {subprocess.py:93} INFO - 26/01/20 04:29:00 INFO FileOutputCommitter: File Output Committer Algorithm version is 1
[2026-01-20T04:29:00.456+0000] {subprocess.py:93} INFO - 26/01/20 04:29:00 INFO FileOutputCommitter: FileOutputCommitter skip cleanup _temporary folders under output directory:false, ignore cleanup failures: false
[2026-01-20T04:29:00.457+0000] {subprocess.py:93} INFO - 26/01/20 04:29:00 INFO SQLHadoopMapReduceCommitProtocol: Using output committer class org.apache.hadoop.mapreduce.lib.output.FileOutputCommitter
[2026-01-20T04:29:00.543+0000] {subprocess.py:93} INFO - 26/01/20 04:29:00 INFO CodeGenerator: Code generated in 15.982209 ms
[2026-01-20T04:29:00.558+0000] {subprocess.py:93} INFO - 26/01/20 04:29:00 INFO CodeGenerator: Code generated in 10.962322 ms
[2026-01-20T04:29:00.752+0000] {subprocess.py:93} INFO - 26/01/20 04:29:00 INFO SparkContext: Starting job: csv at NativeMethodAccessorImpl.java:0
[2026-01-20T04:29:00.758+0000] {subprocess.py:93} INFO - 26/01/20 04:29:00 INFO DAGScheduler: Got job 5 (csv at NativeMethodAccessorImpl.java:0) with 1 output partitions
[2026-01-20T04:29:00.759+0000] {subprocess.py:93} INFO - 26/01/20 04:29:00 INFO DAGScheduler: Final stage: ResultStage 6 (csv at NativeMethodAccessorImpl.java:0)
[2026-01-20T04:29:00.761+0000] {subprocess.py:93} INFO - 26/01/20 04:29:00 INFO DAGScheduler: Parents of final stage: List(ShuffleMapStage 5)
[2026-01-20T04:29:00.761+0000] {subprocess.py:93} INFO - 26/01/20 04:29:00 INFO DAGScheduler: Missing parents: List()
[2026-01-20T04:29:00.763+0000] {subprocess.py:93} INFO - 26/01/20 04:29:00 INFO DAGScheduler: Submitting ResultStage 6 (MapPartitionsRDD[26] at csv at NativeMethodAccessorImpl.java:0), which has no missing parents
[2026-01-20T04:29:00.807+0000] {subprocess.py:93} INFO - 26/01/20 04:29:00 INFO MemoryStore: Block broadcast_11 stored as values in memory (estimated size 244.7 KiB, free 433.9 MiB)
[2026-01-20T04:29:00.816+0000] {subprocess.py:93} INFO - 26/01/20 04:29:00 INFO MemoryStore: Block broadcast_11_piece0 stored as bytes in memory (estimated size 91.6 KiB, free 433.8 MiB)
[2026-01-20T04:29:00.817+0000] {subprocess.py:93} INFO - 26/01/20 04:29:00 INFO BlockManagerInfo: Added broadcast_11_piece0 in memory on 519d7d29de3d:45793 (size: 91.6 KiB, free: 434.3 MiB)
[2026-01-20T04:29:00.819+0000] {subprocess.py:93} INFO - 26/01/20 04:29:00 INFO SparkContext: Created broadcast 11 from broadcast at DAGScheduler.scala:1580
[2026-01-20T04:29:00.820+0000] {subprocess.py:93} INFO - 26/01/20 04:29:00 INFO DAGScheduler: Submitting 1 missing tasks from ResultStage 6 (MapPartitionsRDD[26] at csv at NativeMethodAccessorImpl.java:0) (first 15 tasks are for partitions Vector(0))
[2026-01-20T04:29:00.821+0000] {subprocess.py:93} INFO - 26/01/20 04:29:00 INFO TaskSchedulerImpl: Adding task set 6.0 with 1 tasks resource profile 0
[2026-01-20T04:29:00.837+0000] {subprocess.py:93} INFO - 26/01/20 04:29:00 INFO TaskSetManager: Starting task 0.0 in stage 6.0 (TID 55) (519d7d29de3d, executor driver, partition 0, NODE_LOCAL, 7975 bytes)
[2026-01-20T04:29:00.839+0000] {subprocess.py:93} INFO - 26/01/20 04:29:00 INFO Executor: Running task 0.0 in stage 6.0 (TID 55)
[2026-01-20T04:29:00.885+0000] {subprocess.py:93} INFO - 26/01/20 04:29:00 INFO FileOutputCommitter: File Output Committer Algorithm version is 1
[2026-01-20T04:29:00.886+0000] {subprocess.py:93} INFO - 26/01/20 04:29:00 INFO FileOutputCommitter: FileOutputCommitter skip cleanup _temporary folders under output directory:false, ignore cleanup failures: false
[2026-01-20T04:29:00.887+0000] {subprocess.py:93} INFO - 26/01/20 04:29:00 INFO SQLHadoopMapReduceCommitProtocol: Using output committer class org.apache.hadoop.mapreduce.lib.output.FileOutputCommitter
[2026-01-20T04:29:01.103+0000] {subprocess.py:93} INFO - 26/01/20 04:29:01 INFO ShuffleBlockFetcherIterator: Getting 13 (1044.2 KiB) non-empty blocks including 13 (1044.2 KiB) local and 0 (0.0 B) host-local and 0 (0.0 B) push-merged-local and 0 (0.0 B) remote blocks
[2026-01-20T04:29:01.106+0000] {subprocess.py:93} INFO - 26/01/20 04:29:01 INFO ShuffleBlockFetcherIterator: Started 0 remote fetches in 21 ms
[2026-01-20T04:29:01.133+0000] {subprocess.py:93} INFO - 26/01/20 04:29:01 INFO CodeGenerator: Code generated in 20.00956 ms
[2026-01-20T04:29:01.168+0000] {subprocess.py:93} INFO - 26/01/20 04:29:01 INFO CodeGenerator: Code generated in 22.093021 ms
[2026-01-20T04:29:01.199+0000] {subprocess.py:93} INFO - 26/01/20 04:29:01 INFO CodeGenerator: Code generated in 19.184084 ms
[2026-01-20T04:29:01.239+0000] {subprocess.py:93} INFO - 26/01/20 04:29:01 INFO CodeGenerator: Code generated in 19.964042 ms
[2026-01-20T04:29:01.422+0000] {subprocess.py:93} INFO - 26/01/20 04:29:01 INFO CodeGenerator: Code generated in 12.994854 ms
[2026-01-20T04:29:01.452+0000] {subprocess.py:93} INFO - 26/01/20 04:29:01 INFO CodeGenerator: Code generated in 18.649182 ms
[2026-01-20T04:29:01.462+0000] {subprocess.py:93} INFO - 26/01/20 04:29:01 INFO CodeGenerator: Code generated in 8.007458 ms
[2026-01-20T04:29:01.474+0000] {subprocess.py:93} INFO - 26/01/20 04:29:01 INFO CodeGenerator: Code generated in 7.482865 ms
[2026-01-20T04:29:01.488+0000] {subprocess.py:93} INFO - 26/01/20 04:29:01 INFO CodeGenerator: Code generated in 13.073018 ms
[2026-01-20T04:29:01.511+0000] {subprocess.py:93} INFO - 26/01/20 04:29:01 INFO CodeGenerator: Code generated in 17.814113 ms
[2026-01-20T04:29:01.537+0000] {subprocess.py:93} INFO - 26/01/20 04:29:01 INFO CodeGenerator: Code generated in 15.027309 ms
[2026-01-20T04:29:01.637+0000] {subprocess.py:93} INFO - 26/01/20 04:29:01 INFO CodeGenerator: Code generated in 7.721565 ms
[2026-01-20T04:29:01.658+0000] {subprocess.py:93} INFO - 26/01/20 04:29:01 INFO CodeGenerator: Code generated in 12.58609 ms
[2026-01-20T04:29:01.668+0000] {subprocess.py:93} INFO - 26/01/20 04:29:01 INFO CodeGenerator: Code generated in 7.208757 ms
[2026-01-20T04:29:01.804+0000] {subprocess.py:93} INFO - 26/01/20 04:29:01 INFO ShuffleBlockFetcherIterator: Getting 13 (1039.8 KiB) non-empty blocks including 13 (1039.8 KiB) local and 0 (0.0 B) host-local and 0 (0.0 B) push-merged-local and 0 (0.0 B) remote blocks
[2026-01-20T04:29:01.805+0000] {subprocess.py:93} INFO - 26/01/20 04:29:01 INFO ShuffleBlockFetcherIterator: Started 0 remote fetches in 2 ms
[2026-01-20T04:29:01.970+0000] {subprocess.py:93} INFO - 26/01/20 04:29:01 INFO ShuffleBlockFetcherIterator: Getting 13 (1030.5 KiB) non-empty blocks including 13 (1030.5 KiB) local and 0 (0.0 B) host-local and 0 (0.0 B) push-merged-local and 0 (0.0 B) remote blocks
[2026-01-20T04:29:01.971+0000] {subprocess.py:93} INFO - 26/01/20 04:29:01 INFO ShuffleBlockFetcherIterator: Started 0 remote fetches in 1 ms
[2026-01-20T04:29:02.023+0000] {subprocess.py:93} INFO - 26/01/20 04:29:02 INFO BlockManagerInfo: Removed broadcast_10_piece0 on 519d7d29de3d:45793 in memory (size: 8.8 KiB, free: 434.3 MiB)
[2026-01-20T04:29:02.113+0000] {subprocess.py:93} INFO - 26/01/20 04:29:02 INFO ShuffleBlockFetcherIterator: Getting 13 (1283.5 KiB) non-empty blocks including 13 (1283.5 KiB) local and 0 (0.0 B) host-local and 0 (0.0 B) push-merged-local and 0 (0.0 B) remote blocks
[2026-01-20T04:29:02.114+0000] {subprocess.py:93} INFO - 26/01/20 04:29:02 INFO ShuffleBlockFetcherIterator: Started 0 remote fetches in 1 ms
[2026-01-20T04:29:02.288+0000] {subprocess.py:93} INFO - 26/01/20 04:29:02 INFO FileOutputCommitter: Saved output of task 'attempt_202601200429008462562239394179180_0006_m_000000_55' to file:/opt/spark-data/gold/transaction_analytics/_temporary/0/task_202601200429008462562239394179180_0006_m_000000
[2026-01-20T04:29:02.289+0000] {subprocess.py:93} INFO - 26/01/20 04:29:02 INFO SparkHadoopMapRedUtil: attempt_202601200429008462562239394179180_0006_m_000000_55: Committed. Elapsed time: 34 ms.
[2026-01-20T04:29:02.291+0000] {subprocess.py:93} INFO - 26/01/20 04:29:02 INFO Executor: Finished task 0.0 in stage 6.0 (TID 55). 5888 bytes result sent to driver
[2026-01-20T04:29:02.292+0000] {subprocess.py:93} INFO - 26/01/20 04:29:02 INFO TaskSetManager: Finished task 0.0 in stage 6.0 (TID 55) in 1462 ms on 519d7d29de3d (executor driver) (1/1)
[2026-01-20T04:29:02.294+0000] {subprocess.py:93} INFO - 26/01/20 04:29:02 INFO TaskSchedulerImpl: Removed TaskSet 6.0, whose tasks have all completed, from pool
[2026-01-20T04:29:02.294+0000] {subprocess.py:93} INFO - 26/01/20 04:29:02 INFO DAGScheduler: ResultStage 6 (csv at NativeMethodAccessorImpl.java:0) finished in 1.530 s
[2026-01-20T04:29:02.295+0000] {subprocess.py:93} INFO - 26/01/20 04:29:02 INFO DAGScheduler: Job 5 is finished. Cancelling potential speculative or zombie tasks for this job
[2026-01-20T04:29:02.295+0000] {subprocess.py:93} INFO - 26/01/20 04:29:02 INFO TaskSchedulerImpl: Killing all running tasks in stage 6: Stage finished
[2026-01-20T04:29:02.295+0000] {subprocess.py:93} INFO - 26/01/20 04:29:02 INFO DAGScheduler: Job 5 finished: csv at NativeMethodAccessorImpl.java:0, took 1.539882 s
[2026-01-20T04:29:02.296+0000] {subprocess.py:93} INFO - 26/01/20 04:29:02 INFO FileFormatWriter: Start to commit write Job bce09438-ad22-4787-a8ea-b58e7cc8f912.
[2026-01-20T04:29:02.476+0000] {subprocess.py:93} INFO - 26/01/20 04:29:02 INFO FileFormatWriter: Write Job bce09438-ad22-4787-a8ea-b58e7cc8f912 committed. Elapsed time: 183 ms.
[2026-01-20T04:29:02.477+0000] {subprocess.py:93} INFO - 26/01/20 04:29:02 INFO FileFormatWriter: Finished processing stats for write job bce09438-ad22-4787-a8ea-b58e7cc8f912.
[2026-01-20T04:29:02.477+0000] {subprocess.py:93} INFO - Analytics Table with Window Functions created successfully.
[2026-01-20T04:29:02.624+0000] {subprocess.py:93} INFO - Traceback (most recent call last):
[2026-01-20T04:29:02.625+0000] {subprocess.py:93} INFO -   File "/opt/spark-jobs/etl_job.py", line 178, in <module>
[2026-01-20T04:29:02.629+0000] {subprocess.py:93} INFO -     run_etl(spark,'/opt/spark-data/landing', '/opt/spark-data/gold')
[2026-01-20T04:29:02.629+0000] {subprocess.py:93} INFO -   File "/opt/spark-jobs/etl_job.py", line 163, in run_etl
[2026-01-20T04:29:02.633+0000] {subprocess.py:93} INFO -     transaction_cleaned(spark, df_topic_transaction, output_path)
[2026-01-20T04:29:02.634+0000] {subprocess.py:93} INFO -   File "/opt/spark-jobs/etl_job.py", line 125, in transaction_cleaned
[2026-01-20T04:29:02.638+0000] {subprocess.py:93} INFO -     .withColumn("shipping_address", F.explode(""))
[2026-01-20T04:29:02.639+0000] {subprocess.py:93} INFO -   File "/opt/spark/python/lib/pyspark.zip/pyspark/sql/dataframe.py", line 5170, in withColumn
[2026-01-20T04:29:02.640+0000] {subprocess.py:93} INFO -   File "/opt/spark/python/lib/py4j-0.10.9.7-src.zip/py4j/java_gateway.py", line 1322, in __call__
[2026-01-20T04:29:02.640+0000] {subprocess.py:93} INFO -   File "/opt/spark/python/lib/pyspark.zip/pyspark/errors/exceptions/captured.py", line 185, in deco
[2026-01-20T04:29:02.647+0000] {subprocess.py:93} INFO - pyspark.errors.exceptions.captured.AnalysisException: [UNRESOLVED_COLUMN.WITH_SUGGESTION] A column or function parameter with name `` cannot be resolved. Did you mean one of the following? [`tax`, `total`, `status`, `user_id`, `currency`].;
[2026-01-20T04:29:02.648+0000] {subprocess.py:93} INFO - 'Project [billing_address#8, currency#9, original_transaction_id#11, payment_method#12, explode(') AS shipping_address#345, status#14, subtotal#15, tax#16, timestamp#17, total#18, transaction_id#19, transaction_type#20, user_id#21, line_item#315]
[2026-01-20T04:29:02.649+0000] {subprocess.py:93} INFO - +- Project [billing_address#8, currency#9, original_transaction_id#11, payment_method#12, shipping_address#13, status#14, subtotal#15, tax#16, timestamp#17, total#18, transaction_id#19, transaction_type#20, user_id#21, line_item#315]
[2026-01-20T04:29:02.650+0000] {subprocess.py:93} INFO -    +- Project [billing_address#8, currency#9, line_items#10, original_transaction_id#11, payment_method#12, shipping_address#13, status#14, subtotal#15, tax#16, timestamp#17, total#18, transaction_id#19, transaction_type#20, user_id#21, line_item#315]
[2026-01-20T04:29:02.650+0000] {subprocess.py:93} INFO -       +- Generate explode(line_items#10), false, [line_item#315]
[2026-01-20T04:29:02.651+0000] {subprocess.py:93} INFO -          +- Relation [billing_address#8,currency#9,line_items#10,original_transaction_id#11,payment_method#12,shipping_address#13,status#14,subtotal#15,tax#16,timestamp#17,total#18,transaction_id#19,transaction_type#20,user_id#21] json
[2026-01-20T04:29:02.652+0000] {subprocess.py:93} INFO - 
[2026-01-20T04:29:02.699+0000] {subprocess.py:93} INFO - 26/01/20 04:29:02 INFO SparkContext: Invoking stop() from shutdown hook
[2026-01-20T04:29:02.701+0000] {subprocess.py:93} INFO - 26/01/20 04:29:02 INFO SparkContext: SparkContext is stopping with exitCode 0.
[2026-01-20T04:29:02.715+0000] {subprocess.py:93} INFO - 26/01/20 04:29:02 INFO SparkUI: Stopped Spark web UI at http://519d7d29de3d:4040
[2026-01-20T04:29:02.732+0000] {subprocess.py:93} INFO - 26/01/20 04:29:02 INFO MapOutputTrackerMasterEndpoint: MapOutputTrackerMasterEndpoint stopped!
[2026-01-20T04:29:02.754+0000] {subprocess.py:93} INFO - 26/01/20 04:29:02 INFO MemoryStore: MemoryStore cleared
[2026-01-20T04:29:02.755+0000] {subprocess.py:93} INFO - 26/01/20 04:29:02 INFO BlockManager: BlockManager stopped
[2026-01-20T04:29:02.759+0000] {subprocess.py:93} INFO - 26/01/20 04:29:02 INFO BlockManagerMaster: BlockManagerMaster stopped
[2026-01-20T04:29:02.762+0000] {subprocess.py:93} INFO - 26/01/20 04:29:02 INFO OutputCommitCoordinator$OutputCommitCoordinatorEndpoint: OutputCommitCoordinator stopped!
[2026-01-20T04:29:02.777+0000] {subprocess.py:93} INFO - 26/01/20 04:29:02 INFO SparkContext: Successfully stopped SparkContext
[2026-01-20T04:29:02.778+0000] {subprocess.py:93} INFO - 26/01/20 04:29:02 INFO ShutdownHookManager: Shutdown hook called
[2026-01-20T04:29:02.779+0000] {subprocess.py:93} INFO - 26/01/20 04:29:02 INFO ShutdownHookManager: Deleting directory /tmp/spark-87482510-0acf-4ff9-bcca-568ce1b8ec19/pyspark-24b37b15-b0d9-452a-be9e-3fdde4e120ae
[2026-01-20T04:29:02.785+0000] {subprocess.py:93} INFO - 26/01/20 04:29:02 INFO ShutdownHookManager: Deleting directory /tmp/spark-87482510-0acf-4ff9-bcca-568ce1b8ec19
[2026-01-20T04:29:02.791+0000] {subprocess.py:93} INFO - 26/01/20 04:29:02 INFO ShutdownHookManager: Deleting directory /tmp/spark-3c9ea777-6b38-4d18-9c43-fac19c094cb2
[2026-01-20T04:29:02.857+0000] {subprocess.py:97} INFO - Command exited with return code 1
[2026-01-20T04:29:02.874+0000] {taskinstance.py:2698} ERROR - Task failed with exception
Traceback (most recent call last):
  File "/home/airflow/.local/lib/python3.10/site-packages/airflow/models/taskinstance.py", line 433, in _execute_task
    result = execute_callable(context=context, **execute_callable_kwargs)
  File "/home/airflow/.local/lib/python3.10/site-packages/airflow/operators/bash.py", line 212, in execute
    raise AirflowException(
airflow.exceptions.AirflowException: Bash command failed. The command returned a non-zero exit code 1.
[2026-01-20T04:29:02.881+0000] {taskinstance.py:1138} INFO - Marking task as FAILED. dag_id=streamflow_main, task_id=Spark_Submit, execution_date=20260120T042842, start_date=20260120T042843, end_date=20260120T042902
[2026-01-20T04:29:02.896+0000] {standard_task_runner.py:107} ERROR - Failed to execute job 12 for task Spark_Submit (Bash command failed. The command returned a non-zero exit code 1.; 5066)
[2026-01-20T04:29:02.920+0000] {local_task_job_runner.py:234} INFO - Task exited with return code 1
[2026-01-20T04:29:02.940+0000] {taskinstance.py:3280} INFO - 0 downstream tasks scheduled from follow-on schedule check
