[2026-01-20T04:38:43.746+0000] {taskinstance.py:1956} INFO - Dependencies all met for dep_context=non-requeueable deps ti=<TaskInstance: streamflow_main.Spark_Submit manual__2026-01-20T04:38:41.607013+00:00 [queued]>
[2026-01-20T04:38:43.757+0000] {taskinstance.py:1956} INFO - Dependencies all met for dep_context=requeueable deps ti=<TaskInstance: streamflow_main.Spark_Submit manual__2026-01-20T04:38:41.607013+00:00 [queued]>
[2026-01-20T04:38:43.758+0000] {taskinstance.py:2170} INFO - Starting attempt 1 of 1
[2026-01-20T04:38:43.774+0000] {taskinstance.py:2191} INFO - Executing <Task(BashOperator): Spark_Submit> on 2026-01-20 04:38:41.607013+00:00
[2026-01-20T04:38:43.779+0000] {standard_task_runner.py:60} INFO - Started process 7852 to run task
[2026-01-20T04:38:43.782+0000] {standard_task_runner.py:87} INFO - Running: ['***', 'tasks', 'run', 'streamflow_main', 'Spark_Submit', 'manual__2026-01-20T04:38:41.607013+00:00', '--job-id', '18', '--raw', '--subdir', 'DAGS_FOLDER/dag_streamflow.py', '--cfg-path', '/tmp/tmp_iu64pqe']
[2026-01-20T04:38:43.784+0000] {standard_task_runner.py:88} INFO - Job 18: Subtask Spark_Submit
[2026-01-20T04:38:43.832+0000] {task_command.py:423} INFO - Running <TaskInstance: streamflow_main.Spark_Submit manual__2026-01-20T04:38:41.607013+00:00 [running]> on host 519d7d29de3d
[2026-01-20T04:38:43.912+0000] {taskinstance.py:2480} INFO - Exporting env vars: AIRFLOW_CTX_DAG_OWNER='student' AIRFLOW_CTX_DAG_ID='streamflow_main' AIRFLOW_CTX_TASK_ID='Spark_Submit' AIRFLOW_CTX_EXECUTION_DATE='2026-01-20T04:38:41.607013+00:00' AIRFLOW_CTX_TRY_NUMBER='1' AIRFLOW_CTX_DAG_RUN_ID='manual__2026-01-20T04:38:41.607013+00:00'
[2026-01-20T04:38:43.914+0000] {subprocess.py:63} INFO - Tmp dir root location: /tmp
[2026-01-20T04:38:43.915+0000] {subprocess.py:75} INFO - Running command: ['/usr/bin/bash', '-c', '\n            spark-submit                 --master spark://spark-master:7077                 /opt/spark-jobs/etl_job.py\n        ']
[2026-01-20T04:38:43.921+0000] {subprocess.py:86} INFO - Output:
[2026-01-20T04:38:43.927+0000] {subprocess.py:93} INFO - /opt/spark/bin/load-spark-env.sh: line 68: ps: command not found
[2026-01-20T04:38:46.294+0000] {subprocess.py:93} INFO - 26/01/20 04:38:46 INFO SparkContext: Running Spark version 3.5.0
[2026-01-20T04:38:46.295+0000] {subprocess.py:93} INFO - 26/01/20 04:38:46 INFO SparkContext: OS info Linux, 5.15.167.4-microsoft-standard-WSL2, amd64
[2026-01-20T04:38:46.296+0000] {subprocess.py:93} INFO - 26/01/20 04:38:46 INFO SparkContext: Java version 17.0.17
[2026-01-20T04:38:46.339+0000] {subprocess.py:93} INFO - 26/01/20 04:38:46 WARN NativeCodeLoader: Unable to load native-hadoop library for your platform... using builtin-java classes where applicable
[2026-01-20T04:38:46.413+0000] {subprocess.py:93} INFO - 26/01/20 04:38:46 INFO ResourceUtils: ==============================================================
[2026-01-20T04:38:46.414+0000] {subprocess.py:93} INFO - 26/01/20 04:38:46 INFO ResourceUtils: No custom resources configured for spark.driver.
[2026-01-20T04:38:46.415+0000] {subprocess.py:93} INFO - 26/01/20 04:38:46 INFO ResourceUtils: ==============================================================
[2026-01-20T04:38:46.415+0000] {subprocess.py:93} INFO - 26/01/20 04:38:46 INFO SparkContext: Submitted application: ETL_job
[2026-01-20T04:38:46.432+0000] {subprocess.py:93} INFO - 26/01/20 04:38:46 INFO ResourceProfile: Default ResourceProfile created, executor resources: Map(cores -> name: cores, amount: 1, script: , vendor: , memory -> name: memory, amount: 1024, script: , vendor: , offHeap -> name: offHeap, amount: 0, script: , vendor: ), task resources: Map(cpus -> name: cpus, amount: 1.0)
[2026-01-20T04:38:46.440+0000] {subprocess.py:93} INFO - 26/01/20 04:38:46 INFO ResourceProfile: Limiting resource is cpu
[2026-01-20T04:38:46.441+0000] {subprocess.py:93} INFO - 26/01/20 04:38:46 INFO ResourceProfileManager: Added ResourceProfile id: 0
[2026-01-20T04:38:46.481+0000] {subprocess.py:93} INFO - 26/01/20 04:38:46 INFO SecurityManager: Changing view acls to: root
[2026-01-20T04:38:46.482+0000] {subprocess.py:93} INFO - 26/01/20 04:38:46 INFO SecurityManager: Changing modify acls to: root
[2026-01-20T04:38:46.483+0000] {subprocess.py:93} INFO - 26/01/20 04:38:46 INFO SecurityManager: Changing view acls groups to:
[2026-01-20T04:38:46.483+0000] {subprocess.py:93} INFO - 26/01/20 04:38:46 INFO SecurityManager: Changing modify acls groups to:
[2026-01-20T04:38:46.484+0000] {subprocess.py:93} INFO - 26/01/20 04:38:46 INFO SecurityManager: SecurityManager: authentication disabled; ui acls disabled; users with view permissions: root; groups with view permissions: EMPTY; users with modify permissions: root; groups with modify permissions: EMPTY
[2026-01-20T04:38:46.685+0000] {subprocess.py:93} INFO - 26/01/20 04:38:46 INFO Utils: Successfully started service 'sparkDriver' on port 37095.
[2026-01-20T04:38:46.712+0000] {subprocess.py:93} INFO - 26/01/20 04:38:46 INFO SparkEnv: Registering MapOutputTracker
[2026-01-20T04:38:46.741+0000] {subprocess.py:93} INFO - 26/01/20 04:38:46 INFO SparkEnv: Registering BlockManagerMaster
[2026-01-20T04:38:46.753+0000] {subprocess.py:93} INFO - 26/01/20 04:38:46 INFO BlockManagerMasterEndpoint: Using org.apache.spark.storage.DefaultTopologyMapper for getting topology information
[2026-01-20T04:38:46.754+0000] {subprocess.py:93} INFO - 26/01/20 04:38:46 INFO BlockManagerMasterEndpoint: BlockManagerMasterEndpoint up
[2026-01-20T04:38:46.758+0000] {subprocess.py:93} INFO - 26/01/20 04:38:46 INFO SparkEnv: Registering BlockManagerMasterHeartbeat
[2026-01-20T04:38:46.775+0000] {subprocess.py:93} INFO - 26/01/20 04:38:46 INFO DiskBlockManager: Created local directory at /tmp/blockmgr-6c0255a0-cb84-489b-ac2e-a195d67128f8
[2026-01-20T04:38:46.788+0000] {subprocess.py:93} INFO - 26/01/20 04:38:46 INFO MemoryStore: MemoryStore started with capacity 434.4 MiB
[2026-01-20T04:38:46.803+0000] {subprocess.py:93} INFO - 26/01/20 04:38:46 INFO SparkEnv: Registering OutputCommitCoordinator
[2026-01-20T04:38:46.912+0000] {subprocess.py:93} INFO - 26/01/20 04:38:46 INFO JettyUtils: Start Jetty 0.0.0.0:4040 for SparkUI
[2026-01-20T04:38:46.966+0000] {subprocess.py:93} INFO - 26/01/20 04:38:46 INFO Utils: Successfully started service 'SparkUI' on port 4040.
[2026-01-20T04:38:47.059+0000] {subprocess.py:93} INFO - 26/01/20 04:38:47 INFO Executor: Starting executor ID driver on host 519d7d29de3d
[2026-01-20T04:38:47.060+0000] {subprocess.py:93} INFO - 26/01/20 04:38:47 INFO Executor: OS info Linux, 5.15.167.4-microsoft-standard-WSL2, amd64
[2026-01-20T04:38:47.061+0000] {subprocess.py:93} INFO - 26/01/20 04:38:47 INFO Executor: Java version 17.0.17
[2026-01-20T04:38:47.066+0000] {subprocess.py:93} INFO - 26/01/20 04:38:47 INFO Executor: Starting executor with user classpath (userClassPathFirst = false): ''
[2026-01-20T04:38:47.067+0000] {subprocess.py:93} INFO - 26/01/20 04:38:47 INFO Executor: Created or updated repl class loader org.apache.spark.util.MutableURLClassLoader@552ebc35 for default.
[2026-01-20T04:38:47.085+0000] {subprocess.py:93} INFO - 26/01/20 04:38:47 INFO Utils: Successfully started service 'org.apache.spark.network.netty.NettyBlockTransferService' on port 35773.
[2026-01-20T04:38:47.085+0000] {subprocess.py:93} INFO - 26/01/20 04:38:47 INFO NettyBlockTransferService: Server created on 519d7d29de3d:35773
[2026-01-20T04:38:47.086+0000] {subprocess.py:93} INFO - 26/01/20 04:38:47 INFO BlockManager: Using org.apache.spark.storage.RandomBlockReplicationPolicy for block replication policy
[2026-01-20T04:38:47.091+0000] {subprocess.py:93} INFO - 26/01/20 04:38:47 INFO BlockManagerMaster: Registering BlockManager BlockManagerId(driver, 519d7d29de3d, 35773, None)
[2026-01-20T04:38:47.094+0000] {subprocess.py:93} INFO - 26/01/20 04:38:47 INFO BlockManagerMasterEndpoint: Registering block manager 519d7d29de3d:35773 with 434.4 MiB RAM, BlockManagerId(driver, 519d7d29de3d, 35773, None)
[2026-01-20T04:38:47.096+0000] {subprocess.py:93} INFO - 26/01/20 04:38:47 INFO BlockManagerMaster: Registered BlockManager BlockManagerId(driver, 519d7d29de3d, 35773, None)
[2026-01-20T04:38:47.097+0000] {subprocess.py:93} INFO - 26/01/20 04:38:47 INFO BlockManager: Initialized BlockManager: BlockManagerId(driver, 519d7d29de3d, 35773, None)
[2026-01-20T04:38:47.644+0000] {subprocess.py:93} INFO - 26/01/20 04:38:47 INFO SharedState: Setting hive.metastore.warehouse.dir ('null') to the value of spark.sql.warehouse.dir.
[2026-01-20T04:38:47.651+0000] {subprocess.py:93} INFO - 26/01/20 04:38:47 INFO SharedState: Warehouse path is 'file:/tmp/***tmpvw7y3sez/spark-warehouse'.
[2026-01-20T04:38:48.559+0000] {subprocess.py:93} INFO - 26/01/20 04:38:48 INFO InMemoryFileIndex: It took 59 ms to list leaf files for 1 paths.
[2026-01-20T04:38:48.654+0000] {subprocess.py:93} INFO - 26/01/20 04:38:48 INFO InMemoryFileIndex: It took 13 ms to list leaf files for 1 paths.
[2026-01-20T04:38:52.568+0000] {subprocess.py:93} INFO - 26/01/20 04:38:52 INFO FileSourceStrategy: Pushed Filters:
[2026-01-20T04:38:52.576+0000] {subprocess.py:93} INFO - 26/01/20 04:38:52 INFO FileSourceStrategy: Post-Scan Filters:
[2026-01-20T04:38:52.766+0000] {subprocess.py:93} INFO - 26/01/20 04:38:52 INFO MemoryStore: Block broadcast_0 stored as values in memory (estimated size 199.2 KiB, free 434.2 MiB)
[2026-01-20T04:38:52.809+0000] {subprocess.py:93} INFO - 26/01/20 04:38:52 INFO MemoryStore: Block broadcast_0_piece0 stored as bytes in memory (estimated size 34.2 KiB, free 434.2 MiB)
[2026-01-20T04:38:52.811+0000] {subprocess.py:93} INFO - 26/01/20 04:38:52 INFO BlockManagerInfo: Added broadcast_0_piece0 in memory on 519d7d29de3d:35773 (size: 34.2 KiB, free: 434.4 MiB)
[2026-01-20T04:38:52.815+0000] {subprocess.py:93} INFO - 26/01/20 04:38:52 INFO SparkContext: Created broadcast 0 from json at NativeMethodAccessorImpl.java:0
[2026-01-20T04:38:52.824+0000] {subprocess.py:93} INFO - 26/01/20 04:38:52 INFO FileSourceScanExec: Planning scan with bin packing, max size: 4194304 bytes, open cost is considered as scanning 4194304 bytes.
[2026-01-20T04:38:53.009+0000] {subprocess.py:93} INFO - 26/01/20 04:38:53 INFO SparkContext: Starting job: json at NativeMethodAccessorImpl.java:0
[2026-01-20T04:38:53.034+0000] {subprocess.py:93} INFO - 26/01/20 04:38:53 INFO DAGScheduler: Got job 0 (json at NativeMethodAccessorImpl.java:0) with 13 output partitions
[2026-01-20T04:38:53.035+0000] {subprocess.py:93} INFO - 26/01/20 04:38:53 INFO DAGScheduler: Final stage: ResultStage 0 (json at NativeMethodAccessorImpl.java:0)
[2026-01-20T04:38:53.036+0000] {subprocess.py:93} INFO - 26/01/20 04:38:53 INFO DAGScheduler: Parents of final stage: List()
[2026-01-20T04:38:53.039+0000] {subprocess.py:93} INFO - 26/01/20 04:38:53 INFO DAGScheduler: Missing parents: List()
[2026-01-20T04:38:53.044+0000] {subprocess.py:93} INFO - 26/01/20 04:38:53 INFO DAGScheduler: Submitting ResultStage 0 (MapPartitionsRDD[3] at json at NativeMethodAccessorImpl.java:0), which has no missing parents
[2026-01-20T04:38:53.149+0000] {subprocess.py:93} INFO - 26/01/20 04:38:53 INFO MemoryStore: Block broadcast_1 stored as values in memory (estimated size 16.0 KiB, free 434.2 MiB)
[2026-01-20T04:38:53.151+0000] {subprocess.py:93} INFO - 26/01/20 04:38:53 INFO MemoryStore: Block broadcast_1_piece0 stored as bytes in memory (estimated size 7.5 KiB, free 434.1 MiB)
[2026-01-20T04:38:53.152+0000] {subprocess.py:93} INFO - 26/01/20 04:38:53 INFO BlockManagerInfo: Added broadcast_1_piece0 in memory on 519d7d29de3d:35773 (size: 7.5 KiB, free: 434.4 MiB)
[2026-01-20T04:38:53.153+0000] {subprocess.py:93} INFO - 26/01/20 04:38:53 INFO SparkContext: Created broadcast 1 from broadcast at DAGScheduler.scala:1580
[2026-01-20T04:38:53.170+0000] {subprocess.py:93} INFO - 26/01/20 04:38:53 INFO DAGScheduler: Submitting 13 missing tasks from ResultStage 0 (MapPartitionsRDD[3] at json at NativeMethodAccessorImpl.java:0) (first 15 tasks are for partitions Vector(0, 1, 2, 3, 4, 5, 6, 7, 8, 9, 10, 11, 12))
[2026-01-20T04:38:53.173+0000] {subprocess.py:93} INFO - 26/01/20 04:38:53 INFO TaskSchedulerImpl: Adding task set 0.0 with 13 tasks resource profile 0
[2026-01-20T04:38:53.232+0000] {subprocess.py:93} INFO - 26/01/20 04:38:53 INFO TaskSetManager: Starting task 0.0 in stage 0.0 (TID 0) (519d7d29de3d, executor driver, partition 0, PROCESS_LOCAL, 8251 bytes)
[2026-01-20T04:38:53.235+0000] {subprocess.py:93} INFO - 26/01/20 04:38:53 INFO TaskSetManager: Starting task 1.0 in stage 0.0 (TID 1) (519d7d29de3d, executor driver, partition 1, PROCESS_LOCAL, 8251 bytes)
[2026-01-20T04:38:53.236+0000] {subprocess.py:93} INFO - 26/01/20 04:38:53 INFO TaskSetManager: Starting task 2.0 in stage 0.0 (TID 2) (519d7d29de3d, executor driver, partition 2, PROCESS_LOCAL, 8251 bytes)
[2026-01-20T04:38:53.238+0000] {subprocess.py:93} INFO - 26/01/20 04:38:53 INFO TaskSetManager: Starting task 3.0 in stage 0.0 (TID 3) (519d7d29de3d, executor driver, partition 3, PROCESS_LOCAL, 8251 bytes)
[2026-01-20T04:38:53.239+0000] {subprocess.py:93} INFO - 26/01/20 04:38:53 INFO TaskSetManager: Starting task 4.0 in stage 0.0 (TID 4) (519d7d29de3d, executor driver, partition 4, PROCESS_LOCAL, 8251 bytes)
[2026-01-20T04:38:53.240+0000] {subprocess.py:93} INFO - 26/01/20 04:38:53 INFO TaskSetManager: Starting task 5.0 in stage 0.0 (TID 5) (519d7d29de3d, executor driver, partition 5, PROCESS_LOCAL, 8251 bytes)
[2026-01-20T04:38:53.241+0000] {subprocess.py:93} INFO - 26/01/20 04:38:53 INFO TaskSetManager: Starting task 6.0 in stage 0.0 (TID 6) (519d7d29de3d, executor driver, partition 6, PROCESS_LOCAL, 8251 bytes)
[2026-01-20T04:38:53.243+0000] {subprocess.py:93} INFO - 26/01/20 04:38:53 INFO TaskSetManager: Starting task 7.0 in stage 0.0 (TID 7) (519d7d29de3d, executor driver, partition 7, PROCESS_LOCAL, 8251 bytes)
[2026-01-20T04:38:53.244+0000] {subprocess.py:93} INFO - 26/01/20 04:38:53 INFO TaskSetManager: Starting task 8.0 in stage 0.0 (TID 8) (519d7d29de3d, executor driver, partition 8, PROCESS_LOCAL, 8251 bytes)
[2026-01-20T04:38:53.245+0000] {subprocess.py:93} INFO - 26/01/20 04:38:53 INFO TaskSetManager: Starting task 9.0 in stage 0.0 (TID 9) (519d7d29de3d, executor driver, partition 9, PROCESS_LOCAL, 8251 bytes)
[2026-01-20T04:38:53.246+0000] {subprocess.py:93} INFO - 26/01/20 04:38:53 INFO TaskSetManager: Starting task 10.0 in stage 0.0 (TID 10) (519d7d29de3d, executor driver, partition 10, PROCESS_LOCAL, 8251 bytes)
[2026-01-20T04:38:53.248+0000] {subprocess.py:93} INFO - 26/01/20 04:38:53 INFO TaskSetManager: Starting task 11.0 in stage 0.0 (TID 11) (519d7d29de3d, executor driver, partition 11, PROCESS_LOCAL, 8251 bytes)
[2026-01-20T04:38:53.249+0000] {subprocess.py:93} INFO - 26/01/20 04:38:53 INFO TaskSetManager: Starting task 12.0 in stage 0.0 (TID 12) (519d7d29de3d, executor driver, partition 12, PROCESS_LOCAL, 8251 bytes)
[2026-01-20T04:38:53.263+0000] {subprocess.py:93} INFO - 26/01/20 04:38:53 INFO Executor: Running task 1.0 in stage 0.0 (TID 1)
[2026-01-20T04:38:53.264+0000] {subprocess.py:93} INFO - 26/01/20 04:38:53 INFO Executor: Running task 3.0 in stage 0.0 (TID 3)
[2026-01-20T04:38:53.267+0000] {subprocess.py:93} INFO - 26/01/20 04:38:53 INFO Executor: Running task 5.0 in stage 0.0 (TID 5)
[2026-01-20T04:38:53.269+0000] {subprocess.py:93} INFO - 26/01/20 04:38:53 INFO Executor: Running task 0.0 in stage 0.0 (TID 0)
[2026-01-20T04:38:53.270+0000] {subprocess.py:93} INFO - 26/01/20 04:38:53 INFO Executor: Running task 2.0 in stage 0.0 (TID 2)
[2026-01-20T04:38:53.270+0000] {subprocess.py:93} INFO - 26/01/20 04:38:53 INFO Executor: Running task 4.0 in stage 0.0 (TID 4)
[2026-01-20T04:38:53.271+0000] {subprocess.py:93} INFO - 26/01/20 04:38:53 INFO Executor: Running task 6.0 in stage 0.0 (TID 6)
[2026-01-20T04:38:53.272+0000] {subprocess.py:93} INFO - 26/01/20 04:38:53 INFO Executor: Running task 7.0 in stage 0.0 (TID 7)
[2026-01-20T04:38:53.273+0000] {subprocess.py:93} INFO - 26/01/20 04:38:53 INFO Executor: Running task 8.0 in stage 0.0 (TID 8)
[2026-01-20T04:38:53.274+0000] {subprocess.py:93} INFO - 26/01/20 04:38:53 INFO Executor: Running task 9.0 in stage 0.0 (TID 9)
[2026-01-20T04:38:53.275+0000] {subprocess.py:93} INFO - 26/01/20 04:38:53 INFO Executor: Running task 10.0 in stage 0.0 (TID 10)
[2026-01-20T04:38:53.276+0000] {subprocess.py:93} INFO - 26/01/20 04:38:53 INFO Executor: Running task 11.0 in stage 0.0 (TID 11)
[2026-01-20T04:38:53.277+0000] {subprocess.py:93} INFO - 26/01/20 04:38:53 INFO Executor: Running task 12.0 in stage 0.0 (TID 12)
[2026-01-20T04:38:53.561+0000] {subprocess.py:93} INFO - 26/01/20 04:38:53 INFO FileScanRDD: Reading File path: file:///opt/spark-data/landing/transaction_events_1768879479.1820476.json, range: 4194304-8388608, partition values: [empty row]
[2026-01-20T04:38:53.562+0000] {subprocess.py:93} INFO - 26/01/20 04:38:53 INFO FileScanRDD: Reading File path: file:///opt/spark-data/landing/transaction_events_1768879479.1820476.json, range: 46137344-50331648, partition values: [empty row]
[2026-01-20T04:38:53.563+0000] {subprocess.py:93} INFO - 26/01/20 04:38:53 INFO FileScanRDD: Reading File path: file:///opt/spark-data/landing/transaction_events_1768879479.1820476.json, range: 8388608-12582912, partition values: [empty row]
[2026-01-20T04:38:53.564+0000] {subprocess.py:93} INFO - 26/01/20 04:38:53 INFO FileScanRDD: Reading File path: file:///opt/spark-data/landing/transaction_events_1768879479.1820476.json, range: 16777216-20971520, partition values: [empty row]
[2026-01-20T04:38:53.565+0000] {subprocess.py:93} INFO - 26/01/20 04:38:53 INFO FileScanRDD: Reading File path: file:///opt/spark-data/landing/transaction_events_1768879479.1820476.json, range: 25165824-29360128, partition values: [empty row]
[2026-01-20T04:38:53.566+0000] {subprocess.py:93} INFO - 26/01/20 04:38:53 INFO FileScanRDD: Reading File path: file:///opt/spark-data/landing/transaction_events_1768879479.1820476.json, range: 20971520-25165824, partition values: [empty row]
[2026-01-20T04:38:53.567+0000] {subprocess.py:93} INFO - 26/01/20 04:38:53 INFO FileScanRDD: Reading File path: file:///opt/spark-data/landing/transaction_events_1768879479.1820476.json, range: 37748736-41943040, partition values: [empty row]
[2026-01-20T04:38:53.567+0000] {subprocess.py:93} INFO - 26/01/20 04:38:53 INFO FileScanRDD: Reading File path: file:///opt/spark-data/landing/transaction_events_1768879479.1820476.json, range: 29360128-33554432, partition values: [empty row]
[2026-01-20T04:38:53.568+0000] {subprocess.py:93} INFO - 26/01/20 04:38:53 INFO FileScanRDD: Reading File path: file:///opt/spark-data/landing/transaction_events_1768879479.1820476.json, range: 0-4194304, partition values: [empty row]
[2026-01-20T04:38:53.569+0000] {subprocess.py:93} INFO - 26/01/20 04:38:53 INFO FileScanRDD: Reading File path: file:///opt/spark-data/landing/transaction_events_1768879479.1820476.json, range: 33554432-37748736, partition values: [empty row]
[2026-01-20T04:38:53.570+0000] {subprocess.py:93} INFO - 26/01/20 04:38:53 INFO FileScanRDD: Reading File path: file:///opt/spark-data/landing/transaction_events_1768879479.1820476.json, range: 41943040-46137344, partition values: [empty row]
[2026-01-20T04:38:53.571+0000] {subprocess.py:93} INFO - 26/01/20 04:38:53 INFO FileScanRDD: Reading File path: file:///opt/spark-data/landing/transaction_events_1768879479.1820476.json, range: 50331648-51561162, partition values: [empty row]
[2026-01-20T04:38:53.572+0000] {subprocess.py:93} INFO - 26/01/20 04:38:53 INFO FileScanRDD: Reading File path: file:///opt/spark-data/landing/transaction_events_1768879479.1820476.json, range: 12582912-16777216, partition values: [empty row]
[2026-01-20T04:38:53.822+0000] {subprocess.py:93} INFO - 26/01/20 04:38:53 INFO CodeGenerator: Code generated in 183.875473 ms
[2026-01-20T04:38:54.557+0000] {subprocess.py:93} INFO - 26/01/20 04:38:54 INFO Executor: Finished task 12.0 in stage 0.0 (TID 12). 3067 bytes result sent to driver
[2026-01-20T04:38:54.588+0000] {subprocess.py:93} INFO - 26/01/20 04:38:54 INFO TaskSetManager: Finished task 12.0 in stage 0.0 (TID 12) in 1337 ms on 519d7d29de3d (executor driver) (1/13)
[2026-01-20T04:38:54.771+0000] {subprocess.py:93} INFO - 26/01/20 04:38:54 INFO Executor: Finished task 5.0 in stage 0.0 (TID 5). 3067 bytes result sent to driver
[2026-01-20T04:38:54.775+0000] {subprocess.py:93} INFO - 26/01/20 04:38:54 INFO TaskSetManager: Finished task 5.0 in stage 0.0 (TID 5) in 1535 ms on 519d7d29de3d (executor driver) (2/13)
[2026-01-20T04:38:54.782+0000] {subprocess.py:93} INFO - 26/01/20 04:38:54 INFO Executor: Finished task 9.0 in stage 0.0 (TID 9). 3024 bytes result sent to driver
[2026-01-20T04:38:54.786+0000] {subprocess.py:93} INFO - 26/01/20 04:38:54 INFO TaskSetManager: Finished task 9.0 in stage 0.0 (TID 9) in 1542 ms on 519d7d29de3d (executor driver) (3/13)
[2026-01-20T04:38:54.788+0000] {subprocess.py:93} INFO - 26/01/20 04:38:54 INFO Executor: Finished task 10.0 in stage 0.0 (TID 10). 3024 bytes result sent to driver
[2026-01-20T04:38:54.791+0000] {subprocess.py:93} INFO - 26/01/20 04:38:54 INFO Executor: Finished task 8.0 in stage 0.0 (TID 8). 3024 bytes result sent to driver
[2026-01-20T04:38:54.793+0000] {subprocess.py:93} INFO - 26/01/20 04:38:54 INFO Executor: Finished task 2.0 in stage 0.0 (TID 2). 3067 bytes result sent to driver
[2026-01-20T04:38:54.795+0000] {subprocess.py:93} INFO - 26/01/20 04:38:54 INFO Executor: Finished task 1.0 in stage 0.0 (TID 1). 3024 bytes result sent to driver
[2026-01-20T04:38:54.796+0000] {subprocess.py:93} INFO - 26/01/20 04:38:54 INFO TaskSetManager: Finished task 10.0 in stage 0.0 (TID 10) in 1549 ms on 519d7d29de3d (executor driver) (4/13)
[2026-01-20T04:38:54.797+0000] {subprocess.py:93} INFO - 26/01/20 04:38:54 INFO Executor: Finished task 6.0 in stage 0.0 (TID 6). 3024 bytes result sent to driver
[2026-01-20T04:38:54.798+0000] {subprocess.py:93} INFO - 26/01/20 04:38:54 INFO TaskSetManager: Finished task 8.0 in stage 0.0 (TID 8) in 1552 ms on 519d7d29de3d (executor driver) (5/13)
[2026-01-20T04:38:54.799+0000] {subprocess.py:93} INFO - 26/01/20 04:38:54 INFO TaskSetManager: Finished task 1.0 in stage 0.0 (TID 1) in 1561 ms on 519d7d29de3d (executor driver) (6/13)
[2026-01-20T04:38:54.799+0000] {subprocess.py:93} INFO - 26/01/20 04:38:54 INFO Executor: Finished task 0.0 in stage 0.0 (TID 0). 3024 bytes result sent to driver
[2026-01-20T04:38:54.800+0000] {subprocess.py:93} INFO - 26/01/20 04:38:54 INFO TaskSetManager: Finished task 2.0 in stage 0.0 (TID 2) in 1560 ms on 519d7d29de3d (executor driver) (7/13)
[2026-01-20T04:38:54.803+0000] {subprocess.py:93} INFO - 26/01/20 04:38:54 INFO Executor: Finished task 4.0 in stage 0.0 (TID 4). 3024 bytes result sent to driver
[2026-01-20T04:38:54.804+0000] {subprocess.py:93} INFO - 26/01/20 04:38:54 INFO TaskSetManager: Finished task 6.0 in stage 0.0 (TID 6) in 1563 ms on 519d7d29de3d (executor driver) (8/13)
[2026-01-20T04:38:54.805+0000] {subprocess.py:93} INFO - 26/01/20 04:38:54 INFO TaskSetManager: Finished task 4.0 in stage 0.0 (TID 4) in 1566 ms on 519d7d29de3d (executor driver) (9/13)
[2026-01-20T04:38:54.806+0000] {subprocess.py:93} INFO - 26/01/20 04:38:54 INFO TaskSetManager: Finished task 0.0 in stage 0.0 (TID 0) in 1590 ms on 519d7d29de3d (executor driver) (10/13)
[2026-01-20T04:38:54.807+0000] {subprocess.py:93} INFO - 26/01/20 04:38:54 INFO Executor: Finished task 7.0 in stage 0.0 (TID 7). 3067 bytes result sent to driver
[2026-01-20T04:38:54.808+0000] {subprocess.py:93} INFO - 26/01/20 04:38:54 INFO Executor: Finished task 11.0 in stage 0.0 (TID 11). 3067 bytes result sent to driver
[2026-01-20T04:38:54.809+0000] {subprocess.py:93} INFO - 26/01/20 04:38:54 INFO TaskSetManager: Finished task 7.0 in stage 0.0 (TID 7) in 1566 ms on 519d7d29de3d (executor driver) (11/13)
[2026-01-20T04:38:54.810+0000] {subprocess.py:93} INFO - 26/01/20 04:38:54 INFO TaskSetManager: Finished task 11.0 in stage 0.0 (TID 11) in 1563 ms on 519d7d29de3d (executor driver) (12/13)
[2026-01-20T04:38:54.812+0000] {subprocess.py:93} INFO - 26/01/20 04:38:54 INFO Executor: Finished task 3.0 in stage 0.0 (TID 3). 3024 bytes result sent to driver
[2026-01-20T04:38:54.817+0000] {subprocess.py:93} INFO - 26/01/20 04:38:54 INFO TaskSetManager: Finished task 3.0 in stage 0.0 (TID 3) in 1579 ms on 519d7d29de3d (executor driver) (13/13)
[2026-01-20T04:38:54.819+0000] {subprocess.py:93} INFO - 26/01/20 04:38:54 INFO TaskSchedulerImpl: Removed TaskSet 0.0, whose tasks have all completed, from pool
[2026-01-20T04:38:54.820+0000] {subprocess.py:93} INFO - 26/01/20 04:38:54 INFO DAGScheduler: ResultStage 0 (json at NativeMethodAccessorImpl.java:0) finished in 1.753 s
[2026-01-20T04:38:54.824+0000] {subprocess.py:93} INFO - 26/01/20 04:38:54 INFO DAGScheduler: Job 0 is finished. Cancelling potential speculative or zombie tasks for this job
[2026-01-20T04:38:54.825+0000] {subprocess.py:93} INFO - 26/01/20 04:38:54 INFO TaskSchedulerImpl: Killing all running tasks in stage 0: Stage finished
[2026-01-20T04:38:54.827+0000] {subprocess.py:93} INFO - 26/01/20 04:38:54 INFO DAGScheduler: Job 0 finished: json at NativeMethodAccessorImpl.java:0, took 1.817170 s
[2026-01-20T04:38:54.973+0000] {subprocess.py:93} INFO - 26/01/20 04:38:54 INFO InMemoryFileIndex: It took 10 ms to list leaf files for 1 paths.
[2026-01-20T04:38:55.007+0000] {subprocess.py:93} INFO - 26/01/20 04:38:55 INFO InMemoryFileIndex: It took 15 ms to list leaf files for 1 paths.
[2026-01-20T04:38:55.074+0000] {subprocess.py:93} INFO - 26/01/20 04:38:55 INFO FileSourceStrategy: Pushed Filters:
[2026-01-20T04:38:55.075+0000] {subprocess.py:93} INFO - 26/01/20 04:38:55 INFO FileSourceStrategy: Post-Scan Filters:
[2026-01-20T04:38:55.083+0000] {subprocess.py:93} INFO - 26/01/20 04:38:55 INFO MemoryStore: Block broadcast_2 stored as values in memory (estimated size 199.2 KiB, free 434.0 MiB)
[2026-01-20T04:38:55.102+0000] {subprocess.py:93} INFO - 26/01/20 04:38:55 INFO MemoryStore: Block broadcast_2_piece0 stored as bytes in memory (estimated size 34.2 KiB, free 433.9 MiB)
[2026-01-20T04:38:55.103+0000] {subprocess.py:93} INFO - 26/01/20 04:38:55 INFO BlockManagerInfo: Added broadcast_2_piece0 in memory on 519d7d29de3d:35773 (size: 34.2 KiB, free: 434.3 MiB)
[2026-01-20T04:38:55.105+0000] {subprocess.py:93} INFO - 26/01/20 04:38:55 INFO SparkContext: Created broadcast 2 from json at NativeMethodAccessorImpl.java:0
[2026-01-20T04:38:55.107+0000] {subprocess.py:93} INFO - 26/01/20 04:38:55 INFO FileSourceScanExec: Planning scan with bin packing, max size: 4194304 bytes, open cost is considered as scanning 4194304 bytes.
[2026-01-20T04:38:55.126+0000] {subprocess.py:93} INFO - 26/01/20 04:38:55 INFO SparkContext: Starting job: json at NativeMethodAccessorImpl.java:0
[2026-01-20T04:38:55.129+0000] {subprocess.py:93} INFO - 26/01/20 04:38:55 INFO DAGScheduler: Got job 1 (json at NativeMethodAccessorImpl.java:0) with 8 output partitions
[2026-01-20T04:38:55.130+0000] {subprocess.py:93} INFO - 26/01/20 04:38:55 INFO DAGScheduler: Final stage: ResultStage 1 (json at NativeMethodAccessorImpl.java:0)
[2026-01-20T04:38:55.131+0000] {subprocess.py:93} INFO - 26/01/20 04:38:55 INFO DAGScheduler: Parents of final stage: List()
[2026-01-20T04:38:55.132+0000] {subprocess.py:93} INFO - 26/01/20 04:38:55 INFO DAGScheduler: Missing parents: List()
[2026-01-20T04:38:55.133+0000] {subprocess.py:93} INFO - 26/01/20 04:38:55 INFO DAGScheduler: Submitting ResultStage 1 (MapPartitionsRDD[7] at json at NativeMethodAccessorImpl.java:0), which has no missing parents
[2026-01-20T04:38:55.138+0000] {subprocess.py:93} INFO - 26/01/20 04:38:55 INFO MemoryStore: Block broadcast_3 stored as values in memory (estimated size 16.0 KiB, free 433.9 MiB)
[2026-01-20T04:38:55.140+0000] {subprocess.py:93} INFO - 26/01/20 04:38:55 INFO MemoryStore: Block broadcast_3_piece0 stored as bytes in memory (estimated size 7.5 KiB, free 433.9 MiB)
[2026-01-20T04:38:55.142+0000] {subprocess.py:93} INFO - 26/01/20 04:38:55 INFO BlockManagerInfo: Added broadcast_3_piece0 in memory on 519d7d29de3d:35773 (size: 7.5 KiB, free: 434.3 MiB)
[2026-01-20T04:38:55.143+0000] {subprocess.py:93} INFO - 26/01/20 04:38:55 INFO SparkContext: Created broadcast 3 from broadcast at DAGScheduler.scala:1580
[2026-01-20T04:38:55.145+0000] {subprocess.py:93} INFO - 26/01/20 04:38:55 INFO DAGScheduler: Submitting 8 missing tasks from ResultStage 1 (MapPartitionsRDD[7] at json at NativeMethodAccessorImpl.java:0) (first 15 tasks are for partitions Vector(0, 1, 2, 3, 4, 5, 6, 7))
[2026-01-20T04:38:55.146+0000] {subprocess.py:93} INFO - 26/01/20 04:38:55 INFO TaskSchedulerImpl: Adding task set 1.0 with 8 tasks resource profile 0
[2026-01-20T04:38:55.149+0000] {subprocess.py:93} INFO - 26/01/20 04:38:55 INFO TaskSetManager: Starting task 0.0 in stage 1.0 (TID 13) (519d7d29de3d, executor driver, partition 0, PROCESS_LOCAL, 8244 bytes)
[2026-01-20T04:38:55.150+0000] {subprocess.py:93} INFO - 26/01/20 04:38:55 INFO TaskSetManager: Starting task 1.0 in stage 1.0 (TID 14) (519d7d29de3d, executor driver, partition 1, PROCESS_LOCAL, 8244 bytes)
[2026-01-20T04:38:55.151+0000] {subprocess.py:93} INFO - 26/01/20 04:38:55 INFO TaskSetManager: Starting task 2.0 in stage 1.0 (TID 15) (519d7d29de3d, executor driver, partition 2, PROCESS_LOCAL, 8244 bytes)
[2026-01-20T04:38:55.152+0000] {subprocess.py:93} INFO - 26/01/20 04:38:55 INFO TaskSetManager: Starting task 3.0 in stage 1.0 (TID 16) (519d7d29de3d, executor driver, partition 3, PROCESS_LOCAL, 8244 bytes)
[2026-01-20T04:38:55.152+0000] {subprocess.py:93} INFO - 26/01/20 04:38:55 INFO TaskSetManager: Starting task 4.0 in stage 1.0 (TID 17) (519d7d29de3d, executor driver, partition 4, PROCESS_LOCAL, 8244 bytes)
[2026-01-20T04:38:55.153+0000] {subprocess.py:93} INFO - 26/01/20 04:38:55 INFO TaskSetManager: Starting task 5.0 in stage 1.0 (TID 18) (519d7d29de3d, executor driver, partition 5, PROCESS_LOCAL, 8244 bytes)
[2026-01-20T04:38:55.154+0000] {subprocess.py:93} INFO - 26/01/20 04:38:55 INFO TaskSetManager: Starting task 6.0 in stage 1.0 (TID 19) (519d7d29de3d, executor driver, partition 6, PROCESS_LOCAL, 8244 bytes)
[2026-01-20T04:38:55.155+0000] {subprocess.py:93} INFO - 26/01/20 04:38:55 INFO TaskSetManager: Starting task 7.0 in stage 1.0 (TID 20) (519d7d29de3d, executor driver, partition 7, PROCESS_LOCAL, 8244 bytes)
[2026-01-20T04:38:55.156+0000] {subprocess.py:93} INFO - 26/01/20 04:38:55 INFO Executor: Running task 1.0 in stage 1.0 (TID 14)
[2026-01-20T04:38:55.157+0000] {subprocess.py:93} INFO - 26/01/20 04:38:55 INFO Executor: Running task 0.0 in stage 1.0 (TID 13)
[2026-01-20T04:38:55.159+0000] {subprocess.py:93} INFO - 26/01/20 04:38:55 INFO Executor: Running task 2.0 in stage 1.0 (TID 15)
[2026-01-20T04:38:55.161+0000] {subprocess.py:93} INFO - 26/01/20 04:38:55 INFO Executor: Running task 3.0 in stage 1.0 (TID 16)
[2026-01-20T04:38:55.162+0000] {subprocess.py:93} INFO - 26/01/20 04:38:55 INFO Executor: Running task 4.0 in stage 1.0 (TID 17)
[2026-01-20T04:38:55.163+0000] {subprocess.py:93} INFO - 26/01/20 04:38:55 INFO Executor: Running task 5.0 in stage 1.0 (TID 18)
[2026-01-20T04:38:55.164+0000] {subprocess.py:93} INFO - 26/01/20 04:38:55 INFO Executor: Running task 6.0 in stage 1.0 (TID 19)
[2026-01-20T04:38:55.166+0000] {subprocess.py:93} INFO - 26/01/20 04:38:55 INFO Executor: Running task 7.0 in stage 1.0 (TID 20)
[2026-01-20T04:38:55.167+0000] {subprocess.py:93} INFO - 26/01/20 04:38:55 INFO FileScanRDD: Reading File path: file:///opt/spark-data/landing/user_events_1768879431.2231393.json, range: 8388608-12582912, partition values: [empty row]
[2026-01-20T04:38:55.169+0000] {subprocess.py:93} INFO - 26/01/20 04:38:55 INFO FileScanRDD: Reading File path: file:///opt/spark-data/landing/user_events_1768879431.2231393.json, range: 4194304-8388608, partition values: [empty row]
[2026-01-20T04:38:55.170+0000] {subprocess.py:93} INFO - 26/01/20 04:38:55 INFO FileScanRDD: Reading File path: file:///opt/spark-data/landing/user_events_1768879431.2231393.json, range: 12582912-16777216, partition values: [empty row]
[2026-01-20T04:38:55.171+0000] {subprocess.py:93} INFO - 26/01/20 04:38:55 INFO FileScanRDD: Reading File path: file:///opt/spark-data/landing/user_events_1768879431.2231393.json, range: 25165824-29360128, partition values: [empty row]
[2026-01-20T04:38:55.172+0000] {subprocess.py:93} INFO - 26/01/20 04:38:55 INFO FileScanRDD: Reading File path: file:///opt/spark-data/landing/user_events_1768879431.2231393.json, range: 29360128-33532706, partition values: [empty row]
[2026-01-20T04:38:55.173+0000] {subprocess.py:93} INFO - 26/01/20 04:38:55 INFO FileScanRDD: Reading File path: file:///opt/spark-data/landing/user_events_1768879431.2231393.json, range: 16777216-20971520, partition values: [empty row]
[2026-01-20T04:38:55.175+0000] {subprocess.py:93} INFO - 26/01/20 04:38:55 INFO FileScanRDD: Reading File path: file:///opt/spark-data/landing/user_events_1768879431.2231393.json, range: 0-4194304, partition values: [empty row]
[2026-01-20T04:38:55.176+0000] {subprocess.py:93} INFO - 26/01/20 04:38:55 INFO FileScanRDD: Reading File path: file:///opt/spark-data/landing/user_events_1768879431.2231393.json, range: 20971520-25165824, partition values: [empty row]
[2026-01-20T04:38:55.736+0000] {subprocess.py:93} INFO - 26/01/20 04:38:55 INFO Executor: Finished task 2.0 in stage 1.0 (TID 15). 2401 bytes result sent to driver
[2026-01-20T04:38:55.738+0000] {subprocess.py:93} INFO - 26/01/20 04:38:55 INFO Executor: Finished task 0.0 in stage 1.0 (TID 13). 2401 bytes result sent to driver
[2026-01-20T04:38:55.740+0000] {subprocess.py:93} INFO - 26/01/20 04:38:55 INFO Executor: Finished task 4.0 in stage 1.0 (TID 17). 2401 bytes result sent to driver
[2026-01-20T04:38:55.742+0000] {subprocess.py:93} INFO - 26/01/20 04:38:55 INFO TaskSetManager: Finished task 0.0 in stage 1.0 (TID 13) in 591 ms on 519d7d29de3d (executor driver) (1/8)
[2026-01-20T04:38:55.744+0000] {subprocess.py:93} INFO - 26/01/20 04:38:55 INFO TaskSetManager: Finished task 2.0 in stage 1.0 (TID 15) in 590 ms on 519d7d29de3d (executor driver) (2/8)
[2026-01-20T04:38:55.745+0000] {subprocess.py:93} INFO - 26/01/20 04:38:55 INFO Executor: Finished task 3.0 in stage 1.0 (TID 16). 2444 bytes result sent to driver
[2026-01-20T04:38:55.747+0000] {subprocess.py:93} INFO - 26/01/20 04:38:55 INFO TaskSetManager: Finished task 4.0 in stage 1.0 (TID 17) in 592 ms on 519d7d29de3d (executor driver) (3/8)
[2026-01-20T04:38:55.748+0000] {subprocess.py:93} INFO - 26/01/20 04:38:55 INFO Executor: Finished task 7.0 in stage 1.0 (TID 20). 2401 bytes result sent to driver
[2026-01-20T04:38:55.749+0000] {subprocess.py:93} INFO - 26/01/20 04:38:55 INFO TaskSetManager: Finished task 3.0 in stage 1.0 (TID 16) in 595 ms on 519d7d29de3d (executor driver) (4/8)
[2026-01-20T04:38:55.750+0000] {subprocess.py:93} INFO - 26/01/20 04:38:55 INFO TaskSetManager: Finished task 7.0 in stage 1.0 (TID 20) in 595 ms on 519d7d29de3d (executor driver) (5/8)
[2026-01-20T04:38:55.751+0000] {subprocess.py:93} INFO - 26/01/20 04:38:55 INFO Executor: Finished task 5.0 in stage 1.0 (TID 18). 2401 bytes result sent to driver
[2026-01-20T04:38:55.753+0000] {subprocess.py:93} INFO - 26/01/20 04:38:55 INFO Executor: Finished task 6.0 in stage 1.0 (TID 19). 2401 bytes result sent to driver
[2026-01-20T04:38:55.754+0000] {subprocess.py:93} INFO - 26/01/20 04:38:55 INFO Executor: Finished task 1.0 in stage 1.0 (TID 14). 2401 bytes result sent to driver
[2026-01-20T04:38:55.755+0000] {subprocess.py:93} INFO - 26/01/20 04:38:55 INFO TaskSetManager: Finished task 5.0 in stage 1.0 (TID 18) in 602 ms on 519d7d29de3d (executor driver) (6/8)
[2026-01-20T04:38:55.756+0000] {subprocess.py:93} INFO - 26/01/20 04:38:55 INFO TaskSetManager: Finished task 6.0 in stage 1.0 (TID 19) in 602 ms on 519d7d29de3d (executor driver) (7/8)
[2026-01-20T04:38:55.757+0000] {subprocess.py:93} INFO - 26/01/20 04:38:55 INFO TaskSetManager: Finished task 1.0 in stage 1.0 (TID 14) in 605 ms on 519d7d29de3d (executor driver) (8/8)
[2026-01-20T04:38:55.758+0000] {subprocess.py:93} INFO - 26/01/20 04:38:55 INFO TaskSchedulerImpl: Removed TaskSet 1.0, whose tasks have all completed, from pool
[2026-01-20T04:38:55.759+0000] {subprocess.py:93} INFO - 26/01/20 04:38:55 INFO DAGScheduler: ResultStage 1 (json at NativeMethodAccessorImpl.java:0) finished in 0.622 s
[2026-01-20T04:38:55.760+0000] {subprocess.py:93} INFO - 26/01/20 04:38:55 INFO DAGScheduler: Job 1 is finished. Cancelling potential speculative or zombie tasks for this job
[2026-01-20T04:38:55.762+0000] {subprocess.py:93} INFO - 26/01/20 04:38:55 INFO TaskSchedulerImpl: Killing all running tasks in stage 1: Stage finished
[2026-01-20T04:38:55.763+0000] {subprocess.py:93} INFO - 26/01/20 04:38:55 INFO DAGScheduler: Job 1 finished: json at NativeMethodAccessorImpl.java:0, took 0.632428 s
[2026-01-20T04:38:56.443+0000] {subprocess.py:93} INFO - 26/01/20 04:38:56 INFO BlockManagerInfo: Removed broadcast_2_piece0 on 519d7d29de3d:35773 in memory (size: 34.2 KiB, free: 434.4 MiB)
[2026-01-20T04:38:56.460+0000] {subprocess.py:93} INFO - 26/01/20 04:38:56 INFO BlockManagerInfo: Removed broadcast_3_piece0 on 519d7d29de3d:35773 in memory (size: 7.5 KiB, free: 434.4 MiB)
[2026-01-20T04:38:56.917+0000] {subprocess.py:93} INFO - 26/01/20 04:38:56 INFO FileSourceStrategy: Pushed Filters: IsNotNull(user_id),IsNotNull(line_items)
[2026-01-20T04:38:56.919+0000] {subprocess.py:93} INFO - 26/01/20 04:38:56 INFO FileSourceStrategy: Post-Scan Filters: isnotnull(user_id#21),(size(line_items#10, true) > 0),isnotnull(line_items#10)
[2026-01-20T04:38:56.924+0000] {subprocess.py:93} INFO - 26/01/20 04:38:56 INFO FileSourceStrategy: Pushed Filters: IsNotNull(user_id),IsNotNull(product_id)
[2026-01-20T04:38:56.925+0000] {subprocess.py:93} INFO - 26/01/20 04:38:56 INFO FileSourceStrategy: Post-Scan Filters: isnotnull(user_id#58),isnotnull(product_id#53)
[2026-01-20T04:38:57.093+0000] {subprocess.py:93} INFO - 26/01/20 04:38:57 INFO CodeGenerator: Code generated in 32.517076 ms
[2026-01-20T04:38:57.097+0000] {subprocess.py:93} INFO - 26/01/20 04:38:57 INFO MemoryStore: Block broadcast_4 stored as values in memory (estimated size 199.1 KiB, free 434.0 MiB)
[2026-01-20T04:38:57.107+0000] {subprocess.py:93} INFO - 26/01/20 04:38:57 INFO MemoryStore: Block broadcast_4_piece0 stored as bytes in memory (estimated size 34.2 KiB, free 433.9 MiB)
[2026-01-20T04:38:57.108+0000] {subprocess.py:93} INFO - 26/01/20 04:38:57 INFO BlockManagerInfo: Added broadcast_4_piece0 in memory on 519d7d29de3d:35773 (size: 34.2 KiB, free: 434.3 MiB)
[2026-01-20T04:38:57.109+0000] {subprocess.py:93} INFO - 26/01/20 04:38:57 INFO SparkContext: Created broadcast 4 from $anonfun$withThreadLocalCaptured$1 at FutureTask.java:264
[2026-01-20T04:38:57.113+0000] {subprocess.py:93} INFO - 26/01/20 04:38:57 INFO FileSourceScanExec: Planning scan with bin packing, max size: 4194304 bytes, open cost is considered as scanning 4194304 bytes.
[2026-01-20T04:38:57.147+0000] {subprocess.py:93} INFO - 26/01/20 04:38:57 INFO SparkContext: Starting job: $anonfun$withThreadLocalCaptured$1 at FutureTask.java:264
[2026-01-20T04:38:57.149+0000] {subprocess.py:93} INFO - 26/01/20 04:38:57 INFO DAGScheduler: Got job 2 ($anonfun$withThreadLocalCaptured$1 at FutureTask.java:264) with 8 output partitions
[2026-01-20T04:38:57.150+0000] {subprocess.py:93} INFO - 26/01/20 04:38:57 INFO DAGScheduler: Final stage: ResultStage 2 ($anonfun$withThreadLocalCaptured$1 at FutureTask.java:264)
[2026-01-20T04:38:57.150+0000] {subprocess.py:93} INFO - 26/01/20 04:38:57 INFO DAGScheduler: Parents of final stage: List()
[2026-01-20T04:38:57.151+0000] {subprocess.py:93} INFO - 26/01/20 04:38:57 INFO DAGScheduler: Missing parents: List()
[2026-01-20T04:38:57.152+0000] {subprocess.py:93} INFO - 26/01/20 04:38:57 INFO DAGScheduler: Submitting ResultStage 2 (MapPartitionsRDD[11] at $anonfun$withThreadLocalCaptured$1 at FutureTask.java:264), which has no missing parents
[2026-01-20T04:38:57.154+0000] {subprocess.py:93} INFO - 26/01/20 04:38:57 INFO MemoryStore: Block broadcast_5 stored as values in memory (estimated size 15.6 KiB, free 433.9 MiB)
[2026-01-20T04:38:57.157+0000] {subprocess.py:93} INFO - 26/01/20 04:38:57 INFO MemoryStore: Block broadcast_5_piece0 stored as bytes in memory (estimated size 7.4 KiB, free 433.9 MiB)
[2026-01-20T04:38:57.158+0000] {subprocess.py:93} INFO - 26/01/20 04:38:57 INFO BlockManagerInfo: Added broadcast_5_piece0 in memory on 519d7d29de3d:35773 (size: 7.4 KiB, free: 434.3 MiB)
[2026-01-20T04:38:57.159+0000] {subprocess.py:93} INFO - 26/01/20 04:38:57 INFO SparkContext: Created broadcast 5 from broadcast at DAGScheduler.scala:1580
[2026-01-20T04:38:57.160+0000] {subprocess.py:93} INFO - 26/01/20 04:38:57 INFO DAGScheduler: Submitting 8 missing tasks from ResultStage 2 (MapPartitionsRDD[11] at $anonfun$withThreadLocalCaptured$1 at FutureTask.java:264) (first 15 tasks are for partitions Vector(0, 1, 2, 3, 4, 5, 6, 7))
[2026-01-20T04:38:57.161+0000] {subprocess.py:93} INFO - 26/01/20 04:38:57 INFO TaskSchedulerImpl: Adding task set 2.0 with 8 tasks resource profile 0
[2026-01-20T04:38:57.163+0000] {subprocess.py:93} INFO - 26/01/20 04:38:57 INFO TaskSetManager: Starting task 0.0 in stage 2.0 (TID 21) (519d7d29de3d, executor driver, partition 0, PROCESS_LOCAL, 8244 bytes)
[2026-01-20T04:38:57.164+0000] {subprocess.py:93} INFO - 26/01/20 04:38:57 INFO TaskSetManager: Starting task 1.0 in stage 2.0 (TID 22) (519d7d29de3d, executor driver, partition 1, PROCESS_LOCAL, 8244 bytes)
[2026-01-20T04:38:57.165+0000] {subprocess.py:93} INFO - 26/01/20 04:38:57 INFO TaskSetManager: Starting task 2.0 in stage 2.0 (TID 23) (519d7d29de3d, executor driver, partition 2, PROCESS_LOCAL, 8244 bytes)
[2026-01-20T04:38:57.166+0000] {subprocess.py:93} INFO - 26/01/20 04:38:57 INFO TaskSetManager: Starting task 3.0 in stage 2.0 (TID 24) (519d7d29de3d, executor driver, partition 3, PROCESS_LOCAL, 8244 bytes)
[2026-01-20T04:38:57.167+0000] {subprocess.py:93} INFO - 26/01/20 04:38:57 INFO TaskSetManager: Starting task 4.0 in stage 2.0 (TID 25) (519d7d29de3d, executor driver, partition 4, PROCESS_LOCAL, 8244 bytes)
[2026-01-20T04:38:57.168+0000] {subprocess.py:93} INFO - 26/01/20 04:38:57 INFO TaskSetManager: Starting task 5.0 in stage 2.0 (TID 26) (519d7d29de3d, executor driver, partition 5, PROCESS_LOCAL, 8244 bytes)
[2026-01-20T04:38:57.169+0000] {subprocess.py:93} INFO - 26/01/20 04:38:57 INFO TaskSetManager: Starting task 6.0 in stage 2.0 (TID 27) (519d7d29de3d, executor driver, partition 6, PROCESS_LOCAL, 8244 bytes)
[2026-01-20T04:38:57.170+0000] {subprocess.py:93} INFO - 26/01/20 04:38:57 INFO TaskSetManager: Starting task 7.0 in stage 2.0 (TID 28) (519d7d29de3d, executor driver, partition 7, PROCESS_LOCAL, 8244 bytes)
[2026-01-20T04:38:57.170+0000] {subprocess.py:93} INFO - 26/01/20 04:38:57 INFO Executor: Running task 0.0 in stage 2.0 (TID 21)
[2026-01-20T04:38:57.171+0000] {subprocess.py:93} INFO - 26/01/20 04:38:57 INFO Executor: Running task 1.0 in stage 2.0 (TID 22)
[2026-01-20T04:38:57.172+0000] {subprocess.py:93} INFO - 26/01/20 04:38:57 INFO Executor: Running task 2.0 in stage 2.0 (TID 23)
[2026-01-20T04:38:57.173+0000] {subprocess.py:93} INFO - 26/01/20 04:38:57 INFO Executor: Running task 5.0 in stage 2.0 (TID 26)
[2026-01-20T04:38:57.174+0000] {subprocess.py:93} INFO - 26/01/20 04:38:57 INFO Executor: Running task 3.0 in stage 2.0 (TID 24)
[2026-01-20T04:38:57.175+0000] {subprocess.py:93} INFO - 26/01/20 04:38:57 INFO Executor: Running task 6.0 in stage 2.0 (TID 27)
[2026-01-20T04:38:57.176+0000] {subprocess.py:93} INFO - 26/01/20 04:38:57 INFO Executor: Running task 4.0 in stage 2.0 (TID 25)
[2026-01-20T04:38:57.177+0000] {subprocess.py:93} INFO - 26/01/20 04:38:57 INFO Executor: Running task 7.0 in stage 2.0 (TID 28)
[2026-01-20T04:38:57.216+0000] {subprocess.py:93} INFO - 26/01/20 04:38:57 INFO CodeGenerator: Code generated in 25.205331 ms
[2026-01-20T04:38:57.221+0000] {subprocess.py:93} INFO - 26/01/20 04:38:57 INFO FileScanRDD: Reading File path: file:///opt/spark-data/landing/user_events_1768879431.2231393.json, range: 0-4194304, partition values: [empty row]
[2026-01-20T04:38:57.222+0000] {subprocess.py:93} INFO - 26/01/20 04:38:57 INFO FileScanRDD: Reading File path: file:///opt/spark-data/landing/user_events_1768879431.2231393.json, range: 4194304-8388608, partition values: [empty row]
[2026-01-20T04:38:57.223+0000] {subprocess.py:93} INFO - 26/01/20 04:38:57 INFO FileScanRDD: Reading File path: file:///opt/spark-data/landing/user_events_1768879431.2231393.json, range: 20971520-25165824, partition values: [empty row]
[2026-01-20T04:38:57.224+0000] {subprocess.py:93} INFO - 26/01/20 04:38:57 INFO FileScanRDD: Reading File path: file:///opt/spark-data/landing/user_events_1768879431.2231393.json, range: 8388608-12582912, partition values: [empty row]
[2026-01-20T04:38:57.225+0000] {subprocess.py:93} INFO - 26/01/20 04:38:57 INFO FileScanRDD: Reading File path: file:///opt/spark-data/landing/user_events_1768879431.2231393.json, range: 25165824-29360128, partition values: [empty row]
[2026-01-20T04:38:57.227+0000] {subprocess.py:93} INFO - 26/01/20 04:38:57 INFO FileScanRDD: Reading File path: file:///opt/spark-data/landing/user_events_1768879431.2231393.json, range: 29360128-33532706, partition values: [empty row]
[2026-01-20T04:38:57.228+0000] {subprocess.py:93} INFO - 26/01/20 04:38:57 INFO FileScanRDD: Reading File path: file:///opt/spark-data/landing/user_events_1768879431.2231393.json, range: 16777216-20971520, partition values: [empty row]
[2026-01-20T04:38:57.229+0000] {subprocess.py:93} INFO - 26/01/20 04:38:57 INFO FileScanRDD: Reading File path: file:///opt/spark-data/landing/user_events_1768879431.2231393.json, range: 12582912-16777216, partition values: [empty row]
[2026-01-20T04:38:57.247+0000] {subprocess.py:93} INFO - 26/01/20 04:38:57 INFO CodeGenerator: Code generated in 20.726799 ms
[2026-01-20T04:38:57.304+0000] {subprocess.py:93} INFO - 26/01/20 04:38:57 INFO CodeGenerator: Code generated in 10.0033 ms
[2026-01-20T04:38:57.317+0000] {subprocess.py:93} INFO - 26/01/20 04:38:57 INFO CodeGenerator: Code generated in 8.735796 ms
[2026-01-20T04:38:57.894+0000] {subprocess.py:93} INFO - 26/01/20 04:38:57 INFO Executor: Finished task 7.0 in stage 2.0 (TID 28). 130576 bytes result sent to driver
[2026-01-20T04:38:57.897+0000] {subprocess.py:93} INFO - 26/01/20 04:38:57 INFO Executor: Finished task 6.0 in stage 2.0 (TID 27). 129991 bytes result sent to driver
[2026-01-20T04:38:57.898+0000] {subprocess.py:93} INFO - 26/01/20 04:38:57 INFO Executor: Finished task 2.0 in stage 2.0 (TID 23). 132137 bytes result sent to driver
[2026-01-20T04:38:57.900+0000] {subprocess.py:93} INFO - 26/01/20 04:38:57 INFO TaskSetManager: Finished task 7.0 in stage 2.0 (TID 28) in 730 ms on 519d7d29de3d (executor driver) (1/8)
[2026-01-20T04:38:57.901+0000] {subprocess.py:93} INFO - 26/01/20 04:38:57 INFO Executor: Finished task 3.0 in stage 2.0 (TID 24). 132558 bytes result sent to driver
[2026-01-20T04:38:57.902+0000] {subprocess.py:93} INFO - 26/01/20 04:38:57 INFO Executor: Finished task 4.0 in stage 2.0 (TID 25). 135365 bytes result sent to driver
[2026-01-20T04:38:57.902+0000] {subprocess.py:93} INFO - 26/01/20 04:38:57 INFO Executor: Finished task 0.0 in stage 2.0 (TID 21). 131277 bytes result sent to driver
[2026-01-20T04:38:57.903+0000] {subprocess.py:93} INFO - 26/01/20 04:38:57 INFO Executor: Finished task 5.0 in stage 2.0 (TID 26). 133763 bytes result sent to driver
[2026-01-20T04:38:57.904+0000] {subprocess.py:93} INFO - 26/01/20 04:38:57 INFO TaskSetManager: Finished task 2.0 in stage 2.0 (TID 23) in 736 ms on 519d7d29de3d (executor driver) (2/8)
[2026-01-20T04:38:57.904+0000] {subprocess.py:93} INFO - 26/01/20 04:38:57 INFO TaskSetManager: Finished task 3.0 in stage 2.0 (TID 24) in 735 ms on 519d7d29de3d (executor driver) (3/8)
[2026-01-20T04:38:57.905+0000] {subprocess.py:93} INFO - 26/01/20 04:38:57 INFO TaskSetManager: Finished task 6.0 in stage 2.0 (TID 27) in 733 ms on 519d7d29de3d (executor driver) (4/8)
[2026-01-20T04:38:57.906+0000] {subprocess.py:93} INFO - 26/01/20 04:38:57 INFO Executor: Finished task 1.0 in stage 2.0 (TID 22). 134053 bytes result sent to driver
[2026-01-20T04:38:57.907+0000] {subprocess.py:93} INFO - 26/01/20 04:38:57 INFO TaskSetManager: Finished task 4.0 in stage 2.0 (TID 25) in 736 ms on 519d7d29de3d (executor driver) (5/8)
[2026-01-20T04:38:57.908+0000] {subprocess.py:93} INFO - 26/01/20 04:38:57 INFO TaskSetManager: Finished task 5.0 in stage 2.0 (TID 26) in 737 ms on 519d7d29de3d (executor driver) (6/8)
[2026-01-20T04:38:57.908+0000] {subprocess.py:93} INFO - 26/01/20 04:38:57 INFO TaskSetManager: Finished task 0.0 in stage 2.0 (TID 21) in 741 ms on 519d7d29de3d (executor driver) (7/8)
[2026-01-20T04:38:57.909+0000] {subprocess.py:93} INFO - 26/01/20 04:38:57 INFO TaskSetManager: Finished task 1.0 in stage 2.0 (TID 22) in 741 ms on 519d7d29de3d (executor driver) (8/8)
[2026-01-20T04:38:57.910+0000] {subprocess.py:93} INFO - 26/01/20 04:38:57 INFO TaskSchedulerImpl: Removed TaskSet 2.0, whose tasks have all completed, from pool
[2026-01-20T04:38:57.910+0000] {subprocess.py:93} INFO - 26/01/20 04:38:57 INFO DAGScheduler: ResultStage 2 ($anonfun$withThreadLocalCaptured$1 at FutureTask.java:264) finished in 0.753 s
[2026-01-20T04:38:57.911+0000] {subprocess.py:93} INFO - 26/01/20 04:38:57 INFO DAGScheduler: Job 2 is finished. Cancelling potential speculative or zombie tasks for this job
[2026-01-20T04:38:57.912+0000] {subprocess.py:93} INFO - 26/01/20 04:38:57 INFO TaskSchedulerImpl: Killing all running tasks in stage 2: Stage finished
[2026-01-20T04:38:57.913+0000] {subprocess.py:93} INFO - 26/01/20 04:38:57 INFO DAGScheduler: Job 2 finished: $anonfun$withThreadLocalCaptured$1 at FutureTask.java:264, took 0.760678 s
[2026-01-20T04:38:57.951+0000] {subprocess.py:93} INFO - 26/01/20 04:38:57 INFO CodeGenerator: Code generated in 14.586713 ms
[2026-01-20T04:38:57.986+0000] {subprocess.py:93} INFO - 26/01/20 04:38:57 INFO BlockManagerInfo: Removed broadcast_5_piece0 on 519d7d29de3d:35773 in memory (size: 7.4 KiB, free: 434.3 MiB)
[2026-01-20T04:38:58.028+0000] {subprocess.py:93} INFO - 26/01/20 04:38:58 INFO MemoryStore: Block broadcast_6 stored as values in memory (estimated size 9.0 MiB, free 424.9 MiB)
[2026-01-20T04:38:58.079+0000] {subprocess.py:93} INFO - 26/01/20 04:38:58 INFO MemoryStore: Block broadcast_6_piece0 stored as bytes in memory (estimated size 1578.1 KiB, free 423.4 MiB)
[2026-01-20T04:38:58.080+0000] {subprocess.py:93} INFO - 26/01/20 04:38:58 INFO BlockManagerInfo: Added broadcast_6_piece0 in memory on 519d7d29de3d:35773 (size: 1578.1 KiB, free: 432.8 MiB)
[2026-01-20T04:38:58.081+0000] {subprocess.py:93} INFO - 26/01/20 04:38:58 INFO SparkContext: Created broadcast 6 from $anonfun$withThreadLocalCaptured$1 at FutureTask.java:264
[2026-01-20T04:38:58.101+0000] {subprocess.py:93} INFO - 26/01/20 04:38:58 INFO FileSourceStrategy: Pushed Filters: IsNotNull(user_id),IsNotNull(line_items)
[2026-01-20T04:38:58.102+0000] {subprocess.py:93} INFO - 26/01/20 04:38:58 INFO FileSourceStrategy: Post-Scan Filters: isnotnull(user_id#21),(size(line_items#10, true) > 0),isnotnull(line_items#10)
[2026-01-20T04:38:58.280+0000] {subprocess.py:93} INFO - 26/01/20 04:38:58 INFO FileOutputCommitter: File Output Committer Algorithm version is 1
[2026-01-20T04:38:58.282+0000] {subprocess.py:93} INFO - 26/01/20 04:38:58 INFO FileOutputCommitter: FileOutputCommitter skip cleanup _temporary folders under output directory:false, ignore cleanup failures: false
[2026-01-20T04:38:58.282+0000] {subprocess.py:93} INFO - 26/01/20 04:38:58 INFO SQLHadoopMapReduceCommitProtocol: Using output committer class org.apache.hadoop.mapreduce.lib.output.FileOutputCommitter
[2026-01-20T04:38:58.408+0000] {subprocess.py:93} INFO - 26/01/20 04:38:58 INFO CodeGenerator: Code generated in 51.580977 ms
[2026-01-20T04:38:58.411+0000] {subprocess.py:93} INFO - 26/01/20 04:38:58 INFO MemoryStore: Block broadcast_7 stored as values in memory (estimated size 199.1 KiB, free 423.2 MiB)
[2026-01-20T04:38:58.421+0000] {subprocess.py:93} INFO - 26/01/20 04:38:58 INFO MemoryStore: Block broadcast_7_piece0 stored as bytes in memory (estimated size 34.2 KiB, free 423.2 MiB)
[2026-01-20T04:38:58.422+0000] {subprocess.py:93} INFO - 26/01/20 04:38:58 INFO BlockManagerInfo: Added broadcast_7_piece0 in memory on 519d7d29de3d:35773 (size: 34.2 KiB, free: 432.8 MiB)
[2026-01-20T04:38:58.423+0000] {subprocess.py:93} INFO - 26/01/20 04:38:58 INFO SparkContext: Created broadcast 7 from csv at NativeMethodAccessorImpl.java:0
[2026-01-20T04:38:58.424+0000] {subprocess.py:93} INFO - 26/01/20 04:38:58 INFO FileSourceScanExec: Planning scan with bin packing, max size: 4194304 bytes, open cost is considered as scanning 4194304 bytes.
[2026-01-20T04:38:58.436+0000] {subprocess.py:93} INFO - 26/01/20 04:38:58 INFO SparkContext: Starting job: csv at NativeMethodAccessorImpl.java:0
[2026-01-20T04:38:58.438+0000] {subprocess.py:93} INFO - 26/01/20 04:38:58 INFO DAGScheduler: Got job 3 (csv at NativeMethodAccessorImpl.java:0) with 13 output partitions
[2026-01-20T04:38:58.439+0000] {subprocess.py:93} INFO - 26/01/20 04:38:58 INFO DAGScheduler: Final stage: ResultStage 3 (csv at NativeMethodAccessorImpl.java:0)
[2026-01-20T04:38:58.440+0000] {subprocess.py:93} INFO - 26/01/20 04:38:58 INFO DAGScheduler: Parents of final stage: List()
[2026-01-20T04:38:58.441+0000] {subprocess.py:93} INFO - 26/01/20 04:38:58 INFO DAGScheduler: Missing parents: List()
[2026-01-20T04:38:58.442+0000] {subprocess.py:93} INFO - 26/01/20 04:38:58 INFO DAGScheduler: Submitting ResultStage 3 (MapPartitionsRDD[15] at csv at NativeMethodAccessorImpl.java:0), which has no missing parents
[2026-01-20T04:38:58.487+0000] {subprocess.py:93} INFO - 26/01/20 04:38:58 INFO MemoryStore: Block broadcast_8 stored as values in memory (estimated size 233.0 KiB, free 422.9 MiB)
[2026-01-20T04:38:58.491+0000] {subprocess.py:93} INFO - 26/01/20 04:38:58 INFO MemoryStore: Block broadcast_8_piece0 stored as bytes in memory (estimated size 82.8 KiB, free 422.8 MiB)
[2026-01-20T04:38:58.492+0000] {subprocess.py:93} INFO - 26/01/20 04:38:58 INFO BlockManagerInfo: Added broadcast_8_piece0 in memory on 519d7d29de3d:35773 (size: 82.8 KiB, free: 432.7 MiB)
[2026-01-20T04:38:58.493+0000] {subprocess.py:93} INFO - 26/01/20 04:38:58 INFO SparkContext: Created broadcast 8 from broadcast at DAGScheduler.scala:1580
[2026-01-20T04:38:58.494+0000] {subprocess.py:93} INFO - 26/01/20 04:38:58 INFO DAGScheduler: Submitting 13 missing tasks from ResultStage 3 (MapPartitionsRDD[15] at csv at NativeMethodAccessorImpl.java:0) (first 15 tasks are for partitions Vector(0, 1, 2, 3, 4, 5, 6, 7, 8, 9, 10, 11, 12))
[2026-01-20T04:38:58.496+0000] {subprocess.py:93} INFO - 26/01/20 04:38:58 INFO TaskSchedulerImpl: Adding task set 3.0 with 13 tasks resource profile 0
[2026-01-20T04:38:58.497+0000] {subprocess.py:93} INFO - 26/01/20 04:38:58 INFO TaskSetManager: Starting task 0.0 in stage 3.0 (TID 29) (519d7d29de3d, executor driver, partition 0, PROCESS_LOCAL, 8251 bytes)
[2026-01-20T04:38:58.499+0000] {subprocess.py:93} INFO - 26/01/20 04:38:58 INFO TaskSetManager: Starting task 1.0 in stage 3.0 (TID 30) (519d7d29de3d, executor driver, partition 1, PROCESS_LOCAL, 8251 bytes)
[2026-01-20T04:38:58.500+0000] {subprocess.py:93} INFO - 26/01/20 04:38:58 INFO TaskSetManager: Starting task 2.0 in stage 3.0 (TID 31) (519d7d29de3d, executor driver, partition 2, PROCESS_LOCAL, 8251 bytes)
[2026-01-20T04:38:58.501+0000] {subprocess.py:93} INFO - 26/01/20 04:38:58 INFO TaskSetManager: Starting task 3.0 in stage 3.0 (TID 32) (519d7d29de3d, executor driver, partition 3, PROCESS_LOCAL, 8251 bytes)
[2026-01-20T04:38:58.502+0000] {subprocess.py:93} INFO - 26/01/20 04:38:58 INFO TaskSetManager: Starting task 4.0 in stage 3.0 (TID 33) (519d7d29de3d, executor driver, partition 4, PROCESS_LOCAL, 8251 bytes)
[2026-01-20T04:38:58.503+0000] {subprocess.py:93} INFO - 26/01/20 04:38:58 INFO TaskSetManager: Starting task 5.0 in stage 3.0 (TID 34) (519d7d29de3d, executor driver, partition 5, PROCESS_LOCAL, 8251 bytes)
[2026-01-20T04:38:58.504+0000] {subprocess.py:93} INFO - 26/01/20 04:38:58 INFO TaskSetManager: Starting task 6.0 in stage 3.0 (TID 35) (519d7d29de3d, executor driver, partition 6, PROCESS_LOCAL, 8251 bytes)
[2026-01-20T04:38:58.505+0000] {subprocess.py:93} INFO - 26/01/20 04:38:58 INFO TaskSetManager: Starting task 7.0 in stage 3.0 (TID 36) (519d7d29de3d, executor driver, partition 7, PROCESS_LOCAL, 8251 bytes)
[2026-01-20T04:38:58.506+0000] {subprocess.py:93} INFO - 26/01/20 04:38:58 INFO TaskSetManager: Starting task 8.0 in stage 3.0 (TID 37) (519d7d29de3d, executor driver, partition 8, PROCESS_LOCAL, 8251 bytes)
[2026-01-20T04:38:58.507+0000] {subprocess.py:93} INFO - 26/01/20 04:38:58 INFO TaskSetManager: Starting task 9.0 in stage 3.0 (TID 38) (519d7d29de3d, executor driver, partition 9, PROCESS_LOCAL, 8251 bytes)
[2026-01-20T04:38:58.508+0000] {subprocess.py:93} INFO - 26/01/20 04:38:58 INFO TaskSetManager: Starting task 10.0 in stage 3.0 (TID 39) (519d7d29de3d, executor driver, partition 10, PROCESS_LOCAL, 8251 bytes)
[2026-01-20T04:38:58.510+0000] {subprocess.py:93} INFO - 26/01/20 04:38:58 INFO TaskSetManager: Starting task 11.0 in stage 3.0 (TID 40) (519d7d29de3d, executor driver, partition 11, PROCESS_LOCAL, 8251 bytes)
[2026-01-20T04:38:58.510+0000] {subprocess.py:93} INFO - 26/01/20 04:38:58 INFO TaskSetManager: Starting task 12.0 in stage 3.0 (TID 41) (519d7d29de3d, executor driver, partition 12, PROCESS_LOCAL, 8251 bytes)
[2026-01-20T04:38:58.511+0000] {subprocess.py:93} INFO - 26/01/20 04:38:58 INFO Executor: Running task 3.0 in stage 3.0 (TID 32)
[2026-01-20T04:38:58.512+0000] {subprocess.py:93} INFO - 26/01/20 04:38:58 INFO Executor: Running task 1.0 in stage 3.0 (TID 30)
[2026-01-20T04:38:58.514+0000] {subprocess.py:93} INFO - 26/01/20 04:38:58 INFO Executor: Running task 4.0 in stage 3.0 (TID 33)
[2026-01-20T04:38:58.515+0000] {subprocess.py:93} INFO - 26/01/20 04:38:58 INFO Executor: Running task 2.0 in stage 3.0 (TID 31)
[2026-01-20T04:38:58.516+0000] {subprocess.py:93} INFO - 26/01/20 04:38:58 INFO Executor: Running task 7.0 in stage 3.0 (TID 36)
[2026-01-20T04:38:58.520+0000] {subprocess.py:93} INFO - 26/01/20 04:38:58 INFO Executor: Running task 6.0 in stage 3.0 (TID 35)
[2026-01-20T04:38:58.521+0000] {subprocess.py:93} INFO - 26/01/20 04:38:58 INFO Executor: Running task 9.0 in stage 3.0 (TID 38)
[2026-01-20T04:38:58.526+0000] {subprocess.py:93} INFO - 26/01/20 04:38:58 INFO Executor: Running task 10.0 in stage 3.0 (TID 39)
[2026-01-20T04:38:58.528+0000] {subprocess.py:93} INFO - 26/01/20 04:38:58 INFO Executor: Running task 5.0 in stage 3.0 (TID 34)
[2026-01-20T04:38:58.529+0000] {subprocess.py:93} INFO - 26/01/20 04:38:58 INFO Executor: Running task 8.0 in stage 3.0 (TID 37)
[2026-01-20T04:38:58.530+0000] {subprocess.py:93} INFO - 26/01/20 04:38:58 INFO Executor: Running task 11.0 in stage 3.0 (TID 40)
[2026-01-20T04:38:58.532+0000] {subprocess.py:93} INFO - 26/01/20 04:38:58 INFO Executor: Running task 12.0 in stage 3.0 (TID 41)
[2026-01-20T04:38:58.533+0000] {subprocess.py:93} INFO - 26/01/20 04:38:58 INFO Executor: Running task 0.0 in stage 3.0 (TID 29)
[2026-01-20T04:38:58.717+0000] {subprocess.py:93} INFO - 26/01/20 04:38:58 INFO CodeGenerator: Code generated in 87.132528 ms
[2026-01-20T04:38:58.726+0000] {subprocess.py:93} INFO - 26/01/20 04:38:58 INFO FileOutputCommitter: File Output Committer Algorithm version is 1
[2026-01-20T04:38:58.730+0000] {subprocess.py:93} INFO - 26/01/20 04:38:58 INFO FileOutputCommitter: File Output Committer Algorithm version is 1
[2026-01-20T04:38:58.731+0000] {subprocess.py:93} INFO - 26/01/20 04:38:58 INFO FileOutputCommitter: File Output Committer Algorithm version is 1
[2026-01-20T04:38:58.732+0000] {subprocess.py:93} INFO - 26/01/20 04:38:58 INFO FileOutputCommitter: File Output Committer Algorithm version is 1
[2026-01-20T04:38:58.734+0000] {subprocess.py:93} INFO - 26/01/20 04:38:58 INFO FileOutputCommitter: File Output Committer Algorithm version is 1
[2026-01-20T04:38:58.735+0000] {subprocess.py:93} INFO - 26/01/20 04:38:58 INFO FileOutputCommitter: File Output Committer Algorithm version is 1
[2026-01-20T04:38:58.737+0000] {subprocess.py:93} INFO - 26/01/20 04:38:58 INFO FileOutputCommitter: FileOutputCommitter skip cleanup _temporary folders under output directory:false, ignore cleanup failures: false
[2026-01-20T04:38:58.738+0000] {subprocess.py:93} INFO - 26/01/20 04:38:58 INFO FileOutputCommitter: FileOutputCommitter skip cleanup _temporary folders under output directory:false, ignore cleanup failures: false
[2026-01-20T04:38:58.743+0000] {subprocess.py:93} INFO - 26/01/20 04:38:58 INFO FileOutputCommitter: FileOutputCommitter skip cleanup _temporary folders under output directory:false, ignore cleanup failures: false
[2026-01-20T04:38:58.745+0000] {subprocess.py:93} INFO - 26/01/20 04:38:58 INFO FileOutputCommitter: File Output Committer Algorithm version is 1
[2026-01-20T04:38:58.747+0000] {subprocess.py:93} INFO - 26/01/20 04:38:58 INFO FileOutputCommitter: FileOutputCommitter skip cleanup _temporary folders under output directory:false, ignore cleanup failures: false
[2026-01-20T04:38:58.748+0000] {subprocess.py:93} INFO - 26/01/20 04:38:58 INFO FileOutputCommitter: FileOutputCommitter skip cleanup _temporary folders under output directory:false, ignore cleanup failures: false
[2026-01-20T04:38:58.749+0000] {subprocess.py:93} INFO - 26/01/20 04:38:58 INFO FileOutputCommitter: File Output Committer Algorithm version is 1
[2026-01-20T04:38:58.749+0000] {subprocess.py:93} INFO - 26/01/20 04:38:58 INFO FileOutputCommitter: File Output Committer Algorithm version is 1
[2026-01-20T04:38:58.750+0000] {subprocess.py:93} INFO - 26/01/20 04:38:58 INFO FileOutputCommitter: File Output Committer Algorithm version is 1
[2026-01-20T04:38:58.750+0000] {subprocess.py:93} INFO - 26/01/20 04:38:58 INFO FileOutputCommitter: FileOutputCommitter skip cleanup _temporary folders under output directory:false, ignore cleanup failures: false
[2026-01-20T04:38:58.752+0000] {subprocess.py:93} INFO - 26/01/20 04:38:58 INFO FileOutputCommitter: File Output Committer Algorithm version is 1
[2026-01-20T04:38:58.753+0000] {subprocess.py:93} INFO - 26/01/20 04:38:58 INFO FileOutputCommitter: FileOutputCommitter skip cleanup _temporary folders under output directory:false, ignore cleanup failures: false
[2026-01-20T04:38:58.755+0000] {subprocess.py:93} INFO - 26/01/20 04:38:58 INFO FileOutputCommitter: File Output Committer Algorithm version is 1
[2026-01-20T04:38:58.756+0000] {subprocess.py:93} INFO - 26/01/20 04:38:58 INFO FileOutputCommitter: FileOutputCommitter skip cleanup _temporary folders under output directory:false, ignore cleanup failures: false
[2026-01-20T04:38:58.757+0000] {subprocess.py:93} INFO - 26/01/20 04:38:58 INFO FileOutputCommitter: File Output Committer Algorithm version is 1
[2026-01-20T04:38:58.758+0000] {subprocess.py:93} INFO - 26/01/20 04:38:58 INFO FileOutputCommitter: FileOutputCommitter skip cleanup _temporary folders under output directory:false, ignore cleanup failures: false
[2026-01-20T04:38:58.761+0000] {subprocess.py:93} INFO - 26/01/20 04:38:58 INFO FileOutputCommitter: FileOutputCommitter skip cleanup _temporary folders under output directory:false, ignore cleanup failures: false
[2026-01-20T04:38:58.763+0000] {subprocess.py:93} INFO - 26/01/20 04:38:58 INFO SQLHadoopMapReduceCommitProtocol: Using output committer class org.apache.hadoop.mapreduce.lib.output.FileOutputCommitter
[2026-01-20T04:38:58.765+0000] {subprocess.py:93} INFO - 26/01/20 04:38:58 INFO FileScanRDD: Reading File path: file:///opt/spark-data/landing/transaction_events_1768879479.1820476.json, range: 46137344-50331648, partition values: [empty row]
[2026-01-20T04:38:58.766+0000] {subprocess.py:93} INFO - 26/01/20 04:38:58 INFO SQLHadoopMapReduceCommitProtocol: Using output committer class org.apache.hadoop.mapreduce.lib.output.FileOutputCommitter
[2026-01-20T04:38:58.767+0000] {subprocess.py:93} INFO - 26/01/20 04:38:58 INFO FileOutputCommitter: FileOutputCommitter skip cleanup _temporary folders under output directory:false, ignore cleanup failures: false
[2026-01-20T04:38:58.769+0000] {subprocess.py:93} INFO - 26/01/20 04:38:58 INFO SQLHadoopMapReduceCommitProtocol: Using output committer class org.apache.hadoop.mapreduce.lib.output.FileOutputCommitter
[2026-01-20T04:38:58.771+0000] {subprocess.py:93} INFO - 26/01/20 04:38:58 INFO FileScanRDD: Reading File path: file:///opt/spark-data/landing/transaction_events_1768879479.1820476.json, range: 8388608-12582912, partition values: [empty row]
[2026-01-20T04:38:58.774+0000] {subprocess.py:93} INFO - 26/01/20 04:38:58 INFO SQLHadoopMapReduceCommitProtocol: Using output committer class org.apache.hadoop.mapreduce.lib.output.FileOutputCommitter
[2026-01-20T04:38:58.775+0000] {subprocess.py:93} INFO - 26/01/20 04:38:58 INFO SQLHadoopMapReduceCommitProtocol: Using output committer class org.apache.hadoop.mapreduce.lib.output.FileOutputCommitter
[2026-01-20T04:38:58.776+0000] {subprocess.py:93} INFO - 26/01/20 04:38:58 INFO FileOutputCommitter: FileOutputCommitter skip cleanup _temporary folders under output directory:false, ignore cleanup failures: false
[2026-01-20T04:38:58.778+0000] {subprocess.py:93} INFO - 26/01/20 04:38:58 INFO FileOutputCommitter: FileOutputCommitter skip cleanup _temporary folders under output directory:false, ignore cleanup failures: false
[2026-01-20T04:38:58.781+0000] {subprocess.py:93} INFO - 26/01/20 04:38:58 INFO FileScanRDD: Reading File path: file:///opt/spark-data/landing/transaction_events_1768879479.1820476.json, range: 37748736-41943040, partition values: [empty row]
[2026-01-20T04:38:58.782+0000] {subprocess.py:93} INFO - 26/01/20 04:38:58 INFO SQLHadoopMapReduceCommitProtocol: Using output committer class org.apache.hadoop.mapreduce.lib.output.FileOutputCommitter
[2026-01-20T04:38:58.783+0000] {subprocess.py:93} INFO - 26/01/20 04:38:58 INFO SQLHadoopMapReduceCommitProtocol: Using output committer class org.apache.hadoop.mapreduce.lib.output.FileOutputCommitter
[2026-01-20T04:38:58.784+0000] {subprocess.py:93} INFO - 26/01/20 04:38:58 INFO FileScanRDD: Reading File path: file:///opt/spark-data/landing/transaction_events_1768879479.1820476.json, range: 12582912-16777216, partition values: [empty row]
[2026-01-20T04:38:58.786+0000] {subprocess.py:93} INFO - 26/01/20 04:38:58 INFO SQLHadoopMapReduceCommitProtocol: Using output committer class org.apache.hadoop.mapreduce.lib.output.FileOutputCommitter
[2026-01-20T04:38:58.788+0000] {subprocess.py:93} INFO - 26/01/20 04:38:58 INFO FileScanRDD: Reading File path: file:///opt/spark-data/landing/transaction_events_1768879479.1820476.json, range: 4194304-8388608, partition values: [empty row]
[2026-01-20T04:38:58.789+0000] {subprocess.py:93} INFO - 26/01/20 04:38:58 INFO FileScanRDD: Reading File path: file:///opt/spark-data/landing/transaction_events_1768879479.1820476.json, range: 16777216-20971520, partition values: [empty row]
[2026-01-20T04:38:58.791+0000] {subprocess.py:93} INFO - 26/01/20 04:38:58 INFO SQLHadoopMapReduceCommitProtocol: Using output committer class org.apache.hadoop.mapreduce.lib.output.FileOutputCommitter
[2026-01-20T04:38:58.792+0000] {subprocess.py:93} INFO - 26/01/20 04:38:58 INFO SQLHadoopMapReduceCommitProtocol: Using output committer class org.apache.hadoop.mapreduce.lib.output.FileOutputCommitter
[2026-01-20T04:38:58.793+0000] {subprocess.py:93} INFO - 26/01/20 04:38:58 INFO SQLHadoopMapReduceCommitProtocol: Using output committer class org.apache.hadoop.mapreduce.lib.output.FileOutputCommitter
[2026-01-20T04:38:58.795+0000] {subprocess.py:93} INFO - 26/01/20 04:38:58 INFO FileScanRDD: Reading File path: file:///opt/spark-data/landing/transaction_events_1768879479.1820476.json, range: 29360128-33554432, partition values: [empty row]
[2026-01-20T04:38:58.796+0000] {subprocess.py:93} INFO - 26/01/20 04:38:58 INFO FileScanRDD: Reading File path: file:///opt/spark-data/landing/transaction_events_1768879479.1820476.json, range: 25165824-29360128, partition values: [empty row]
[2026-01-20T04:38:58.799+0000] {subprocess.py:93} INFO - 26/01/20 04:38:58 INFO FileScanRDD: Reading File path: file:///opt/spark-data/landing/transaction_events_1768879479.1820476.json, range: 50331648-51561162, partition values: [empty row]
[2026-01-20T04:38:58.801+0000] {subprocess.py:93} INFO - 26/01/20 04:38:58 INFO FileScanRDD: Reading File path: file:///opt/spark-data/landing/transaction_events_1768879479.1820476.json, range: 33554432-37748736, partition values: [empty row]
[2026-01-20T04:38:58.802+0000] {subprocess.py:93} INFO - 26/01/20 04:38:58 INFO SQLHadoopMapReduceCommitProtocol: Using output committer class org.apache.hadoop.mapreduce.lib.output.FileOutputCommitter
[2026-01-20T04:38:58.809+0000] {subprocess.py:93} INFO - 26/01/20 04:38:58 INFO FileScanRDD: Reading File path: file:///opt/spark-data/landing/transaction_events_1768879479.1820476.json, range: 41943040-46137344, partition values: [empty row]
[2026-01-20T04:38:58.814+0000] {subprocess.py:93} INFO - 26/01/20 04:38:58 INFO SQLHadoopMapReduceCommitProtocol: Using output committer class org.apache.hadoop.mapreduce.lib.output.FileOutputCommitter
[2026-01-20T04:38:58.816+0000] {subprocess.py:93} INFO - 26/01/20 04:38:58 INFO FileScanRDD: Reading File path: file:///opt/spark-data/landing/transaction_events_1768879479.1820476.json, range: 20971520-25165824, partition values: [empty row]
[2026-01-20T04:38:58.820+0000] {subprocess.py:93} INFO - 26/01/20 04:38:58 INFO CodeGenerator: Code generated in 40.09847 ms
[2026-01-20T04:38:58.821+0000] {subprocess.py:93} INFO - 26/01/20 04:38:58 INFO CodeGenerator: Code generated in 9.349588 ms
[2026-01-20T04:38:59.042+0000] {subprocess.py:93} INFO - 26/01/20 04:38:59 INFO FileScanRDD: Reading File path: file:///opt/spark-data/landing/transaction_events_1768879479.1820476.json, range: 0-4194304, partition values: [empty row]
[2026-01-20T04:38:59.502+0000] {subprocess.py:93} INFO - 26/01/20 04:38:59 INFO FileOutputCommitter: Saved output of task 'attempt_202601200438582615994708158377624_0003_m_000012_41' to file:/opt/spark-data/gold/advertising/_temporary/0/task_202601200438582615994708158377624_0003_m_000012
[2026-01-20T04:38:59.508+0000] {subprocess.py:93} INFO - 26/01/20 04:38:59 INFO SparkHadoopMapRedUtil: attempt_202601200438582615994708158377624_0003_m_000012_41: Committed. Elapsed time: 70 ms.
[2026-01-20T04:38:59.533+0000] {subprocess.py:93} INFO - 26/01/20 04:38:59 INFO Executor: Finished task 12.0 in stage 3.0 (TID 41). 2936 bytes result sent to driver
[2026-01-20T04:38:59.537+0000] {subprocess.py:93} INFO - 26/01/20 04:38:59 INFO TaskSetManager: Finished task 12.0 in stage 3.0 (TID 41) in 1031 ms on 519d7d29de3d (executor driver) (1/13)
[2026-01-20T04:38:59.824+0000] {subprocess.py:93} INFO - 26/01/20 04:38:59 INFO FileOutputCommitter: Saved output of task 'attempt_202601200438582615994708158377624_0003_m_000003_32' to file:/opt/spark-data/gold/advertising/_temporary/0/task_202601200438582615994708158377624_0003_m_000003
[2026-01-20T04:38:59.827+0000] {subprocess.py:93} INFO - 26/01/20 04:38:59 INFO SparkHadoopMapRedUtil: attempt_202601200438582615994708158377624_0003_m_000003_32: Committed. Elapsed time: 38 ms.
[2026-01-20T04:38:59.829+0000] {subprocess.py:93} INFO - 26/01/20 04:38:59 INFO Executor: Finished task 3.0 in stage 3.0 (TID 32). 2893 bytes result sent to driver
[2026-01-20T04:38:59.831+0000] {subprocess.py:93} INFO - 26/01/20 04:38:59 INFO TaskSetManager: Finished task 3.0 in stage 3.0 (TID 32) in 1331 ms on 519d7d29de3d (executor driver) (2/13)
[2026-01-20T04:38:59.832+0000] {subprocess.py:93} INFO - 26/01/20 04:38:59 INFO FileOutputCommitter: Saved output of task 'attempt_202601200438582615994708158377624_0003_m_000006_35' to file:/opt/spark-data/gold/advertising/_temporary/0/task_202601200438582615994708158377624_0003_m_000006
[2026-01-20T04:38:59.833+0000] {subprocess.py:93} INFO - 26/01/20 04:38:59 INFO SparkHadoopMapRedUtil: attempt_202601200438582615994708158377624_0003_m_000006_35: Committed. Elapsed time: 39 ms.
[2026-01-20T04:38:59.835+0000] {subprocess.py:93} INFO - 26/01/20 04:38:59 INFO Executor: Finished task 6.0 in stage 3.0 (TID 35). 2893 bytes result sent to driver
[2026-01-20T04:38:59.836+0000] {subprocess.py:93} INFO - 26/01/20 04:38:59 INFO TaskSetManager: Finished task 6.0 in stage 3.0 (TID 35) in 1334 ms on 519d7d29de3d (executor driver) (3/13)
[2026-01-20T04:38:59.839+0000] {subprocess.py:93} INFO - 26/01/20 04:38:59 INFO FileOutputCommitter: Saved output of task 'attempt_202601200438582615994708158377624_0003_m_000007_36' to file:/opt/spark-data/gold/advertising/_temporary/0/task_202601200438582615994708158377624_0003_m_000007
[2026-01-20T04:38:59.840+0000] {subprocess.py:93} INFO - 26/01/20 04:38:59 INFO SparkHadoopMapRedUtil: attempt_202601200438582615994708158377624_0003_m_000007_36: Committed. Elapsed time: 42 ms.
[2026-01-20T04:38:59.840+0000] {subprocess.py:93} INFO - 26/01/20 04:38:59 INFO Executor: Finished task 7.0 in stage 3.0 (TID 36). 2893 bytes result sent to driver
[2026-01-20T04:38:59.841+0000] {subprocess.py:93} INFO - 26/01/20 04:38:59 INFO TaskSetManager: Finished task 7.0 in stage 3.0 (TID 36) in 1338 ms on 519d7d29de3d (executor driver) (4/13)
[2026-01-20T04:38:59.844+0000] {subprocess.py:93} INFO - 26/01/20 04:38:59 INFO FileOutputCommitter: Saved output of task 'attempt_202601200438582615994708158377624_0003_m_000010_39' to file:/opt/spark-data/gold/advertising/_temporary/0/task_202601200438582615994708158377624_0003_m_000010
[2026-01-20T04:38:59.845+0000] {subprocess.py:93} INFO - 26/01/20 04:38:59 INFO SparkHadoopMapRedUtil: attempt_202601200438582615994708158377624_0003_m_000010_39: Committed. Elapsed time: 48 ms.
[2026-01-20T04:38:59.846+0000] {subprocess.py:93} INFO - 26/01/20 04:38:59 INFO Executor: Finished task 10.0 in stage 3.0 (TID 39). 2893 bytes result sent to driver
[2026-01-20T04:38:59.846+0000] {subprocess.py:93} INFO - 26/01/20 04:38:59 INFO TaskSetManager: Finished task 10.0 in stage 3.0 (TID 39) in 1341 ms on 519d7d29de3d (executor driver) (5/13)
[2026-01-20T04:38:59.850+0000] {subprocess.py:93} INFO - 26/01/20 04:38:59 INFO FileOutputCommitter: Saved output of task 'attempt_202601200438582615994708158377624_0003_m_000004_33' to file:/opt/spark-data/gold/advertising/_temporary/0/task_202601200438582615994708158377624_0003_m_000004
[2026-01-20T04:38:59.850+0000] {subprocess.py:93} INFO - 26/01/20 04:38:59 INFO SparkHadoopMapRedUtil: attempt_202601200438582615994708158377624_0003_m_000004_33: Committed. Elapsed time: 52 ms.
[2026-01-20T04:38:59.851+0000] {subprocess.py:93} INFO - 26/01/20 04:38:59 INFO Executor: Finished task 4.0 in stage 3.0 (TID 33). 2893 bytes result sent to driver
[2026-01-20T04:38:59.852+0000] {subprocess.py:93} INFO - 26/01/20 04:38:59 INFO TaskSetManager: Finished task 4.0 in stage 3.0 (TID 33) in 1352 ms on 519d7d29de3d (executor driver) (6/13)
[2026-01-20T04:38:59.856+0000] {subprocess.py:93} INFO - 26/01/20 04:38:59 INFO FileOutputCommitter: Saved output of task 'attempt_202601200438582615994708158377624_0003_m_000001_30' to file:/opt/spark-data/gold/advertising/_temporary/0/task_202601200438582615994708158377624_0003_m_000001
[2026-01-20T04:38:59.856+0000] {subprocess.py:93} INFO - 26/01/20 04:38:59 INFO SparkHadoopMapRedUtil: attempt_202601200438582615994708158377624_0003_m_000001_30: Committed. Elapsed time: 49 ms.
[2026-01-20T04:38:59.857+0000] {subprocess.py:93} INFO - 26/01/20 04:38:59 INFO Executor: Finished task 1.0 in stage 3.0 (TID 30). 2893 bytes result sent to driver
[2026-01-20T04:38:59.858+0000] {subprocess.py:93} INFO - 26/01/20 04:38:59 INFO TaskSetManager: Finished task 1.0 in stage 3.0 (TID 30) in 1360 ms on 519d7d29de3d (executor driver) (7/13)
[2026-01-20T04:38:59.861+0000] {subprocess.py:93} INFO - 26/01/20 04:38:59 INFO FileOutputCommitter: Saved output of task 'attempt_202601200438582615994708158377624_0003_m_000009_38' to file:/opt/spark-data/gold/advertising/_temporary/0/task_202601200438582615994708158377624_0003_m_000009
[2026-01-20T04:38:59.861+0000] {subprocess.py:93} INFO - 26/01/20 04:38:59 INFO SparkHadoopMapRedUtil: attempt_202601200438582615994708158377624_0003_m_000009_38: Committed. Elapsed time: 56 ms.
[2026-01-20T04:38:59.863+0000] {subprocess.py:93} INFO - 26/01/20 04:38:59 INFO Executor: Finished task 9.0 in stage 3.0 (TID 38). 2893 bytes result sent to driver
[2026-01-20T04:38:59.863+0000] {subprocess.py:93} INFO - 26/01/20 04:38:59 INFO TaskSetManager: Finished task 9.0 in stage 3.0 (TID 38) in 1359 ms on 519d7d29de3d (executor driver) (8/13)
[2026-01-20T04:38:59.866+0000] {subprocess.py:93} INFO - 26/01/20 04:38:59 INFO FileOutputCommitter: Saved output of task 'attempt_202601200438582615994708158377624_0003_m_000011_40' to file:/opt/spark-data/gold/advertising/_temporary/0/task_202601200438582615994708158377624_0003_m_000011
[2026-01-20T04:38:59.867+0000] {subprocess.py:93} INFO - 26/01/20 04:38:59 INFO SparkHadoopMapRedUtil: attempt_202601200438582615994708158377624_0003_m_000011_40: Committed. Elapsed time: 58 ms.
[2026-01-20T04:38:59.872+0000] {subprocess.py:93} INFO - 26/01/20 04:38:59 INFO FileOutputCommitter: Saved output of task 'attempt_202601200438582615994708158377624_0003_m_000008_37' to file:/opt/spark-data/gold/advertising/_temporary/0/task_202601200438582615994708158377624_0003_m_000008
[2026-01-20T04:38:59.873+0000] {subprocess.py:93} INFO - 26/01/20 04:38:59 INFO SparkHadoopMapRedUtil: attempt_202601200438582615994708158377624_0003_m_000008_37: Committed. Elapsed time: 63 ms.
[2026-01-20T04:38:59.874+0000] {subprocess.py:93} INFO - 26/01/20 04:38:59 INFO Executor: Finished task 11.0 in stage 3.0 (TID 40). 2936 bytes result sent to driver
[2026-01-20T04:38:59.875+0000] {subprocess.py:93} INFO - 26/01/20 04:38:59 INFO Executor: Finished task 8.0 in stage 3.0 (TID 37). 2893 bytes result sent to driver
[2026-01-20T04:38:59.875+0000] {subprocess.py:93} INFO - 26/01/20 04:38:59 INFO TaskSetManager: Finished task 11.0 in stage 3.0 (TID 40) in 1369 ms on 519d7d29de3d (executor driver) (9/13)
[2026-01-20T04:38:59.876+0000] {subprocess.py:93} INFO - 26/01/20 04:38:59 INFO TaskSetManager: Finished task 8.0 in stage 3.0 (TID 37) in 1371 ms on 519d7d29de3d (executor driver) (10/13)
[2026-01-20T04:38:59.878+0000] {subprocess.py:93} INFO - 26/01/20 04:38:59 INFO FileOutputCommitter: Saved output of task 'attempt_202601200438582615994708158377624_0003_m_000002_31' to file:/opt/spark-data/gold/advertising/_temporary/0/task_202601200438582615994708158377624_0003_m_000002
[2026-01-20T04:38:59.879+0000] {subprocess.py:93} INFO - 26/01/20 04:38:59 INFO SparkHadoopMapRedUtil: attempt_202601200438582615994708158377624_0003_m_000002_31: Committed. Elapsed time: 66 ms.
[2026-01-20T04:38:59.879+0000] {subprocess.py:93} INFO - 26/01/20 04:38:59 INFO Executor: Finished task 2.0 in stage 3.0 (TID 31). 2893 bytes result sent to driver
[2026-01-20T04:38:59.880+0000] {subprocess.py:93} INFO - 26/01/20 04:38:59 INFO TaskSetManager: Finished task 2.0 in stage 3.0 (TID 31) in 1382 ms on 519d7d29de3d (executor driver) (11/13)
[2026-01-20T04:38:59.885+0000] {subprocess.py:93} INFO - 26/01/20 04:38:59 INFO FileOutputCommitter: Saved output of task 'attempt_202601200438582615994708158377624_0003_m_000005_34' to file:/opt/spark-data/gold/advertising/_temporary/0/task_202601200438582615994708158377624_0003_m_000005
[2026-01-20T04:38:59.886+0000] {subprocess.py:93} INFO - 26/01/20 04:38:59 INFO SparkHadoopMapRedUtil: attempt_202601200438582615994708158377624_0003_m_000005_34: Committed. Elapsed time: 70 ms.
[2026-01-20T04:38:59.887+0000] {subprocess.py:93} INFO - 26/01/20 04:38:59 INFO Executor: Finished task 5.0 in stage 3.0 (TID 34). 2893 bytes result sent to driver
[2026-01-20T04:38:59.888+0000] {subprocess.py:93} INFO - 26/01/20 04:38:59 INFO TaskSetManager: Finished task 5.0 in stage 3.0 (TID 34) in 1387 ms on 519d7d29de3d (executor driver) (12/13)
[2026-01-20T04:38:59.900+0000] {subprocess.py:93} INFO - 26/01/20 04:38:59 INFO FileOutputCommitter: Saved output of task 'attempt_202601200438582615994708158377624_0003_m_000000_29' to file:/opt/spark-data/gold/advertising/_temporary/0/task_202601200438582615994708158377624_0003_m_000000
[2026-01-20T04:38:59.901+0000] {subprocess.py:93} INFO - 26/01/20 04:38:59 INFO SparkHadoopMapRedUtil: attempt_202601200438582615994708158377624_0003_m_000000_29: Committed. Elapsed time: 74 ms.
[2026-01-20T04:38:59.902+0000] {subprocess.py:93} INFO - 26/01/20 04:38:59 INFO Executor: Finished task 0.0 in stage 3.0 (TID 29). 2893 bytes result sent to driver
[2026-01-20T04:38:59.903+0000] {subprocess.py:93} INFO - 26/01/20 04:38:59 INFO TaskSetManager: Finished task 0.0 in stage 3.0 (TID 29) in 1407 ms on 519d7d29de3d (executor driver) (13/13)
[2026-01-20T04:38:59.903+0000] {subprocess.py:93} INFO - 26/01/20 04:38:59 INFO TaskSchedulerImpl: Removed TaskSet 3.0, whose tasks have all completed, from pool
[2026-01-20T04:38:59.904+0000] {subprocess.py:93} INFO - 26/01/20 04:38:59 INFO DAGScheduler: ResultStage 3 (csv at NativeMethodAccessorImpl.java:0) finished in 1.463 s
[2026-01-20T04:38:59.904+0000] {subprocess.py:93} INFO - 26/01/20 04:38:59 INFO DAGScheduler: Job 3 is finished. Cancelling potential speculative or zombie tasks for this job
[2026-01-20T04:38:59.905+0000] {subprocess.py:93} INFO - 26/01/20 04:38:59 INFO TaskSchedulerImpl: Killing all running tasks in stage 3: Stage finished
[2026-01-20T04:38:59.906+0000] {subprocess.py:93} INFO - 26/01/20 04:38:59 INFO DAGScheduler: Job 3 finished: csv at NativeMethodAccessorImpl.java:0, took 1.467785 s
[2026-01-20T04:38:59.906+0000] {subprocess.py:93} INFO - 26/01/20 04:38:59 INFO FileFormatWriter: Start to commit write Job 8cf0359f-da22-483d-92cb-753363fa0ca7.
[2026-01-20T04:39:00.861+0000] {subprocess.py:93} INFO - 26/01/20 04:39:00 INFO FileFormatWriter: Write Job 8cf0359f-da22-483d-92cb-753363fa0ca7 committed. Elapsed time: 954 ms.
[2026-01-20T04:39:00.863+0000] {subprocess.py:93} INFO - 26/01/20 04:39:00 INFO FileFormatWriter: Finished processing stats for write job 8cf0359f-da22-483d-92cb-753363fa0ca7.
[2026-01-20T04:39:01.095+0000] {subprocess.py:93} INFO - 26/01/20 04:39:01 INFO FileSourceStrategy: Pushed Filters:
[2026-01-20T04:39:01.096+0000] {subprocess.py:93} INFO - 26/01/20 04:39:01 INFO FileSourceStrategy: Post-Scan Filters:
[2026-01-20T04:39:01.158+0000] {subprocess.py:93} INFO - 26/01/20 04:39:01 INFO CodeGenerator: Code generated in 12.13723 ms
[2026-01-20T04:39:01.163+0000] {subprocess.py:93} INFO - 26/01/20 04:39:01 INFO MemoryStore: Block broadcast_9 stored as values in memory (estimated size 199.1 KiB, free 422.6 MiB)
[2026-01-20T04:39:01.173+0000] {subprocess.py:93} INFO - 26/01/20 04:39:01 INFO MemoryStore: Block broadcast_9_piece0 stored as bytes in memory (estimated size 34.2 KiB, free 422.6 MiB)
[2026-01-20T04:39:01.175+0000] {subprocess.py:93} INFO - 26/01/20 04:39:01 INFO BlockManagerInfo: Added broadcast_9_piece0 in memory on 519d7d29de3d:35773 (size: 34.2 KiB, free: 432.6 MiB)
[2026-01-20T04:39:01.177+0000] {subprocess.py:93} INFO - 26/01/20 04:39:01 INFO SparkContext: Created broadcast 9 from csv at NativeMethodAccessorImpl.java:0
[2026-01-20T04:39:01.179+0000] {subprocess.py:93} INFO - 26/01/20 04:39:01 INFO FileSourceScanExec: Planning scan with bin packing, max size: 4194304 bytes, open cost is considered as scanning 4194304 bytes.
[2026-01-20T04:39:01.210+0000] {subprocess.py:93} INFO - 26/01/20 04:39:01 INFO DAGScheduler: Registering RDD 19 (csv at NativeMethodAccessorImpl.java:0) as input to shuffle 0
[2026-01-20T04:39:01.215+0000] {subprocess.py:93} INFO - 26/01/20 04:39:01 INFO DAGScheduler: Got map stage job 4 (csv at NativeMethodAccessorImpl.java:0) with 13 output partitions
[2026-01-20T04:39:01.216+0000] {subprocess.py:93} INFO - 26/01/20 04:39:01 INFO DAGScheduler: Final stage: ShuffleMapStage 4 (csv at NativeMethodAccessorImpl.java:0)
[2026-01-20T04:39:01.217+0000] {subprocess.py:93} INFO - 26/01/20 04:39:01 INFO DAGScheduler: Parents of final stage: List()
[2026-01-20T04:39:01.218+0000] {subprocess.py:93} INFO - 26/01/20 04:39:01 INFO DAGScheduler: Missing parents: List()
[2026-01-20T04:39:01.219+0000] {subprocess.py:93} INFO - 26/01/20 04:39:01 INFO DAGScheduler: Submitting ShuffleMapStage 4 (MapPartitionsRDD[19] at csv at NativeMethodAccessorImpl.java:0), which has no missing parents
[2026-01-20T04:39:01.242+0000] {subprocess.py:93} INFO - 26/01/20 04:39:01 INFO MemoryStore: Block broadcast_10 stored as values in memory (estimated size 18.5 KiB, free 422.6 MiB)
[2026-01-20T04:39:01.244+0000] {subprocess.py:93} INFO - 26/01/20 04:39:01 INFO MemoryStore: Block broadcast_10_piece0 stored as bytes in memory (estimated size 8.8 KiB, free 422.6 MiB)
[2026-01-20T04:39:01.245+0000] {subprocess.py:93} INFO - 26/01/20 04:39:01 INFO BlockManagerInfo: Added broadcast_10_piece0 in memory on 519d7d29de3d:35773 (size: 8.8 KiB, free: 432.6 MiB)
[2026-01-20T04:39:01.246+0000] {subprocess.py:93} INFO - 26/01/20 04:39:01 INFO SparkContext: Created broadcast 10 from broadcast at DAGScheduler.scala:1580
[2026-01-20T04:39:01.248+0000] {subprocess.py:93} INFO - 26/01/20 04:39:01 INFO DAGScheduler: Submitting 13 missing tasks from ShuffleMapStage 4 (MapPartitionsRDD[19] at csv at NativeMethodAccessorImpl.java:0) (first 15 tasks are for partitions Vector(0, 1, 2, 3, 4, 5, 6, 7, 8, 9, 10, 11, 12))
[2026-01-20T04:39:01.249+0000] {subprocess.py:93} INFO - 26/01/20 04:39:01 INFO TaskSchedulerImpl: Adding task set 4.0 with 13 tasks resource profile 0
[2026-01-20T04:39:01.250+0000] {subprocess.py:93} INFO - 26/01/20 04:39:01 INFO TaskSetManager: Starting task 0.0 in stage 4.0 (TID 42) (519d7d29de3d, executor driver, partition 0, PROCESS_LOCAL, 8240 bytes)
[2026-01-20T04:39:01.251+0000] {subprocess.py:93} INFO - 26/01/20 04:39:01 INFO TaskSetManager: Starting task 1.0 in stage 4.0 (TID 43) (519d7d29de3d, executor driver, partition 1, PROCESS_LOCAL, 8240 bytes)
[2026-01-20T04:39:01.252+0000] {subprocess.py:93} INFO - 26/01/20 04:39:01 INFO TaskSetManager: Starting task 2.0 in stage 4.0 (TID 44) (519d7d29de3d, executor driver, partition 2, PROCESS_LOCAL, 8240 bytes)
[2026-01-20T04:39:01.253+0000] {subprocess.py:93} INFO - 26/01/20 04:39:01 INFO TaskSetManager: Starting task 3.0 in stage 4.0 (TID 45) (519d7d29de3d, executor driver, partition 3, PROCESS_LOCAL, 8240 bytes)
[2026-01-20T04:39:01.254+0000] {subprocess.py:93} INFO - 26/01/20 04:39:01 INFO TaskSetManager: Starting task 4.0 in stage 4.0 (TID 46) (519d7d29de3d, executor driver, partition 4, PROCESS_LOCAL, 8240 bytes)
[2026-01-20T04:39:01.255+0000] {subprocess.py:93} INFO - 26/01/20 04:39:01 INFO TaskSetManager: Starting task 5.0 in stage 4.0 (TID 47) (519d7d29de3d, executor driver, partition 5, PROCESS_LOCAL, 8240 bytes)
[2026-01-20T04:39:01.255+0000] {subprocess.py:93} INFO - 26/01/20 04:39:01 INFO TaskSetManager: Starting task 6.0 in stage 4.0 (TID 48) (519d7d29de3d, executor driver, partition 6, PROCESS_LOCAL, 8240 bytes)
[2026-01-20T04:39:01.256+0000] {subprocess.py:93} INFO - 26/01/20 04:39:01 INFO TaskSetManager: Starting task 7.0 in stage 4.0 (TID 49) (519d7d29de3d, executor driver, partition 7, PROCESS_LOCAL, 8240 bytes)
[2026-01-20T04:39:01.257+0000] {subprocess.py:93} INFO - 26/01/20 04:39:01 INFO TaskSetManager: Starting task 8.0 in stage 4.0 (TID 50) (519d7d29de3d, executor driver, partition 8, PROCESS_LOCAL, 8240 bytes)
[2026-01-20T04:39:01.258+0000] {subprocess.py:93} INFO - 26/01/20 04:39:01 INFO TaskSetManager: Starting task 9.0 in stage 4.0 (TID 51) (519d7d29de3d, executor driver, partition 9, PROCESS_LOCAL, 8240 bytes)
[2026-01-20T04:39:01.259+0000] {subprocess.py:93} INFO - 26/01/20 04:39:01 INFO TaskSetManager: Starting task 10.0 in stage 4.0 (TID 52) (519d7d29de3d, executor driver, partition 10, PROCESS_LOCAL, 8240 bytes)
[2026-01-20T04:39:01.261+0000] {subprocess.py:93} INFO - 26/01/20 04:39:01 INFO TaskSetManager: Starting task 11.0 in stage 4.0 (TID 53) (519d7d29de3d, executor driver, partition 11, PROCESS_LOCAL, 8240 bytes)
[2026-01-20T04:39:01.262+0000] {subprocess.py:93} INFO - 26/01/20 04:39:01 INFO TaskSetManager: Starting task 12.0 in stage 4.0 (TID 54) (519d7d29de3d, executor driver, partition 12, PROCESS_LOCAL, 8240 bytes)
[2026-01-20T04:39:01.263+0000] {subprocess.py:93} INFO - 26/01/20 04:39:01 INFO Executor: Running task 0.0 in stage 4.0 (TID 42)
[2026-01-20T04:39:01.263+0000] {subprocess.py:93} INFO - 26/01/20 04:39:01 INFO Executor: Running task 2.0 in stage 4.0 (TID 44)
[2026-01-20T04:39:01.265+0000] {subprocess.py:93} INFO - 26/01/20 04:39:01 INFO Executor: Running task 1.0 in stage 4.0 (TID 43)
[2026-01-20T04:39:01.266+0000] {subprocess.py:93} INFO - 26/01/20 04:39:01 INFO Executor: Running task 3.0 in stage 4.0 (TID 45)
[2026-01-20T04:39:01.267+0000] {subprocess.py:93} INFO - 26/01/20 04:39:01 INFO Executor: Running task 5.0 in stage 4.0 (TID 47)
[2026-01-20T04:39:01.268+0000] {subprocess.py:93} INFO - 26/01/20 04:39:01 INFO Executor: Running task 4.0 in stage 4.0 (TID 46)
[2026-01-20T04:39:01.269+0000] {subprocess.py:93} INFO - 26/01/20 04:39:01 INFO Executor: Running task 6.0 in stage 4.0 (TID 48)
[2026-01-20T04:39:01.270+0000] {subprocess.py:93} INFO - 26/01/20 04:39:01 INFO Executor: Running task 7.0 in stage 4.0 (TID 49)
[2026-01-20T04:39:01.271+0000] {subprocess.py:93} INFO - 26/01/20 04:39:01 INFO Executor: Running task 8.0 in stage 4.0 (TID 50)
[2026-01-20T04:39:01.272+0000] {subprocess.py:93} INFO - 26/01/20 04:39:01 INFO Executor: Running task 11.0 in stage 4.0 (TID 53)
[2026-01-20T04:39:01.273+0000] {subprocess.py:93} INFO - 26/01/20 04:39:01 INFO Executor: Running task 10.0 in stage 4.0 (TID 52)
[2026-01-20T04:39:01.274+0000] {subprocess.py:93} INFO - 26/01/20 04:39:01 INFO Executor: Running task 12.0 in stage 4.0 (TID 54)
[2026-01-20T04:39:01.276+0000] {subprocess.py:93} INFO - 26/01/20 04:39:01 INFO Executor: Running task 9.0 in stage 4.0 (TID 51)
[2026-01-20T04:39:01.286+0000] {subprocess.py:93} INFO - 26/01/20 04:39:01 INFO CodeGenerator: Code generated in 11.074496 ms
[2026-01-20T04:39:01.316+0000] {subprocess.py:93} INFO - 26/01/20 04:39:01 INFO CodeGenerator: Code generated in 18.621061 ms
[2026-01-20T04:39:01.337+0000] {subprocess.py:93} INFO - 26/01/20 04:39:01 INFO FileScanRDD: Reading File path: file:///opt/spark-data/landing/transaction_events_1768879479.1820476.json, range: 12582912-16777216, partition values: [empty row]
[2026-01-20T04:39:01.338+0000] {subprocess.py:93} INFO - 26/01/20 04:39:01 INFO FileScanRDD: Reading File path: file:///opt/spark-data/landing/transaction_events_1768879479.1820476.json, range: 41943040-46137344, partition values: [empty row]
[2026-01-20T04:39:01.340+0000] {subprocess.py:93} INFO - 26/01/20 04:39:01 INFO FileScanRDD: Reading File path: file:///opt/spark-data/landing/transaction_events_1768879479.1820476.json, range: 20971520-25165824, partition values: [empty row]
[2026-01-20T04:39:01.342+0000] {subprocess.py:93} INFO - 26/01/20 04:39:01 INFO FileScanRDD: Reading File path: file:///opt/spark-data/landing/transaction_events_1768879479.1820476.json, range: 8388608-12582912, partition values: [empty row]
[2026-01-20T04:39:01.345+0000] {subprocess.py:93} INFO - 26/01/20 04:39:01 INFO FileScanRDD: Reading File path: file:///opt/spark-data/landing/transaction_events_1768879479.1820476.json, range: 29360128-33554432, partition values: [empty row]
[2026-01-20T04:39:01.346+0000] {subprocess.py:93} INFO - 26/01/20 04:39:01 INFO FileScanRDD: Reading File path: file:///opt/spark-data/landing/transaction_events_1768879479.1820476.json, range: 37748736-41943040, partition values: [empty row]
[2026-01-20T04:39:01.348+0000] {subprocess.py:93} INFO - 26/01/20 04:39:01 INFO FileScanRDD: Reading File path: file:///opt/spark-data/landing/transaction_events_1768879479.1820476.json, range: 33554432-37748736, partition values: [empty row]
[2026-01-20T04:39:01.349+0000] {subprocess.py:93} INFO - 26/01/20 04:39:01 INFO FileScanRDD: Reading File path: file:///opt/spark-data/landing/transaction_events_1768879479.1820476.json, range: 25165824-29360128, partition values: [empty row]
[2026-01-20T04:39:01.350+0000] {subprocess.py:93} INFO - 26/01/20 04:39:01 INFO FileScanRDD: Reading File path: file:///opt/spark-data/landing/transaction_events_1768879479.1820476.json, range: 4194304-8388608, partition values: [empty row]
[2026-01-20T04:39:01.352+0000] {subprocess.py:93} INFO - 26/01/20 04:39:01 INFO FileScanRDD: Reading File path: file:///opt/spark-data/landing/transaction_events_1768879479.1820476.json, range: 0-4194304, partition values: [empty row]
[2026-01-20T04:39:01.353+0000] {subprocess.py:93} INFO - 26/01/20 04:39:01 INFO FileScanRDD: Reading File path: file:///opt/spark-data/landing/transaction_events_1768879479.1820476.json, range: 46137344-50331648, partition values: [empty row]
[2026-01-20T04:39:01.354+0000] {subprocess.py:93} INFO - 26/01/20 04:39:01 INFO FileScanRDD: Reading File path: file:///opt/spark-data/landing/transaction_events_1768879479.1820476.json, range: 50331648-51561162, partition values: [empty row]
[2026-01-20T04:39:01.355+0000] {subprocess.py:93} INFO - 26/01/20 04:39:01 INFO FileScanRDD: Reading File path: file:///opt/spark-data/landing/transaction_events_1768879479.1820476.json, range: 16777216-20971520, partition values: [empty row]
[2026-01-20T04:39:01.361+0000] {subprocess.py:93} INFO - 26/01/20 04:39:01 INFO CodeGenerator: Code generated in 20.111506 ms
[2026-01-20T04:39:01.794+0000] {subprocess.py:93} INFO - 26/01/20 04:39:01 INFO BlockManagerInfo: Removed broadcast_7_piece0 on 519d7d29de3d:35773 in memory (size: 34.2 KiB, free: 432.7 MiB)
[2026-01-20T04:39:01.846+0000] {subprocess.py:93} INFO - 26/01/20 04:39:01 INFO BlockManagerInfo: Removed broadcast_1_piece0 on 519d7d29de3d:35773 in memory (size: 7.5 KiB, free: 432.7 MiB)
[2026-01-20T04:39:01.861+0000] {subprocess.py:93} INFO - 26/01/20 04:39:01 INFO BlockManagerInfo: Removed broadcast_6_piece0 on 519d7d29de3d:35773 in memory (size: 1578.1 KiB, free: 434.2 MiB)
[2026-01-20T04:39:01.889+0000] {subprocess.py:93} INFO - 26/01/20 04:39:01 INFO BlockManagerInfo: Removed broadcast_8_piece0 on 519d7d29de3d:35773 in memory (size: 82.8 KiB, free: 434.3 MiB)
[2026-01-20T04:39:01.920+0000] {subprocess.py:93} INFO - 26/01/20 04:39:01 INFO BlockManagerInfo: Removed broadcast_4_piece0 on 519d7d29de3d:35773 in memory (size: 34.2 KiB, free: 434.3 MiB)
[2026-01-20T04:39:01.981+0000] {subprocess.py:93} INFO - 26/01/20 04:39:01 INFO BlockManagerInfo: Removed broadcast_0_piece0 on 519d7d29de3d:35773 in memory (size: 34.2 KiB, free: 434.4 MiB)
[2026-01-20T04:39:02.137+0000] {subprocess.py:93} INFO - 26/01/20 04:39:02 INFO Executor: Finished task 12.0 in stage 4.0 (TID 54). 2075 bytes result sent to driver
[2026-01-20T04:39:02.142+0000] {subprocess.py:93} INFO - 26/01/20 04:39:02 INFO TaskSetManager: Finished task 12.0 in stage 4.0 (TID 54) in 887 ms on 519d7d29de3d (executor driver) (1/13)
[2026-01-20T04:39:02.343+0000] {subprocess.py:93} INFO - 26/01/20 04:39:02 INFO Executor: Finished task 11.0 in stage 4.0 (TID 53). 2032 bytes result sent to driver
[2026-01-20T04:39:02.345+0000] {subprocess.py:93} INFO - 26/01/20 04:39:02 INFO TaskSetManager: Finished task 11.0 in stage 4.0 (TID 53) in 1091 ms on 519d7d29de3d (executor driver) (2/13)
[2026-01-20T04:39:02.365+0000] {subprocess.py:93} INFO - 26/01/20 04:39:02 INFO Executor: Finished task 10.0 in stage 4.0 (TID 52). 2032 bytes result sent to driver
[2026-01-20T04:39:02.366+0000] {subprocess.py:93} INFO - 26/01/20 04:39:02 INFO Executor: Finished task 7.0 in stage 4.0 (TID 49). 2032 bytes result sent to driver
[2026-01-20T04:39:02.367+0000] {subprocess.py:93} INFO - 26/01/20 04:39:02 INFO TaskSetManager: Finished task 10.0 in stage 4.0 (TID 52) in 1113 ms on 519d7d29de3d (executor driver) (3/13)
[2026-01-20T04:39:02.369+0000] {subprocess.py:93} INFO - 26/01/20 04:39:02 INFO TaskSetManager: Finished task 7.0 in stage 4.0 (TID 49) in 1116 ms on 519d7d29de3d (executor driver) (4/13)
[2026-01-20T04:39:02.374+0000] {subprocess.py:93} INFO - 26/01/20 04:39:02 INFO Executor: Finished task 4.0 in stage 4.0 (TID 46). 2032 bytes result sent to driver
[2026-01-20T04:39:02.375+0000] {subprocess.py:93} INFO - 26/01/20 04:39:02 INFO TaskSetManager: Finished task 4.0 in stage 4.0 (TID 46) in 1124 ms on 519d7d29de3d (executor driver) (5/13)
[2026-01-20T04:39:02.377+0000] {subprocess.py:93} INFO - 26/01/20 04:39:02 INFO Executor: Finished task 2.0 in stage 4.0 (TID 44). 2032 bytes result sent to driver
[2026-01-20T04:39:02.378+0000] {subprocess.py:93} INFO - 26/01/20 04:39:02 INFO TaskSetManager: Finished task 2.0 in stage 4.0 (TID 44) in 1128 ms on 519d7d29de3d (executor driver) (6/13)
[2026-01-20T04:39:02.384+0000] {subprocess.py:93} INFO - 26/01/20 04:39:02 INFO Executor: Finished task 6.0 in stage 4.0 (TID 48). 2075 bytes result sent to driver
[2026-01-20T04:39:02.385+0000] {subprocess.py:93} INFO - 26/01/20 04:39:02 INFO Executor: Finished task 9.0 in stage 4.0 (TID 51). 2075 bytes result sent to driver
[2026-01-20T04:39:02.386+0000] {subprocess.py:93} INFO - 26/01/20 04:39:02 INFO TaskSetManager: Finished task 6.0 in stage 4.0 (TID 48) in 1133 ms on 519d7d29de3d (executor driver) (7/13)
[2026-01-20T04:39:02.387+0000] {subprocess.py:93} INFO - 26/01/20 04:39:02 INFO TaskSetManager: Finished task 9.0 in stage 4.0 (TID 51) in 1132 ms on 519d7d29de3d (executor driver) (8/13)
[2026-01-20T04:39:02.388+0000] {subprocess.py:93} INFO - 26/01/20 04:39:02 INFO Executor: Finished task 1.0 in stage 4.0 (TID 43). 2075 bytes result sent to driver
[2026-01-20T04:39:02.389+0000] {subprocess.py:93} INFO - 26/01/20 04:39:02 INFO Executor: Finished task 3.0 in stage 4.0 (TID 45). 2075 bytes result sent to driver
[2026-01-20T04:39:02.389+0000] {subprocess.py:93} INFO - 26/01/20 04:39:02 INFO TaskSetManager: Finished task 3.0 in stage 4.0 (TID 45) in 1137 ms on 519d7d29de3d (executor driver) (9/13)
[2026-01-20T04:39:02.390+0000] {subprocess.py:93} INFO - 26/01/20 04:39:02 INFO TaskSetManager: Finished task 1.0 in stage 4.0 (TID 43) in 1138 ms on 519d7d29de3d (executor driver) (10/13)
[2026-01-20T04:39:02.391+0000] {subprocess.py:93} INFO - 26/01/20 04:39:02 INFO Executor: Finished task 0.0 in stage 4.0 (TID 42). 2075 bytes result sent to driver
[2026-01-20T04:39:02.391+0000] {subprocess.py:93} INFO - 26/01/20 04:39:02 INFO TaskSetManager: Finished task 0.0 in stage 4.0 (TID 42) in 1140 ms on 519d7d29de3d (executor driver) (11/13)
[2026-01-20T04:39:02.392+0000] {subprocess.py:93} INFO - 26/01/20 04:39:02 INFO Executor: Finished task 5.0 in stage 4.0 (TID 47). 2075 bytes result sent to driver
[2026-01-20T04:39:02.393+0000] {subprocess.py:93} INFO - 26/01/20 04:39:02 INFO TaskSetManager: Finished task 5.0 in stage 4.0 (TID 47) in 1139 ms on 519d7d29de3d (executor driver) (12/13)
[2026-01-20T04:39:02.393+0000] {subprocess.py:93} INFO - 26/01/20 04:39:02 INFO Executor: Finished task 8.0 in stage 4.0 (TID 50). 2075 bytes result sent to driver
[2026-01-20T04:39:02.394+0000] {subprocess.py:93} INFO - 26/01/20 04:39:02 INFO TaskSetManager: Finished task 8.0 in stage 4.0 (TID 50) in 1140 ms on 519d7d29de3d (executor driver) (13/13)
[2026-01-20T04:39:02.395+0000] {subprocess.py:93} INFO - 26/01/20 04:39:02 INFO TaskSchedulerImpl: Removed TaskSet 4.0, whose tasks have all completed, from pool
[2026-01-20T04:39:02.396+0000] {subprocess.py:93} INFO - 26/01/20 04:39:02 INFO DAGScheduler: ShuffleMapStage 4 (csv at NativeMethodAccessorImpl.java:0) finished in 1.171 s
[2026-01-20T04:39:02.396+0000] {subprocess.py:93} INFO - 26/01/20 04:39:02 INFO DAGScheduler: looking for newly runnable stages
[2026-01-20T04:39:02.397+0000] {subprocess.py:93} INFO - 26/01/20 04:39:02 INFO DAGScheduler: running: Set()
[2026-01-20T04:39:02.398+0000] {subprocess.py:93} INFO - 26/01/20 04:39:02 INFO DAGScheduler: waiting: Set()
[2026-01-20T04:39:02.399+0000] {subprocess.py:93} INFO - 26/01/20 04:39:02 INFO DAGScheduler: failed: Set()
[2026-01-20T04:39:02.413+0000] {subprocess.py:93} INFO - 26/01/20 04:39:02 INFO ShufflePartitionsUtil: For shuffle(0), advisory target size: 67108864, actual target size 1048576, minimum partition size: 1048576
[2026-01-20T04:39:02.488+0000] {subprocess.py:93} INFO - 26/01/20 04:39:02 INFO FileOutputCommitter: File Output Committer Algorithm version is 1
[2026-01-20T04:39:02.489+0000] {subprocess.py:93} INFO - 26/01/20 04:39:02 INFO FileOutputCommitter: FileOutputCommitter skip cleanup _temporary folders under output directory:false, ignore cleanup failures: false
[2026-01-20T04:39:02.489+0000] {subprocess.py:93} INFO - 26/01/20 04:39:02 INFO SQLHadoopMapReduceCommitProtocol: Using output committer class org.apache.hadoop.mapreduce.lib.output.FileOutputCommitter
[2026-01-20T04:39:02.555+0000] {subprocess.py:93} INFO - 26/01/20 04:39:02 INFO CodeGenerator: Code generated in 10.070034 ms
[2026-01-20T04:39:02.564+0000] {subprocess.py:93} INFO - 26/01/20 04:39:02 INFO CodeGenerator: Code generated in 6.485059 ms
[2026-01-20T04:39:02.659+0000] {subprocess.py:93} INFO - 26/01/20 04:39:02 INFO SparkContext: Starting job: csv at NativeMethodAccessorImpl.java:0
[2026-01-20T04:39:02.661+0000] {subprocess.py:93} INFO - 26/01/20 04:39:02 INFO DAGScheduler: Got job 5 (csv at NativeMethodAccessorImpl.java:0) with 1 output partitions
[2026-01-20T04:39:02.662+0000] {subprocess.py:93} INFO - 26/01/20 04:39:02 INFO DAGScheduler: Final stage: ResultStage 6 (csv at NativeMethodAccessorImpl.java:0)
[2026-01-20T04:39:02.663+0000] {subprocess.py:93} INFO - 26/01/20 04:39:02 INFO DAGScheduler: Parents of final stage: List(ShuffleMapStage 5)
[2026-01-20T04:39:02.664+0000] {subprocess.py:93} INFO - 26/01/20 04:39:02 INFO DAGScheduler: Missing parents: List()
[2026-01-20T04:39:02.665+0000] {subprocess.py:93} INFO - 26/01/20 04:39:02 INFO DAGScheduler: Submitting ResultStage 6 (MapPartitionsRDD[26] at csv at NativeMethodAccessorImpl.java:0), which has no missing parents
[2026-01-20T04:39:02.691+0000] {subprocess.py:93} INFO - 26/01/20 04:39:02 INFO MemoryStore: Block broadcast_11 stored as values in memory (estimated size 244.7 KiB, free 433.9 MiB)
[2026-01-20T04:39:02.694+0000] {subprocess.py:93} INFO - 26/01/20 04:39:02 INFO MemoryStore: Block broadcast_11_piece0 stored as bytes in memory (estimated size 91.6 KiB, free 433.8 MiB)
[2026-01-20T04:39:02.695+0000] {subprocess.py:93} INFO - 26/01/20 04:39:02 INFO BlockManagerInfo: Added broadcast_11_piece0 in memory on 519d7d29de3d:35773 (size: 91.6 KiB, free: 434.3 MiB)
[2026-01-20T04:39:02.696+0000] {subprocess.py:93} INFO - 26/01/20 04:39:02 INFO SparkContext: Created broadcast 11 from broadcast at DAGScheduler.scala:1580
[2026-01-20T04:39:02.697+0000] {subprocess.py:93} INFO - 26/01/20 04:39:02 INFO DAGScheduler: Submitting 1 missing tasks from ResultStage 6 (MapPartitionsRDD[26] at csv at NativeMethodAccessorImpl.java:0) (first 15 tasks are for partitions Vector(0))
[2026-01-20T04:39:02.698+0000] {subprocess.py:93} INFO - 26/01/20 04:39:02 INFO TaskSchedulerImpl: Adding task set 6.0 with 1 tasks resource profile 0
[2026-01-20T04:39:02.706+0000] {subprocess.py:93} INFO - 26/01/20 04:39:02 INFO TaskSetManager: Starting task 0.0 in stage 6.0 (TID 55) (519d7d29de3d, executor driver, partition 0, NODE_LOCAL, 7975 bytes)
[2026-01-20T04:39:02.707+0000] {subprocess.py:93} INFO - 26/01/20 04:39:02 INFO Executor: Running task 0.0 in stage 6.0 (TID 55)
[2026-01-20T04:39:02.732+0000] {subprocess.py:93} INFO - 26/01/20 04:39:02 INFO FileOutputCommitter: File Output Committer Algorithm version is 1
[2026-01-20T04:39:02.733+0000] {subprocess.py:93} INFO - 26/01/20 04:39:02 INFO FileOutputCommitter: FileOutputCommitter skip cleanup _temporary folders under output directory:false, ignore cleanup failures: false
[2026-01-20T04:39:02.734+0000] {subprocess.py:93} INFO - 26/01/20 04:39:02 INFO SQLHadoopMapReduceCommitProtocol: Using output committer class org.apache.hadoop.mapreduce.lib.output.FileOutputCommitter
[2026-01-20T04:39:02.881+0000] {subprocess.py:93} INFO - 26/01/20 04:39:02 INFO ShuffleBlockFetcherIterator: Getting 13 (1044.2 KiB) non-empty blocks including 13 (1044.2 KiB) local and 0 (0.0 B) host-local and 0 (0.0 B) push-merged-local and 0 (0.0 B) remote blocks
[2026-01-20T04:39:02.883+0000] {subprocess.py:93} INFO - 26/01/20 04:39:02 INFO ShuffleBlockFetcherIterator: Started 0 remote fetches in 13 ms
[2026-01-20T04:39:02.899+0000] {subprocess.py:93} INFO - 26/01/20 04:39:02 INFO CodeGenerator: Code generated in 11.540307 ms
[2026-01-20T04:39:02.919+0000] {subprocess.py:93} INFO - 26/01/20 04:39:02 INFO CodeGenerator: Code generated in 12.908886 ms
[2026-01-20T04:39:02.934+0000] {subprocess.py:93} INFO - 26/01/20 04:39:02 INFO CodeGenerator: Code generated in 8.490878 ms
[2026-01-20T04:39:02.958+0000] {subprocess.py:93} INFO - 26/01/20 04:39:02 INFO CodeGenerator: Code generated in 11.489831 ms
[2026-01-20T04:39:03.056+0000] {subprocess.py:93} INFO - 26/01/20 04:39:03 INFO CodeGenerator: Code generated in 5.961273 ms
[2026-01-20T04:39:03.070+0000] {subprocess.py:93} INFO - 26/01/20 04:39:03 INFO CodeGenerator: Code generated in 7.784684 ms
[2026-01-20T04:39:03.078+0000] {subprocess.py:93} INFO - 26/01/20 04:39:03 INFO CodeGenerator: Code generated in 5.635245 ms
[2026-01-20T04:39:03.085+0000] {subprocess.py:93} INFO - 26/01/20 04:39:03 INFO CodeGenerator: Code generated in 4.601067 ms
[2026-01-20T04:39:03.095+0000] {subprocess.py:93} INFO - 26/01/20 04:39:03 INFO CodeGenerator: Code generated in 8.700911 ms
[2026-01-20T04:39:03.105+0000] {subprocess.py:93} INFO - 26/01/20 04:39:03 INFO CodeGenerator: Code generated in 7.358819 ms
[2026-01-20T04:39:03.118+0000] {subprocess.py:93} INFO - 26/01/20 04:39:03 INFO CodeGenerator: Code generated in 8.52067 ms
[2026-01-20T04:39:03.187+0000] {subprocess.py:93} INFO - 26/01/20 04:39:03 INFO CodeGenerator: Code generated in 4.742758 ms
[2026-01-20T04:39:03.209+0000] {subprocess.py:93} INFO - 26/01/20 04:39:03 INFO BlockManagerInfo: Removed broadcast_10_piece0 on 519d7d29de3d:35773 in memory (size: 8.8 KiB, free: 434.3 MiB)
[2026-01-20T04:39:03.218+0000] {subprocess.py:93} INFO - 26/01/20 04:39:03 INFO CodeGenerator: Code generated in 20.343926 ms
[2026-01-20T04:39:03.229+0000] {subprocess.py:93} INFO - 26/01/20 04:39:03 INFO CodeGenerator: Code generated in 8.096094 ms
[2026-01-20T04:39:03.356+0000] {subprocess.py:93} INFO - 26/01/20 04:39:03 INFO ShuffleBlockFetcherIterator: Getting 13 (1039.8 KiB) non-empty blocks including 13 (1039.8 KiB) local and 0 (0.0 B) host-local and 0 (0.0 B) push-merged-local and 0 (0.0 B) remote blocks
[2026-01-20T04:39:03.357+0000] {subprocess.py:93} INFO - 26/01/20 04:39:03 INFO ShuffleBlockFetcherIterator: Started 0 remote fetches in 1 ms
[2026-01-20T04:39:03.494+0000] {subprocess.py:93} INFO - 26/01/20 04:39:03 INFO ShuffleBlockFetcherIterator: Getting 13 (1030.5 KiB) non-empty blocks including 13 (1030.5 KiB) local and 0 (0.0 B) host-local and 0 (0.0 B) push-merged-local and 0 (0.0 B) remote blocks
[2026-01-20T04:39:03.495+0000] {subprocess.py:93} INFO - 26/01/20 04:39:03 INFO ShuffleBlockFetcherIterator: Started 0 remote fetches in 1 ms
[2026-01-20T04:39:03.584+0000] {subprocess.py:93} INFO - 26/01/20 04:39:03 INFO ShuffleBlockFetcherIterator: Getting 13 (1283.5 KiB) non-empty blocks including 13 (1283.5 KiB) local and 0 (0.0 B) host-local and 0 (0.0 B) push-merged-local and 0 (0.0 B) remote blocks
[2026-01-20T04:39:03.584+0000] {subprocess.py:93} INFO - 26/01/20 04:39:03 INFO ShuffleBlockFetcherIterator: Started 0 remote fetches in 1 ms
[2026-01-20T04:39:03.810+0000] {subprocess.py:93} INFO - 26/01/20 04:39:03 INFO FileOutputCommitter: Saved output of task 'attempt_202601200439022603936226333799875_0006_m_000000_55' to file:/opt/spark-data/gold/transaction_analytics/_temporary/0/task_202601200439022603936226333799875_0006_m_000000
[2026-01-20T04:39:03.811+0000] {subprocess.py:93} INFO - 26/01/20 04:39:03 INFO SparkHadoopMapRedUtil: attempt_202601200439022603936226333799875_0006_m_000000_55: Committed. Elapsed time: 76 ms.
[2026-01-20T04:39:03.812+0000] {subprocess.py:93} INFO - 26/01/20 04:39:03 INFO Executor: Finished task 0.0 in stage 6.0 (TID 55). 5888 bytes result sent to driver
[2026-01-20T04:39:03.813+0000] {subprocess.py:93} INFO - 26/01/20 04:39:03 INFO TaskSetManager: Finished task 0.0 in stage 6.0 (TID 55) in 1112 ms on 519d7d29de3d (executor driver) (1/1)
[2026-01-20T04:39:03.814+0000] {subprocess.py:93} INFO - 26/01/20 04:39:03 INFO TaskSchedulerImpl: Removed TaskSet 6.0, whose tasks have all completed, from pool
[2026-01-20T04:39:03.814+0000] {subprocess.py:93} INFO - 26/01/20 04:39:03 INFO DAGScheduler: ResultStage 6 (csv at NativeMethodAccessorImpl.java:0) finished in 1.151 s
[2026-01-20T04:39:03.815+0000] {subprocess.py:93} INFO - 26/01/20 04:39:03 INFO DAGScheduler: Job 5 is finished. Cancelling potential speculative or zombie tasks for this job
[2026-01-20T04:39:03.815+0000] {subprocess.py:93} INFO - 26/01/20 04:39:03 INFO TaskSchedulerImpl: Killing all running tasks in stage 6: Stage finished
[2026-01-20T04:39:03.816+0000] {subprocess.py:93} INFO - 26/01/20 04:39:03 INFO DAGScheduler: Job 5 finished: csv at NativeMethodAccessorImpl.java:0, took 1.155343 s
[2026-01-20T04:39:03.817+0000] {subprocess.py:93} INFO - 26/01/20 04:39:03 INFO FileFormatWriter: Start to commit write Job b43d437a-826d-462a-bb11-9f0a561501ab.
[2026-01-20T04:39:03.968+0000] {subprocess.py:93} INFO - 26/01/20 04:39:03 INFO FileFormatWriter: Write Job b43d437a-826d-462a-bb11-9f0a561501ab committed. Elapsed time: 151 ms.
[2026-01-20T04:39:03.968+0000] {subprocess.py:93} INFO - 26/01/20 04:39:03 INFO FileFormatWriter: Finished processing stats for write job b43d437a-826d-462a-bb11-9f0a561501ab.
[2026-01-20T04:39:03.969+0000] {subprocess.py:93} INFO - Analytics Table with Window Functions created successfully.
[2026-01-20T04:39:03.992+0000] {subprocess.py:93} INFO - Transactions All Of them!
[2026-01-20T04:39:04.034+0000] {subprocess.py:93} INFO - 26/01/20 04:39:04 INFO FileSourceStrategy: Pushed Filters: IsNotNull(line_items)
[2026-01-20T04:39:04.035+0000] {subprocess.py:93} INFO - 26/01/20 04:39:04 INFO FileSourceStrategy: Post-Scan Filters: (size(line_items#10, true) > 0),isnotnull(line_items#10)
[2026-01-20T04:39:04.090+0000] {subprocess.py:93} INFO - 26/01/20 04:39:04 INFO CodeGenerator: Code generated in 24.93397 ms
[2026-01-20T04:39:04.094+0000] {subprocess.py:93} INFO - 26/01/20 04:39:04 INFO MemoryStore: Block broadcast_12 stored as values in memory (estimated size 199.1 KiB, free 433.6 MiB)
[2026-01-20T04:39:04.105+0000] {subprocess.py:93} INFO - 26/01/20 04:39:04 INFO MemoryStore: Block broadcast_12_piece0 stored as bytes in memory (estimated size 34.2 KiB, free 433.6 MiB)
[2026-01-20T04:39:04.107+0000] {subprocess.py:93} INFO - 26/01/20 04:39:04 INFO BlockManagerInfo: Added broadcast_12_piece0 in memory on 519d7d29de3d:35773 (size: 34.2 KiB, free: 434.2 MiB)
[2026-01-20T04:39:04.108+0000] {subprocess.py:93} INFO - 26/01/20 04:39:04 INFO SparkContext: Created broadcast 12 from showString at NativeMethodAccessorImpl.java:0
[2026-01-20T04:39:04.109+0000] {subprocess.py:93} INFO - 26/01/20 04:39:04 INFO FileSourceScanExec: Planning scan with bin packing, max size: 4194304 bytes, open cost is considered as scanning 4194304 bytes.
[2026-01-20T04:39:04.124+0000] {subprocess.py:93} INFO - 26/01/20 04:39:04 INFO SparkContext: Starting job: showString at NativeMethodAccessorImpl.java:0
[2026-01-20T04:39:04.126+0000] {subprocess.py:93} INFO - 26/01/20 04:39:04 INFO DAGScheduler: Got job 6 (showString at NativeMethodAccessorImpl.java:0) with 1 output partitions
[2026-01-20T04:39:04.128+0000] {subprocess.py:93} INFO - 26/01/20 04:39:04 INFO DAGScheduler: Final stage: ResultStage 7 (showString at NativeMethodAccessorImpl.java:0)
[2026-01-20T04:39:04.129+0000] {subprocess.py:93} INFO - 26/01/20 04:39:04 INFO DAGScheduler: Parents of final stage: List()
[2026-01-20T04:39:04.130+0000] {subprocess.py:93} INFO - 26/01/20 04:39:04 INFO DAGScheduler: Missing parents: List()
[2026-01-20T04:39:04.131+0000] {subprocess.py:93} INFO - 26/01/20 04:39:04 INFO DAGScheduler: Submitting ResultStage 7 (MapPartitionsRDD[30] at showString at NativeMethodAccessorImpl.java:0), which has no missing parents
[2026-01-20T04:39:04.132+0000] {subprocess.py:93} INFO - 26/01/20 04:39:04 INFO MemoryStore: Block broadcast_13 stored as values in memory (estimated size 33.0 KiB, free 433.6 MiB)
[2026-01-20T04:39:04.133+0000] {subprocess.py:93} INFO - 26/01/20 04:39:04 INFO MemoryStore: Block broadcast_13_piece0 stored as bytes in memory (estimated size 11.6 KiB, free 433.6 MiB)
[2026-01-20T04:39:04.134+0000] {subprocess.py:93} INFO - 26/01/20 04:39:04 INFO BlockManagerInfo: Added broadcast_13_piece0 in memory on 519d7d29de3d:35773 (size: 11.6 KiB, free: 434.2 MiB)
[2026-01-20T04:39:04.135+0000] {subprocess.py:93} INFO - 26/01/20 04:39:04 INFO SparkContext: Created broadcast 13 from broadcast at DAGScheduler.scala:1580
[2026-01-20T04:39:04.136+0000] {subprocess.py:93} INFO - 26/01/20 04:39:04 INFO DAGScheduler: Submitting 1 missing tasks from ResultStage 7 (MapPartitionsRDD[30] at showString at NativeMethodAccessorImpl.java:0) (first 15 tasks are for partitions Vector(0))
[2026-01-20T04:39:04.137+0000] {subprocess.py:93} INFO - 26/01/20 04:39:04 INFO TaskSchedulerImpl: Adding task set 7.0 with 1 tasks resource profile 0
[2026-01-20T04:39:04.138+0000] {subprocess.py:93} INFO - 26/01/20 04:39:04 INFO TaskSetManager: Starting task 0.0 in stage 7.0 (TID 56) (519d7d29de3d, executor driver, partition 0, PROCESS_LOCAL, 8251 bytes)
[2026-01-20T04:39:04.139+0000] {subprocess.py:93} INFO - 26/01/20 04:39:04 INFO Executor: Running task 0.0 in stage 7.0 (TID 56)
[2026-01-20T04:39:04.176+0000] {subprocess.py:93} INFO - 26/01/20 04:39:04 INFO CodeGenerator: Code generated in 31.452309 ms
[2026-01-20T04:39:04.177+0000] {subprocess.py:93} INFO - 26/01/20 04:39:04 INFO FileScanRDD: Reading File path: file:///opt/spark-data/landing/transaction_events_1768879479.1820476.json, range: 0-4194304, partition values: [empty row]
[2026-01-20T04:39:04.198+0000] {subprocess.py:93} INFO - 26/01/20 04:39:04 INFO CodeGenerator: Code generated in 16.206504 ms
[2026-01-20T04:39:04.207+0000] {subprocess.py:93} INFO - 26/01/20 04:39:04 INFO CodeGenerator: Code generated in 6.448098 ms
[2026-01-20T04:39:04.252+0000] {subprocess.py:93} INFO - 26/01/20 04:39:04 INFO Executor: Finished task 0.0 in stage 7.0 (TID 56). 4867 bytes result sent to driver
[2026-01-20T04:39:04.253+0000] {subprocess.py:93} INFO - 26/01/20 04:39:04 INFO TaskSetManager: Finished task 0.0 in stage 7.0 (TID 56) in 116 ms on 519d7d29de3d (executor driver) (1/1)
[2026-01-20T04:39:04.254+0000] {subprocess.py:93} INFO - 26/01/20 04:39:04 INFO TaskSchedulerImpl: Removed TaskSet 7.0, whose tasks have all completed, from pool
[2026-01-20T04:39:04.256+0000] {subprocess.py:93} INFO - 26/01/20 04:39:04 INFO DAGScheduler: ResultStage 7 (showString at NativeMethodAccessorImpl.java:0) finished in 0.126 s
[2026-01-20T04:39:04.257+0000] {subprocess.py:93} INFO - 26/01/20 04:39:04 INFO DAGScheduler: Job 6 is finished. Cancelling potential speculative or zombie tasks for this job
[2026-01-20T04:39:04.258+0000] {subprocess.py:93} INFO - 26/01/20 04:39:04 INFO TaskSchedulerImpl: Killing all running tasks in stage 7: Stage finished
[2026-01-20T04:39:04.259+0000] {subprocess.py:93} INFO - 26/01/20 04:39:04 INFO DAGScheduler: Job 6 finished: showString at NativeMethodAccessorImpl.java:0, took 0.130765 s
[2026-01-20T04:39:04.278+0000] {subprocess.py:93} INFO - 26/01/20 04:39:04 INFO CodeGenerator: Code generated in 12.018207 ms
[2026-01-20T04:39:04.338+0000] {subprocess.py:93} INFO - +-----------------------------------------------------------+--------+------------------------------------+--------------+---------------------------------------------------------------+---------+--------+------+---------------------------+--------+------------------------------------+----------------+--------+------------------------------------------------------------------------------+
[2026-01-20T04:39:04.340+0000] {subprocess.py:93} INFO - |billing_address                                            |currency|original_transaction_id             |payment_method|shipping_address                                               |status   |subtotal|tax   |timestamp                  |total   |transaction_id                      |transaction_type|user_id |line_item                                                                     |
[2026-01-20T04:39:04.341+0000] {subprocess.py:93} INFO - +-----------------------------------------------------------+--------+------------------------------------+--------------+---------------------------------------------------------------+---------+--------+------+---------------------------+--------+------------------------------------+----------------+--------+------------------------------------------------------------------------------+
[2026-01-20T04:39:04.342+0000] {subprocess.py:93} INFO - |{Kellerberg, US, KY, 94532 Samantha Landing, 37817}        |USD     |NULL                                |google_pay    |{Paulhaven, US, NV, 4407 Dennis River, 25427}                  |completed|2191.48 |207.86|2026-01-19T17:38:50.066404Z|2399.34 |348310ad-5cb7-4825-b3ca-7cf7ccff0be9|purchase        |e771ed48|{GreenLife, beauty, PROD_2668, Essential Beauty Collection, 4, 54.92}         |
[2026-01-20T04:39:04.342+0000] {subprocess.py:93} INFO - |{Kellerberg, US, KY, 94532 Samantha Landing, 37817}        |USD     |NULL                                |google_pay    |{Paulhaven, US, NV, 4407 Dennis River, 25427}                  |completed|2191.48 |207.86|2026-01-19T17:38:50.066404Z|2399.34 |348310ad-5cb7-4825-b3ca-7cf7ccff0be9|purchase        |e771ed48|{HomeMax, clothing, PROD_2041, Compact Clothing Collection, 5, 394.36}        |
[2026-01-20T04:39:04.343+0000] {subprocess.py:93} INFO - |{Kentville, US, TN, 386 Cody Avenue Suite 938, 42478}      |USD     |NULL                                |paypal        |{Medinamouth, US, ND, 1006 Julie Landing, 24973}               |completed|2335.54 |152.15|2026-01-19T17:38:54.422514Z|2487.69 |7e29cc86-961b-442e-bfe5-58a085808589|purchase        |234a1570|{GreenLife, books, PROD_2272, Elite Books Model, 5, 408.48}                   |
[2026-01-20T04:39:04.344+0000] {subprocess.py:93} INFO - |{Kentville, US, TN, 386 Cody Avenue Suite 938, 42478}      |USD     |NULL                                |paypal        |{Medinamouth, US, ND, 1006 Julie Landing, 24973}               |completed|2335.54 |152.15|2026-01-19T17:38:54.422514Z|2487.69 |7e29cc86-961b-442e-bfe5-58a085808589|purchase        |234a1570|{TechPro, clothing, PROD_2782, Ultra Clothing Series, 1, 293.14}              |
[2026-01-20T04:39:04.345+0000] {subprocess.py:93} INFO - |{Wilsonland, US, OK, 4090 Townsend Island, 78458}          |USD     |a50574ae-6d1e-49bd-b0ee-42434f95452b|debit_card    |{Joshuafurt, US, TN, 59792 Newton Gateway Apt. 880, 42245}     |completed|394.75  |36.72 |2026-01-19T17:38:54.473993Z|-431.47 |299e5a97-a02a-46ed-98d5-67a2c78e216a|refund          |3982940f|{ProGear, clothing, PROD_1926, Elite Clothing Edition, 3, 16.22}              |
[2026-01-20T04:39:04.345+0000] {subprocess.py:93} INFO - |{Wilsonland, US, OK, 4090 Townsend Island, 78458}          |USD     |a50574ae-6d1e-49bd-b0ee-42434f95452b|debit_card    |{Joshuafurt, US, TN, 59792 Newton Gateway Apt. 880, 42245}     |completed|394.75  |36.72 |2026-01-19T17:38:54.473993Z|-431.47 |299e5a97-a02a-46ed-98d5-67a2c78e216a|refund          |3982940f|{EliteChoice, toys, PROD_2518, Ultimate Toys Line, 1, 346.09}                 |
[2026-01-20T04:39:04.346+0000] {subprocess.py:93} INFO - |{Tinashire, US, OR, 79732 Long Manors, 28680}              |USD     |NULL                                |paypal        |{New Tony, US, IL, 445 Christopher Harbors Suite 080, 38683}   |completed|671.2   |45.49 |2026-01-19T17:38:54.494470Z|716.69  |d4a66c43-e2cb-4bfe-bf45-1b5c54d128fd|purchase        |445fabcf|{SmartChoice, beauty, PROD_2733, Smart Beauty Line, 3, 180.48}                |
[2026-01-20T04:39:04.347+0000] {subprocess.py:93} INFO - |{Tinashire, US, OR, 79732 Long Manors, 28680}              |USD     |NULL                                |paypal        |{New Tony, US, IL, 445 Christopher Harbors Suite 080, 38683}   |completed|671.2   |45.49 |2026-01-19T17:38:54.494470Z|716.69  |d4a66c43-e2cb-4bfe-bf45-1b5c54d128fd|purchase        |445fabcf|{HomeMax, beauty, PROD_1580, Pro Beauty Pack, 1, 129.76}                      |
[2026-01-20T04:39:04.347+0000] {subprocess.py:93} INFO - |{Stoneburgh, US, OH, 7654 Selena Junctions Apt. 671, 25996}|USD     |e9975ea1-9a22-438d-a03b-87c4e417b1b5|credit_card   |{West Dawnhaven, US, MP, 816 Morrow Crossroad Suite 398, 60906}|completed|929.18  |88.21 |2026-01-19T17:38:54.501649Z|-1017.39|f55f83d0-554e-4a03-a51e-70e4c00dfc7e|refund          |406ee2f1|{EliteChoice, electronics, PROD_2919, Basic Electronics Collection, 2, 160.43}|
[2026-01-20T04:39:04.348+0000] {subprocess.py:93} INFO - |{Stoneburgh, US, OH, 7654 Selena Junctions Apt. 671, 25996}|USD     |e9975ea1-9a22-438d-a03b-87c4e417b1b5|credit_card   |{West Dawnhaven, US, MP, 816 Morrow Crossroad Suite 398, 60906}|completed|929.18  |88.21 |2026-01-19T17:38:54.501649Z|-1017.39|f55f83d0-554e-4a03-a51e-70e4c00dfc7e|refund          |406ee2f1|{EliteChoice, beauty, PROD_2894, Elite Beauty Line, 1, 299.1}                 |
[2026-01-20T04:39:04.349+0000] {subprocess.py:93} INFO - |{Stoneburgh, US, OH, 7654 Selena Junctions Apt. 671, 25996}|USD     |e9975ea1-9a22-438d-a03b-87c4e417b1b5|credit_card   |{West Dawnhaven, US, MP, 816 Morrow Crossroad Suite 398, 60906}|completed|929.18  |88.21 |2026-01-19T17:38:54.501649Z|-1017.39|f55f83d0-554e-4a03-a51e-70e4c00dfc7e|refund          |406ee2f1|{StyleCo, beauty, PROD_1330, Compact Beauty Series, 2, 154.61}                |
[2026-01-20T04:39:04.350+0000] {subprocess.py:93} INFO - |{Michellefort, US, ND, 507 Curtis Lodge Suite 318, 70153}  |USD     |NULL                                |credit_card   |{Lake Ashleyview, US, MA, 11214 Julie Dam, 95558}              |failed   |3604.62 |195.31|2026-01-19T17:38:54.507017Z|3799.93 |7f8b6d50-4aa4-4bd6-8616-f95c80d59c22|purchase        |f1f4c996|{HomeMax, food, PROD_1165, Compact Food Series, 5, 289.98}                    |
[2026-01-20T04:39:04.350+0000] {subprocess.py:93} INFO - |{Michellefort, US, ND, 507 Curtis Lodge Suite 318, 70153}  |USD     |NULL                                |credit_card   |{Lake Ashleyview, US, MA, 11214 Julie Dam, 95558}              |failed   |3604.62 |195.31|2026-01-19T17:38:54.507017Z|3799.93 |7f8b6d50-4aa4-4bd6-8616-f95c80d59c22|purchase        |f1f4c996|{StyleCo, home, PROD_1008, Modern Home Kit, 4, 351.11}                        |
[2026-01-20T04:39:04.351+0000] {subprocess.py:93} INFO - |{Michellefort, US, ND, 507 Curtis Lodge Suite 318, 70153}  |USD     |NULL                                |credit_card   |{Lake Ashleyview, US, MA, 11214 Julie Dam, 95558}              |failed   |3604.62 |195.31|2026-01-19T17:38:54.507017Z|3799.93 |7f8b6d50-4aa4-4bd6-8616-f95c80d59c22|purchase        |f1f4c996|{SmartChoice, toys, PROD_1056, Compact Toys Version, 2, 375.14}               |
[2026-01-20T04:39:04.356+0000] {subprocess.py:93} INFO - |{West Kelsey, US, KS, 76305 Amanda Ramp Apt. 310, 59142}   |USD     |NULL                                |google_pay    |{Gardnermouth, US, VA, 30340 Ronnie Knoll Suite 428, 31323}    |completed|3837.46 |361.72|2026-01-19T17:38:54.514401Z|4199.18 |61b112fa-c6a8-4eec-940f-5726da602d65|purchase        |a0846826|{SportFlex, beauty, PROD_2223, Advanced Beauty Pack, 5, 150.93}               |
[2026-01-20T04:39:04.357+0000] {subprocess.py:93} INFO - |{West Kelsey, US, KS, 76305 Amanda Ramp Apt. 310, 59142}   |USD     |NULL                                |google_pay    |{Gardnermouth, US, VA, 30340 Ronnie Knoll Suite 428, 31323}    |completed|3837.46 |361.72|2026-01-19T17:38:54.514401Z|4199.18 |61b112fa-c6a8-4eec-940f-5726da602d65|purchase        |a0846826|{TechPro, food, PROD_1114, Smart Food Collection, 1, 393.98}                  |
[2026-01-20T04:39:04.358+0000] {subprocess.py:93} INFO - |{West Kelsey, US, KS, 76305 Amanda Ramp Apt. 310, 59142}   |USD     |NULL                                |google_pay    |{Gardnermouth, US, VA, 30340 Ronnie Knoll Suite 428, 31323}    |completed|3837.46 |361.72|2026-01-19T17:38:54.514401Z|4199.18 |61b112fa-c6a8-4eec-940f-5726da602d65|purchase        |a0846826|{GreenLife, food, PROD_2835, Professional Food Collection, 5, 339.27}         |
[2026-01-20T04:39:04.359+0000] {subprocess.py:93} INFO - |{West Kelsey, US, KS, 76305 Amanda Ramp Apt. 310, 59142}   |USD     |NULL                                |google_pay    |{Gardnermouth, US, VA, 30340 Ronnie Knoll Suite 428, 31323}    |completed|3837.46 |361.72|2026-01-19T17:38:54.514401Z|4199.18 |61b112fa-c6a8-4eec-940f-5726da602d65|purchase        |a0846826|{EliteChoice, electronics, PROD_2922, Ultra Electronics Edition, 4, 248.12}   |
[2026-01-20T04:39:04.360+0000] {subprocess.py:93} INFO - |{Wilsonbury, US, IL, 5749 Kevin Harbor, 80292}             |USD     |NULL                                |google_pay    |{Danamouth, US, GU, 2102 Dennis Rue, 45882}                    |completed|4177.21 |365.45|2026-01-19T17:38:54.551107Z|4542.66 |94c0f5c3-431e-4785-8eb8-7eecf7ab6f3c|purchase        |a0846826|{SmartChoice, sports, PROD_2300, Ultra Sports Edition, 5, 372.83}             |
[2026-01-20T04:39:04.361+0000] {subprocess.py:93} INFO - |{Wilsonbury, US, IL, 5749 Kevin Harbor, 80292}             |USD     |NULL                                |google_pay    |{Danamouth, US, GU, 2102 Dennis Rue, 45882}                    |completed|4177.21 |365.45|2026-01-19T17:38:54.551107Z|4542.66 |94c0f5c3-431e-4785-8eb8-7eecf7ab6f3c|purchase        |a0846826|{StyleCo, books, PROD_2770, Professional Books Pack, 1, 422.54}               |
[2026-01-20T04:39:04.362+0000] {subprocess.py:93} INFO - +-----------------------------------------------------------+--------+------------------------------------+--------------+---------------------------------------------------------------+---------+--------+------+---------------------------+--------+------------------------------------+----------------+--------+------------------------------------------------------------------------------+
[2026-01-20T04:39:04.363+0000] {subprocess.py:93} INFO - only showing top 20 rows
[2026-01-20T04:39:04.364+0000] {subprocess.py:93} INFO - 
[2026-01-20T04:39:04.365+0000] {subprocess.py:93} INFO - root
[2026-01-20T04:39:04.366+0000] {subprocess.py:93} INFO -  |-- billing_address: struct (nullable = true)
[2026-01-20T04:39:04.367+0000] {subprocess.py:93} INFO -  |    |-- city: string (nullable = true)
[2026-01-20T04:39:04.368+0000] {subprocess.py:93} INFO -  |    |-- country: string (nullable = true)
[2026-01-20T04:39:04.369+0000] {subprocess.py:93} INFO -  |    |-- state: string (nullable = true)
[2026-01-20T04:39:04.370+0000] {subprocess.py:93} INFO -  |    |-- street: string (nullable = true)
[2026-01-20T04:39:04.371+0000] {subprocess.py:93} INFO -  |    |-- zip_code: string (nullable = true)
[2026-01-20T04:39:04.372+0000] {subprocess.py:93} INFO -  |-- currency: string (nullable = true)
[2026-01-20T04:39:04.372+0000] {subprocess.py:93} INFO -  |-- original_transaction_id: string (nullable = true)
[2026-01-20T04:39:04.373+0000] {subprocess.py:93} INFO -  |-- payment_method: string (nullable = true)
[2026-01-20T04:39:04.374+0000] {subprocess.py:93} INFO -  |-- shipping_address: struct (nullable = true)
[2026-01-20T04:39:04.375+0000] {subprocess.py:93} INFO -  |    |-- city: string (nullable = true)
[2026-01-20T04:39:04.376+0000] {subprocess.py:93} INFO -  |    |-- country: string (nullable = true)
[2026-01-20T04:39:04.376+0000] {subprocess.py:93} INFO -  |    |-- state: string (nullable = true)
[2026-01-20T04:39:04.377+0000] {subprocess.py:93} INFO -  |    |-- street: string (nullable = true)
[2026-01-20T04:39:04.378+0000] {subprocess.py:93} INFO -  |    |-- zip_code: string (nullable = true)
[2026-01-20T04:39:04.379+0000] {subprocess.py:93} INFO -  |-- status: string (nullable = true)
[2026-01-20T04:39:04.380+0000] {subprocess.py:93} INFO -  |-- subtotal: double (nullable = true)
[2026-01-20T04:39:04.381+0000] {subprocess.py:93} INFO -  |-- tax: double (nullable = true)
[2026-01-20T04:39:04.381+0000] {subprocess.py:93} INFO -  |-- timestamp: string (nullable = true)
[2026-01-20T04:39:04.382+0000] {subprocess.py:93} INFO -  |-- total: double (nullable = true)
[2026-01-20T04:39:04.383+0000] {subprocess.py:93} INFO -  |-- transaction_id: string (nullable = true)
[2026-01-20T04:39:04.383+0000] {subprocess.py:93} INFO -  |-- transaction_type: string (nullable = true)
[2026-01-20T04:39:04.384+0000] {subprocess.py:93} INFO -  |-- user_id: string (nullable = true)
[2026-01-20T04:39:04.385+0000] {subprocess.py:93} INFO -  |-- line_item: struct (nullable = true)
[2026-01-20T04:39:04.386+0000] {subprocess.py:93} INFO -  |    |-- brand: string (nullable = true)
[2026-01-20T04:39:04.387+0000] {subprocess.py:93} INFO -  |    |-- category: string (nullable = true)
[2026-01-20T04:39:04.388+0000] {subprocess.py:93} INFO -  |    |-- product_id: string (nullable = true)
[2026-01-20T04:39:04.389+0000] {subprocess.py:93} INFO -  |    |-- product_name: string (nullable = true)
[2026-01-20T04:39:04.390+0000] {subprocess.py:93} INFO -  |    |-- quantity: long (nullable = true)
[2026-01-20T04:39:04.391+0000] {subprocess.py:93} INFO -  |    |-- unit_price: double (nullable = true)
[2026-01-20T04:39:04.391+0000] {subprocess.py:93} INFO - 
[2026-01-20T04:39:04.565+0000] {subprocess.py:93} INFO - Traceback (most recent call last):
[2026-01-20T04:39:04.566+0000] {subprocess.py:93} INFO -   File "/opt/spark-jobs/etl_job.py", line 178, in <module>
[2026-01-20T04:39:04.570+0000] {subprocess.py:93} INFO -     run_etl(spark,'/opt/spark-data/landing', '/opt/spark-data/gold')
[2026-01-20T04:39:04.571+0000] {subprocess.py:93} INFO -   File "/opt/spark-jobs/etl_job.py", line 164, in run_etl
[2026-01-20T04:39:04.575+0000] {subprocess.py:93} INFO -     user_events_cleaned(spark, df_topic_user, output_path)
[2026-01-20T04:39:04.576+0000] {subprocess.py:93} INFO -   File "/opt/spark-jobs/etl_job.py", line 135, in user_events_cleaned
[2026-01-20T04:39:04.580+0000] {subprocess.py:93} INFO -     user_events = df_topic_user_events.withColumn("line_item", F.explode("line_items"))
[2026-01-20T04:39:04.581+0000] {subprocess.py:93} INFO -   File "/opt/spark/python/lib/pyspark.zip/pyspark/sql/dataframe.py", line 5170, in withColumn
[2026-01-20T04:39:04.583+0000] {subprocess.py:93} INFO -   File "/opt/spark/python/lib/py4j-0.10.9.7-src.zip/py4j/java_gateway.py", line 1322, in __call__
[2026-01-20T04:39:04.584+0000] {subprocess.py:93} INFO -   File "/opt/spark/python/lib/pyspark.zip/pyspark/errors/exceptions/captured.py", line 185, in deco
[2026-01-20T04:39:04.595+0000] {subprocess.py:93} INFO - pyspark.errors.exceptions.captured.AnalysisException: [UNRESOLVED_COLUMN.WITH_SUGGESTION] A column or function parameter with name `line_items` cannot be resolved. Did you mean one of the following? [`device`, `city`, `timestamp`, `user_id`, `browser`].;
[2026-01-20T04:39:04.596+0000] {subprocess.py:93} INFO - 'Project [browser#44, city#45, country#46, device#47, element_id#48, event_id#49, event_type#50, ip_address#51, page#52, product_id#53, quantity#54L, search_query#55, session_id#56, timestamp#57, user_id#58, explode('line_items) AS line_item#416]
[2026-01-20T04:39:04.597+0000] {subprocess.py:93} INFO - +- Relation [browser#44,city#45,country#46,device#47,element_id#48,event_id#49,event_type#50,ip_address#51,page#52,product_id#53,quantity#54L,search_query#55,session_id#56,timestamp#57,user_id#58] json
[2026-01-20T04:39:04.598+0000] {subprocess.py:93} INFO - 
[2026-01-20T04:39:04.667+0000] {subprocess.py:93} INFO - 26/01/20 04:39:04 INFO SparkContext: Invoking stop() from shutdown hook
[2026-01-20T04:39:04.669+0000] {subprocess.py:93} INFO - 26/01/20 04:39:04 INFO SparkContext: SparkContext is stopping with exitCode 0.
[2026-01-20T04:39:04.682+0000] {subprocess.py:93} INFO - 26/01/20 04:39:04 INFO SparkUI: Stopped Spark web UI at http://519d7d29de3d:4040
[2026-01-20T04:39:04.706+0000] {subprocess.py:93} INFO - 26/01/20 04:39:04 INFO MapOutputTrackerMasterEndpoint: MapOutputTrackerMasterEndpoint stopped!
[2026-01-20T04:39:04.728+0000] {subprocess.py:93} INFO - 26/01/20 04:39:04 INFO MemoryStore: MemoryStore cleared
[2026-01-20T04:39:04.729+0000] {subprocess.py:93} INFO - 26/01/20 04:39:04 INFO BlockManager: BlockManager stopped
[2026-01-20T04:39:04.733+0000] {subprocess.py:93} INFO - 26/01/20 04:39:04 INFO BlockManagerMaster: BlockManagerMaster stopped
[2026-01-20T04:39:04.736+0000] {subprocess.py:93} INFO - 26/01/20 04:39:04 INFO OutputCommitCoordinator$OutputCommitCoordinatorEndpoint: OutputCommitCoordinator stopped!
[2026-01-20T04:39:04.751+0000] {subprocess.py:93} INFO - 26/01/20 04:39:04 INFO SparkContext: Successfully stopped SparkContext
[2026-01-20T04:39:04.752+0000] {subprocess.py:93} INFO - 26/01/20 04:39:04 INFO ShutdownHookManager: Shutdown hook called
[2026-01-20T04:39:04.753+0000] {subprocess.py:93} INFO - 26/01/20 04:39:04 INFO ShutdownHookManager: Deleting directory /tmp/spark-bf151cc9-2797-476d-b333-55ce830995d0
[2026-01-20T04:39:04.756+0000] {subprocess.py:93} INFO - 26/01/20 04:39:04 INFO ShutdownHookManager: Deleting directory /tmp/spark-be57cbf2-0bea-4f34-8b9a-b7a292989277
[2026-01-20T04:39:04.761+0000] {subprocess.py:93} INFO - 26/01/20 04:39:04 INFO ShutdownHookManager: Deleting directory /tmp/spark-be57cbf2-0bea-4f34-8b9a-b7a292989277/pyspark-2891f3d5-5099-4f8d-b3c4-a50546db6db5
[2026-01-20T04:39:04.823+0000] {subprocess.py:97} INFO - Command exited with return code 1
[2026-01-20T04:39:04.850+0000] {taskinstance.py:2698} ERROR - Task failed with exception
Traceback (most recent call last):
  File "/home/airflow/.local/lib/python3.10/site-packages/airflow/models/taskinstance.py", line 433, in _execute_task
    result = execute_callable(context=context, **execute_callable_kwargs)
  File "/home/airflow/.local/lib/python3.10/site-packages/airflow/operators/bash.py", line 212, in execute
    raise AirflowException(
airflow.exceptions.AirflowException: Bash command failed. The command returned a non-zero exit code 1.
[2026-01-20T04:39:04.855+0000] {taskinstance.py:1138} INFO - Marking task as FAILED. dag_id=streamflow_main, task_id=Spark_Submit, execution_date=20260120T043841, start_date=20260120T043843, end_date=20260120T043904
[2026-01-20T04:39:04.876+0000] {standard_task_runner.py:107} ERROR - Failed to execute job 18 for task Spark_Submit (Bash command failed. The command returned a non-zero exit code 1.; 7852)
[2026-01-20T04:39:04.887+0000] {local_task_job_runner.py:234} INFO - Task exited with return code 1
[2026-01-20T04:39:04.915+0000] {taskinstance.py:3280} INFO - 0 downstream tasks scheduled from follow-on schedule check
