[2026-01-20T04:26:58.023+0000] {taskinstance.py:1956} INFO - Dependencies all met for dep_context=non-requeueable deps ti=<TaskInstance: streamflow_main.Spark_Submit manual__2026-01-20T04:26:56.522341+00:00 [queued]>
[2026-01-20T04:26:58.036+0000] {taskinstance.py:1956} INFO - Dependencies all met for dep_context=requeueable deps ti=<TaskInstance: streamflow_main.Spark_Submit manual__2026-01-20T04:26:56.522341+00:00 [queued]>
[2026-01-20T04:26:58.037+0000] {taskinstance.py:2170} INFO - Starting attempt 1 of 1
[2026-01-20T04:26:58.058+0000] {taskinstance.py:2191} INFO - Executing <Task(BashOperator): Spark_Submit> on 2026-01-20 04:26:56.522341+00:00
[2026-01-20T04:26:58.064+0000] {standard_task_runner.py:60} INFO - Started process 4580 to run task
[2026-01-20T04:26:58.068+0000] {standard_task_runner.py:87} INFO - Running: ['***', 'tasks', 'run', 'streamflow_main', 'Spark_Submit', 'manual__2026-01-20T04:26:56.522341+00:00', '--job-id', '11', '--raw', '--subdir', 'DAGS_FOLDER/dag_streamflow.py', '--cfg-path', '/tmp/tmpcug5dgom']
[2026-01-20T04:26:58.071+0000] {standard_task_runner.py:88} INFO - Job 11: Subtask Spark_Submit
[2026-01-20T04:26:58.141+0000] {task_command.py:423} INFO - Running <TaskInstance: streamflow_main.Spark_Submit manual__2026-01-20T04:26:56.522341+00:00 [running]> on host 519d7d29de3d
[2026-01-20T04:26:58.239+0000] {taskinstance.py:2480} INFO - Exporting env vars: AIRFLOW_CTX_DAG_OWNER='student' AIRFLOW_CTX_DAG_ID='streamflow_main' AIRFLOW_CTX_TASK_ID='Spark_Submit' AIRFLOW_CTX_EXECUTION_DATE='2026-01-20T04:26:56.522341+00:00' AIRFLOW_CTX_TRY_NUMBER='1' AIRFLOW_CTX_DAG_RUN_ID='manual__2026-01-20T04:26:56.522341+00:00'
[2026-01-20T04:26:58.241+0000] {subprocess.py:63} INFO - Tmp dir root location: /tmp
[2026-01-20T04:26:58.242+0000] {subprocess.py:75} INFO - Running command: ['/usr/bin/bash', '-c', '\n            spark-submit                 --master spark://spark-master:7077                 /opt/spark-jobs/etl_job.py\n        ']
[2026-01-20T04:26:58.250+0000] {subprocess.py:86} INFO - Output:
[2026-01-20T04:26:58.257+0000] {subprocess.py:93} INFO - /opt/spark/bin/load-spark-env.sh: line 68: ps: command not found
[2026-01-20T04:27:00.812+0000] {subprocess.py:93} INFO - 26/01/20 04:27:00 INFO SparkContext: Running Spark version 3.5.0
[2026-01-20T04:27:00.815+0000] {subprocess.py:93} INFO - 26/01/20 04:27:00 INFO SparkContext: OS info Linux, 5.15.167.4-microsoft-standard-WSL2, amd64
[2026-01-20T04:27:00.816+0000] {subprocess.py:93} INFO - 26/01/20 04:27:00 INFO SparkContext: Java version 17.0.17
[2026-01-20T04:27:00.896+0000] {subprocess.py:93} INFO - 26/01/20 04:27:00 WARN NativeCodeLoader: Unable to load native-hadoop library for your platform... using builtin-java classes where applicable
[2026-01-20T04:27:01.011+0000] {subprocess.py:93} INFO - 26/01/20 04:27:01 INFO ResourceUtils: ==============================================================
[2026-01-20T04:27:01.014+0000] {subprocess.py:93} INFO - 26/01/20 04:27:01 INFO ResourceUtils: No custom resources configured for spark.driver.
[2026-01-20T04:27:01.014+0000] {subprocess.py:93} INFO - 26/01/20 04:27:01 INFO ResourceUtils: ==============================================================
[2026-01-20T04:27:01.015+0000] {subprocess.py:93} INFO - 26/01/20 04:27:01 INFO SparkContext: Submitted application: ETL_job
[2026-01-20T04:27:01.035+0000] {subprocess.py:93} INFO - 26/01/20 04:27:01 INFO ResourceProfile: Default ResourceProfile created, executor resources: Map(cores -> name: cores, amount: 1, script: , vendor: , memory -> name: memory, amount: 1024, script: , vendor: , offHeap -> name: offHeap, amount: 0, script: , vendor: ), task resources: Map(cpus -> name: cpus, amount: 1.0)
[2026-01-20T04:27:01.044+0000] {subprocess.py:93} INFO - 26/01/20 04:27:01 INFO ResourceProfile: Limiting resource is cpu
[2026-01-20T04:27:01.045+0000] {subprocess.py:93} INFO - 26/01/20 04:27:01 INFO ResourceProfileManager: Added ResourceProfile id: 0
[2026-01-20T04:27:01.094+0000] {subprocess.py:93} INFO - 26/01/20 04:27:01 INFO SecurityManager: Changing view acls to: root
[2026-01-20T04:27:01.095+0000] {subprocess.py:93} INFO - 26/01/20 04:27:01 INFO SecurityManager: Changing modify acls to: root
[2026-01-20T04:27:01.096+0000] {subprocess.py:93} INFO - 26/01/20 04:27:01 INFO SecurityManager: Changing view acls groups to:
[2026-01-20T04:27:01.096+0000] {subprocess.py:93} INFO - 26/01/20 04:27:01 INFO SecurityManager: Changing modify acls groups to:
[2026-01-20T04:27:01.097+0000] {subprocess.py:93} INFO - 26/01/20 04:27:01 INFO SecurityManager: SecurityManager: authentication disabled; ui acls disabled; users with view permissions: root; groups with view permissions: EMPTY; users with modify permissions: root; groups with modify permissions: EMPTY
[2026-01-20T04:27:01.312+0000] {subprocess.py:93} INFO - 26/01/20 04:27:01 INFO Utils: Successfully started service 'sparkDriver' on port 37729.
[2026-01-20T04:27:01.340+0000] {subprocess.py:93} INFO - 26/01/20 04:27:01 INFO SparkEnv: Registering MapOutputTracker
[2026-01-20T04:27:01.374+0000] {subprocess.py:93} INFO - 26/01/20 04:27:01 INFO SparkEnv: Registering BlockManagerMaster
[2026-01-20T04:27:01.388+0000] {subprocess.py:93} INFO - 26/01/20 04:27:01 INFO BlockManagerMasterEndpoint: Using org.apache.spark.storage.DefaultTopologyMapper for getting topology information
[2026-01-20T04:27:01.389+0000] {subprocess.py:93} INFO - 26/01/20 04:27:01 INFO BlockManagerMasterEndpoint: BlockManagerMasterEndpoint up
[2026-01-20T04:27:01.392+0000] {subprocess.py:93} INFO - 26/01/20 04:27:01 INFO SparkEnv: Registering BlockManagerMasterHeartbeat
[2026-01-20T04:27:01.410+0000] {subprocess.py:93} INFO - 26/01/20 04:27:01 INFO DiskBlockManager: Created local directory at /tmp/blockmgr-8088eb10-55f1-46b3-996b-9a74b4f35600
[2026-01-20T04:27:01.422+0000] {subprocess.py:93} INFO - 26/01/20 04:27:01 INFO MemoryStore: MemoryStore started with capacity 434.4 MiB
[2026-01-20T04:27:01.437+0000] {subprocess.py:93} INFO - 26/01/20 04:27:01 INFO SparkEnv: Registering OutputCommitCoordinator
[2026-01-20T04:27:01.559+0000] {subprocess.py:93} INFO - 26/01/20 04:27:01 INFO JettyUtils: Start Jetty 0.0.0.0:4040 for SparkUI
[2026-01-20T04:27:01.609+0000] {subprocess.py:93} INFO - 26/01/20 04:27:01 INFO Utils: Successfully started service 'SparkUI' on port 4040.
[2026-01-20T04:27:01.713+0000] {subprocess.py:93} INFO - 26/01/20 04:27:01 INFO Executor: Starting executor ID driver on host 519d7d29de3d
[2026-01-20T04:27:01.714+0000] {subprocess.py:93} INFO - 26/01/20 04:27:01 INFO Executor: OS info Linux, 5.15.167.4-microsoft-standard-WSL2, amd64
[2026-01-20T04:27:01.715+0000] {subprocess.py:93} INFO - 26/01/20 04:27:01 INFO Executor: Java version 17.0.17
[2026-01-20T04:27:01.725+0000] {subprocess.py:93} INFO - 26/01/20 04:27:01 INFO Executor: Starting executor with user classpath (userClassPathFirst = false): ''
[2026-01-20T04:27:01.726+0000] {subprocess.py:93} INFO - 26/01/20 04:27:01 INFO Executor: Created or updated repl class loader org.apache.spark.util.MutableURLClassLoader@552ebc35 for default.
[2026-01-20T04:27:01.747+0000] {subprocess.py:93} INFO - 26/01/20 04:27:01 INFO Utils: Successfully started service 'org.apache.spark.network.netty.NettyBlockTransferService' on port 44345.
[2026-01-20T04:27:01.748+0000] {subprocess.py:93} INFO - 26/01/20 04:27:01 INFO NettyBlockTransferService: Server created on 519d7d29de3d:44345
[2026-01-20T04:27:01.749+0000] {subprocess.py:93} INFO - 26/01/20 04:27:01 INFO BlockManager: Using org.apache.spark.storage.RandomBlockReplicationPolicy for block replication policy
[2026-01-20T04:27:01.755+0000] {subprocess.py:93} INFO - 26/01/20 04:27:01 INFO BlockManagerMaster: Registering BlockManager BlockManagerId(driver, 519d7d29de3d, 44345, None)
[2026-01-20T04:27:01.759+0000] {subprocess.py:93} INFO - 26/01/20 04:27:01 INFO BlockManagerMasterEndpoint: Registering block manager 519d7d29de3d:44345 with 434.4 MiB RAM, BlockManagerId(driver, 519d7d29de3d, 44345, None)
[2026-01-20T04:27:01.761+0000] {subprocess.py:93} INFO - 26/01/20 04:27:01 INFO BlockManagerMaster: Registered BlockManager BlockManagerId(driver, 519d7d29de3d, 44345, None)
[2026-01-20T04:27:01.762+0000] {subprocess.py:93} INFO - 26/01/20 04:27:01 INFO BlockManager: Initialized BlockManager: BlockManagerId(driver, 519d7d29de3d, 44345, None)
[2026-01-20T04:27:02.210+0000] {subprocess.py:93} INFO - 26/01/20 04:27:02 INFO SharedState: Setting hive.metastore.warehouse.dir ('null') to the value of spark.sql.warehouse.dir.
[2026-01-20T04:27:02.218+0000] {subprocess.py:93} INFO - 26/01/20 04:27:02 INFO SharedState: Warehouse path is 'file:/tmp/***tmpu_kpiqba/spark-warehouse'.
[2026-01-20T04:27:02.934+0000] {subprocess.py:93} INFO - 26/01/20 04:27:02 INFO InMemoryFileIndex: It took 71 ms to list leaf files for 1 paths.
[2026-01-20T04:27:03.040+0000] {subprocess.py:93} INFO - 26/01/20 04:27:03 INFO InMemoryFileIndex: It took 15 ms to list leaf files for 1 paths.
[2026-01-20T04:27:06.857+0000] {subprocess.py:93} INFO - 26/01/20 04:27:06 INFO FileSourceStrategy: Pushed Filters:
[2026-01-20T04:27:06.866+0000] {subprocess.py:93} INFO - 26/01/20 04:27:06 INFO FileSourceStrategy: Post-Scan Filters:
[2026-01-20T04:27:07.042+0000] {subprocess.py:93} INFO - 26/01/20 04:27:07 INFO MemoryStore: Block broadcast_0 stored as values in memory (estimated size 199.2 KiB, free 434.2 MiB)
[2026-01-20T04:27:07.088+0000] {subprocess.py:93} INFO - 26/01/20 04:27:07 INFO MemoryStore: Block broadcast_0_piece0 stored as bytes in memory (estimated size 34.2 KiB, free 434.2 MiB)
[2026-01-20T04:27:07.090+0000] {subprocess.py:93} INFO - 26/01/20 04:27:07 INFO BlockManagerInfo: Added broadcast_0_piece0 in memory on 519d7d29de3d:44345 (size: 34.2 KiB, free: 434.4 MiB)
[2026-01-20T04:27:07.093+0000] {subprocess.py:93} INFO - 26/01/20 04:27:07 INFO SparkContext: Created broadcast 0 from json at NativeMethodAccessorImpl.java:0
[2026-01-20T04:27:07.101+0000] {subprocess.py:93} INFO - 26/01/20 04:27:07 INFO FileSourceScanExec: Planning scan with bin packing, max size: 4194304 bytes, open cost is considered as scanning 4194304 bytes.
[2026-01-20T04:27:07.218+0000] {subprocess.py:93} INFO - 26/01/20 04:27:07 INFO SparkContext: Starting job: json at NativeMethodAccessorImpl.java:0
[2026-01-20T04:27:07.231+0000] {subprocess.py:93} INFO - 26/01/20 04:27:07 INFO DAGScheduler: Got job 0 (json at NativeMethodAccessorImpl.java:0) with 13 output partitions
[2026-01-20T04:27:07.232+0000] {subprocess.py:93} INFO - 26/01/20 04:27:07 INFO DAGScheduler: Final stage: ResultStage 0 (json at NativeMethodAccessorImpl.java:0)
[2026-01-20T04:27:07.233+0000] {subprocess.py:93} INFO - 26/01/20 04:27:07 INFO DAGScheduler: Parents of final stage: List()
[2026-01-20T04:27:07.234+0000] {subprocess.py:93} INFO - 26/01/20 04:27:07 INFO DAGScheduler: Missing parents: List()
[2026-01-20T04:27:07.236+0000] {subprocess.py:93} INFO - 26/01/20 04:27:07 INFO DAGScheduler: Submitting ResultStage 0 (MapPartitionsRDD[3] at json at NativeMethodAccessorImpl.java:0), which has no missing parents
[2026-01-20T04:27:07.302+0000] {subprocess.py:93} INFO - 26/01/20 04:27:07 INFO MemoryStore: Block broadcast_1 stored as values in memory (estimated size 16.0 KiB, free 434.2 MiB)
[2026-01-20T04:27:07.304+0000] {subprocess.py:93} INFO - 26/01/20 04:27:07 INFO MemoryStore: Block broadcast_1_piece0 stored as bytes in memory (estimated size 7.5 KiB, free 434.1 MiB)
[2026-01-20T04:27:07.305+0000] {subprocess.py:93} INFO - 26/01/20 04:27:07 INFO BlockManagerInfo: Added broadcast_1_piece0 in memory on 519d7d29de3d:44345 (size: 7.5 KiB, free: 434.4 MiB)
[2026-01-20T04:27:07.306+0000] {subprocess.py:93} INFO - 26/01/20 04:27:07 INFO SparkContext: Created broadcast 1 from broadcast at DAGScheduler.scala:1580
[2026-01-20T04:27:07.317+0000] {subprocess.py:93} INFO - 26/01/20 04:27:07 INFO DAGScheduler: Submitting 13 missing tasks from ResultStage 0 (MapPartitionsRDD[3] at json at NativeMethodAccessorImpl.java:0) (first 15 tasks are for partitions Vector(0, 1, 2, 3, 4, 5, 6, 7, 8, 9, 10, 11, 12))
[2026-01-20T04:27:07.318+0000] {subprocess.py:93} INFO - 26/01/20 04:27:07 INFO TaskSchedulerImpl: Adding task set 0.0 with 13 tasks resource profile 0
[2026-01-20T04:27:07.352+0000] {subprocess.py:93} INFO - 26/01/20 04:27:07 INFO TaskSetManager: Starting task 0.0 in stage 0.0 (TID 0) (519d7d29de3d, executor driver, partition 0, PROCESS_LOCAL, 8251 bytes)
[2026-01-20T04:27:07.355+0000] {subprocess.py:93} INFO - 26/01/20 04:27:07 INFO TaskSetManager: Starting task 1.0 in stage 0.0 (TID 1) (519d7d29de3d, executor driver, partition 1, PROCESS_LOCAL, 8251 bytes)
[2026-01-20T04:27:07.356+0000] {subprocess.py:93} INFO - 26/01/20 04:27:07 INFO TaskSetManager: Starting task 2.0 in stage 0.0 (TID 2) (519d7d29de3d, executor driver, partition 2, PROCESS_LOCAL, 8251 bytes)
[2026-01-20T04:27:07.360+0000] {subprocess.py:93} INFO - 26/01/20 04:27:07 INFO TaskSetManager: Starting task 3.0 in stage 0.0 (TID 3) (519d7d29de3d, executor driver, partition 3, PROCESS_LOCAL, 8251 bytes)
[2026-01-20T04:27:07.361+0000] {subprocess.py:93} INFO - 26/01/20 04:27:07 INFO TaskSetManager: Starting task 4.0 in stage 0.0 (TID 4) (519d7d29de3d, executor driver, partition 4, PROCESS_LOCAL, 8251 bytes)
[2026-01-20T04:27:07.362+0000] {subprocess.py:93} INFO - 26/01/20 04:27:07 INFO TaskSetManager: Starting task 5.0 in stage 0.0 (TID 5) (519d7d29de3d, executor driver, partition 5, PROCESS_LOCAL, 8251 bytes)
[2026-01-20T04:27:07.363+0000] {subprocess.py:93} INFO - 26/01/20 04:27:07 INFO TaskSetManager: Starting task 6.0 in stage 0.0 (TID 6) (519d7d29de3d, executor driver, partition 6, PROCESS_LOCAL, 8251 bytes)
[2026-01-20T04:27:07.364+0000] {subprocess.py:93} INFO - 26/01/20 04:27:07 INFO TaskSetManager: Starting task 7.0 in stage 0.0 (TID 7) (519d7d29de3d, executor driver, partition 7, PROCESS_LOCAL, 8251 bytes)
[2026-01-20T04:27:07.364+0000] {subprocess.py:93} INFO - 26/01/20 04:27:07 INFO TaskSetManager: Starting task 8.0 in stage 0.0 (TID 8) (519d7d29de3d, executor driver, partition 8, PROCESS_LOCAL, 8251 bytes)
[2026-01-20T04:27:07.365+0000] {subprocess.py:93} INFO - 26/01/20 04:27:07 INFO TaskSetManager: Starting task 9.0 in stage 0.0 (TID 9) (519d7d29de3d, executor driver, partition 9, PROCESS_LOCAL, 8251 bytes)
[2026-01-20T04:27:07.365+0000] {subprocess.py:93} INFO - 26/01/20 04:27:07 INFO TaskSetManager: Starting task 10.0 in stage 0.0 (TID 10) (519d7d29de3d, executor driver, partition 10, PROCESS_LOCAL, 8251 bytes)
[2026-01-20T04:27:07.366+0000] {subprocess.py:93} INFO - 26/01/20 04:27:07 INFO TaskSetManager: Starting task 11.0 in stage 0.0 (TID 11) (519d7d29de3d, executor driver, partition 11, PROCESS_LOCAL, 8251 bytes)
[2026-01-20T04:27:07.367+0000] {subprocess.py:93} INFO - 26/01/20 04:27:07 INFO TaskSetManager: Starting task 12.0 in stage 0.0 (TID 12) (519d7d29de3d, executor driver, partition 12, PROCESS_LOCAL, 8251 bytes)
[2026-01-20T04:27:07.370+0000] {subprocess.py:93} INFO - 26/01/20 04:27:07 INFO Executor: Running task 1.0 in stage 0.0 (TID 1)
[2026-01-20T04:27:07.371+0000] {subprocess.py:93} INFO - 26/01/20 04:27:07 INFO Executor: Running task 4.0 in stage 0.0 (TID 4)
[2026-01-20T04:27:07.372+0000] {subprocess.py:93} INFO - 26/01/20 04:27:07 INFO Executor: Running task 2.0 in stage 0.0 (TID 2)
[2026-01-20T04:27:07.373+0000] {subprocess.py:93} INFO - 26/01/20 04:27:07 INFO Executor: Running task 0.0 in stage 0.0 (TID 0)
[2026-01-20T04:27:07.374+0000] {subprocess.py:93} INFO - 26/01/20 04:27:07 INFO Executor: Running task 5.0 in stage 0.0 (TID 5)
[2026-01-20T04:27:07.374+0000] {subprocess.py:93} INFO - 26/01/20 04:27:07 INFO Executor: Running task 3.0 in stage 0.0 (TID 3)
[2026-01-20T04:27:07.375+0000] {subprocess.py:93} INFO - 26/01/20 04:27:07 INFO Executor: Running task 6.0 in stage 0.0 (TID 6)
[2026-01-20T04:27:07.375+0000] {subprocess.py:93} INFO - 26/01/20 04:27:07 INFO Executor: Running task 7.0 in stage 0.0 (TID 7)
[2026-01-20T04:27:07.376+0000] {subprocess.py:93} INFO - 26/01/20 04:27:07 INFO Executor: Running task 8.0 in stage 0.0 (TID 8)
[2026-01-20T04:27:07.377+0000] {subprocess.py:93} INFO - 26/01/20 04:27:07 INFO Executor: Running task 9.0 in stage 0.0 (TID 9)
[2026-01-20T04:27:07.378+0000] {subprocess.py:93} INFO - 26/01/20 04:27:07 INFO Executor: Running task 10.0 in stage 0.0 (TID 10)
[2026-01-20T04:27:07.378+0000] {subprocess.py:93} INFO - 26/01/20 04:27:07 INFO Executor: Running task 11.0 in stage 0.0 (TID 11)
[2026-01-20T04:27:07.379+0000] {subprocess.py:93} INFO - 26/01/20 04:27:07 INFO Executor: Running task 12.0 in stage 0.0 (TID 12)
[2026-01-20T04:27:07.583+0000] {subprocess.py:93} INFO - 26/01/20 04:27:07 INFO FileScanRDD: Reading File path: file:///opt/spark-data/landing/transaction_events_1768879479.1820476.json, range: 37748736-41943040, partition values: [empty row]
[2026-01-20T04:27:07.584+0000] {subprocess.py:93} INFO - 26/01/20 04:27:07 INFO FileScanRDD: Reading File path: file:///opt/spark-data/landing/transaction_events_1768879479.1820476.json, range: 12582912-16777216, partition values: [empty row]
[2026-01-20T04:27:07.585+0000] {subprocess.py:93} INFO - 26/01/20 04:27:07 INFO FileScanRDD: Reading File path: file:///opt/spark-data/landing/transaction_events_1768879479.1820476.json, range: 8388608-12582912, partition values: [empty row]
[2026-01-20T04:27:07.586+0000] {subprocess.py:93} INFO - 26/01/20 04:27:07 INFO FileScanRDD: Reading File path: file:///opt/spark-data/landing/transaction_events_1768879479.1820476.json, range: 16777216-20971520, partition values: [empty row]
[2026-01-20T04:27:07.586+0000] {subprocess.py:93} INFO - 26/01/20 04:27:07 INFO FileScanRDD: Reading File path: file:///opt/spark-data/landing/transaction_events_1768879479.1820476.json, range: 4194304-8388608, partition values: [empty row]
[2026-01-20T04:27:07.587+0000] {subprocess.py:93} INFO - 26/01/20 04:27:07 INFO FileScanRDD: Reading File path: file:///opt/spark-data/landing/transaction_events_1768879479.1820476.json, range: 20971520-25165824, partition values: [empty row]
[2026-01-20T04:27:07.587+0000] {subprocess.py:93} INFO - 26/01/20 04:27:07 INFO FileScanRDD: Reading File path: file:///opt/spark-data/landing/transaction_events_1768879479.1820476.json, range: 46137344-50331648, partition values: [empty row]
[2026-01-20T04:27:07.588+0000] {subprocess.py:93} INFO - 26/01/20 04:27:07 INFO FileScanRDD: Reading File path: file:///opt/spark-data/landing/transaction_events_1768879479.1820476.json, range: 25165824-29360128, partition values: [empty row]
[2026-01-20T04:27:07.589+0000] {subprocess.py:93} INFO - 26/01/20 04:27:07 INFO FileScanRDD: Reading File path: file:///opt/spark-data/landing/transaction_events_1768879479.1820476.json, range: 41943040-46137344, partition values: [empty row]
[2026-01-20T04:27:07.589+0000] {subprocess.py:93} INFO - 26/01/20 04:27:07 INFO FileScanRDD: Reading File path: file:///opt/spark-data/landing/transaction_events_1768879479.1820476.json, range: 50331648-51561162, partition values: [empty row]
[2026-01-20T04:27:07.590+0000] {subprocess.py:93} INFO - 26/01/20 04:27:07 INFO FileScanRDD: Reading File path: file:///opt/spark-data/landing/transaction_events_1768879479.1820476.json, range: 0-4194304, partition values: [empty row]
[2026-01-20T04:27:07.591+0000] {subprocess.py:93} INFO - 26/01/20 04:27:07 INFO FileScanRDD: Reading File path: file:///opt/spark-data/landing/transaction_events_1768879479.1820476.json, range: 33554432-37748736, partition values: [empty row]
[2026-01-20T04:27:07.592+0000] {subprocess.py:93} INFO - 26/01/20 04:27:07 INFO FileScanRDD: Reading File path: file:///opt/spark-data/landing/transaction_events_1768879479.1820476.json, range: 29360128-33554432, partition values: [empty row]
[2026-01-20T04:27:07.819+0000] {subprocess.py:93} INFO - 26/01/20 04:27:07 INFO CodeGenerator: Code generated in 182.636445 ms
[2026-01-20T04:27:08.633+0000] {subprocess.py:93} INFO - 26/01/20 04:27:08 INFO Executor: Finished task 12.0 in stage 0.0 (TID 12). 3067 bytes result sent to driver
[2026-01-20T04:27:08.656+0000] {subprocess.py:93} INFO - 26/01/20 04:27:08 INFO TaskSetManager: Finished task 12.0 in stage 0.0 (TID 12) in 1295 ms on 519d7d29de3d (executor driver) (1/13)
[2026-01-20T04:27:08.789+0000] {subprocess.py:93} INFO - 26/01/20 04:27:08 INFO Executor: Finished task 3.0 in stage 0.0 (TID 3). 3024 bytes result sent to driver
[2026-01-20T04:27:08.791+0000] {subprocess.py:93} INFO - 26/01/20 04:27:08 INFO Executor: Finished task 10.0 in stage 0.0 (TID 10). 3024 bytes result sent to driver
[2026-01-20T04:27:08.792+0000] {subprocess.py:93} INFO - 26/01/20 04:27:08 INFO Executor: Finished task 8.0 in stage 0.0 (TID 8). 3024 bytes result sent to driver
[2026-01-20T04:27:08.794+0000] {subprocess.py:93} INFO - 26/01/20 04:27:08 INFO Executor: Finished task 0.0 in stage 0.0 (TID 0). 3024 bytes result sent to driver
[2026-01-20T04:27:08.796+0000] {subprocess.py:93} INFO - 26/01/20 04:27:08 INFO Executor: Finished task 2.0 in stage 0.0 (TID 2). 3067 bytes result sent to driver
[2026-01-20T04:27:08.797+0000] {subprocess.py:93} INFO - 26/01/20 04:27:08 INFO TaskSetManager: Finished task 8.0 in stage 0.0 (TID 8) in 1434 ms on 519d7d29de3d (executor driver) (2/13)
[2026-01-20T04:27:08.798+0000] {subprocess.py:93} INFO - 26/01/20 04:27:08 INFO TaskSetManager: Finished task 0.0 in stage 0.0 (TID 0) in 1451 ms on 519d7d29de3d (executor driver) (3/13)
[2026-01-20T04:27:08.799+0000] {subprocess.py:93} INFO - 26/01/20 04:27:08 INFO TaskSetManager: Finished task 10.0 in stage 0.0 (TID 10) in 1435 ms on 519d7d29de3d (executor driver) (4/13)
[2026-01-20T04:27:08.800+0000] {subprocess.py:93} INFO - 26/01/20 04:27:08 INFO TaskSetManager: Finished task 3.0 in stage 0.0 (TID 3) in 1439 ms on 519d7d29de3d (executor driver) (5/13)
[2026-01-20T04:27:08.801+0000] {subprocess.py:93} INFO - 26/01/20 04:27:08 INFO TaskSetManager: Finished task 2.0 in stage 0.0 (TID 2) in 1441 ms on 519d7d29de3d (executor driver) (6/13)
[2026-01-20T04:27:08.802+0000] {subprocess.py:93} INFO - 26/01/20 04:27:08 INFO Executor: Finished task 9.0 in stage 0.0 (TID 9). 3024 bytes result sent to driver
[2026-01-20T04:27:08.803+0000] {subprocess.py:93} INFO - 26/01/20 04:27:08 INFO Executor: Finished task 11.0 in stage 0.0 (TID 11). 3024 bytes result sent to driver
[2026-01-20T04:27:08.803+0000] {subprocess.py:93} INFO - 26/01/20 04:27:08 INFO Executor: Finished task 1.0 in stage 0.0 (TID 1). 3024 bytes result sent to driver
[2026-01-20T04:27:08.804+0000] {subprocess.py:93} INFO - 26/01/20 04:27:08 INFO Executor: Finished task 4.0 in stage 0.0 (TID 4). 3024 bytes result sent to driver
[2026-01-20T04:27:08.805+0000] {subprocess.py:93} INFO - 26/01/20 04:27:08 INFO TaskSetManager: Finished task 11.0 in stage 0.0 (TID 11) in 1440 ms on 519d7d29de3d (executor driver) (7/13)
[2026-01-20T04:27:08.806+0000] {subprocess.py:93} INFO - 26/01/20 04:27:08 INFO TaskSetManager: Finished task 9.0 in stage 0.0 (TID 9) in 1441 ms on 519d7d29de3d (executor driver) (8/13)
[2026-01-20T04:27:08.806+0000] {subprocess.py:93} INFO - 26/01/20 04:27:08 INFO TaskSetManager: Finished task 1.0 in stage 0.0 (TID 1) in 1447 ms on 519d7d29de3d (executor driver) (9/13)
[2026-01-20T04:27:08.807+0000] {subprocess.py:93} INFO - 26/01/20 04:27:08 INFO TaskSetManager: Finished task 4.0 in stage 0.0 (TID 4) in 1445 ms on 519d7d29de3d (executor driver) (10/13)
[2026-01-20T04:27:08.808+0000] {subprocess.py:93} INFO - 26/01/20 04:27:08 INFO Executor: Finished task 6.0 in stage 0.0 (TID 6). 3024 bytes result sent to driver
[2026-01-20T04:27:08.809+0000] {subprocess.py:93} INFO - 26/01/20 04:27:08 INFO Executor: Finished task 5.0 in stage 0.0 (TID 5). 3024 bytes result sent to driver
[2026-01-20T04:27:08.810+0000] {subprocess.py:93} INFO - 26/01/20 04:27:08 INFO Executor: Finished task 7.0 in stage 0.0 (TID 7). 3067 bytes result sent to driver
[2026-01-20T04:27:08.811+0000] {subprocess.py:93} INFO - 26/01/20 04:27:08 INFO TaskSetManager: Finished task 5.0 in stage 0.0 (TID 5) in 1453 ms on 519d7d29de3d (executor driver) (11/13)
[2026-01-20T04:27:08.812+0000] {subprocess.py:93} INFO - 26/01/20 04:27:08 INFO TaskSetManager: Finished task 6.0 in stage 0.0 (TID 6) in 1453 ms on 519d7d29de3d (executor driver) (12/13)
[2026-01-20T04:27:08.813+0000] {subprocess.py:93} INFO - 26/01/20 04:27:08 INFO TaskSetManager: Finished task 7.0 in stage 0.0 (TID 7) in 1454 ms on 519d7d29de3d (executor driver) (13/13)
[2026-01-20T04:27:08.815+0000] {subprocess.py:93} INFO - 26/01/20 04:27:08 INFO TaskSchedulerImpl: Removed TaskSet 0.0, whose tasks have all completed, from pool
[2026-01-20T04:27:08.817+0000] {subprocess.py:93} INFO - 26/01/20 04:27:08 INFO DAGScheduler: ResultStage 0 (json at NativeMethodAccessorImpl.java:0) finished in 1.565 s
[2026-01-20T04:27:08.820+0000] {subprocess.py:93} INFO - 26/01/20 04:27:08 INFO DAGScheduler: Job 0 is finished. Cancelling potential speculative or zombie tasks for this job
[2026-01-20T04:27:08.821+0000] {subprocess.py:93} INFO - 26/01/20 04:27:08 INFO TaskSchedulerImpl: Killing all running tasks in stage 0: Stage finished
[2026-01-20T04:27:08.823+0000] {subprocess.py:93} INFO - 26/01/20 04:27:08 INFO DAGScheduler: Job 0 finished: json at NativeMethodAccessorImpl.java:0, took 1.604971 s
[2026-01-20T04:27:08.928+0000] {subprocess.py:93} INFO - 26/01/20 04:27:08 INFO InMemoryFileIndex: It took 6 ms to list leaf files for 1 paths.
[2026-01-20T04:27:08.943+0000] {subprocess.py:93} INFO - 26/01/20 04:27:08 INFO InMemoryFileIndex: It took 5 ms to list leaf files for 1 paths.
[2026-01-20T04:27:08.988+0000] {subprocess.py:93} INFO - 26/01/20 04:27:08 INFO FileSourceStrategy: Pushed Filters:
[2026-01-20T04:27:08.989+0000] {subprocess.py:93} INFO - 26/01/20 04:27:08 INFO FileSourceStrategy: Post-Scan Filters:
[2026-01-20T04:27:08.994+0000] {subprocess.py:93} INFO - 26/01/20 04:27:08 INFO MemoryStore: Block broadcast_2 stored as values in memory (estimated size 199.2 KiB, free 434.0 MiB)
[2026-01-20T04:27:09.005+0000] {subprocess.py:93} INFO - 26/01/20 04:27:09 INFO MemoryStore: Block broadcast_2_piece0 stored as bytes in memory (estimated size 34.2 KiB, free 433.9 MiB)
[2026-01-20T04:27:09.006+0000] {subprocess.py:93} INFO - 26/01/20 04:27:09 INFO BlockManagerInfo: Added broadcast_2_piece0 in memory on 519d7d29de3d:44345 (size: 34.2 KiB, free: 434.3 MiB)
[2026-01-20T04:27:09.007+0000] {subprocess.py:93} INFO - 26/01/20 04:27:09 INFO SparkContext: Created broadcast 2 from json at NativeMethodAccessorImpl.java:0
[2026-01-20T04:27:09.008+0000] {subprocess.py:93} INFO - 26/01/20 04:27:09 INFO FileSourceScanExec: Planning scan with bin packing, max size: 4194304 bytes, open cost is considered as scanning 4194304 bytes.
[2026-01-20T04:27:09.020+0000] {subprocess.py:93} INFO - 26/01/20 04:27:09 INFO SparkContext: Starting job: json at NativeMethodAccessorImpl.java:0
[2026-01-20T04:27:09.022+0000] {subprocess.py:93} INFO - 26/01/20 04:27:09 INFO DAGScheduler: Got job 1 (json at NativeMethodAccessorImpl.java:0) with 8 output partitions
[2026-01-20T04:27:09.023+0000] {subprocess.py:93} INFO - 26/01/20 04:27:09 INFO DAGScheduler: Final stage: ResultStage 1 (json at NativeMethodAccessorImpl.java:0)
[2026-01-20T04:27:09.024+0000] {subprocess.py:93} INFO - 26/01/20 04:27:09 INFO DAGScheduler: Parents of final stage: List()
[2026-01-20T04:27:09.025+0000] {subprocess.py:93} INFO - 26/01/20 04:27:09 INFO DAGScheduler: Missing parents: List()
[2026-01-20T04:27:09.025+0000] {subprocess.py:93} INFO - 26/01/20 04:27:09 INFO DAGScheduler: Submitting ResultStage 1 (MapPartitionsRDD[7] at json at NativeMethodAccessorImpl.java:0), which has no missing parents
[2026-01-20T04:27:09.026+0000] {subprocess.py:93} INFO - 26/01/20 04:27:09 INFO MemoryStore: Block broadcast_3 stored as values in memory (estimated size 16.0 KiB, free 433.9 MiB)
[2026-01-20T04:27:09.028+0000] {subprocess.py:93} INFO - 26/01/20 04:27:09 INFO MemoryStore: Block broadcast_3_piece0 stored as bytes in memory (estimated size 7.5 KiB, free 433.9 MiB)
[2026-01-20T04:27:09.029+0000] {subprocess.py:93} INFO - 26/01/20 04:27:09 INFO BlockManagerInfo: Added broadcast_3_piece0 in memory on 519d7d29de3d:44345 (size: 7.5 KiB, free: 434.3 MiB)
[2026-01-20T04:27:09.030+0000] {subprocess.py:93} INFO - 26/01/20 04:27:09 INFO SparkContext: Created broadcast 3 from broadcast at DAGScheduler.scala:1580
[2026-01-20T04:27:09.030+0000] {subprocess.py:93} INFO - 26/01/20 04:27:09 INFO DAGScheduler: Submitting 8 missing tasks from ResultStage 1 (MapPartitionsRDD[7] at json at NativeMethodAccessorImpl.java:0) (first 15 tasks are for partitions Vector(0, 1, 2, 3, 4, 5, 6, 7))
[2026-01-20T04:27:09.031+0000] {subprocess.py:93} INFO - 26/01/20 04:27:09 INFO TaskSchedulerImpl: Adding task set 1.0 with 8 tasks resource profile 0
[2026-01-20T04:27:09.032+0000] {subprocess.py:93} INFO - 26/01/20 04:27:09 INFO TaskSetManager: Starting task 0.0 in stage 1.0 (TID 13) (519d7d29de3d, executor driver, partition 0, PROCESS_LOCAL, 8244 bytes)
[2026-01-20T04:27:09.033+0000] {subprocess.py:93} INFO - 26/01/20 04:27:09 INFO TaskSetManager: Starting task 1.0 in stage 1.0 (TID 14) (519d7d29de3d, executor driver, partition 1, PROCESS_LOCAL, 8244 bytes)
[2026-01-20T04:27:09.033+0000] {subprocess.py:93} INFO - 26/01/20 04:27:09 INFO TaskSetManager: Starting task 2.0 in stage 1.0 (TID 15) (519d7d29de3d, executor driver, partition 2, PROCESS_LOCAL, 8244 bytes)
[2026-01-20T04:27:09.034+0000] {subprocess.py:93} INFO - 26/01/20 04:27:09 INFO TaskSetManager: Starting task 3.0 in stage 1.0 (TID 16) (519d7d29de3d, executor driver, partition 3, PROCESS_LOCAL, 8244 bytes)
[2026-01-20T04:27:09.035+0000] {subprocess.py:93} INFO - 26/01/20 04:27:09 INFO TaskSetManager: Starting task 4.0 in stage 1.0 (TID 17) (519d7d29de3d, executor driver, partition 4, PROCESS_LOCAL, 8244 bytes)
[2026-01-20T04:27:09.035+0000] {subprocess.py:93} INFO - 26/01/20 04:27:09 INFO TaskSetManager: Starting task 5.0 in stage 1.0 (TID 18) (519d7d29de3d, executor driver, partition 5, PROCESS_LOCAL, 8244 bytes)
[2026-01-20T04:27:09.036+0000] {subprocess.py:93} INFO - 26/01/20 04:27:09 INFO TaskSetManager: Starting task 6.0 in stage 1.0 (TID 19) (519d7d29de3d, executor driver, partition 6, PROCESS_LOCAL, 8244 bytes)
[2026-01-20T04:27:09.037+0000] {subprocess.py:93} INFO - 26/01/20 04:27:09 INFO TaskSetManager: Starting task 7.0 in stage 1.0 (TID 20) (519d7d29de3d, executor driver, partition 7, PROCESS_LOCAL, 8244 bytes)
[2026-01-20T04:27:09.038+0000] {subprocess.py:93} INFO - 26/01/20 04:27:09 INFO Executor: Running task 1.0 in stage 1.0 (TID 14)
[2026-01-20T04:27:09.039+0000] {subprocess.py:93} INFO - 26/01/20 04:27:09 INFO Executor: Running task 2.0 in stage 1.0 (TID 15)
[2026-01-20T04:27:09.040+0000] {subprocess.py:93} INFO - 26/01/20 04:27:09 INFO Executor: Running task 3.0 in stage 1.0 (TID 16)
[2026-01-20T04:27:09.042+0000] {subprocess.py:93} INFO - 26/01/20 04:27:09 INFO Executor: Running task 0.0 in stage 1.0 (TID 13)
[2026-01-20T04:27:09.043+0000] {subprocess.py:93} INFO - 26/01/20 04:27:09 INFO Executor: Running task 4.0 in stage 1.0 (TID 17)
[2026-01-20T04:27:09.044+0000] {subprocess.py:93} INFO - 26/01/20 04:27:09 INFO Executor: Running task 6.0 in stage 1.0 (TID 19)
[2026-01-20T04:27:09.045+0000] {subprocess.py:93} INFO - 26/01/20 04:27:09 INFO Executor: Running task 5.0 in stage 1.0 (TID 18)
[2026-01-20T04:27:09.046+0000] {subprocess.py:93} INFO - 26/01/20 04:27:09 INFO Executor: Running task 7.0 in stage 1.0 (TID 20)
[2026-01-20T04:27:09.047+0000] {subprocess.py:93} INFO - 26/01/20 04:27:09 INFO FileScanRDD: Reading File path: file:///opt/spark-data/landing/user_events_1768879431.2231393.json, range: 4194304-8388608, partition values: [empty row]
[2026-01-20T04:27:09.048+0000] {subprocess.py:93} INFO - 26/01/20 04:27:09 INFO FileScanRDD: Reading File path: file:///opt/spark-data/landing/user_events_1768879431.2231393.json, range: 0-4194304, partition values: [empty row]
[2026-01-20T04:27:09.048+0000] {subprocess.py:93} INFO - 26/01/20 04:27:09 INFO FileScanRDD: Reading File path: file:///opt/spark-data/landing/user_events_1768879431.2231393.json, range: 12582912-16777216, partition values: [empty row]
[2026-01-20T04:27:09.049+0000] {subprocess.py:93} INFO - 26/01/20 04:27:09 INFO FileScanRDD: Reading File path: file:///opt/spark-data/landing/user_events_1768879431.2231393.json, range: 25165824-29360128, partition values: [empty row]
[2026-01-20T04:27:09.051+0000] {subprocess.py:93} INFO - 26/01/20 04:27:09 INFO FileScanRDD: Reading File path: file:///opt/spark-data/landing/user_events_1768879431.2231393.json, range: 16777216-20971520, partition values: [empty row]
[2026-01-20T04:27:09.052+0000] {subprocess.py:93} INFO - 26/01/20 04:27:09 INFO FileScanRDD: Reading File path: file:///opt/spark-data/landing/user_events_1768879431.2231393.json, range: 8388608-12582912, partition values: [empty row]
[2026-01-20T04:27:09.053+0000] {subprocess.py:93} INFO - 26/01/20 04:27:09 INFO FileScanRDD: Reading File path: file:///opt/spark-data/landing/user_events_1768879431.2231393.json, range: 29360128-33532706, partition values: [empty row]
[2026-01-20T04:27:09.055+0000] {subprocess.py:93} INFO - 26/01/20 04:27:09 INFO FileScanRDD: Reading File path: file:///opt/spark-data/landing/user_events_1768879431.2231393.json, range: 20971520-25165824, partition values: [empty row]
[2026-01-20T04:27:09.475+0000] {subprocess.py:93} INFO - 26/01/20 04:27:09 INFO Executor: Finished task 6.0 in stage 1.0 (TID 19). 2401 bytes result sent to driver
[2026-01-20T04:27:09.477+0000] {subprocess.py:93} INFO - 26/01/20 04:27:09 INFO Executor: Finished task 7.0 in stage 1.0 (TID 20). 2401 bytes result sent to driver
[2026-01-20T04:27:09.478+0000] {subprocess.py:93} INFO - 26/01/20 04:27:09 INFO TaskSetManager: Finished task 7.0 in stage 1.0 (TID 20) in 440 ms on 519d7d29de3d (executor driver) (1/8)
[2026-01-20T04:27:09.478+0000] {subprocess.py:93} INFO - 26/01/20 04:27:09 INFO TaskSetManager: Finished task 6.0 in stage 1.0 (TID 19) in 442 ms on 519d7d29de3d (executor driver) (2/8)
[2026-01-20T04:27:09.479+0000] {subprocess.py:93} INFO - 26/01/20 04:27:09 INFO Executor: Finished task 5.0 in stage 1.0 (TID 18). 2444 bytes result sent to driver
[2026-01-20T04:27:09.480+0000] {subprocess.py:93} INFO - 26/01/20 04:27:09 INFO Executor: Finished task 0.0 in stage 1.0 (TID 13). 2401 bytes result sent to driver
[2026-01-20T04:27:09.481+0000] {subprocess.py:93} INFO - 26/01/20 04:27:09 INFO Executor: Finished task 1.0 in stage 1.0 (TID 14). 2401 bytes result sent to driver
[2026-01-20T04:27:09.482+0000] {subprocess.py:93} INFO - 26/01/20 04:27:09 INFO TaskSetManager: Finished task 0.0 in stage 1.0 (TID 13) in 450 ms on 519d7d29de3d (executor driver) (3/8)
[2026-01-20T04:27:09.483+0000] {subprocess.py:93} INFO - 26/01/20 04:27:09 INFO TaskSetManager: Finished task 5.0 in stage 1.0 (TID 18) in 446 ms on 519d7d29de3d (executor driver) (4/8)
[2026-01-20T04:27:09.483+0000] {subprocess.py:93} INFO - 26/01/20 04:27:09 INFO Executor: Finished task 4.0 in stage 1.0 (TID 17). 2401 bytes result sent to driver
[2026-01-20T04:27:09.484+0000] {subprocess.py:93} INFO - 26/01/20 04:27:09 INFO TaskSetManager: Finished task 1.0 in stage 1.0 (TID 14) in 449 ms on 519d7d29de3d (executor driver) (5/8)
[2026-01-20T04:27:09.485+0000] {subprocess.py:93} INFO - 26/01/20 04:27:09 INFO Executor: Finished task 3.0 in stage 1.0 (TID 16). 2401 bytes result sent to driver
[2026-01-20T04:27:09.486+0000] {subprocess.py:93} INFO - 26/01/20 04:27:09 INFO Executor: Finished task 2.0 in stage 1.0 (TID 15). 2401 bytes result sent to driver
[2026-01-20T04:27:09.486+0000] {subprocess.py:93} INFO - 26/01/20 04:27:09 INFO TaskSetManager: Finished task 3.0 in stage 1.0 (TID 16) in 451 ms on 519d7d29de3d (executor driver) (6/8)
[2026-01-20T04:27:09.487+0000] {subprocess.py:93} INFO - 26/01/20 04:27:09 INFO TaskSetManager: Finished task 4.0 in stage 1.0 (TID 17) in 451 ms on 519d7d29de3d (executor driver) (7/8)
[2026-01-20T04:27:09.487+0000] {subprocess.py:93} INFO - 26/01/20 04:27:09 INFO TaskSetManager: Finished task 2.0 in stage 1.0 (TID 15) in 452 ms on 519d7d29de3d (executor driver) (8/8)
[2026-01-20T04:27:09.488+0000] {subprocess.py:93} INFO - 26/01/20 04:27:09 INFO TaskSchedulerImpl: Removed TaskSet 1.0, whose tasks have all completed, from pool
[2026-01-20T04:27:09.489+0000] {subprocess.py:93} INFO - 26/01/20 04:27:09 INFO DAGScheduler: ResultStage 1 (json at NativeMethodAccessorImpl.java:0) finished in 0.463 s
[2026-01-20T04:27:09.490+0000] {subprocess.py:93} INFO - 26/01/20 04:27:09 INFO DAGScheduler: Job 1 is finished. Cancelling potential speculative or zombie tasks for this job
[2026-01-20T04:27:09.490+0000] {subprocess.py:93} INFO - 26/01/20 04:27:09 INFO TaskSchedulerImpl: Killing all running tasks in stage 1: Stage finished
[2026-01-20T04:27:09.491+0000] {subprocess.py:93} INFO - 26/01/20 04:27:09 INFO DAGScheduler: Job 1 finished: json at NativeMethodAccessorImpl.java:0, took 0.467839 s
[2026-01-20T04:27:09.980+0000] {subprocess.py:93} INFO - 26/01/20 04:27:09 INFO FileSourceStrategy: Pushed Filters: IsNotNull(line_items),IsNotNull(user_id)
[2026-01-20T04:27:09.981+0000] {subprocess.py:93} INFO - 26/01/20 04:27:09 INFO FileSourceStrategy: Post-Scan Filters: (size(line_items#10, true) > 0),isnotnull(line_items#10),isnotnull(user_id#21)
[2026-01-20T04:27:09.986+0000] {subprocess.py:93} INFO - 26/01/20 04:27:09 INFO FileSourceStrategy: Pushed Filters: IsNotNull(user_id),IsNotNull(product_id)
[2026-01-20T04:27:09.987+0000] {subprocess.py:93} INFO - 26/01/20 04:27:09 INFO FileSourceStrategy: Post-Scan Filters: isnotnull(user_id#58),isnotnull(product_id#53)
[2026-01-20T04:27:10.092+0000] {subprocess.py:93} INFO - 26/01/20 04:27:10 WARN SparkStringUtils: Truncated the string representation of a plan since it was too large. This behavior can be adjusted by setting 'spark.sql.debug.maxToStringFields'.
[2026-01-20T04:27:10.413+0000] {subprocess.py:93} INFO - 26/01/20 04:27:10 INFO CodeGenerator: Code generated in 132.825654 ms
[2026-01-20T04:27:10.417+0000] {subprocess.py:93} INFO - 26/01/20 04:27:10 INFO MemoryStore: Block broadcast_4 stored as values in memory (estimated size 199.1 KiB, free 433.7 MiB)
[2026-01-20T04:27:10.428+0000] {subprocess.py:93} INFO - 26/01/20 04:27:10 INFO MemoryStore: Block broadcast_4_piece0 stored as bytes in memory (estimated size 34.2 KiB, free 433.7 MiB)
[2026-01-20T04:27:10.429+0000] {subprocess.py:93} INFO - 26/01/20 04:27:10 INFO BlockManagerInfo: Added broadcast_4_piece0 in memory on 519d7d29de3d:44345 (size: 34.2 KiB, free: 434.3 MiB)
[2026-01-20T04:27:10.431+0000] {subprocess.py:93} INFO - 26/01/20 04:27:10 INFO SparkContext: Created broadcast 4 from showString at NativeMethodAccessorImpl.java:0
[2026-01-20T04:27:10.435+0000] {subprocess.py:93} INFO - 26/01/20 04:27:10 INFO FileSourceScanExec: Planning scan with bin packing, max size: 4194304 bytes, open cost is considered as scanning 4194304 bytes.
[2026-01-20T04:27:10.466+0000] {subprocess.py:93} INFO - 26/01/20 04:27:10 INFO DAGScheduler: Registering RDD 11 (showString at NativeMethodAccessorImpl.java:0) as input to shuffle 0
[2026-01-20T04:27:10.474+0000] {subprocess.py:93} INFO - 26/01/20 04:27:10 INFO DAGScheduler: Got map stage job 2 (showString at NativeMethodAccessorImpl.java:0) with 13 output partitions
[2026-01-20T04:27:10.477+0000] {subprocess.py:93} INFO - 26/01/20 04:27:10 INFO DAGScheduler: Final stage: ShuffleMapStage 2 (showString at NativeMethodAccessorImpl.java:0)
[2026-01-20T04:27:10.478+0000] {subprocess.py:93} INFO - 26/01/20 04:27:10 INFO DAGScheduler: Parents of final stage: List()
[2026-01-20T04:27:10.479+0000] {subprocess.py:93} INFO - 26/01/20 04:27:10 INFO DAGScheduler: Missing parents: List()
[2026-01-20T04:27:10.480+0000] {subprocess.py:93} INFO - 26/01/20 04:27:10 INFO DAGScheduler: Submitting ShuffleMapStage 2 (MapPartitionsRDD[11] at showString at NativeMethodAccessorImpl.java:0), which has no missing parents
[2026-01-20T04:27:10.502+0000] {subprocess.py:93} INFO - 26/01/20 04:27:10 INFO CodeGenerator: Code generated in 29.763143 ms
[2026-01-20T04:27:10.505+0000] {subprocess.py:93} INFO - 26/01/20 04:27:10 INFO MemoryStore: Block broadcast_5 stored as values in memory (estimated size 199.1 KiB, free 433.5 MiB)
[2026-01-20T04:27:10.516+0000] {subprocess.py:93} INFO - 26/01/20 04:27:10 INFO MemoryStore: Block broadcast_5_piece0 stored as bytes in memory (estimated size 34.2 KiB, free 433.4 MiB)
[2026-01-20T04:27:10.517+0000] {subprocess.py:93} INFO - 26/01/20 04:27:10 INFO BlockManagerInfo: Added broadcast_5_piece0 in memory on 519d7d29de3d:44345 (size: 34.2 KiB, free: 434.3 MiB)
[2026-01-20T04:27:10.518+0000] {subprocess.py:93} INFO - 26/01/20 04:27:10 INFO SparkContext: Created broadcast 5 from showString at NativeMethodAccessorImpl.java:0
[2026-01-20T04:27:10.521+0000] {subprocess.py:93} INFO - 26/01/20 04:27:10 INFO MemoryStore: Block broadcast_6 stored as values in memory (estimated size 44.3 KiB, free 433.4 MiB)
[2026-01-20T04:27:10.522+0000] {subprocess.py:93} INFO - 26/01/20 04:27:10 INFO FileSourceScanExec: Planning scan with bin packing, max size: 4194304 bytes, open cost is considered as scanning 4194304 bytes.
[2026-01-20T04:27:10.524+0000] {subprocess.py:93} INFO - 26/01/20 04:27:10 INFO MemoryStore: Block broadcast_6_piece0 stored as bytes in memory (estimated size 16.6 KiB, free 433.4 MiB)
[2026-01-20T04:27:10.526+0000] {subprocess.py:93} INFO - 26/01/20 04:27:10 INFO BlockManagerInfo: Added broadcast_6_piece0 in memory on 519d7d29de3d:44345 (size: 16.6 KiB, free: 434.2 MiB)
[2026-01-20T04:27:10.527+0000] {subprocess.py:93} INFO - 26/01/20 04:27:10 INFO SparkContext: Created broadcast 6 from broadcast at DAGScheduler.scala:1580
[2026-01-20T04:27:10.530+0000] {subprocess.py:93} INFO - 26/01/20 04:27:10 INFO DAGScheduler: Submitting 13 missing tasks from ShuffleMapStage 2 (MapPartitionsRDD[11] at showString at NativeMethodAccessorImpl.java:0) (first 15 tasks are for partitions Vector(0, 1, 2, 3, 4, 5, 6, 7, 8, 9, 10, 11, 12))
[2026-01-20T04:27:10.531+0000] {subprocess.py:93} INFO - 26/01/20 04:27:10 INFO TaskSchedulerImpl: Adding task set 2.0 with 13 tasks resource profile 0
[2026-01-20T04:27:10.534+0000] {subprocess.py:93} INFO - 26/01/20 04:27:10 INFO TaskSetManager: Starting task 0.0 in stage 2.0 (TID 21) (519d7d29de3d, executor driver, partition 0, PROCESS_LOCAL, 8240 bytes)
[2026-01-20T04:27:10.535+0000] {subprocess.py:93} INFO - 26/01/20 04:27:10 INFO DAGScheduler: Registering RDD 15 (showString at NativeMethodAccessorImpl.java:0) as input to shuffle 1
[2026-01-20T04:27:10.536+0000] {subprocess.py:93} INFO - 26/01/20 04:27:10 INFO TaskSetManager: Starting task 1.0 in stage 2.0 (TID 22) (519d7d29de3d, executor driver, partition 1, PROCESS_LOCAL, 8240 bytes)
[2026-01-20T04:27:10.537+0000] {subprocess.py:93} INFO - 26/01/20 04:27:10 INFO TaskSetManager: Starting task 2.0 in stage 2.0 (TID 23) (519d7d29de3d, executor driver, partition 2, PROCESS_LOCAL, 8240 bytes)
[2026-01-20T04:27:10.538+0000] {subprocess.py:93} INFO - 26/01/20 04:27:10 INFO TaskSetManager: Starting task 3.0 in stage 2.0 (TID 24) (519d7d29de3d, executor driver, partition 3, PROCESS_LOCAL, 8240 bytes)
[2026-01-20T04:27:10.539+0000] {subprocess.py:93} INFO - 26/01/20 04:27:10 INFO TaskSetManager: Starting task 4.0 in stage 2.0 (TID 25) (519d7d29de3d, executor driver, partition 4, PROCESS_LOCAL, 8240 bytes)
[2026-01-20T04:27:10.539+0000] {subprocess.py:93} INFO - 26/01/20 04:27:10 INFO DAGScheduler: Got map stage job 3 (showString at NativeMethodAccessorImpl.java:0) with 8 output partitions
[2026-01-20T04:27:10.540+0000] {subprocess.py:93} INFO - 26/01/20 04:27:10 INFO DAGScheduler: Final stage: ShuffleMapStage 3 (showString at NativeMethodAccessorImpl.java:0)
[2026-01-20T04:27:10.541+0000] {subprocess.py:93} INFO - 26/01/20 04:27:10 INFO DAGScheduler: Parents of final stage: List()
[2026-01-20T04:27:10.542+0000] {subprocess.py:93} INFO - 26/01/20 04:27:10 INFO DAGScheduler: Missing parents: List()
[2026-01-20T04:27:10.543+0000] {subprocess.py:93} INFO - 26/01/20 04:27:10 INFO TaskSetManager: Starting task 5.0 in stage 2.0 (TID 26) (519d7d29de3d, executor driver, partition 5, PROCESS_LOCAL, 8240 bytes)
[2026-01-20T04:27:10.544+0000] {subprocess.py:93} INFO - 26/01/20 04:27:10 INFO TaskSetManager: Starting task 6.0 in stage 2.0 (TID 27) (519d7d29de3d, executor driver, partition 6, PROCESS_LOCAL, 8240 bytes)
[2026-01-20T04:27:10.547+0000] {subprocess.py:93} INFO - 26/01/20 04:27:10 INFO TaskSetManager: Starting task 7.0 in stage 2.0 (TID 28) (519d7d29de3d, executor driver, partition 7, PROCESS_LOCAL, 8240 bytes)
[2026-01-20T04:27:10.548+0000] {subprocess.py:93} INFO - 26/01/20 04:27:10 INFO TaskSetManager: Starting task 8.0 in stage 2.0 (TID 29) (519d7d29de3d, executor driver, partition 8, PROCESS_LOCAL, 8240 bytes)
[2026-01-20T04:27:10.549+0000] {subprocess.py:93} INFO - 26/01/20 04:27:10 INFO DAGScheduler: Submitting ShuffleMapStage 3 (MapPartitionsRDD[15] at showString at NativeMethodAccessorImpl.java:0), which has no missing parents
[2026-01-20T04:27:10.550+0000] {subprocess.py:93} INFO - 26/01/20 04:27:10 INFO TaskSetManager: Starting task 9.0 in stage 2.0 (TID 30) (519d7d29de3d, executor driver, partition 9, PROCESS_LOCAL, 8240 bytes)
[2026-01-20T04:27:10.552+0000] {subprocess.py:93} INFO - 26/01/20 04:27:10 INFO TaskSetManager: Starting task 10.0 in stage 2.0 (TID 31) (519d7d29de3d, executor driver, partition 10, PROCESS_LOCAL, 8240 bytes)
[2026-01-20T04:27:10.553+0000] {subprocess.py:93} INFO - 26/01/20 04:27:10 INFO TaskSetManager: Starting task 11.0 in stage 2.0 (TID 32) (519d7d29de3d, executor driver, partition 11, PROCESS_LOCAL, 8240 bytes)
[2026-01-20T04:27:10.554+0000] {subprocess.py:93} INFO - 26/01/20 04:27:10 INFO TaskSetManager: Starting task 12.0 in stage 2.0 (TID 33) (519d7d29de3d, executor driver, partition 12, PROCESS_LOCAL, 8240 bytes)
[2026-01-20T04:27:10.555+0000] {subprocess.py:93} INFO - 26/01/20 04:27:10 INFO MemoryStore: Block broadcast_7 stored as values in memory (estimated size 23.3 KiB, free 433.4 MiB)
[2026-01-20T04:27:10.556+0000] {subprocess.py:93} INFO - 26/01/20 04:27:10 INFO Executor: Running task 0.0 in stage 2.0 (TID 21)
[2026-01-20T04:27:10.560+0000] {subprocess.py:93} INFO - 26/01/20 04:27:10 INFO MemoryStore: Block broadcast_7_piece0 stored as bytes in memory (estimated size 9.7 KiB, free 433.4 MiB)
[2026-01-20T04:27:10.563+0000] {subprocess.py:93} INFO - 26/01/20 04:27:10 INFO Executor: Running task 4.0 in stage 2.0 (TID 25)
[2026-01-20T04:27:10.564+0000] {subprocess.py:93} INFO - 26/01/20 04:27:10 INFO Executor: Running task 6.0 in stage 2.0 (TID 27)
[2026-01-20T04:27:10.565+0000] {subprocess.py:93} INFO - 26/01/20 04:27:10 INFO Executor: Running task 5.0 in stage 2.0 (TID 26)
[2026-01-20T04:27:10.566+0000] {subprocess.py:93} INFO - 26/01/20 04:27:10 INFO Executor: Running task 7.0 in stage 2.0 (TID 28)
[2026-01-20T04:27:10.567+0000] {subprocess.py:93} INFO - 26/01/20 04:27:10 INFO Executor: Running task 2.0 in stage 2.0 (TID 23)
[2026-01-20T04:27:10.568+0000] {subprocess.py:93} INFO - 26/01/20 04:27:10 INFO Executor: Running task 8.0 in stage 2.0 (TID 29)
[2026-01-20T04:27:10.569+0000] {subprocess.py:93} INFO - 26/01/20 04:27:10 INFO Executor: Running task 9.0 in stage 2.0 (TID 30)
[2026-01-20T04:27:10.570+0000] {subprocess.py:93} INFO - 26/01/20 04:27:10 INFO Executor: Running task 11.0 in stage 2.0 (TID 32)
[2026-01-20T04:27:10.571+0000] {subprocess.py:93} INFO - 26/01/20 04:27:10 INFO Executor: Running task 3.0 in stage 2.0 (TID 24)
[2026-01-20T04:27:10.572+0000] {subprocess.py:93} INFO - 26/01/20 04:27:10 INFO Executor: Running task 10.0 in stage 2.0 (TID 31)
[2026-01-20T04:27:10.573+0000] {subprocess.py:93} INFO - 26/01/20 04:27:10 INFO Executor: Running task 1.0 in stage 2.0 (TID 22)
[2026-01-20T04:27:10.575+0000] {subprocess.py:93} INFO - 26/01/20 04:27:10 INFO BlockManagerInfo: Added broadcast_7_piece0 in memory on 519d7d29de3d:44345 (size: 9.7 KiB, free: 434.2 MiB)
[2026-01-20T04:27:10.576+0000] {subprocess.py:93} INFO - 26/01/20 04:27:10 INFO SparkContext: Created broadcast 7 from broadcast at DAGScheduler.scala:1580
[2026-01-20T04:27:10.576+0000] {subprocess.py:93} INFO - 26/01/20 04:27:10 INFO Executor: Running task 12.0 in stage 2.0 (TID 33)
[2026-01-20T04:27:10.578+0000] {subprocess.py:93} INFO - 26/01/20 04:27:10 INFO DAGScheduler: Submitting 8 missing tasks from ShuffleMapStage 3 (MapPartitionsRDD[15] at showString at NativeMethodAccessorImpl.java:0) (first 15 tasks are for partitions Vector(0, 1, 2, 3, 4, 5, 6, 7))
[2026-01-20T04:27:10.579+0000] {subprocess.py:93} INFO - 26/01/20 04:27:10 INFO TaskSchedulerImpl: Adding task set 3.0 with 8 tasks resource profile 0
[2026-01-20T04:27:10.580+0000] {subprocess.py:93} INFO - 26/01/20 04:27:10 INFO TaskSetManager: Starting task 0.0 in stage 3.0 (TID 34) (519d7d29de3d, executor driver, partition 0, PROCESS_LOCAL, 8233 bytes)
[2026-01-20T04:27:10.581+0000] {subprocess.py:93} INFO - 26/01/20 04:27:10 INFO TaskSetManager: Starting task 1.0 in stage 3.0 (TID 35) (519d7d29de3d, executor driver, partition 1, PROCESS_LOCAL, 8233 bytes)
[2026-01-20T04:27:10.582+0000] {subprocess.py:93} INFO - 26/01/20 04:27:10 INFO TaskSetManager: Starting task 2.0 in stage 3.0 (TID 36) (519d7d29de3d, executor driver, partition 2, PROCESS_LOCAL, 8233 bytes)
[2026-01-20T04:27:10.582+0000] {subprocess.py:93} INFO - 26/01/20 04:27:10 INFO TaskSetManager: Starting task 3.0 in stage 3.0 (TID 37) (519d7d29de3d, executor driver, partition 3, PROCESS_LOCAL, 8233 bytes)
[2026-01-20T04:27:10.583+0000] {subprocess.py:93} INFO - 26/01/20 04:27:10 INFO TaskSetManager: Starting task 4.0 in stage 3.0 (TID 38) (519d7d29de3d, executor driver, partition 4, PROCESS_LOCAL, 8233 bytes)
[2026-01-20T04:27:10.584+0000] {subprocess.py:93} INFO - 26/01/20 04:27:10 INFO TaskSetManager: Starting task 5.0 in stage 3.0 (TID 39) (519d7d29de3d, executor driver, partition 5, PROCESS_LOCAL, 8233 bytes)
[2026-01-20T04:27:10.586+0000] {subprocess.py:93} INFO - 26/01/20 04:27:10 INFO TaskSetManager: Starting task 6.0 in stage 3.0 (TID 40) (519d7d29de3d, executor driver, partition 6, PROCESS_LOCAL, 8233 bytes)
[2026-01-20T04:27:10.587+0000] {subprocess.py:93} INFO - 26/01/20 04:27:10 INFO Executor: Running task 2.0 in stage 3.0 (TID 36)
[2026-01-20T04:27:10.589+0000] {subprocess.py:93} INFO - 26/01/20 04:27:10 INFO Executor: Running task 0.0 in stage 3.0 (TID 34)
[2026-01-20T04:27:10.589+0000] {subprocess.py:93} INFO - 26/01/20 04:27:10 INFO Executor: Running task 1.0 in stage 3.0 (TID 35)
[2026-01-20T04:27:10.593+0000] {subprocess.py:93} INFO - 26/01/20 04:27:10 INFO Executor: Running task 3.0 in stage 3.0 (TID 37)
[2026-01-20T04:27:10.596+0000] {subprocess.py:93} INFO - 26/01/20 04:27:10 INFO Executor: Running task 4.0 in stage 3.0 (TID 38)
[2026-01-20T04:27:10.597+0000] {subprocess.py:93} INFO - 26/01/20 04:27:10 INFO Executor: Running task 5.0 in stage 3.0 (TID 39)
[2026-01-20T04:27:10.598+0000] {subprocess.py:93} INFO - 26/01/20 04:27:10 INFO Executor: Running task 6.0 in stage 3.0 (TID 40)
[2026-01-20T04:27:10.619+0000] {subprocess.py:93} INFO - 26/01/20 04:27:10 INFO CodeGenerator: Code generated in 33.271678 ms
[2026-01-20T04:27:10.646+0000] {subprocess.py:93} INFO - 26/01/20 04:27:10 INFO BlockManagerInfo: Removed broadcast_2_piece0 on 519d7d29de3d:44345 in memory (size: 34.2 KiB, free: 434.3 MiB)
[2026-01-20T04:27:10.659+0000] {subprocess.py:93} INFO - 26/01/20 04:27:10 INFO CodeGenerator: Code generated in 73.786621 ms
[2026-01-20T04:27:10.667+0000] {subprocess.py:93} INFO - 26/01/20 04:27:10 INFO BlockManagerInfo: Removed broadcast_3_piece0 on 519d7d29de3d:44345 in memory (size: 7.5 KiB, free: 434.3 MiB)
[2026-01-20T04:27:10.672+0000] {subprocess.py:93} INFO - 26/01/20 04:27:10 INFO CodeGenerator: Code generated in 34.086745 ms
[2026-01-20T04:27:10.694+0000] {subprocess.py:93} INFO - 26/01/20 04:27:10 INFO FileScanRDD: Reading File path: file:///opt/spark-data/landing/user_events_1768879431.2231393.json, range: 0-4194304, partition values: [empty row]
[2026-01-20T04:27:10.698+0000] {subprocess.py:93} INFO - 26/01/20 04:27:10 INFO FileScanRDD: Reading File path: file:///opt/spark-data/landing/user_events_1768879431.2231393.json, range: 8388608-12582912, partition values: [empty row]
[2026-01-20T04:27:10.699+0000] {subprocess.py:93} INFO - 26/01/20 04:27:10 INFO FileScanRDD: Reading File path: file:///opt/spark-data/landing/user_events_1768879431.2231393.json, range: 25165824-29360128, partition values: [empty row]
[2026-01-20T04:27:10.701+0000] {subprocess.py:93} INFO - 26/01/20 04:27:10 INFO FileScanRDD: Reading File path: file:///opt/spark-data/landing/user_events_1768879431.2231393.json, range: 4194304-8388608, partition values: [empty row]
[2026-01-20T04:27:10.703+0000] {subprocess.py:93} INFO - 26/01/20 04:27:10 INFO FileScanRDD: Reading File path: file:///opt/spark-data/landing/user_events_1768879431.2231393.json, range: 20971520-25165824, partition values: [empty row]
[2026-01-20T04:27:10.709+0000] {subprocess.py:93} INFO - 26/01/20 04:27:10 INFO FileScanRDD: Reading File path: file:///opt/spark-data/landing/user_events_1768879431.2231393.json, range: 16777216-20971520, partition values: [empty row]
[2026-01-20T04:27:10.712+0000] {subprocess.py:93} INFO - 26/01/20 04:27:10 INFO FileScanRDD: Reading File path: file:///opt/spark-data/landing/user_events_1768879431.2231393.json, range: 12582912-16777216, partition values: [empty row]
[2026-01-20T04:27:10.715+0000] {subprocess.py:93} INFO - 26/01/20 04:27:10 INFO CodeGenerator: Code generated in 45.323802 ms
[2026-01-20T04:27:10.737+0000] {subprocess.py:93} INFO - 26/01/20 04:27:10 INFO FileScanRDD: Reading File path: file:///opt/spark-data/landing/transaction_events_1768879479.1820476.json, range: 16777216-20971520, partition values: [empty row]
[2026-01-20T04:27:10.742+0000] {subprocess.py:93} INFO - 26/01/20 04:27:10 INFO FileScanRDD: Reading File path: file:///opt/spark-data/landing/transaction_events_1768879479.1820476.json, range: 25165824-29360128, partition values: [empty row]
[2026-01-20T04:27:10.744+0000] {subprocess.py:93} INFO - 26/01/20 04:27:10 INFO FileScanRDD: Reading File path: file:///opt/spark-data/landing/transaction_events_1768879479.1820476.json, range: 41943040-46137344, partition values: [empty row]
[2026-01-20T04:27:10.745+0000] {subprocess.py:93} INFO - 26/01/20 04:27:10 INFO FileScanRDD: Reading File path: file:///opt/spark-data/landing/transaction_events_1768879479.1820476.json, range: 20971520-25165824, partition values: [empty row]
[2026-01-20T04:27:10.746+0000] {subprocess.py:93} INFO - 26/01/20 04:27:10 INFO FileScanRDD: Reading File path: file:///opt/spark-data/landing/transaction_events_1768879479.1820476.json, range: 33554432-37748736, partition values: [empty row]
[2026-01-20T04:27:10.746+0000] {subprocess.py:93} INFO - 26/01/20 04:27:10 INFO FileScanRDD: Reading File path: file:///opt/spark-data/landing/transaction_events_1768879479.1820476.json, range: 8388608-12582912, partition values: [empty row]
[2026-01-20T04:27:10.749+0000] {subprocess.py:93} INFO - 26/01/20 04:27:10 INFO FileScanRDD: Reading File path: file:///opt/spark-data/landing/transaction_events_1768879479.1820476.json, range: 37748736-41943040, partition values: [empty row]
[2026-01-20T04:27:10.750+0000] {subprocess.py:93} INFO - 26/01/20 04:27:10 INFO FileScanRDD: Reading File path: file:///opt/spark-data/landing/transaction_events_1768879479.1820476.json, range: 46137344-50331648, partition values: [empty row]
[2026-01-20T04:27:10.751+0000] {subprocess.py:93} INFO - 26/01/20 04:27:10 INFO FileScanRDD: Reading File path: file:///opt/spark-data/landing/transaction_events_1768879479.1820476.json, range: 29360128-33554432, partition values: [empty row]
[2026-01-20T04:27:10.752+0000] {subprocess.py:93} INFO - 26/01/20 04:27:10 INFO FileScanRDD: Reading File path: file:///opt/spark-data/landing/transaction_events_1768879479.1820476.json, range: 0-4194304, partition values: [empty row]
[2026-01-20T04:27:10.755+0000] {subprocess.py:93} INFO - 26/01/20 04:27:10 INFO FileScanRDD: Reading File path: file:///opt/spark-data/landing/transaction_events_1768879479.1820476.json, range: 12582912-16777216, partition values: [empty row]
[2026-01-20T04:27:10.757+0000] {subprocess.py:93} INFO - 26/01/20 04:27:10 INFO FileScanRDD: Reading File path: file:///opt/spark-data/landing/transaction_events_1768879479.1820476.json, range: 4194304-8388608, partition values: [empty row]
[2026-01-20T04:27:10.758+0000] {subprocess.py:93} INFO - 26/01/20 04:27:10 INFO FileScanRDD: Reading File path: file:///opt/spark-data/landing/transaction_events_1768879479.1820476.json, range: 50331648-51561162, partition values: [empty row]
[2026-01-20T04:27:10.759+0000] {subprocess.py:93} INFO - 26/01/20 04:27:10 INFO CodeGenerator: Code generated in 45.09762 ms
[2026-01-20T04:27:10.806+0000] {subprocess.py:93} INFO - 26/01/20 04:27:10 INFO CodeGenerator: Code generated in 44.902264 ms
[2026-01-20T04:27:10.824+0000] {subprocess.py:93} INFO - 26/01/20 04:27:10 INFO CodeGenerator: Code generated in 8.723422 ms
[2026-01-20T04:27:10.828+0000] {subprocess.py:93} INFO - 26/01/20 04:27:10 INFO CodeGenerator: Code generated in 11.488246 ms
[2026-01-20T04:27:10.839+0000] {subprocess.py:93} INFO - 26/01/20 04:27:10 INFO CodeGenerator: Code generated in 11.172725 ms
[2026-01-20T04:27:10.842+0000] {subprocess.py:93} INFO - 26/01/20 04:27:10 INFO CodeGenerator: Code generated in 9.373601 ms
[2026-01-20T04:27:11.442+0000] {subprocess.py:93} INFO - 26/01/20 04:27:11 INFO BlockManagerInfo: Removed broadcast_0_piece0 on 519d7d29de3d:44345 in memory (size: 34.2 KiB, free: 434.3 MiB)
[2026-01-20T04:27:11.459+0000] {subprocess.py:93} INFO - 26/01/20 04:27:11 INFO BlockManagerInfo: Removed broadcast_1_piece0 on 519d7d29de3d:44345 in memory (size: 7.5 KiB, free: 434.3 MiB)
[2026-01-20T04:27:12.490+0000] {subprocess.py:93} INFO - 26/01/20 04:27:12 INFO Executor: Finished task 12.0 in stage 2.0 (TID 33). 2243 bytes result sent to driver
[2026-01-20T04:27:12.493+0000] {subprocess.py:93} INFO - 26/01/20 04:27:12 INFO TaskSetManager: Starting task 7.0 in stage 3.0 (TID 41) (519d7d29de3d, executor driver, partition 7, PROCESS_LOCAL, 8233 bytes)
[2026-01-20T04:27:12.496+0000] {subprocess.py:93} INFO - 26/01/20 04:27:12 INFO Executor: Running task 7.0 in stage 3.0 (TID 41)
[2026-01-20T04:27:12.501+0000] {subprocess.py:93} INFO - 26/01/20 04:27:12 INFO TaskSetManager: Finished task 12.0 in stage 2.0 (TID 33) in 1955 ms on 519d7d29de3d (executor driver) (1/13)
[2026-01-20T04:27:12.512+0000] {subprocess.py:93} INFO - 26/01/20 04:27:12 INFO FileScanRDD: Reading File path: file:///opt/spark-data/landing/user_events_1768879431.2231393.json, range: 29360128-33532706, partition values: [empty row]
[2026-01-20T04:27:12.869+0000] {subprocess.py:93} INFO - 26/01/20 04:27:12 INFO Executor: Finished task 4.0 in stage 3.0 (TID 38). 2131 bytes result sent to driver
[2026-01-20T04:27:12.877+0000] {subprocess.py:93} INFO - 26/01/20 04:27:12 INFO TaskSetManager: Finished task 4.0 in stage 3.0 (TID 38) in 2325 ms on 519d7d29de3d (executor driver) (1/8)
[2026-01-20T04:27:12.913+0000] {subprocess.py:93} INFO - 26/01/20 04:27:12 INFO Executor: Finished task 3.0 in stage 3.0 (TID 37). 2131 bytes result sent to driver
[2026-01-20T04:27:12.919+0000] {subprocess.py:93} INFO - 26/01/20 04:27:12 INFO TaskSetManager: Finished task 3.0 in stage 3.0 (TID 37) in 2367 ms on 519d7d29de3d (executor driver) (2/8)
[2026-01-20T04:27:12.949+0000] {subprocess.py:93} INFO - 26/01/20 04:27:12 INFO Executor: Finished task 0.0 in stage 3.0 (TID 34). 2088 bytes result sent to driver
[2026-01-20T04:27:12.954+0000] {subprocess.py:93} INFO - 26/01/20 04:27:12 INFO TaskSetManager: Finished task 0.0 in stage 3.0 (TID 34) in 2403 ms on 519d7d29de3d (executor driver) (3/8)
[2026-01-20T04:27:12.966+0000] {subprocess.py:93} INFO - 26/01/20 04:27:12 INFO Executor: Finished task 6.0 in stage 3.0 (TID 40). 2088 bytes result sent to driver
[2026-01-20T04:27:12.967+0000] {subprocess.py:93} INFO - 26/01/20 04:27:12 INFO Executor: Finished task 2.0 in stage 3.0 (TID 36). 2088 bytes result sent to driver
[2026-01-20T04:27:12.970+0000] {subprocess.py:93} INFO - 26/01/20 04:27:12 INFO TaskSetManager: Finished task 2.0 in stage 3.0 (TID 36) in 2416 ms on 519d7d29de3d (executor driver) (4/8)
[2026-01-20T04:27:12.971+0000] {subprocess.py:93} INFO - 26/01/20 04:27:12 INFO TaskSetManager: Finished task 6.0 in stage 3.0 (TID 40) in 2417 ms on 519d7d29de3d (executor driver) (5/8)
[2026-01-20T04:27:12.973+0000] {subprocess.py:93} INFO - 26/01/20 04:27:12 INFO Executor: Finished task 1.0 in stage 3.0 (TID 35). 2088 bytes result sent to driver
[2026-01-20T04:27:12.974+0000] {subprocess.py:93} INFO - 26/01/20 04:27:12 INFO Executor: Finished task 5.0 in stage 3.0 (TID 39). 2088 bytes result sent to driver
[2026-01-20T04:27:12.976+0000] {subprocess.py:93} INFO - 26/01/20 04:27:12 INFO TaskSetManager: Finished task 1.0 in stage 3.0 (TID 35) in 2423 ms on 519d7d29de3d (executor driver) (6/8)
[2026-01-20T04:27:12.976+0000] {subprocess.py:93} INFO - 26/01/20 04:27:12 INFO TaskSetManager: Finished task 5.0 in stage 3.0 (TID 39) in 2423 ms on 519d7d29de3d (executor driver) (7/8)
[2026-01-20T04:27:13.017+0000] {subprocess.py:93} INFO - 26/01/20 04:27:13 INFO Executor: Finished task 8.0 in stage 2.0 (TID 29). 2200 bytes result sent to driver
[2026-01-20T04:27:13.018+0000] {subprocess.py:93} INFO - 26/01/20 04:27:13 INFO TaskSetManager: Finished task 8.0 in stage 2.0 (TID 29) in 2480 ms on 519d7d29de3d (executor driver) (2/13)
[2026-01-20T04:27:13.026+0000] {subprocess.py:93} INFO - 26/01/20 04:27:13 INFO Executor: Finished task 1.0 in stage 2.0 (TID 22). 2200 bytes result sent to driver
[2026-01-20T04:27:13.027+0000] {subprocess.py:93} INFO - 26/01/20 04:27:13 INFO Executor: Finished task 9.0 in stage 2.0 (TID 30). 2200 bytes result sent to driver
[2026-01-20T04:27:13.028+0000] {subprocess.py:93} INFO - 26/01/20 04:27:13 INFO TaskSetManager: Finished task 1.0 in stage 2.0 (TID 22) in 2493 ms on 519d7d29de3d (executor driver) (3/13)
[2026-01-20T04:27:13.028+0000] {subprocess.py:93} INFO - 26/01/20 04:27:13 INFO TaskSetManager: Finished task 9.0 in stage 2.0 (TID 30) in 2490 ms on 519d7d29de3d (executor driver) (4/13)
[2026-01-20T04:27:13.029+0000] {subprocess.py:93} INFO - 26/01/20 04:27:13 INFO Executor: Finished task 2.0 in stage 2.0 (TID 23). 2200 bytes result sent to driver
[2026-01-20T04:27:13.030+0000] {subprocess.py:93} INFO - 26/01/20 04:27:13 INFO Executor: Finished task 7.0 in stage 2.0 (TID 28). 2200 bytes result sent to driver
[2026-01-20T04:27:13.031+0000] {subprocess.py:93} INFO - 26/01/20 04:27:13 INFO TaskSetManager: Finished task 2.0 in stage 2.0 (TID 23) in 2496 ms on 519d7d29de3d (executor driver) (5/13)
[2026-01-20T04:27:13.032+0000] {subprocess.py:93} INFO - 26/01/20 04:27:13 INFO TaskSetManager: Finished task 7.0 in stage 2.0 (TID 28) in 2495 ms on 519d7d29de3d (executor driver) (6/13)
[2026-01-20T04:27:13.033+0000] {subprocess.py:93} INFO - 26/01/20 04:27:13 INFO Executor: Finished task 4.0 in stage 2.0 (TID 25). 2200 bytes result sent to driver
[2026-01-20T04:27:13.035+0000] {subprocess.py:93} INFO - 26/01/20 04:27:13 INFO Executor: Finished task 11.0 in stage 2.0 (TID 32). 2200 bytes result sent to driver
[2026-01-20T04:27:13.036+0000] {subprocess.py:93} INFO - 26/01/20 04:27:13 INFO Executor: Finished task 6.0 in stage 2.0 (TID 27). 2200 bytes result sent to driver
[2026-01-20T04:27:13.037+0000] {subprocess.py:93} INFO - 26/01/20 04:27:13 INFO Executor: Finished task 5.0 in stage 2.0 (TID 26). 2243 bytes result sent to driver
[2026-01-20T04:27:13.038+0000] {subprocess.py:93} INFO - 26/01/20 04:27:13 INFO Executor: Finished task 10.0 in stage 2.0 (TID 31). 2200 bytes result sent to driver
[2026-01-20T04:27:13.039+0000] {subprocess.py:93} INFO - 26/01/20 04:27:13 INFO TaskSetManager: Finished task 11.0 in stage 2.0 (TID 32) in 2495 ms on 519d7d29de3d (executor driver) (7/13)
[2026-01-20T04:27:13.039+0000] {subprocess.py:93} INFO - 26/01/20 04:27:13 INFO Executor: Finished task 0.0 in stage 2.0 (TID 21). 2200 bytes result sent to driver
[2026-01-20T04:27:13.040+0000] {subprocess.py:93} INFO - 26/01/20 04:27:13 INFO TaskSetManager: Finished task 4.0 in stage 2.0 (TID 25) in 2500 ms on 519d7d29de3d (executor driver) (8/13)
[2026-01-20T04:27:13.041+0000] {subprocess.py:93} INFO - 26/01/20 04:27:13 INFO Executor: Finished task 3.0 in stage 2.0 (TID 24). 2200 bytes result sent to driver
[2026-01-20T04:27:13.041+0000] {subprocess.py:93} INFO - 26/01/20 04:27:13 INFO TaskSetManager: Finished task 5.0 in stage 2.0 (TID 26) in 2500 ms on 519d7d29de3d (executor driver) (9/13)
[2026-01-20T04:27:13.042+0000] {subprocess.py:93} INFO - 26/01/20 04:27:13 INFO TaskSetManager: Finished task 6.0 in stage 2.0 (TID 27) in 2499 ms on 519d7d29de3d (executor driver) (10/13)
[2026-01-20T04:27:13.042+0000] {subprocess.py:93} INFO - 26/01/20 04:27:13 INFO TaskSetManager: Finished task 10.0 in stage 2.0 (TID 31) in 2498 ms on 519d7d29de3d (executor driver) (11/13)
[2026-01-20T04:27:13.043+0000] {subprocess.py:93} INFO - 26/01/20 04:27:13 INFO TaskSetManager: Finished task 0.0 in stage 2.0 (TID 21) in 2506 ms on 519d7d29de3d (executor driver) (12/13)
[2026-01-20T04:27:13.044+0000] {subprocess.py:93} INFO - 26/01/20 04:27:13 INFO TaskSetManager: Finished task 3.0 in stage 2.0 (TID 24) in 2504 ms on 519d7d29de3d (executor driver) (13/13)
[2026-01-20T04:27:13.044+0000] {subprocess.py:93} INFO - 26/01/20 04:27:13 INFO TaskSchedulerImpl: Removed TaskSet 2.0, whose tasks have all completed, from pool
[2026-01-20T04:27:13.045+0000] {subprocess.py:93} INFO - 26/01/20 04:27:13 INFO DAGScheduler: ShuffleMapStage 2 (showString at NativeMethodAccessorImpl.java:0) finished in 2.555 s
[2026-01-20T04:27:13.045+0000] {subprocess.py:93} INFO - 26/01/20 04:27:13 INFO DAGScheduler: looking for newly runnable stages
[2026-01-20T04:27:13.046+0000] {subprocess.py:93} INFO - 26/01/20 04:27:13 INFO DAGScheduler: running: Set(ShuffleMapStage 3)
[2026-01-20T04:27:13.047+0000] {subprocess.py:93} INFO - 26/01/20 04:27:13 INFO DAGScheduler: waiting: Set()
[2026-01-20T04:27:13.047+0000] {subprocess.py:93} INFO - 26/01/20 04:27:13 INFO DAGScheduler: failed: Set()
[2026-01-20T04:27:13.048+0000] {subprocess.py:93} INFO - 26/01/20 04:27:13 INFO Executor: Finished task 7.0 in stage 3.0 (TID 41). 2088 bytes result sent to driver
[2026-01-20T04:27:13.048+0000] {subprocess.py:93} INFO - 26/01/20 04:27:13 INFO TaskSetManager: Finished task 7.0 in stage 3.0 (TID 41) in 554 ms on 519d7d29de3d (executor driver) (8/8)
[2026-01-20T04:27:13.049+0000] {subprocess.py:93} INFO - 26/01/20 04:27:13 INFO TaskSchedulerImpl: Removed TaskSet 3.0, whose tasks have all completed, from pool
[2026-01-20T04:27:13.050+0000] {subprocess.py:93} INFO - 26/01/20 04:27:13 INFO DAGScheduler: ShuffleMapStage 3 (showString at NativeMethodAccessorImpl.java:0) finished in 2.510 s
[2026-01-20T04:27:13.051+0000] {subprocess.py:93} INFO - 26/01/20 04:27:13 INFO DAGScheduler: looking for newly runnable stages
[2026-01-20T04:27:13.052+0000] {subprocess.py:93} INFO - 26/01/20 04:27:13 INFO DAGScheduler: running: Set()
[2026-01-20T04:27:13.053+0000] {subprocess.py:93} INFO - 26/01/20 04:27:13 INFO DAGScheduler: waiting: Set()
[2026-01-20T04:27:13.053+0000] {subprocess.py:93} INFO - 26/01/20 04:27:13 INFO DAGScheduler: failed: Set()
[2026-01-20T04:27:13.115+0000] {subprocess.py:93} INFO - 26/01/20 04:27:13 INFO ShufflePartitionsUtil: For shuffle(0, 1), advisory target size: 67108864, actual target size 4370154, minimum partition size: 1048576
[2026-01-20T04:27:13.285+0000] {subprocess.py:93} INFO - 26/01/20 04:27:13 INFO CodeGenerator: Code generated in 88.007528 ms
[2026-01-20T04:27:13.308+0000] {subprocess.py:93} INFO - 26/01/20 04:27:13 INFO CodeGenerator: Code generated in 16.481641 ms
[2026-01-20T04:27:13.397+0000] {subprocess.py:93} INFO - 26/01/20 04:27:13 INFO CodeGenerator: Code generated in 20.638432 ms
[2026-01-20T04:27:13.453+0000] {subprocess.py:93} INFO - 26/01/20 04:27:13 INFO SparkContext: Starting job: showString at NativeMethodAccessorImpl.java:0
[2026-01-20T04:27:13.458+0000] {subprocess.py:93} INFO - 26/01/20 04:27:13 INFO DAGScheduler: Got job 4 (showString at NativeMethodAccessorImpl.java:0) with 1 output partitions
[2026-01-20T04:27:13.460+0000] {subprocess.py:93} INFO - 26/01/20 04:27:13 INFO DAGScheduler: Final stage: ResultStage 6 (showString at NativeMethodAccessorImpl.java:0)
[2026-01-20T04:27:13.462+0000] {subprocess.py:93} INFO - 26/01/20 04:27:13 INFO DAGScheduler: Parents of final stage: List(ShuffleMapStage 5, ShuffleMapStage 4)
[2026-01-20T04:27:13.463+0000] {subprocess.py:93} INFO - 26/01/20 04:27:13 INFO DAGScheduler: Missing parents: List()
[2026-01-20T04:27:13.464+0000] {subprocess.py:93} INFO - 26/01/20 04:27:13 INFO DAGScheduler: Submitting ResultStage 6 (MapPartitionsRDD[22] at showString at NativeMethodAccessorImpl.java:0), which has no missing parents
[2026-01-20T04:27:13.502+0000] {subprocess.py:93} INFO - 26/01/20 04:27:13 INFO MemoryStore: Block broadcast_8 stored as values in memory (estimated size 88.1 KiB, free 433.8 MiB)
[2026-01-20T04:27:13.505+0000] {subprocess.py:93} INFO - 26/01/20 04:27:13 INFO MemoryStore: Block broadcast_8_piece0 stored as bytes in memory (estimated size 33.7 KiB, free 433.7 MiB)
[2026-01-20T04:27:13.510+0000] {subprocess.py:93} INFO - 26/01/20 04:27:13 INFO BlockManagerInfo: Added broadcast_8_piece0 in memory on 519d7d29de3d:44345 (size: 33.7 KiB, free: 434.3 MiB)
[2026-01-20T04:27:13.516+0000] {subprocess.py:93} INFO - 26/01/20 04:27:13 INFO SparkContext: Created broadcast 8 from broadcast at DAGScheduler.scala:1580
[2026-01-20T04:27:13.523+0000] {subprocess.py:93} INFO - 26/01/20 04:27:13 INFO DAGScheduler: Submitting 1 missing tasks from ResultStage 6 (MapPartitionsRDD[22] at showString at NativeMethodAccessorImpl.java:0) (first 15 tasks are for partitions Vector(0))
[2026-01-20T04:27:13.528+0000] {subprocess.py:93} INFO - 26/01/20 04:27:13 INFO TaskSchedulerImpl: Adding task set 6.0 with 1 tasks resource profile 0
[2026-01-20T04:27:13.542+0000] {subprocess.py:93} INFO - 26/01/20 04:27:13 INFO TaskSetManager: Starting task 0.0 in stage 6.0 (TID 42) (519d7d29de3d, executor driver, partition 0, NODE_LOCAL, 7897 bytes)
[2026-01-20T04:27:13.546+0000] {subprocess.py:93} INFO - 26/01/20 04:27:13 INFO Executor: Running task 0.0 in stage 6.0 (TID 42)
[2026-01-20T04:27:13.657+0000] {subprocess.py:93} INFO - 26/01/20 04:27:13 INFO ShuffleBlockFetcherIterator: Getting 13 (3.4 MiB) non-empty blocks including 13 (3.4 MiB) local and 0 (0.0 B) host-local and 0 (0.0 B) push-merged-local and 0 (0.0 B) remote blocks
[2026-01-20T04:27:13.662+0000] {subprocess.py:93} INFO - 26/01/20 04:27:13 INFO ShuffleBlockFetcherIterator: Started 0 remote fetches in 25 ms
[2026-01-20T04:27:13.686+0000] {subprocess.py:93} INFO - 26/01/20 04:27:13 INFO CodeGenerator: Code generated in 13.421694 ms
[2026-01-20T04:27:13.714+0000] {subprocess.py:93} INFO - 26/01/20 04:27:13 INFO CodeGenerator: Code generated in 21.940023 ms
[2026-01-20T04:27:13.736+0000] {subprocess.py:93} INFO - 26/01/20 04:27:13 INFO CodeGenerator: Code generated in 12.516327 ms
[2026-01-20T04:27:13.750+0000] {subprocess.py:93} INFO - 26/01/20 04:27:13 INFO ShuffleBlockFetcherIterator: Getting 8 (347.8 KiB) non-empty blocks including 8 (347.8 KiB) local and 0 (0.0 B) host-local and 0 (0.0 B) push-merged-local and 0 (0.0 B) remote blocks
[2026-01-20T04:27:13.751+0000] {subprocess.py:93} INFO - 26/01/20 04:27:13 INFO ShuffleBlockFetcherIterator: Started 0 remote fetches in 1 ms
[2026-01-20T04:27:13.765+0000] {subprocess.py:93} INFO - 26/01/20 04:27:13 INFO CodeGenerator: Code generated in 13.205713 ms
[2026-01-20T04:27:13.776+0000] {subprocess.py:93} INFO - 26/01/20 04:27:13 INFO CodeGenerator: Code generated in 8.419004 ms
[2026-01-20T04:27:13.791+0000] {subprocess.py:93} INFO - 26/01/20 04:27:13 INFO CodeGenerator: Code generated in 11.914017 ms
[2026-01-20T04:27:13.856+0000] {subprocess.py:93} INFO - 26/01/20 04:27:13 INFO CodeGenerator: Code generated in 63.760615 ms
[2026-01-20T04:27:13.996+0000] {subprocess.py:93} INFO - 26/01/20 04:27:13 INFO Executor: Finished task 0.0 in stage 6.0 (TID 42). 19015 bytes result sent to driver
[2026-01-20T04:27:13.999+0000] {subprocess.py:93} INFO - 26/01/20 04:27:13 INFO TaskSetManager: Finished task 0.0 in stage 6.0 (TID 42) in 464 ms on 519d7d29de3d (executor driver) (1/1)
[2026-01-20T04:27:14.000+0000] {subprocess.py:93} INFO - 26/01/20 04:27:13 INFO TaskSchedulerImpl: Removed TaskSet 6.0, whose tasks have all completed, from pool
[2026-01-20T04:27:14.000+0000] {subprocess.py:93} INFO - 26/01/20 04:27:14 INFO DAGScheduler: ResultStage 6 (showString at NativeMethodAccessorImpl.java:0) finished in 0.518 s
[2026-01-20T04:27:14.001+0000] {subprocess.py:93} INFO - 26/01/20 04:27:14 INFO DAGScheduler: Job 4 is finished. Cancelling potential speculative or zombie tasks for this job
[2026-01-20T04:27:14.002+0000] {subprocess.py:93} INFO - 26/01/20 04:27:14 INFO TaskSchedulerImpl: Killing all running tasks in stage 6: Stage finished
[2026-01-20T04:27:14.003+0000] {subprocess.py:93} INFO - 26/01/20 04:27:14 INFO DAGScheduler: Job 4 finished: showString at NativeMethodAccessorImpl.java:0, took 0.548031 s
[2026-01-20T04:27:14.049+0000] {subprocess.py:93} INFO - 26/01/20 04:27:14 INFO CodeGenerator: Code generated in 25.789115 ms
[2026-01-20T04:27:14.136+0000] {subprocess.py:93} INFO - +--------------------+--------+--------------------+-----------------------+--------------+--------------------+---------+--------+------+--------------------+--------+--------------------+----------------+--------+--------------------+-------+----------------+-------+-------+----------+--------------------+----------------+---------------+--------------+----------+--------+------------+------------+--------------------+--------+
[2026-01-20T04:27:14.137+0000] {subprocess.py:93} INFO - |     billing_address|currency|          line_items|original_transaction_id|payment_method|    shipping_address|   status|subtotal|   tax|         t_timestamp|   total|      transaction_id|transaction_type| user_id|           line_item|browser|            city|country| device|element_id|            event_id|      event_type|     ip_address|          page|product_id|quantity|search_query|  session_id|           timestamp| user_id|
[2026-01-20T04:27:14.139+0000] {subprocess.py:93} INFO - +--------------------+--------+--------------------+-----------------------+--------------+--------------------+---------+--------+------+--------------------+--------+--------------------+----------------+--------+--------------------+-------+----------------+-------+-------+----------+--------------------+----------------+---------------+--------------+----------+--------+------------+------------+--------------------+--------+
[2026-01-20T04:27:14.139+0000] {subprocess.py:93} INFO - |{South Frank, US,...|     USD|[{SmartChoice, bo...|                   NULL|    google_pay|{Port Michealhave...|completed| 3442.07|316.88|2026-01-19T17:45:...| 3758.95|64d4b4b0-67a8-41d...|        purchase|03658260|{GreenLife, books...| Safari|   Lake Tinaside|     NR| mobile|      NULL|e19e82c8-6c88-466...|     add_to_cart|   106.1.16.192|          home| PROD_2793|       1|        NULL|d9e5754e-9a6|2026-01-19T17:45:...|03658260|
[2026-01-20T04:27:14.140+0000] {subprocess.py:93} INFO - |{Hansenchester, U...|     USD|[{GreenLife, book...|                   NULL|        paypal|{East Jackberg, U...|completed| 2885.36|186.82|2026-01-19T17:45:...| 3072.18|24efb042-1b1e-489...|        purchase|0946a8ef|{GreenLife, sport...|   Edge|     New Amyberg|     IN| tablet|      NULL|dac65b7c-5b09-400...|     add_to_cart|    153.85.3.68|       profile| PROD_1213|       5|        NULL|2803d6b4-d9c|2026-01-19T17:46:...|0946a8ef|
[2026-01-20T04:27:14.142+0000] {subprocess.py:93} INFO - |{Donnahaven, US, ...|     USD|[{ProGear, toys, ...|                   NULL|     apple_pay|{Carlashire, US, ...|   failed| 2356.35|219.89|2026-01-19T17:40:...| 2576.24|a355d4e3-3371-47b...|        purchase|0a835d70|{SportFlex, food,...| Chrome|      Ronaldland|     CN| tablet|      NULL|c03dda27-db6c-435...|     add_to_cart|    48.7.38.196|          help| PROD_1796|       4|        NULL|d8a670e3-e76|2026-01-19T17:40:...|0a835d70|
[2026-01-20T04:27:14.143+0000] {subprocess.py:93} INFO - |{New Antonioton, ...|     USD|[{PremiumPlus, fo...|                   NULL|        paypal|{Debraside, US, D...|   failed|  455.49| 35.86|2026-01-19T17:42:...|  491.35|c63893e1-47ab-4ae...|        purchase|0ab1bc16|{PremiumPlus, foo...| Chrome|        Woodfurt|     LC|desktop|      NULL|64b2f341-8831-410...|remove_from_cart|  130.37.155.10|product_detail| PROD_1120|       2|        NULL|a3e683ec-a89|2026-01-19T17:46:...|0ab1bc16|
[2026-01-20T04:27:14.144+0000] {subprocess.py:93} INFO - |{South Michael, U...|     USD|[{GreenLife, clot...|                   NULL|        paypal|{Davidfort, US, O...|completed|  4872.3|412.15|2026-01-19T17:45:...| 5284.45|9c48a979-bb45-4a4...|        purchase|0c825438|{ValueBest, beaut...|Firefox|   Brookeborough|     IL|desktop|      NULL|186f983b-4f36-4fa...|     add_to_cart|128.105.228.164|          cart| PROD_1497|       2|        NULL|86163fbe-5c2|2026-01-19T17:45:...|0c825438|
[2026-01-20T04:27:14.145+0000] {subprocess.py:93} INFO - |{Jillchester, US,...|     USD|[{EliteChoice, fo...|   0ec940f9-1595-4f8...|     apple_pay|{East James, US, ...|completed| 5972.98|343.59|2026-01-19T17:40:...|-6316.57|9499b56b-3a20-4ea...|      chargeback|0dab448e|{SmartChoice, clo...| Chrome|  East Heidiberg|     IS| tablet|      NULL|d5b326b5-62e5-41c...|     add_to_cart| 141.220.154.47|      products| PROD_1318|       1|        NULL|1fb7fed6-578|2026-01-19T17:42:...|0dab448e|
[2026-01-20T04:27:14.146+0000] {subprocess.py:93} INFO - |{Annaville, US, M...|     USD|[{GreenLife, home...|                   NULL|    debit_card|{Richardmouth, US...|completed| 3951.83|263.36|2026-01-19T17:47:...| 4215.19|84a2e5c6-856c-405...|        purchase|0e5a4669|{SportFlex, food,...|Firefox|   Hendersonfurt|     IN| mobile|      NULL|f071a286-6dd7-47b...|     add_to_cart| 123.241.228.75|       profile| PROD_1847|       1|        NULL|baa8091e-807|2026-01-19T17:43:...|0e5a4669|
[2026-01-20T04:27:14.147+0000] {subprocess.py:93} INFO - |{Port Samanthache...|     USD|[{SportFlex, food...|                   NULL| bank_transfer|{Lake Jennifer, U...|cancelled|  2144.5|209.99|2026-01-19T17:47:...| 2354.49|6d1ad735-64a1-4b9...|        purchase|0e5a4669|{SportFlex, food,...|Firefox|   Hendersonfurt|     IN| mobile|      NULL|f071a286-6dd7-47b...|     add_to_cart| 123.241.228.75|       profile| PROD_1847|       1|        NULL|baa8091e-807|2026-01-19T17:43:...|0e5a4669|
[2026-01-20T04:27:14.148+0000] {subprocess.py:93} INFO - |{Port Erika, US, ...|     USD|[{EliteChoice, to...|                   NULL|    google_pay|{New Samantha, US...|completed| 3173.85|238.61|2026-01-19T17:47:...| 3412.46|81abec6a-aff8-48d...|        purchase|10296a92|{EliteChoice, toy...| Chrome|West Melissastad|     NO| tablet|      NULL|344df5d0-a6b0-43a...|     add_to_cart|    4.114.98.69|       profile| PROD_2119|       5|        NULL|14dea1cc-99d|2026-01-19T17:47:...|10296a92|
[2026-01-20T04:27:14.149+0000] {subprocess.py:93} INFO - |{Westberg, US, FL...|     USD|[{TechPro, clothi...|                   NULL|     apple_pay|{Meganburgh, US, ...|completed|  4845.1|361.45|2026-01-19T17:40:...| 5206.55|67768b67-a70a-43d...|        purchase|1352bade|{SmartChoice, bea...|   Edge|       Chenshire|     ER| tablet|      NULL|4ff1d144-a456-409...|remove_from_cart|  51.20.208.104|      settings| PROD_2337|       2|        NULL|173f674b-4fb|2026-01-19T17:40:...|1352bade|
[2026-01-20T04:27:14.150+0000] {subprocess.py:93} INFO - |{West Mirandatown...|     USD|[{TechPro, books,...|                   NULL|        paypal|{Nancyborough, US...|completed|   496.2| 40.06|2026-01-19T17:45:...|  536.26|1f95fcb3-5a5a-47c...|        purchase|184a71af|{GreenLife, food,...|   Edge|     Parrishberg|     AT| mobile|      NULL|d6976a73-a50b-436...|     add_to_cart|  80.14.166.198|          cart| PROD_2547|       4|        NULL|b259a546-1d4|2026-01-19T17:42:...|184a71af|
[2026-01-20T04:27:14.151+0000] {subprocess.py:93} INFO - |{Cooperside, US, ...|     USD|[{SportFlex, food...|                   NULL|    google_pay|{Jakefurt, US, TN...|completed| 3689.25|368.04|2026-01-19T17:46:...| 4057.29|8965abfb-96bd-4ce...|        purchase|1884bd2b|{SportFlex, food,...| Chrome|       Fordburgh|     BJ|desktop|      NULL|61ff8145-3b9d-4c3...|     add_to_cart|188.102.143.185|      checkout| PROD_1859|       5|        NULL|4d5bcc2e-da9|2026-01-19T17:41:...|1884bd2b|
[2026-01-20T04:27:14.152+0000] {subprocess.py:93} INFO - |{Emilyport, US, S...|     USD|[{SmartChoice, be...|   7b1ba296-7695-45e...|   credit_card|{Terribury, US, O...|completed|  535.29| 44.84|2026-01-19T17:47:...| -580.13|a55971f3-3cac-4de...|          refund|1898814b|{SportFlex, food,...|   Edge|       Smithfurt|     SG|desktop|      NULL|e8817124-9619-4e4...|remove_from_cart| 107.194.228.28|          cart| PROD_1154|       1|        NULL|bff6aa13-0c3|2026-01-19T17:43:...|1898814b|
[2026-01-20T04:27:14.153+0000] {subprocess.py:93} INFO - |{Deannatown, US, ...|     USD|[{StyleCo, clothi...|                   NULL|    google_pay|{Medinabury, US, ...|completed| 1811.18|149.55|2026-01-19T17:44:...| 1960.73|3d68b145-ebe0-4ab...|        purchase|1925a42f|{SportFlex, books...| Chrome|        Rothfurt|     TJ| tablet|      NULL|85f8539a-2aab-434...|     add_to_cart| 61.139.194.113|product_detail| PROD_2357|       3|        NULL|14363baa-43e|2026-01-19T17:44:...|1925a42f|
[2026-01-20T04:27:14.154+0000] {subprocess.py:93} INFO - |{Millerborough, U...|     USD|[{SmartChoice, sp...|   ef668bb6-c4da-44f...| bank_transfer|{Stephensmouth, U...|completed|  659.61| 41.92|2026-01-19T17:45:...| -701.53|cc7c1756-b050-4b1...|          refund|1afaeca9|{SmartChoice, spo...|   Edge|      Lewisburgh|     MV| mobile|      NULL|f609c567-91a5-450...|     add_to_cart| 136.194.177.12|product_detail| PROD_1470|       2|        NULL|01ea56d1-bd2|2026-01-19T17:47:...|1afaeca9|
[2026-01-20T04:27:14.155+0000] {subprocess.py:93} INFO - |{Mckenziechester,...|     USD|[{GreenLife, book...|                   NULL|    debit_card|{Bradleyberg, US,...|completed| 1278.74| 108.2|2026-01-19T17:41:...| 1386.94|a67f115b-6674-4ad...|        purchase|1b1b020b|{SportFlex, elect...|   Edge|      Kaiserfort|     IS| tablet|      NULL|ccd70d73-0f0e-447...|remove_from_cart|    89.15.54.10|       profile| PROD_1976|       1|        NULL|e27ce892-715|2026-01-19T17:43:...|1b1b020b|
[2026-01-20T04:27:14.157+0000] {subprocess.py:93} INFO - |{Carrollview, US,...|     USD|[{TechPro, toys, ...|                   NULL|    google_pay|{Andersonshire, U...|completed| 1417.74| 96.73|2026-01-19T17:39:...| 1514.47|32e73ca0-1799-4b9...|        purchase|1bdb4efe|{ProGear, food, P...| Safari|     Mirandaport|     ER| tablet|      NULL|67eff63f-30a1-42d...|     add_to_cart|   5.142.36.100|          home| PROD_2058|       3|        NULL|d01104ec-b24|2026-01-19T17:43:...|1bdb4efe|
[2026-01-20T04:27:14.158+0000] {subprocess.py:93} INFO - |{West Jeremy, US,...|     USD|[{HomeMax, sports...|                   NULL|     apple_pay|{Lake Kenneth, US...|completed|  540.89| 32.56|2026-01-19T17:39:...|  573.45|d0eb7c98-885b-4ad...|        purchase|1cb2e55a|{HomeMax, electro...| Safari|      West James|     EC| tablet|      NULL|92ff9440-d0a1-454...|     add_to_cart|   215.0.245.60|      settings| PROD_2988|       1|        NULL|a01c21a8-5fd|2026-01-19T17:40:...|1cb2e55a|
[2026-01-20T04:27:14.159+0000] {subprocess.py:93} INFO - |{Lake Kirk, US, A...|     USD|[{HomeMax, electr...|                   NULL|        paypal|{Amyview, US, IN,...|completed|  363.32| 22.77|2026-01-19T17:44:...|  386.09|8a6b64e7-c540-40b...|        purchase|1cb2e55a|{HomeMax, electro...| Safari|      West James|     EC| tablet|      NULL|92ff9440-d0a1-454...|     add_to_cart|   215.0.245.60|      settings| PROD_2988|       1|        NULL|a01c21a8-5fd|2026-01-19T17:40:...|1cb2e55a|
[2026-01-20T04:27:14.160+0000] {subprocess.py:93} INFO - |{Jennifershire, U...|     USD|[{PremiumPlus, el...|                   NULL|    debit_card|{Port Andrehaven,...|completed| 3350.46|317.77|2026-01-19T17:46:...| 3668.23|83009c3e-f278-47f...|        purchase|25615f4f|{TechPro, food, P...|Firefox|     Robertburgh|     SG| mobile|      NULL|262952a8-8526-4f0...|     add_to_cart| 79.105.156.242|      checkout| PROD_2533|       3|        NULL|808c1f50-a24|2026-01-19T17:44:...|25615f4f|
[2026-01-20T04:27:14.161+0000] {subprocess.py:93} INFO - +--------------------+--------+--------------------+-----------------------+--------------+--------------------+---------+--------+------+--------------------+--------+--------------------+----------------+--------+--------------------+-------+----------------+-------+-------+----------+--------------------+----------------+---------------+--------------+----------+--------+------------+------------+--------------------+--------+
[2026-01-20T04:27:14.162+0000] {subprocess.py:93} INFO - only showing top 20 rows
[2026-01-20T04:27:14.163+0000] {subprocess.py:93} INFO - 
[2026-01-20T04:27:14.164+0000] {subprocess.py:93} INFO - None
[2026-01-20T04:27:14.522+0000] {subprocess.py:93} INFO - 26/01/20 04:27:14 INFO FileSourceStrategy: Pushed Filters: IsNotNull(user_id),IsNotNull(line_items)
[2026-01-20T04:27:14.523+0000] {subprocess.py:93} INFO - 26/01/20 04:27:14 INFO FileSourceStrategy: Post-Scan Filters: isnotnull(user_id#21),(size(line_items#10, true) > 0),isnotnull(line_items#10)
[2026-01-20T04:27:14.523+0000] {subprocess.py:93} INFO - 26/01/20 04:27:14 INFO FileSourceStrategy: Pushed Filters: IsNotNull(user_id),IsNotNull(product_id)
[2026-01-20T04:27:14.524+0000] {subprocess.py:93} INFO - 26/01/20 04:27:14 INFO FileSourceStrategy: Post-Scan Filters: isnotnull(user_id#58),isnotnull(product_id#53)
[2026-01-20T04:27:14.563+0000] {subprocess.py:93} INFO - 26/01/20 04:27:14 INFO CodeGenerator: Code generated in 8.226906 ms
[2026-01-20T04:27:14.567+0000] {subprocess.py:93} INFO - 26/01/20 04:27:14 INFO MemoryStore: Block broadcast_9 stored as values in memory (estimated size 199.1 KiB, free 433.5 MiB)
[2026-01-20T04:27:14.575+0000] {subprocess.py:93} INFO - 26/01/20 04:27:14 INFO MemoryStore: Block broadcast_9_piece0 stored as bytes in memory (estimated size 34.2 KiB, free 433.5 MiB)
[2026-01-20T04:27:14.576+0000] {subprocess.py:93} INFO - 26/01/20 04:27:14 INFO BlockManagerInfo: Added broadcast_9_piece0 in memory on 519d7d29de3d:44345 (size: 34.2 KiB, free: 434.2 MiB)
[2026-01-20T04:27:14.577+0000] {subprocess.py:93} INFO - 26/01/20 04:27:14 INFO SparkContext: Created broadcast 9 from $anonfun$withThreadLocalCaptured$1 at FutureTask.java:264
[2026-01-20T04:27:14.578+0000] {subprocess.py:93} INFO - 26/01/20 04:27:14 INFO FileSourceScanExec: Planning scan with bin packing, max size: 4194304 bytes, open cost is considered as scanning 4194304 bytes.
[2026-01-20T04:27:14.596+0000] {subprocess.py:93} INFO - 26/01/20 04:27:14 INFO SparkContext: Starting job: $anonfun$withThreadLocalCaptured$1 at FutureTask.java:264
[2026-01-20T04:27:14.598+0000] {subprocess.py:93} INFO - 26/01/20 04:27:14 INFO DAGScheduler: Got job 5 ($anonfun$withThreadLocalCaptured$1 at FutureTask.java:264) with 8 output partitions
[2026-01-20T04:27:14.599+0000] {subprocess.py:93} INFO - 26/01/20 04:27:14 INFO DAGScheduler: Final stage: ResultStage 7 ($anonfun$withThreadLocalCaptured$1 at FutureTask.java:264)
[2026-01-20T04:27:14.600+0000] {subprocess.py:93} INFO - 26/01/20 04:27:14 INFO DAGScheduler: Parents of final stage: List()
[2026-01-20T04:27:14.600+0000] {subprocess.py:93} INFO - 26/01/20 04:27:14 INFO DAGScheduler: Missing parents: List()
[2026-01-20T04:27:14.601+0000] {subprocess.py:93} INFO - 26/01/20 04:27:14 INFO DAGScheduler: Submitting ResultStage 7 (MapPartitionsRDD[26] at $anonfun$withThreadLocalCaptured$1 at FutureTask.java:264), which has no missing parents
[2026-01-20T04:27:14.602+0000] {subprocess.py:93} INFO - 26/01/20 04:27:14 INFO MemoryStore: Block broadcast_10 stored as values in memory (estimated size 15.6 KiB, free 433.5 MiB)
[2026-01-20T04:27:14.603+0000] {subprocess.py:93} INFO - 26/01/20 04:27:14 INFO MemoryStore: Block broadcast_10_piece0 stored as bytes in memory (estimated size 7.4 KiB, free 433.5 MiB)
[2026-01-20T04:27:14.603+0000] {subprocess.py:93} INFO - 26/01/20 04:27:14 INFO BlockManagerInfo: Added broadcast_10_piece0 in memory on 519d7d29de3d:44345 (size: 7.4 KiB, free: 434.2 MiB)
[2026-01-20T04:27:14.604+0000] {subprocess.py:93} INFO - 26/01/20 04:27:14 INFO SparkContext: Created broadcast 10 from broadcast at DAGScheduler.scala:1580
[2026-01-20T04:27:14.605+0000] {subprocess.py:93} INFO - 26/01/20 04:27:14 INFO DAGScheduler: Submitting 8 missing tasks from ResultStage 7 (MapPartitionsRDD[26] at $anonfun$withThreadLocalCaptured$1 at FutureTask.java:264) (first 15 tasks are for partitions Vector(0, 1, 2, 3, 4, 5, 6, 7))
[2026-01-20T04:27:14.605+0000] {subprocess.py:93} INFO - 26/01/20 04:27:14 INFO TaskSchedulerImpl: Adding task set 7.0 with 8 tasks resource profile 0
[2026-01-20T04:27:14.607+0000] {subprocess.py:93} INFO - 26/01/20 04:27:14 INFO TaskSetManager: Starting task 0.0 in stage 7.0 (TID 43) (519d7d29de3d, executor driver, partition 0, PROCESS_LOCAL, 8244 bytes)
[2026-01-20T04:27:14.608+0000] {subprocess.py:93} INFO - 26/01/20 04:27:14 INFO TaskSetManager: Starting task 1.0 in stage 7.0 (TID 44) (519d7d29de3d, executor driver, partition 1, PROCESS_LOCAL, 8244 bytes)
[2026-01-20T04:27:14.608+0000] {subprocess.py:93} INFO - 26/01/20 04:27:14 INFO TaskSetManager: Starting task 2.0 in stage 7.0 (TID 45) (519d7d29de3d, executor driver, partition 2, PROCESS_LOCAL, 8244 bytes)
[2026-01-20T04:27:14.609+0000] {subprocess.py:93} INFO - 26/01/20 04:27:14 INFO TaskSetManager: Starting task 3.0 in stage 7.0 (TID 46) (519d7d29de3d, executor driver, partition 3, PROCESS_LOCAL, 8244 bytes)
[2026-01-20T04:27:14.609+0000] {subprocess.py:93} INFO - 26/01/20 04:27:14 INFO TaskSetManager: Starting task 4.0 in stage 7.0 (TID 47) (519d7d29de3d, executor driver, partition 4, PROCESS_LOCAL, 8244 bytes)
[2026-01-20T04:27:14.610+0000] {subprocess.py:93} INFO - 26/01/20 04:27:14 INFO TaskSetManager: Starting task 5.0 in stage 7.0 (TID 48) (519d7d29de3d, executor driver, partition 5, PROCESS_LOCAL, 8244 bytes)
[2026-01-20T04:27:14.611+0000] {subprocess.py:93} INFO - 26/01/20 04:27:14 INFO TaskSetManager: Starting task 6.0 in stage 7.0 (TID 49) (519d7d29de3d, executor driver, partition 6, PROCESS_LOCAL, 8244 bytes)
[2026-01-20T04:27:14.612+0000] {subprocess.py:93} INFO - 26/01/20 04:27:14 INFO TaskSetManager: Starting task 7.0 in stage 7.0 (TID 50) (519d7d29de3d, executor driver, partition 7, PROCESS_LOCAL, 8244 bytes)
[2026-01-20T04:27:14.613+0000] {subprocess.py:93} INFO - 26/01/20 04:27:14 INFO Executor: Running task 1.0 in stage 7.0 (TID 44)
[2026-01-20T04:27:14.614+0000] {subprocess.py:93} INFO - 26/01/20 04:27:14 INFO Executor: Running task 0.0 in stage 7.0 (TID 43)
[2026-01-20T04:27:14.615+0000] {subprocess.py:93} INFO - 26/01/20 04:27:14 INFO Executor: Running task 2.0 in stage 7.0 (TID 45)
[2026-01-20T04:27:14.616+0000] {subprocess.py:93} INFO - 26/01/20 04:27:14 INFO Executor: Running task 7.0 in stage 7.0 (TID 50)
[2026-01-20T04:27:14.617+0000] {subprocess.py:93} INFO - 26/01/20 04:27:14 INFO Executor: Running task 3.0 in stage 7.0 (TID 46)
[2026-01-20T04:27:14.618+0000] {subprocess.py:93} INFO - 26/01/20 04:27:14 INFO Executor: Running task 4.0 in stage 7.0 (TID 47)
[2026-01-20T04:27:14.618+0000] {subprocess.py:93} INFO - 26/01/20 04:27:14 INFO Executor: Running task 5.0 in stage 7.0 (TID 48)
[2026-01-20T04:27:14.619+0000] {subprocess.py:93} INFO - 26/01/20 04:27:14 INFO Executor: Running task 6.0 in stage 7.0 (TID 49)
[2026-01-20T04:27:14.620+0000] {subprocess.py:93} INFO - 26/01/20 04:27:14 INFO CodeGenerator: Code generated in 6.890885 ms
[2026-01-20T04:27:14.621+0000] {subprocess.py:93} INFO - 26/01/20 04:27:14 INFO FileScanRDD: Reading File path: file:///opt/spark-data/landing/user_events_1768879431.2231393.json, range: 20971520-25165824, partition values: [empty row]
[2026-01-20T04:27:14.623+0000] {subprocess.py:93} INFO - 26/01/20 04:27:14 INFO FileScanRDD: Reading File path: file:///opt/spark-data/landing/user_events_1768879431.2231393.json, range: 4194304-8388608, partition values: [empty row]
[2026-01-20T04:27:14.624+0000] {subprocess.py:93} INFO - 26/01/20 04:27:14 INFO FileScanRDD: Reading File path: file:///opt/spark-data/landing/user_events_1768879431.2231393.json, range: 29360128-33532706, partition values: [empty row]
[2026-01-20T04:27:14.624+0000] {subprocess.py:93} INFO - 26/01/20 04:27:14 INFO FileScanRDD: Reading File path: file:///opt/spark-data/landing/user_events_1768879431.2231393.json, range: 16777216-20971520, partition values: [empty row]
[2026-01-20T04:27:14.626+0000] {subprocess.py:93} INFO - 26/01/20 04:27:14 INFO FileScanRDD: Reading File path: file:///opt/spark-data/landing/user_events_1768879431.2231393.json, range: 8388608-12582912, partition values: [empty row]
[2026-01-20T04:27:14.626+0000] {subprocess.py:93} INFO - 26/01/20 04:27:14 INFO FileScanRDD: Reading File path: file:///opt/spark-data/landing/user_events_1768879431.2231393.json, range: 0-4194304, partition values: [empty row]
[2026-01-20T04:27:14.627+0000] {subprocess.py:93} INFO - 26/01/20 04:27:14 INFO FileScanRDD: Reading File path: file:///opt/spark-data/landing/user_events_1768879431.2231393.json, range: 12582912-16777216, partition values: [empty row]
[2026-01-20T04:27:14.628+0000] {subprocess.py:93} INFO - 26/01/20 04:27:14 INFO FileScanRDD: Reading File path: file:///opt/spark-data/landing/user_events_1768879431.2231393.json, range: 25165824-29360128, partition values: [empty row]
[2026-01-20T04:27:14.634+0000] {subprocess.py:93} INFO - 26/01/20 04:27:14 INFO CodeGenerator: Code generated in 10.532149 ms
[2026-01-20T04:27:14.641+0000] {subprocess.py:93} INFO - 26/01/20 04:27:14 INFO CodeGenerator: Code generated in 4.684431 ms
[2026-01-20T04:27:14.647+0000] {subprocess.py:93} INFO - 26/01/20 04:27:14 INFO CodeGenerator: Code generated in 3.978678 ms
[2026-01-20T04:27:14.976+0000] {subprocess.py:93} INFO - 26/01/20 04:27:14 INFO BlockManagerInfo: Removed broadcast_8_piece0 on 519d7d29de3d:44345 in memory (size: 33.7 KiB, free: 434.3 MiB)
[2026-01-20T04:27:14.983+0000] {subprocess.py:93} INFO - 26/01/20 04:27:14 INFO Executor: Finished task 5.0 in stage 7.0 (TID 48). 133763 bytes result sent to driver
[2026-01-20T04:27:14.986+0000] {subprocess.py:93} INFO - 26/01/20 04:27:14 INFO Executor: Finished task 7.0 in stage 7.0 (TID 50). 130533 bytes result sent to driver
[2026-01-20T04:27:14.987+0000] {subprocess.py:93} INFO - 26/01/20 04:27:14 INFO TaskSetManager: Finished task 7.0 in stage 7.0 (TID 50) in 375 ms on 519d7d29de3d (executor driver) (1/8)
[2026-01-20T04:27:14.988+0000] {subprocess.py:93} INFO - 26/01/20 04:27:14 INFO TaskSetManager: Finished task 5.0 in stage 7.0 (TID 48) in 376 ms on 519d7d29de3d (executor driver) (2/8)
[2026-01-20T04:27:14.989+0000] {subprocess.py:93} INFO - 26/01/20 04:27:14 INFO Executor: Finished task 4.0 in stage 7.0 (TID 47). 135365 bytes result sent to driver
[2026-01-20T04:27:14.990+0000] {subprocess.py:93} INFO - 26/01/20 04:27:14 INFO Executor: Finished task 0.0 in stage 7.0 (TID 43). 131277 bytes result sent to driver
[2026-01-20T04:27:14.991+0000] {subprocess.py:93} INFO - 26/01/20 04:27:14 INFO TaskSetManager: Finished task 4.0 in stage 7.0 (TID 47) in 379 ms on 519d7d29de3d (executor driver) (3/8)
[2026-01-20T04:27:14.992+0000] {subprocess.py:93} INFO - 26/01/20 04:27:14 INFO Executor: Finished task 6.0 in stage 7.0 (TID 49). 129991 bytes result sent to driver
[2026-01-20T04:27:14.993+0000] {subprocess.py:93} INFO - 26/01/20 04:27:14 INFO TaskSetManager: Finished task 0.0 in stage 7.0 (TID 43) in 381 ms on 519d7d29de3d (executor driver) (4/8)
[2026-01-20T04:27:14.994+0000] {subprocess.py:93} INFO - 26/01/20 04:27:14 INFO Executor: Finished task 2.0 in stage 7.0 (TID 45). 132137 bytes result sent to driver
[2026-01-20T04:27:14.995+0000] {subprocess.py:93} INFO - 26/01/20 04:27:14 INFO TaskSetManager: Finished task 6.0 in stage 7.0 (TID 49) in 379 ms on 519d7d29de3d (executor driver) (5/8)
[2026-01-20T04:27:14.995+0000] {subprocess.py:93} INFO - 26/01/20 04:27:14 INFO TaskSetManager: Finished task 2.0 in stage 7.0 (TID 45) in 381 ms on 519d7d29de3d (executor driver) (6/8)
[2026-01-20T04:27:14.996+0000] {subprocess.py:93} INFO - 26/01/20 04:27:14 INFO Executor: Finished task 1.0 in stage 7.0 (TID 44). 134053 bytes result sent to driver
[2026-01-20T04:27:14.997+0000] {subprocess.py:93} INFO - 26/01/20 04:27:14 INFO TaskSetManager: Finished task 1.0 in stage 7.0 (TID 44) in 385 ms on 519d7d29de3d (executor driver) (7/8)
[2026-01-20T04:27:14.998+0000] {subprocess.py:93} INFO - 26/01/20 04:27:14 INFO Executor: Finished task 3.0 in stage 7.0 (TID 46). 132558 bytes result sent to driver
[2026-01-20T04:27:14.999+0000] {subprocess.py:93} INFO - 26/01/20 04:27:14 INFO TaskSetManager: Finished task 3.0 in stage 7.0 (TID 46) in 386 ms on 519d7d29de3d (executor driver) (8/8)
[2026-01-20T04:27:14.999+0000] {subprocess.py:93} INFO - 26/01/20 04:27:14 INFO TaskSchedulerImpl: Removed TaskSet 7.0, whose tasks have all completed, from pool
[2026-01-20T04:27:15.000+0000] {subprocess.py:93} INFO - 26/01/20 04:27:14 INFO DAGScheduler: ResultStage 7 ($anonfun$withThreadLocalCaptured$1 at FutureTask.java:264) finished in 0.394 s
[2026-01-20T04:27:15.001+0000] {subprocess.py:93} INFO - 26/01/20 04:27:14 INFO DAGScheduler: Job 5 is finished. Cancelling potential speculative or zombie tasks for this job
[2026-01-20T04:27:15.002+0000] {subprocess.py:93} INFO - 26/01/20 04:27:14 INFO TaskSchedulerImpl: Killing all running tasks in stage 7: Stage finished
[2026-01-20T04:27:15.003+0000] {subprocess.py:93} INFO - 26/01/20 04:27:14 INFO DAGScheduler: Job 5 finished: $anonfun$withThreadLocalCaptured$1 at FutureTask.java:264, took 0.399447 s
[2026-01-20T04:27:15.016+0000] {subprocess.py:93} INFO - 26/01/20 04:27:15 INFO CodeGenerator: Code generated in 4.285905 ms
[2026-01-20T04:27:15.066+0000] {subprocess.py:93} INFO - 26/01/20 04:27:15 INFO MemoryStore: Block broadcast_11 stored as values in memory (estimated size 9.0 MiB, free 424.6 MiB)
[2026-01-20T04:27:15.102+0000] {subprocess.py:93} INFO - 26/01/20 04:27:15 INFO MemoryStore: Block broadcast_11_piece0 stored as bytes in memory (estimated size 1578.1 KiB, free 423.1 MiB)
[2026-01-20T04:27:15.103+0000] {subprocess.py:93} INFO - 26/01/20 04:27:15 INFO BlockManagerInfo: Added broadcast_11_piece0 in memory on 519d7d29de3d:44345 (size: 1578.1 KiB, free: 432.7 MiB)
[2026-01-20T04:27:15.104+0000] {subprocess.py:93} INFO - 26/01/20 04:27:15 INFO SparkContext: Created broadcast 11 from $anonfun$withThreadLocalCaptured$1 at FutureTask.java:264
[2026-01-20T04:27:15.112+0000] {subprocess.py:93} INFO - 26/01/20 04:27:15 INFO FileSourceStrategy: Pushed Filters: IsNotNull(user_id),IsNotNull(line_items)
[2026-01-20T04:27:15.113+0000] {subprocess.py:93} INFO - 26/01/20 04:27:15 INFO FileSourceStrategy: Post-Scan Filters: isnotnull(user_id#21),(size(line_items#10, true) > 0),isnotnull(line_items#10)
[2026-01-20T04:27:15.244+0000] {subprocess.py:93} INFO - 26/01/20 04:27:15 INFO FileOutputCommitter: File Output Committer Algorithm version is 1
[2026-01-20T04:27:15.245+0000] {subprocess.py:93} INFO - 26/01/20 04:27:15 INFO FileOutputCommitter: FileOutputCommitter skip cleanup _temporary folders under output directory:false, ignore cleanup failures: false
[2026-01-20T04:27:15.246+0000] {subprocess.py:93} INFO - 26/01/20 04:27:15 INFO SQLHadoopMapReduceCommitProtocol: Using output committer class org.apache.hadoop.mapreduce.lib.output.FileOutputCommitter
[2026-01-20T04:27:15.349+0000] {subprocess.py:93} INFO - 26/01/20 04:27:15 INFO CodeGenerator: Code generated in 28.584577 ms
[2026-01-20T04:27:15.351+0000] {subprocess.py:93} INFO - 26/01/20 04:27:15 INFO MemoryStore: Block broadcast_12 stored as values in memory (estimated size 199.1 KiB, free 422.9 MiB)
[2026-01-20T04:27:15.359+0000] {subprocess.py:93} INFO - 26/01/20 04:27:15 INFO MemoryStore: Block broadcast_12_piece0 stored as bytes in memory (estimated size 34.2 KiB, free 422.8 MiB)
[2026-01-20T04:27:15.360+0000] {subprocess.py:93} INFO - 26/01/20 04:27:15 INFO BlockManagerInfo: Added broadcast_12_piece0 in memory on 519d7d29de3d:44345 (size: 34.2 KiB, free: 432.7 MiB)
[2026-01-20T04:27:15.361+0000] {subprocess.py:93} INFO - 26/01/20 04:27:15 INFO SparkContext: Created broadcast 12 from csv at NativeMethodAccessorImpl.java:0
[2026-01-20T04:27:15.362+0000] {subprocess.py:93} INFO - 26/01/20 04:27:15 INFO FileSourceScanExec: Planning scan with bin packing, max size: 4194304 bytes, open cost is considered as scanning 4194304 bytes.
[2026-01-20T04:27:15.374+0000] {subprocess.py:93} INFO - 26/01/20 04:27:15 INFO SparkContext: Starting job: csv at NativeMethodAccessorImpl.java:0
[2026-01-20T04:27:15.375+0000] {subprocess.py:93} INFO - 26/01/20 04:27:15 INFO DAGScheduler: Got job 6 (csv at NativeMethodAccessorImpl.java:0) with 13 output partitions
[2026-01-20T04:27:15.376+0000] {subprocess.py:93} INFO - 26/01/20 04:27:15 INFO DAGScheduler: Final stage: ResultStage 8 (csv at NativeMethodAccessorImpl.java:0)
[2026-01-20T04:27:15.377+0000] {subprocess.py:93} INFO - 26/01/20 04:27:15 INFO DAGScheduler: Parents of final stage: List()
[2026-01-20T04:27:15.378+0000] {subprocess.py:93} INFO - 26/01/20 04:27:15 INFO DAGScheduler: Missing parents: List()
[2026-01-20T04:27:15.379+0000] {subprocess.py:93} INFO - 26/01/20 04:27:15 INFO DAGScheduler: Submitting ResultStage 8 (MapPartitionsRDD[30] at csv at NativeMethodAccessorImpl.java:0), which has no missing parents
[2026-01-20T04:27:15.405+0000] {subprocess.py:93} INFO - 26/01/20 04:27:15 INFO MemoryStore: Block broadcast_13 stored as values in memory (estimated size 233.0 KiB, free 422.6 MiB)
[2026-01-20T04:27:15.407+0000] {subprocess.py:93} INFO - 26/01/20 04:27:15 INFO MemoryStore: Block broadcast_13_piece0 stored as bytes in memory (estimated size 82.8 KiB, free 422.5 MiB)
[2026-01-20T04:27:15.408+0000] {subprocess.py:93} INFO - 26/01/20 04:27:15 INFO BlockManagerInfo: Added broadcast_13_piece0 in memory on 519d7d29de3d:44345 (size: 82.8 KiB, free: 432.6 MiB)
[2026-01-20T04:27:15.408+0000] {subprocess.py:93} INFO - 26/01/20 04:27:15 INFO SparkContext: Created broadcast 13 from broadcast at DAGScheduler.scala:1580
[2026-01-20T04:27:15.409+0000] {subprocess.py:93} INFO - 26/01/20 04:27:15 INFO DAGScheduler: Submitting 13 missing tasks from ResultStage 8 (MapPartitionsRDD[30] at csv at NativeMethodAccessorImpl.java:0) (first 15 tasks are for partitions Vector(0, 1, 2, 3, 4, 5, 6, 7, 8, 9, 10, 11, 12))
[2026-01-20T04:27:15.410+0000] {subprocess.py:93} INFO - 26/01/20 04:27:15 INFO TaskSchedulerImpl: Adding task set 8.0 with 13 tasks resource profile 0
[2026-01-20T04:27:15.410+0000] {subprocess.py:93} INFO - 26/01/20 04:27:15 INFO TaskSetManager: Starting task 0.0 in stage 8.0 (TID 51) (519d7d29de3d, executor driver, partition 0, PROCESS_LOCAL, 8251 bytes)
[2026-01-20T04:27:15.411+0000] {subprocess.py:93} INFO - 26/01/20 04:27:15 INFO TaskSetManager: Starting task 1.0 in stage 8.0 (TID 52) (519d7d29de3d, executor driver, partition 1, PROCESS_LOCAL, 8251 bytes)
[2026-01-20T04:27:15.412+0000] {subprocess.py:93} INFO - 26/01/20 04:27:15 INFO TaskSetManager: Starting task 2.0 in stage 8.0 (TID 53) (519d7d29de3d, executor driver, partition 2, PROCESS_LOCAL, 8251 bytes)
[2026-01-20T04:27:15.413+0000] {subprocess.py:93} INFO - 26/01/20 04:27:15 INFO TaskSetManager: Starting task 3.0 in stage 8.0 (TID 54) (519d7d29de3d, executor driver, partition 3, PROCESS_LOCAL, 8251 bytes)
[2026-01-20T04:27:15.414+0000] {subprocess.py:93} INFO - 26/01/20 04:27:15 INFO TaskSetManager: Starting task 4.0 in stage 8.0 (TID 55) (519d7d29de3d, executor driver, partition 4, PROCESS_LOCAL, 8251 bytes)
[2026-01-20T04:27:15.415+0000] {subprocess.py:93} INFO - 26/01/20 04:27:15 INFO TaskSetManager: Starting task 5.0 in stage 8.0 (TID 56) (519d7d29de3d, executor driver, partition 5, PROCESS_LOCAL, 8251 bytes)
[2026-01-20T04:27:15.415+0000] {subprocess.py:93} INFO - 26/01/20 04:27:15 INFO TaskSetManager: Starting task 6.0 in stage 8.0 (TID 57) (519d7d29de3d, executor driver, partition 6, PROCESS_LOCAL, 8251 bytes)
[2026-01-20T04:27:15.416+0000] {subprocess.py:93} INFO - 26/01/20 04:27:15 INFO TaskSetManager: Starting task 7.0 in stage 8.0 (TID 58) (519d7d29de3d, executor driver, partition 7, PROCESS_LOCAL, 8251 bytes)
[2026-01-20T04:27:15.417+0000] {subprocess.py:93} INFO - 26/01/20 04:27:15 INFO TaskSetManager: Starting task 8.0 in stage 8.0 (TID 59) (519d7d29de3d, executor driver, partition 8, PROCESS_LOCAL, 8251 bytes)
[2026-01-20T04:27:15.419+0000] {subprocess.py:93} INFO - 26/01/20 04:27:15 INFO TaskSetManager: Starting task 9.0 in stage 8.0 (TID 60) (519d7d29de3d, executor driver, partition 9, PROCESS_LOCAL, 8251 bytes)
[2026-01-20T04:27:15.420+0000] {subprocess.py:93} INFO - 26/01/20 04:27:15 INFO TaskSetManager: Starting task 10.0 in stage 8.0 (TID 61) (519d7d29de3d, executor driver, partition 10, PROCESS_LOCAL, 8251 bytes)
[2026-01-20T04:27:15.422+0000] {subprocess.py:93} INFO - 26/01/20 04:27:15 INFO TaskSetManager: Starting task 11.0 in stage 8.0 (TID 62) (519d7d29de3d, executor driver, partition 11, PROCESS_LOCAL, 8251 bytes)
[2026-01-20T04:27:15.423+0000] {subprocess.py:93} INFO - 26/01/20 04:27:15 INFO TaskSetManager: Starting task 12.0 in stage 8.0 (TID 63) (519d7d29de3d, executor driver, partition 12, PROCESS_LOCAL, 8251 bytes)
[2026-01-20T04:27:15.424+0000] {subprocess.py:93} INFO - 26/01/20 04:27:15 INFO Executor: Running task 0.0 in stage 8.0 (TID 51)
[2026-01-20T04:27:15.425+0000] {subprocess.py:93} INFO - 26/01/20 04:27:15 INFO Executor: Running task 3.0 in stage 8.0 (TID 54)
[2026-01-20T04:27:15.428+0000] {subprocess.py:93} INFO - 26/01/20 04:27:15 INFO Executor: Running task 1.0 in stage 8.0 (TID 52)
[2026-01-20T04:27:15.430+0000] {subprocess.py:93} INFO - 26/01/20 04:27:15 INFO Executor: Running task 2.0 in stage 8.0 (TID 53)
[2026-01-20T04:27:15.430+0000] {subprocess.py:93} INFO - 26/01/20 04:27:15 INFO Executor: Running task 4.0 in stage 8.0 (TID 55)
[2026-01-20T04:27:15.433+0000] {subprocess.py:93} INFO - 26/01/20 04:27:15 INFO Executor: Running task 7.0 in stage 8.0 (TID 58)
[2026-01-20T04:27:15.434+0000] {subprocess.py:93} INFO - 26/01/20 04:27:15 INFO Executor: Running task 8.0 in stage 8.0 (TID 59)
[2026-01-20T04:27:15.435+0000] {subprocess.py:93} INFO - 26/01/20 04:27:15 INFO Executor: Running task 11.0 in stage 8.0 (TID 62)
[2026-01-20T04:27:15.439+0000] {subprocess.py:93} INFO - 26/01/20 04:27:15 INFO Executor: Running task 5.0 in stage 8.0 (TID 56)
[2026-01-20T04:27:15.440+0000] {subprocess.py:93} INFO - 26/01/20 04:27:15 INFO Executor: Running task 6.0 in stage 8.0 (TID 57)
[2026-01-20T04:27:15.441+0000] {subprocess.py:93} INFO - 26/01/20 04:27:15 INFO Executor: Running task 12.0 in stage 8.0 (TID 63)
[2026-01-20T04:27:15.442+0000] {subprocess.py:93} INFO - 26/01/20 04:27:15 INFO Executor: Running task 10.0 in stage 8.0 (TID 61)
[2026-01-20T04:27:15.442+0000] {subprocess.py:93} INFO - 26/01/20 04:27:15 INFO Executor: Running task 9.0 in stage 8.0 (TID 60)
[2026-01-20T04:27:15.538+0000] {subprocess.py:93} INFO - 26/01/20 04:27:15 INFO CodeGenerator: Code generated in 19.011334 ms
[2026-01-20T04:27:15.550+0000] {subprocess.py:93} INFO - 26/01/20 04:27:15 INFO FileOutputCommitter: File Output Committer Algorithm version is 1
[2026-01-20T04:27:15.551+0000] {subprocess.py:93} INFO - 26/01/20 04:27:15 INFO FileOutputCommitter: File Output Committer Algorithm version is 1
[2026-01-20T04:27:15.552+0000] {subprocess.py:93} INFO - 26/01/20 04:27:15 INFO FileOutputCommitter: FileOutputCommitter skip cleanup _temporary folders under output directory:false, ignore cleanup failures: false
[2026-01-20T04:27:15.553+0000] {subprocess.py:93} INFO - 26/01/20 04:27:15 INFO FileOutputCommitter: File Output Committer Algorithm version is 1
[2026-01-20T04:27:15.554+0000] {subprocess.py:93} INFO - 26/01/20 04:27:15 INFO FileOutputCommitter: FileOutputCommitter skip cleanup _temporary folders under output directory:false, ignore cleanup failures: false
[2026-01-20T04:27:15.555+0000] {subprocess.py:93} INFO - 26/01/20 04:27:15 INFO FileOutputCommitter: FileOutputCommitter skip cleanup _temporary folders under output directory:false, ignore cleanup failures: false
[2026-01-20T04:27:15.556+0000] {subprocess.py:93} INFO - 26/01/20 04:27:15 INFO FileOutputCommitter: File Output Committer Algorithm version is 1
[2026-01-20T04:27:15.557+0000] {subprocess.py:93} INFO - 26/01/20 04:27:15 INFO FileOutputCommitter: FileOutputCommitter skip cleanup _temporary folders under output directory:false, ignore cleanup failures: false
[2026-01-20T04:27:15.557+0000] {subprocess.py:93} INFO - 26/01/20 04:27:15 INFO SQLHadoopMapReduceCommitProtocol: Using output committer class org.apache.hadoop.mapreduce.lib.output.FileOutputCommitter
[2026-01-20T04:27:15.558+0000] {subprocess.py:93} INFO - 26/01/20 04:27:15 INFO SQLHadoopMapReduceCommitProtocol: Using output committer class org.apache.hadoop.mapreduce.lib.output.FileOutputCommitter
[2026-01-20T04:27:15.559+0000] {subprocess.py:93} INFO - 26/01/20 04:27:15 INFO FileOutputCommitter: File Output Committer Algorithm version is 1
[2026-01-20T04:27:15.560+0000] {subprocess.py:93} INFO - 26/01/20 04:27:15 INFO FileOutputCommitter: FileOutputCommitter skip cleanup _temporary folders under output directory:false, ignore cleanup failures: false
[2026-01-20T04:27:15.561+0000] {subprocess.py:93} INFO - 26/01/20 04:27:15 INFO FileOutputCommitter: File Output Committer Algorithm version is 1
[2026-01-20T04:27:15.562+0000] {subprocess.py:93} INFO - 26/01/20 04:27:15 INFO FileOutputCommitter: File Output Committer Algorithm version is 1
[2026-01-20T04:27:15.562+0000] {subprocess.py:93} INFO - 26/01/20 04:27:15 INFO FileScanRDD: Reading File path: file:///opt/spark-data/landing/transaction_events_1768879479.1820476.json, range: 37748736-41943040, partition values: [empty row]
[2026-01-20T04:27:15.563+0000] {subprocess.py:93} INFO - 26/01/20 04:27:15 INFO FileOutputCommitter: FileOutputCommitter skip cleanup _temporary folders under output directory:false, ignore cleanup failures: false
[2026-01-20T04:27:15.564+0000] {subprocess.py:93} INFO - 26/01/20 04:27:15 INFO FileOutputCommitter: FileOutputCommitter skip cleanup _temporary folders under output directory:false, ignore cleanup failures: false
[2026-01-20T04:27:15.565+0000] {subprocess.py:93} INFO - 26/01/20 04:27:15 INFO FileScanRDD: Reading File path: file:///opt/spark-data/landing/transaction_events_1768879479.1820476.json, range: 4194304-8388608, partition values: [empty row]
[2026-01-20T04:27:15.566+0000] {subprocess.py:93} INFO - 26/01/20 04:27:15 INFO FileOutputCommitter: File Output Committer Algorithm version is 1
[2026-01-20T04:27:15.566+0000] {subprocess.py:93} INFO - 26/01/20 04:27:15 INFO SQLHadoopMapReduceCommitProtocol: Using output committer class org.apache.hadoop.mapreduce.lib.output.FileOutputCommitter
[2026-01-20T04:27:15.567+0000] {subprocess.py:93} INFO - 26/01/20 04:27:15 INFO FileOutputCommitter: File Output Committer Algorithm version is 1
[2026-01-20T04:27:15.568+0000] {subprocess.py:93} INFO - 26/01/20 04:27:15 INFO SQLHadoopMapReduceCommitProtocol: Using output committer class org.apache.hadoop.mapreduce.lib.output.FileOutputCommitter
[2026-01-20T04:27:15.570+0000] {subprocess.py:93} INFO - 26/01/20 04:27:15 INFO FileScanRDD: Reading File path: file:///opt/spark-data/landing/transaction_events_1768879479.1820476.json, range: 20971520-25165824, partition values: [empty row]
[2026-01-20T04:27:15.571+0000] {subprocess.py:93} INFO - 26/01/20 04:27:15 INFO FileOutputCommitter: File Output Committer Algorithm version is 1
[2026-01-20T04:27:15.572+0000] {subprocess.py:93} INFO - 26/01/20 04:27:15 INFO FileOutputCommitter: FileOutputCommitter skip cleanup _temporary folders under output directory:false, ignore cleanup failures: false
[2026-01-20T04:27:15.573+0000] {subprocess.py:93} INFO - 26/01/20 04:27:15 INFO FileOutputCommitter: FileOutputCommitter skip cleanup _temporary folders under output directory:false, ignore cleanup failures: false
[2026-01-20T04:27:15.574+0000] {subprocess.py:93} INFO - 26/01/20 04:27:15 INFO FileOutputCommitter: File Output Committer Algorithm version is 1
[2026-01-20T04:27:15.575+0000] {subprocess.py:93} INFO - 26/01/20 04:27:15 INFO FileOutputCommitter: FileOutputCommitter skip cleanup _temporary folders under output directory:false, ignore cleanup failures: false
[2026-01-20T04:27:15.576+0000] {subprocess.py:93} INFO - 26/01/20 04:27:15 INFO FileOutputCommitter: File Output Committer Algorithm version is 1
[2026-01-20T04:27:15.576+0000] {subprocess.py:93} INFO - 26/01/20 04:27:15 INFO SQLHadoopMapReduceCommitProtocol: Using output committer class org.apache.hadoop.mapreduce.lib.output.FileOutputCommitter
[2026-01-20T04:27:15.577+0000] {subprocess.py:93} INFO - 26/01/20 04:27:15 INFO FileOutputCommitter: FileOutputCommitter skip cleanup _temporary folders under output directory:false, ignore cleanup failures: false
[2026-01-20T04:27:15.578+0000] {subprocess.py:93} INFO - 26/01/20 04:27:15 INFO FileScanRDD: Reading File path: file:///opt/spark-data/landing/transaction_events_1768879479.1820476.json, range: 16777216-20971520, partition values: [empty row]
[2026-01-20T04:27:15.578+0000] {subprocess.py:93} INFO - 26/01/20 04:27:15 INFO SQLHadoopMapReduceCommitProtocol: Using output committer class org.apache.hadoop.mapreduce.lib.output.FileOutputCommitter
[2026-01-20T04:27:15.579+0000] {subprocess.py:93} INFO - 26/01/20 04:27:15 INFO SQLHadoopMapReduceCommitProtocol: Using output committer class org.apache.hadoop.mapreduce.lib.output.FileOutputCommitter
[2026-01-20T04:27:15.580+0000] {subprocess.py:93} INFO - 26/01/20 04:27:15 INFO FileOutputCommitter: FileOutputCommitter skip cleanup _temporary folders under output directory:false, ignore cleanup failures: false
[2026-01-20T04:27:15.581+0000] {subprocess.py:93} INFO - 26/01/20 04:27:15 INFO FileScanRDD: Reading File path: file:///opt/spark-data/landing/transaction_events_1768879479.1820476.json, range: 29360128-33554432, partition values: [empty row]
[2026-01-20T04:27:15.581+0000] {subprocess.py:93} INFO - 26/01/20 04:27:15 INFO FileScanRDD: Reading File path: file:///opt/spark-data/landing/transaction_events_1768879479.1820476.json, range: 33554432-37748736, partition values: [empty row]
[2026-01-20T04:27:15.582+0000] {subprocess.py:93} INFO - 26/01/20 04:27:15 INFO SQLHadoopMapReduceCommitProtocol: Using output committer class org.apache.hadoop.mapreduce.lib.output.FileOutputCommitter
[2026-01-20T04:27:15.583+0000] {subprocess.py:93} INFO - 26/01/20 04:27:15 INFO SQLHadoopMapReduceCommitProtocol: Using output committer class org.apache.hadoop.mapreduce.lib.output.FileOutputCommitter
[2026-01-20T04:27:15.584+0000] {subprocess.py:93} INFO - 26/01/20 04:27:15 INFO SQLHadoopMapReduceCommitProtocol: Using output committer class org.apache.hadoop.mapreduce.lib.output.FileOutputCommitter
[2026-01-20T04:27:15.585+0000] {subprocess.py:93} INFO - 26/01/20 04:27:15 INFO FileScanRDD: Reading File path: file:///opt/spark-data/landing/transaction_events_1768879479.1820476.json, range: 8388608-12582912, partition values: [empty row]
[2026-01-20T04:27:15.588+0000] {subprocess.py:93} INFO - 26/01/20 04:27:15 INFO FileScanRDD: Reading File path: file:///opt/spark-data/landing/transaction_events_1768879479.1820476.json, range: 50331648-51561162, partition values: [empty row]
[2026-01-20T04:27:15.589+0000] {subprocess.py:93} INFO - 26/01/20 04:27:15 INFO FileScanRDD: Reading File path: file:///opt/spark-data/landing/transaction_events_1768879479.1820476.json, range: 41943040-46137344, partition values: [empty row]
[2026-01-20T04:27:15.591+0000] {subprocess.py:93} INFO - 26/01/20 04:27:15 INFO SQLHadoopMapReduceCommitProtocol: Using output committer class org.apache.hadoop.mapreduce.lib.output.FileOutputCommitter
[2026-01-20T04:27:15.592+0000] {subprocess.py:93} INFO - 26/01/20 04:27:15 INFO SQLHadoopMapReduceCommitProtocol: Using output committer class org.apache.hadoop.mapreduce.lib.output.FileOutputCommitter
[2026-01-20T04:27:15.593+0000] {subprocess.py:93} INFO - 26/01/20 04:27:15 INFO FileScanRDD: Reading File path: file:///opt/spark-data/landing/transaction_events_1768879479.1820476.json, range: 25165824-29360128, partition values: [empty row]
[2026-01-20T04:27:15.595+0000] {subprocess.py:93} INFO - 26/01/20 04:27:15 INFO FileScanRDD: Reading File path: file:///opt/spark-data/landing/transaction_events_1768879479.1820476.json, range: 12582912-16777216, partition values: [empty row]
[2026-01-20T04:27:15.597+0000] {subprocess.py:93} INFO - 26/01/20 04:27:15 INFO FileOutputCommitter: File Output Committer Algorithm version is 1
[2026-01-20T04:27:15.598+0000] {subprocess.py:93} INFO - 26/01/20 04:27:15 INFO FileOutputCommitter: FileOutputCommitter skip cleanup _temporary folders under output directory:false, ignore cleanup failures: false
[2026-01-20T04:27:15.600+0000] {subprocess.py:93} INFO - 26/01/20 04:27:15 INFO SQLHadoopMapReduceCommitProtocol: Using output committer class org.apache.hadoop.mapreduce.lib.output.FileOutputCommitter
[2026-01-20T04:27:15.602+0000] {subprocess.py:93} INFO - 26/01/20 04:27:15 INFO FileScanRDD: Reading File path: file:///opt/spark-data/landing/transaction_events_1768879479.1820476.json, range: 46137344-50331648, partition values: [empty row]
[2026-01-20T04:27:15.604+0000] {subprocess.py:93} INFO - 26/01/20 04:27:15 INFO CodeGenerator: Code generated in 13.804995 ms
[2026-01-20T04:27:15.606+0000] {subprocess.py:93} INFO - 26/01/20 04:27:15 INFO CodeGenerator: Code generated in 4.261758 ms
[2026-01-20T04:27:15.779+0000] {subprocess.py:93} INFO - 26/01/20 04:27:15 INFO FileScanRDD: Reading File path: file:///opt/spark-data/landing/transaction_events_1768879479.1820476.json, range: 0-4194304, partition values: [empty row]
[2026-01-20T04:27:16.193+0000] {subprocess.py:93} INFO - 26/01/20 04:27:16 INFO FileOutputCommitter: Saved output of task 'attempt_202601200427159001439052983833379_0008_m_000012_63' to file:/opt/spark-data/gold/advertising/_temporary/0/task_202601200427159001439052983833379_0008_m_000012
[2026-01-20T04:27:16.196+0000] {subprocess.py:93} INFO - 26/01/20 04:27:16 INFO SparkHadoopMapRedUtil: attempt_202601200427159001439052983833379_0008_m_000012_63: Committed. Elapsed time: 72 ms.
[2026-01-20T04:27:16.212+0000] {subprocess.py:93} INFO - 26/01/20 04:27:16 INFO Executor: Finished task 12.0 in stage 8.0 (TID 63). 2936 bytes result sent to driver
[2026-01-20T04:27:16.217+0000] {subprocess.py:93} INFO - 26/01/20 04:27:16 INFO TaskSetManager: Finished task 12.0 in stage 8.0 (TID 63) in 802 ms on 519d7d29de3d (executor driver) (1/13)
[2026-01-20T04:27:16.422+0000] {subprocess.py:93} INFO - 26/01/20 04:27:16 INFO FileOutputCommitter: Saved output of task 'attempt_202601200427159001439052983833379_0008_m_000007_58' to file:/opt/spark-data/gold/advertising/_temporary/0/task_202601200427159001439052983833379_0008_m_000007
[2026-01-20T04:27:16.423+0000] {subprocess.py:93} INFO - 26/01/20 04:27:16 INFO SparkHadoopMapRedUtil: attempt_202601200427159001439052983833379_0008_m_000007_58: Committed. Elapsed time: 55 ms.
[2026-01-20T04:27:16.424+0000] {subprocess.py:93} INFO - 26/01/20 04:27:16 INFO Executor: Finished task 7.0 in stage 8.0 (TID 58). 2893 bytes result sent to driver
[2026-01-20T04:27:16.426+0000] {subprocess.py:93} INFO - 26/01/20 04:27:16 INFO TaskSetManager: Finished task 7.0 in stage 8.0 (TID 58) in 1013 ms on 519d7d29de3d (executor driver) (2/13)
[2026-01-20T04:27:16.442+0000] {subprocess.py:93} INFO - 26/01/20 04:27:16 INFO FileOutputCommitter: Saved output of task 'attempt_202601200427159001439052983833379_0008_m_000004_55' to file:/opt/spark-data/gold/advertising/_temporary/0/task_202601200427159001439052983833379_0008_m_000004
[2026-01-20T04:27:16.443+0000] {subprocess.py:93} INFO - 26/01/20 04:27:16 INFO SparkHadoopMapRedUtil: attempt_202601200427159001439052983833379_0008_m_000004_55: Committed. Elapsed time: 53 ms.
[2026-01-20T04:27:16.444+0000] {subprocess.py:93} INFO - 26/01/20 04:27:16 INFO Executor: Finished task 4.0 in stage 8.0 (TID 55). 2893 bytes result sent to driver
[2026-01-20T04:27:16.445+0000] {subprocess.py:93} INFO - 26/01/20 04:27:16 INFO TaskSetManager: Finished task 4.0 in stage 8.0 (TID 55) in 1032 ms on 519d7d29de3d (executor driver) (3/13)
[2026-01-20T04:27:16.449+0000] {subprocess.py:93} INFO - 26/01/20 04:27:16 INFO FileOutputCommitter: Saved output of task 'attempt_202601200427159001439052983833379_0008_m_000005_56' to file:/opt/spark-data/gold/advertising/_temporary/0/task_202601200427159001439052983833379_0008_m_000005
[2026-01-20T04:27:16.451+0000] {subprocess.py:93} INFO - 26/01/20 04:27:16 INFO SparkHadoopMapRedUtil: attempt_202601200427159001439052983833379_0008_m_000005_56: Committed. Elapsed time: 58 ms.
[2026-01-20T04:27:16.452+0000] {subprocess.py:93} INFO - 26/01/20 04:27:16 INFO Executor: Finished task 5.0 in stage 8.0 (TID 56). 2893 bytes result sent to driver
[2026-01-20T04:27:16.453+0000] {subprocess.py:93} INFO - 26/01/20 04:27:16 INFO TaskSetManager: Finished task 5.0 in stage 8.0 (TID 56) in 1041 ms on 519d7d29de3d (executor driver) (4/13)
[2026-01-20T04:27:16.457+0000] {subprocess.py:93} INFO - 26/01/20 04:27:16 INFO FileOutputCommitter: Saved output of task 'attempt_202601200427159001439052983833379_0008_m_000006_57' to file:/opt/spark-data/gold/advertising/_temporary/0/task_202601200427159001439052983833379_0008_m_000006
[2026-01-20T04:27:16.458+0000] {subprocess.py:93} INFO - 26/01/20 04:27:16 INFO SparkHadoopMapRedUtil: attempt_202601200427159001439052983833379_0008_m_000006_57: Committed. Elapsed time: 66 ms.
[2026-01-20T04:27:16.459+0000] {subprocess.py:93} INFO - 26/01/20 04:27:16 INFO Executor: Finished task 6.0 in stage 8.0 (TID 57). 2893 bytes result sent to driver
[2026-01-20T04:27:16.459+0000] {subprocess.py:93} INFO - 26/01/20 04:27:16 INFO TaskSetManager: Finished task 6.0 in stage 8.0 (TID 57) in 1047 ms on 519d7d29de3d (executor driver) (5/13)
[2026-01-20T04:27:16.463+0000] {subprocess.py:93} INFO - 26/01/20 04:27:16 INFO FileOutputCommitter: Saved output of task 'attempt_202601200427159001439052983833379_0008_m_000009_60' to file:/opt/spark-data/gold/advertising/_temporary/0/task_202601200427159001439052983833379_0008_m_000009
[2026-01-20T04:27:16.464+0000] {subprocess.py:93} INFO - 26/01/20 04:27:16 INFO SparkHadoopMapRedUtil: attempt_202601200427159001439052983833379_0008_m_000009_60: Committed. Elapsed time: 71 ms.
[2026-01-20T04:27:16.465+0000] {subprocess.py:93} INFO - 26/01/20 04:27:16 INFO Executor: Finished task 9.0 in stage 8.0 (TID 60). 2893 bytes result sent to driver
[2026-01-20T04:27:16.466+0000] {subprocess.py:93} INFO - 26/01/20 04:27:16 INFO TaskSetManager: Finished task 9.0 in stage 8.0 (TID 60) in 1053 ms on 519d7d29de3d (executor driver) (6/13)
[2026-01-20T04:27:16.469+0000] {subprocess.py:93} INFO - 26/01/20 04:27:16 INFO FileOutputCommitter: Saved output of task 'attempt_202601200427159001439052983833379_0008_m_000001_52' to file:/opt/spark-data/gold/advertising/_temporary/0/task_202601200427159001439052983833379_0008_m_000001
[2026-01-20T04:27:16.470+0000] {subprocess.py:93} INFO - 26/01/20 04:27:16 INFO SparkHadoopMapRedUtil: attempt_202601200427159001439052983833379_0008_m_000001_52: Committed. Elapsed time: 75 ms.
[2026-01-20T04:27:16.471+0000] {subprocess.py:93} INFO - 26/01/20 04:27:16 INFO Executor: Finished task 1.0 in stage 8.0 (TID 52). 2893 bytes result sent to driver
[2026-01-20T04:27:16.472+0000] {subprocess.py:93} INFO - 26/01/20 04:27:16 INFO TaskSetManager: Finished task 1.0 in stage 8.0 (TID 52) in 1060 ms on 519d7d29de3d (executor driver) (7/13)
[2026-01-20T04:27:16.477+0000] {subprocess.py:93} INFO - 26/01/20 04:27:16 INFO FileOutputCommitter: Saved output of task 'attempt_202601200427159001439052983833379_0008_m_000011_62' to file:/opt/spark-data/gold/advertising/_temporary/0/task_202601200427159001439052983833379_0008_m_000011
[2026-01-20T04:27:16.478+0000] {subprocess.py:93} INFO - 26/01/20 04:27:16 INFO SparkHadoopMapRedUtil: attempt_202601200427159001439052983833379_0008_m_000011_62: Committed. Elapsed time: 82 ms.
[2026-01-20T04:27:16.479+0000] {subprocess.py:93} INFO - 26/01/20 04:27:16 INFO Executor: Finished task 11.0 in stage 8.0 (TID 62). 2893 bytes result sent to driver
[2026-01-20T04:27:16.481+0000] {subprocess.py:93} INFO - 26/01/20 04:27:16 INFO TaskSetManager: Finished task 11.0 in stage 8.0 (TID 62) in 1067 ms on 519d7d29de3d (executor driver) (8/13)
[2026-01-20T04:27:16.484+0000] {subprocess.py:93} INFO - 26/01/20 04:27:16 INFO FileOutputCommitter: Saved output of task 'attempt_202601200427159001439052983833379_0008_m_000000_51' to file:/opt/spark-data/gold/advertising/_temporary/0/task_202601200427159001439052983833379_0008_m_000000
[2026-01-20T04:27:16.485+0000] {subprocess.py:93} INFO - 26/01/20 04:27:16 INFO SparkHadoopMapRedUtil: attempt_202601200427159001439052983833379_0008_m_000000_51: Committed. Elapsed time: 89 ms.
[2026-01-20T04:27:16.487+0000] {subprocess.py:93} INFO - 26/01/20 04:27:16 INFO Executor: Finished task 0.0 in stage 8.0 (TID 51). 2893 bytes result sent to driver
[2026-01-20T04:27:16.488+0000] {subprocess.py:93} INFO - 26/01/20 04:27:16 INFO TaskSetManager: Finished task 0.0 in stage 8.0 (TID 51) in 1077 ms on 519d7d29de3d (executor driver) (9/13)
[2026-01-20T04:27:16.492+0000] {subprocess.py:93} INFO - 26/01/20 04:27:16 INFO FileOutputCommitter: Saved output of task 'attempt_202601200427159001439052983833379_0008_m_000002_53' to file:/opt/spark-data/gold/advertising/_temporary/0/task_202601200427159001439052983833379_0008_m_000002
[2026-01-20T04:27:16.493+0000] {subprocess.py:93} INFO - 26/01/20 04:27:16 INFO SparkHadoopMapRedUtil: attempt_202601200427159001439052983833379_0008_m_000002_53: Committed. Elapsed time: 90 ms.
[2026-01-20T04:27:16.496+0000] {subprocess.py:93} INFO - 26/01/20 04:27:16 INFO Executor: Finished task 2.0 in stage 8.0 (TID 53). 2893 bytes result sent to driver
[2026-01-20T04:27:16.497+0000] {subprocess.py:93} INFO - 26/01/20 04:27:16 INFO TaskSetManager: Finished task 2.0 in stage 8.0 (TID 53) in 1086 ms on 519d7d29de3d (executor driver) (10/13)
[2026-01-20T04:27:16.500+0000] {subprocess.py:93} INFO - 26/01/20 04:27:16 INFO FileOutputCommitter: Saved output of task 'attempt_202601200427159001439052983833379_0008_m_000003_54' to file:/opt/spark-data/gold/advertising/_temporary/0/task_202601200427159001439052983833379_0008_m_000003
[2026-01-20T04:27:16.502+0000] {subprocess.py:93} INFO - 26/01/20 04:27:16 INFO SparkHadoopMapRedUtil: attempt_202601200427159001439052983833379_0008_m_000003_54: Committed. Elapsed time: 95 ms.
[2026-01-20T04:27:16.504+0000] {subprocess.py:93} INFO - 26/01/20 04:27:16 INFO Executor: Finished task 3.0 in stage 8.0 (TID 54). 2893 bytes result sent to driver
[2026-01-20T04:27:16.505+0000] {subprocess.py:93} INFO - 26/01/20 04:27:16 INFO TaskSetManager: Finished task 3.0 in stage 8.0 (TID 54) in 1094 ms on 519d7d29de3d (executor driver) (11/13)
[2026-01-20T04:27:16.507+0000] {subprocess.py:93} INFO - 26/01/20 04:27:16 INFO FileOutputCommitter: Saved output of task 'attempt_202601200427159001439052983833379_0008_m_000008_59' to file:/opt/spark-data/gold/advertising/_temporary/0/task_202601200427159001439052983833379_0008_m_000008
[2026-01-20T04:27:16.507+0000] {subprocess.py:93} INFO - 26/01/20 04:27:16 INFO SparkHadoopMapRedUtil: attempt_202601200427159001439052983833379_0008_m_000008_59: Committed. Elapsed time: 98 ms.
[2026-01-20T04:27:16.508+0000] {subprocess.py:93} INFO - 26/01/20 04:27:16 INFO Executor: Finished task 8.0 in stage 8.0 (TID 59). 2893 bytes result sent to driver
[2026-01-20T04:27:16.509+0000] {subprocess.py:93} INFO - 26/01/20 04:27:16 INFO TaskSetManager: Finished task 8.0 in stage 8.0 (TID 59) in 1096 ms on 519d7d29de3d (executor driver) (12/13)
[2026-01-20T04:27:16.513+0000] {subprocess.py:93} INFO - 26/01/20 04:27:16 INFO FileOutputCommitter: Saved output of task 'attempt_202601200427159001439052983833379_0008_m_000010_61' to file:/opt/spark-data/gold/advertising/_temporary/0/task_202601200427159001439052983833379_0008_m_000010
[2026-01-20T04:27:16.514+0000] {subprocess.py:93} INFO - 26/01/20 04:27:16 INFO SparkHadoopMapRedUtil: attempt_202601200427159001439052983833379_0008_m_000010_61: Committed. Elapsed time: 95 ms.
[2026-01-20T04:27:16.516+0000] {subprocess.py:93} INFO - 26/01/20 04:27:16 INFO Executor: Finished task 10.0 in stage 8.0 (TID 61). 2893 bytes result sent to driver
[2026-01-20T04:27:16.519+0000] {subprocess.py:93} INFO - 26/01/20 04:27:16 INFO TaskSetManager: Finished task 10.0 in stage 8.0 (TID 61) in 1105 ms on 519d7d29de3d (executor driver) (13/13)
[2026-01-20T04:27:16.519+0000] {subprocess.py:93} INFO - 26/01/20 04:27:16 INFO TaskSchedulerImpl: Removed TaskSet 8.0, whose tasks have all completed, from pool
[2026-01-20T04:27:16.520+0000] {subprocess.py:93} INFO - 26/01/20 04:27:16 INFO DAGScheduler: ResultStage 8 (csv at NativeMethodAccessorImpl.java:0) finished in 1.141 s
[2026-01-20T04:27:16.521+0000] {subprocess.py:93} INFO - 26/01/20 04:27:16 INFO DAGScheduler: Job 6 is finished. Cancelling potential speculative or zombie tasks for this job
[2026-01-20T04:27:16.522+0000] {subprocess.py:93} INFO - 26/01/20 04:27:16 INFO TaskSchedulerImpl: Killing all running tasks in stage 8: Stage finished
[2026-01-20T04:27:16.523+0000] {subprocess.py:93} INFO - 26/01/20 04:27:16 INFO DAGScheduler: Job 6 finished: csv at NativeMethodAccessorImpl.java:0, took 1.147107 s
[2026-01-20T04:27:16.523+0000] {subprocess.py:93} INFO - 26/01/20 04:27:16 INFO FileFormatWriter: Start to commit write Job dbc72857-f03d-4758-a8d1-9b5b656027c5.
[2026-01-20T04:27:17.860+0000] {subprocess.py:93} INFO - 26/01/20 04:27:17 INFO FileFormatWriter: Write Job dbc72857-f03d-4758-a8d1-9b5b656027c5 committed. Elapsed time: 1336 ms.
[2026-01-20T04:27:17.862+0000] {subprocess.py:93} INFO - 26/01/20 04:27:17 INFO FileFormatWriter: Finished processing stats for write job dbc72857-f03d-4758-a8d1-9b5b656027c5.
[2026-01-20T04:27:18.058+0000] {subprocess.py:93} INFO - 26/01/20 04:27:18 INFO FileSourceStrategy: Pushed Filters:
[2026-01-20T04:27:18.059+0000] {subprocess.py:93} INFO - 26/01/20 04:27:18 INFO FileSourceStrategy: Post-Scan Filters:
[2026-01-20T04:27:18.086+0000] {subprocess.py:93} INFO - 26/01/20 04:27:18 INFO CodeGenerator: Code generated in 7.35563 ms
[2026-01-20T04:27:18.091+0000] {subprocess.py:93} INFO - 26/01/20 04:27:18 INFO MemoryStore: Block broadcast_14 stored as values in memory (estimated size 199.1 KiB, free 422.3 MiB)
[2026-01-20T04:27:18.100+0000] {subprocess.py:93} INFO - 26/01/20 04:27:18 INFO MemoryStore: Block broadcast_14_piece0 stored as bytes in memory (estimated size 34.2 KiB, free 422.3 MiB)
[2026-01-20T04:27:18.101+0000] {subprocess.py:93} INFO - 26/01/20 04:27:18 INFO BlockManagerInfo: Added broadcast_14_piece0 in memory on 519d7d29de3d:44345 (size: 34.2 KiB, free: 432.6 MiB)
[2026-01-20T04:27:18.102+0000] {subprocess.py:93} INFO - 26/01/20 04:27:18 INFO SparkContext: Created broadcast 14 from csv at NativeMethodAccessorImpl.java:0
[2026-01-20T04:27:18.103+0000] {subprocess.py:93} INFO - 26/01/20 04:27:18 INFO FileSourceScanExec: Planning scan with bin packing, max size: 4194304 bytes, open cost is considered as scanning 4194304 bytes.
[2026-01-20T04:27:18.109+0000] {subprocess.py:93} INFO - 26/01/20 04:27:18 INFO DAGScheduler: Registering RDD 34 (csv at NativeMethodAccessorImpl.java:0) as input to shuffle 2
[2026-01-20T04:27:18.110+0000] {subprocess.py:93} INFO - 26/01/20 04:27:18 INFO DAGScheduler: Got map stage job 7 (csv at NativeMethodAccessorImpl.java:0) with 13 output partitions
[2026-01-20T04:27:18.111+0000] {subprocess.py:93} INFO - 26/01/20 04:27:18 INFO DAGScheduler: Final stage: ShuffleMapStage 9 (csv at NativeMethodAccessorImpl.java:0)
[2026-01-20T04:27:18.112+0000] {subprocess.py:93} INFO - 26/01/20 04:27:18 INFO DAGScheduler: Parents of final stage: List()
[2026-01-20T04:27:18.113+0000] {subprocess.py:93} INFO - 26/01/20 04:27:18 INFO DAGScheduler: Missing parents: List()
[2026-01-20T04:27:18.114+0000] {subprocess.py:93} INFO - 26/01/20 04:27:18 INFO DAGScheduler: Submitting ShuffleMapStage 9 (MapPartitionsRDD[34] at csv at NativeMethodAccessorImpl.java:0), which has no missing parents
[2026-01-20T04:27:18.114+0000] {subprocess.py:93} INFO - 26/01/20 04:27:18 INFO MemoryStore: Block broadcast_15 stored as values in memory (estimated size 18.5 KiB, free 422.3 MiB)
[2026-01-20T04:27:18.115+0000] {subprocess.py:93} INFO - 26/01/20 04:27:18 INFO MemoryStore: Block broadcast_15_piece0 stored as bytes in memory (estimated size 8.8 KiB, free 422.3 MiB)
[2026-01-20T04:27:18.116+0000] {subprocess.py:93} INFO - 26/01/20 04:27:18 INFO BlockManagerInfo: Added broadcast_15_piece0 in memory on 519d7d29de3d:44345 (size: 8.8 KiB, free: 432.6 MiB)
[2026-01-20T04:27:18.117+0000] {subprocess.py:93} INFO - 26/01/20 04:27:18 INFO SparkContext: Created broadcast 15 from broadcast at DAGScheduler.scala:1580
[2026-01-20T04:27:18.118+0000] {subprocess.py:93} INFO - 26/01/20 04:27:18 INFO DAGScheduler: Submitting 13 missing tasks from ShuffleMapStage 9 (MapPartitionsRDD[34] at csv at NativeMethodAccessorImpl.java:0) (first 15 tasks are for partitions Vector(0, 1, 2, 3, 4, 5, 6, 7, 8, 9, 10, 11, 12))
[2026-01-20T04:27:18.119+0000] {subprocess.py:93} INFO - 26/01/20 04:27:18 INFO TaskSchedulerImpl: Adding task set 9.0 with 13 tasks resource profile 0
[2026-01-20T04:27:18.120+0000] {subprocess.py:93} INFO - 26/01/20 04:27:18 INFO TaskSetManager: Starting task 0.0 in stage 9.0 (TID 64) (519d7d29de3d, executor driver, partition 0, PROCESS_LOCAL, 8240 bytes)
[2026-01-20T04:27:18.121+0000] {subprocess.py:93} INFO - 26/01/20 04:27:18 INFO TaskSetManager: Starting task 1.0 in stage 9.0 (TID 65) (519d7d29de3d, executor driver, partition 1, PROCESS_LOCAL, 8240 bytes)
[2026-01-20T04:27:18.121+0000] {subprocess.py:93} INFO - 26/01/20 04:27:18 INFO TaskSetManager: Starting task 2.0 in stage 9.0 (TID 66) (519d7d29de3d, executor driver, partition 2, PROCESS_LOCAL, 8240 bytes)
[2026-01-20T04:27:18.122+0000] {subprocess.py:93} INFO - 26/01/20 04:27:18 INFO TaskSetManager: Starting task 3.0 in stage 9.0 (TID 67) (519d7d29de3d, executor driver, partition 3, PROCESS_LOCAL, 8240 bytes)
[2026-01-20T04:27:18.123+0000] {subprocess.py:93} INFO - 26/01/20 04:27:18 INFO TaskSetManager: Starting task 4.0 in stage 9.0 (TID 68) (519d7d29de3d, executor driver, partition 4, PROCESS_LOCAL, 8240 bytes)
[2026-01-20T04:27:18.124+0000] {subprocess.py:93} INFO - 26/01/20 04:27:18 INFO TaskSetManager: Starting task 5.0 in stage 9.0 (TID 69) (519d7d29de3d, executor driver, partition 5, PROCESS_LOCAL, 8240 bytes)
[2026-01-20T04:27:18.125+0000] {subprocess.py:93} INFO - 26/01/20 04:27:18 INFO TaskSetManager: Starting task 6.0 in stage 9.0 (TID 70) (519d7d29de3d, executor driver, partition 6, PROCESS_LOCAL, 8240 bytes)
[2026-01-20T04:27:18.126+0000] {subprocess.py:93} INFO - 26/01/20 04:27:18 INFO TaskSetManager: Starting task 7.0 in stage 9.0 (TID 71) (519d7d29de3d, executor driver, partition 7, PROCESS_LOCAL, 8240 bytes)
[2026-01-20T04:27:18.127+0000] {subprocess.py:93} INFO - 26/01/20 04:27:18 INFO TaskSetManager: Starting task 8.0 in stage 9.0 (TID 72) (519d7d29de3d, executor driver, partition 8, PROCESS_LOCAL, 8240 bytes)
[2026-01-20T04:27:18.128+0000] {subprocess.py:93} INFO - 26/01/20 04:27:18 INFO TaskSetManager: Starting task 9.0 in stage 9.0 (TID 73) (519d7d29de3d, executor driver, partition 9, PROCESS_LOCAL, 8240 bytes)
[2026-01-20T04:27:18.130+0000] {subprocess.py:93} INFO - 26/01/20 04:27:18 INFO TaskSetManager: Starting task 10.0 in stage 9.0 (TID 74) (519d7d29de3d, executor driver, partition 10, PROCESS_LOCAL, 8240 bytes)
[2026-01-20T04:27:18.131+0000] {subprocess.py:93} INFO - 26/01/20 04:27:18 INFO TaskSetManager: Starting task 11.0 in stage 9.0 (TID 75) (519d7d29de3d, executor driver, partition 11, PROCESS_LOCAL, 8240 bytes)
[2026-01-20T04:27:18.132+0000] {subprocess.py:93} INFO - 26/01/20 04:27:18 INFO TaskSetManager: Starting task 12.0 in stage 9.0 (TID 76) (519d7d29de3d, executor driver, partition 12, PROCESS_LOCAL, 8240 bytes)
[2026-01-20T04:27:18.133+0000] {subprocess.py:93} INFO - 26/01/20 04:27:18 INFO Executor: Running task 4.0 in stage 9.0 (TID 68)
[2026-01-20T04:27:18.134+0000] {subprocess.py:93} INFO - 26/01/20 04:27:18 INFO Executor: Running task 6.0 in stage 9.0 (TID 70)
[2026-01-20T04:27:18.135+0000] {subprocess.py:93} INFO - 26/01/20 04:27:18 INFO Executor: Running task 3.0 in stage 9.0 (TID 67)
[2026-01-20T04:27:18.136+0000] {subprocess.py:93} INFO - 26/01/20 04:27:18 INFO Executor: Running task 1.0 in stage 9.0 (TID 65)
[2026-01-20T04:27:18.137+0000] {subprocess.py:93} INFO - 26/01/20 04:27:18 INFO Executor: Running task 7.0 in stage 9.0 (TID 71)
[2026-01-20T04:27:18.138+0000] {subprocess.py:93} INFO - 26/01/20 04:27:18 INFO Executor: Running task 5.0 in stage 9.0 (TID 69)
[2026-01-20T04:27:18.139+0000] {subprocess.py:93} INFO - 26/01/20 04:27:18 INFO Executor: Running task 2.0 in stage 9.0 (TID 66)
[2026-01-20T04:27:18.140+0000] {subprocess.py:93} INFO - 26/01/20 04:27:18 INFO Executor: Running task 9.0 in stage 9.0 (TID 73)
[2026-01-20T04:27:18.141+0000] {subprocess.py:93} INFO - 26/01/20 04:27:18 INFO Executor: Running task 8.0 in stage 9.0 (TID 72)
[2026-01-20T04:27:18.142+0000] {subprocess.py:93} INFO - 26/01/20 04:27:18 INFO Executor: Running task 11.0 in stage 9.0 (TID 75)
[2026-01-20T04:27:18.143+0000] {subprocess.py:93} INFO - 26/01/20 04:27:18 INFO Executor: Running task 12.0 in stage 9.0 (TID 76)
[2026-01-20T04:27:18.144+0000] {subprocess.py:93} INFO - 26/01/20 04:27:18 INFO Executor: Running task 10.0 in stage 9.0 (TID 74)
[2026-01-20T04:27:18.145+0000] {subprocess.py:93} INFO - 26/01/20 04:27:18 INFO Executor: Running task 0.0 in stage 9.0 (TID 64)
[2026-01-20T04:27:18.146+0000] {subprocess.py:93} INFO - 26/01/20 04:27:18 INFO CodeGenerator: Code generated in 7.211994 ms
[2026-01-20T04:27:18.150+0000] {subprocess.py:93} INFO - 26/01/20 04:27:18 INFO CodeGenerator: Code generated in 10.778462 ms
[2026-01-20T04:27:18.155+0000] {subprocess.py:93} INFO - 26/01/20 04:27:18 INFO FileScanRDD: Reading File path: file:///opt/spark-data/landing/transaction_events_1768879479.1820476.json, range: 29360128-33554432, partition values: [empty row]
[2026-01-20T04:27:18.158+0000] {subprocess.py:93} INFO - 26/01/20 04:27:18 INFO FileScanRDD: Reading File path: file:///opt/spark-data/landing/transaction_events_1768879479.1820476.json, range: 41943040-46137344, partition values: [empty row]
[2026-01-20T04:27:18.159+0000] {subprocess.py:93} INFO - 26/01/20 04:27:18 INFO FileScanRDD: Reading File path: file:///opt/spark-data/landing/transaction_events_1768879479.1820476.json, range: 33554432-37748736, partition values: [empty row]
[2026-01-20T04:27:18.161+0000] {subprocess.py:93} INFO - 26/01/20 04:27:18 INFO FileScanRDD: Reading File path: file:///opt/spark-data/landing/transaction_events_1768879479.1820476.json, range: 4194304-8388608, partition values: [empty row]
[2026-01-20T04:27:18.162+0000] {subprocess.py:93} INFO - 26/01/20 04:27:18 INFO FileScanRDD: Reading File path: file:///opt/spark-data/landing/transaction_events_1768879479.1820476.json, range: 8388608-12582912, partition values: [empty row]
[2026-01-20T04:27:18.163+0000] {subprocess.py:93} INFO - 26/01/20 04:27:18 INFO FileScanRDD: Reading File path: file:///opt/spark-data/landing/transaction_events_1768879479.1820476.json, range: 37748736-41943040, partition values: [empty row]
[2026-01-20T04:27:18.164+0000] {subprocess.py:93} INFO - 26/01/20 04:27:18 INFO FileScanRDD: Reading File path: file:///opt/spark-data/landing/transaction_events_1768879479.1820476.json, range: 20971520-25165824, partition values: [empty row]
[2026-01-20T04:27:18.165+0000] {subprocess.py:93} INFO - 26/01/20 04:27:18 INFO FileScanRDD: Reading File path: file:///opt/spark-data/landing/transaction_events_1768879479.1820476.json, range: 0-4194304, partition values: [empty row]
[2026-01-20T04:27:18.166+0000] {subprocess.py:93} INFO - 26/01/20 04:27:18 INFO FileScanRDD: Reading File path: file:///opt/spark-data/landing/transaction_events_1768879479.1820476.json, range: 16777216-20971520, partition values: [empty row]
[2026-01-20T04:27:18.166+0000] {subprocess.py:93} INFO - 26/01/20 04:27:18 INFO FileScanRDD: Reading File path: file:///opt/spark-data/landing/transaction_events_1768879479.1820476.json, range: 46137344-50331648, partition values: [empty row]
[2026-01-20T04:27:18.167+0000] {subprocess.py:93} INFO - 26/01/20 04:27:18 INFO FileScanRDD: Reading File path: file:///opt/spark-data/landing/transaction_events_1768879479.1820476.json, range: 50331648-51561162, partition values: [empty row]
[2026-01-20T04:27:18.168+0000] {subprocess.py:93} INFO - 26/01/20 04:27:18 INFO FileScanRDD: Reading File path: file:///opt/spark-data/landing/transaction_events_1768879479.1820476.json, range: 12582912-16777216, partition values: [empty row]
[2026-01-20T04:27:18.169+0000] {subprocess.py:93} INFO - 26/01/20 04:27:18 INFO FileScanRDD: Reading File path: file:///opt/spark-data/landing/transaction_events_1768879479.1820476.json, range: 25165824-29360128, partition values: [empty row]
[2026-01-20T04:27:18.170+0000] {subprocess.py:93} INFO - 26/01/20 04:27:18 INFO CodeGenerator: Code generated in 7.934875 ms
[2026-01-20T04:27:18.462+0000] {subprocess.py:93} INFO - 26/01/20 04:27:18 INFO Executor: Finished task 12.0 in stage 9.0 (TID 76). 2075 bytes result sent to driver
[2026-01-20T04:27:18.464+0000] {subprocess.py:93} INFO - 26/01/20 04:27:18 INFO TaskSetManager: Finished task 12.0 in stage 9.0 (TID 76) in 339 ms on 519d7d29de3d (executor driver) (1/13)
[2026-01-20T04:27:18.507+0000] {subprocess.py:93} INFO - 26/01/20 04:27:18 INFO BlockManagerInfo: Removed broadcast_13_piece0 on 519d7d29de3d:44345 in memory (size: 82.8 KiB, free: 432.7 MiB)
[2026-01-20T04:27:18.518+0000] {subprocess.py:93} INFO - 26/01/20 04:27:18 INFO BlockManagerInfo: Removed broadcast_10_piece0 on 519d7d29de3d:44345 in memory (size: 7.4 KiB, free: 432.7 MiB)
[2026-01-20T04:27:18.539+0000] {subprocess.py:93} INFO - 26/01/20 04:27:18 INFO BlockManagerInfo: Removed broadcast_6_piece0 on 519d7d29de3d:44345 in memory (size: 16.6 KiB, free: 432.7 MiB)
[2026-01-20T04:27:18.546+0000] {subprocess.py:93} INFO - 26/01/20 04:27:18 INFO BlockManagerInfo: Removed broadcast_4_piece0 on 519d7d29de3d:44345 in memory (size: 34.2 KiB, free: 432.7 MiB)
[2026-01-20T04:27:18.553+0000] {subprocess.py:93} INFO - 26/01/20 04:27:18 INFO BlockManagerInfo: Removed broadcast_7_piece0 on 519d7d29de3d:44345 in memory (size: 9.7 KiB, free: 432.7 MiB)
[2026-01-20T04:27:18.561+0000] {subprocess.py:93} INFO - 26/01/20 04:27:18 INFO BlockManagerInfo: Removed broadcast_5_piece0 on 519d7d29de3d:44345 in memory (size: 34.2 KiB, free: 432.8 MiB)
[2026-01-20T04:27:18.734+0000] {subprocess.py:93} INFO - 26/01/20 04:27:18 INFO Executor: Finished task 0.0 in stage 9.0 (TID 64). 2032 bytes result sent to driver
[2026-01-20T04:27:18.735+0000] {subprocess.py:93} INFO - 26/01/20 04:27:18 INFO TaskSetManager: Finished task 0.0 in stage 9.0 (TID 64) in 616 ms on 519d7d29de3d (executor driver) (2/13)
[2026-01-20T04:27:18.753+0000] {subprocess.py:93} INFO - 26/01/20 04:27:18 INFO Executor: Finished task 4.0 in stage 9.0 (TID 68). 2032 bytes result sent to driver
[2026-01-20T04:27:18.754+0000] {subprocess.py:93} INFO - 26/01/20 04:27:18 INFO TaskSetManager: Finished task 4.0 in stage 9.0 (TID 68) in 634 ms on 519d7d29de3d (executor driver) (3/13)
[2026-01-20T04:27:18.785+0000] {subprocess.py:93} INFO - 26/01/20 04:27:18 INFO Executor: Finished task 1.0 in stage 9.0 (TID 65). 2032 bytes result sent to driver
[2026-01-20T04:27:18.786+0000] {subprocess.py:93} INFO - 26/01/20 04:27:18 INFO TaskSetManager: Finished task 1.0 in stage 9.0 (TID 65) in 667 ms on 519d7d29de3d (executor driver) (4/13)
[2026-01-20T04:27:18.788+0000] {subprocess.py:93} INFO - 26/01/20 04:27:18 INFO Executor: Finished task 5.0 in stage 9.0 (TID 69). 2032 bytes result sent to driver
[2026-01-20T04:27:18.789+0000] {subprocess.py:93} INFO - 26/01/20 04:27:18 INFO Executor: Finished task 9.0 in stage 9.0 (TID 73). 2032 bytes result sent to driver
[2026-01-20T04:27:18.790+0000] {subprocess.py:93} INFO - 26/01/20 04:27:18 INFO Executor: Finished task 6.0 in stage 9.0 (TID 70). 2032 bytes result sent to driver
[2026-01-20T04:27:18.791+0000] {subprocess.py:93} INFO - 26/01/20 04:27:18 INFO TaskSetManager: Finished task 9.0 in stage 9.0 (TID 73) in 666 ms on 519d7d29de3d (executor driver) (5/13)
[2026-01-20T04:27:18.792+0000] {subprocess.py:93} INFO - 26/01/20 04:27:18 INFO TaskSetManager: Finished task 5.0 in stage 9.0 (TID 69) in 669 ms on 519d7d29de3d (executor driver) (6/13)
[2026-01-20T04:27:18.792+0000] {subprocess.py:93} INFO - 26/01/20 04:27:18 INFO TaskSetManager: Finished task 6.0 in stage 9.0 (TID 70) in 668 ms on 519d7d29de3d (executor driver) (7/13)
[2026-01-20T04:27:18.793+0000] {subprocess.py:93} INFO - 26/01/20 04:27:18 INFO Executor: Finished task 7.0 in stage 9.0 (TID 71). 2032 bytes result sent to driver
[2026-01-20T04:27:18.794+0000] {subprocess.py:93} INFO - 26/01/20 04:27:18 INFO TaskSetManager: Finished task 7.0 in stage 9.0 (TID 71) in 671 ms on 519d7d29de3d (executor driver) (8/13)
[2026-01-20T04:27:18.796+0000] {subprocess.py:93} INFO - 26/01/20 04:27:18 INFO Executor: Finished task 8.0 in stage 9.0 (TID 72). 2032 bytes result sent to driver
[2026-01-20T04:27:18.797+0000] {subprocess.py:93} INFO - 26/01/20 04:27:18 INFO Executor: Finished task 10.0 in stage 9.0 (TID 74). 2032 bytes result sent to driver
[2026-01-20T04:27:18.798+0000] {subprocess.py:93} INFO - 26/01/20 04:27:18 INFO Executor: Finished task 2.0 in stage 9.0 (TID 66). 2032 bytes result sent to driver
[2026-01-20T04:27:18.799+0000] {subprocess.py:93} INFO - 26/01/20 04:27:18 INFO TaskSetManager: Finished task 8.0 in stage 9.0 (TID 72) in 673 ms on 519d7d29de3d (executor driver) (9/13)
[2026-01-20T04:27:18.800+0000] {subprocess.py:93} INFO - 26/01/20 04:27:18 INFO TaskSetManager: Finished task 10.0 in stage 9.0 (TID 74) in 674 ms on 519d7d29de3d (executor driver) (10/13)
[2026-01-20T04:27:18.801+0000] {subprocess.py:93} INFO - 26/01/20 04:27:18 INFO TaskSetManager: Finished task 2.0 in stage 9.0 (TID 66) in 677 ms on 519d7d29de3d (executor driver) (11/13)
[2026-01-20T04:27:18.802+0000] {subprocess.py:93} INFO - 26/01/20 04:27:18 INFO Executor: Finished task 11.0 in stage 9.0 (TID 75). 2032 bytes result sent to driver
[2026-01-20T04:27:18.803+0000] {subprocess.py:93} INFO - 26/01/20 04:27:18 INFO Executor: Finished task 3.0 in stage 9.0 (TID 67). 2032 bytes result sent to driver
[2026-01-20T04:27:18.804+0000] {subprocess.py:93} INFO - 26/01/20 04:27:18 INFO TaskSetManager: Finished task 11.0 in stage 9.0 (TID 75) in 675 ms on 519d7d29de3d (executor driver) (12/13)
[2026-01-20T04:27:18.805+0000] {subprocess.py:93} INFO - 26/01/20 04:27:18 INFO TaskSetManager: Finished task 3.0 in stage 9.0 (TID 67) in 680 ms on 519d7d29de3d (executor driver) (13/13)
[2026-01-20T04:27:18.806+0000] {subprocess.py:93} INFO - 26/01/20 04:27:18 INFO TaskSchedulerImpl: Removed TaskSet 9.0, whose tasks have all completed, from pool
[2026-01-20T04:27:18.807+0000] {subprocess.py:93} INFO - 26/01/20 04:27:18 INFO DAGScheduler: ShuffleMapStage 9 (csv at NativeMethodAccessorImpl.java:0) finished in 0.689 s
[2026-01-20T04:27:18.808+0000] {subprocess.py:93} INFO - 26/01/20 04:27:18 INFO DAGScheduler: looking for newly runnable stages
[2026-01-20T04:27:18.810+0000] {subprocess.py:93} INFO - 26/01/20 04:27:18 INFO DAGScheduler: running: Set()
[2026-01-20T04:27:18.811+0000] {subprocess.py:93} INFO - 26/01/20 04:27:18 INFO DAGScheduler: waiting: Set()
[2026-01-20T04:27:18.812+0000] {subprocess.py:93} INFO - 26/01/20 04:27:18 INFO DAGScheduler: failed: Set()
[2026-01-20T04:27:18.813+0000] {subprocess.py:93} INFO - 26/01/20 04:27:18 INFO ShufflePartitionsUtil: For shuffle(2), advisory target size: 67108864, actual target size 1048576, minimum partition size: 1048576
[2026-01-20T04:27:18.893+0000] {subprocess.py:93} INFO - 26/01/20 04:27:18 INFO FileOutputCommitter: File Output Committer Algorithm version is 1
[2026-01-20T04:27:18.894+0000] {subprocess.py:93} INFO - 26/01/20 04:27:18 INFO FileOutputCommitter: FileOutputCommitter skip cleanup _temporary folders under output directory:false, ignore cleanup failures: false
[2026-01-20T04:27:18.895+0000] {subprocess.py:93} INFO - 26/01/20 04:27:18 INFO SQLHadoopMapReduceCommitProtocol: Using output committer class org.apache.hadoop.mapreduce.lib.output.FileOutputCommitter
[2026-01-20T04:27:18.976+0000] {subprocess.py:93} INFO - 26/01/20 04:27:18 INFO CodeGenerator: Code generated in 10.835028 ms
[2026-01-20T04:27:19.080+0000] {subprocess.py:93} INFO - 26/01/20 04:27:19 INFO SparkContext: Starting job: csv at NativeMethodAccessorImpl.java:0
[2026-01-20T04:27:19.087+0000] {subprocess.py:93} INFO - 26/01/20 04:27:19 INFO DAGScheduler: Got job 8 (csv at NativeMethodAccessorImpl.java:0) with 1 output partitions
[2026-01-20T04:27:19.089+0000] {subprocess.py:93} INFO - 26/01/20 04:27:19 INFO DAGScheduler: Final stage: ResultStage 11 (csv at NativeMethodAccessorImpl.java:0)
[2026-01-20T04:27:19.090+0000] {subprocess.py:93} INFO - 26/01/20 04:27:19 INFO DAGScheduler: Parents of final stage: List(ShuffleMapStage 10)
[2026-01-20T04:27:19.091+0000] {subprocess.py:93} INFO - 26/01/20 04:27:19 INFO DAGScheduler: Missing parents: List()
[2026-01-20T04:27:19.092+0000] {subprocess.py:93} INFO - 26/01/20 04:27:19 INFO DAGScheduler: Submitting ResultStage 11 (MapPartitionsRDD[41] at csv at NativeMethodAccessorImpl.java:0), which has no missing parents
[2026-01-20T04:27:19.116+0000] {subprocess.py:93} INFO - 26/01/20 04:27:19 INFO MemoryStore: Block broadcast_16 stored as values in memory (estimated size 244.7 KiB, free 422.9 MiB)
[2026-01-20T04:27:19.120+0000] {subprocess.py:93} INFO - 26/01/20 04:27:19 INFO MemoryStore: Block broadcast_16_piece0 stored as bytes in memory (estimated size 91.7 KiB, free 422.8 MiB)
[2026-01-20T04:27:19.121+0000] {subprocess.py:93} INFO - 26/01/20 04:27:19 INFO BlockManagerInfo: Added broadcast_16_piece0 in memory on 519d7d29de3d:44345 (size: 91.7 KiB, free: 432.7 MiB)
[2026-01-20T04:27:19.122+0000] {subprocess.py:93} INFO - 26/01/20 04:27:19 INFO SparkContext: Created broadcast 16 from broadcast at DAGScheduler.scala:1580
[2026-01-20T04:27:19.123+0000] {subprocess.py:93} INFO - 26/01/20 04:27:19 INFO DAGScheduler: Submitting 1 missing tasks from ResultStage 11 (MapPartitionsRDD[41] at csv at NativeMethodAccessorImpl.java:0) (first 15 tasks are for partitions Vector(0))
[2026-01-20T04:27:19.124+0000] {subprocess.py:93} INFO - 26/01/20 04:27:19 INFO TaskSchedulerImpl: Adding task set 11.0 with 1 tasks resource profile 0
[2026-01-20T04:27:19.129+0000] {subprocess.py:93} INFO - 26/01/20 04:27:19 INFO TaskSetManager: Starting task 0.0 in stage 11.0 (TID 77) (519d7d29de3d, executor driver, partition 0, NODE_LOCAL, 7975 bytes)
[2026-01-20T04:27:19.130+0000] {subprocess.py:93} INFO - 26/01/20 04:27:19 INFO Executor: Running task 0.0 in stage 11.0 (TID 77)
[2026-01-20T04:27:19.165+0000] {subprocess.py:93} INFO - 26/01/20 04:27:19 INFO FileOutputCommitter: File Output Committer Algorithm version is 1
[2026-01-20T04:27:19.167+0000] {subprocess.py:93} INFO - 26/01/20 04:27:19 INFO FileOutputCommitter: FileOutputCommitter skip cleanup _temporary folders under output directory:false, ignore cleanup failures: false
[2026-01-20T04:27:19.167+0000] {subprocess.py:93} INFO - 26/01/20 04:27:19 INFO SQLHadoopMapReduceCommitProtocol: Using output committer class org.apache.hadoop.mapreduce.lib.output.FileOutputCommitter
[2026-01-20T04:27:19.371+0000] {subprocess.py:93} INFO - 26/01/20 04:27:19 INFO ShuffleBlockFetcherIterator: Getting 13 (1044.2 KiB) non-empty blocks including 13 (1044.2 KiB) local and 0 (0.0 B) host-local and 0 (0.0 B) push-merged-local and 0 (0.0 B) remote blocks
[2026-01-20T04:27:19.372+0000] {subprocess.py:93} INFO - 26/01/20 04:27:19 INFO ShuffleBlockFetcherIterator: Started 0 remote fetches in 3 ms
[2026-01-20T04:27:19.383+0000] {subprocess.py:93} INFO - 26/01/20 04:27:19 INFO CodeGenerator: Code generated in 10.128288 ms
[2026-01-20T04:27:19.393+0000] {subprocess.py:93} INFO - 26/01/20 04:27:19 INFO CodeGenerator: Code generated in 6.465 ms
[2026-01-20T04:27:19.408+0000] {subprocess.py:93} INFO - 26/01/20 04:27:19 INFO CodeGenerator: Code generated in 11.697468 ms
[2026-01-20T04:27:19.426+0000] {subprocess.py:93} INFO - 26/01/20 04:27:19 INFO CodeGenerator: Code generated in 6.700738 ms
[2026-01-20T04:27:19.501+0000] {subprocess.py:93} INFO - 26/01/20 04:27:19 INFO CodeGenerator: Code generated in 8.499913 ms
[2026-01-20T04:27:19.525+0000] {subprocess.py:93} INFO - 26/01/20 04:27:19 INFO CodeGenerator: Code generated in 8.756702 ms
[2026-01-20T04:27:19.539+0000] {subprocess.py:93} INFO - 26/01/20 04:27:19 INFO CodeGenerator: Code generated in 9.783289 ms
[2026-01-20T04:27:19.552+0000] {subprocess.py:93} INFO - 26/01/20 04:27:19 INFO CodeGenerator: Code generated in 8.567004 ms
[2026-01-20T04:27:19.569+0000] {subprocess.py:93} INFO - 26/01/20 04:27:19 INFO CodeGenerator: Code generated in 12.918337 ms
[2026-01-20T04:27:19.591+0000] {subprocess.py:93} INFO - 26/01/20 04:27:19 INFO CodeGenerator: Code generated in 12.619789 ms
[2026-01-20T04:27:19.678+0000] {subprocess.py:93} INFO - 26/01/20 04:27:19 INFO CodeGenerator: Code generated in 7.431217 ms
[2026-01-20T04:27:19.696+0000] {subprocess.py:93} INFO - 26/01/20 04:27:19 INFO CodeGenerator: Code generated in 11.612742 ms
[2026-01-20T04:27:19.705+0000] {subprocess.py:93} INFO - 26/01/20 04:27:19 INFO CodeGenerator: Code generated in 6.990342 ms
[2026-01-20T04:27:19.832+0000] {subprocess.py:93} INFO - 26/01/20 04:27:19 INFO ShuffleBlockFetcherIterator: Getting 13 (1039.8 KiB) non-empty blocks including 13 (1039.8 KiB) local and 0 (0.0 B) host-local and 0 (0.0 B) push-merged-local and 0 (0.0 B) remote blocks
[2026-01-20T04:27:19.834+0000] {subprocess.py:93} INFO - 26/01/20 04:27:19 INFO ShuffleBlockFetcherIterator: Started 0 remote fetches in 1 ms
[2026-01-20T04:27:20.011+0000] {subprocess.py:93} INFO - 26/01/20 04:27:20 INFO ShuffleBlockFetcherIterator: Getting 13 (1030.5 KiB) non-empty blocks including 13 (1030.5 KiB) local and 0 (0.0 B) host-local and 0 (0.0 B) push-merged-local and 0 (0.0 B) remote blocks
[2026-01-20T04:27:20.012+0000] {subprocess.py:93} INFO - 26/01/20 04:27:20 INFO ShuffleBlockFetcherIterator: Started 0 remote fetches in 1 ms
[2026-01-20T04:27:20.155+0000] {subprocess.py:93} INFO - 26/01/20 04:27:20 INFO ShuffleBlockFetcherIterator: Getting 13 (1283.5 KiB) non-empty blocks including 13 (1283.5 KiB) local and 0 (0.0 B) host-local and 0 (0.0 B) push-merged-local and 0 (0.0 B) remote blocks
[2026-01-20T04:27:20.156+0000] {subprocess.py:93} INFO - 26/01/20 04:27:20 INFO ShuffleBlockFetcherIterator: Started 0 remote fetches in 3 ms
[2026-01-20T04:27:20.364+0000] {subprocess.py:93} INFO - 26/01/20 04:27:20 INFO FileOutputCommitter: Saved output of task 'attempt_202601200427195117804856425065492_0011_m_000000_77' to file:/opt/spark-data/gold/transaction_analytics/_temporary/0/task_202601200427195117804856425065492_0011_m_000000
[2026-01-20T04:27:20.365+0000] {subprocess.py:93} INFO - 26/01/20 04:27:20 INFO SparkHadoopMapRedUtil: attempt_202601200427195117804856425065492_0011_m_000000_77: Committed. Elapsed time: 43 ms.
[2026-01-20T04:27:20.366+0000] {subprocess.py:93} INFO - 26/01/20 04:27:20 INFO Executor: Finished task 0.0 in stage 11.0 (TID 77). 5888 bytes result sent to driver
[2026-01-20T04:27:20.366+0000] {subprocess.py:93} INFO - 26/01/20 04:27:20 INFO TaskSetManager: Finished task 0.0 in stage 11.0 (TID 77) in 1241 ms on 519d7d29de3d (executor driver) (1/1)
[2026-01-20T04:27:20.367+0000] {subprocess.py:93} INFO - 26/01/20 04:27:20 INFO TaskSchedulerImpl: Removed TaskSet 11.0, whose tasks have all completed, from pool
[2026-01-20T04:27:20.368+0000] {subprocess.py:93} INFO - 26/01/20 04:27:20 INFO DAGScheduler: ResultStage 11 (csv at NativeMethodAccessorImpl.java:0) finished in 1.277 s
[2026-01-20T04:27:20.369+0000] {subprocess.py:93} INFO - 26/01/20 04:27:20 INFO DAGScheduler: Job 8 is finished. Cancelling potential speculative or zombie tasks for this job
[2026-01-20T04:27:20.369+0000] {subprocess.py:93} INFO - 26/01/20 04:27:20 INFO TaskSchedulerImpl: Killing all running tasks in stage 11: Stage finished
[2026-01-20T04:27:20.370+0000] {subprocess.py:93} INFO - 26/01/20 04:27:20 INFO DAGScheduler: Job 8 finished: csv at NativeMethodAccessorImpl.java:0, took 1.286974 s
[2026-01-20T04:27:20.370+0000] {subprocess.py:93} INFO - 26/01/20 04:27:20 INFO FileFormatWriter: Start to commit write Job ac48f3ed-504e-42a1-88ab-84af010ab3de.
[2026-01-20T04:27:20.587+0000] {subprocess.py:93} INFO - 26/01/20 04:27:20 INFO FileFormatWriter: Write Job ac48f3ed-504e-42a1-88ab-84af010ab3de committed. Elapsed time: 217 ms.
[2026-01-20T04:27:20.588+0000] {subprocess.py:93} INFO - 26/01/20 04:27:20 INFO FileFormatWriter: Finished processing stats for write job ac48f3ed-504e-42a1-88ab-84af010ab3de.
[2026-01-20T04:27:20.590+0000] {subprocess.py:93} INFO - Analytics Table with Window Functions created successfully.
[2026-01-20T04:27:20.749+0000] {subprocess.py:93} INFO - Traceback (most recent call last):
[2026-01-20T04:27:20.750+0000] {subprocess.py:93} INFO -   File "/opt/spark-jobs/etl_job.py", line 177, in <module>
[2026-01-20T04:27:20.753+0000] {subprocess.py:93} INFO -     run_etl(spark,'/opt/spark-data/landing', '/opt/spark-data/gold')
[2026-01-20T04:27:20.754+0000] {subprocess.py:93} INFO -   File "/opt/spark-jobs/etl_job.py", line 162, in run_etl
[2026-01-20T04:27:20.756+0000] {subprocess.py:93} INFO -     transaction_cleaned(spark, df_topic_transaction, output_path)
[2026-01-20T04:27:20.757+0000] {subprocess.py:93} INFO -   File "/opt/spark-jobs/etl_job.py", line 125, in transaction_cleaned
[2026-01-20T04:27:20.760+0000] {subprocess.py:93} INFO -     .withColumn("shipping_address", F.explode(""))
[2026-01-20T04:27:20.760+0000] {subprocess.py:93} INFO -   File "/opt/spark/python/lib/pyspark.zip/pyspark/sql/dataframe.py", line 5170, in withColumn
[2026-01-20T04:27:20.761+0000] {subprocess.py:93} INFO -   File "/opt/spark/python/lib/py4j-0.10.9.7-src.zip/py4j/java_gateway.py", line 1322, in __call__
[2026-01-20T04:27:20.762+0000] {subprocess.py:93} INFO -   File "/opt/spark/python/lib/pyspark.zip/pyspark/errors/exceptions/captured.py", line 185, in deco
[2026-01-20T04:27:20.769+0000] {subprocess.py:93} INFO - pyspark.errors.exceptions.captured.AnalysisException: [UNRESOLVED_COLUMN.WITH_SUGGESTION] A column or function parameter with name `` cannot be resolved. Did you mean one of the following? [`tax`, `total`, `status`, `user_id`, `currency`].;
[2026-01-20T04:27:20.770+0000] {subprocess.py:93} INFO - 'Project [billing_address#8, currency#9, original_transaction_id#11, payment_method#12, explode(') AS shipping_address#495, status#14, subtotal#15, tax#16, timestamp#17, total#18, transaction_id#19, transaction_type#20, user_id#21, line_item#465]
[2026-01-20T04:27:20.771+0000] {subprocess.py:93} INFO - +- Project [billing_address#8, currency#9, original_transaction_id#11, payment_method#12, shipping_address#13, status#14, subtotal#15, tax#16, timestamp#17, total#18, transaction_id#19, transaction_type#20, user_id#21, line_item#465]
[2026-01-20T04:27:20.771+0000] {subprocess.py:93} INFO -    +- Project [billing_address#8, currency#9, line_items#10, original_transaction_id#11, payment_method#12, shipping_address#13, status#14, subtotal#15, tax#16, timestamp#17, total#18, transaction_id#19, transaction_type#20, user_id#21, line_item#465]
[2026-01-20T04:27:20.772+0000] {subprocess.py:93} INFO -       +- Generate explode(line_items#10), false, [line_item#465]
[2026-01-20T04:27:20.773+0000] {subprocess.py:93} INFO -          +- Relation [billing_address#8,currency#9,line_items#10,original_transaction_id#11,payment_method#12,shipping_address#13,status#14,subtotal#15,tax#16,timestamp#17,total#18,transaction_id#19,transaction_type#20,user_id#21] json
[2026-01-20T04:27:20.773+0000] {subprocess.py:93} INFO - 
[2026-01-20T04:27:20.835+0000] {subprocess.py:93} INFO - 26/01/20 04:27:20 INFO SparkContext: Invoking stop() from shutdown hook
[2026-01-20T04:27:20.836+0000] {subprocess.py:93} INFO - 26/01/20 04:27:20 INFO SparkContext: SparkContext is stopping with exitCode 0.
[2026-01-20T04:27:20.849+0000] {subprocess.py:93} INFO - 26/01/20 04:27:20 INFO SparkUI: Stopped Spark web UI at http://519d7d29de3d:4040
[2026-01-20T04:27:20.861+0000] {subprocess.py:93} INFO - 26/01/20 04:27:20 INFO MapOutputTrackerMasterEndpoint: MapOutputTrackerMasterEndpoint stopped!
[2026-01-20T04:27:20.878+0000] {subprocess.py:93} INFO - 26/01/20 04:27:20 INFO MemoryStore: MemoryStore cleared
[2026-01-20T04:27:20.879+0000] {subprocess.py:93} INFO - 26/01/20 04:27:20 INFO BlockManager: BlockManager stopped
[2026-01-20T04:27:20.882+0000] {subprocess.py:93} INFO - 26/01/20 04:27:20 INFO BlockManagerMaster: BlockManagerMaster stopped
[2026-01-20T04:27:20.886+0000] {subprocess.py:93} INFO - 26/01/20 04:27:20 INFO OutputCommitCoordinator$OutputCommitCoordinatorEndpoint: OutputCommitCoordinator stopped!
[2026-01-20T04:27:20.897+0000] {subprocess.py:93} INFO - 26/01/20 04:27:20 INFO SparkContext: Successfully stopped SparkContext
[2026-01-20T04:27:20.898+0000] {subprocess.py:93} INFO - 26/01/20 04:27:20 INFO ShutdownHookManager: Shutdown hook called
[2026-01-20T04:27:20.899+0000] {subprocess.py:93} INFO - 26/01/20 04:27:20 INFO ShutdownHookManager: Deleting directory /tmp/spark-8d84cec4-2b13-4a1d-a6b8-59491d5a5d8f
[2026-01-20T04:27:20.901+0000] {subprocess.py:93} INFO - 26/01/20 04:27:20 INFO ShutdownHookManager: Deleting directory /tmp/spark-4f01e82f-aabd-472f-99bd-16c2e19fcd8a
[2026-01-20T04:27:20.905+0000] {subprocess.py:93} INFO - 26/01/20 04:27:20 INFO ShutdownHookManager: Deleting directory /tmp/spark-4f01e82f-aabd-472f-99bd-16c2e19fcd8a/pyspark-442c250d-1d9a-4d85-990b-e13b2fbb187b
[2026-01-20T04:27:20.967+0000] {subprocess.py:97} INFO - Command exited with return code 1
[2026-01-20T04:27:20.990+0000] {taskinstance.py:2698} ERROR - Task failed with exception
Traceback (most recent call last):
  File "/home/airflow/.local/lib/python3.10/site-packages/airflow/models/taskinstance.py", line 433, in _execute_task
    result = execute_callable(context=context, **execute_callable_kwargs)
  File "/home/airflow/.local/lib/python3.10/site-packages/airflow/operators/bash.py", line 212, in execute
    raise AirflowException(
airflow.exceptions.AirflowException: Bash command failed. The command returned a non-zero exit code 1.
[2026-01-20T04:27:20.994+0000] {taskinstance.py:1138} INFO - Marking task as FAILED. dag_id=streamflow_main, task_id=Spark_Submit, execution_date=20260120T042656, start_date=20260120T042658, end_date=20260120T042720
[2026-01-20T04:27:21.013+0000] {standard_task_runner.py:107} ERROR - Failed to execute job 11 for task Spark_Submit (Bash command failed. The command returned a non-zero exit code 1.; 4580)
[2026-01-20T04:27:21.060+0000] {local_task_job_runner.py:234} INFO - Task exited with return code 1
[2026-01-20T04:27:21.135+0000] {taskinstance.py:3280} INFO - 0 downstream tasks scheduled from follow-on schedule check
