[2026-01-20T05:01:30.653+0000] {taskinstance.py:1956} INFO - Dependencies all met for dep_context=non-requeueable deps ti=<TaskInstance: streamflow_main.Spark_Submit manual__2026-01-20T05:01:28.898987+00:00 [queued]>
[2026-01-20T05:01:30.662+0000] {taskinstance.py:1956} INFO - Dependencies all met for dep_context=requeueable deps ti=<TaskInstance: streamflow_main.Spark_Submit manual__2026-01-20T05:01:28.898987+00:00 [queued]>
[2026-01-20T05:01:30.663+0000] {taskinstance.py:2170} INFO - Starting attempt 1 of 1
[2026-01-20T05:01:30.678+0000] {taskinstance.py:2191} INFO - Executing <Task(BashOperator): Spark_Submit> on 2026-01-20 05:01:28.898987+00:00
[2026-01-20T05:01:30.683+0000] {standard_task_runner.py:60} INFO - Started process 10090 to run task
[2026-01-20T05:01:30.686+0000] {standard_task_runner.py:87} INFO - Running: ['***', 'tasks', 'run', 'streamflow_main', 'Spark_Submit', 'manual__2026-01-20T05:01:28.898987+00:00', '--job-id', '22', '--raw', '--subdir', 'DAGS_FOLDER/dag_streamflow.py', '--cfg-path', '/tmp/tmp3tgg88z1']
[2026-01-20T05:01:30.688+0000] {standard_task_runner.py:88} INFO - Job 22: Subtask Spark_Submit
[2026-01-20T05:01:30.740+0000] {task_command.py:423} INFO - Running <TaskInstance: streamflow_main.Spark_Submit manual__2026-01-20T05:01:28.898987+00:00 [running]> on host 519d7d29de3d
[2026-01-20T05:01:30.831+0000] {taskinstance.py:2480} INFO - Exporting env vars: AIRFLOW_CTX_DAG_OWNER='student' AIRFLOW_CTX_DAG_ID='streamflow_main' AIRFLOW_CTX_TASK_ID='Spark_Submit' AIRFLOW_CTX_EXECUTION_DATE='2026-01-20T05:01:28.898987+00:00' AIRFLOW_CTX_TRY_NUMBER='1' AIRFLOW_CTX_DAG_RUN_ID='manual__2026-01-20T05:01:28.898987+00:00'
[2026-01-20T05:01:30.832+0000] {subprocess.py:63} INFO - Tmp dir root location: /tmp
[2026-01-20T05:01:30.833+0000] {subprocess.py:75} INFO - Running command: ['/usr/bin/bash', '-c', '\n            spark-submit                 --master spark://spark-master:7077                 /opt/spark-jobs/etl_job.py\n        ']
[2026-01-20T05:01:30.841+0000] {subprocess.py:86} INFO - Output:
[2026-01-20T05:01:30.848+0000] {subprocess.py:93} INFO - /opt/spark/bin/load-spark-env.sh: line 68: ps: command not found
[2026-01-20T05:01:33.228+0000] {subprocess.py:93} INFO - 26/01/20 05:01:33 INFO SparkContext: Running Spark version 3.5.0
[2026-01-20T05:01:33.229+0000] {subprocess.py:93} INFO - 26/01/20 05:01:33 INFO SparkContext: OS info Linux, 5.15.167.4-microsoft-standard-WSL2, amd64
[2026-01-20T05:01:33.230+0000] {subprocess.py:93} INFO - 26/01/20 05:01:33 INFO SparkContext: Java version 17.0.17
[2026-01-20T05:01:33.275+0000] {subprocess.py:93} INFO - 26/01/20 05:01:33 WARN NativeCodeLoader: Unable to load native-hadoop library for your platform... using builtin-java classes where applicable
[2026-01-20T05:01:33.348+0000] {subprocess.py:93} INFO - 26/01/20 05:01:33 INFO ResourceUtils: ==============================================================
[2026-01-20T05:01:33.348+0000] {subprocess.py:93} INFO - 26/01/20 05:01:33 INFO ResourceUtils: No custom resources configured for spark.driver.
[2026-01-20T05:01:33.349+0000] {subprocess.py:93} INFO - 26/01/20 05:01:33 INFO ResourceUtils: ==============================================================
[2026-01-20T05:01:33.349+0000] {subprocess.py:93} INFO - 26/01/20 05:01:33 INFO SparkContext: Submitted application: ETL_job
[2026-01-20T05:01:33.364+0000] {subprocess.py:93} INFO - 26/01/20 05:01:33 INFO ResourceProfile: Default ResourceProfile created, executor resources: Map(cores -> name: cores, amount: 1, script: , vendor: , memory -> name: memory, amount: 1024, script: , vendor: , offHeap -> name: offHeap, amount: 0, script: , vendor: ), task resources: Map(cpus -> name: cpus, amount: 1.0)
[2026-01-20T05:01:33.370+0000] {subprocess.py:93} INFO - 26/01/20 05:01:33 INFO ResourceProfile: Limiting resource is cpu
[2026-01-20T05:01:33.371+0000] {subprocess.py:93} INFO - 26/01/20 05:01:33 INFO ResourceProfileManager: Added ResourceProfile id: 0
[2026-01-20T05:01:33.413+0000] {subprocess.py:93} INFO - 26/01/20 05:01:33 INFO SecurityManager: Changing view acls to: root
[2026-01-20T05:01:33.414+0000] {subprocess.py:93} INFO - 26/01/20 05:01:33 INFO SecurityManager: Changing modify acls to: root
[2026-01-20T05:01:33.415+0000] {subprocess.py:93} INFO - 26/01/20 05:01:33 INFO SecurityManager: Changing view acls groups to:
[2026-01-20T05:01:33.415+0000] {subprocess.py:93} INFO - 26/01/20 05:01:33 INFO SecurityManager: Changing modify acls groups to:
[2026-01-20T05:01:33.416+0000] {subprocess.py:93} INFO - 26/01/20 05:01:33 INFO SecurityManager: SecurityManager: authentication disabled; ui acls disabled; users with view permissions: root; groups with view permissions: EMPTY; users with modify permissions: root; groups with modify permissions: EMPTY
[2026-01-20T05:01:33.648+0000] {subprocess.py:93} INFO - 26/01/20 05:01:33 INFO Utils: Successfully started service 'sparkDriver' on port 40257.
[2026-01-20T05:01:33.681+0000] {subprocess.py:93} INFO - 26/01/20 05:01:33 INFO SparkEnv: Registering MapOutputTracker
[2026-01-20T05:01:33.722+0000] {subprocess.py:93} INFO - 26/01/20 05:01:33 INFO SparkEnv: Registering BlockManagerMaster
[2026-01-20T05:01:33.736+0000] {subprocess.py:93} INFO - 26/01/20 05:01:33 INFO BlockManagerMasterEndpoint: Using org.apache.spark.storage.DefaultTopologyMapper for getting topology information
[2026-01-20T05:01:33.737+0000] {subprocess.py:93} INFO - 26/01/20 05:01:33 INFO BlockManagerMasterEndpoint: BlockManagerMasterEndpoint up
[2026-01-20T05:01:33.742+0000] {subprocess.py:93} INFO - 26/01/20 05:01:33 INFO SparkEnv: Registering BlockManagerMasterHeartbeat
[2026-01-20T05:01:33.759+0000] {subprocess.py:93} INFO - 26/01/20 05:01:33 INFO DiskBlockManager: Created local directory at /tmp/blockmgr-43637b8e-6d24-46e0-b780-13fcb6010b81
[2026-01-20T05:01:33.773+0000] {subprocess.py:93} INFO - 26/01/20 05:01:33 INFO MemoryStore: MemoryStore started with capacity 434.4 MiB
[2026-01-20T05:01:33.789+0000] {subprocess.py:93} INFO - 26/01/20 05:01:33 INFO SparkEnv: Registering OutputCommitCoordinator
[2026-01-20T05:01:33.912+0000] {subprocess.py:93} INFO - 26/01/20 05:01:33 INFO JettyUtils: Start Jetty 0.0.0.0:4040 for SparkUI
[2026-01-20T05:01:33.967+0000] {subprocess.py:93} INFO - 26/01/20 05:01:33 INFO Utils: Successfully started service 'SparkUI' on port 4040.
[2026-01-20T05:01:34.068+0000] {subprocess.py:93} INFO - 26/01/20 05:01:34 INFO Executor: Starting executor ID driver on host 519d7d29de3d
[2026-01-20T05:01:34.069+0000] {subprocess.py:93} INFO - 26/01/20 05:01:34 INFO Executor: OS info Linux, 5.15.167.4-microsoft-standard-WSL2, amd64
[2026-01-20T05:01:34.070+0000] {subprocess.py:93} INFO - 26/01/20 05:01:34 INFO Executor: Java version 17.0.17
[2026-01-20T05:01:34.075+0000] {subprocess.py:93} INFO - 26/01/20 05:01:34 INFO Executor: Starting executor with user classpath (userClassPathFirst = false): ''
[2026-01-20T05:01:34.076+0000] {subprocess.py:93} INFO - 26/01/20 05:01:34 INFO Executor: Created or updated repl class loader org.apache.spark.util.MutableURLClassLoader@552ebc35 for default.
[2026-01-20T05:01:34.092+0000] {subprocess.py:93} INFO - 26/01/20 05:01:34 INFO Utils: Successfully started service 'org.apache.spark.network.netty.NettyBlockTransferService' on port 33501.
[2026-01-20T05:01:34.093+0000] {subprocess.py:93} INFO - 26/01/20 05:01:34 INFO NettyBlockTransferService: Server created on 519d7d29de3d:33501
[2026-01-20T05:01:34.094+0000] {subprocess.py:93} INFO - 26/01/20 05:01:34 INFO BlockManager: Using org.apache.spark.storage.RandomBlockReplicationPolicy for block replication policy
[2026-01-20T05:01:34.099+0000] {subprocess.py:93} INFO - 26/01/20 05:01:34 INFO BlockManagerMaster: Registering BlockManager BlockManagerId(driver, 519d7d29de3d, 33501, None)
[2026-01-20T05:01:34.102+0000] {subprocess.py:93} INFO - 26/01/20 05:01:34 INFO BlockManagerMasterEndpoint: Registering block manager 519d7d29de3d:33501 with 434.4 MiB RAM, BlockManagerId(driver, 519d7d29de3d, 33501, None)
[2026-01-20T05:01:34.103+0000] {subprocess.py:93} INFO - 26/01/20 05:01:34 INFO BlockManagerMaster: Registered BlockManager BlockManagerId(driver, 519d7d29de3d, 33501, None)
[2026-01-20T05:01:34.104+0000] {subprocess.py:93} INFO - 26/01/20 05:01:34 INFO BlockManager: Initialized BlockManager: BlockManagerId(driver, 519d7d29de3d, 33501, None)
[2026-01-20T05:01:34.479+0000] {subprocess.py:93} INFO - 26/01/20 05:01:34 INFO SharedState: Setting hive.metastore.warehouse.dir ('null') to the value of spark.sql.warehouse.dir.
[2026-01-20T05:01:34.485+0000] {subprocess.py:93} INFO - 26/01/20 05:01:34 INFO SharedState: Warehouse path is 'file:/tmp/***tmp1blin5pt/spark-warehouse'.
[2026-01-20T05:01:35.201+0000] {subprocess.py:93} INFO - 26/01/20 05:01:35 INFO InMemoryFileIndex: It took 42 ms to list leaf files for 1 paths.
[2026-01-20T05:01:35.265+0000] {subprocess.py:93} INFO - 26/01/20 05:01:35 INFO InMemoryFileIndex: It took 8 ms to list leaf files for 1 paths.
[2026-01-20T05:01:36.797+0000] {subprocess.py:93} INFO - 26/01/20 05:01:36 INFO FileSourceStrategy: Pushed Filters:
[2026-01-20T05:01:36.806+0000] {subprocess.py:93} INFO - 26/01/20 05:01:36 INFO FileSourceStrategy: Post-Scan Filters:
[2026-01-20T05:01:36.986+0000] {subprocess.py:93} INFO - 26/01/20 05:01:36 INFO MemoryStore: Block broadcast_0 stored as values in memory (estimated size 199.2 KiB, free 434.2 MiB)
[2026-01-20T05:01:37.026+0000] {subprocess.py:93} INFO - 26/01/20 05:01:37 INFO MemoryStore: Block broadcast_0_piece0 stored as bytes in memory (estimated size 34.2 KiB, free 434.2 MiB)
[2026-01-20T05:01:37.028+0000] {subprocess.py:93} INFO - 26/01/20 05:01:37 INFO BlockManagerInfo: Added broadcast_0_piece0 in memory on 519d7d29de3d:33501 (size: 34.2 KiB, free: 434.4 MiB)
[2026-01-20T05:01:37.032+0000] {subprocess.py:93} INFO - 26/01/20 05:01:37 INFO SparkContext: Created broadcast 0 from json at NativeMethodAccessorImpl.java:0
[2026-01-20T05:01:37.041+0000] {subprocess.py:93} INFO - 26/01/20 05:01:37 INFO FileSourceScanExec: Planning scan with bin packing, max size: 4194304 bytes, open cost is considered as scanning 4194304 bytes.
[2026-01-20T05:01:37.158+0000] {subprocess.py:93} INFO - 26/01/20 05:01:37 INFO SparkContext: Starting job: json at NativeMethodAccessorImpl.java:0
[2026-01-20T05:01:37.174+0000] {subprocess.py:93} INFO - 26/01/20 05:01:37 INFO DAGScheduler: Got job 0 (json at NativeMethodAccessorImpl.java:0) with 13 output partitions
[2026-01-20T05:01:37.175+0000] {subprocess.py:93} INFO - 26/01/20 05:01:37 INFO DAGScheduler: Final stage: ResultStage 0 (json at NativeMethodAccessorImpl.java:0)
[2026-01-20T05:01:37.176+0000] {subprocess.py:93} INFO - 26/01/20 05:01:37 INFO DAGScheduler: Parents of final stage: List()
[2026-01-20T05:01:37.177+0000] {subprocess.py:93} INFO - 26/01/20 05:01:37 INFO DAGScheduler: Missing parents: List()
[2026-01-20T05:01:37.179+0000] {subprocess.py:93} INFO - 26/01/20 05:01:37 INFO DAGScheduler: Submitting ResultStage 0 (MapPartitionsRDD[3] at json at NativeMethodAccessorImpl.java:0), which has no missing parents
[2026-01-20T05:01:37.249+0000] {subprocess.py:93} INFO - 26/01/20 05:01:37 INFO MemoryStore: Block broadcast_1 stored as values in memory (estimated size 16.0 KiB, free 434.2 MiB)
[2026-01-20T05:01:37.251+0000] {subprocess.py:93} INFO - 26/01/20 05:01:37 INFO MemoryStore: Block broadcast_1_piece0 stored as bytes in memory (estimated size 7.5 KiB, free 434.1 MiB)
[2026-01-20T05:01:37.251+0000] {subprocess.py:93} INFO - 26/01/20 05:01:37 INFO BlockManagerInfo: Added broadcast_1_piece0 in memory on 519d7d29de3d:33501 (size: 7.5 KiB, free: 434.4 MiB)
[2026-01-20T05:01:37.252+0000] {subprocess.py:93} INFO - 26/01/20 05:01:37 INFO SparkContext: Created broadcast 1 from broadcast at DAGScheduler.scala:1580
[2026-01-20T05:01:37.265+0000] {subprocess.py:93} INFO - 26/01/20 05:01:37 INFO DAGScheduler: Submitting 13 missing tasks from ResultStage 0 (MapPartitionsRDD[3] at json at NativeMethodAccessorImpl.java:0) (first 15 tasks are for partitions Vector(0, 1, 2, 3, 4, 5, 6, 7, 8, 9, 10, 11, 12))
[2026-01-20T05:01:37.266+0000] {subprocess.py:93} INFO - 26/01/20 05:01:37 INFO TaskSchedulerImpl: Adding task set 0.0 with 13 tasks resource profile 0
[2026-01-20T05:01:37.300+0000] {subprocess.py:93} INFO - 26/01/20 05:01:37 INFO TaskSetManager: Starting task 0.0 in stage 0.0 (TID 0) (519d7d29de3d, executor driver, partition 0, PROCESS_LOCAL, 8251 bytes)
[2026-01-20T05:01:37.302+0000] {subprocess.py:93} INFO - 26/01/20 05:01:37 INFO TaskSetManager: Starting task 1.0 in stage 0.0 (TID 1) (519d7d29de3d, executor driver, partition 1, PROCESS_LOCAL, 8251 bytes)
[2026-01-20T05:01:37.303+0000] {subprocess.py:93} INFO - 26/01/20 05:01:37 INFO TaskSetManager: Starting task 2.0 in stage 0.0 (TID 2) (519d7d29de3d, executor driver, partition 2, PROCESS_LOCAL, 8251 bytes)
[2026-01-20T05:01:37.304+0000] {subprocess.py:93} INFO - 26/01/20 05:01:37 INFO TaskSetManager: Starting task 3.0 in stage 0.0 (TID 3) (519d7d29de3d, executor driver, partition 3, PROCESS_LOCAL, 8251 bytes)
[2026-01-20T05:01:37.305+0000] {subprocess.py:93} INFO - 26/01/20 05:01:37 INFO TaskSetManager: Starting task 4.0 in stage 0.0 (TID 4) (519d7d29de3d, executor driver, partition 4, PROCESS_LOCAL, 8251 bytes)
[2026-01-20T05:01:37.305+0000] {subprocess.py:93} INFO - 26/01/20 05:01:37 INFO TaskSetManager: Starting task 5.0 in stage 0.0 (TID 5) (519d7d29de3d, executor driver, partition 5, PROCESS_LOCAL, 8251 bytes)
[2026-01-20T05:01:37.306+0000] {subprocess.py:93} INFO - 26/01/20 05:01:37 INFO TaskSetManager: Starting task 6.0 in stage 0.0 (TID 6) (519d7d29de3d, executor driver, partition 6, PROCESS_LOCAL, 8251 bytes)
[2026-01-20T05:01:37.307+0000] {subprocess.py:93} INFO - 26/01/20 05:01:37 INFO TaskSetManager: Starting task 7.0 in stage 0.0 (TID 7) (519d7d29de3d, executor driver, partition 7, PROCESS_LOCAL, 8251 bytes)
[2026-01-20T05:01:37.307+0000] {subprocess.py:93} INFO - 26/01/20 05:01:37 INFO TaskSetManager: Starting task 8.0 in stage 0.0 (TID 8) (519d7d29de3d, executor driver, partition 8, PROCESS_LOCAL, 8251 bytes)
[2026-01-20T05:01:37.308+0000] {subprocess.py:93} INFO - 26/01/20 05:01:37 INFO TaskSetManager: Starting task 9.0 in stage 0.0 (TID 9) (519d7d29de3d, executor driver, partition 9, PROCESS_LOCAL, 8251 bytes)
[2026-01-20T05:01:37.309+0000] {subprocess.py:93} INFO - 26/01/20 05:01:37 INFO TaskSetManager: Starting task 10.0 in stage 0.0 (TID 10) (519d7d29de3d, executor driver, partition 10, PROCESS_LOCAL, 8251 bytes)
[2026-01-20T05:01:37.310+0000] {subprocess.py:93} INFO - 26/01/20 05:01:37 INFO TaskSetManager: Starting task 11.0 in stage 0.0 (TID 11) (519d7d29de3d, executor driver, partition 11, PROCESS_LOCAL, 8251 bytes)
[2026-01-20T05:01:37.310+0000] {subprocess.py:93} INFO - 26/01/20 05:01:37 INFO TaskSetManager: Starting task 12.0 in stage 0.0 (TID 12) (519d7d29de3d, executor driver, partition 12, PROCESS_LOCAL, 8251 bytes)
[2026-01-20T05:01:37.322+0000] {subprocess.py:93} INFO - 26/01/20 05:01:37 INFO Executor: Running task 0.0 in stage 0.0 (TID 0)
[2026-01-20T05:01:37.323+0000] {subprocess.py:93} INFO - 26/01/20 05:01:37 INFO Executor: Running task 5.0 in stage 0.0 (TID 5)
[2026-01-20T05:01:37.324+0000] {subprocess.py:93} INFO - 26/01/20 05:01:37 INFO Executor: Running task 6.0 in stage 0.0 (TID 6)
[2026-01-20T05:01:37.325+0000] {subprocess.py:93} INFO - 26/01/20 05:01:37 INFO Executor: Running task 1.0 in stage 0.0 (TID 1)
[2026-01-20T05:01:37.325+0000] {subprocess.py:93} INFO - 26/01/20 05:01:37 INFO Executor: Running task 2.0 in stage 0.0 (TID 2)
[2026-01-20T05:01:37.326+0000] {subprocess.py:93} INFO - 26/01/20 05:01:37 INFO Executor: Running task 3.0 in stage 0.0 (TID 3)
[2026-01-20T05:01:37.327+0000] {subprocess.py:93} INFO - 26/01/20 05:01:37 INFO Executor: Running task 4.0 in stage 0.0 (TID 4)
[2026-01-20T05:01:37.327+0000] {subprocess.py:93} INFO - 26/01/20 05:01:37 INFO Executor: Running task 7.0 in stage 0.0 (TID 7)
[2026-01-20T05:01:37.328+0000] {subprocess.py:93} INFO - 26/01/20 05:01:37 INFO Executor: Running task 8.0 in stage 0.0 (TID 8)
[2026-01-20T05:01:37.329+0000] {subprocess.py:93} INFO - 26/01/20 05:01:37 INFO Executor: Running task 9.0 in stage 0.0 (TID 9)
[2026-01-20T05:01:37.329+0000] {subprocess.py:93} INFO - 26/01/20 05:01:37 INFO Executor: Running task 10.0 in stage 0.0 (TID 10)
[2026-01-20T05:01:37.330+0000] {subprocess.py:93} INFO - 26/01/20 05:01:37 INFO Executor: Running task 11.0 in stage 0.0 (TID 11)
[2026-01-20T05:01:37.331+0000] {subprocess.py:93} INFO - 26/01/20 05:01:37 INFO Executor: Running task 12.0 in stage 0.0 (TID 12)
[2026-01-20T05:01:37.542+0000] {subprocess.py:93} INFO - 26/01/20 05:01:37 INFO FileScanRDD: Reading File path: file:///opt/spark-data/landing/transaction_events_1768879479.1820476.json, range: 20971520-25165824, partition values: [empty row]
[2026-01-20T05:01:37.543+0000] {subprocess.py:93} INFO - 26/01/20 05:01:37 INFO FileScanRDD: Reading File path: file:///opt/spark-data/landing/transaction_events_1768879479.1820476.json, range: 37748736-41943040, partition values: [empty row]
[2026-01-20T05:01:37.544+0000] {subprocess.py:93} INFO - 26/01/20 05:01:37 INFO FileScanRDD: Reading File path: file:///opt/spark-data/landing/transaction_events_1768879479.1820476.json, range: 33554432-37748736, partition values: [empty row]
[2026-01-20T05:01:37.545+0000] {subprocess.py:93} INFO - 26/01/20 05:01:37 INFO FileScanRDD: Reading File path: file:///opt/spark-data/landing/transaction_events_1768879479.1820476.json, range: 25165824-29360128, partition values: [empty row]
[2026-01-20T05:01:37.545+0000] {subprocess.py:93} INFO - 26/01/20 05:01:37 INFO FileScanRDD: Reading File path: file:///opt/spark-data/landing/transaction_events_1768879479.1820476.json, range: 0-4194304, partition values: [empty row]
[2026-01-20T05:01:37.546+0000] {subprocess.py:93} INFO - 26/01/20 05:01:37 INFO FileScanRDD: Reading File path: file:///opt/spark-data/landing/transaction_events_1768879479.1820476.json, range: 4194304-8388608, partition values: [empty row]
[2026-01-20T05:01:37.546+0000] {subprocess.py:93} INFO - 26/01/20 05:01:37 INFO FileScanRDD: Reading File path: file:///opt/spark-data/landing/transaction_events_1768879479.1820476.json, range: 12582912-16777216, partition values: [empty row]
[2026-01-20T05:01:37.547+0000] {subprocess.py:93} INFO - 26/01/20 05:01:37 INFO FileScanRDD: Reading File path: file:///opt/spark-data/landing/transaction_events_1768879479.1820476.json, range: 46137344-50331648, partition values: [empty row]
[2026-01-20T05:01:37.548+0000] {subprocess.py:93} INFO - 26/01/20 05:01:37 INFO FileScanRDD: Reading File path: file:///opt/spark-data/landing/transaction_events_1768879479.1820476.json, range: 16777216-20971520, partition values: [empty row]
[2026-01-20T05:01:37.548+0000] {subprocess.py:93} INFO - 26/01/20 05:01:37 INFO FileScanRDD: Reading File path: file:///opt/spark-data/landing/transaction_events_1768879479.1820476.json, range: 29360128-33554432, partition values: [empty row]
[2026-01-20T05:01:37.549+0000] {subprocess.py:93} INFO - 26/01/20 05:01:37 INFO FileScanRDD: Reading File path: file:///opt/spark-data/landing/transaction_events_1768879479.1820476.json, range: 8388608-12582912, partition values: [empty row]
[2026-01-20T05:01:37.549+0000] {subprocess.py:93} INFO - 26/01/20 05:01:37 INFO FileScanRDD: Reading File path: file:///opt/spark-data/landing/transaction_events_1768879479.1820476.json, range: 41943040-46137344, partition values: [empty row]
[2026-01-20T05:01:37.550+0000] {subprocess.py:93} INFO - 26/01/20 05:01:37 INFO FileScanRDD: Reading File path: file:///opt/spark-data/landing/transaction_events_1768879479.1820476.json, range: 50331648-51561162, partition values: [empty row]
[2026-01-20T05:01:37.746+0000] {subprocess.py:93} INFO - 26/01/20 05:01:37 INFO CodeGenerator: Code generated in 153.741632 ms
[2026-01-20T05:01:38.400+0000] {subprocess.py:93} INFO - 26/01/20 05:01:38 INFO Executor: Finished task 12.0 in stage 0.0 (TID 12). 3067 bytes result sent to driver
[2026-01-20T05:01:38.420+0000] {subprocess.py:93} INFO - 26/01/20 05:01:38 INFO TaskSetManager: Finished task 12.0 in stage 0.0 (TID 12) in 1109 ms on 519d7d29de3d (executor driver) (1/13)
[2026-01-20T05:01:38.588+0000] {subprocess.py:93} INFO - 26/01/20 05:01:38 INFO Executor: Finished task 10.0 in stage 0.0 (TID 10). 3024 bytes result sent to driver
[2026-01-20T05:01:38.589+0000] {subprocess.py:93} INFO - 26/01/20 05:01:38 INFO Executor: Finished task 11.0 in stage 0.0 (TID 11). 3067 bytes result sent to driver
[2026-01-20T05:01:38.591+0000] {subprocess.py:93} INFO - 26/01/20 05:01:38 INFO Executor: Finished task 6.0 in stage 0.0 (TID 6). 3024 bytes result sent to driver
[2026-01-20T05:01:38.592+0000] {subprocess.py:93} INFO - 26/01/20 05:01:38 INFO Executor: Finished task 5.0 in stage 0.0 (TID 5). 3024 bytes result sent to driver
[2026-01-20T05:01:38.593+0000] {subprocess.py:93} INFO - 26/01/20 05:01:38 INFO Executor: Finished task 2.0 in stage 0.0 (TID 2). 3024 bytes result sent to driver
[2026-01-20T05:01:38.594+0000] {subprocess.py:93} INFO - 26/01/20 05:01:38 INFO Executor: Finished task 9.0 in stage 0.0 (TID 9). 3067 bytes result sent to driver
[2026-01-20T05:01:38.594+0000] {subprocess.py:93} INFO - 26/01/20 05:01:38 INFO Executor: Finished task 7.0 in stage 0.0 (TID 7). 3067 bytes result sent to driver
[2026-01-20T05:01:38.595+0000] {subprocess.py:93} INFO - 26/01/20 05:01:38 INFO Executor: Finished task 0.0 in stage 0.0 (TID 0). 3024 bytes result sent to driver
[2026-01-20T05:01:38.596+0000] {subprocess.py:93} INFO - 26/01/20 05:01:38 INFO Executor: Finished task 4.0 in stage 0.0 (TID 4). 3024 bytes result sent to driver
[2026-01-20T05:01:38.597+0000] {subprocess.py:93} INFO - 26/01/20 05:01:38 INFO TaskSetManager: Finished task 11.0 in stage 0.0 (TID 11) in 1286 ms on 519d7d29de3d (executor driver) (2/13)
[2026-01-20T05:01:38.598+0000] {subprocess.py:93} INFO - 26/01/20 05:01:38 INFO TaskSetManager: Finished task 10.0 in stage 0.0 (TID 10) in 1287 ms on 519d7d29de3d (executor driver) (3/13)
[2026-01-20T05:01:38.599+0000] {subprocess.py:93} INFO - 26/01/20 05:01:38 INFO TaskSetManager: Finished task 6.0 in stage 0.0 (TID 6) in 1291 ms on 519d7d29de3d (executor driver) (4/13)
[2026-01-20T05:01:38.600+0000] {subprocess.py:93} INFO - 26/01/20 05:01:38 INFO TaskSetManager: Finished task 5.0 in stage 0.0 (TID 5) in 1293 ms on 519d7d29de3d (executor driver) (5/13)
[2026-01-20T05:01:38.601+0000] {subprocess.py:93} INFO - 26/01/20 05:01:38 INFO Executor: Finished task 3.0 in stage 0.0 (TID 3). 3067 bytes result sent to driver
[2026-01-20T05:01:38.602+0000] {subprocess.py:93} INFO - 26/01/20 05:01:38 INFO Executor: Finished task 1.0 in stage 0.0 (TID 1). 3067 bytes result sent to driver
[2026-01-20T05:01:38.603+0000] {subprocess.py:93} INFO - 26/01/20 05:01:38 INFO TaskSetManager: Finished task 7.0 in stage 0.0 (TID 7) in 1292 ms on 519d7d29de3d (executor driver) (6/13)
[2026-01-20T05:01:38.604+0000] {subprocess.py:93} INFO - 26/01/20 05:01:38 INFO TaskSetManager: Finished task 4.0 in stage 0.0 (TID 4) in 1296 ms on 519d7d29de3d (executor driver) (7/13)
[2026-01-20T05:01:38.605+0000] {subprocess.py:93} INFO - 26/01/20 05:01:38 INFO Executor: Finished task 8.0 in stage 0.0 (TID 8). 3024 bytes result sent to driver
[2026-01-20T05:01:38.606+0000] {subprocess.py:93} INFO - 26/01/20 05:01:38 INFO TaskSetManager: Finished task 9.0 in stage 0.0 (TID 9) in 1295 ms on 519d7d29de3d (executor driver) (8/13)
[2026-01-20T05:01:38.607+0000] {subprocess.py:93} INFO - 26/01/20 05:01:38 INFO TaskSetManager: Finished task 2.0 in stage 0.0 (TID 2) in 1299 ms on 519d7d29de3d (executor driver) (9/13)
[2026-01-20T05:01:38.608+0000] {subprocess.py:93} INFO - 26/01/20 05:01:38 INFO TaskSetManager: Finished task 0.0 in stage 0.0 (TID 0) in 1314 ms on 519d7d29de3d (executor driver) (10/13)
[2026-01-20T05:01:38.609+0000] {subprocess.py:93} INFO - 26/01/20 05:01:38 INFO TaskSetManager: Finished task 3.0 in stage 0.0 (TID 3) in 1299 ms on 519d7d29de3d (executor driver) (11/13)
[2026-01-20T05:01:38.610+0000] {subprocess.py:93} INFO - 26/01/20 05:01:38 INFO TaskSetManager: Finished task 1.0 in stage 0.0 (TID 1) in 1301 ms on 519d7d29de3d (executor driver) (12/13)
[2026-01-20T05:01:38.611+0000] {subprocess.py:93} INFO - 26/01/20 05:01:38 INFO TaskSetManager: Finished task 8.0 in stage 0.0 (TID 8) in 1299 ms on 519d7d29de3d (executor driver) (13/13)
[2026-01-20T05:01:38.611+0000] {subprocess.py:93} INFO - 26/01/20 05:01:38 INFO TaskSchedulerImpl: Removed TaskSet 0.0, whose tasks have all completed, from pool
[2026-01-20T05:01:38.612+0000] {subprocess.py:93} INFO - 26/01/20 05:01:38 INFO DAGScheduler: ResultStage 0 (json at NativeMethodAccessorImpl.java:0) finished in 1.418 s
[2026-01-20T05:01:38.616+0000] {subprocess.py:93} INFO - 26/01/20 05:01:38 INFO DAGScheduler: Job 0 is finished. Cancelling potential speculative or zombie tasks for this job
[2026-01-20T05:01:38.617+0000] {subprocess.py:93} INFO - 26/01/20 05:01:38 INFO TaskSchedulerImpl: Killing all running tasks in stage 0: Stage finished
[2026-01-20T05:01:38.620+0000] {subprocess.py:93} INFO - 26/01/20 05:01:38 INFO DAGScheduler: Job 0 finished: json at NativeMethodAccessorImpl.java:0, took 1.461255 s
[2026-01-20T05:01:38.748+0000] {subprocess.py:93} INFO - 26/01/20 05:01:38 INFO InMemoryFileIndex: It took 7 ms to list leaf files for 1 paths.
[2026-01-20T05:01:38.782+0000] {subprocess.py:93} INFO - 26/01/20 05:01:38 INFO InMemoryFileIndex: It took 13 ms to list leaf files for 1 paths.
[2026-01-20T05:01:38.830+0000] {subprocess.py:93} INFO - 26/01/20 05:01:38 INFO FileSourceStrategy: Pushed Filters:
[2026-01-20T05:01:38.831+0000] {subprocess.py:93} INFO - 26/01/20 05:01:38 INFO FileSourceStrategy: Post-Scan Filters:
[2026-01-20T05:01:38.836+0000] {subprocess.py:93} INFO - 26/01/20 05:01:38 INFO MemoryStore: Block broadcast_2 stored as values in memory (estimated size 199.2 KiB, free 434.0 MiB)
[2026-01-20T05:01:38.850+0000] {subprocess.py:93} INFO - 26/01/20 05:01:38 INFO MemoryStore: Block broadcast_2_piece0 stored as bytes in memory (estimated size 34.2 KiB, free 433.9 MiB)
[2026-01-20T05:01:38.852+0000] {subprocess.py:93} INFO - 26/01/20 05:01:38 INFO BlockManagerInfo: Added broadcast_2_piece0 in memory on 519d7d29de3d:33501 (size: 34.2 KiB, free: 434.3 MiB)
[2026-01-20T05:01:38.853+0000] {subprocess.py:93} INFO - 26/01/20 05:01:38 INFO SparkContext: Created broadcast 2 from json at NativeMethodAccessorImpl.java:0
[2026-01-20T05:01:38.854+0000] {subprocess.py:93} INFO - 26/01/20 05:01:38 INFO FileSourceScanExec: Planning scan with bin packing, max size: 4194304 bytes, open cost is considered as scanning 4194304 bytes.
[2026-01-20T05:01:38.865+0000] {subprocess.py:93} INFO - 26/01/20 05:01:38 INFO SparkContext: Starting job: json at NativeMethodAccessorImpl.java:0
[2026-01-20T05:01:38.867+0000] {subprocess.py:93} INFO - 26/01/20 05:01:38 INFO DAGScheduler: Got job 1 (json at NativeMethodAccessorImpl.java:0) with 8 output partitions
[2026-01-20T05:01:38.868+0000] {subprocess.py:93} INFO - 26/01/20 05:01:38 INFO DAGScheduler: Final stage: ResultStage 1 (json at NativeMethodAccessorImpl.java:0)
[2026-01-20T05:01:38.869+0000] {subprocess.py:93} INFO - 26/01/20 05:01:38 INFO DAGScheduler: Parents of final stage: List()
[2026-01-20T05:01:38.869+0000] {subprocess.py:93} INFO - 26/01/20 05:01:38 INFO DAGScheduler: Missing parents: List()
[2026-01-20T05:01:38.870+0000] {subprocess.py:93} INFO - 26/01/20 05:01:38 INFO DAGScheduler: Submitting ResultStage 1 (MapPartitionsRDD[7] at json at NativeMethodAccessorImpl.java:0), which has no missing parents
[2026-01-20T05:01:38.871+0000] {subprocess.py:93} INFO - 26/01/20 05:01:38 INFO MemoryStore: Block broadcast_3 stored as values in memory (estimated size 16.0 KiB, free 433.9 MiB)
[2026-01-20T05:01:38.873+0000] {subprocess.py:93} INFO - 26/01/20 05:01:38 INFO MemoryStore: Block broadcast_3_piece0 stored as bytes in memory (estimated size 7.5 KiB, free 433.9 MiB)
[2026-01-20T05:01:38.875+0000] {subprocess.py:93} INFO - 26/01/20 05:01:38 INFO BlockManagerInfo: Added broadcast_3_piece0 in memory on 519d7d29de3d:33501 (size: 7.5 KiB, free: 434.3 MiB)
[2026-01-20T05:01:38.875+0000] {subprocess.py:93} INFO - 26/01/20 05:01:38 INFO SparkContext: Created broadcast 3 from broadcast at DAGScheduler.scala:1580
[2026-01-20T05:01:38.876+0000] {subprocess.py:93} INFO - 26/01/20 05:01:38 INFO DAGScheduler: Submitting 8 missing tasks from ResultStage 1 (MapPartitionsRDD[7] at json at NativeMethodAccessorImpl.java:0) (first 15 tasks are for partitions Vector(0, 1, 2, 3, 4, 5, 6, 7))
[2026-01-20T05:01:38.877+0000] {subprocess.py:93} INFO - 26/01/20 05:01:38 INFO TaskSchedulerImpl: Adding task set 1.0 with 8 tasks resource profile 0
[2026-01-20T05:01:38.880+0000] {subprocess.py:93} INFO - 26/01/20 05:01:38 INFO TaskSetManager: Starting task 0.0 in stage 1.0 (TID 13) (519d7d29de3d, executor driver, partition 0, PROCESS_LOCAL, 8244 bytes)
[2026-01-20T05:01:38.881+0000] {subprocess.py:93} INFO - 26/01/20 05:01:38 INFO TaskSetManager: Starting task 1.0 in stage 1.0 (TID 14) (519d7d29de3d, executor driver, partition 1, PROCESS_LOCAL, 8244 bytes)
[2026-01-20T05:01:38.881+0000] {subprocess.py:93} INFO - 26/01/20 05:01:38 INFO TaskSetManager: Starting task 2.0 in stage 1.0 (TID 15) (519d7d29de3d, executor driver, partition 2, PROCESS_LOCAL, 8244 bytes)
[2026-01-20T05:01:38.882+0000] {subprocess.py:93} INFO - 26/01/20 05:01:38 INFO TaskSetManager: Starting task 3.0 in stage 1.0 (TID 16) (519d7d29de3d, executor driver, partition 3, PROCESS_LOCAL, 8244 bytes)
[2026-01-20T05:01:38.883+0000] {subprocess.py:93} INFO - 26/01/20 05:01:38 INFO TaskSetManager: Starting task 4.0 in stage 1.0 (TID 17) (519d7d29de3d, executor driver, partition 4, PROCESS_LOCAL, 8244 bytes)
[2026-01-20T05:01:38.883+0000] {subprocess.py:93} INFO - 26/01/20 05:01:38 INFO TaskSetManager: Starting task 5.0 in stage 1.0 (TID 18) (519d7d29de3d, executor driver, partition 5, PROCESS_LOCAL, 8244 bytes)
[2026-01-20T05:01:38.884+0000] {subprocess.py:93} INFO - 26/01/20 05:01:38 INFO TaskSetManager: Starting task 6.0 in stage 1.0 (TID 19) (519d7d29de3d, executor driver, partition 6, PROCESS_LOCAL, 8244 bytes)
[2026-01-20T05:01:38.884+0000] {subprocess.py:93} INFO - 26/01/20 05:01:38 INFO TaskSetManager: Starting task 7.0 in stage 1.0 (TID 20) (519d7d29de3d, executor driver, partition 7, PROCESS_LOCAL, 8244 bytes)
[2026-01-20T05:01:38.885+0000] {subprocess.py:93} INFO - 26/01/20 05:01:38 INFO Executor: Running task 0.0 in stage 1.0 (TID 13)
[2026-01-20T05:01:38.886+0000] {subprocess.py:93} INFO - 26/01/20 05:01:38 INFO Executor: Running task 1.0 in stage 1.0 (TID 14)
[2026-01-20T05:01:38.887+0000] {subprocess.py:93} INFO - 26/01/20 05:01:38 INFO Executor: Running task 2.0 in stage 1.0 (TID 15)
[2026-01-20T05:01:38.888+0000] {subprocess.py:93} INFO - 26/01/20 05:01:38 INFO Executor: Running task 3.0 in stage 1.0 (TID 16)
[2026-01-20T05:01:38.889+0000] {subprocess.py:93} INFO - 26/01/20 05:01:38 INFO Executor: Running task 4.0 in stage 1.0 (TID 17)
[2026-01-20T05:01:38.890+0000] {subprocess.py:93} INFO - 26/01/20 05:01:38 INFO Executor: Running task 5.0 in stage 1.0 (TID 18)
[2026-01-20T05:01:38.890+0000] {subprocess.py:93} INFO - 26/01/20 05:01:38 INFO Executor: Running task 7.0 in stage 1.0 (TID 20)
[2026-01-20T05:01:38.891+0000] {subprocess.py:93} INFO - 26/01/20 05:01:38 INFO Executor: Running task 6.0 in stage 1.0 (TID 19)
[2026-01-20T05:01:38.892+0000] {subprocess.py:93} INFO - 26/01/20 05:01:38 INFO FileScanRDD: Reading File path: file:///opt/spark-data/landing/user_events_1768879431.2231393.json, range: 0-4194304, partition values: [empty row]
[2026-01-20T05:01:38.893+0000] {subprocess.py:93} INFO - 26/01/20 05:01:38 INFO FileScanRDD: Reading File path: file:///opt/spark-data/landing/user_events_1768879431.2231393.json, range: 25165824-29360128, partition values: [empty row]
[2026-01-20T05:01:38.894+0000] {subprocess.py:93} INFO - 26/01/20 05:01:38 INFO FileScanRDD: Reading File path: file:///opt/spark-data/landing/user_events_1768879431.2231393.json, range: 8388608-12582912, partition values: [empty row]
[2026-01-20T05:01:38.895+0000] {subprocess.py:93} INFO - 26/01/20 05:01:38 INFO FileScanRDD: Reading File path: file:///opt/spark-data/landing/user_events_1768879431.2231393.json, range: 29360128-33532706, partition values: [empty row]
[2026-01-20T05:01:38.897+0000] {subprocess.py:93} INFO - 26/01/20 05:01:38 INFO FileScanRDD: Reading File path: file:///opt/spark-data/landing/user_events_1768879431.2231393.json, range: 4194304-8388608, partition values: [empty row]
[2026-01-20T05:01:38.898+0000] {subprocess.py:93} INFO - 26/01/20 05:01:38 INFO FileScanRDD: Reading File path: file:///opt/spark-data/landing/user_events_1768879431.2231393.json, range: 12582912-16777216, partition values: [empty row]
[2026-01-20T05:01:38.899+0000] {subprocess.py:93} INFO - 26/01/20 05:01:38 INFO FileScanRDD: Reading File path: file:///opt/spark-data/landing/user_events_1768879431.2231393.json, range: 16777216-20971520, partition values: [empty row]
[2026-01-20T05:01:38.900+0000] {subprocess.py:93} INFO - 26/01/20 05:01:38 INFO FileScanRDD: Reading File path: file:///opt/spark-data/landing/user_events_1768879431.2231393.json, range: 20971520-25165824, partition values: [empty row]
[2026-01-20T05:01:39.376+0000] {subprocess.py:93} INFO - 26/01/20 05:01:39 INFO Executor: Finished task 2.0 in stage 1.0 (TID 15). 2401 bytes result sent to driver
[2026-01-20T05:01:39.377+0000] {subprocess.py:93} INFO - 26/01/20 05:01:39 INFO TaskSetManager: Finished task 2.0 in stage 1.0 (TID 15) in 497 ms on 519d7d29de3d (executor driver) (1/8)
[2026-01-20T05:01:39.380+0000] {subprocess.py:93} INFO - 26/01/20 05:01:39 INFO Executor: Finished task 0.0 in stage 1.0 (TID 13). 2401 bytes result sent to driver
[2026-01-20T05:01:39.381+0000] {subprocess.py:93} INFO - 26/01/20 05:01:39 INFO Executor: Finished task 1.0 in stage 1.0 (TID 14). 2444 bytes result sent to driver
[2026-01-20T05:01:39.382+0000] {subprocess.py:93} INFO - 26/01/20 05:01:39 INFO Executor: Finished task 3.0 in stage 1.0 (TID 16). 2401 bytes result sent to driver
[2026-01-20T05:01:39.383+0000] {subprocess.py:93} INFO - 26/01/20 05:01:39 INFO Executor: Finished task 7.0 in stage 1.0 (TID 20). 2401 bytes result sent to driver
[2026-01-20T05:01:39.384+0000] {subprocess.py:93} INFO - 26/01/20 05:01:39 INFO TaskSetManager: Finished task 0.0 in stage 1.0 (TID 13) in 502 ms on 519d7d29de3d (executor driver) (2/8)
[2026-01-20T05:01:39.385+0000] {subprocess.py:93} INFO - 26/01/20 05:01:39 INFO Executor: Finished task 6.0 in stage 1.0 (TID 19). 2401 bytes result sent to driver
[2026-01-20T05:01:39.385+0000] {subprocess.py:93} INFO - 26/01/20 05:01:39 INFO TaskSetManager: Finished task 1.0 in stage 1.0 (TID 14) in 502 ms on 519d7d29de3d (executor driver) (3/8)
[2026-01-20T05:01:39.386+0000] {subprocess.py:93} INFO - 26/01/20 05:01:39 INFO Executor: Finished task 4.0 in stage 1.0 (TID 17). 2401 bytes result sent to driver
[2026-01-20T05:01:39.387+0000] {subprocess.py:93} INFO - 26/01/20 05:01:39 INFO TaskSetManager: Finished task 3.0 in stage 1.0 (TID 16) in 503 ms on 519d7d29de3d (executor driver) (4/8)
[2026-01-20T05:01:39.387+0000] {subprocess.py:93} INFO - 26/01/20 05:01:39 INFO Executor: Finished task 5.0 in stage 1.0 (TID 18). 2401 bytes result sent to driver
[2026-01-20T05:01:39.388+0000] {subprocess.py:93} INFO - 26/01/20 05:01:39 INFO TaskSetManager: Finished task 7.0 in stage 1.0 (TID 20) in 502 ms on 519d7d29de3d (executor driver) (5/8)
[2026-01-20T05:01:39.389+0000] {subprocess.py:93} INFO - 26/01/20 05:01:39 INFO TaskSetManager: Finished task 4.0 in stage 1.0 (TID 17) in 504 ms on 519d7d29de3d (executor driver) (6/8)
[2026-01-20T05:01:39.389+0000] {subprocess.py:93} INFO - 26/01/20 05:01:39 INFO TaskSetManager: Finished task 6.0 in stage 1.0 (TID 19) in 504 ms on 519d7d29de3d (executor driver) (7/8)
[2026-01-20T05:01:39.390+0000] {subprocess.py:93} INFO - 26/01/20 05:01:39 INFO TaskSetManager: Finished task 5.0 in stage 1.0 (TID 18) in 506 ms on 519d7d29de3d (executor driver) (8/8)
[2026-01-20T05:01:39.391+0000] {subprocess.py:93} INFO - 26/01/20 05:01:39 INFO TaskSchedulerImpl: Removed TaskSet 1.0, whose tasks have all completed, from pool
[2026-01-20T05:01:39.391+0000] {subprocess.py:93} INFO - 26/01/20 05:01:39 INFO DAGScheduler: ResultStage 1 (json at NativeMethodAccessorImpl.java:0) finished in 0.520 s
[2026-01-20T05:01:39.392+0000] {subprocess.py:93} INFO - 26/01/20 05:01:39 INFO DAGScheduler: Job 1 is finished. Cancelling potential speculative or zombie tasks for this job
[2026-01-20T05:01:39.393+0000] {subprocess.py:93} INFO - 26/01/20 05:01:39 INFO TaskSchedulerImpl: Killing all running tasks in stage 1: Stage finished
[2026-01-20T05:01:39.393+0000] {subprocess.py:93} INFO - 26/01/20 05:01:39 INFO DAGScheduler: Job 1 finished: json at NativeMethodAccessorImpl.java:0, took 0.525497 s
[2026-01-20T05:01:40.163+0000] {subprocess.py:93} INFO - 26/01/20 05:01:40 INFO FileSourceStrategy: Pushed Filters: IsNotNull(user_id),IsNotNull(line_items)
[2026-01-20T05:01:40.164+0000] {subprocess.py:93} INFO - 26/01/20 05:01:40 INFO FileSourceStrategy: Post-Scan Filters: isnotnull(user_id#21),(size(line_items#10, true) > 0),isnotnull(line_items#10)
[2026-01-20T05:01:40.168+0000] {subprocess.py:93} INFO - 26/01/20 05:01:40 INFO FileSourceStrategy: Pushed Filters: IsNotNull(user_id),IsNotNull(product_id)
[2026-01-20T05:01:40.169+0000] {subprocess.py:93} INFO - 26/01/20 05:01:40 INFO FileSourceStrategy: Post-Scan Filters: isnotnull(user_id#58),isnotnull(product_id#53)
[2026-01-20T05:01:40.329+0000] {subprocess.py:93} INFO - 26/01/20 05:01:40 INFO CodeGenerator: Code generated in 26.111277 ms
[2026-01-20T05:01:40.333+0000] {subprocess.py:93} INFO - 26/01/20 05:01:40 INFO MemoryStore: Block broadcast_4 stored as values in memory (estimated size 199.1 KiB, free 433.7 MiB)
[2026-01-20T05:01:40.346+0000] {subprocess.py:93} INFO - 26/01/20 05:01:40 INFO MemoryStore: Block broadcast_4_piece0 stored as bytes in memory (estimated size 34.2 KiB, free 433.7 MiB)
[2026-01-20T05:01:40.347+0000] {subprocess.py:93} INFO - 26/01/20 05:01:40 INFO BlockManagerInfo: Added broadcast_4_piece0 in memory on 519d7d29de3d:33501 (size: 34.2 KiB, free: 434.3 MiB)
[2026-01-20T05:01:40.348+0000] {subprocess.py:93} INFO - 26/01/20 05:01:40 INFO SparkContext: Created broadcast 4 from $anonfun$withThreadLocalCaptured$1 at FutureTask.java:264
[2026-01-20T05:01:40.351+0000] {subprocess.py:93} INFO - 26/01/20 05:01:40 INFO FileSourceScanExec: Planning scan with bin packing, max size: 4194304 bytes, open cost is considered as scanning 4194304 bytes.
[2026-01-20T05:01:40.384+0000] {subprocess.py:93} INFO - 26/01/20 05:01:40 INFO SparkContext: Starting job: $anonfun$withThreadLocalCaptured$1 at FutureTask.java:264
[2026-01-20T05:01:40.386+0000] {subprocess.py:93} INFO - 26/01/20 05:01:40 INFO DAGScheduler: Got job 2 ($anonfun$withThreadLocalCaptured$1 at FutureTask.java:264) with 8 output partitions
[2026-01-20T05:01:40.386+0000] {subprocess.py:93} INFO - 26/01/20 05:01:40 INFO DAGScheduler: Final stage: ResultStage 2 ($anonfun$withThreadLocalCaptured$1 at FutureTask.java:264)
[2026-01-20T05:01:40.387+0000] {subprocess.py:93} INFO - 26/01/20 05:01:40 INFO DAGScheduler: Parents of final stage: List()
[2026-01-20T05:01:40.388+0000] {subprocess.py:93} INFO - 26/01/20 05:01:40 INFO DAGScheduler: Missing parents: List()
[2026-01-20T05:01:40.389+0000] {subprocess.py:93} INFO - 26/01/20 05:01:40 INFO DAGScheduler: Submitting ResultStage 2 (MapPartitionsRDD[11] at $anonfun$withThreadLocalCaptured$1 at FutureTask.java:264), which has no missing parents
[2026-01-20T05:01:40.391+0000] {subprocess.py:93} INFO - 26/01/20 05:01:40 INFO MemoryStore: Block broadcast_5 stored as values in memory (estimated size 15.6 KiB, free 433.7 MiB)
[2026-01-20T05:01:40.393+0000] {subprocess.py:93} INFO - 26/01/20 05:01:40 INFO MemoryStore: Block broadcast_5_piece0 stored as bytes in memory (estimated size 7.4 KiB, free 433.6 MiB)
[2026-01-20T05:01:40.394+0000] {subprocess.py:93} INFO - 26/01/20 05:01:40 INFO BlockManagerInfo: Added broadcast_5_piece0 in memory on 519d7d29de3d:33501 (size: 7.4 KiB, free: 434.3 MiB)
[2026-01-20T05:01:40.395+0000] {subprocess.py:93} INFO - 26/01/20 05:01:40 INFO SparkContext: Created broadcast 5 from broadcast at DAGScheduler.scala:1580
[2026-01-20T05:01:40.396+0000] {subprocess.py:93} INFO - 26/01/20 05:01:40 INFO DAGScheduler: Submitting 8 missing tasks from ResultStage 2 (MapPartitionsRDD[11] at $anonfun$withThreadLocalCaptured$1 at FutureTask.java:264) (first 15 tasks are for partitions Vector(0, 1, 2, 3, 4, 5, 6, 7))
[2026-01-20T05:01:40.397+0000] {subprocess.py:93} INFO - 26/01/20 05:01:40 INFO TaskSchedulerImpl: Adding task set 2.0 with 8 tasks resource profile 0
[2026-01-20T05:01:40.398+0000] {subprocess.py:93} INFO - 26/01/20 05:01:40 INFO TaskSetManager: Starting task 0.0 in stage 2.0 (TID 21) (519d7d29de3d, executor driver, partition 0, PROCESS_LOCAL, 8244 bytes)
[2026-01-20T05:01:40.399+0000] {subprocess.py:93} INFO - 26/01/20 05:01:40 INFO TaskSetManager: Starting task 1.0 in stage 2.0 (TID 22) (519d7d29de3d, executor driver, partition 1, PROCESS_LOCAL, 8244 bytes)
[2026-01-20T05:01:40.400+0000] {subprocess.py:93} INFO - 26/01/20 05:01:40 INFO TaskSetManager: Starting task 2.0 in stage 2.0 (TID 23) (519d7d29de3d, executor driver, partition 2, PROCESS_LOCAL, 8244 bytes)
[2026-01-20T05:01:40.401+0000] {subprocess.py:93} INFO - 26/01/20 05:01:40 INFO TaskSetManager: Starting task 3.0 in stage 2.0 (TID 24) (519d7d29de3d, executor driver, partition 3, PROCESS_LOCAL, 8244 bytes)
[2026-01-20T05:01:40.402+0000] {subprocess.py:93} INFO - 26/01/20 05:01:40 INFO TaskSetManager: Starting task 4.0 in stage 2.0 (TID 25) (519d7d29de3d, executor driver, partition 4, PROCESS_LOCAL, 8244 bytes)
[2026-01-20T05:01:40.402+0000] {subprocess.py:93} INFO - 26/01/20 05:01:40 INFO TaskSetManager: Starting task 5.0 in stage 2.0 (TID 26) (519d7d29de3d, executor driver, partition 5, PROCESS_LOCAL, 8244 bytes)
[2026-01-20T05:01:40.403+0000] {subprocess.py:93} INFO - 26/01/20 05:01:40 INFO TaskSetManager: Starting task 6.0 in stage 2.0 (TID 27) (519d7d29de3d, executor driver, partition 6, PROCESS_LOCAL, 8244 bytes)
[2026-01-20T05:01:40.403+0000] {subprocess.py:93} INFO - 26/01/20 05:01:40 INFO TaskSetManager: Starting task 7.0 in stage 2.0 (TID 28) (519d7d29de3d, executor driver, partition 7, PROCESS_LOCAL, 8244 bytes)
[2026-01-20T05:01:40.404+0000] {subprocess.py:93} INFO - 26/01/20 05:01:40 INFO Executor: Running task 3.0 in stage 2.0 (TID 24)
[2026-01-20T05:01:40.406+0000] {subprocess.py:93} INFO - 26/01/20 05:01:40 INFO Executor: Running task 1.0 in stage 2.0 (TID 22)
[2026-01-20T05:01:40.407+0000] {subprocess.py:93} INFO - 26/01/20 05:01:40 INFO Executor: Running task 6.0 in stage 2.0 (TID 27)
[2026-01-20T05:01:40.408+0000] {subprocess.py:93} INFO - 26/01/20 05:01:40 INFO Executor: Running task 7.0 in stage 2.0 (TID 28)
[2026-01-20T05:01:40.409+0000] {subprocess.py:93} INFO - 26/01/20 05:01:40 INFO Executor: Running task 5.0 in stage 2.0 (TID 26)
[2026-01-20T05:01:40.409+0000] {subprocess.py:93} INFO - 26/01/20 05:01:40 INFO Executor: Running task 0.0 in stage 2.0 (TID 21)
[2026-01-20T05:01:40.423+0000] {subprocess.py:93} INFO - 26/01/20 05:01:40 INFO Executor: Running task 2.0 in stage 2.0 (TID 23)
[2026-01-20T05:01:40.423+0000] {subprocess.py:93} INFO - 26/01/20 05:01:40 INFO Executor: Running task 4.0 in stage 2.0 (TID 25)
[2026-01-20T05:01:40.454+0000] {subprocess.py:93} INFO - 26/01/20 05:01:40 INFO CodeGenerator: Code generated in 16.484901 ms
[2026-01-20T05:01:40.458+0000] {subprocess.py:93} INFO - 26/01/20 05:01:40 INFO FileScanRDD: Reading File path: file:///opt/spark-data/landing/user_events_1768879431.2231393.json, range: 20971520-25165824, partition values: [empty row]
[2026-01-20T05:01:40.459+0000] {subprocess.py:93} INFO - 26/01/20 05:01:40 INFO FileScanRDD: Reading File path: file:///opt/spark-data/landing/user_events_1768879431.2231393.json, range: 29360128-33532706, partition values: [empty row]
[2026-01-20T05:01:40.461+0000] {subprocess.py:93} INFO - 26/01/20 05:01:40 INFO FileScanRDD: Reading File path: file:///opt/spark-data/landing/user_events_1768879431.2231393.json, range: 16777216-20971520, partition values: [empty row]
[2026-01-20T05:01:40.462+0000] {subprocess.py:93} INFO - 26/01/20 05:01:40 INFO FileScanRDD: Reading File path: file:///opt/spark-data/landing/user_events_1768879431.2231393.json, range: 4194304-8388608, partition values: [empty row]
[2026-01-20T05:01:40.463+0000] {subprocess.py:93} INFO - 26/01/20 05:01:40 INFO FileScanRDD: Reading File path: file:///opt/spark-data/landing/user_events_1768879431.2231393.json, range: 12582912-16777216, partition values: [empty row]
[2026-01-20T05:01:40.464+0000] {subprocess.py:93} INFO - 26/01/20 05:01:40 INFO FileScanRDD: Reading File path: file:///opt/spark-data/landing/user_events_1768879431.2231393.json, range: 25165824-29360128, partition values: [empty row]
[2026-01-20T05:01:40.465+0000] {subprocess.py:93} INFO - 26/01/20 05:01:40 INFO FileScanRDD: Reading File path: file:///opt/spark-data/landing/user_events_1768879431.2231393.json, range: 0-4194304, partition values: [empty row]
[2026-01-20T05:01:40.466+0000] {subprocess.py:93} INFO - 26/01/20 05:01:40 INFO BlockManagerInfo: Removed broadcast_3_piece0 on 519d7d29de3d:33501 in memory (size: 7.5 KiB, free: 434.3 MiB)
[2026-01-20T05:01:40.467+0000] {subprocess.py:93} INFO - 26/01/20 05:01:40 INFO FileScanRDD: Reading File path: file:///opt/spark-data/landing/user_events_1768879431.2231393.json, range: 8388608-12582912, partition values: [empty row]
[2026-01-20T05:01:40.469+0000] {subprocess.py:93} INFO - 26/01/20 05:01:40 INFO BlockManagerInfo: Removed broadcast_2_piece0 on 519d7d29de3d:33501 in memory (size: 34.2 KiB, free: 434.3 MiB)
[2026-01-20T05:01:40.487+0000] {subprocess.py:93} INFO - 26/01/20 05:01:40 INFO CodeGenerator: Code generated in 24.09956 ms
[2026-01-20T05:01:40.525+0000] {subprocess.py:93} INFO - 26/01/20 05:01:40 INFO CodeGenerator: Code generated in 5.701145 ms
[2026-01-20T05:01:40.534+0000] {subprocess.py:93} INFO - 26/01/20 05:01:40 INFO CodeGenerator: Code generated in 6.476561 ms
[2026-01-20T05:01:41.072+0000] {subprocess.py:93} INFO - 26/01/20 05:01:41 INFO Executor: Finished task 7.0 in stage 2.0 (TID 28). 130576 bytes result sent to driver
[2026-01-20T05:01:41.073+0000] {subprocess.py:93} INFO - 26/01/20 05:01:41 INFO Executor: Finished task 2.0 in stage 2.0 (TID 23). 132180 bytes result sent to driver
[2026-01-20T05:01:41.075+0000] {subprocess.py:93} INFO - 26/01/20 05:01:41 INFO Executor: Finished task 3.0 in stage 2.0 (TID 24). 132601 bytes result sent to driver
[2026-01-20T05:01:41.075+0000] {subprocess.py:93} INFO - 26/01/20 05:01:41 INFO Executor: Finished task 6.0 in stage 2.0 (TID 27). 130034 bytes result sent to driver
[2026-01-20T05:01:41.076+0000] {subprocess.py:93} INFO - 26/01/20 05:01:41 INFO Executor: Finished task 1.0 in stage 2.0 (TID 22). 134053 bytes result sent to driver
[2026-01-20T05:01:41.077+0000] {subprocess.py:93} INFO - 26/01/20 05:01:41 INFO Executor: Finished task 5.0 in stage 2.0 (TID 26). 133763 bytes result sent to driver
[2026-01-20T05:01:41.078+0000] {subprocess.py:93} INFO - 26/01/20 05:01:41 INFO Executor: Finished task 4.0 in stage 2.0 (TID 25). 135408 bytes result sent to driver
[2026-01-20T05:01:41.079+0000] {subprocess.py:93} INFO - 26/01/20 05:01:41 INFO TaskSetManager: Finished task 3.0 in stage 2.0 (TID 24) in 677 ms on 519d7d29de3d (executor driver) (1/8)
[2026-01-20T05:01:41.080+0000] {subprocess.py:93} INFO - 26/01/20 05:01:41 INFO TaskSetManager: Finished task 1.0 in stage 2.0 (TID 22) in 679 ms on 519d7d29de3d (executor driver) (2/8)
[2026-01-20T05:01:41.081+0000] {subprocess.py:93} INFO - 26/01/20 05:01:41 INFO TaskSetManager: Finished task 2.0 in stage 2.0 (TID 23) in 679 ms on 519d7d29de3d (executor driver) (3/8)
[2026-01-20T05:01:41.082+0000] {subprocess.py:93} INFO - 26/01/20 05:01:41 INFO TaskSetManager: Finished task 7.0 in stage 2.0 (TID 28) in 676 ms on 519d7d29de3d (executor driver) (4/8)
[2026-01-20T05:01:41.083+0000] {subprocess.py:93} INFO - 26/01/20 05:01:41 INFO TaskSetManager: Finished task 5.0 in stage 2.0 (TID 26) in 678 ms on 519d7d29de3d (executor driver) (5/8)
[2026-01-20T05:01:41.083+0000] {subprocess.py:93} INFO - 26/01/20 05:01:41 INFO TaskSetManager: Finished task 4.0 in stage 2.0 (TID 25) in 680 ms on 519d7d29de3d (executor driver) (6/8)
[2026-01-20T05:01:41.084+0000] {subprocess.py:93} INFO - 26/01/20 05:01:41 INFO TaskSetManager: Finished task 6.0 in stage 2.0 (TID 27) in 679 ms on 519d7d29de3d (executor driver) (7/8)
[2026-01-20T05:01:41.084+0000] {subprocess.py:93} INFO - 26/01/20 05:01:41 INFO Executor: Finished task 0.0 in stage 2.0 (TID 21). 131320 bytes result sent to driver
[2026-01-20T05:01:41.085+0000] {subprocess.py:93} INFO - 26/01/20 05:01:41 INFO TaskSetManager: Finished task 0.0 in stage 2.0 (TID 21) in 685 ms on 519d7d29de3d (executor driver) (8/8)
[2026-01-20T05:01:41.086+0000] {subprocess.py:93} INFO - 26/01/20 05:01:41 INFO TaskSchedulerImpl: Removed TaskSet 2.0, whose tasks have all completed, from pool
[2026-01-20T05:01:41.086+0000] {subprocess.py:93} INFO - 26/01/20 05:01:41 INFO DAGScheduler: ResultStage 2 ($anonfun$withThreadLocalCaptured$1 at FutureTask.java:264) finished in 0.695 s
[2026-01-20T05:01:41.087+0000] {subprocess.py:93} INFO - 26/01/20 05:01:41 INFO DAGScheduler: Job 2 is finished. Cancelling potential speculative or zombie tasks for this job
[2026-01-20T05:01:41.088+0000] {subprocess.py:93} INFO - 26/01/20 05:01:41 INFO TaskSchedulerImpl: Killing all running tasks in stage 2: Stage finished
[2026-01-20T05:01:41.088+0000] {subprocess.py:93} INFO - 26/01/20 05:01:41 INFO DAGScheduler: Job 2 finished: $anonfun$withThreadLocalCaptured$1 at FutureTask.java:264, took 0.701092 s
[2026-01-20T05:01:41.122+0000] {subprocess.py:93} INFO - 26/01/20 05:01:41 INFO CodeGenerator: Code generated in 13.735009 ms
[2026-01-20T05:01:41.189+0000] {subprocess.py:93} INFO - 26/01/20 05:01:41 INFO MemoryStore: Block broadcast_6 stored as values in memory (estimated size 9.0 MiB, free 424.9 MiB)
[2026-01-20T05:01:41.231+0000] {subprocess.py:93} INFO - 26/01/20 05:01:41 INFO MemoryStore: Block broadcast_6_piece0 stored as bytes in memory (estimated size 1578.1 KiB, free 423.4 MiB)
[2026-01-20T05:01:41.232+0000] {subprocess.py:93} INFO - 26/01/20 05:01:41 INFO BlockManagerInfo: Added broadcast_6_piece0 in memory on 519d7d29de3d:33501 (size: 1578.1 KiB, free: 432.8 MiB)
[2026-01-20T05:01:41.233+0000] {subprocess.py:93} INFO - 26/01/20 05:01:41 INFO SparkContext: Created broadcast 6 from $anonfun$withThreadLocalCaptured$1 at FutureTask.java:264
[2026-01-20T05:01:41.257+0000] {subprocess.py:93} INFO - 26/01/20 05:01:41 INFO FileSourceStrategy: Pushed Filters: IsNotNull(user_id),IsNotNull(line_items)
[2026-01-20T05:01:41.257+0000] {subprocess.py:93} INFO - 26/01/20 05:01:41 INFO FileSourceStrategy: Post-Scan Filters: isnotnull(user_id#21),(size(line_items#10, true) > 0),isnotnull(line_items#10)
[2026-01-20T05:01:41.422+0000] {subprocess.py:93} INFO - 26/01/20 05:01:41 INFO FileOutputCommitter: File Output Committer Algorithm version is 1
[2026-01-20T05:01:41.423+0000] {subprocess.py:93} INFO - 26/01/20 05:01:41 INFO FileOutputCommitter: FileOutputCommitter skip cleanup _temporary folders under output directory:false, ignore cleanup failures: false
[2026-01-20T05:01:41.424+0000] {subprocess.py:93} INFO - 26/01/20 05:01:41 INFO SQLHadoopMapReduceCommitProtocol: Using output committer class org.apache.hadoop.mapreduce.lib.output.FileOutputCommitter
[2026-01-20T05:01:41.552+0000] {subprocess.py:93} INFO - 26/01/20 05:01:41 INFO CodeGenerator: Code generated in 50.252308 ms
[2026-01-20T05:01:41.557+0000] {subprocess.py:93} INFO - 26/01/20 05:01:41 INFO MemoryStore: Block broadcast_7 stored as values in memory (estimated size 199.1 KiB, free 423.2 MiB)
[2026-01-20T05:01:41.568+0000] {subprocess.py:93} INFO - 26/01/20 05:01:41 INFO MemoryStore: Block broadcast_7_piece0 stored as bytes in memory (estimated size 34.2 KiB, free 423.1 MiB)
[2026-01-20T05:01:41.569+0000] {subprocess.py:93} INFO - 26/01/20 05:01:41 INFO BlockManagerInfo: Added broadcast_7_piece0 in memory on 519d7d29de3d:33501 (size: 34.2 KiB, free: 432.7 MiB)
[2026-01-20T05:01:41.570+0000] {subprocess.py:93} INFO - 26/01/20 05:01:41 INFO SparkContext: Created broadcast 7 from csv at NativeMethodAccessorImpl.java:0
[2026-01-20T05:01:41.571+0000] {subprocess.py:93} INFO - 26/01/20 05:01:41 INFO FileSourceScanExec: Planning scan with bin packing, max size: 4194304 bytes, open cost is considered as scanning 4194304 bytes.
[2026-01-20T05:01:41.586+0000] {subprocess.py:93} INFO - 26/01/20 05:01:41 INFO SparkContext: Starting job: csv at NativeMethodAccessorImpl.java:0
[2026-01-20T05:01:41.587+0000] {subprocess.py:93} INFO - 26/01/20 05:01:41 INFO DAGScheduler: Got job 3 (csv at NativeMethodAccessorImpl.java:0) with 13 output partitions
[2026-01-20T05:01:41.588+0000] {subprocess.py:93} INFO - 26/01/20 05:01:41 INFO DAGScheduler: Final stage: ResultStage 3 (csv at NativeMethodAccessorImpl.java:0)
[2026-01-20T05:01:41.588+0000] {subprocess.py:93} INFO - 26/01/20 05:01:41 INFO DAGScheduler: Parents of final stage: List()
[2026-01-20T05:01:41.589+0000] {subprocess.py:93} INFO - 26/01/20 05:01:41 INFO DAGScheduler: Missing parents: List()
[2026-01-20T05:01:41.589+0000] {subprocess.py:93} INFO - 26/01/20 05:01:41 INFO DAGScheduler: Submitting ResultStage 3 (MapPartitionsRDD[15] at csv at NativeMethodAccessorImpl.java:0), which has no missing parents
[2026-01-20T05:01:41.629+0000] {subprocess.py:93} INFO - 26/01/20 05:01:41 INFO MemoryStore: Block broadcast_8 stored as values in memory (estimated size 233.0 KiB, free 422.9 MiB)
[2026-01-20T05:01:41.632+0000] {subprocess.py:93} INFO - 26/01/20 05:01:41 INFO MemoryStore: Block broadcast_8_piece0 stored as bytes in memory (estimated size 82.8 KiB, free 422.8 MiB)
[2026-01-20T05:01:41.632+0000] {subprocess.py:93} INFO - 26/01/20 05:01:41 INFO BlockManagerInfo: Added broadcast_8_piece0 in memory on 519d7d29de3d:33501 (size: 82.8 KiB, free: 432.7 MiB)
[2026-01-20T05:01:41.633+0000] {subprocess.py:93} INFO - 26/01/20 05:01:41 INFO SparkContext: Created broadcast 8 from broadcast at DAGScheduler.scala:1580
[2026-01-20T05:01:41.634+0000] {subprocess.py:93} INFO - 26/01/20 05:01:41 INFO DAGScheduler: Submitting 13 missing tasks from ResultStage 3 (MapPartitionsRDD[15] at csv at NativeMethodAccessorImpl.java:0) (first 15 tasks are for partitions Vector(0, 1, 2, 3, 4, 5, 6, 7, 8, 9, 10, 11, 12))
[2026-01-20T05:01:41.634+0000] {subprocess.py:93} INFO - 26/01/20 05:01:41 INFO TaskSchedulerImpl: Adding task set 3.0 with 13 tasks resource profile 0
[2026-01-20T05:01:41.635+0000] {subprocess.py:93} INFO - 26/01/20 05:01:41 INFO TaskSetManager: Starting task 0.0 in stage 3.0 (TID 29) (519d7d29de3d, executor driver, partition 0, PROCESS_LOCAL, 8251 bytes)
[2026-01-20T05:01:41.636+0000] {subprocess.py:93} INFO - 26/01/20 05:01:41 INFO TaskSetManager: Starting task 1.0 in stage 3.0 (TID 30) (519d7d29de3d, executor driver, partition 1, PROCESS_LOCAL, 8251 bytes)
[2026-01-20T05:01:41.636+0000] {subprocess.py:93} INFO - 26/01/20 05:01:41 INFO TaskSetManager: Starting task 2.0 in stage 3.0 (TID 31) (519d7d29de3d, executor driver, partition 2, PROCESS_LOCAL, 8251 bytes)
[2026-01-20T05:01:41.637+0000] {subprocess.py:93} INFO - 26/01/20 05:01:41 INFO TaskSetManager: Starting task 3.0 in stage 3.0 (TID 32) (519d7d29de3d, executor driver, partition 3, PROCESS_LOCAL, 8251 bytes)
[2026-01-20T05:01:41.638+0000] {subprocess.py:93} INFO - 26/01/20 05:01:41 INFO TaskSetManager: Starting task 4.0 in stage 3.0 (TID 33) (519d7d29de3d, executor driver, partition 4, PROCESS_LOCAL, 8251 bytes)
[2026-01-20T05:01:41.638+0000] {subprocess.py:93} INFO - 26/01/20 05:01:41 INFO TaskSetManager: Starting task 5.0 in stage 3.0 (TID 34) (519d7d29de3d, executor driver, partition 5, PROCESS_LOCAL, 8251 bytes)
[2026-01-20T05:01:41.639+0000] {subprocess.py:93} INFO - 26/01/20 05:01:41 INFO TaskSetManager: Starting task 6.0 in stage 3.0 (TID 35) (519d7d29de3d, executor driver, partition 6, PROCESS_LOCAL, 8251 bytes)
[2026-01-20T05:01:41.640+0000] {subprocess.py:93} INFO - 26/01/20 05:01:41 INFO TaskSetManager: Starting task 7.0 in stage 3.0 (TID 36) (519d7d29de3d, executor driver, partition 7, PROCESS_LOCAL, 8251 bytes)
[2026-01-20T05:01:41.640+0000] {subprocess.py:93} INFO - 26/01/20 05:01:41 INFO TaskSetManager: Starting task 8.0 in stage 3.0 (TID 37) (519d7d29de3d, executor driver, partition 8, PROCESS_LOCAL, 8251 bytes)
[2026-01-20T05:01:41.641+0000] {subprocess.py:93} INFO - 26/01/20 05:01:41 INFO TaskSetManager: Starting task 9.0 in stage 3.0 (TID 38) (519d7d29de3d, executor driver, partition 9, PROCESS_LOCAL, 8251 bytes)
[2026-01-20T05:01:41.641+0000] {subprocess.py:93} INFO - 26/01/20 05:01:41 INFO TaskSetManager: Starting task 10.0 in stage 3.0 (TID 39) (519d7d29de3d, executor driver, partition 10, PROCESS_LOCAL, 8251 bytes)
[2026-01-20T05:01:41.642+0000] {subprocess.py:93} INFO - 26/01/20 05:01:41 INFO TaskSetManager: Starting task 11.0 in stage 3.0 (TID 40) (519d7d29de3d, executor driver, partition 11, PROCESS_LOCAL, 8251 bytes)
[2026-01-20T05:01:41.642+0000] {subprocess.py:93} INFO - 26/01/20 05:01:41 INFO TaskSetManager: Starting task 12.0 in stage 3.0 (TID 41) (519d7d29de3d, executor driver, partition 12, PROCESS_LOCAL, 8251 bytes)
[2026-01-20T05:01:41.643+0000] {subprocess.py:93} INFO - 26/01/20 05:01:41 INFO Executor: Running task 1.0 in stage 3.0 (TID 30)
[2026-01-20T05:01:41.645+0000] {subprocess.py:93} INFO - 26/01/20 05:01:41 INFO Executor: Running task 0.0 in stage 3.0 (TID 29)
[2026-01-20T05:01:41.646+0000] {subprocess.py:93} INFO - 26/01/20 05:01:41 INFO Executor: Running task 3.0 in stage 3.0 (TID 32)
[2026-01-20T05:01:41.647+0000] {subprocess.py:93} INFO - 26/01/20 05:01:41 INFO Executor: Running task 2.0 in stage 3.0 (TID 31)
[2026-01-20T05:01:41.648+0000] {subprocess.py:93} INFO - 26/01/20 05:01:41 INFO Executor: Running task 5.0 in stage 3.0 (TID 34)
[2026-01-20T05:01:41.649+0000] {subprocess.py:93} INFO - 26/01/20 05:01:41 INFO Executor: Running task 6.0 in stage 3.0 (TID 35)
[2026-01-20T05:01:41.649+0000] {subprocess.py:93} INFO - 26/01/20 05:01:41 INFO Executor: Running task 8.0 in stage 3.0 (TID 37)
[2026-01-20T05:01:41.650+0000] {subprocess.py:93} INFO - 26/01/20 05:01:41 INFO Executor: Running task 9.0 in stage 3.0 (TID 38)
[2026-01-20T05:01:41.651+0000] {subprocess.py:93} INFO - 26/01/20 05:01:41 INFO Executor: Running task 7.0 in stage 3.0 (TID 36)
[2026-01-20T05:01:41.652+0000] {subprocess.py:93} INFO - 26/01/20 05:01:41 INFO Executor: Running task 4.0 in stage 3.0 (TID 33)
[2026-01-20T05:01:41.652+0000] {subprocess.py:93} INFO - 26/01/20 05:01:41 INFO Executor: Running task 10.0 in stage 3.0 (TID 39)
[2026-01-20T05:01:41.653+0000] {subprocess.py:93} INFO - 26/01/20 05:01:41 INFO Executor: Running task 12.0 in stage 3.0 (TID 41)
[2026-01-20T05:01:41.654+0000] {subprocess.py:93} INFO - 26/01/20 05:01:41 INFO Executor: Running task 11.0 in stage 3.0 (TID 40)
[2026-01-20T05:01:41.814+0000] {subprocess.py:93} INFO - 26/01/20 05:01:41 INFO CodeGenerator: Code generated in 72.267769 ms
[2026-01-20T05:01:41.822+0000] {subprocess.py:93} INFO - 26/01/20 05:01:41 INFO FileOutputCommitter: File Output Committer Algorithm version is 1
[2026-01-20T05:01:41.823+0000] {subprocess.py:93} INFO - 26/01/20 05:01:41 INFO FileOutputCommitter: FileOutputCommitter skip cleanup _temporary folders under output directory:false, ignore cleanup failures: false
[2026-01-20T05:01:41.824+0000] {subprocess.py:93} INFO - 26/01/20 05:01:41 INFO FileOutputCommitter: File Output Committer Algorithm version is 1
[2026-01-20T05:01:41.825+0000] {subprocess.py:93} INFO - 26/01/20 05:01:41 INFO FileOutputCommitter: File Output Committer Algorithm version is 1
[2026-01-20T05:01:41.826+0000] {subprocess.py:93} INFO - 26/01/20 05:01:41 INFO FileOutputCommitter: FileOutputCommitter skip cleanup _temporary folders under output directory:false, ignore cleanup failures: false
[2026-01-20T05:01:41.828+0000] {subprocess.py:93} INFO - 26/01/20 05:01:41 INFO FileOutputCommitter: File Output Committer Algorithm version is 1
[2026-01-20T05:01:41.829+0000] {subprocess.py:93} INFO - 26/01/20 05:01:41 INFO FileOutputCommitter: FileOutputCommitter skip cleanup _temporary folders under output directory:false, ignore cleanup failures: false
[2026-01-20T05:01:41.830+0000] {subprocess.py:93} INFO - 26/01/20 05:01:41 INFO SQLHadoopMapReduceCommitProtocol: Using output committer class org.apache.hadoop.mapreduce.lib.output.FileOutputCommitter
[2026-01-20T05:01:41.831+0000] {subprocess.py:93} INFO - 26/01/20 05:01:41 INFO SQLHadoopMapReduceCommitProtocol: Using output committer class org.apache.hadoop.mapreduce.lib.output.FileOutputCommitter
[2026-01-20T05:01:41.832+0000] {subprocess.py:93} INFO - 26/01/20 05:01:41 INFO FileOutputCommitter: File Output Committer Algorithm version is 1
[2026-01-20T05:01:41.832+0000] {subprocess.py:93} INFO - 26/01/20 05:01:41 INFO FileOutputCommitter: FileOutputCommitter skip cleanup _temporary folders under output directory:false, ignore cleanup failures: false
[2026-01-20T05:01:41.834+0000] {subprocess.py:93} INFO - 26/01/20 05:01:41 INFO FileScanRDD: Reading File path: file:///opt/spark-data/landing/transaction_events_1768879479.1820476.json, range: 41943040-46137344, partition values: [empty row]
[2026-01-20T05:01:41.835+0000] {subprocess.py:93} INFO - 26/01/20 05:01:41 INFO FileScanRDD: Reading File path: file:///opt/spark-data/landing/transaction_events_1768879479.1820476.json, range: 33554432-37748736, partition values: [empty row]
[2026-01-20T05:01:41.836+0000] {subprocess.py:93} INFO - 26/01/20 05:01:41 INFO SQLHadoopMapReduceCommitProtocol: Using output committer class org.apache.hadoop.mapreduce.lib.output.FileOutputCommitter
[2026-01-20T05:01:41.837+0000] {subprocess.py:93} INFO - 26/01/20 05:01:41 INFO FileScanRDD: Reading File path: file:///opt/spark-data/landing/transaction_events_1768879479.1820476.json, range: 25165824-29360128, partition values: [empty row]
[2026-01-20T05:01:41.838+0000] {subprocess.py:93} INFO - 26/01/20 05:01:41 INFO FileOutputCommitter: File Output Committer Algorithm version is 1
[2026-01-20T05:01:41.838+0000] {subprocess.py:93} INFO - 26/01/20 05:01:41 INFO FileOutputCommitter: FileOutputCommitter skip cleanup _temporary folders under output directory:false, ignore cleanup failures: false
[2026-01-20T05:01:41.839+0000] {subprocess.py:93} INFO - 26/01/20 05:01:41 INFO FileOutputCommitter: File Output Committer Algorithm version is 1
[2026-01-20T05:01:41.840+0000] {subprocess.py:93} INFO - 26/01/20 05:01:41 INFO FileOutputCommitter: FileOutputCommitter skip cleanup _temporary folders under output directory:false, ignore cleanup failures: false
[2026-01-20T05:01:41.840+0000] {subprocess.py:93} INFO - 26/01/20 05:01:41 INFO FileOutputCommitter: File Output Committer Algorithm version is 1
[2026-01-20T05:01:41.845+0000] {subprocess.py:93} INFO - 26/01/20 05:01:41 INFO SQLHadoopMapReduceCommitProtocol: Using output committer class org.apache.hadoop.mapreduce.lib.output.FileOutputCommitter
[2026-01-20T05:01:41.846+0000] {subprocess.py:93} INFO - 26/01/20 05:01:41 INFO FileOutputCommitter: FileOutputCommitter skip cleanup _temporary folders under output directory:false, ignore cleanup failures: false
[2026-01-20T05:01:41.847+0000] {subprocess.py:93} INFO - 26/01/20 05:01:41 INFO FileOutputCommitter: File Output Committer Algorithm version is 1
[2026-01-20T05:01:41.848+0000] {subprocess.py:93} INFO - 26/01/20 05:01:41 INFO FileOutputCommitter: FileOutputCommitter skip cleanup _temporary folders under output directory:false, ignore cleanup failures: false
[2026-01-20T05:01:41.848+0000] {subprocess.py:93} INFO - 26/01/20 05:01:41 INFO SQLHadoopMapReduceCommitProtocol: Using output committer class org.apache.hadoop.mapreduce.lib.output.FileOutputCommitter
[2026-01-20T05:01:41.849+0000] {subprocess.py:93} INFO - 26/01/20 05:01:41 INFO FileOutputCommitter: File Output Committer Algorithm version is 1
[2026-01-20T05:01:41.851+0000] {subprocess.py:93} INFO - 26/01/20 05:01:41 INFO FileOutputCommitter: FileOutputCommitter skip cleanup _temporary folders under output directory:false, ignore cleanup failures: false
[2026-01-20T05:01:41.852+0000] {subprocess.py:93} INFO - 26/01/20 05:01:41 INFO FileOutputCommitter: File Output Committer Algorithm version is 1
[2026-01-20T05:01:41.853+0000] {subprocess.py:93} INFO - 26/01/20 05:01:41 INFO FileOutputCommitter: File Output Committer Algorithm version is 1
[2026-01-20T05:01:41.854+0000] {subprocess.py:93} INFO - 26/01/20 05:01:41 INFO FileScanRDD: Reading File path: file:///opt/spark-data/landing/transaction_events_1768879479.1820476.json, range: 4194304-8388608, partition values: [empty row]
[2026-01-20T05:01:41.855+0000] {subprocess.py:93} INFO - 26/01/20 05:01:41 INFO FileOutputCommitter: FileOutputCommitter skip cleanup _temporary folders under output directory:false, ignore cleanup failures: false
[2026-01-20T05:01:41.856+0000] {subprocess.py:93} INFO - 26/01/20 05:01:41 INFO FileOutputCommitter: FileOutputCommitter skip cleanup _temporary folders under output directory:false, ignore cleanup failures: false
[2026-01-20T05:01:41.856+0000] {subprocess.py:93} INFO - 26/01/20 05:01:41 INFO FileOutputCommitter: File Output Committer Algorithm version is 1
[2026-01-20T05:01:41.857+0000] {subprocess.py:93} INFO - 26/01/20 05:01:41 INFO FileOutputCommitter: FileOutputCommitter skip cleanup _temporary folders under output directory:false, ignore cleanup failures: false
[2026-01-20T05:01:41.858+0000] {subprocess.py:93} INFO - 26/01/20 05:01:41 INFO SQLHadoopMapReduceCommitProtocol: Using output committer class org.apache.hadoop.mapreduce.lib.output.FileOutputCommitter
[2026-01-20T05:01:41.859+0000] {subprocess.py:93} INFO - 26/01/20 05:01:41 INFO FileScanRDD: Reading File path: file:///opt/spark-data/landing/transaction_events_1768879479.1820476.json, range: 20971520-25165824, partition values: [empty row]
[2026-01-20T05:01:41.860+0000] {subprocess.py:93} INFO - 26/01/20 05:01:41 INFO SQLHadoopMapReduceCommitProtocol: Using output committer class org.apache.hadoop.mapreduce.lib.output.FileOutputCommitter
[2026-01-20T05:01:41.861+0000] {subprocess.py:93} INFO - 26/01/20 05:01:41 INFO SQLHadoopMapReduceCommitProtocol: Using output committer class org.apache.hadoop.mapreduce.lib.output.FileOutputCommitter
[2026-01-20T05:01:41.861+0000] {subprocess.py:93} INFO - 26/01/20 05:01:41 INFO FileScanRDD: Reading File path: file:///opt/spark-data/landing/transaction_events_1768879479.1820476.json, range: 8388608-12582912, partition values: [empty row]
[2026-01-20T05:01:41.862+0000] {subprocess.py:93} INFO - 26/01/20 05:01:41 INFO SQLHadoopMapReduceCommitProtocol: Using output committer class org.apache.hadoop.mapreduce.lib.output.FileOutputCommitter
[2026-01-20T05:01:41.864+0000] {subprocess.py:93} INFO - 26/01/20 05:01:41 INFO FileScanRDD: Reading File path: file:///opt/spark-data/landing/transaction_events_1768879479.1820476.json, range: 12582912-16777216, partition values: [empty row]
[2026-01-20T05:01:41.866+0000] {subprocess.py:93} INFO - 26/01/20 05:01:41 INFO FileScanRDD: Reading File path: file:///opt/spark-data/landing/transaction_events_1768879479.1820476.json, range: 50331648-51561162, partition values: [empty row]
[2026-01-20T05:01:41.867+0000] {subprocess.py:93} INFO - 26/01/20 05:01:41 INFO SQLHadoopMapReduceCommitProtocol: Using output committer class org.apache.hadoop.mapreduce.lib.output.FileOutputCommitter
[2026-01-20T05:01:41.868+0000] {subprocess.py:93} INFO - 26/01/20 05:01:41 INFO SQLHadoopMapReduceCommitProtocol: Using output committer class org.apache.hadoop.mapreduce.lib.output.FileOutputCommitter
[2026-01-20T05:01:41.869+0000] {subprocess.py:93} INFO - 26/01/20 05:01:41 INFO SQLHadoopMapReduceCommitProtocol: Using output committer class org.apache.hadoop.mapreduce.lib.output.FileOutputCommitter
[2026-01-20T05:01:41.870+0000] {subprocess.py:93} INFO - 26/01/20 05:01:41 INFO FileScanRDD: Reading File path: file:///opt/spark-data/landing/transaction_events_1768879479.1820476.json, range: 16777216-20971520, partition values: [empty row]
[2026-01-20T05:01:41.871+0000] {subprocess.py:93} INFO - 26/01/20 05:01:41 INFO FileScanRDD: Reading File path: file:///opt/spark-data/landing/transaction_events_1768879479.1820476.json, range: 37748736-41943040, partition values: [empty row]
[2026-01-20T05:01:41.872+0000] {subprocess.py:93} INFO - 26/01/20 05:01:41 INFO FileOutputCommitter: FileOutputCommitter skip cleanup _temporary folders under output directory:false, ignore cleanup failures: false
[2026-01-20T05:01:41.872+0000] {subprocess.py:93} INFO - 26/01/20 05:01:41 INFO FileScanRDD: Reading File path: file:///opt/spark-data/landing/transaction_events_1768879479.1820476.json, range: 46137344-50331648, partition values: [empty row]
[2026-01-20T05:01:41.873+0000] {subprocess.py:93} INFO - 26/01/20 05:01:41 INFO SQLHadoopMapReduceCommitProtocol: Using output committer class org.apache.hadoop.mapreduce.lib.output.FileOutputCommitter
[2026-01-20T05:01:41.874+0000] {subprocess.py:93} INFO - 26/01/20 05:01:41 INFO FileScanRDD: Reading File path: file:///opt/spark-data/landing/transaction_events_1768879479.1820476.json, range: 29360128-33554432, partition values: [empty row]
[2026-01-20T05:01:41.875+0000] {subprocess.py:93} INFO - 26/01/20 05:01:41 INFO CodeGenerator: Code generated in 24.827213 ms
[2026-01-20T05:01:41.876+0000] {subprocess.py:93} INFO - 26/01/20 05:01:41 INFO CodeGenerator: Code generated in 7.095564 ms
[2026-01-20T05:01:42.081+0000] {subprocess.py:93} INFO - 26/01/20 05:01:42 INFO FileScanRDD: Reading File path: file:///opt/spark-data/landing/transaction_events_1768879479.1820476.json, range: 0-4194304, partition values: [empty row]
[2026-01-20T05:01:42.468+0000] {subprocess.py:93} INFO - 26/01/20 05:01:42 INFO FileOutputCommitter: Saved output of task 'attempt_202601200501413884769414539738701_0003_m_000012_41' to file:/opt/spark-data/gold/advertising/_temporary/0/task_202601200501413884769414539738701_0003_m_000012
[2026-01-20T05:01:42.470+0000] {subprocess.py:93} INFO - 26/01/20 05:01:42 INFO SparkHadoopMapRedUtil: attempt_202601200501413884769414539738701_0003_m_000012_41: Committed. Elapsed time: 34 ms.
[2026-01-20T05:01:42.489+0000] {subprocess.py:93} INFO - 26/01/20 05:01:42 INFO Executor: Finished task 12.0 in stage 3.0 (TID 41). 2936 bytes result sent to driver
[2026-01-20T05:01:42.496+0000] {subprocess.py:93} INFO - 26/01/20 05:01:42 INFO TaskSetManager: Finished task 12.0 in stage 3.0 (TID 41) in 853 ms on 519d7d29de3d (executor driver) (1/13)
[2026-01-20T05:01:42.805+0000] {subprocess.py:93} INFO - 26/01/20 05:01:42 INFO FileOutputCommitter: Saved output of task 'attempt_202601200501413884769414539738701_0003_m_000011_40' to file:/opt/spark-data/gold/advertising/_temporary/0/task_202601200501413884769414539738701_0003_m_000011
[2026-01-20T05:01:42.806+0000] {subprocess.py:93} INFO - 26/01/20 05:01:42 INFO SparkHadoopMapRedUtil: attempt_202601200501413884769414539738701_0003_m_000011_40: Committed. Elapsed time: 38 ms.
[2026-01-20T05:01:42.809+0000] {subprocess.py:93} INFO - 26/01/20 05:01:42 INFO Executor: Finished task 11.0 in stage 3.0 (TID 40). 2893 bytes result sent to driver
[2026-01-20T05:01:42.811+0000] {subprocess.py:93} INFO - 26/01/20 05:01:42 INFO TaskSetManager: Finished task 11.0 in stage 3.0 (TID 40) in 1169 ms on 519d7d29de3d (executor driver) (2/13)
[2026-01-20T05:01:42.813+0000] {subprocess.py:93} INFO - 26/01/20 05:01:42 INFO FileOutputCommitter: Saved output of task 'attempt_202601200501413884769414539738701_0003_m_000007_36' to file:/opt/spark-data/gold/advertising/_temporary/0/task_202601200501413884769414539738701_0003_m_000007
[2026-01-20T05:01:42.813+0000] {subprocess.py:93} INFO - 26/01/20 05:01:42 INFO SparkHadoopMapRedUtil: attempt_202601200501413884769414539738701_0003_m_000007_36: Committed. Elapsed time: 43 ms.
[2026-01-20T05:01:42.815+0000] {subprocess.py:93} INFO - 26/01/20 05:01:42 INFO Executor: Finished task 7.0 in stage 3.0 (TID 36). 2893 bytes result sent to driver
[2026-01-20T05:01:42.816+0000] {subprocess.py:93} INFO - 26/01/20 05:01:42 INFO TaskSetManager: Finished task 7.0 in stage 3.0 (TID 36) in 1177 ms on 519d7d29de3d (executor driver) (3/13)
[2026-01-20T05:01:42.818+0000] {subprocess.py:93} INFO - 26/01/20 05:01:42 INFO FileOutputCommitter: Saved output of task 'attempt_202601200501413884769414539738701_0003_m_000005_34' to file:/opt/spark-data/gold/advertising/_temporary/0/task_202601200501413884769414539738701_0003_m_000005
[2026-01-20T05:01:42.819+0000] {subprocess.py:93} INFO - 26/01/20 05:01:42 INFO SparkHadoopMapRedUtil: attempt_202601200501413884769414539738701_0003_m_000005_34: Committed. Elapsed time: 43 ms.
[2026-01-20T05:01:42.819+0000] {subprocess.py:93} INFO - 26/01/20 05:01:42 INFO Executor: Finished task 5.0 in stage 3.0 (TID 34). 2893 bytes result sent to driver
[2026-01-20T05:01:42.820+0000] {subprocess.py:93} INFO - 26/01/20 05:01:42 INFO TaskSetManager: Finished task 5.0 in stage 3.0 (TID 34) in 1182 ms on 519d7d29de3d (executor driver) (4/13)
[2026-01-20T05:01:42.823+0000] {subprocess.py:93} INFO - 26/01/20 05:01:42 INFO FileOutputCommitter: Saved output of task 'attempt_202601200501413884769414539738701_0003_m_000006_35' to file:/opt/spark-data/gold/advertising/_temporary/0/task_202601200501413884769414539738701_0003_m_000006
[2026-01-20T05:01:42.824+0000] {subprocess.py:93} INFO - 26/01/20 05:01:42 INFO SparkHadoopMapRedUtil: attempt_202601200501413884769414539738701_0003_m_000006_35: Committed. Elapsed time: 47 ms.
[2026-01-20T05:01:42.825+0000] {subprocess.py:93} INFO - 26/01/20 05:01:42 INFO Executor: Finished task 6.0 in stage 3.0 (TID 35). 2893 bytes result sent to driver
[2026-01-20T05:01:42.826+0000] {subprocess.py:93} INFO - 26/01/20 05:01:42 INFO TaskSetManager: Finished task 6.0 in stage 3.0 (TID 35) in 1187 ms on 519d7d29de3d (executor driver) (5/13)
[2026-01-20T05:01:42.829+0000] {subprocess.py:93} INFO - 26/01/20 05:01:42 INFO FileOutputCommitter: Saved output of task 'attempt_202601200501413884769414539738701_0003_m_000008_37' to file:/opt/spark-data/gold/advertising/_temporary/0/task_202601200501413884769414539738701_0003_m_000008
[2026-01-20T05:01:42.829+0000] {subprocess.py:93} INFO - 26/01/20 05:01:42 INFO SparkHadoopMapRedUtil: attempt_202601200501413884769414539738701_0003_m_000008_37: Committed. Elapsed time: 50 ms.
[2026-01-20T05:01:42.830+0000] {subprocess.py:93} INFO - 26/01/20 05:01:42 INFO Executor: Finished task 8.0 in stage 3.0 (TID 37). 2893 bytes result sent to driver
[2026-01-20T05:01:42.831+0000] {subprocess.py:93} INFO - 26/01/20 05:01:42 INFO TaskSetManager: Finished task 8.0 in stage 3.0 (TID 37) in 1191 ms on 519d7d29de3d (executor driver) (6/13)
[2026-01-20T05:01:42.834+0000] {subprocess.py:93} INFO - 26/01/20 05:01:42 INFO FileOutputCommitter: Saved output of task 'attempt_202601200501413884769414539738701_0003_m_000004_33' to file:/opt/spark-data/gold/advertising/_temporary/0/task_202601200501413884769414539738701_0003_m_000004
[2026-01-20T05:01:42.836+0000] {subprocess.py:93} INFO - 26/01/20 05:01:42 INFO SparkHadoopMapRedUtil: attempt_202601200501413884769414539738701_0003_m_000004_33: Committed. Elapsed time: 55 ms.
[2026-01-20T05:01:42.837+0000] {subprocess.py:93} INFO - 26/01/20 05:01:42 INFO Executor: Finished task 4.0 in stage 3.0 (TID 33). 2893 bytes result sent to driver
[2026-01-20T05:01:42.837+0000] {subprocess.py:93} INFO - 26/01/20 05:01:42 INFO TaskSetManager: Finished task 4.0 in stage 3.0 (TID 33) in 1200 ms on 519d7d29de3d (executor driver) (7/13)
[2026-01-20T05:01:42.841+0000] {subprocess.py:93} INFO - 26/01/20 05:01:42 INFO FileOutputCommitter: Saved output of task 'attempt_202601200501413884769414539738701_0003_m_000009_38' to file:/opt/spark-data/gold/advertising/_temporary/0/task_202601200501413884769414539738701_0003_m_000009
[2026-01-20T05:01:42.842+0000] {subprocess.py:93} INFO - 26/01/20 05:01:42 INFO SparkHadoopMapRedUtil: attempt_202601200501413884769414539738701_0003_m_000009_38: Committed. Elapsed time: 55 ms.
[2026-01-20T05:01:42.843+0000] {subprocess.py:93} INFO - 26/01/20 05:01:42 INFO Executor: Finished task 9.0 in stage 3.0 (TID 38). 2893 bytes result sent to driver
[2026-01-20T05:01:42.845+0000] {subprocess.py:93} INFO - 26/01/20 05:01:42 INFO TaskSetManager: Finished task 9.0 in stage 3.0 (TID 38) in 1204 ms on 519d7d29de3d (executor driver) (8/13)
[2026-01-20T05:01:42.847+0000] {subprocess.py:93} INFO - 26/01/20 05:01:42 INFO FileOutputCommitter: Saved output of task 'attempt_202601200501413884769414539738701_0003_m_000003_32' to file:/opt/spark-data/gold/advertising/_temporary/0/task_202601200501413884769414539738701_0003_m_000003
[2026-01-20T05:01:42.848+0000] {subprocess.py:93} INFO - 26/01/20 05:01:42 INFO SparkHadoopMapRedUtil: attempt_202601200501413884769414539738701_0003_m_000003_32: Committed. Elapsed time: 61 ms.
[2026-01-20T05:01:42.852+0000] {subprocess.py:93} INFO - 26/01/20 05:01:42 INFO Executor: Finished task 3.0 in stage 3.0 (TID 32). 2936 bytes result sent to driver
[2026-01-20T05:01:42.852+0000] {subprocess.py:93} INFO - 26/01/20 05:01:42 INFO TaskSetManager: Finished task 3.0 in stage 3.0 (TID 32) in 1216 ms on 519d7d29de3d (executor driver) (9/13)
[2026-01-20T05:01:42.853+0000] {subprocess.py:93} INFO - 26/01/20 05:01:42 INFO FileOutputCommitter: Saved output of task 'attempt_202601200501413884769414539738701_0003_m_000010_39' to file:/opt/spark-data/gold/advertising/_temporary/0/task_202601200501413884769414539738701_0003_m_000010
[2026-01-20T05:01:42.854+0000] {subprocess.py:93} INFO - 26/01/20 05:01:42 INFO SparkHadoopMapRedUtil: attempt_202601200501413884769414539738701_0003_m_000010_39: Committed. Elapsed time: 67 ms.
[2026-01-20T05:01:42.855+0000] {subprocess.py:93} INFO - 26/01/20 05:01:42 INFO Executor: Finished task 10.0 in stage 3.0 (TID 39). 2893 bytes result sent to driver
[2026-01-20T05:01:42.855+0000] {subprocess.py:93} INFO - 26/01/20 05:01:42 INFO TaskSetManager: Finished task 10.0 in stage 3.0 (TID 39) in 1215 ms on 519d7d29de3d (executor driver) (10/13)
[2026-01-20T05:01:42.858+0000] {subprocess.py:93} INFO - 26/01/20 05:01:42 INFO FileOutputCommitter: Saved output of task 'attempt_202601200501413884769414539738701_0003_m_000001_30' to file:/opt/spark-data/gold/advertising/_temporary/0/task_202601200501413884769414539738701_0003_m_000001
[2026-01-20T05:01:42.859+0000] {subprocess.py:93} INFO - 26/01/20 05:01:42 INFO SparkHadoopMapRedUtil: attempt_202601200501413884769414539738701_0003_m_000001_30: Committed. Elapsed time: 69 ms.
[2026-01-20T05:01:42.860+0000] {subprocess.py:93} INFO - 26/01/20 05:01:42 INFO Executor: Finished task 1.0 in stage 3.0 (TID 30). 2893 bytes result sent to driver
[2026-01-20T05:01:42.861+0000] {subprocess.py:93} INFO - 26/01/20 05:01:42 INFO TaskSetManager: Finished task 1.0 in stage 3.0 (TID 30) in 1226 ms on 519d7d29de3d (executor driver) (11/13)
[2026-01-20T05:01:42.864+0000] {subprocess.py:93} INFO - 26/01/20 05:01:42 INFO FileOutputCommitter: Saved output of task 'attempt_202601200501413884769414539738701_0003_m_000000_29' to file:/opt/spark-data/gold/advertising/_temporary/0/task_202601200501413884769414539738701_0003_m_000000
[2026-01-20T05:01:42.865+0000] {subprocess.py:93} INFO - 26/01/20 05:01:42 INFO SparkHadoopMapRedUtil: attempt_202601200501413884769414539738701_0003_m_000000_29: Committed. Elapsed time: 78 ms.
[2026-01-20T05:01:42.865+0000] {subprocess.py:93} INFO - 26/01/20 05:01:42 INFO Executor: Finished task 0.0 in stage 3.0 (TID 29). 2893 bytes result sent to driver
[2026-01-20T05:01:42.867+0000] {subprocess.py:93} INFO - 26/01/20 05:01:42 INFO TaskSetManager: Finished task 0.0 in stage 3.0 (TID 29) in 1232 ms on 519d7d29de3d (executor driver) (12/13)
[2026-01-20T05:01:42.870+0000] {subprocess.py:93} INFO - 26/01/20 05:01:42 INFO FileOutputCommitter: Saved output of task 'attempt_202601200501413884769414539738701_0003_m_000002_31' to file:/opt/spark-data/gold/advertising/_temporary/0/task_202601200501413884769414539738701_0003_m_000002
[2026-01-20T05:01:42.871+0000] {subprocess.py:93} INFO - 26/01/20 05:01:42 INFO SparkHadoopMapRedUtil: attempt_202601200501413884769414539738701_0003_m_000002_31: Committed. Elapsed time: 76 ms.
[2026-01-20T05:01:42.872+0000] {subprocess.py:93} INFO - 26/01/20 05:01:42 INFO Executor: Finished task 2.0 in stage 3.0 (TID 31). 2893 bytes result sent to driver
[2026-01-20T05:01:42.874+0000] {subprocess.py:93} INFO - 26/01/20 05:01:42 INFO TaskSetManager: Finished task 2.0 in stage 3.0 (TID 31) in 1237 ms on 519d7d29de3d (executor driver) (13/13)
[2026-01-20T05:01:42.874+0000] {subprocess.py:93} INFO - 26/01/20 05:01:42 INFO TaskSchedulerImpl: Removed TaskSet 3.0, whose tasks have all completed, from pool
[2026-01-20T05:01:42.875+0000] {subprocess.py:93} INFO - 26/01/20 05:01:42 INFO DAGScheduler: ResultStage 3 (csv at NativeMethodAccessorImpl.java:0) finished in 1.285 s
[2026-01-20T05:01:42.876+0000] {subprocess.py:93} INFO - 26/01/20 05:01:42 INFO DAGScheduler: Job 3 is finished. Cancelling potential speculative or zombie tasks for this job
[2026-01-20T05:01:42.876+0000] {subprocess.py:93} INFO - 26/01/20 05:01:42 INFO TaskSchedulerImpl: Killing all running tasks in stage 3: Stage finished
[2026-01-20T05:01:42.877+0000] {subprocess.py:93} INFO - 26/01/20 05:01:42 INFO DAGScheduler: Job 3 finished: csv at NativeMethodAccessorImpl.java:0, took 1.289382 s
[2026-01-20T05:01:42.880+0000] {subprocess.py:93} INFO - 26/01/20 05:01:42 INFO FileFormatWriter: Start to commit write Job 51becc2d-6eb8-47bf-8215-f7e3e45b33f7.
[2026-01-20T05:01:43.759+0000] {subprocess.py:93} INFO - 26/01/20 05:01:43 INFO FileFormatWriter: Write Job 51becc2d-6eb8-47bf-8215-f7e3e45b33f7 committed. Elapsed time: 878 ms.
[2026-01-20T05:01:43.761+0000] {subprocess.py:93} INFO - 26/01/20 05:01:43 INFO FileFormatWriter: Finished processing stats for write job 51becc2d-6eb8-47bf-8215-f7e3e45b33f7.
[2026-01-20T05:01:43.956+0000] {subprocess.py:93} INFO - 26/01/20 05:01:43 INFO FileSourceStrategy: Pushed Filters:
[2026-01-20T05:01:43.957+0000] {subprocess.py:93} INFO - 26/01/20 05:01:43 INFO FileSourceStrategy: Post-Scan Filters:
[2026-01-20T05:01:44.021+0000] {subprocess.py:93} INFO - 26/01/20 05:01:44 INFO CodeGenerator: Code generated in 13.1001 ms
[2026-01-20T05:01:44.025+0000] {subprocess.py:93} INFO - 26/01/20 05:01:44 INFO MemoryStore: Block broadcast_9 stored as values in memory (estimated size 199.1 KiB, free 422.6 MiB)
[2026-01-20T05:01:44.041+0000] {subprocess.py:93} INFO - 26/01/20 05:01:44 INFO MemoryStore: Block broadcast_9_piece0 stored as bytes in memory (estimated size 34.2 KiB, free 422.6 MiB)
[2026-01-20T05:01:44.043+0000] {subprocess.py:93} INFO - 26/01/20 05:01:44 INFO BlockManagerInfo: Added broadcast_9_piece0 in memory on 519d7d29de3d:33501 (size: 34.2 KiB, free: 432.6 MiB)
[2026-01-20T05:01:44.045+0000] {subprocess.py:93} INFO - 26/01/20 05:01:44 INFO SparkContext: Created broadcast 9 from csv at NativeMethodAccessorImpl.java:0
[2026-01-20T05:01:44.048+0000] {subprocess.py:93} INFO - 26/01/20 05:01:44 INFO FileSourceScanExec: Planning scan with bin packing, max size: 4194304 bytes, open cost is considered as scanning 4194304 bytes.
[2026-01-20T05:01:44.091+0000] {subprocess.py:93} INFO - 26/01/20 05:01:44 INFO DAGScheduler: Registering RDD 19 (csv at NativeMethodAccessorImpl.java:0) as input to shuffle 0
[2026-01-20T05:01:44.098+0000] {subprocess.py:93} INFO - 26/01/20 05:01:44 INFO DAGScheduler: Got map stage job 4 (csv at NativeMethodAccessorImpl.java:0) with 13 output partitions
[2026-01-20T05:01:44.099+0000] {subprocess.py:93} INFO - 26/01/20 05:01:44 INFO DAGScheduler: Final stage: ShuffleMapStage 4 (csv at NativeMethodAccessorImpl.java:0)
[2026-01-20T05:01:44.100+0000] {subprocess.py:93} INFO - 26/01/20 05:01:44 INFO DAGScheduler: Parents of final stage: List()
[2026-01-20T05:01:44.101+0000] {subprocess.py:93} INFO - 26/01/20 05:01:44 INFO DAGScheduler: Missing parents: List()
[2026-01-20T05:01:44.102+0000] {subprocess.py:93} INFO - 26/01/20 05:01:44 INFO DAGScheduler: Submitting ShuffleMapStage 4 (MapPartitionsRDD[19] at csv at NativeMethodAccessorImpl.java:0), which has no missing parents
[2026-01-20T05:01:44.139+0000] {subprocess.py:93} INFO - 26/01/20 05:01:44 INFO MemoryStore: Block broadcast_10 stored as values in memory (estimated size 18.5 KiB, free 422.6 MiB)
[2026-01-20T05:01:44.148+0000] {subprocess.py:93} INFO - 26/01/20 05:01:44 INFO MemoryStore: Block broadcast_10_piece0 stored as bytes in memory (estimated size 8.8 KiB, free 422.6 MiB)
[2026-01-20T05:01:44.150+0000] {subprocess.py:93} INFO - 26/01/20 05:01:44 INFO BlockManagerInfo: Added broadcast_10_piece0 in memory on 519d7d29de3d:33501 (size: 8.8 KiB, free: 432.6 MiB)
[2026-01-20T05:01:44.151+0000] {subprocess.py:93} INFO - 26/01/20 05:01:44 INFO SparkContext: Created broadcast 10 from broadcast at DAGScheduler.scala:1580
[2026-01-20T05:01:44.153+0000] {subprocess.py:93} INFO - 26/01/20 05:01:44 INFO DAGScheduler: Submitting 13 missing tasks from ShuffleMapStage 4 (MapPartitionsRDD[19] at csv at NativeMethodAccessorImpl.java:0) (first 15 tasks are for partitions Vector(0, 1, 2, 3, 4, 5, 6, 7, 8, 9, 10, 11, 12))
[2026-01-20T05:01:44.154+0000] {subprocess.py:93} INFO - 26/01/20 05:01:44 INFO TaskSchedulerImpl: Adding task set 4.0 with 13 tasks resource profile 0
[2026-01-20T05:01:44.157+0000] {subprocess.py:93} INFO - 26/01/20 05:01:44 INFO TaskSetManager: Starting task 0.0 in stage 4.0 (TID 42) (519d7d29de3d, executor driver, partition 0, PROCESS_LOCAL, 8240 bytes)
[2026-01-20T05:01:44.158+0000] {subprocess.py:93} INFO - 26/01/20 05:01:44 INFO TaskSetManager: Starting task 1.0 in stage 4.0 (TID 43) (519d7d29de3d, executor driver, partition 1, PROCESS_LOCAL, 8240 bytes)
[2026-01-20T05:01:44.159+0000] {subprocess.py:93} INFO - 26/01/20 05:01:44 INFO TaskSetManager: Starting task 2.0 in stage 4.0 (TID 44) (519d7d29de3d, executor driver, partition 2, PROCESS_LOCAL, 8240 bytes)
[2026-01-20T05:01:44.160+0000] {subprocess.py:93} INFO - 26/01/20 05:01:44 INFO TaskSetManager: Starting task 3.0 in stage 4.0 (TID 45) (519d7d29de3d, executor driver, partition 3, PROCESS_LOCAL, 8240 bytes)
[2026-01-20T05:01:44.161+0000] {subprocess.py:93} INFO - 26/01/20 05:01:44 INFO TaskSetManager: Starting task 4.0 in stage 4.0 (TID 46) (519d7d29de3d, executor driver, partition 4, PROCESS_LOCAL, 8240 bytes)
[2026-01-20T05:01:44.162+0000] {subprocess.py:93} INFO - 26/01/20 05:01:44 INFO TaskSetManager: Starting task 5.0 in stage 4.0 (TID 47) (519d7d29de3d, executor driver, partition 5, PROCESS_LOCAL, 8240 bytes)
[2026-01-20T05:01:44.162+0000] {subprocess.py:93} INFO - 26/01/20 05:01:44 INFO TaskSetManager: Starting task 6.0 in stage 4.0 (TID 48) (519d7d29de3d, executor driver, partition 6, PROCESS_LOCAL, 8240 bytes)
[2026-01-20T05:01:44.163+0000] {subprocess.py:93} INFO - 26/01/20 05:01:44 INFO TaskSetManager: Starting task 7.0 in stage 4.0 (TID 49) (519d7d29de3d, executor driver, partition 7, PROCESS_LOCAL, 8240 bytes)
[2026-01-20T05:01:44.164+0000] {subprocess.py:93} INFO - 26/01/20 05:01:44 INFO TaskSetManager: Starting task 8.0 in stage 4.0 (TID 50) (519d7d29de3d, executor driver, partition 8, PROCESS_LOCAL, 8240 bytes)
[2026-01-20T05:01:44.165+0000] {subprocess.py:93} INFO - 26/01/20 05:01:44 INFO TaskSetManager: Starting task 9.0 in stage 4.0 (TID 51) (519d7d29de3d, executor driver, partition 9, PROCESS_LOCAL, 8240 bytes)
[2026-01-20T05:01:44.165+0000] {subprocess.py:93} INFO - 26/01/20 05:01:44 INFO TaskSetManager: Starting task 10.0 in stage 4.0 (TID 52) (519d7d29de3d, executor driver, partition 10, PROCESS_LOCAL, 8240 bytes)
[2026-01-20T05:01:44.167+0000] {subprocess.py:93} INFO - 26/01/20 05:01:44 INFO TaskSetManager: Starting task 11.0 in stage 4.0 (TID 53) (519d7d29de3d, executor driver, partition 11, PROCESS_LOCAL, 8240 bytes)
[2026-01-20T05:01:44.168+0000] {subprocess.py:93} INFO - 26/01/20 05:01:44 INFO TaskSetManager: Starting task 12.0 in stage 4.0 (TID 54) (519d7d29de3d, executor driver, partition 12, PROCESS_LOCAL, 8240 bytes)
[2026-01-20T05:01:44.169+0000] {subprocess.py:93} INFO - 26/01/20 05:01:44 INFO Executor: Running task 1.0 in stage 4.0 (TID 43)
[2026-01-20T05:01:44.171+0000] {subprocess.py:93} INFO - 26/01/20 05:01:44 INFO Executor: Running task 0.0 in stage 4.0 (TID 42)
[2026-01-20T05:01:44.172+0000] {subprocess.py:93} INFO - 26/01/20 05:01:44 INFO Executor: Running task 2.0 in stage 4.0 (TID 44)
[2026-01-20T05:01:44.173+0000] {subprocess.py:93} INFO - 26/01/20 05:01:44 INFO Executor: Running task 4.0 in stage 4.0 (TID 46)
[2026-01-20T05:01:44.174+0000] {subprocess.py:93} INFO - 26/01/20 05:01:44 INFO Executor: Running task 3.0 in stage 4.0 (TID 45)
[2026-01-20T05:01:44.175+0000] {subprocess.py:93} INFO - 26/01/20 05:01:44 INFO Executor: Running task 6.0 in stage 4.0 (TID 48)
[2026-01-20T05:01:44.175+0000] {subprocess.py:93} INFO - 26/01/20 05:01:44 INFO Executor: Running task 5.0 in stage 4.0 (TID 47)
[2026-01-20T05:01:44.176+0000] {subprocess.py:93} INFO - 26/01/20 05:01:44 INFO Executor: Running task 7.0 in stage 4.0 (TID 49)
[2026-01-20T05:01:44.177+0000] {subprocess.py:93} INFO - 26/01/20 05:01:44 INFO Executor: Running task 10.0 in stage 4.0 (TID 52)
[2026-01-20T05:01:44.178+0000] {subprocess.py:93} INFO - 26/01/20 05:01:44 INFO Executor: Running task 9.0 in stage 4.0 (TID 51)
[2026-01-20T05:01:44.179+0000] {subprocess.py:93} INFO - 26/01/20 05:01:44 INFO Executor: Running task 8.0 in stage 4.0 (TID 50)
[2026-01-20T05:01:44.179+0000] {subprocess.py:93} INFO - 26/01/20 05:01:44 INFO Executor: Running task 11.0 in stage 4.0 (TID 53)
[2026-01-20T05:01:44.180+0000] {subprocess.py:93} INFO - 26/01/20 05:01:44 INFO Executor: Running task 12.0 in stage 4.0 (TID 54)
[2026-01-20T05:01:44.193+0000] {subprocess.py:93} INFO - 26/01/20 05:01:44 INFO CodeGenerator: Code generated in 10.491623 ms
[2026-01-20T05:01:44.215+0000] {subprocess.py:93} INFO - 26/01/20 05:01:44 INFO CodeGenerator: Code generated in 10.224892 ms
[2026-01-20T05:01:44.232+0000] {subprocess.py:93} INFO - 26/01/20 05:01:44 INFO FileScanRDD: Reading File path: file:///opt/spark-data/landing/transaction_events_1768879479.1820476.json, range: 29360128-33554432, partition values: [empty row]
[2026-01-20T05:01:44.233+0000] {subprocess.py:93} INFO - 26/01/20 05:01:44 INFO FileScanRDD: Reading File path: file:///opt/spark-data/landing/transaction_events_1768879479.1820476.json, range: 41943040-46137344, partition values: [empty row]
[2026-01-20T05:01:44.234+0000] {subprocess.py:93} INFO - 26/01/20 05:01:44 INFO FileScanRDD: Reading File path: file:///opt/spark-data/landing/transaction_events_1768879479.1820476.json, range: 25165824-29360128, partition values: [empty row]
[2026-01-20T05:01:44.235+0000] {subprocess.py:93} INFO - 26/01/20 05:01:44 INFO FileScanRDD: Reading File path: file:///opt/spark-data/landing/transaction_events_1768879479.1820476.json, range: 8388608-12582912, partition values: [empty row]
[2026-01-20T05:01:44.236+0000] {subprocess.py:93} INFO - 26/01/20 05:01:44 INFO FileScanRDD: Reading File path: file:///opt/spark-data/landing/transaction_events_1768879479.1820476.json, range: 4194304-8388608, partition values: [empty row]
[2026-01-20T05:01:44.237+0000] {subprocess.py:93} INFO - 26/01/20 05:01:44 INFO FileScanRDD: Reading File path: file:///opt/spark-data/landing/transaction_events_1768879479.1820476.json, range: 33554432-37748736, partition values: [empty row]
[2026-01-20T05:01:44.238+0000] {subprocess.py:93} INFO - 26/01/20 05:01:44 INFO FileScanRDD: Reading File path: file:///opt/spark-data/landing/transaction_events_1768879479.1820476.json, range: 0-4194304, partition values: [empty row]
[2026-01-20T05:01:44.239+0000] {subprocess.py:93} INFO - 26/01/20 05:01:44 INFO FileScanRDD: Reading File path: file:///opt/spark-data/landing/transaction_events_1768879479.1820476.json, range: 20971520-25165824, partition values: [empty row]
[2026-01-20T05:01:44.240+0000] {subprocess.py:93} INFO - 26/01/20 05:01:44 INFO FileScanRDD: Reading File path: file:///opt/spark-data/landing/transaction_events_1768879479.1820476.json, range: 37748736-41943040, partition values: [empty row]
[2026-01-20T05:01:44.241+0000] {subprocess.py:93} INFO - 26/01/20 05:01:44 INFO FileScanRDD: Reading File path: file:///opt/spark-data/landing/transaction_events_1768879479.1820476.json, range: 50331648-51561162, partition values: [empty row]
[2026-01-20T05:01:44.242+0000] {subprocess.py:93} INFO - 26/01/20 05:01:44 INFO FileScanRDD: Reading File path: file:///opt/spark-data/landing/transaction_events_1768879479.1820476.json, range: 16777216-20971520, partition values: [empty row]
[2026-01-20T05:01:44.243+0000] {subprocess.py:93} INFO - 26/01/20 05:01:44 INFO FileScanRDD: Reading File path: file:///opt/spark-data/landing/transaction_events_1768879479.1820476.json, range: 12582912-16777216, partition values: [empty row]
[2026-01-20T05:01:44.243+0000] {subprocess.py:93} INFO - 26/01/20 05:01:44 INFO FileScanRDD: Reading File path: file:///opt/spark-data/landing/transaction_events_1768879479.1820476.json, range: 46137344-50331648, partition values: [empty row]
[2026-01-20T05:01:44.253+0000] {subprocess.py:93} INFO - 26/01/20 05:01:44 INFO CodeGenerator: Code generated in 17.448901 ms
[2026-01-20T05:01:44.611+0000] {subprocess.py:93} INFO - 26/01/20 05:01:44 INFO BlockManagerInfo: Removed broadcast_5_piece0 on 519d7d29de3d:33501 in memory (size: 7.4 KiB, free: 432.6 MiB)
[2026-01-20T05:01:44.623+0000] {subprocess.py:93} INFO - 26/01/20 05:01:44 INFO BlockManagerInfo: Removed broadcast_0_piece0 on 519d7d29de3d:33501 in memory (size: 34.2 KiB, free: 432.7 MiB)
[2026-01-20T05:01:44.630+0000] {subprocess.py:93} INFO - 26/01/20 05:01:44 INFO BlockManagerInfo: Removed broadcast_8_piece0 on 519d7d29de3d:33501 in memory (size: 82.8 KiB, free: 432.7 MiB)
[2026-01-20T05:01:44.636+0000] {subprocess.py:93} INFO - 26/01/20 05:01:44 INFO BlockManagerInfo: Removed broadcast_1_piece0 on 519d7d29de3d:33501 in memory (size: 7.5 KiB, free: 432.8 MiB)
[2026-01-20T05:01:44.903+0000] {subprocess.py:93} INFO - 26/01/20 05:01:44 INFO BlockManagerInfo: Removed broadcast_7_piece0 on 519d7d29de3d:33501 in memory (size: 34.2 KiB, free: 432.8 MiB)
[2026-01-20T05:01:44.912+0000] {subprocess.py:93} INFO - 26/01/20 05:01:44 INFO BlockManagerInfo: Removed broadcast_6_piece0 on 519d7d29de3d:33501 in memory (size: 1578.1 KiB, free: 434.3 MiB)
[2026-01-20T05:01:44.921+0000] {subprocess.py:93} INFO - 26/01/20 05:01:44 INFO BlockManagerInfo: Removed broadcast_4_piece0 on 519d7d29de3d:33501 in memory (size: 34.2 KiB, free: 434.4 MiB)
[2026-01-20T05:01:44.985+0000] {subprocess.py:93} INFO - 26/01/20 05:01:44 INFO Executor: Finished task 12.0 in stage 4.0 (TID 54). 2075 bytes result sent to driver
[2026-01-20T05:01:44.987+0000] {subprocess.py:93} INFO - 26/01/20 05:01:44 INFO TaskSetManager: Finished task 12.0 in stage 4.0 (TID 54) in 822 ms on 519d7d29de3d (executor driver) (1/13)
[2026-01-20T05:01:45.155+0000] {subprocess.py:93} INFO - 26/01/20 05:01:45 INFO Executor: Finished task 0.0 in stage 4.0 (TID 42). 2032 bytes result sent to driver
[2026-01-20T05:01:45.156+0000] {subprocess.py:93} INFO - 26/01/20 05:01:45 INFO Executor: Finished task 9.0 in stage 4.0 (TID 51). 2075 bytes result sent to driver
[2026-01-20T05:01:45.162+0000] {subprocess.py:93} INFO - 26/01/20 05:01:45 INFO TaskSetManager: Finished task 9.0 in stage 4.0 (TID 51) in 999 ms on 519d7d29de3d (executor driver) (2/13)
[2026-01-20T05:01:45.163+0000] {subprocess.py:93} INFO - 26/01/20 05:01:45 INFO Executor: Finished task 7.0 in stage 4.0 (TID 49). 2075 bytes result sent to driver
[2026-01-20T05:01:45.164+0000] {subprocess.py:93} INFO - 26/01/20 05:01:45 INFO TaskSetManager: Finished task 0.0 in stage 4.0 (TID 42) in 1007 ms on 519d7d29de3d (executor driver) (3/13)
[2026-01-20T05:01:45.170+0000] {subprocess.py:93} INFO - 26/01/20 05:01:45 INFO Executor: Finished task 11.0 in stage 4.0 (TID 53). 2075 bytes result sent to driver
[2026-01-20T05:01:45.171+0000] {subprocess.py:93} INFO - 26/01/20 05:01:45 INFO Executor: Finished task 1.0 in stage 4.0 (TID 43). 2075 bytes result sent to driver
[2026-01-20T05:01:45.173+0000] {subprocess.py:93} INFO - 26/01/20 05:01:45 INFO TaskSetManager: Finished task 7.0 in stage 4.0 (TID 49) in 1010 ms on 519d7d29de3d (executor driver) (4/13)
[2026-01-20T05:01:45.174+0000] {subprocess.py:93} INFO - 26/01/20 05:01:45 INFO Executor: Finished task 8.0 in stage 4.0 (TID 50). 2032 bytes result sent to driver
[2026-01-20T05:01:45.174+0000] {subprocess.py:93} INFO - 26/01/20 05:01:45 INFO TaskSetManager: Finished task 11.0 in stage 4.0 (TID 53) in 1010 ms on 519d7d29de3d (executor driver) (5/13)
[2026-01-20T05:01:45.175+0000] {subprocess.py:93} INFO - 26/01/20 05:01:45 INFO TaskSetManager: Finished task 1.0 in stage 4.0 (TID 43) in 1016 ms on 519d7d29de3d (executor driver) (6/13)
[2026-01-20T05:01:45.176+0000] {subprocess.py:93} INFO - 26/01/20 05:01:45 INFO TaskSetManager: Finished task 8.0 in stage 4.0 (TID 50) in 1013 ms on 519d7d29de3d (executor driver) (7/13)
[2026-01-20T05:01:45.177+0000] {subprocess.py:93} INFO - 26/01/20 05:01:45 INFO Executor: Finished task 3.0 in stage 4.0 (TID 45). 2032 bytes result sent to driver
[2026-01-20T05:01:45.178+0000] {subprocess.py:93} INFO - 26/01/20 05:01:45 INFO Executor: Finished task 4.0 in stage 4.0 (TID 46). 2032 bytes result sent to driver
[2026-01-20T05:01:45.179+0000] {subprocess.py:93} INFO - 26/01/20 05:01:45 INFO Executor: Finished task 10.0 in stage 4.0 (TID 52). 2032 bytes result sent to driver
[2026-01-20T05:01:45.180+0000] {subprocess.py:93} INFO - 26/01/20 05:01:45 INFO TaskSetManager: Finished task 3.0 in stage 4.0 (TID 45) in 1021 ms on 519d7d29de3d (executor driver) (8/13)
[2026-01-20T05:01:45.185+0000] {subprocess.py:93} INFO - 26/01/20 05:01:45 INFO TaskSetManager: Finished task 4.0 in stage 4.0 (TID 46) in 1026 ms on 519d7d29de3d (executor driver) (9/13)
[2026-01-20T05:01:45.186+0000] {subprocess.py:93} INFO - 26/01/20 05:01:45 INFO Executor: Finished task 6.0 in stage 4.0 (TID 48). 2032 bytes result sent to driver
[2026-01-20T05:01:45.187+0000] {subprocess.py:93} INFO - 26/01/20 05:01:45 INFO Executor: Finished task 2.0 in stage 4.0 (TID 44). 2032 bytes result sent to driver
[2026-01-20T05:01:45.188+0000] {subprocess.py:93} INFO - 26/01/20 05:01:45 INFO TaskSetManager: Finished task 6.0 in stage 4.0 (TID 48) in 1027 ms on 519d7d29de3d (executor driver) (10/13)
[2026-01-20T05:01:45.189+0000] {subprocess.py:93} INFO - 26/01/20 05:01:45 INFO TaskSetManager: Finished task 10.0 in stage 4.0 (TID 52) in 1025 ms on 519d7d29de3d (executor driver) (11/13)
[2026-01-20T05:01:45.190+0000] {subprocess.py:93} INFO - 26/01/20 05:01:45 INFO TaskSetManager: Finished task 2.0 in stage 4.0 (TID 44) in 1030 ms on 519d7d29de3d (executor driver) (12/13)
[2026-01-20T05:01:45.191+0000] {subprocess.py:93} INFO - 26/01/20 05:01:45 INFO Executor: Finished task 5.0 in stage 4.0 (TID 47). 2032 bytes result sent to driver
[2026-01-20T05:01:45.191+0000] {subprocess.py:93} INFO - 26/01/20 05:01:45 INFO TaskSetManager: Finished task 5.0 in stage 4.0 (TID 47) in 1032 ms on 519d7d29de3d (executor driver) (13/13)
[2026-01-20T05:01:45.192+0000] {subprocess.py:93} INFO - 26/01/20 05:01:45 INFO TaskSchedulerImpl: Removed TaskSet 4.0, whose tasks have all completed, from pool
[2026-01-20T05:01:45.193+0000] {subprocess.py:93} INFO - 26/01/20 05:01:45 INFO DAGScheduler: ShuffleMapStage 4 (csv at NativeMethodAccessorImpl.java:0) finished in 1.082 s
[2026-01-20T05:01:45.194+0000] {subprocess.py:93} INFO - 26/01/20 05:01:45 INFO DAGScheduler: looking for newly runnable stages
[2026-01-20T05:01:45.195+0000] {subprocess.py:93} INFO - 26/01/20 05:01:45 INFO DAGScheduler: running: Set()
[2026-01-20T05:01:45.196+0000] {subprocess.py:93} INFO - 26/01/20 05:01:45 INFO DAGScheduler: waiting: Set()
[2026-01-20T05:01:45.196+0000] {subprocess.py:93} INFO - 26/01/20 05:01:45 INFO DAGScheduler: failed: Set()
[2026-01-20T05:01:45.210+0000] {subprocess.py:93} INFO - 26/01/20 05:01:45 INFO ShufflePartitionsUtil: For shuffle(0), advisory target size: 67108864, actual target size 1048576, minimum partition size: 1048576
[2026-01-20T05:01:45.276+0000] {subprocess.py:93} INFO - 26/01/20 05:01:45 INFO FileOutputCommitter: File Output Committer Algorithm version is 1
[2026-01-20T05:01:45.277+0000] {subprocess.py:93} INFO - 26/01/20 05:01:45 INFO FileOutputCommitter: FileOutputCommitter skip cleanup _temporary folders under output directory:false, ignore cleanup failures: false
[2026-01-20T05:01:45.277+0000] {subprocess.py:93} INFO - 26/01/20 05:01:45 INFO SQLHadoopMapReduceCommitProtocol: Using output committer class org.apache.hadoop.mapreduce.lib.output.FileOutputCommitter
[2026-01-20T05:01:45.339+0000] {subprocess.py:93} INFO - 26/01/20 05:01:45 INFO CodeGenerator: Code generated in 8.495066 ms
[2026-01-20T05:01:45.349+0000] {subprocess.py:93} INFO - 26/01/20 05:01:45 INFO CodeGenerator: Code generated in 7.266607 ms
[2026-01-20T05:01:45.444+0000] {subprocess.py:93} INFO - 26/01/20 05:01:45 INFO SparkContext: Starting job: csv at NativeMethodAccessorImpl.java:0
[2026-01-20T05:01:45.446+0000] {subprocess.py:93} INFO - 26/01/20 05:01:45 INFO DAGScheduler: Got job 5 (csv at NativeMethodAccessorImpl.java:0) with 1 output partitions
[2026-01-20T05:01:45.447+0000] {subprocess.py:93} INFO - 26/01/20 05:01:45 INFO DAGScheduler: Final stage: ResultStage 6 (csv at NativeMethodAccessorImpl.java:0)
[2026-01-20T05:01:45.449+0000] {subprocess.py:93} INFO - 26/01/20 05:01:45 INFO DAGScheduler: Parents of final stage: List(ShuffleMapStage 5)
[2026-01-20T05:01:45.450+0000] {subprocess.py:93} INFO - 26/01/20 05:01:45 INFO DAGScheduler: Missing parents: List()
[2026-01-20T05:01:45.451+0000] {subprocess.py:93} INFO - 26/01/20 05:01:45 INFO DAGScheduler: Submitting ResultStage 6 (MapPartitionsRDD[26] at csv at NativeMethodAccessorImpl.java:0), which has no missing parents
[2026-01-20T05:01:45.462+0000] {subprocess.py:93} INFO - 26/01/20 05:01:45 INFO MemoryStore: Block broadcast_11 stored as values in memory (estimated size 244.7 KiB, free 433.9 MiB)
[2026-01-20T05:01:45.464+0000] {subprocess.py:93} INFO - 26/01/20 05:01:45 INFO MemoryStore: Block broadcast_11_piece0 stored as bytes in memory (estimated size 91.6 KiB, free 433.8 MiB)
[2026-01-20T05:01:45.465+0000] {subprocess.py:93} INFO - 26/01/20 05:01:45 INFO BlockManagerInfo: Added broadcast_11_piece0 in memory on 519d7d29de3d:33501 (size: 91.6 KiB, free: 434.3 MiB)
[2026-01-20T05:01:45.466+0000] {subprocess.py:93} INFO - 26/01/20 05:01:45 INFO SparkContext: Created broadcast 11 from broadcast at DAGScheduler.scala:1580
[2026-01-20T05:01:45.466+0000] {subprocess.py:93} INFO - 26/01/20 05:01:45 INFO DAGScheduler: Submitting 1 missing tasks from ResultStage 6 (MapPartitionsRDD[26] at csv at NativeMethodAccessorImpl.java:0) (first 15 tasks are for partitions Vector(0))
[2026-01-20T05:01:45.467+0000] {subprocess.py:93} INFO - 26/01/20 05:01:45 INFO TaskSchedulerImpl: Adding task set 6.0 with 1 tasks resource profile 0
[2026-01-20T05:01:45.473+0000] {subprocess.py:93} INFO - 26/01/20 05:01:45 INFO TaskSetManager: Starting task 0.0 in stage 6.0 (TID 55) (519d7d29de3d, executor driver, partition 0, NODE_LOCAL, 7975 bytes)
[2026-01-20T05:01:45.473+0000] {subprocess.py:93} INFO - 26/01/20 05:01:45 INFO Executor: Running task 0.0 in stage 6.0 (TID 55)
[2026-01-20T05:01:45.493+0000] {subprocess.py:93} INFO - 26/01/20 05:01:45 INFO FileOutputCommitter: File Output Committer Algorithm version is 1
[2026-01-20T05:01:45.494+0000] {subprocess.py:93} INFO - 26/01/20 05:01:45 INFO FileOutputCommitter: FileOutputCommitter skip cleanup _temporary folders under output directory:false, ignore cleanup failures: false
[2026-01-20T05:01:45.495+0000] {subprocess.py:93} INFO - 26/01/20 05:01:45 INFO SQLHadoopMapReduceCommitProtocol: Using output committer class org.apache.hadoop.mapreduce.lib.output.FileOutputCommitter
[2026-01-20T05:01:45.631+0000] {subprocess.py:93} INFO - 26/01/20 05:01:45 INFO ShuffleBlockFetcherIterator: Getting 13 (1044.2 KiB) non-empty blocks including 13 (1044.2 KiB) local and 0 (0.0 B) host-local and 0 (0.0 B) push-merged-local and 0 (0.0 B) remote blocks
[2026-01-20T05:01:45.633+0000] {subprocess.py:93} INFO - 26/01/20 05:01:45 INFO ShuffleBlockFetcherIterator: Started 0 remote fetches in 12 ms
[2026-01-20T05:01:45.647+0000] {subprocess.py:93} INFO - 26/01/20 05:01:45 INFO CodeGenerator: Code generated in 10.005884 ms
[2026-01-20T05:01:45.662+0000] {subprocess.py:93} INFO - 26/01/20 05:01:45 INFO CodeGenerator: Code generated in 9.51315 ms
[2026-01-20T05:01:45.687+0000] {subprocess.py:93} INFO - 26/01/20 05:01:45 INFO CodeGenerator: Code generated in 13.678858 ms
[2026-01-20T05:01:45.706+0000] {subprocess.py:93} INFO - 26/01/20 05:01:45 INFO CodeGenerator: Code generated in 6.377366 ms
[2026-01-20T05:01:45.790+0000] {subprocess.py:93} INFO - 26/01/20 05:01:45 INFO CodeGenerator: Code generated in 6.282485 ms
[2026-01-20T05:01:45.807+0000] {subprocess.py:93} INFO - 26/01/20 05:01:45 INFO CodeGenerator: Code generated in 11.029973 ms
[2026-01-20T05:01:45.814+0000] {subprocess.py:93} INFO - 26/01/20 05:01:45 INFO CodeGenerator: Code generated in 6.393727 ms
[2026-01-20T05:01:45.822+0000] {subprocess.py:93} INFO - 26/01/20 05:01:45 INFO CodeGenerator: Code generated in 5.592908 ms
[2026-01-20T05:01:45.832+0000] {subprocess.py:93} INFO - 26/01/20 05:01:45 INFO CodeGenerator: Code generated in 9.14353 ms
[2026-01-20T05:01:45.842+0000] {subprocess.py:93} INFO - 26/01/20 05:01:45 INFO CodeGenerator: Code generated in 7.198116 ms
[2026-01-20T05:01:45.855+0000] {subprocess.py:93} INFO - 26/01/20 05:01:45 INFO CodeGenerator: Code generated in 8.831065 ms
[2026-01-20T05:01:45.933+0000] {subprocess.py:93} INFO - 26/01/20 05:01:45 INFO CodeGenerator: Code generated in 7.121276 ms
[2026-01-20T05:01:45.952+0000] {subprocess.py:93} INFO - 26/01/20 05:01:45 INFO CodeGenerator: Code generated in 10.028502 ms
[2026-01-20T05:01:45.959+0000] {subprocess.py:93} INFO - 26/01/20 05:01:45 INFO CodeGenerator: Code generated in 5.187789 ms
[2026-01-20T05:01:46.070+0000] {subprocess.py:93} INFO - 26/01/20 05:01:46 INFO ShuffleBlockFetcherIterator: Getting 13 (1039.8 KiB) non-empty blocks including 13 (1039.8 KiB) local and 0 (0.0 B) host-local and 0 (0.0 B) push-merged-local and 0 (0.0 B) remote blocks
[2026-01-20T05:01:46.072+0000] {subprocess.py:93} INFO - 26/01/20 05:01:46 INFO ShuffleBlockFetcherIterator: Started 0 remote fetches in 1 ms
[2026-01-20T05:01:46.213+0000] {subprocess.py:93} INFO - 26/01/20 05:01:46 INFO ShuffleBlockFetcherIterator: Getting 13 (1030.5 KiB) non-empty blocks including 13 (1030.5 KiB) local and 0 (0.0 B) host-local and 0 (0.0 B) push-merged-local and 0 (0.0 B) remote blocks
[2026-01-20T05:01:46.215+0000] {subprocess.py:93} INFO - 26/01/20 05:01:46 INFO ShuffleBlockFetcherIterator: Started 0 remote fetches in 1 ms
[2026-01-20T05:01:46.301+0000] {subprocess.py:93} INFO - 26/01/20 05:01:46 INFO ShuffleBlockFetcherIterator: Getting 13 (1283.5 KiB) non-empty blocks including 13 (1283.5 KiB) local and 0 (0.0 B) host-local and 0 (0.0 B) push-merged-local and 0 (0.0 B) remote blocks
[2026-01-20T05:01:46.302+0000] {subprocess.py:93} INFO - 26/01/20 05:01:46 INFO ShuffleBlockFetcherIterator: Started 0 remote fetches in 1 ms
[2026-01-20T05:01:46.456+0000] {subprocess.py:93} INFO - 26/01/20 05:01:46 INFO FileOutputCommitter: Saved output of task 'attempt_202601200501451003888943480802793_0006_m_000000_55' to file:/opt/spark-data/gold/transaction_analytics/_temporary/0/task_202601200501451003888943480802793_0006_m_000000
[2026-01-20T05:01:46.457+0000] {subprocess.py:93} INFO - 26/01/20 05:01:46 INFO SparkHadoopMapRedUtil: attempt_202601200501451003888943480802793_0006_m_000000_55: Committed. Elapsed time: 25 ms.
[2026-01-20T05:01:46.458+0000] {subprocess.py:93} INFO - 26/01/20 05:01:46 INFO Executor: Finished task 0.0 in stage 6.0 (TID 55). 5888 bytes result sent to driver
[2026-01-20T05:01:46.458+0000] {subprocess.py:93} INFO - 26/01/20 05:01:46 INFO TaskSetManager: Finished task 0.0 in stage 6.0 (TID 55) in 989 ms on 519d7d29de3d (executor driver) (1/1)
[2026-01-20T05:01:46.461+0000] {subprocess.py:93} INFO - 26/01/20 05:01:46 INFO TaskSchedulerImpl: Removed TaskSet 6.0, whose tasks have all completed, from pool
[2026-01-20T05:01:46.462+0000] {subprocess.py:93} INFO - 26/01/20 05:01:46 INFO DAGScheduler: ResultStage 6 (csv at NativeMethodAccessorImpl.java:0) finished in 1.012 s
[2026-01-20T05:01:46.463+0000] {subprocess.py:93} INFO - 26/01/20 05:01:46 INFO DAGScheduler: Job 5 is finished. Cancelling potential speculative or zombie tasks for this job
[2026-01-20T05:01:46.463+0000] {subprocess.py:93} INFO - 26/01/20 05:01:46 INFO TaskSchedulerImpl: Killing all running tasks in stage 6: Stage finished
[2026-01-20T05:01:46.463+0000] {subprocess.py:93} INFO - 26/01/20 05:01:46 INFO DAGScheduler: Job 5 finished: csv at NativeMethodAccessorImpl.java:0, took 1.015429 s
[2026-01-20T05:01:46.464+0000] {subprocess.py:93} INFO - 26/01/20 05:01:46 INFO FileFormatWriter: Start to commit write Job c98cbd34-d0b6-4b05-b34e-8342c765c95b.
[2026-01-20T05:01:46.634+0000] {subprocess.py:93} INFO - 26/01/20 05:01:46 INFO FileFormatWriter: Write Job c98cbd34-d0b6-4b05-b34e-8342c765c95b committed. Elapsed time: 174 ms.
[2026-01-20T05:01:46.635+0000] {subprocess.py:93} INFO - 26/01/20 05:01:46 INFO FileFormatWriter: Finished processing stats for write job c98cbd34-d0b6-4b05-b34e-8342c765c95b.
[2026-01-20T05:01:46.636+0000] {subprocess.py:93} INFO - Analytics Table with Window Functions created successfully.
[2026-01-20T05:01:46.711+0000] {subprocess.py:93} INFO - Transactions All Of them!
[2026-01-20T05:01:46.757+0000] {subprocess.py:93} INFO - 26/01/20 05:01:46 INFO FileSourceStrategy: Pushed Filters: IsNotNull(line_items)
[2026-01-20T05:01:46.758+0000] {subprocess.py:93} INFO - 26/01/20 05:01:46 INFO FileSourceStrategy: Post-Scan Filters: (size(line_items#10, true) > 0),isnotnull(line_items#10)
[2026-01-20T05:01:46.768+0000] {subprocess.py:93} INFO - 26/01/20 05:01:46 WARN SparkStringUtils: Truncated the string representation of a plan since it was too large. This behavior can be adjusted by setting 'spark.sql.debug.maxToStringFields'.
[2026-01-20T05:01:46.818+0000] {subprocess.py:93} INFO - 26/01/20 05:01:46 INFO CodeGenerator: Code generated in 23.835324 ms
[2026-01-20T05:01:46.822+0000] {subprocess.py:93} INFO - 26/01/20 05:01:46 INFO MemoryStore: Block broadcast_12 stored as values in memory (estimated size 199.1 KiB, free 433.6 MiB)
[2026-01-20T05:01:46.830+0000] {subprocess.py:93} INFO - 26/01/20 05:01:46 INFO MemoryStore: Block broadcast_12_piece0 stored as bytes in memory (estimated size 34.2 KiB, free 433.6 MiB)
[2026-01-20T05:01:46.831+0000] {subprocess.py:93} INFO - 26/01/20 05:01:46 INFO BlockManagerInfo: Added broadcast_12_piece0 in memory on 519d7d29de3d:33501 (size: 34.2 KiB, free: 434.2 MiB)
[2026-01-20T05:01:46.831+0000] {subprocess.py:93} INFO - 26/01/20 05:01:46 INFO SparkContext: Created broadcast 12 from showString at NativeMethodAccessorImpl.java:0
[2026-01-20T05:01:46.832+0000] {subprocess.py:93} INFO - 26/01/20 05:01:46 INFO FileSourceScanExec: Planning scan with bin packing, max size: 4194304 bytes, open cost is considered as scanning 4194304 bytes.
[2026-01-20T05:01:46.847+0000] {subprocess.py:93} INFO - 26/01/20 05:01:46 INFO SparkContext: Starting job: showString at NativeMethodAccessorImpl.java:0
[2026-01-20T05:01:46.848+0000] {subprocess.py:93} INFO - 26/01/20 05:01:46 INFO DAGScheduler: Got job 6 (showString at NativeMethodAccessorImpl.java:0) with 1 output partitions
[2026-01-20T05:01:46.849+0000] {subprocess.py:93} INFO - 26/01/20 05:01:46 INFO DAGScheduler: Final stage: ResultStage 7 (showString at NativeMethodAccessorImpl.java:0)
[2026-01-20T05:01:46.850+0000] {subprocess.py:93} INFO - 26/01/20 05:01:46 INFO DAGScheduler: Parents of final stage: List()
[2026-01-20T05:01:46.851+0000] {subprocess.py:93} INFO - 26/01/20 05:01:46 INFO DAGScheduler: Missing parents: List()
[2026-01-20T05:01:46.852+0000] {subprocess.py:93} INFO - 26/01/20 05:01:46 INFO DAGScheduler: Submitting ResultStage 7 (MapPartitionsRDD[30] at showString at NativeMethodAccessorImpl.java:0), which has no missing parents
[2026-01-20T05:01:46.852+0000] {subprocess.py:93} INFO - 26/01/20 05:01:46 INFO MemoryStore: Block broadcast_13 stored as values in memory (estimated size 32.3 KiB, free 433.6 MiB)
[2026-01-20T05:01:46.853+0000] {subprocess.py:93} INFO - 26/01/20 05:01:46 INFO MemoryStore: Block broadcast_13_piece0 stored as bytes in memory (estimated size 11.2 KiB, free 433.5 MiB)
[2026-01-20T05:01:46.853+0000] {subprocess.py:93} INFO - 26/01/20 05:01:46 INFO BlockManagerInfo: Added broadcast_13_piece0 in memory on 519d7d29de3d:33501 (size: 11.2 KiB, free: 434.2 MiB)
[2026-01-20T05:01:46.854+0000] {subprocess.py:93} INFO - 26/01/20 05:01:46 INFO SparkContext: Created broadcast 13 from broadcast at DAGScheduler.scala:1580
[2026-01-20T05:01:46.855+0000] {subprocess.py:93} INFO - 26/01/20 05:01:46 INFO DAGScheduler: Submitting 1 missing tasks from ResultStage 7 (MapPartitionsRDD[30] at showString at NativeMethodAccessorImpl.java:0) (first 15 tasks are for partitions Vector(0))
[2026-01-20T05:01:46.855+0000] {subprocess.py:93} INFO - 26/01/20 05:01:46 INFO TaskSchedulerImpl: Adding task set 7.0 with 1 tasks resource profile 0
[2026-01-20T05:01:46.856+0000] {subprocess.py:93} INFO - 26/01/20 05:01:46 INFO TaskSetManager: Starting task 0.0 in stage 7.0 (TID 56) (519d7d29de3d, executor driver, partition 0, PROCESS_LOCAL, 8251 bytes)
[2026-01-20T05:01:46.857+0000] {subprocess.py:93} INFO - 26/01/20 05:01:46 INFO Executor: Running task 0.0 in stage 7.0 (TID 56)
[2026-01-20T05:01:46.884+0000] {subprocess.py:93} INFO - 26/01/20 05:01:46 INFO CodeGenerator: Code generated in 23.414598 ms
[2026-01-20T05:01:46.885+0000] {subprocess.py:93} INFO - 26/01/20 05:01:46 INFO FileScanRDD: Reading File path: file:///opt/spark-data/landing/transaction_events_1768879479.1820476.json, range: 0-4194304, partition values: [empty row]
[2026-01-20T05:01:46.909+0000] {subprocess.py:93} INFO - 26/01/20 05:01:46 INFO CodeGenerator: Code generated in 12.97426 ms
[2026-01-20T05:01:46.915+0000] {subprocess.py:93} INFO - 26/01/20 05:01:46 INFO CodeGenerator: Code generated in 3.941999 ms
[2026-01-20T05:01:46.947+0000] {subprocess.py:93} INFO - 26/01/20 05:01:46 INFO Executor: Finished task 0.0 in stage 7.0 (TID 56). 5901 bytes result sent to driver
[2026-01-20T05:01:46.949+0000] {subprocess.py:93} INFO - 26/01/20 05:01:46 INFO TaskSetManager: Finished task 0.0 in stage 7.0 (TID 56) in 94 ms on 519d7d29de3d (executor driver) (1/1)
[2026-01-20T05:01:46.950+0000] {subprocess.py:93} INFO - 26/01/20 05:01:46 INFO TaskSchedulerImpl: Removed TaskSet 7.0, whose tasks have all completed, from pool
[2026-01-20T05:01:46.951+0000] {subprocess.py:93} INFO - 26/01/20 05:01:46 INFO DAGScheduler: ResultStage 7 (showString at NativeMethodAccessorImpl.java:0) finished in 0.100 s
[2026-01-20T05:01:46.952+0000] {subprocess.py:93} INFO - 26/01/20 05:01:46 INFO DAGScheduler: Job 6 is finished. Cancelling potential speculative or zombie tasks for this job
[2026-01-20T05:01:46.952+0000] {subprocess.py:93} INFO - 26/01/20 05:01:46 INFO TaskSchedulerImpl: Killing all running tasks in stage 7: Stage finished
[2026-01-20T05:01:46.953+0000] {subprocess.py:93} INFO - 26/01/20 05:01:46 INFO DAGScheduler: Job 6 finished: showString at NativeMethodAccessorImpl.java:0, took 0.103704 s
[2026-01-20T05:01:46.986+0000] {subprocess.py:93} INFO - 26/01/20 05:01:46 INFO CodeGenerator: Code generated in 24.327269 ms
[2026-01-20T05:01:47.051+0000] {subprocess.py:93} INFO - +--------+------------------------------------+--------------+---------+--------+------+---------------------------+--------+------------------------------------+----------------+--------+---------------------+------------------------+----------------------+---------------------------------+-------------------------+-------------------+----------------------+--------------------+------------------------------+-----------------------+-----------+-----------+----------------------------+----------+--------+----------+
[2026-01-20T05:01:47.052+0000] {subprocess.py:93} INFO - |currency|original_transaction_id             |payment_method|status   |subtotal|tax   |timestamp                  |total   |transaction_id                      |transaction_type|user_id |shipping_address_city|shipping_address_country|shipping_address_state|shipping_address_street          |shipping_address_zip_code|billing_addresscity|billing_addresscountry|billing_addressstate|billing_addressstreet         |billing_addresszip_code|brand      |category   |product_name                |product_id|quantity|unit_price|
[2026-01-20T05:01:47.053+0000] {subprocess.py:93} INFO - +--------+------------------------------------+--------------+---------+--------+------+---------------------------+--------+------------------------------------+----------------+--------+---------------------+------------------------+----------------------+---------------------------------+-------------------------+-------------------+----------------------+--------------------+------------------------------+-----------------------+-----------+-----------+----------------------------+----------+--------+----------+
[2026-01-20T05:01:47.054+0000] {subprocess.py:93} INFO - |USD     |NULL                                |google_pay    |completed|2191.48 |207.86|2026-01-19T17:38:50.066404Z|2399.34 |348310ad-5cb7-4825-b3ca-7cf7ccff0be9|purchase        |e771ed48|Paulhaven            |US                      |NV                    |4407 Dennis River                |25427                    |Kellerberg         |US                    |KY                  |94532 Samantha Landing        |37817                  |GreenLife  |beauty     |Essential Beauty Collection |PROD_2668 |4       |54.92     |
[2026-01-20T05:01:47.055+0000] {subprocess.py:93} INFO - |USD     |NULL                                |google_pay    |completed|2191.48 |207.86|2026-01-19T17:38:50.066404Z|2399.34 |348310ad-5cb7-4825-b3ca-7cf7ccff0be9|purchase        |e771ed48|Paulhaven            |US                      |NV                    |4407 Dennis River                |25427                    |Kellerberg         |US                    |KY                  |94532 Samantha Landing        |37817                  |HomeMax    |clothing   |Compact Clothing Collection |PROD_2041 |5       |394.36    |
[2026-01-20T05:01:47.056+0000] {subprocess.py:93} INFO - |USD     |NULL                                |paypal        |completed|2335.54 |152.15|2026-01-19T17:38:54.422514Z|2487.69 |7e29cc86-961b-442e-bfe5-58a085808589|purchase        |234a1570|Medinamouth          |US                      |ND                    |1006 Julie Landing               |24973                    |Kentville          |US                    |TN                  |386 Cody Avenue Suite 938     |42478                  |GreenLife  |books      |Elite Books Model           |PROD_2272 |5       |408.48    |
[2026-01-20T05:01:47.056+0000] {subprocess.py:93} INFO - |USD     |NULL                                |paypal        |completed|2335.54 |152.15|2026-01-19T17:38:54.422514Z|2487.69 |7e29cc86-961b-442e-bfe5-58a085808589|purchase        |234a1570|Medinamouth          |US                      |ND                    |1006 Julie Landing               |24973                    |Kentville          |US                    |TN                  |386 Cody Avenue Suite 938     |42478                  |TechPro    |clothing   |Ultra Clothing Series       |PROD_2782 |1       |293.14    |
[2026-01-20T05:01:47.057+0000] {subprocess.py:93} INFO - |USD     |a50574ae-6d1e-49bd-b0ee-42434f95452b|debit_card    |completed|394.75  |36.72 |2026-01-19T17:38:54.473993Z|-431.47 |299e5a97-a02a-46ed-98d5-67a2c78e216a|refund          |3982940f|Joshuafurt           |US                      |TN                    |59792 Newton Gateway Apt. 880    |42245                    |Wilsonland         |US                    |OK                  |4090 Townsend Island          |78458                  |ProGear    |clothing   |Elite Clothing Edition      |PROD_1926 |3       |16.22     |
[2026-01-20T05:01:47.058+0000] {subprocess.py:93} INFO - |USD     |a50574ae-6d1e-49bd-b0ee-42434f95452b|debit_card    |completed|394.75  |36.72 |2026-01-19T17:38:54.473993Z|-431.47 |299e5a97-a02a-46ed-98d5-67a2c78e216a|refund          |3982940f|Joshuafurt           |US                      |TN                    |59792 Newton Gateway Apt. 880    |42245                    |Wilsonland         |US                    |OK                  |4090 Townsend Island          |78458                  |EliteChoice|toys       |Ultimate Toys Line          |PROD_2518 |1       |346.09    |
[2026-01-20T05:01:47.059+0000] {subprocess.py:93} INFO - |USD     |NULL                                |paypal        |completed|671.2   |45.49 |2026-01-19T17:38:54.494470Z|716.69  |d4a66c43-e2cb-4bfe-bf45-1b5c54d128fd|purchase        |445fabcf|New Tony             |US                      |IL                    |445 Christopher Harbors Suite 080|38683                    |Tinashire          |US                    |OR                  |79732 Long Manors             |28680                  |SmartChoice|beauty     |Smart Beauty Line           |PROD_2733 |3       |180.48    |
[2026-01-20T05:01:47.060+0000] {subprocess.py:93} INFO - |USD     |NULL                                |paypal        |completed|671.2   |45.49 |2026-01-19T17:38:54.494470Z|716.69  |d4a66c43-e2cb-4bfe-bf45-1b5c54d128fd|purchase        |445fabcf|New Tony             |US                      |IL                    |445 Christopher Harbors Suite 080|38683                    |Tinashire          |US                    |OR                  |79732 Long Manors             |28680                  |HomeMax    |beauty     |Pro Beauty Pack             |PROD_1580 |1       |129.76    |
[2026-01-20T05:01:47.061+0000] {subprocess.py:93} INFO - |USD     |e9975ea1-9a22-438d-a03b-87c4e417b1b5|credit_card   |completed|929.18  |88.21 |2026-01-19T17:38:54.501649Z|-1017.39|f55f83d0-554e-4a03-a51e-70e4c00dfc7e|refund          |406ee2f1|West Dawnhaven       |US                      |MP                    |816 Morrow Crossroad Suite 398   |60906                    |Stoneburgh         |US                    |OH                  |7654 Selena Junctions Apt. 671|25996                  |EliteChoice|electronics|Basic Electronics Collection|PROD_2919 |2       |160.43    |
[2026-01-20T05:01:47.062+0000] {subprocess.py:93} INFO - |USD     |e9975ea1-9a22-438d-a03b-87c4e417b1b5|credit_card   |completed|929.18  |88.21 |2026-01-19T17:38:54.501649Z|-1017.39|f55f83d0-554e-4a03-a51e-70e4c00dfc7e|refund          |406ee2f1|West Dawnhaven       |US                      |MP                    |816 Morrow Crossroad Suite 398   |60906                    |Stoneburgh         |US                    |OH                  |7654 Selena Junctions Apt. 671|25996                  |EliteChoice|beauty     |Elite Beauty Line           |PROD_2894 |1       |299.1     |
[2026-01-20T05:01:47.063+0000] {subprocess.py:93} INFO - |USD     |e9975ea1-9a22-438d-a03b-87c4e417b1b5|credit_card   |completed|929.18  |88.21 |2026-01-19T17:38:54.501649Z|-1017.39|f55f83d0-554e-4a03-a51e-70e4c00dfc7e|refund          |406ee2f1|West Dawnhaven       |US                      |MP                    |816 Morrow Crossroad Suite 398   |60906                    |Stoneburgh         |US                    |OH                  |7654 Selena Junctions Apt. 671|25996                  |StyleCo    |beauty     |Compact Beauty Series       |PROD_1330 |2       |154.61    |
[2026-01-20T05:01:47.064+0000] {subprocess.py:93} INFO - |USD     |NULL                                |credit_card   |failed   |3604.62 |195.31|2026-01-19T17:38:54.507017Z|3799.93 |7f8b6d50-4aa4-4bd6-8616-f95c80d59c22|purchase        |f1f4c996|Lake Ashleyview      |US                      |MA                    |11214 Julie Dam                  |95558                    |Michellefort       |US                    |ND                  |507 Curtis Lodge Suite 318    |70153                  |HomeMax    |food       |Compact Food Series         |PROD_1165 |5       |289.98    |
[2026-01-20T05:01:47.065+0000] {subprocess.py:93} INFO - |USD     |NULL                                |credit_card   |failed   |3604.62 |195.31|2026-01-19T17:38:54.507017Z|3799.93 |7f8b6d50-4aa4-4bd6-8616-f95c80d59c22|purchase        |f1f4c996|Lake Ashleyview      |US                      |MA                    |11214 Julie Dam                  |95558                    |Michellefort       |US                    |ND                  |507 Curtis Lodge Suite 318    |70153                  |StyleCo    |home       |Modern Home Kit             |PROD_1008 |4       |351.11    |
[2026-01-20T05:01:47.066+0000] {subprocess.py:93} INFO - |USD     |NULL                                |credit_card   |failed   |3604.62 |195.31|2026-01-19T17:38:54.507017Z|3799.93 |7f8b6d50-4aa4-4bd6-8616-f95c80d59c22|purchase        |f1f4c996|Lake Ashleyview      |US                      |MA                    |11214 Julie Dam                  |95558                    |Michellefort       |US                    |ND                  |507 Curtis Lodge Suite 318    |70153                  |SmartChoice|toys       |Compact Toys Version        |PROD_1056 |2       |375.14    |
[2026-01-20T05:01:47.067+0000] {subprocess.py:93} INFO - |USD     |NULL                                |google_pay    |completed|3837.46 |361.72|2026-01-19T17:38:54.514401Z|4199.18 |61b112fa-c6a8-4eec-940f-5726da602d65|purchase        |a0846826|Gardnermouth         |US                      |VA                    |30340 Ronnie Knoll Suite 428     |31323                    |West Kelsey        |US                    |KS                  |76305 Amanda Ramp Apt. 310    |59142                  |SportFlex  |beauty     |Advanced Beauty Pack        |PROD_2223 |5       |150.93    |
[2026-01-20T05:01:47.068+0000] {subprocess.py:93} INFO - |USD     |NULL                                |google_pay    |completed|3837.46 |361.72|2026-01-19T17:38:54.514401Z|4199.18 |61b112fa-c6a8-4eec-940f-5726da602d65|purchase        |a0846826|Gardnermouth         |US                      |VA                    |30340 Ronnie Knoll Suite 428     |31323                    |West Kelsey        |US                    |KS                  |76305 Amanda Ramp Apt. 310    |59142                  |TechPro    |food       |Smart Food Collection       |PROD_1114 |1       |393.98    |
[2026-01-20T05:01:47.069+0000] {subprocess.py:93} INFO - |USD     |NULL                                |google_pay    |completed|3837.46 |361.72|2026-01-19T17:38:54.514401Z|4199.18 |61b112fa-c6a8-4eec-940f-5726da602d65|purchase        |a0846826|Gardnermouth         |US                      |VA                    |30340 Ronnie Knoll Suite 428     |31323                    |West Kelsey        |US                    |KS                  |76305 Amanda Ramp Apt. 310    |59142                  |GreenLife  |food       |Professional Food Collection|PROD_2835 |5       |339.27    |
[2026-01-20T05:01:47.069+0000] {subprocess.py:93} INFO - |USD     |NULL                                |google_pay    |completed|3837.46 |361.72|2026-01-19T17:38:54.514401Z|4199.18 |61b112fa-c6a8-4eec-940f-5726da602d65|purchase        |a0846826|Gardnermouth         |US                      |VA                    |30340 Ronnie Knoll Suite 428     |31323                    |West Kelsey        |US                    |KS                  |76305 Amanda Ramp Apt. 310    |59142                  |EliteChoice|electronics|Ultra Electronics Edition   |PROD_2922 |4       |248.12    |
[2026-01-20T05:01:47.070+0000] {subprocess.py:93} INFO - |USD     |NULL                                |google_pay    |completed|4177.21 |365.45|2026-01-19T17:38:54.551107Z|4542.66 |94c0f5c3-431e-4785-8eb8-7eecf7ab6f3c|purchase        |a0846826|Danamouth            |US                      |GU                    |2102 Dennis Rue                  |45882                    |Wilsonbury         |US                    |IL                  |5749 Kevin Harbor             |80292                  |SmartChoice|sports     |Ultra Sports Edition        |PROD_2300 |5       |372.83    |
[2026-01-20T05:01:47.071+0000] {subprocess.py:93} INFO - |USD     |NULL                                |google_pay    |completed|4177.21 |365.45|2026-01-19T17:38:54.551107Z|4542.66 |94c0f5c3-431e-4785-8eb8-7eecf7ab6f3c|purchase        |a0846826|Danamouth            |US                      |GU                    |2102 Dennis Rue                  |45882                    |Wilsonbury         |US                    |IL                  |5749 Kevin Harbor             |80292                  |StyleCo    |books      |Professional Books Pack     |PROD_2770 |1       |422.54    |
[2026-01-20T05:01:47.072+0000] {subprocess.py:93} INFO - +--------+------------------------------------+--------------+---------+--------+------+---------------------------+--------+------------------------------------+----------------+--------+---------------------+------------------------+----------------------+---------------------------------+-------------------------+-------------------+----------------------+--------------------+------------------------------+-----------------------+-----------+-----------+----------------------------+----------+--------+----------+
[2026-01-20T05:01:47.073+0000] {subprocess.py:93} INFO - only showing top 20 rows
[2026-01-20T05:01:47.074+0000] {subprocess.py:93} INFO - 
[2026-01-20T05:01:47.075+0000] {subprocess.py:93} INFO - root
[2026-01-20T05:01:47.076+0000] {subprocess.py:93} INFO -  |-- currency: string (nullable = true)
[2026-01-20T05:01:47.077+0000] {subprocess.py:93} INFO -  |-- original_transaction_id: string (nullable = true)
[2026-01-20T05:01:47.078+0000] {subprocess.py:93} INFO -  |-- payment_method: string (nullable = true)
[2026-01-20T05:01:47.079+0000] {subprocess.py:93} INFO -  |-- status: string (nullable = true)
[2026-01-20T05:01:47.080+0000] {subprocess.py:93} INFO -  |-- subtotal: double (nullable = true)
[2026-01-20T05:01:47.081+0000] {subprocess.py:93} INFO -  |-- tax: double (nullable = true)
[2026-01-20T05:01:47.081+0000] {subprocess.py:93} INFO -  |-- timestamp: string (nullable = true)
[2026-01-20T05:01:47.082+0000] {subprocess.py:93} INFO -  |-- total: double (nullable = true)
[2026-01-20T05:01:47.083+0000] {subprocess.py:93} INFO -  |-- transaction_id: string (nullable = true)
[2026-01-20T05:01:47.084+0000] {subprocess.py:93} INFO -  |-- transaction_type: string (nullable = true)
[2026-01-20T05:01:47.085+0000] {subprocess.py:93} INFO -  |-- user_id: string (nullable = true)
[2026-01-20T05:01:47.086+0000] {subprocess.py:93} INFO -  |-- shipping_address_city: string (nullable = true)
[2026-01-20T05:01:47.087+0000] {subprocess.py:93} INFO -  |-- shipping_address_country: string (nullable = true)
[2026-01-20T05:01:47.088+0000] {subprocess.py:93} INFO -  |-- shipping_address_state: string (nullable = true)
[2026-01-20T05:01:47.089+0000] {subprocess.py:93} INFO -  |-- shipping_address_street: string (nullable = true)
[2026-01-20T05:01:47.090+0000] {subprocess.py:93} INFO -  |-- shipping_address_zip_code: string (nullable = true)
[2026-01-20T05:01:47.090+0000] {subprocess.py:93} INFO -  |-- billing_addresscity: string (nullable = true)
[2026-01-20T05:01:47.091+0000] {subprocess.py:93} INFO -  |-- billing_addresscountry: string (nullable = true)
[2026-01-20T05:01:47.092+0000] {subprocess.py:93} INFO -  |-- billing_addressstate: string (nullable = true)
[2026-01-20T05:01:47.093+0000] {subprocess.py:93} INFO -  |-- billing_addressstreet: string (nullable = true)
[2026-01-20T05:01:47.094+0000] {subprocess.py:93} INFO -  |-- billing_addresszip_code: string (nullable = true)
[2026-01-20T05:01:47.095+0000] {subprocess.py:93} INFO -  |-- brand: string (nullable = true)
[2026-01-20T05:01:47.095+0000] {subprocess.py:93} INFO -  |-- category: string (nullable = true)
[2026-01-20T05:01:47.096+0000] {subprocess.py:93} INFO -  |-- product_name: string (nullable = true)
[2026-01-20T05:01:47.097+0000] {subprocess.py:93} INFO -  |-- product_id: string (nullable = true)
[2026-01-20T05:01:47.098+0000] {subprocess.py:93} INFO -  |-- quantity: long (nullable = true)
[2026-01-20T05:01:47.098+0000] {subprocess.py:93} INFO -  |-- unit_price: double (nullable = true)
[2026-01-20T05:01:47.099+0000] {subprocess.py:93} INFO - 
[2026-01-20T05:01:47.243+0000] {subprocess.py:93} INFO - Traceback (most recent call last):
[2026-01-20T05:01:47.244+0000] {subprocess.py:93} INFO -   File "/opt/spark-jobs/etl_job.py", line 186, in <module>
[2026-01-20T05:01:47.249+0000] {subprocess.py:93} INFO -     run_etl(spark,'/opt/spark-data/landing', '/opt/spark-data/gold')
[2026-01-20T05:01:47.250+0000] {subprocess.py:93} INFO -   File "/opt/spark-jobs/etl_job.py", line 172, in run_etl
[2026-01-20T05:01:47.253+0000] {subprocess.py:93} INFO -     user_events_cleaned(spark, df_topic_user, output_path)
[2026-01-20T05:01:47.254+0000] {subprocess.py:93} INFO -   File "/opt/spark-jobs/etl_job.py", line 143, in user_events_cleaned
[2026-01-20T05:01:47.259+0000] {subprocess.py:93} INFO -     user_events = df_topic_user_events.withColumn("line_item", F.explode("line_items"))
[2026-01-20T05:01:47.261+0000] {subprocess.py:93} INFO -   File "/opt/spark/python/lib/pyspark.zip/pyspark/sql/dataframe.py", line 5170, in withColumn
[2026-01-20T05:01:47.263+0000] {subprocess.py:93} INFO -   File "/opt/spark/python/lib/py4j-0.10.9.7-src.zip/py4j/java_gateway.py", line 1322, in __call__
[2026-01-20T05:01:47.267+0000] {subprocess.py:93} INFO -   File "/opt/spark/python/lib/pyspark.zip/pyspark/errors/exceptions/captured.py", line 185, in deco
[2026-01-20T05:01:47.276+0000] {subprocess.py:93} INFO - pyspark.errors.exceptions.captured.AnalysisException: [UNRESOLVED_COLUMN.WITH_SUGGESTION] A column or function parameter with name `line_items` cannot be resolved. Did you mean one of the following? [`device`, `city`, `timestamp`, `user_id`, `browser`].;
[2026-01-20T05:01:47.277+0000] {subprocess.py:93} INFO - 'Project [browser#44, city#45, country#46, device#47, element_id#48, event_id#49, event_type#50, ip_address#51, page#52, product_id#53, quantity#54L, search_query#55, session_id#56, timestamp#57, user_id#58, explode('line_items) AS line_item#557]
[2026-01-20T05:01:47.278+0000] {subprocess.py:93} INFO - +- Relation [browser#44,city#45,country#46,device#47,element_id#48,event_id#49,event_type#50,ip_address#51,page#52,product_id#53,quantity#54L,search_query#55,session_id#56,timestamp#57,user_id#58] json
[2026-01-20T05:01:47.280+0000] {subprocess.py:93} INFO - 
[2026-01-20T05:01:47.358+0000] {subprocess.py:93} INFO - 26/01/20 05:01:47 INFO SparkContext: Invoking stop() from shutdown hook
[2026-01-20T05:01:47.359+0000] {subprocess.py:93} INFO - 26/01/20 05:01:47 INFO SparkContext: SparkContext is stopping with exitCode 0.
[2026-01-20T05:01:47.382+0000] {subprocess.py:93} INFO - 26/01/20 05:01:47 INFO SparkUI: Stopped Spark web UI at http://519d7d29de3d:4040
[2026-01-20T05:01:47.402+0000] {subprocess.py:93} INFO - 26/01/20 05:01:47 INFO MapOutputTrackerMasterEndpoint: MapOutputTrackerMasterEndpoint stopped!
[2026-01-20T05:01:47.430+0000] {subprocess.py:93} INFO - 26/01/20 05:01:47 INFO MemoryStore: MemoryStore cleared
[2026-01-20T05:01:47.431+0000] {subprocess.py:93} INFO - 26/01/20 05:01:47 INFO BlockManager: BlockManager stopped
[2026-01-20T05:01:47.435+0000] {subprocess.py:93} INFO - 26/01/20 05:01:47 INFO BlockManagerMaster: BlockManagerMaster stopped
[2026-01-20T05:01:47.440+0000] {subprocess.py:93} INFO - 26/01/20 05:01:47 INFO OutputCommitCoordinator$OutputCommitCoordinatorEndpoint: OutputCommitCoordinator stopped!
[2026-01-20T05:01:47.455+0000] {subprocess.py:93} INFO - 26/01/20 05:01:47 INFO SparkContext: Successfully stopped SparkContext
[2026-01-20T05:01:47.457+0000] {subprocess.py:93} INFO - 26/01/20 05:01:47 INFO ShutdownHookManager: Shutdown hook called
[2026-01-20T05:01:47.458+0000] {subprocess.py:93} INFO - 26/01/20 05:01:47 INFO ShutdownHookManager: Deleting directory /tmp/spark-cf884a22-01e5-44b4-8598-baf959db4f2e
[2026-01-20T05:01:47.461+0000] {subprocess.py:93} INFO - 26/01/20 05:01:47 INFO ShutdownHookManager: Deleting directory /tmp/spark-5e5dfd99-4e90-4705-a435-02ffb65a6d7a
[2026-01-20T05:01:47.465+0000] {subprocess.py:93} INFO - 26/01/20 05:01:47 INFO ShutdownHookManager: Deleting directory /tmp/spark-cf884a22-01e5-44b4-8598-baf959db4f2e/pyspark-de1a17c9-4f0d-4f69-afc5-e12e52fe7ae9
[2026-01-20T05:01:47.524+0000] {subprocess.py:97} INFO - Command exited with return code 1
[2026-01-20T05:01:47.538+0000] {taskinstance.py:2698} ERROR - Task failed with exception
Traceback (most recent call last):
  File "/home/airflow/.local/lib/python3.10/site-packages/airflow/models/taskinstance.py", line 433, in _execute_task
    result = execute_callable(context=context, **execute_callable_kwargs)
  File "/home/airflow/.local/lib/python3.10/site-packages/airflow/operators/bash.py", line 212, in execute
    raise AirflowException(
airflow.exceptions.AirflowException: Bash command failed. The command returned a non-zero exit code 1.
[2026-01-20T05:01:47.541+0000] {taskinstance.py:1138} INFO - Marking task as FAILED. dag_id=streamflow_main, task_id=Spark_Submit, execution_date=20260120T050128, start_date=20260120T050130, end_date=20260120T050147
[2026-01-20T05:01:47.555+0000] {standard_task_runner.py:107} ERROR - Failed to execute job 22 for task Spark_Submit (Bash command failed. The command returned a non-zero exit code 1.; 10090)
[2026-01-20T05:01:47.583+0000] {local_task_job_runner.py:234} INFO - Task exited with return code 1
[2026-01-20T05:01:47.601+0000] {taskinstance.py:3280} INFO - 0 downstream tasks scheduled from follow-on schedule check
