[2026-01-20T04:34:19.959+0000] {taskinstance.py:1956} INFO - Dependencies all met for dep_context=non-requeueable deps ti=<TaskInstance: streamflow_main.Spark_Submit manual__2026-01-20T04:34:18.401600+00:00 [queued]>
[2026-01-20T04:34:19.968+0000] {taskinstance.py:1956} INFO - Dependencies all met for dep_context=requeueable deps ti=<TaskInstance: streamflow_main.Spark_Submit manual__2026-01-20T04:34:18.401600+00:00 [queued]>
[2026-01-20T04:34:19.969+0000] {taskinstance.py:2170} INFO - Starting attempt 1 of 1
[2026-01-20T04:34:19.984+0000] {taskinstance.py:2191} INFO - Executing <Task(BashOperator): Spark_Submit> on 2026-01-20 04:34:18.401600+00:00
[2026-01-20T04:34:19.988+0000] {standard_task_runner.py:60} INFO - Started process 6894 to run task
[2026-01-20T04:34:19.992+0000] {standard_task_runner.py:87} INFO - Running: ['***', 'tasks', 'run', 'streamflow_main', 'Spark_Submit', 'manual__2026-01-20T04:34:18.401600+00:00', '--job-id', '16', '--raw', '--subdir', 'DAGS_FOLDER/dag_streamflow.py', '--cfg-path', '/tmp/tmp5xy9g01m']
[2026-01-20T04:34:19.994+0000] {standard_task_runner.py:88} INFO - Job 16: Subtask Spark_Submit
[2026-01-20T04:34:20.041+0000] {task_command.py:423} INFO - Running <TaskInstance: streamflow_main.Spark_Submit manual__2026-01-20T04:34:18.401600+00:00 [running]> on host 519d7d29de3d
[2026-01-20T04:34:20.122+0000] {taskinstance.py:2480} INFO - Exporting env vars: AIRFLOW_CTX_DAG_OWNER='student' AIRFLOW_CTX_DAG_ID='streamflow_main' AIRFLOW_CTX_TASK_ID='Spark_Submit' AIRFLOW_CTX_EXECUTION_DATE='2026-01-20T04:34:18.401600+00:00' AIRFLOW_CTX_TRY_NUMBER='1' AIRFLOW_CTX_DAG_RUN_ID='manual__2026-01-20T04:34:18.401600+00:00'
[2026-01-20T04:34:20.124+0000] {subprocess.py:63} INFO - Tmp dir root location: /tmp
[2026-01-20T04:34:20.125+0000] {subprocess.py:75} INFO - Running command: ['/usr/bin/bash', '-c', '\n            spark-submit                 --master spark://spark-master:7077                 /opt/spark-jobs/etl_job.py\n        ']
[2026-01-20T04:34:20.133+0000] {subprocess.py:86} INFO - Output:
[2026-01-20T04:34:20.140+0000] {subprocess.py:93} INFO - /opt/spark/bin/load-spark-env.sh: line 68: ps: command not found
[2026-01-20T04:34:22.607+0000] {subprocess.py:93} INFO - 26/01/20 04:34:22 INFO SparkContext: Running Spark version 3.5.0
[2026-01-20T04:34:22.609+0000] {subprocess.py:93} INFO - 26/01/20 04:34:22 INFO SparkContext: OS info Linux, 5.15.167.4-microsoft-standard-WSL2, amd64
[2026-01-20T04:34:22.609+0000] {subprocess.py:93} INFO - 26/01/20 04:34:22 INFO SparkContext: Java version 17.0.17
[2026-01-20T04:34:22.660+0000] {subprocess.py:93} INFO - 26/01/20 04:34:22 WARN NativeCodeLoader: Unable to load native-hadoop library for your platform... using builtin-java classes where applicable
[2026-01-20T04:34:22.750+0000] {subprocess.py:93} INFO - 26/01/20 04:34:22 INFO ResourceUtils: ==============================================================
[2026-01-20T04:34:22.750+0000] {subprocess.py:93} INFO - 26/01/20 04:34:22 INFO ResourceUtils: No custom resources configured for spark.driver.
[2026-01-20T04:34:22.751+0000] {subprocess.py:93} INFO - 26/01/20 04:34:22 INFO ResourceUtils: ==============================================================
[2026-01-20T04:34:22.752+0000] {subprocess.py:93} INFO - 26/01/20 04:34:22 INFO SparkContext: Submitted application: ETL_job
[2026-01-20T04:34:22.773+0000] {subprocess.py:93} INFO - 26/01/20 04:34:22 INFO ResourceProfile: Default ResourceProfile created, executor resources: Map(cores -> name: cores, amount: 1, script: , vendor: , memory -> name: memory, amount: 1024, script: , vendor: , offHeap -> name: offHeap, amount: 0, script: , vendor: ), task resources: Map(cpus -> name: cpus, amount: 1.0)
[2026-01-20T04:34:22.782+0000] {subprocess.py:93} INFO - 26/01/20 04:34:22 INFO ResourceProfile: Limiting resource is cpu
[2026-01-20T04:34:22.783+0000] {subprocess.py:93} INFO - 26/01/20 04:34:22 INFO ResourceProfileManager: Added ResourceProfile id: 0
[2026-01-20T04:34:22.839+0000] {subprocess.py:93} INFO - 26/01/20 04:34:22 INFO SecurityManager: Changing view acls to: root
[2026-01-20T04:34:22.840+0000] {subprocess.py:93} INFO - 26/01/20 04:34:22 INFO SecurityManager: Changing modify acls to: root
[2026-01-20T04:34:22.841+0000] {subprocess.py:93} INFO - 26/01/20 04:34:22 INFO SecurityManager: Changing view acls groups to:
[2026-01-20T04:34:22.842+0000] {subprocess.py:93} INFO - 26/01/20 04:34:22 INFO SecurityManager: Changing modify acls groups to:
[2026-01-20T04:34:22.843+0000] {subprocess.py:93} INFO - 26/01/20 04:34:22 INFO SecurityManager: SecurityManager: authentication disabled; ui acls disabled; users with view permissions: root; groups with view permissions: EMPTY; users with modify permissions: root; groups with modify permissions: EMPTY
[2026-01-20T04:34:23.191+0000] {subprocess.py:93} INFO - 26/01/20 04:34:23 INFO Utils: Successfully started service 'sparkDriver' on port 36073.
[2026-01-20T04:34:23.228+0000] {subprocess.py:93} INFO - 26/01/20 04:34:23 INFO SparkEnv: Registering MapOutputTracker
[2026-01-20T04:34:23.270+0000] {subprocess.py:93} INFO - 26/01/20 04:34:23 INFO SparkEnv: Registering BlockManagerMaster
[2026-01-20T04:34:23.286+0000] {subprocess.py:93} INFO - 26/01/20 04:34:23 INFO BlockManagerMasterEndpoint: Using org.apache.spark.storage.DefaultTopologyMapper for getting topology information
[2026-01-20T04:34:23.286+0000] {subprocess.py:93} INFO - 26/01/20 04:34:23 INFO BlockManagerMasterEndpoint: BlockManagerMasterEndpoint up
[2026-01-20T04:34:23.290+0000] {subprocess.py:93} INFO - 26/01/20 04:34:23 INFO SparkEnv: Registering BlockManagerMasterHeartbeat
[2026-01-20T04:34:23.312+0000] {subprocess.py:93} INFO - 26/01/20 04:34:23 INFO DiskBlockManager: Created local directory at /tmp/blockmgr-76d64860-26e2-4dc2-b46a-5587e396bd83
[2026-01-20T04:34:23.327+0000] {subprocess.py:93} INFO - 26/01/20 04:34:23 INFO MemoryStore: MemoryStore started with capacity 434.4 MiB
[2026-01-20T04:34:23.350+0000] {subprocess.py:93} INFO - 26/01/20 04:34:23 INFO SparkEnv: Registering OutputCommitCoordinator
[2026-01-20T04:34:23.484+0000] {subprocess.py:93} INFO - 26/01/20 04:34:23 INFO JettyUtils: Start Jetty 0.0.0.0:4040 for SparkUI
[2026-01-20T04:34:23.551+0000] {subprocess.py:93} INFO - 26/01/20 04:34:23 INFO Utils: Successfully started service 'SparkUI' on port 4040.
[2026-01-20T04:34:23.672+0000] {subprocess.py:93} INFO - 26/01/20 04:34:23 INFO Executor: Starting executor ID driver on host 519d7d29de3d
[2026-01-20T04:34:23.673+0000] {subprocess.py:93} INFO - 26/01/20 04:34:23 INFO Executor: OS info Linux, 5.15.167.4-microsoft-standard-WSL2, amd64
[2026-01-20T04:34:23.674+0000] {subprocess.py:93} INFO - 26/01/20 04:34:23 INFO Executor: Java version 17.0.17
[2026-01-20T04:34:23.681+0000] {subprocess.py:93} INFO - 26/01/20 04:34:23 INFO Executor: Starting executor with user classpath (userClassPathFirst = false): ''
[2026-01-20T04:34:23.683+0000] {subprocess.py:93} INFO - 26/01/20 04:34:23 INFO Executor: Created or updated repl class loader org.apache.spark.util.MutableURLClassLoader@552ebc35 for default.
[2026-01-20T04:34:23.704+0000] {subprocess.py:93} INFO - 26/01/20 04:34:23 INFO Utils: Successfully started service 'org.apache.spark.network.netty.NettyBlockTransferService' on port 46223.
[2026-01-20T04:34:23.705+0000] {subprocess.py:93} INFO - 26/01/20 04:34:23 INFO NettyBlockTransferService: Server created on 519d7d29de3d:46223
[2026-01-20T04:34:23.706+0000] {subprocess.py:93} INFO - 26/01/20 04:34:23 INFO BlockManager: Using org.apache.spark.storage.RandomBlockReplicationPolicy for block replication policy
[2026-01-20T04:34:23.712+0000] {subprocess.py:93} INFO - 26/01/20 04:34:23 INFO BlockManagerMaster: Registering BlockManager BlockManagerId(driver, 519d7d29de3d, 46223, None)
[2026-01-20T04:34:23.715+0000] {subprocess.py:93} INFO - 26/01/20 04:34:23 INFO BlockManagerMasterEndpoint: Registering block manager 519d7d29de3d:46223 with 434.4 MiB RAM, BlockManagerId(driver, 519d7d29de3d, 46223, None)
[2026-01-20T04:34:23.717+0000] {subprocess.py:93} INFO - 26/01/20 04:34:23 INFO BlockManagerMaster: Registered BlockManager BlockManagerId(driver, 519d7d29de3d, 46223, None)
[2026-01-20T04:34:23.719+0000] {subprocess.py:93} INFO - 26/01/20 04:34:23 INFO BlockManager: Initialized BlockManager: BlockManagerId(driver, 519d7d29de3d, 46223, None)
[2026-01-20T04:34:24.167+0000] {subprocess.py:93} INFO - 26/01/20 04:34:24 INFO SharedState: Setting hive.metastore.warehouse.dir ('null') to the value of spark.sql.warehouse.dir.
[2026-01-20T04:34:24.173+0000] {subprocess.py:93} INFO - 26/01/20 04:34:24 INFO SharedState: Warehouse path is 'file:/tmp/***tmp6b1f01e7/spark-warehouse'.
[2026-01-20T04:34:25.032+0000] {subprocess.py:93} INFO - 26/01/20 04:34:25 INFO InMemoryFileIndex: It took 61 ms to list leaf files for 1 paths.
[2026-01-20T04:34:25.143+0000] {subprocess.py:93} INFO - 26/01/20 04:34:25 INFO InMemoryFileIndex: It took 13 ms to list leaf files for 1 paths.
[2026-01-20T04:34:26.874+0000] {subprocess.py:93} INFO - 26/01/20 04:34:26 INFO FileSourceStrategy: Pushed Filters:
[2026-01-20T04:34:26.881+0000] {subprocess.py:93} INFO - 26/01/20 04:34:26 INFO FileSourceStrategy: Post-Scan Filters:
[2026-01-20T04:34:27.055+0000] {subprocess.py:93} INFO - 26/01/20 04:34:27 INFO MemoryStore: Block broadcast_0 stored as values in memory (estimated size 199.2 KiB, free 434.2 MiB)
[2026-01-20T04:34:27.097+0000] {subprocess.py:93} INFO - 26/01/20 04:34:27 INFO MemoryStore: Block broadcast_0_piece0 stored as bytes in memory (estimated size 34.2 KiB, free 434.2 MiB)
[2026-01-20T04:34:27.100+0000] {subprocess.py:93} INFO - 26/01/20 04:34:27 INFO BlockManagerInfo: Added broadcast_0_piece0 in memory on 519d7d29de3d:46223 (size: 34.2 KiB, free: 434.4 MiB)
[2026-01-20T04:34:27.104+0000] {subprocess.py:93} INFO - 26/01/20 04:34:27 INFO SparkContext: Created broadcast 0 from json at NativeMethodAccessorImpl.java:0
[2026-01-20T04:34:27.113+0000] {subprocess.py:93} INFO - 26/01/20 04:34:27 INFO FileSourceScanExec: Planning scan with bin packing, max size: 4194304 bytes, open cost is considered as scanning 4194304 bytes.
[2026-01-20T04:34:27.272+0000] {subprocess.py:93} INFO - 26/01/20 04:34:27 INFO SparkContext: Starting job: json at NativeMethodAccessorImpl.java:0
[2026-01-20T04:34:27.295+0000] {subprocess.py:93} INFO - 26/01/20 04:34:27 INFO DAGScheduler: Got job 0 (json at NativeMethodAccessorImpl.java:0) with 13 output partitions
[2026-01-20T04:34:27.296+0000] {subprocess.py:93} INFO - 26/01/20 04:34:27 INFO DAGScheduler: Final stage: ResultStage 0 (json at NativeMethodAccessorImpl.java:0)
[2026-01-20T04:34:27.297+0000] {subprocess.py:93} INFO - 26/01/20 04:34:27 INFO DAGScheduler: Parents of final stage: List()
[2026-01-20T04:34:27.298+0000] {subprocess.py:93} INFO - 26/01/20 04:34:27 INFO DAGScheduler: Missing parents: List()
[2026-01-20T04:34:27.302+0000] {subprocess.py:93} INFO - 26/01/20 04:34:27 INFO DAGScheduler: Submitting ResultStage 0 (MapPartitionsRDD[3] at json at NativeMethodAccessorImpl.java:0), which has no missing parents
[2026-01-20T04:34:27.392+0000] {subprocess.py:93} INFO - 26/01/20 04:34:27 INFO MemoryStore: Block broadcast_1 stored as values in memory (estimated size 16.0 KiB, free 434.2 MiB)
[2026-01-20T04:34:27.394+0000] {subprocess.py:93} INFO - 26/01/20 04:34:27 INFO MemoryStore: Block broadcast_1_piece0 stored as bytes in memory (estimated size 7.5 KiB, free 434.1 MiB)
[2026-01-20T04:34:27.395+0000] {subprocess.py:93} INFO - 26/01/20 04:34:27 INFO BlockManagerInfo: Added broadcast_1_piece0 in memory on 519d7d29de3d:46223 (size: 7.5 KiB, free: 434.4 MiB)
[2026-01-20T04:34:27.395+0000] {subprocess.py:93} INFO - 26/01/20 04:34:27 INFO SparkContext: Created broadcast 1 from broadcast at DAGScheduler.scala:1580
[2026-01-20T04:34:27.411+0000] {subprocess.py:93} INFO - 26/01/20 04:34:27 INFO DAGScheduler: Submitting 13 missing tasks from ResultStage 0 (MapPartitionsRDD[3] at json at NativeMethodAccessorImpl.java:0) (first 15 tasks are for partitions Vector(0, 1, 2, 3, 4, 5, 6, 7, 8, 9, 10, 11, 12))
[2026-01-20T04:34:27.413+0000] {subprocess.py:93} INFO - 26/01/20 04:34:27 INFO TaskSchedulerImpl: Adding task set 0.0 with 13 tasks resource profile 0
[2026-01-20T04:34:27.464+0000] {subprocess.py:93} INFO - 26/01/20 04:34:27 INFO TaskSetManager: Starting task 0.0 in stage 0.0 (TID 0) (519d7d29de3d, executor driver, partition 0, PROCESS_LOCAL, 8251 bytes)
[2026-01-20T04:34:27.468+0000] {subprocess.py:93} INFO - 26/01/20 04:34:27 INFO TaskSetManager: Starting task 1.0 in stage 0.0 (TID 1) (519d7d29de3d, executor driver, partition 1, PROCESS_LOCAL, 8251 bytes)
[2026-01-20T04:34:27.469+0000] {subprocess.py:93} INFO - 26/01/20 04:34:27 INFO TaskSetManager: Starting task 2.0 in stage 0.0 (TID 2) (519d7d29de3d, executor driver, partition 2, PROCESS_LOCAL, 8251 bytes)
[2026-01-20T04:34:27.470+0000] {subprocess.py:93} INFO - 26/01/20 04:34:27 INFO TaskSetManager: Starting task 3.0 in stage 0.0 (TID 3) (519d7d29de3d, executor driver, partition 3, PROCESS_LOCAL, 8251 bytes)
[2026-01-20T04:34:27.473+0000] {subprocess.py:93} INFO - 26/01/20 04:34:27 INFO TaskSetManager: Starting task 4.0 in stage 0.0 (TID 4) (519d7d29de3d, executor driver, partition 4, PROCESS_LOCAL, 8251 bytes)
[2026-01-20T04:34:27.474+0000] {subprocess.py:93} INFO - 26/01/20 04:34:27 INFO TaskSetManager: Starting task 5.0 in stage 0.0 (TID 5) (519d7d29de3d, executor driver, partition 5, PROCESS_LOCAL, 8251 bytes)
[2026-01-20T04:34:27.475+0000] {subprocess.py:93} INFO - 26/01/20 04:34:27 INFO TaskSetManager: Starting task 6.0 in stage 0.0 (TID 6) (519d7d29de3d, executor driver, partition 6, PROCESS_LOCAL, 8251 bytes)
[2026-01-20T04:34:27.476+0000] {subprocess.py:93} INFO - 26/01/20 04:34:27 INFO TaskSetManager: Starting task 7.0 in stage 0.0 (TID 7) (519d7d29de3d, executor driver, partition 7, PROCESS_LOCAL, 8251 bytes)
[2026-01-20T04:34:27.476+0000] {subprocess.py:93} INFO - 26/01/20 04:34:27 INFO TaskSetManager: Starting task 8.0 in stage 0.0 (TID 8) (519d7d29de3d, executor driver, partition 8, PROCESS_LOCAL, 8251 bytes)
[2026-01-20T04:34:27.477+0000] {subprocess.py:93} INFO - 26/01/20 04:34:27 INFO TaskSetManager: Starting task 9.0 in stage 0.0 (TID 9) (519d7d29de3d, executor driver, partition 9, PROCESS_LOCAL, 8251 bytes)
[2026-01-20T04:34:27.478+0000] {subprocess.py:93} INFO - 26/01/20 04:34:27 INFO TaskSetManager: Starting task 10.0 in stage 0.0 (TID 10) (519d7d29de3d, executor driver, partition 10, PROCESS_LOCAL, 8251 bytes)
[2026-01-20T04:34:27.479+0000] {subprocess.py:93} INFO - 26/01/20 04:34:27 INFO TaskSetManager: Starting task 11.0 in stage 0.0 (TID 11) (519d7d29de3d, executor driver, partition 11, PROCESS_LOCAL, 8251 bytes)
[2026-01-20T04:34:27.480+0000] {subprocess.py:93} INFO - 26/01/20 04:34:27 INFO TaskSetManager: Starting task 12.0 in stage 0.0 (TID 12) (519d7d29de3d, executor driver, partition 12, PROCESS_LOCAL, 8251 bytes)
[2026-01-20T04:34:27.492+0000] {subprocess.py:93} INFO - 26/01/20 04:34:27 INFO Executor: Running task 0.0 in stage 0.0 (TID 0)
[2026-01-20T04:34:27.493+0000] {subprocess.py:93} INFO - 26/01/20 04:34:27 INFO Executor: Running task 1.0 in stage 0.0 (TID 1)
[2026-01-20T04:34:27.495+0000] {subprocess.py:93} INFO - 26/01/20 04:34:27 INFO Executor: Running task 4.0 in stage 0.0 (TID 4)
[2026-01-20T04:34:27.496+0000] {subprocess.py:93} INFO - 26/01/20 04:34:27 INFO Executor: Running task 3.0 in stage 0.0 (TID 3)
[2026-01-20T04:34:27.497+0000] {subprocess.py:93} INFO - 26/01/20 04:34:27 INFO Executor: Running task 5.0 in stage 0.0 (TID 5)
[2026-01-20T04:34:27.498+0000] {subprocess.py:93} INFO - 26/01/20 04:34:27 INFO Executor: Running task 6.0 in stage 0.0 (TID 6)
[2026-01-20T04:34:27.499+0000] {subprocess.py:93} INFO - 26/01/20 04:34:27 INFO Executor: Running task 2.0 in stage 0.0 (TID 2)
[2026-01-20T04:34:27.500+0000] {subprocess.py:93} INFO - 26/01/20 04:34:27 INFO Executor: Running task 7.0 in stage 0.0 (TID 7)
[2026-01-20T04:34:27.502+0000] {subprocess.py:93} INFO - 26/01/20 04:34:27 INFO Executor: Running task 9.0 in stage 0.0 (TID 9)
[2026-01-20T04:34:27.503+0000] {subprocess.py:93} INFO - 26/01/20 04:34:27 INFO Executor: Running task 10.0 in stage 0.0 (TID 10)
[2026-01-20T04:34:27.503+0000] {subprocess.py:93} INFO - 26/01/20 04:34:27 INFO Executor: Running task 8.0 in stage 0.0 (TID 8)
[2026-01-20T04:34:27.504+0000] {subprocess.py:93} INFO - 26/01/20 04:34:27 INFO Executor: Running task 11.0 in stage 0.0 (TID 11)
[2026-01-20T04:34:27.505+0000] {subprocess.py:93} INFO - 26/01/20 04:34:27 INFO Executor: Running task 12.0 in stage 0.0 (TID 12)
[2026-01-20T04:34:27.835+0000] {subprocess.py:93} INFO - 26/01/20 04:34:27 INFO FileScanRDD: Reading File path: file:///opt/spark-data/landing/transaction_events_1768879479.1820476.json, range: 33554432-37748736, partition values: [empty row]
[2026-01-20T04:34:27.837+0000] {subprocess.py:93} INFO - 26/01/20 04:34:27 INFO FileScanRDD: Reading File path: file:///opt/spark-data/landing/transaction_events_1768879479.1820476.json, range: 46137344-50331648, partition values: [empty row]
[2026-01-20T04:34:27.837+0000] {subprocess.py:93} INFO - 26/01/20 04:34:27 INFO FileScanRDD: Reading File path: file:///opt/spark-data/landing/transaction_events_1768879479.1820476.json, range: 50331648-51561162, partition values: [empty row]
[2026-01-20T04:34:27.838+0000] {subprocess.py:93} INFO - 26/01/20 04:34:27 INFO FileScanRDD: Reading File path: file:///opt/spark-data/landing/transaction_events_1768879479.1820476.json, range: 0-4194304, partition values: [empty row]
[2026-01-20T04:34:27.839+0000] {subprocess.py:93} INFO - 26/01/20 04:34:27 INFO FileScanRDD: Reading File path: file:///opt/spark-data/landing/transaction_events_1768879479.1820476.json, range: 29360128-33554432, partition values: [empty row]
[2026-01-20T04:34:27.840+0000] {subprocess.py:93} INFO - 26/01/20 04:34:27 INFO FileScanRDD: Reading File path: file:///opt/spark-data/landing/transaction_events_1768879479.1820476.json, range: 25165824-29360128, partition values: [empty row]
[2026-01-20T04:34:27.841+0000] {subprocess.py:93} INFO - 26/01/20 04:34:27 INFO FileScanRDD: Reading File path: file:///opt/spark-data/landing/transaction_events_1768879479.1820476.json, range: 20971520-25165824, partition values: [empty row]
[2026-01-20T04:34:27.843+0000] {subprocess.py:93} INFO - 26/01/20 04:34:27 INFO FileScanRDD: Reading File path: file:///opt/spark-data/landing/transaction_events_1768879479.1820476.json, range: 37748736-41943040, partition values: [empty row]
[2026-01-20T04:34:27.844+0000] {subprocess.py:93} INFO - 26/01/20 04:34:27 INFO FileScanRDD: Reading File path: file:///opt/spark-data/landing/transaction_events_1768879479.1820476.json, range: 16777216-20971520, partition values: [empty row]
[2026-01-20T04:34:27.845+0000] {subprocess.py:93} INFO - 26/01/20 04:34:27 INFO FileScanRDD: Reading File path: file:///opt/spark-data/landing/transaction_events_1768879479.1820476.json, range: 4194304-8388608, partition values: [empty row]
[2026-01-20T04:34:27.846+0000] {subprocess.py:93} INFO - 26/01/20 04:34:27 INFO FileScanRDD: Reading File path: file:///opt/spark-data/landing/transaction_events_1768879479.1820476.json, range: 41943040-46137344, partition values: [empty row]
[2026-01-20T04:34:27.846+0000] {subprocess.py:93} INFO - 26/01/20 04:34:27 INFO FileScanRDD: Reading File path: file:///opt/spark-data/landing/transaction_events_1768879479.1820476.json, range: 12582912-16777216, partition values: [empty row]
[2026-01-20T04:34:27.847+0000] {subprocess.py:93} INFO - 26/01/20 04:34:27 INFO FileScanRDD: Reading File path: file:///opt/spark-data/landing/transaction_events_1768879479.1820476.json, range: 8388608-12582912, partition values: [empty row]
[2026-01-20T04:34:28.132+0000] {subprocess.py:93} INFO - 26/01/20 04:34:28 INFO CodeGenerator: Code generated in 210.453705 ms
[2026-01-20T04:34:28.878+0000] {subprocess.py:93} INFO - 26/01/20 04:34:28 INFO Executor: Finished task 12.0 in stage 0.0 (TID 12). 3067 bytes result sent to driver
[2026-01-20T04:34:28.900+0000] {subprocess.py:93} INFO - 26/01/20 04:34:28 INFO TaskSetManager: Finished task 12.0 in stage 0.0 (TID 12) in 1425 ms on 519d7d29de3d (executor driver) (1/13)
[2026-01-20T04:34:29.036+0000] {subprocess.py:93} INFO - 26/01/20 04:34:29 INFO Executor: Finished task 11.0 in stage 0.0 (TID 11). 3024 bytes result sent to driver
[2026-01-20T04:34:29.037+0000] {subprocess.py:93} INFO - 26/01/20 04:34:29 INFO Executor: Finished task 2.0 in stage 0.0 (TID 2). 3024 bytes result sent to driver
[2026-01-20T04:34:29.038+0000] {subprocess.py:93} INFO - 26/01/20 04:34:29 INFO Executor: Finished task 9.0 in stage 0.0 (TID 9). 3067 bytes result sent to driver
[2026-01-20T04:34:29.039+0000] {subprocess.py:93} INFO - 26/01/20 04:34:29 INFO TaskSetManager: Finished task 11.0 in stage 0.0 (TID 11) in 1565 ms on 519d7d29de3d (executor driver) (2/13)
[2026-01-20T04:34:29.040+0000] {subprocess.py:93} INFO - 26/01/20 04:34:29 INFO Executor: Finished task 8.0 in stage 0.0 (TID 8). 3024 bytes result sent to driver
[2026-01-20T04:34:29.041+0000] {subprocess.py:93} INFO - 26/01/20 04:34:29 INFO TaskSetManager: Finished task 2.0 in stage 0.0 (TID 2) in 1571 ms on 519d7d29de3d (executor driver) (3/13)
[2026-01-20T04:34:29.043+0000] {subprocess.py:93} INFO - 26/01/20 04:34:29 INFO Executor: Finished task 4.0 in stage 0.0 (TID 4). 3024 bytes result sent to driver
[2026-01-20T04:34:29.044+0000] {subprocess.py:93} INFO - 26/01/20 04:34:29 INFO Executor: Finished task 0.0 in stage 0.0 (TID 0). 3024 bytes result sent to driver
[2026-01-20T04:34:29.045+0000] {subprocess.py:93} INFO - 26/01/20 04:34:29 INFO Executor: Finished task 3.0 in stage 0.0 (TID 3). 3067 bytes result sent to driver
[2026-01-20T04:34:29.046+0000] {subprocess.py:93} INFO - 26/01/20 04:34:29 INFO Executor: Finished task 10.0 in stage 0.0 (TID 10). 3024 bytes result sent to driver
[2026-01-20T04:34:29.046+0000] {subprocess.py:93} INFO - 26/01/20 04:34:29 INFO TaskSetManager: Finished task 9.0 in stage 0.0 (TID 9) in 1569 ms on 519d7d29de3d (executor driver) (4/13)
[2026-01-20T04:34:29.047+0000] {subprocess.py:93} INFO - 26/01/20 04:34:29 INFO TaskSetManager: Finished task 0.0 in stage 0.0 (TID 0) in 1594 ms on 519d7d29de3d (executor driver) (5/13)
[2026-01-20T04:34:29.048+0000] {subprocess.py:93} INFO - 26/01/20 04:34:29 INFO Executor: Finished task 1.0 in stage 0.0 (TID 1). 3024 bytes result sent to driver
[2026-01-20T04:34:29.048+0000] {subprocess.py:93} INFO - 26/01/20 04:34:29 INFO Executor: Finished task 6.0 in stage 0.0 (TID 6). 3024 bytes result sent to driver
[2026-01-20T04:34:29.049+0000] {subprocess.py:93} INFO - 26/01/20 04:34:29 INFO Executor: Finished task 7.0 in stage 0.0 (TID 7). 3024 bytes result sent to driver
[2026-01-20T04:34:29.050+0000] {subprocess.py:93} INFO - 26/01/20 04:34:29 INFO TaskSetManager: Finished task 4.0 in stage 0.0 (TID 4) in 1575 ms on 519d7d29de3d (executor driver) (6/13)
[2026-01-20T04:34:29.050+0000] {subprocess.py:93} INFO - 26/01/20 04:34:29 INFO TaskSetManager: Finished task 3.0 in stage 0.0 (TID 3) in 1576 ms on 519d7d29de3d (executor driver) (7/13)
[2026-01-20T04:34:29.052+0000] {subprocess.py:93} INFO - 26/01/20 04:34:29 INFO TaskSetManager: Finished task 10.0 in stage 0.0 (TID 10) in 1572 ms on 519d7d29de3d (executor driver) (8/13)
[2026-01-20T04:34:29.052+0000] {subprocess.py:93} INFO - 26/01/20 04:34:29 INFO TaskSetManager: Finished task 1.0 in stage 0.0 (TID 1) in 1578 ms on 519d7d29de3d (executor driver) (9/13)
[2026-01-20T04:34:29.054+0000] {subprocess.py:93} INFO - 26/01/20 04:34:29 INFO TaskSetManager: Finished task 8.0 in stage 0.0 (TID 8) in 1574 ms on 519d7d29de3d (executor driver) (10/13)
[2026-01-20T04:34:29.055+0000] {subprocess.py:93} INFO - 26/01/20 04:34:29 INFO TaskSetManager: Finished task 6.0 in stage 0.0 (TID 6) in 1580 ms on 519d7d29de3d (executor driver) (11/13)
[2026-01-20T04:34:29.056+0000] {subprocess.py:93} INFO - 26/01/20 04:34:29 INFO Executor: Finished task 5.0 in stage 0.0 (TID 5). 3067 bytes result sent to driver
[2026-01-20T04:34:29.057+0000] {subprocess.py:93} INFO - 26/01/20 04:34:29 INFO TaskSetManager: Finished task 7.0 in stage 0.0 (TID 7) in 1580 ms on 519d7d29de3d (executor driver) (12/13)
[2026-01-20T04:34:29.057+0000] {subprocess.py:93} INFO - 26/01/20 04:34:29 INFO TaskSetManager: Finished task 5.0 in stage 0.0 (TID 5) in 1584 ms on 519d7d29de3d (executor driver) (13/13)
[2026-01-20T04:34:29.058+0000] {subprocess.py:93} INFO - 26/01/20 04:34:29 INFO TaskSchedulerImpl: Removed TaskSet 0.0, whose tasks have all completed, from pool
[2026-01-20T04:34:29.059+0000] {subprocess.py:93} INFO - 26/01/20 04:34:29 INFO DAGScheduler: ResultStage 0 (json at NativeMethodAccessorImpl.java:0) finished in 1.736 s
[2026-01-20T04:34:29.063+0000] {subprocess.py:93} INFO - 26/01/20 04:34:29 INFO DAGScheduler: Job 0 is finished. Cancelling potential speculative or zombie tasks for this job
[2026-01-20T04:34:29.064+0000] {subprocess.py:93} INFO - 26/01/20 04:34:29 INFO TaskSchedulerImpl: Killing all running tasks in stage 0: Stage finished
[2026-01-20T04:34:29.067+0000] {subprocess.py:93} INFO - 26/01/20 04:34:29 INFO DAGScheduler: Job 0 finished: json at NativeMethodAccessorImpl.java:0, took 1.794253 s
[2026-01-20T04:34:29.192+0000] {subprocess.py:93} INFO - 26/01/20 04:34:29 INFO InMemoryFileIndex: It took 7 ms to list leaf files for 1 paths.
[2026-01-20T04:34:29.211+0000] {subprocess.py:93} INFO - 26/01/20 04:34:29 INFO InMemoryFileIndex: It took 7 ms to list leaf files for 1 paths.
[2026-01-20T04:34:29.256+0000] {subprocess.py:93} INFO - 26/01/20 04:34:29 INFO FileSourceStrategy: Pushed Filters:
[2026-01-20T04:34:29.257+0000] {subprocess.py:93} INFO - 26/01/20 04:34:29 INFO FileSourceStrategy: Post-Scan Filters:
[2026-01-20T04:34:29.264+0000] {subprocess.py:93} INFO - 26/01/20 04:34:29 INFO MemoryStore: Block broadcast_2 stored as values in memory (estimated size 199.2 KiB, free 434.0 MiB)
[2026-01-20T04:34:29.277+0000] {subprocess.py:93} INFO - 26/01/20 04:34:29 INFO MemoryStore: Block broadcast_2_piece0 stored as bytes in memory (estimated size 34.2 KiB, free 433.9 MiB)
[2026-01-20T04:34:29.279+0000] {subprocess.py:93} INFO - 26/01/20 04:34:29 INFO BlockManagerInfo: Added broadcast_2_piece0 in memory on 519d7d29de3d:46223 (size: 34.2 KiB, free: 434.3 MiB)
[2026-01-20T04:34:29.280+0000] {subprocess.py:93} INFO - 26/01/20 04:34:29 INFO SparkContext: Created broadcast 2 from json at NativeMethodAccessorImpl.java:0
[2026-01-20T04:34:29.281+0000] {subprocess.py:93} INFO - 26/01/20 04:34:29 INFO FileSourceScanExec: Planning scan with bin packing, max size: 4194304 bytes, open cost is considered as scanning 4194304 bytes.
[2026-01-20T04:34:29.293+0000] {subprocess.py:93} INFO - 26/01/20 04:34:29 INFO SparkContext: Starting job: json at NativeMethodAccessorImpl.java:0
[2026-01-20T04:34:29.296+0000] {subprocess.py:93} INFO - 26/01/20 04:34:29 INFO DAGScheduler: Got job 1 (json at NativeMethodAccessorImpl.java:0) with 8 output partitions
[2026-01-20T04:34:29.297+0000] {subprocess.py:93} INFO - 26/01/20 04:34:29 INFO DAGScheduler: Final stage: ResultStage 1 (json at NativeMethodAccessorImpl.java:0)
[2026-01-20T04:34:29.298+0000] {subprocess.py:93} INFO - 26/01/20 04:34:29 INFO DAGScheduler: Parents of final stage: List()
[2026-01-20T04:34:29.298+0000] {subprocess.py:93} INFO - 26/01/20 04:34:29 INFO DAGScheduler: Missing parents: List()
[2026-01-20T04:34:29.299+0000] {subprocess.py:93} INFO - 26/01/20 04:34:29 INFO DAGScheduler: Submitting ResultStage 1 (MapPartitionsRDD[7] at json at NativeMethodAccessorImpl.java:0), which has no missing parents
[2026-01-20T04:34:29.301+0000] {subprocess.py:93} INFO - 26/01/20 04:34:29 INFO MemoryStore: Block broadcast_3 stored as values in memory (estimated size 16.0 KiB, free 433.9 MiB)
[2026-01-20T04:34:29.302+0000] {subprocess.py:93} INFO - 26/01/20 04:34:29 INFO MemoryStore: Block broadcast_3_piece0 stored as bytes in memory (estimated size 7.5 KiB, free 433.9 MiB)
[2026-01-20T04:34:29.303+0000] {subprocess.py:93} INFO - 26/01/20 04:34:29 INFO BlockManagerInfo: Added broadcast_3_piece0 in memory on 519d7d29de3d:46223 (size: 7.5 KiB, free: 434.3 MiB)
[2026-01-20T04:34:29.304+0000] {subprocess.py:93} INFO - 26/01/20 04:34:29 INFO SparkContext: Created broadcast 3 from broadcast at DAGScheduler.scala:1580
[2026-01-20T04:34:29.305+0000] {subprocess.py:93} INFO - 26/01/20 04:34:29 INFO DAGScheduler: Submitting 8 missing tasks from ResultStage 1 (MapPartitionsRDD[7] at json at NativeMethodAccessorImpl.java:0) (first 15 tasks are for partitions Vector(0, 1, 2, 3, 4, 5, 6, 7))
[2026-01-20T04:34:29.306+0000] {subprocess.py:93} INFO - 26/01/20 04:34:29 INFO TaskSchedulerImpl: Adding task set 1.0 with 8 tasks resource profile 0
[2026-01-20T04:34:29.307+0000] {subprocess.py:93} INFO - 26/01/20 04:34:29 INFO TaskSetManager: Starting task 0.0 in stage 1.0 (TID 13) (519d7d29de3d, executor driver, partition 0, PROCESS_LOCAL, 8244 bytes)
[2026-01-20T04:34:29.308+0000] {subprocess.py:93} INFO - 26/01/20 04:34:29 INFO TaskSetManager: Starting task 1.0 in stage 1.0 (TID 14) (519d7d29de3d, executor driver, partition 1, PROCESS_LOCAL, 8244 bytes)
[2026-01-20T04:34:29.309+0000] {subprocess.py:93} INFO - 26/01/20 04:34:29 INFO TaskSetManager: Starting task 2.0 in stage 1.0 (TID 15) (519d7d29de3d, executor driver, partition 2, PROCESS_LOCAL, 8244 bytes)
[2026-01-20T04:34:29.310+0000] {subprocess.py:93} INFO - 26/01/20 04:34:29 INFO TaskSetManager: Starting task 3.0 in stage 1.0 (TID 16) (519d7d29de3d, executor driver, partition 3, PROCESS_LOCAL, 8244 bytes)
[2026-01-20T04:34:29.311+0000] {subprocess.py:93} INFO - 26/01/20 04:34:29 INFO TaskSetManager: Starting task 4.0 in stage 1.0 (TID 17) (519d7d29de3d, executor driver, partition 4, PROCESS_LOCAL, 8244 bytes)
[2026-01-20T04:34:29.311+0000] {subprocess.py:93} INFO - 26/01/20 04:34:29 INFO TaskSetManager: Starting task 5.0 in stage 1.0 (TID 18) (519d7d29de3d, executor driver, partition 5, PROCESS_LOCAL, 8244 bytes)
[2026-01-20T04:34:29.312+0000] {subprocess.py:93} INFO - 26/01/20 04:34:29 INFO TaskSetManager: Starting task 6.0 in stage 1.0 (TID 19) (519d7d29de3d, executor driver, partition 6, PROCESS_LOCAL, 8244 bytes)
[2026-01-20T04:34:29.313+0000] {subprocess.py:93} INFO - 26/01/20 04:34:29 INFO TaskSetManager: Starting task 7.0 in stage 1.0 (TID 20) (519d7d29de3d, executor driver, partition 7, PROCESS_LOCAL, 8244 bytes)
[2026-01-20T04:34:29.314+0000] {subprocess.py:93} INFO - 26/01/20 04:34:29 INFO Executor: Running task 0.0 in stage 1.0 (TID 13)
[2026-01-20T04:34:29.314+0000] {subprocess.py:93} INFO - 26/01/20 04:34:29 INFO Executor: Running task 4.0 in stage 1.0 (TID 17)
[2026-01-20T04:34:29.315+0000] {subprocess.py:93} INFO - 26/01/20 04:34:29 INFO Executor: Running task 5.0 in stage 1.0 (TID 18)
[2026-01-20T04:34:29.319+0000] {subprocess.py:93} INFO - 26/01/20 04:34:29 INFO Executor: Running task 3.0 in stage 1.0 (TID 16)
[2026-01-20T04:34:29.320+0000] {subprocess.py:93} INFO - 26/01/20 04:34:29 INFO Executor: Running task 6.0 in stage 1.0 (TID 19)
[2026-01-20T04:34:29.321+0000] {subprocess.py:93} INFO - 26/01/20 04:34:29 INFO Executor: Running task 2.0 in stage 1.0 (TID 15)
[2026-01-20T04:34:29.321+0000] {subprocess.py:93} INFO - 26/01/20 04:34:29 INFO Executor: Running task 1.0 in stage 1.0 (TID 14)
[2026-01-20T04:34:29.322+0000] {subprocess.py:93} INFO - 26/01/20 04:34:29 INFO Executor: Running task 7.0 in stage 1.0 (TID 20)
[2026-01-20T04:34:29.323+0000] {subprocess.py:93} INFO - 26/01/20 04:34:29 INFO FileScanRDD: Reading File path: file:///opt/spark-data/landing/user_events_1768879431.2231393.json, range: 25165824-29360128, partition values: [empty row]
[2026-01-20T04:34:29.325+0000] {subprocess.py:93} INFO - 26/01/20 04:34:29 INFO FileScanRDD: Reading File path: file:///opt/spark-data/landing/user_events_1768879431.2231393.json, range: 16777216-20971520, partition values: [empty row]
[2026-01-20T04:34:29.325+0000] {subprocess.py:93} INFO - 26/01/20 04:34:29 INFO FileScanRDD: Reading File path: file:///opt/spark-data/landing/user_events_1768879431.2231393.json, range: 8388608-12582912, partition values: [empty row]
[2026-01-20T04:34:29.327+0000] {subprocess.py:93} INFO - 26/01/20 04:34:29 INFO FileScanRDD: Reading File path: file:///opt/spark-data/landing/user_events_1768879431.2231393.json, range: 12582912-16777216, partition values: [empty row]
[2026-01-20T04:34:29.328+0000] {subprocess.py:93} INFO - 26/01/20 04:34:29 INFO FileScanRDD: Reading File path: file:///opt/spark-data/landing/user_events_1768879431.2231393.json, range: 0-4194304, partition values: [empty row]
[2026-01-20T04:34:29.330+0000] {subprocess.py:93} INFO - 26/01/20 04:34:29 INFO FileScanRDD: Reading File path: file:///opt/spark-data/landing/user_events_1768879431.2231393.json, range: 29360128-33532706, partition values: [empty row]
[2026-01-20T04:34:29.331+0000] {subprocess.py:93} INFO - 26/01/20 04:34:29 INFO FileScanRDD: Reading File path: file:///opt/spark-data/landing/user_events_1768879431.2231393.json, range: 20971520-25165824, partition values: [empty row]
[2026-01-20T04:34:29.332+0000] {subprocess.py:93} INFO - 26/01/20 04:34:29 INFO FileScanRDD: Reading File path: file:///opt/spark-data/landing/user_events_1768879431.2231393.json, range: 4194304-8388608, partition values: [empty row]
[2026-01-20T04:34:29.915+0000] {subprocess.py:93} INFO - 26/01/20 04:34:29 INFO Executor: Finished task 4.0 in stage 1.0 (TID 17). 2401 bytes result sent to driver
[2026-01-20T04:34:29.917+0000] {subprocess.py:93} INFO - 26/01/20 04:34:29 INFO Executor: Finished task 3.0 in stage 1.0 (TID 16). 2401 bytes result sent to driver
[2026-01-20T04:34:29.918+0000] {subprocess.py:93} INFO - 26/01/20 04:34:29 INFO Executor: Finished task 6.0 in stage 1.0 (TID 19). 2401 bytes result sent to driver
[2026-01-20T04:34:29.919+0000] {subprocess.py:93} INFO - 26/01/20 04:34:29 INFO TaskSetManager: Finished task 4.0 in stage 1.0 (TID 17) in 608 ms on 519d7d29de3d (executor driver) (1/8)
[2026-01-20T04:34:29.920+0000] {subprocess.py:93} INFO - 26/01/20 04:34:29 INFO Executor: Finished task 5.0 in stage 1.0 (TID 18). 2401 bytes result sent to driver
[2026-01-20T04:34:29.920+0000] {subprocess.py:93} INFO - 26/01/20 04:34:29 INFO Executor: Finished task 7.0 in stage 1.0 (TID 20). 2444 bytes result sent to driver
[2026-01-20T04:34:29.921+0000] {subprocess.py:93} INFO - 26/01/20 04:34:29 INFO TaskSetManager: Finished task 3.0 in stage 1.0 (TID 16) in 610 ms on 519d7d29de3d (executor driver) (2/8)
[2026-01-20T04:34:29.922+0000] {subprocess.py:93} INFO - 26/01/20 04:34:29 INFO Executor: Finished task 2.0 in stage 1.0 (TID 15). 2401 bytes result sent to driver
[2026-01-20T04:34:29.923+0000] {subprocess.py:93} INFO - 26/01/20 04:34:29 INFO TaskSetManager: Finished task 6.0 in stage 1.0 (TID 19) in 611 ms on 519d7d29de3d (executor driver) (3/8)
[2026-01-20T04:34:29.924+0000] {subprocess.py:93} INFO - 26/01/20 04:34:29 INFO Executor: Finished task 1.0 in stage 1.0 (TID 14). 2401 bytes result sent to driver
[2026-01-20T04:34:29.925+0000] {subprocess.py:93} INFO - 26/01/20 04:34:29 INFO TaskSetManager: Finished task 5.0 in stage 1.0 (TID 18) in 613 ms on 519d7d29de3d (executor driver) (4/8)
[2026-01-20T04:34:29.926+0000] {subprocess.py:93} INFO - 26/01/20 04:34:29 INFO TaskSetManager: Finished task 7.0 in stage 1.0 (TID 20) in 611 ms on 519d7d29de3d (executor driver) (5/8)
[2026-01-20T04:34:29.926+0000] {subprocess.py:93} INFO - 26/01/20 04:34:29 INFO TaskSetManager: Finished task 2.0 in stage 1.0 (TID 15) in 616 ms on 519d7d29de3d (executor driver) (6/8)
[2026-01-20T04:34:29.927+0000] {subprocess.py:93} INFO - 26/01/20 04:34:29 INFO TaskSetManager: Finished task 1.0 in stage 1.0 (TID 14) in 618 ms on 519d7d29de3d (executor driver) (7/8)
[2026-01-20T04:34:29.928+0000] {subprocess.py:93} INFO - 26/01/20 04:34:29 INFO Executor: Finished task 0.0 in stage 1.0 (TID 13). 2401 bytes result sent to driver
[2026-01-20T04:34:29.928+0000] {subprocess.py:93} INFO - 26/01/20 04:34:29 INFO TaskSetManager: Finished task 0.0 in stage 1.0 (TID 13) in 622 ms on 519d7d29de3d (executor driver) (8/8)
[2026-01-20T04:34:29.929+0000] {subprocess.py:93} INFO - 26/01/20 04:34:29 INFO TaskSchedulerImpl: Removed TaskSet 1.0, whose tasks have all completed, from pool
[2026-01-20T04:34:29.930+0000] {subprocess.py:93} INFO - 26/01/20 04:34:29 INFO DAGScheduler: ResultStage 1 (json at NativeMethodAccessorImpl.java:0) finished in 0.632 s
[2026-01-20T04:34:29.931+0000] {subprocess.py:93} INFO - 26/01/20 04:34:29 INFO DAGScheduler: Job 1 is finished. Cancelling potential speculative or zombie tasks for this job
[2026-01-20T04:34:29.932+0000] {subprocess.py:93} INFO - 26/01/20 04:34:29 INFO TaskSchedulerImpl: Killing all running tasks in stage 1: Stage finished
[2026-01-20T04:34:29.933+0000] {subprocess.py:93} INFO - 26/01/20 04:34:29 INFO DAGScheduler: Job 1 finished: json at NativeMethodAccessorImpl.java:0, took 0.638033 s
[2026-01-20T04:34:30.925+0000] {subprocess.py:93} INFO - 26/01/20 04:34:30 INFO FileSourceStrategy: Pushed Filters: IsNotNull(user_id),IsNotNull(line_items)
[2026-01-20T04:34:30.926+0000] {subprocess.py:93} INFO - 26/01/20 04:34:30 INFO FileSourceStrategy: Post-Scan Filters: isnotnull(user_id#21),(size(line_items#10, true) > 0),isnotnull(line_items#10)
[2026-01-20T04:34:30.930+0000] {subprocess.py:93} INFO - 26/01/20 04:34:30 INFO FileSourceStrategy: Pushed Filters: IsNotNull(user_id),IsNotNull(product_id)
[2026-01-20T04:34:30.930+0000] {subprocess.py:93} INFO - 26/01/20 04:34:30 INFO FileSourceStrategy: Post-Scan Filters: isnotnull(user_id#58),isnotnull(product_id#53)
[2026-01-20T04:34:31.073+0000] {subprocess.py:93} INFO - 26/01/20 04:34:31 INFO CodeGenerator: Code generated in 32.117136 ms
[2026-01-20T04:34:31.077+0000] {subprocess.py:93} INFO - 26/01/20 04:34:31 INFO MemoryStore: Block broadcast_4 stored as values in memory (estimated size 199.1 KiB, free 433.7 MiB)
[2026-01-20T04:34:31.089+0000] {subprocess.py:93} INFO - 26/01/20 04:34:31 INFO MemoryStore: Block broadcast_4_piece0 stored as bytes in memory (estimated size 34.2 KiB, free 433.7 MiB)
[2026-01-20T04:34:31.090+0000] {subprocess.py:93} INFO - 26/01/20 04:34:31 INFO BlockManagerInfo: Added broadcast_4_piece0 in memory on 519d7d29de3d:46223 (size: 34.2 KiB, free: 434.3 MiB)
[2026-01-20T04:34:31.091+0000] {subprocess.py:93} INFO - 26/01/20 04:34:31 INFO SparkContext: Created broadcast 4 from $anonfun$withThreadLocalCaptured$1 at FutureTask.java:264
[2026-01-20T04:34:31.094+0000] {subprocess.py:93} INFO - 26/01/20 04:34:31 INFO FileSourceScanExec: Planning scan with bin packing, max size: 4194304 bytes, open cost is considered as scanning 4194304 bytes.
[2026-01-20T04:34:31.130+0000] {subprocess.py:93} INFO - 26/01/20 04:34:31 INFO SparkContext: Starting job: $anonfun$withThreadLocalCaptured$1 at FutureTask.java:264
[2026-01-20T04:34:31.132+0000] {subprocess.py:93} INFO - 26/01/20 04:34:31 INFO DAGScheduler: Got job 2 ($anonfun$withThreadLocalCaptured$1 at FutureTask.java:264) with 8 output partitions
[2026-01-20T04:34:31.133+0000] {subprocess.py:93} INFO - 26/01/20 04:34:31 INFO DAGScheduler: Final stage: ResultStage 2 ($anonfun$withThreadLocalCaptured$1 at FutureTask.java:264)
[2026-01-20T04:34:31.134+0000] {subprocess.py:93} INFO - 26/01/20 04:34:31 INFO DAGScheduler: Parents of final stage: List()
[2026-01-20T04:34:31.134+0000] {subprocess.py:93} INFO - 26/01/20 04:34:31 INFO DAGScheduler: Missing parents: List()
[2026-01-20T04:34:31.135+0000] {subprocess.py:93} INFO - 26/01/20 04:34:31 INFO DAGScheduler: Submitting ResultStage 2 (MapPartitionsRDD[11] at $anonfun$withThreadLocalCaptured$1 at FutureTask.java:264), which has no missing parents
[2026-01-20T04:34:31.141+0000] {subprocess.py:93} INFO - 26/01/20 04:34:31 INFO MemoryStore: Block broadcast_5 stored as values in memory (estimated size 15.6 KiB, free 433.7 MiB)
[2026-01-20T04:34:31.143+0000] {subprocess.py:93} INFO - 26/01/20 04:34:31 INFO MemoryStore: Block broadcast_5_piece0 stored as bytes in memory (estimated size 7.4 KiB, free 433.6 MiB)
[2026-01-20T04:34:31.145+0000] {subprocess.py:93} INFO - 26/01/20 04:34:31 INFO BlockManagerInfo: Added broadcast_5_piece0 in memory on 519d7d29de3d:46223 (size: 7.4 KiB, free: 434.3 MiB)
[2026-01-20T04:34:31.147+0000] {subprocess.py:93} INFO - 26/01/20 04:34:31 INFO SparkContext: Created broadcast 5 from broadcast at DAGScheduler.scala:1580
[2026-01-20T04:34:31.148+0000] {subprocess.py:93} INFO - 26/01/20 04:34:31 INFO DAGScheduler: Submitting 8 missing tasks from ResultStage 2 (MapPartitionsRDD[11] at $anonfun$withThreadLocalCaptured$1 at FutureTask.java:264) (first 15 tasks are for partitions Vector(0, 1, 2, 3, 4, 5, 6, 7))
[2026-01-20T04:34:31.149+0000] {subprocess.py:93} INFO - 26/01/20 04:34:31 INFO TaskSchedulerImpl: Adding task set 2.0 with 8 tasks resource profile 0
[2026-01-20T04:34:31.150+0000] {subprocess.py:93} INFO - 26/01/20 04:34:31 INFO TaskSetManager: Starting task 0.0 in stage 2.0 (TID 21) (519d7d29de3d, executor driver, partition 0, PROCESS_LOCAL, 8244 bytes)
[2026-01-20T04:34:31.151+0000] {subprocess.py:93} INFO - 26/01/20 04:34:31 INFO TaskSetManager: Starting task 1.0 in stage 2.0 (TID 22) (519d7d29de3d, executor driver, partition 1, PROCESS_LOCAL, 8244 bytes)
[2026-01-20T04:34:31.152+0000] {subprocess.py:93} INFO - 26/01/20 04:34:31 INFO TaskSetManager: Starting task 2.0 in stage 2.0 (TID 23) (519d7d29de3d, executor driver, partition 2, PROCESS_LOCAL, 8244 bytes)
[2026-01-20T04:34:31.153+0000] {subprocess.py:93} INFO - 26/01/20 04:34:31 INFO TaskSetManager: Starting task 3.0 in stage 2.0 (TID 24) (519d7d29de3d, executor driver, partition 3, PROCESS_LOCAL, 8244 bytes)
[2026-01-20T04:34:31.154+0000] {subprocess.py:93} INFO - 26/01/20 04:34:31 INFO TaskSetManager: Starting task 4.0 in stage 2.0 (TID 25) (519d7d29de3d, executor driver, partition 4, PROCESS_LOCAL, 8244 bytes)
[2026-01-20T04:34:31.155+0000] {subprocess.py:93} INFO - 26/01/20 04:34:31 INFO TaskSetManager: Starting task 5.0 in stage 2.0 (TID 26) (519d7d29de3d, executor driver, partition 5, PROCESS_LOCAL, 8244 bytes)
[2026-01-20T04:34:31.156+0000] {subprocess.py:93} INFO - 26/01/20 04:34:31 INFO TaskSetManager: Starting task 6.0 in stage 2.0 (TID 27) (519d7d29de3d, executor driver, partition 6, PROCESS_LOCAL, 8244 bytes)
[2026-01-20T04:34:31.157+0000] {subprocess.py:93} INFO - 26/01/20 04:34:31 INFO TaskSetManager: Starting task 7.0 in stage 2.0 (TID 28) (519d7d29de3d, executor driver, partition 7, PROCESS_LOCAL, 8244 bytes)
[2026-01-20T04:34:31.159+0000] {subprocess.py:93} INFO - 26/01/20 04:34:31 INFO Executor: Running task 0.0 in stage 2.0 (TID 21)
[2026-01-20T04:34:31.160+0000] {subprocess.py:93} INFO - 26/01/20 04:34:31 INFO Executor: Running task 3.0 in stage 2.0 (TID 24)
[2026-01-20T04:34:31.160+0000] {subprocess.py:93} INFO - 26/01/20 04:34:31 INFO Executor: Running task 2.0 in stage 2.0 (TID 23)
[2026-01-20T04:34:31.162+0000] {subprocess.py:93} INFO - 26/01/20 04:34:31 INFO Executor: Running task 5.0 in stage 2.0 (TID 26)
[2026-01-20T04:34:31.163+0000] {subprocess.py:93} INFO - 26/01/20 04:34:31 INFO Executor: Running task 1.0 in stage 2.0 (TID 22)
[2026-01-20T04:34:31.164+0000] {subprocess.py:93} INFO - 26/01/20 04:34:31 INFO Executor: Running task 4.0 in stage 2.0 (TID 25)
[2026-01-20T04:34:31.165+0000] {subprocess.py:93} INFO - 26/01/20 04:34:31 INFO Executor: Running task 7.0 in stage 2.0 (TID 28)
[2026-01-20T04:34:31.165+0000] {subprocess.py:93} INFO - 26/01/20 04:34:31 INFO Executor: Running task 6.0 in stage 2.0 (TID 27)
[2026-01-20T04:34:31.213+0000] {subprocess.py:93} INFO - 26/01/20 04:34:31 INFO CodeGenerator: Code generated in 30.562069 ms
[2026-01-20T04:34:31.218+0000] {subprocess.py:93} INFO - 26/01/20 04:34:31 INFO FileScanRDD: Reading File path: file:///opt/spark-data/landing/user_events_1768879431.2231393.json, range: 12582912-16777216, partition values: [empty row]
[2026-01-20T04:34:31.219+0000] {subprocess.py:93} INFO - 26/01/20 04:34:31 INFO FileScanRDD: Reading File path: file:///opt/spark-data/landing/user_events_1768879431.2231393.json, range: 16777216-20971520, partition values: [empty row]
[2026-01-20T04:34:31.220+0000] {subprocess.py:93} INFO - 26/01/20 04:34:31 INFO FileScanRDD: Reading File path: file:///opt/spark-data/landing/user_events_1768879431.2231393.json, range: 20971520-25165824, partition values: [empty row]
[2026-01-20T04:34:31.221+0000] {subprocess.py:93} INFO - 26/01/20 04:34:31 INFO FileScanRDD: Reading File path: file:///opt/spark-data/landing/user_events_1768879431.2231393.json, range: 29360128-33532706, partition values: [empty row]
[2026-01-20T04:34:31.222+0000] {subprocess.py:93} INFO - 26/01/20 04:34:31 INFO FileScanRDD: Reading File path: file:///opt/spark-data/landing/user_events_1768879431.2231393.json, range: 0-4194304, partition values: [empty row]
[2026-01-20T04:34:31.223+0000] {subprocess.py:93} INFO - 26/01/20 04:34:31 INFO FileScanRDD: Reading File path: file:///opt/spark-data/landing/user_events_1768879431.2231393.json, range: 25165824-29360128, partition values: [empty row]
[2026-01-20T04:34:31.224+0000] {subprocess.py:93} INFO - 26/01/20 04:34:31 INFO FileScanRDD: Reading File path: file:///opt/spark-data/landing/user_events_1768879431.2231393.json, range: 8388608-12582912, partition values: [empty row]
[2026-01-20T04:34:31.225+0000] {subprocess.py:93} INFO - 26/01/20 04:34:31 INFO FileScanRDD: Reading File path: file:///opt/spark-data/landing/user_events_1768879431.2231393.json, range: 4194304-8388608, partition values: [empty row]
[2026-01-20T04:34:31.250+0000] {subprocess.py:93} INFO - 26/01/20 04:34:31 INFO CodeGenerator: Code generated in 26.240974 ms
[2026-01-20T04:34:31.296+0000] {subprocess.py:93} INFO - 26/01/20 04:34:31 INFO CodeGenerator: Code generated in 8.96315 ms
[2026-01-20T04:34:31.307+0000] {subprocess.py:93} INFO - 26/01/20 04:34:31 INFO CodeGenerator: Code generated in 7.328256 ms
[2026-01-20T04:34:31.596+0000] {subprocess.py:93} INFO - 26/01/20 04:34:31 INFO BlockManagerInfo: Removed broadcast_3_piece0 on 519d7d29de3d:46223 in memory (size: 7.5 KiB, free: 434.3 MiB)
[2026-01-20T04:34:31.611+0000] {subprocess.py:93} INFO - 26/01/20 04:34:31 INFO BlockManagerInfo: Removed broadcast_2_piece0 on 519d7d29de3d:46223 in memory (size: 34.2 KiB, free: 434.3 MiB)
[2026-01-20T04:34:31.988+0000] {subprocess.py:93} INFO - 26/01/20 04:34:31 INFO Executor: Finished task 5.0 in stage 2.0 (TID 26). 133806 bytes result sent to driver
[2026-01-20T04:34:31.989+0000] {subprocess.py:93} INFO - 26/01/20 04:34:31 INFO Executor: Finished task 0.0 in stage 2.0 (TID 21). 131320 bytes result sent to driver
[2026-01-20T04:34:31.990+0000] {subprocess.py:93} INFO - 26/01/20 04:34:31 INFO Executor: Finished task 1.0 in stage 2.0 (TID 22). 134096 bytes result sent to driver
[2026-01-20T04:34:31.991+0000] {subprocess.py:93} INFO - 26/01/20 04:34:31 INFO Executor: Finished task 7.0 in stage 2.0 (TID 28). 130576 bytes result sent to driver
[2026-01-20T04:34:31.992+0000] {subprocess.py:93} INFO - 26/01/20 04:34:31 INFO Executor: Finished task 3.0 in stage 2.0 (TID 24). 132558 bytes result sent to driver
[2026-01-20T04:34:31.993+0000] {subprocess.py:93} INFO - 26/01/20 04:34:31 INFO TaskSetManager: Finished task 0.0 in stage 2.0 (TID 21) in 841 ms on 519d7d29de3d (executor driver) (1/8)
[2026-01-20T04:34:31.994+0000] {subprocess.py:93} INFO - 26/01/20 04:34:31 INFO TaskSetManager: Finished task 5.0 in stage 2.0 (TID 26) in 838 ms on 519d7d29de3d (executor driver) (2/8)
[2026-01-20T04:34:31.994+0000] {subprocess.py:93} INFO - 26/01/20 04:34:31 INFO Executor: Finished task 6.0 in stage 2.0 (TID 27). 130034 bytes result sent to driver
[2026-01-20T04:34:31.995+0000] {subprocess.py:93} INFO - 26/01/20 04:34:31 INFO TaskSetManager: Finished task 7.0 in stage 2.0 (TID 28) in 837 ms on 519d7d29de3d (executor driver) (3/8)
[2026-01-20T04:34:31.996+0000] {subprocess.py:93} INFO - 26/01/20 04:34:31 INFO Executor: Finished task 4.0 in stage 2.0 (TID 25). 135408 bytes result sent to driver
[2026-01-20T04:34:31.997+0000] {subprocess.py:93} INFO - 26/01/20 04:34:31 INFO TaskSetManager: Finished task 3.0 in stage 2.0 (TID 24) in 842 ms on 519d7d29de3d (executor driver) (4/8)
[2026-01-20T04:34:31.998+0000] {subprocess.py:93} INFO - 26/01/20 04:34:31 INFO TaskSetManager: Finished task 1.0 in stage 2.0 (TID 22) in 844 ms on 519d7d29de3d (executor driver) (5/8)
[2026-01-20T04:34:31.998+0000] {subprocess.py:93} INFO - 26/01/20 04:34:31 INFO TaskSetManager: Finished task 6.0 in stage 2.0 (TID 27) in 840 ms on 519d7d29de3d (executor driver) (6/8)
[2026-01-20T04:34:31.999+0000] {subprocess.py:93} INFO - 26/01/20 04:34:31 INFO TaskSetManager: Finished task 4.0 in stage 2.0 (TID 25) in 842 ms on 519d7d29de3d (executor driver) (7/8)
[2026-01-20T04:34:32.000+0000] {subprocess.py:93} INFO - 26/01/20 04:34:31 INFO Executor: Finished task 2.0 in stage 2.0 (TID 23). 132137 bytes result sent to driver
[2026-01-20T04:34:32.001+0000] {subprocess.py:93} INFO - 26/01/20 04:34:32 INFO TaskSetManager: Finished task 2.0 in stage 2.0 (TID 23) in 850 ms on 519d7d29de3d (executor driver) (8/8)
[2026-01-20T04:34:32.002+0000] {subprocess.py:93} INFO - 26/01/20 04:34:32 INFO TaskSchedulerImpl: Removed TaskSet 2.0, whose tasks have all completed, from pool
[2026-01-20T04:34:32.003+0000] {subprocess.py:93} INFO - 26/01/20 04:34:32 INFO DAGScheduler: ResultStage 2 ($anonfun$withThreadLocalCaptured$1 at FutureTask.java:264) finished in 0.867 s
[2026-01-20T04:34:32.004+0000] {subprocess.py:93} INFO - 26/01/20 04:34:32 INFO DAGScheduler: Job 2 is finished. Cancelling potential speculative or zombie tasks for this job
[2026-01-20T04:34:32.004+0000] {subprocess.py:93} INFO - 26/01/20 04:34:32 INFO TaskSchedulerImpl: Killing all running tasks in stage 2: Stage finished
[2026-01-20T04:34:32.005+0000] {subprocess.py:93} INFO - 26/01/20 04:34:32 INFO DAGScheduler: Job 2 finished: $anonfun$withThreadLocalCaptured$1 at FutureTask.java:264, took 0.873817 s
[2026-01-20T04:34:32.039+0000] {subprocess.py:93} INFO - 26/01/20 04:34:32 INFO CodeGenerator: Code generated in 14.802029 ms
[2026-01-20T04:34:32.105+0000] {subprocess.py:93} INFO - 26/01/20 04:34:32 INFO MemoryStore: Block broadcast_6 stored as values in memory (estimated size 9.0 MiB, free 424.9 MiB)
[2026-01-20T04:34:32.145+0000] {subprocess.py:93} INFO - 26/01/20 04:34:32 INFO MemoryStore: Block broadcast_6_piece0 stored as bytes in memory (estimated size 1578.1 KiB, free 423.4 MiB)
[2026-01-20T04:34:32.146+0000] {subprocess.py:93} INFO - 26/01/20 04:34:32 INFO BlockManagerInfo: Added broadcast_6_piece0 in memory on 519d7d29de3d:46223 (size: 1578.1 KiB, free: 432.8 MiB)
[2026-01-20T04:34:32.147+0000] {subprocess.py:93} INFO - 26/01/20 04:34:32 INFO SparkContext: Created broadcast 6 from $anonfun$withThreadLocalCaptured$1 at FutureTask.java:264
[2026-01-20T04:34:32.166+0000] {subprocess.py:93} INFO - 26/01/20 04:34:32 INFO FileSourceStrategy: Pushed Filters: IsNotNull(user_id),IsNotNull(line_items)
[2026-01-20T04:34:32.166+0000] {subprocess.py:93} INFO - 26/01/20 04:34:32 INFO FileSourceStrategy: Post-Scan Filters: isnotnull(user_id#21),(size(line_items#10, true) > 0),isnotnull(line_items#10)
[2026-01-20T04:34:32.431+0000] {subprocess.py:93} INFO - 26/01/20 04:34:32 INFO FileOutputCommitter: File Output Committer Algorithm version is 1
[2026-01-20T04:34:32.432+0000] {subprocess.py:93} INFO - 26/01/20 04:34:32 INFO FileOutputCommitter: FileOutputCommitter skip cleanup _temporary folders under output directory:false, ignore cleanup failures: false
[2026-01-20T04:34:32.433+0000] {subprocess.py:93} INFO - 26/01/20 04:34:32 INFO SQLHadoopMapReduceCommitProtocol: Using output committer class org.apache.hadoop.mapreduce.lib.output.FileOutputCommitter
[2026-01-20T04:34:32.609+0000] {subprocess.py:93} INFO - 26/01/20 04:34:32 INFO CodeGenerator: Code generated in 74.294518 ms
[2026-01-20T04:34:32.612+0000] {subprocess.py:93} INFO - 26/01/20 04:34:32 INFO MemoryStore: Block broadcast_7 stored as values in memory (estimated size 199.1 KiB, free 423.2 MiB)
[2026-01-20T04:34:32.622+0000] {subprocess.py:93} INFO - 26/01/20 04:34:32 INFO MemoryStore: Block broadcast_7_piece0 stored as bytes in memory (estimated size 34.2 KiB, free 423.1 MiB)
[2026-01-20T04:34:32.624+0000] {subprocess.py:93} INFO - 26/01/20 04:34:32 INFO BlockManagerInfo: Added broadcast_7_piece0 in memory on 519d7d29de3d:46223 (size: 34.2 KiB, free: 432.7 MiB)
[2026-01-20T04:34:32.625+0000] {subprocess.py:93} INFO - 26/01/20 04:34:32 INFO SparkContext: Created broadcast 7 from csv at NativeMethodAccessorImpl.java:0
[2026-01-20T04:34:32.627+0000] {subprocess.py:93} INFO - 26/01/20 04:34:32 INFO FileSourceScanExec: Planning scan with bin packing, max size: 4194304 bytes, open cost is considered as scanning 4194304 bytes.
[2026-01-20T04:34:32.641+0000] {subprocess.py:93} INFO - 26/01/20 04:34:32 INFO SparkContext: Starting job: csv at NativeMethodAccessorImpl.java:0
[2026-01-20T04:34:32.644+0000] {subprocess.py:93} INFO - 26/01/20 04:34:32 INFO DAGScheduler: Got job 3 (csv at NativeMethodAccessorImpl.java:0) with 13 output partitions
[2026-01-20T04:34:32.645+0000] {subprocess.py:93} INFO - 26/01/20 04:34:32 INFO DAGScheduler: Final stage: ResultStage 3 (csv at NativeMethodAccessorImpl.java:0)
[2026-01-20T04:34:32.646+0000] {subprocess.py:93} INFO - 26/01/20 04:34:32 INFO DAGScheduler: Parents of final stage: List()
[2026-01-20T04:34:32.646+0000] {subprocess.py:93} INFO - 26/01/20 04:34:32 INFO DAGScheduler: Missing parents: List()
[2026-01-20T04:34:32.647+0000] {subprocess.py:93} INFO - 26/01/20 04:34:32 INFO DAGScheduler: Submitting ResultStage 3 (MapPartitionsRDD[15] at csv at NativeMethodAccessorImpl.java:0), which has no missing parents
[2026-01-20T04:34:32.684+0000] {subprocess.py:93} INFO - 26/01/20 04:34:32 INFO MemoryStore: Block broadcast_8 stored as values in memory (estimated size 233.0 KiB, free 422.9 MiB)
[2026-01-20T04:34:32.687+0000] {subprocess.py:93} INFO - 26/01/20 04:34:32 INFO MemoryStore: Block broadcast_8_piece0 stored as bytes in memory (estimated size 82.8 KiB, free 422.8 MiB)
[2026-01-20T04:34:32.688+0000] {subprocess.py:93} INFO - 26/01/20 04:34:32 INFO BlockManagerInfo: Added broadcast_8_piece0 in memory on 519d7d29de3d:46223 (size: 82.8 KiB, free: 432.7 MiB)
[2026-01-20T04:34:32.688+0000] {subprocess.py:93} INFO - 26/01/20 04:34:32 INFO SparkContext: Created broadcast 8 from broadcast at DAGScheduler.scala:1580
[2026-01-20T04:34:32.690+0000] {subprocess.py:93} INFO - 26/01/20 04:34:32 INFO DAGScheduler: Submitting 13 missing tasks from ResultStage 3 (MapPartitionsRDD[15] at csv at NativeMethodAccessorImpl.java:0) (first 15 tasks are for partitions Vector(0, 1, 2, 3, 4, 5, 6, 7, 8, 9, 10, 11, 12))
[2026-01-20T04:34:32.690+0000] {subprocess.py:93} INFO - 26/01/20 04:34:32 INFO TaskSchedulerImpl: Adding task set 3.0 with 13 tasks resource profile 0
[2026-01-20T04:34:32.692+0000] {subprocess.py:93} INFO - 26/01/20 04:34:32 INFO TaskSetManager: Starting task 0.0 in stage 3.0 (TID 29) (519d7d29de3d, executor driver, partition 0, PROCESS_LOCAL, 8251 bytes)
[2026-01-20T04:34:32.693+0000] {subprocess.py:93} INFO - 26/01/20 04:34:32 INFO TaskSetManager: Starting task 1.0 in stage 3.0 (TID 30) (519d7d29de3d, executor driver, partition 1, PROCESS_LOCAL, 8251 bytes)
[2026-01-20T04:34:32.694+0000] {subprocess.py:93} INFO - 26/01/20 04:34:32 INFO TaskSetManager: Starting task 2.0 in stage 3.0 (TID 31) (519d7d29de3d, executor driver, partition 2, PROCESS_LOCAL, 8251 bytes)
[2026-01-20T04:34:32.694+0000] {subprocess.py:93} INFO - 26/01/20 04:34:32 INFO TaskSetManager: Starting task 3.0 in stage 3.0 (TID 32) (519d7d29de3d, executor driver, partition 3, PROCESS_LOCAL, 8251 bytes)
[2026-01-20T04:34:32.695+0000] {subprocess.py:93} INFO - 26/01/20 04:34:32 INFO TaskSetManager: Starting task 4.0 in stage 3.0 (TID 33) (519d7d29de3d, executor driver, partition 4, PROCESS_LOCAL, 8251 bytes)
[2026-01-20T04:34:32.696+0000] {subprocess.py:93} INFO - 26/01/20 04:34:32 INFO TaskSetManager: Starting task 5.0 in stage 3.0 (TID 34) (519d7d29de3d, executor driver, partition 5, PROCESS_LOCAL, 8251 bytes)
[2026-01-20T04:34:32.697+0000] {subprocess.py:93} INFO - 26/01/20 04:34:32 INFO TaskSetManager: Starting task 6.0 in stage 3.0 (TID 35) (519d7d29de3d, executor driver, partition 6, PROCESS_LOCAL, 8251 bytes)
[2026-01-20T04:34:32.698+0000] {subprocess.py:93} INFO - 26/01/20 04:34:32 INFO TaskSetManager: Starting task 7.0 in stage 3.0 (TID 36) (519d7d29de3d, executor driver, partition 7, PROCESS_LOCAL, 8251 bytes)
[2026-01-20T04:34:32.698+0000] {subprocess.py:93} INFO - 26/01/20 04:34:32 INFO TaskSetManager: Starting task 8.0 in stage 3.0 (TID 37) (519d7d29de3d, executor driver, partition 8, PROCESS_LOCAL, 8251 bytes)
[2026-01-20T04:34:32.699+0000] {subprocess.py:93} INFO - 26/01/20 04:34:32 INFO TaskSetManager: Starting task 9.0 in stage 3.0 (TID 38) (519d7d29de3d, executor driver, partition 9, PROCESS_LOCAL, 8251 bytes)
[2026-01-20T04:34:32.700+0000] {subprocess.py:93} INFO - 26/01/20 04:34:32 INFO TaskSetManager: Starting task 10.0 in stage 3.0 (TID 39) (519d7d29de3d, executor driver, partition 10, PROCESS_LOCAL, 8251 bytes)
[2026-01-20T04:34:32.703+0000] {subprocess.py:93} INFO - 26/01/20 04:34:32 INFO TaskSetManager: Starting task 11.0 in stage 3.0 (TID 40) (519d7d29de3d, executor driver, partition 11, PROCESS_LOCAL, 8251 bytes)
[2026-01-20T04:34:32.704+0000] {subprocess.py:93} INFO - 26/01/20 04:34:32 INFO TaskSetManager: Starting task 12.0 in stage 3.0 (TID 41) (519d7d29de3d, executor driver, partition 12, PROCESS_LOCAL, 8251 bytes)
[2026-01-20T04:34:32.705+0000] {subprocess.py:93} INFO - 26/01/20 04:34:32 INFO Executor: Running task 1.0 in stage 3.0 (TID 30)
[2026-01-20T04:34:32.708+0000] {subprocess.py:93} INFO - 26/01/20 04:34:32 INFO Executor: Running task 0.0 in stage 3.0 (TID 29)
[2026-01-20T04:34:32.709+0000] {subprocess.py:93} INFO - 26/01/20 04:34:32 INFO Executor: Running task 4.0 in stage 3.0 (TID 33)
[2026-01-20T04:34:32.709+0000] {subprocess.py:93} INFO - 26/01/20 04:34:32 INFO Executor: Running task 5.0 in stage 3.0 (TID 34)
[2026-01-20T04:34:32.710+0000] {subprocess.py:93} INFO - 26/01/20 04:34:32 INFO Executor: Running task 2.0 in stage 3.0 (TID 31)
[2026-01-20T04:34:32.711+0000] {subprocess.py:93} INFO - 26/01/20 04:34:32 INFO Executor: Running task 8.0 in stage 3.0 (TID 37)
[2026-01-20T04:34:32.712+0000] {subprocess.py:93} INFO - 26/01/20 04:34:32 INFO Executor: Running task 3.0 in stage 3.0 (TID 32)
[2026-01-20T04:34:32.713+0000] {subprocess.py:93} INFO - 26/01/20 04:34:32 INFO Executor: Running task 7.0 in stage 3.0 (TID 36)
[2026-01-20T04:34:32.713+0000] {subprocess.py:93} INFO - 26/01/20 04:34:32 INFO Executor: Running task 11.0 in stage 3.0 (TID 40)
[2026-01-20T04:34:32.715+0000] {subprocess.py:93} INFO - 26/01/20 04:34:32 INFO Executor: Running task 6.0 in stage 3.0 (TID 35)
[2026-01-20T04:34:32.716+0000] {subprocess.py:93} INFO - 26/01/20 04:34:32 INFO Executor: Running task 10.0 in stage 3.0 (TID 39)
[2026-01-20T04:34:32.717+0000] {subprocess.py:93} INFO - 26/01/20 04:34:32 INFO Executor: Running task 12.0 in stage 3.0 (TID 41)
[2026-01-20T04:34:32.718+0000] {subprocess.py:93} INFO - 26/01/20 04:34:32 INFO Executor: Running task 9.0 in stage 3.0 (TID 38)
[2026-01-20T04:34:32.796+0000] {subprocess.py:93} INFO - 26/01/20 04:34:32 INFO BlockManagerInfo: Removed broadcast_5_piece0 on 519d7d29de3d:46223 in memory (size: 7.4 KiB, free: 432.7 MiB)
[2026-01-20T04:34:32.897+0000] {subprocess.py:93} INFO - 26/01/20 04:34:32 INFO CodeGenerator: Code generated in 91.85526 ms
[2026-01-20T04:34:32.907+0000] {subprocess.py:93} INFO - 26/01/20 04:34:32 INFO FileOutputCommitter: File Output Committer Algorithm version is 1
[2026-01-20T04:34:32.914+0000] {subprocess.py:93} INFO - 26/01/20 04:34:32 INFO FileOutputCommitter: File Output Committer Algorithm version is 1
[2026-01-20T04:34:32.915+0000] {subprocess.py:93} INFO - 26/01/20 04:34:32 INFO FileOutputCommitter: File Output Committer Algorithm version is 1
[2026-01-20T04:34:32.917+0000] {subprocess.py:93} INFO - 26/01/20 04:34:32 INFO FileOutputCommitter: FileOutputCommitter skip cleanup _temporary folders under output directory:false, ignore cleanup failures: false
[2026-01-20T04:34:32.918+0000] {subprocess.py:93} INFO - 26/01/20 04:34:32 INFO FileOutputCommitter: FileOutputCommitter skip cleanup _temporary folders under output directory:false, ignore cleanup failures: false
[2026-01-20T04:34:32.921+0000] {subprocess.py:93} INFO - 26/01/20 04:34:32 INFO FileOutputCommitter: FileOutputCommitter skip cleanup _temporary folders under output directory:false, ignore cleanup failures: false
[2026-01-20T04:34:33.900+0000] {subprocess.py:93} INFO - 26/01/20 04:34:32 INFO SQLHadoopMapReduceCommitProtocol: Using output committer class org.apache.hadoop.mapreduce.lib.output.FileOutputCommitter
[2026-01-20T04:34:33.901+0000] {subprocess.py:93} INFO - 26/01/20 04:34:32 INFO SQLHadoopMapReduceCommitProtocol: Using output committer class org.apache.hadoop.mapreduce.lib.output.FileOutputCommitter
[2026-01-20T04:34:33.902+0000] {subprocess.py:93} INFO - 26/01/20 04:34:32 INFO SQLHadoopMapReduceCommitProtocol: Using output committer class org.apache.hadoop.mapreduce.lib.output.FileOutputCommitter
[2026-01-20T04:34:33.903+0000] {subprocess.py:93} INFO - 26/01/20 04:34:32 INFO FileScanRDD: Reading File path: file:///opt/spark-data/landing/transaction_events_1768879479.1820476.json, range: 25165824-29360128, partition values: [empty row]
[2026-01-20T04:34:33.904+0000] {subprocess.py:93} INFO - 26/01/20 04:34:32 INFO FileScanRDD: Reading File path: file:///opt/spark-data/landing/transaction_events_1768879479.1820476.json, range: 8388608-12582912, partition values: [empty row]
[2026-01-20T04:34:33.905+0000] {subprocess.py:93} INFO - 26/01/20 04:34:32 INFO FileScanRDD: Reading File path: file:///opt/spark-data/landing/transaction_events_1768879479.1820476.json, range: 41943040-46137344, partition values: [empty row]
[2026-01-20T04:34:33.906+0000] {subprocess.py:93} INFO - 26/01/20 04:34:32 INFO FileOutputCommitter: File Output Committer Algorithm version is 1
[2026-01-20T04:34:33.908+0000] {subprocess.py:93} INFO - 26/01/20 04:34:32 INFO FileOutputCommitter: File Output Committer Algorithm version is 1
[2026-01-20T04:34:33.909+0000] {subprocess.py:93} INFO - 26/01/20 04:34:32 INFO FileOutputCommitter: FileOutputCommitter skip cleanup _temporary folders under output directory:false, ignore cleanup failures: false
[2026-01-20T04:34:33.911+0000] {subprocess.py:93} INFO - 26/01/20 04:34:32 INFO FileOutputCommitter: FileOutputCommitter skip cleanup _temporary folders under output directory:false, ignore cleanup failures: false
[2026-01-20T04:34:33.912+0000] {subprocess.py:93} INFO - 26/01/20 04:34:32 INFO FileOutputCommitter: File Output Committer Algorithm version is 1
[2026-01-20T04:34:33.913+0000] {subprocess.py:93} INFO - 26/01/20 04:34:32 INFO FileOutputCommitter: FileOutputCommitter skip cleanup _temporary folders under output directory:false, ignore cleanup failures: false
[2026-01-20T04:34:33.914+0000] {subprocess.py:93} INFO - 26/01/20 04:34:32 INFO SQLHadoopMapReduceCommitProtocol: Using output committer class org.apache.hadoop.mapreduce.lib.output.FileOutputCommitter
[2026-01-20T04:34:33.915+0000] {subprocess.py:93} INFO - 26/01/20 04:34:32 INFO FileScanRDD: Reading File path: file:///opt/spark-data/landing/transaction_events_1768879479.1820476.json, range: 16777216-20971520, partition values: [empty row]
[2026-01-20T04:34:33.916+0000] {subprocess.py:93} INFO - 26/01/20 04:34:32 INFO SQLHadoopMapReduceCommitProtocol: Using output committer class org.apache.hadoop.mapreduce.lib.output.FileOutputCommitter
[2026-01-20T04:34:33.919+0000] {subprocess.py:93} INFO - 26/01/20 04:34:32 INFO FileOutputCommitter: File Output Committer Algorithm version is 1
[2026-01-20T04:34:33.920+0000] {subprocess.py:93} INFO - 26/01/20 04:34:32 INFO FileOutputCommitter: File Output Committer Algorithm version is 1
[2026-01-20T04:34:33.921+0000] {subprocess.py:93} INFO - 26/01/20 04:34:32 INFO FileOutputCommitter: FileOutputCommitter skip cleanup _temporary folders under output directory:false, ignore cleanup failures: false
[2026-01-20T04:34:33.922+0000] {subprocess.py:93} INFO - 26/01/20 04:34:32 INFO SQLHadoopMapReduceCommitProtocol: Using output committer class org.apache.hadoop.mapreduce.lib.output.FileOutputCommitter
[2026-01-20T04:34:33.923+0000] {subprocess.py:93} INFO - 26/01/20 04:34:32 INFO FileScanRDD: Reading File path: file:///opt/spark-data/landing/transaction_events_1768879479.1820476.json, range: 4194304-8388608, partition values: [empty row]
[2026-01-20T04:34:33.925+0000] {subprocess.py:93} INFO - 26/01/20 04:34:32 INFO FileOutputCommitter: FileOutputCommitter skip cleanup _temporary folders under output directory:false, ignore cleanup failures: false
[2026-01-20T04:34:33.926+0000] {subprocess.py:93} INFO - 26/01/20 04:34:32 INFO FileScanRDD: Reading File path: file:///opt/spark-data/landing/transaction_events_1768879479.1820476.json, range: 20971520-25165824, partition values: [empty row]
[2026-01-20T04:34:33.927+0000] {subprocess.py:93} INFO - 26/01/20 04:34:32 INFO FileOutputCommitter: File Output Committer Algorithm version is 1
[2026-01-20T04:34:33.928+0000] {subprocess.py:93} INFO - 26/01/20 04:34:32 INFO FileOutputCommitter: FileOutputCommitter skip cleanup _temporary folders under output directory:false, ignore cleanup failures: false
[2026-01-20T04:34:33.929+0000] {subprocess.py:93} INFO - 26/01/20 04:34:32 INFO FileOutputCommitter: File Output Committer Algorithm version is 1
[2026-01-20T04:34:33.931+0000] {subprocess.py:93} INFO - 26/01/20 04:34:32 INFO FileOutputCommitter: File Output Committer Algorithm version is 1
[2026-01-20T04:34:33.932+0000] {subprocess.py:93} INFO - 26/01/20 04:34:32 INFO FileOutputCommitter: FileOutputCommitter skip cleanup _temporary folders under output directory:false, ignore cleanup failures: false
[2026-01-20T04:34:33.933+0000] {subprocess.py:93} INFO - 26/01/20 04:34:32 INFO FileOutputCommitter: FileOutputCommitter skip cleanup _temporary folders under output directory:false, ignore cleanup failures: false
[2026-01-20T04:34:33.933+0000] {subprocess.py:93} INFO - 26/01/20 04:34:32 INFO SQLHadoopMapReduceCommitProtocol: Using output committer class org.apache.hadoop.mapreduce.lib.output.FileOutputCommitter
[2026-01-20T04:34:33.934+0000] {subprocess.py:93} INFO - 26/01/20 04:34:32 INFO FileScanRDD: Reading File path: file:///opt/spark-data/landing/transaction_events_1768879479.1820476.json, range: 29360128-33554432, partition values: [empty row]
[2026-01-20T04:34:33.936+0000] {subprocess.py:93} INFO - 26/01/20 04:34:32 INFO SQLHadoopMapReduceCommitProtocol: Using output committer class org.apache.hadoop.mapreduce.lib.output.FileOutputCommitter
[2026-01-20T04:34:33.937+0000] {subprocess.py:93} INFO - 26/01/20 04:34:32 INFO FileScanRDD: Reading File path: file:///opt/spark-data/landing/transaction_events_1768879479.1820476.json, range: 46137344-50331648, partition values: [empty row]
[2026-01-20T04:34:33.939+0000] {subprocess.py:93} INFO - 26/01/20 04:34:32 INFO SQLHadoopMapReduceCommitProtocol: Using output committer class org.apache.hadoop.mapreduce.lib.output.FileOutputCommitter
[2026-01-20T04:34:33.940+0000] {subprocess.py:93} INFO - 26/01/20 04:34:32 INFO FileOutputCommitter: File Output Committer Algorithm version is 1
[2026-01-20T04:34:33.941+0000] {subprocess.py:93} INFO - 26/01/20 04:34:32 INFO SQLHadoopMapReduceCommitProtocol: Using output committer class org.apache.hadoop.mapreduce.lib.output.FileOutputCommitter
[2026-01-20T04:34:33.942+0000] {subprocess.py:93} INFO - 26/01/20 04:34:32 INFO FileScanRDD: Reading File path: file:///opt/spark-data/landing/transaction_events_1768879479.1820476.json, range: 12582912-16777216, partition values: [empty row]
[2026-01-20T04:34:33.945+0000] {subprocess.py:93} INFO - 26/01/20 04:34:32 INFO FileOutputCommitter: FileOutputCommitter skip cleanup _temporary folders under output directory:false, ignore cleanup failures: false
[2026-01-20T04:34:33.946+0000] {subprocess.py:93} INFO - 26/01/20 04:34:32 INFO FileScanRDD: Reading File path: file:///opt/spark-data/landing/transaction_events_1768879479.1820476.json, range: 37748736-41943040, partition values: [empty row]
[2026-01-20T04:34:33.948+0000] {subprocess.py:93} INFO - 26/01/20 04:34:32 INFO SQLHadoopMapReduceCommitProtocol: Using output committer class org.apache.hadoop.mapreduce.lib.output.FileOutputCommitter
[2026-01-20T04:34:33.949+0000] {subprocess.py:93} INFO - 26/01/20 04:34:32 INFO SQLHadoopMapReduceCommitProtocol: Using output committer class org.apache.hadoop.mapreduce.lib.output.FileOutputCommitter
[2026-01-20T04:34:33.951+0000] {subprocess.py:93} INFO - 26/01/20 04:34:32 INFO FileScanRDD: Reading File path: file:///opt/spark-data/landing/transaction_events_1768879479.1820476.json, range: 50331648-51561162, partition values: [empty row]
[2026-01-20T04:34:33.953+0000] {subprocess.py:93} INFO - 26/01/20 04:34:33 INFO FileOutputCommitter: File Output Committer Algorithm version is 1
[2026-01-20T04:34:33.954+0000] {subprocess.py:93} INFO - 26/01/20 04:34:33 INFO FileOutputCommitter: FileOutputCommitter skip cleanup _temporary folders under output directory:false, ignore cleanup failures: false
[2026-01-20T04:34:33.955+0000] {subprocess.py:93} INFO - 26/01/20 04:34:33 INFO SQLHadoopMapReduceCommitProtocol: Using output committer class org.apache.hadoop.mapreduce.lib.output.FileOutputCommitter
[2026-01-20T04:34:33.956+0000] {subprocess.py:93} INFO - 26/01/20 04:34:33 INFO FileScanRDD: Reading File path: file:///opt/spark-data/landing/transaction_events_1768879479.1820476.json, range: 33554432-37748736, partition values: [empty row]
[2026-01-20T04:34:33.958+0000] {subprocess.py:93} INFO - 26/01/20 04:34:33 INFO CodeGenerator: Code generated in 36.527312 ms
[2026-01-20T04:34:33.959+0000] {subprocess.py:93} INFO - 26/01/20 04:34:33 INFO CodeGenerator: Code generated in 7.090084 ms
[2026-01-20T04:34:35.341+0000] {subprocess.py:93} INFO - 26/01/20 04:34:35 INFO FileScanRDD: Reading File path: file:///opt/spark-data/landing/transaction_events_1768879479.1820476.json, range: 0-4194304, partition values: [empty row]
[2026-01-20T04:34:35.931+0000] {subprocess.py:93} INFO - 26/01/20 04:34:35 INFO FileOutputCommitter: Saved output of task 'attempt_202601200434326537964929621808606_0003_m_000012_41' to file:/opt/spark-data/gold/advertising/_temporary/0/task_202601200434326537964929621808606_0003_m_000012
[2026-01-20T04:34:35.936+0000] {subprocess.py:93} INFO - 26/01/20 04:34:35 INFO SparkHadoopMapRedUtil: attempt_202601200434326537964929621808606_0003_m_000012_41: Committed. Elapsed time: 93 ms.
[2026-01-20T04:34:35.967+0000] {subprocess.py:93} INFO - 26/01/20 04:34:35 INFO Executor: Finished task 12.0 in stage 3.0 (TID 41). 2936 bytes result sent to driver
[2026-01-20T04:34:35.971+0000] {subprocess.py:93} INFO - 26/01/20 04:34:35 INFO TaskSetManager: Finished task 12.0 in stage 3.0 (TID 41) in 3275 ms on 519d7d29de3d (executor driver) (1/13)
[2026-01-20T04:34:36.210+0000] {subprocess.py:93} INFO - 26/01/20 04:34:36 INFO FileOutputCommitter: Saved output of task 'attempt_202601200434326537964929621808606_0003_m_000007_36' to file:/opt/spark-data/gold/advertising/_temporary/0/task_202601200434326537964929621808606_0003_m_000007
[2026-01-20T04:34:36.211+0000] {subprocess.py:93} INFO - 26/01/20 04:34:36 INFO SparkHadoopMapRedUtil: attempt_202601200434326537964929621808606_0003_m_000007_36: Committed. Elapsed time: 36 ms.
[2026-01-20T04:34:36.212+0000] {subprocess.py:93} INFO - 26/01/20 04:34:36 INFO Executor: Finished task 7.0 in stage 3.0 (TID 36). 2893 bytes result sent to driver
[2026-01-20T04:34:36.214+0000] {subprocess.py:93} INFO - 26/01/20 04:34:36 INFO TaskSetManager: Finished task 7.0 in stage 3.0 (TID 36) in 3519 ms on 519d7d29de3d (executor driver) (2/13)
[2026-01-20T04:34:36.223+0000] {subprocess.py:93} INFO - 26/01/20 04:34:36 INFO FileOutputCommitter: Saved output of task 'attempt_202601200434326537964929621808606_0003_m_000001_30' to file:/opt/spark-data/gold/advertising/_temporary/0/task_202601200434326537964929621808606_0003_m_000001
[2026-01-20T04:34:36.224+0000] {subprocess.py:93} INFO - 26/01/20 04:34:36 INFO SparkHadoopMapRedUtil: attempt_202601200434326537964929621808606_0003_m_000001_30: Committed. Elapsed time: 36 ms.
[2026-01-20T04:34:36.226+0000] {subprocess.py:93} INFO - 26/01/20 04:34:36 INFO Executor: Finished task 1.0 in stage 3.0 (TID 30). 2893 bytes result sent to driver
[2026-01-20T04:34:36.229+0000] {subprocess.py:93} INFO - 26/01/20 04:34:36 INFO TaskSetManager: Finished task 1.0 in stage 3.0 (TID 30) in 3536 ms on 519d7d29de3d (executor driver) (3/13)
[2026-01-20T04:34:36.231+0000] {subprocess.py:93} INFO - 26/01/20 04:34:36 INFO FileOutputCommitter: Saved output of task 'attempt_202601200434326537964929621808606_0003_m_000003_32' to file:/opt/spark-data/gold/advertising/_temporary/0/task_202601200434326537964929621808606_0003_m_000003
[2026-01-20T04:34:36.232+0000] {subprocess.py:93} INFO - 26/01/20 04:34:36 INFO SparkHadoopMapRedUtil: attempt_202601200434326537964929621808606_0003_m_000003_32: Committed. Elapsed time: 43 ms.
[2026-01-20T04:34:36.232+0000] {subprocess.py:93} INFO - 26/01/20 04:34:36 INFO Executor: Finished task 3.0 in stage 3.0 (TID 32). 2893 bytes result sent to driver
[2026-01-20T04:34:36.234+0000] {subprocess.py:93} INFO - 26/01/20 04:34:36 INFO TaskSetManager: Finished task 3.0 in stage 3.0 (TID 32) in 3540 ms on 519d7d29de3d (executor driver) (4/13)
[2026-01-20T04:34:36.237+0000] {subprocess.py:93} INFO - 26/01/20 04:34:36 INFO FileOutputCommitter: Saved output of task 'attempt_202601200434326537964929621808606_0003_m_000008_37' to file:/opt/spark-data/gold/advertising/_temporary/0/task_202601200434326537964929621808606_0003_m_000008
[2026-01-20T04:34:36.238+0000] {subprocess.py:93} INFO - 26/01/20 04:34:36 INFO SparkHadoopMapRedUtil: attempt_202601200434326537964929621808606_0003_m_000008_37: Committed. Elapsed time: 44 ms.
[2026-01-20T04:34:36.238+0000] {subprocess.py:93} INFO - 26/01/20 04:34:36 INFO Executor: Finished task 8.0 in stage 3.0 (TID 37). 2893 bytes result sent to driver
[2026-01-20T04:34:36.239+0000] {subprocess.py:93} INFO - 26/01/20 04:34:36 INFO TaskSetManager: Finished task 8.0 in stage 3.0 (TID 37) in 3544 ms on 519d7d29de3d (executor driver) (5/13)
[2026-01-20T04:34:36.243+0000] {subprocess.py:93} INFO - 26/01/20 04:34:36 INFO FileOutputCommitter: Saved output of task 'attempt_202601200434326537964929621808606_0003_m_000005_34' to file:/opt/spark-data/gold/advertising/_temporary/0/task_202601200434326537964929621808606_0003_m_000005
[2026-01-20T04:34:36.244+0000] {subprocess.py:93} INFO - 26/01/20 04:34:36 INFO SparkHadoopMapRedUtil: attempt_202601200434326537964929621808606_0003_m_000005_34: Committed. Elapsed time: 51 ms.
[2026-01-20T04:34:36.245+0000] {subprocess.py:93} INFO - 26/01/20 04:34:36 INFO Executor: Finished task 5.0 in stage 3.0 (TID 34). 2893 bytes result sent to driver
[2026-01-20T04:34:36.245+0000] {subprocess.py:93} INFO - 26/01/20 04:34:36 INFO TaskSetManager: Finished task 5.0 in stage 3.0 (TID 34) in 3550 ms on 519d7d29de3d (executor driver) (6/13)
[2026-01-20T04:34:36.248+0000] {subprocess.py:93} INFO - 26/01/20 04:34:36 INFO FileOutputCommitter: Saved output of task 'attempt_202601200434326537964929621808606_0003_m_000010_39' to file:/opt/spark-data/gold/advertising/_temporary/0/task_202601200434326537964929621808606_0003_m_000010
[2026-01-20T04:34:36.249+0000] {subprocess.py:93} INFO - 26/01/20 04:34:36 INFO SparkHadoopMapRedUtil: attempt_202601200434326537964929621808606_0003_m_000010_39: Committed. Elapsed time: 54 ms.
[2026-01-20T04:34:36.250+0000] {subprocess.py:93} INFO - 26/01/20 04:34:36 INFO Executor: Finished task 10.0 in stage 3.0 (TID 39). 2893 bytes result sent to driver
[2026-01-20T04:34:36.251+0000] {subprocess.py:93} INFO - 26/01/20 04:34:36 INFO TaskSetManager: Finished task 10.0 in stage 3.0 (TID 39) in 3555 ms on 519d7d29de3d (executor driver) (7/13)
[2026-01-20T04:34:36.254+0000] {subprocess.py:93} INFO - 26/01/20 04:34:36 INFO FileOutputCommitter: Saved output of task 'attempt_202601200434326537964929621808606_0003_m_000006_35' to file:/opt/spark-data/gold/advertising/_temporary/0/task_202601200434326537964929621808606_0003_m_000006
[2026-01-20T04:34:36.255+0000] {subprocess.py:93} INFO - 26/01/20 04:34:36 INFO SparkHadoopMapRedUtil: attempt_202601200434326537964929621808606_0003_m_000006_35: Committed. Elapsed time: 58 ms.
[2026-01-20T04:34:36.255+0000] {subprocess.py:93} INFO - 26/01/20 04:34:36 INFO Executor: Finished task 6.0 in stage 3.0 (TID 35). 2893 bytes result sent to driver
[2026-01-20T04:34:36.257+0000] {subprocess.py:93} INFO - 26/01/20 04:34:36 INFO TaskSetManager: Finished task 6.0 in stage 3.0 (TID 35) in 3561 ms on 519d7d29de3d (executor driver) (8/13)
[2026-01-20T04:34:36.260+0000] {subprocess.py:93} INFO - 26/01/20 04:34:36 INFO FileOutputCommitter: Saved output of task 'attempt_202601200434326537964929621808606_0003_m_000004_33' to file:/opt/spark-data/gold/advertising/_temporary/0/task_202601200434326537964929621808606_0003_m_000004
[2026-01-20T04:34:36.261+0000] {subprocess.py:93} INFO - 26/01/20 04:34:36 INFO SparkHadoopMapRedUtil: attempt_202601200434326537964929621808606_0003_m_000004_33: Committed. Elapsed time: 63 ms.
[2026-01-20T04:34:36.262+0000] {subprocess.py:93} INFO - 26/01/20 04:34:36 INFO Executor: Finished task 4.0 in stage 3.0 (TID 33). 2893 bytes result sent to driver
[2026-01-20T04:34:36.263+0000] {subprocess.py:93} INFO - 26/01/20 04:34:36 INFO TaskSetManager: Finished task 4.0 in stage 3.0 (TID 33) in 3569 ms on 519d7d29de3d (executor driver) (9/13)
[2026-01-20T04:34:36.266+0000] {subprocess.py:93} INFO - 26/01/20 04:34:36 INFO FileOutputCommitter: Saved output of task 'attempt_202601200434326537964929621808606_0003_m_000009_38' to file:/opt/spark-data/gold/advertising/_temporary/0/task_202601200434326537964929621808606_0003_m_000009
[2026-01-20T04:34:36.267+0000] {subprocess.py:93} INFO - 26/01/20 04:34:36 INFO SparkHadoopMapRedUtil: attempt_202601200434326537964929621808606_0003_m_000009_38: Committed. Elapsed time: 69 ms.
[2026-01-20T04:34:36.268+0000] {subprocess.py:93} INFO - 26/01/20 04:34:36 INFO Executor: Finished task 9.0 in stage 3.0 (TID 38). 2893 bytes result sent to driver
[2026-01-20T04:34:36.269+0000] {subprocess.py:93} INFO - 26/01/20 04:34:36 INFO TaskSetManager: Finished task 9.0 in stage 3.0 (TID 38) in 3573 ms on 519d7d29de3d (executor driver) (10/13)
[2026-01-20T04:34:36.271+0000] {subprocess.py:93} INFO - 26/01/20 04:34:36 INFO FileOutputCommitter: Saved output of task 'attempt_202601200434326537964929621808606_0003_m_000002_31' to file:/opt/spark-data/gold/advertising/_temporary/0/task_202601200434326537964929621808606_0003_m_000002
[2026-01-20T04:34:36.272+0000] {subprocess.py:93} INFO - 26/01/20 04:34:36 INFO SparkHadoopMapRedUtil: attempt_202601200434326537964929621808606_0003_m_000002_31: Committed. Elapsed time: 71 ms.
[2026-01-20T04:34:36.273+0000] {subprocess.py:93} INFO - 26/01/20 04:34:36 INFO Executor: Finished task 2.0 in stage 3.0 (TID 31). 2893 bytes result sent to driver
[2026-01-20T04:34:36.274+0000] {subprocess.py:93} INFO - 26/01/20 04:34:36 INFO TaskSetManager: Finished task 2.0 in stage 3.0 (TID 31) in 3581 ms on 519d7d29de3d (executor driver) (11/13)
[2026-01-20T04:34:36.277+0000] {subprocess.py:93} INFO - 26/01/20 04:34:36 INFO FileOutputCommitter: Saved output of task 'attempt_202601200434326537964929621808606_0003_m_000011_40' to file:/opt/spark-data/gold/advertising/_temporary/0/task_202601200434326537964929621808606_0003_m_000011
[2026-01-20T04:34:36.278+0000] {subprocess.py:93} INFO - 26/01/20 04:34:36 INFO SparkHadoopMapRedUtil: attempt_202601200434326537964929621808606_0003_m_000011_40: Committed. Elapsed time: 81 ms.
[2026-01-20T04:34:36.279+0000] {subprocess.py:93} INFO - 26/01/20 04:34:36 INFO Executor: Finished task 11.0 in stage 3.0 (TID 40). 2893 bytes result sent to driver
[2026-01-20T04:34:36.280+0000] {subprocess.py:93} INFO - 26/01/20 04:34:36 INFO TaskSetManager: Finished task 11.0 in stage 3.0 (TID 40) in 3584 ms on 519d7d29de3d (executor driver) (12/13)
[2026-01-20T04:34:36.291+0000] {subprocess.py:93} INFO - 26/01/20 04:34:36 INFO FileOutputCommitter: Saved output of task 'attempt_202601200434326537964929621808606_0003_m_000000_29' to file:/opt/spark-data/gold/advertising/_temporary/0/task_202601200434326537964929621808606_0003_m_000000
[2026-01-20T04:34:36.292+0000] {subprocess.py:93} INFO - 26/01/20 04:34:36 INFO SparkHadoopMapRedUtil: attempt_202601200434326537964929621808606_0003_m_000000_29: Committed. Elapsed time: 75 ms.
[2026-01-20T04:34:36.293+0000] {subprocess.py:93} INFO - 26/01/20 04:34:36 INFO Executor: Finished task 0.0 in stage 3.0 (TID 29). 2893 bytes result sent to driver
[2026-01-20T04:34:36.295+0000] {subprocess.py:93} INFO - 26/01/20 04:34:36 INFO TaskSetManager: Finished task 0.0 in stage 3.0 (TID 29) in 3603 ms on 519d7d29de3d (executor driver) (13/13)
[2026-01-20T04:34:36.296+0000] {subprocess.py:93} INFO - 26/01/20 04:34:36 INFO TaskSchedulerImpl: Removed TaskSet 3.0, whose tasks have all completed, from pool
[2026-01-20T04:34:36.296+0000] {subprocess.py:93} INFO - 26/01/20 04:34:36 INFO DAGScheduler: ResultStage 3 (csv at NativeMethodAccessorImpl.java:0) finished in 3.649 s
[2026-01-20T04:34:36.297+0000] {subprocess.py:93} INFO - 26/01/20 04:34:36 INFO DAGScheduler: Job 3 is finished. Cancelling potential speculative or zombie tasks for this job
[2026-01-20T04:34:36.297+0000] {subprocess.py:93} INFO - 26/01/20 04:34:36 INFO TaskSchedulerImpl: Killing all running tasks in stage 3: Stage finished
[2026-01-20T04:34:36.298+0000] {subprocess.py:93} INFO - 26/01/20 04:34:36 INFO DAGScheduler: Job 3 finished: csv at NativeMethodAccessorImpl.java:0, took 1.530449 s
[2026-01-20T04:34:36.299+0000] {subprocess.py:93} INFO - 26/01/20 04:34:36 INFO FileFormatWriter: Start to commit write Job 69b346b1-678e-48e8-9246-e105bdee33b8.
[2026-01-20T04:34:38.204+0000] {subprocess.py:93} INFO - 26/01/20 04:34:38 INFO FileFormatWriter: Write Job 69b346b1-678e-48e8-9246-e105bdee33b8 committed. Elapsed time: 1904 ms.
[2026-01-20T04:34:38.206+0000] {subprocess.py:93} INFO - 26/01/20 04:34:38 INFO FileFormatWriter: Finished processing stats for write job 69b346b1-678e-48e8-9246-e105bdee33b8.
[2026-01-20T04:34:38.466+0000] {subprocess.py:93} INFO - 26/01/20 04:34:38 INFO FileSourceStrategy: Pushed Filters:
[2026-01-20T04:34:38.467+0000] {subprocess.py:93} INFO - 26/01/20 04:34:38 INFO FileSourceStrategy: Post-Scan Filters:
[2026-01-20T04:34:38.554+0000] {subprocess.py:93} INFO - 26/01/20 04:34:38 INFO CodeGenerator: Code generated in 15.949968 ms
[2026-01-20T04:34:38.559+0000] {subprocess.py:93} INFO - 26/01/20 04:34:38 INFO MemoryStore: Block broadcast_9 stored as values in memory (estimated size 199.1 KiB, free 422.6 MiB)
[2026-01-20T04:34:38.573+0000] {subprocess.py:93} INFO - 26/01/20 04:34:38 INFO MemoryStore: Block broadcast_9_piece0 stored as bytes in memory (estimated size 34.2 KiB, free 422.6 MiB)
[2026-01-20T04:34:38.574+0000] {subprocess.py:93} INFO - 26/01/20 04:34:38 INFO BlockManagerInfo: Added broadcast_9_piece0 in memory on 519d7d29de3d:46223 (size: 34.2 KiB, free: 432.6 MiB)
[2026-01-20T04:34:38.576+0000] {subprocess.py:93} INFO - 26/01/20 04:34:38 INFO SparkContext: Created broadcast 9 from csv at NativeMethodAccessorImpl.java:0
[2026-01-20T04:34:38.578+0000] {subprocess.py:93} INFO - 26/01/20 04:34:38 INFO FileSourceScanExec: Planning scan with bin packing, max size: 4194304 bytes, open cost is considered as scanning 4194304 bytes.
[2026-01-20T04:34:38.614+0000] {subprocess.py:93} INFO - 26/01/20 04:34:38 INFO DAGScheduler: Registering RDD 19 (csv at NativeMethodAccessorImpl.java:0) as input to shuffle 0
[2026-01-20T04:34:38.623+0000] {subprocess.py:93} INFO - 26/01/20 04:34:38 INFO DAGScheduler: Got map stage job 4 (csv at NativeMethodAccessorImpl.java:0) with 13 output partitions
[2026-01-20T04:34:38.624+0000] {subprocess.py:93} INFO - 26/01/20 04:34:38 INFO DAGScheduler: Final stage: ShuffleMapStage 4 (csv at NativeMethodAccessorImpl.java:0)
[2026-01-20T04:34:38.625+0000] {subprocess.py:93} INFO - 26/01/20 04:34:38 INFO DAGScheduler: Parents of final stage: List()
[2026-01-20T04:34:38.627+0000] {subprocess.py:93} INFO - 26/01/20 04:34:38 INFO DAGScheduler: Missing parents: List()
[2026-01-20T04:34:38.629+0000] {subprocess.py:93} INFO - 26/01/20 04:34:38 INFO DAGScheduler: Submitting ShuffleMapStage 4 (MapPartitionsRDD[19] at csv at NativeMethodAccessorImpl.java:0), which has no missing parents
[2026-01-20T04:34:38.666+0000] {subprocess.py:93} INFO - 26/01/20 04:34:38 INFO MemoryStore: Block broadcast_10 stored as values in memory (estimated size 18.5 KiB, free 422.6 MiB)
[2026-01-20T04:34:38.669+0000] {subprocess.py:93} INFO - 26/01/20 04:34:38 INFO MemoryStore: Block broadcast_10_piece0 stored as bytes in memory (estimated size 8.8 KiB, free 422.6 MiB)
[2026-01-20T04:34:38.670+0000] {subprocess.py:93} INFO - 26/01/20 04:34:38 INFO BlockManagerInfo: Added broadcast_10_piece0 in memory on 519d7d29de3d:46223 (size: 8.8 KiB, free: 432.6 MiB)
[2026-01-20T04:34:38.671+0000] {subprocess.py:93} INFO - 26/01/20 04:34:38 INFO SparkContext: Created broadcast 10 from broadcast at DAGScheduler.scala:1580
[2026-01-20T04:34:38.673+0000] {subprocess.py:93} INFO - 26/01/20 04:34:38 INFO DAGScheduler: Submitting 13 missing tasks from ShuffleMapStage 4 (MapPartitionsRDD[19] at csv at NativeMethodAccessorImpl.java:0) (first 15 tasks are for partitions Vector(0, 1, 2, 3, 4, 5, 6, 7, 8, 9, 10, 11, 12))
[2026-01-20T04:34:38.674+0000] {subprocess.py:93} INFO - 26/01/20 04:34:38 INFO TaskSchedulerImpl: Adding task set 4.0 with 13 tasks resource profile 0
[2026-01-20T04:34:38.676+0000] {subprocess.py:93} INFO - 26/01/20 04:34:38 INFO TaskSetManager: Starting task 0.0 in stage 4.0 (TID 42) (519d7d29de3d, executor driver, partition 0, PROCESS_LOCAL, 8240 bytes)
[2026-01-20T04:34:38.677+0000] {subprocess.py:93} INFO - 26/01/20 04:34:38 INFO TaskSetManager: Starting task 1.0 in stage 4.0 (TID 43) (519d7d29de3d, executor driver, partition 1, PROCESS_LOCAL, 8240 bytes)
[2026-01-20T04:34:38.678+0000] {subprocess.py:93} INFO - 26/01/20 04:34:38 INFO TaskSetManager: Starting task 2.0 in stage 4.0 (TID 44) (519d7d29de3d, executor driver, partition 2, PROCESS_LOCAL, 8240 bytes)
[2026-01-20T04:34:38.679+0000] {subprocess.py:93} INFO - 26/01/20 04:34:38 INFO TaskSetManager: Starting task 3.0 in stage 4.0 (TID 45) (519d7d29de3d, executor driver, partition 3, PROCESS_LOCAL, 8240 bytes)
[2026-01-20T04:34:38.680+0000] {subprocess.py:93} INFO - 26/01/20 04:34:38 INFO TaskSetManager: Starting task 4.0 in stage 4.0 (TID 46) (519d7d29de3d, executor driver, partition 4, PROCESS_LOCAL, 8240 bytes)
[2026-01-20T04:34:38.681+0000] {subprocess.py:93} INFO - 26/01/20 04:34:38 INFO TaskSetManager: Starting task 5.0 in stage 4.0 (TID 47) (519d7d29de3d, executor driver, partition 5, PROCESS_LOCAL, 8240 bytes)
[2026-01-20T04:34:38.682+0000] {subprocess.py:93} INFO - 26/01/20 04:34:38 INFO TaskSetManager: Starting task 6.0 in stage 4.0 (TID 48) (519d7d29de3d, executor driver, partition 6, PROCESS_LOCAL, 8240 bytes)
[2026-01-20T04:34:38.683+0000] {subprocess.py:93} INFO - 26/01/20 04:34:38 INFO TaskSetManager: Starting task 7.0 in stage 4.0 (TID 49) (519d7d29de3d, executor driver, partition 7, PROCESS_LOCAL, 8240 bytes)
[2026-01-20T04:34:38.683+0000] {subprocess.py:93} INFO - 26/01/20 04:34:38 INFO TaskSetManager: Starting task 8.0 in stage 4.0 (TID 50) (519d7d29de3d, executor driver, partition 8, PROCESS_LOCAL, 8240 bytes)
[2026-01-20T04:34:38.685+0000] {subprocess.py:93} INFO - 26/01/20 04:34:38 INFO TaskSetManager: Starting task 9.0 in stage 4.0 (TID 51) (519d7d29de3d, executor driver, partition 9, PROCESS_LOCAL, 8240 bytes)
[2026-01-20T04:34:38.686+0000] {subprocess.py:93} INFO - 26/01/20 04:34:38 INFO TaskSetManager: Starting task 10.0 in stage 4.0 (TID 52) (519d7d29de3d, executor driver, partition 10, PROCESS_LOCAL, 8240 bytes)
[2026-01-20T04:34:38.687+0000] {subprocess.py:93} INFO - 26/01/20 04:34:38 INFO TaskSetManager: Starting task 11.0 in stage 4.0 (TID 53) (519d7d29de3d, executor driver, partition 11, PROCESS_LOCAL, 8240 bytes)
[2026-01-20T04:34:38.688+0000] {subprocess.py:93} INFO - 26/01/20 04:34:38 INFO TaskSetManager: Starting task 12.0 in stage 4.0 (TID 54) (519d7d29de3d, executor driver, partition 12, PROCESS_LOCAL, 8240 bytes)
[2026-01-20T04:34:38.689+0000] {subprocess.py:93} INFO - 26/01/20 04:34:38 INFO Executor: Running task 0.0 in stage 4.0 (TID 42)
[2026-01-20T04:34:38.689+0000] {subprocess.py:93} INFO - 26/01/20 04:34:38 INFO Executor: Running task 1.0 in stage 4.0 (TID 43)
[2026-01-20T04:34:38.690+0000] {subprocess.py:93} INFO - 26/01/20 04:34:38 INFO Executor: Running task 2.0 in stage 4.0 (TID 44)
[2026-01-20T04:34:38.692+0000] {subprocess.py:93} INFO - 26/01/20 04:34:38 INFO Executor: Running task 3.0 in stage 4.0 (TID 45)
[2026-01-20T04:34:38.693+0000] {subprocess.py:93} INFO - 26/01/20 04:34:38 INFO Executor: Running task 4.0 in stage 4.0 (TID 46)
[2026-01-20T04:34:38.694+0000] {subprocess.py:93} INFO - 26/01/20 04:34:38 INFO Executor: Running task 5.0 in stage 4.0 (TID 47)
[2026-01-20T04:34:38.695+0000] {subprocess.py:93} INFO - 26/01/20 04:34:38 INFO Executor: Running task 7.0 in stage 4.0 (TID 49)
[2026-01-20T04:34:38.696+0000] {subprocess.py:93} INFO - 26/01/20 04:34:38 INFO Executor: Running task 6.0 in stage 4.0 (TID 48)
[2026-01-20T04:34:38.697+0000] {subprocess.py:93} INFO - 26/01/20 04:34:38 INFO Executor: Running task 11.0 in stage 4.0 (TID 53)
[2026-01-20T04:34:38.698+0000] {subprocess.py:93} INFO - 26/01/20 04:34:38 INFO Executor: Running task 9.0 in stage 4.0 (TID 51)
[2026-01-20T04:34:38.699+0000] {subprocess.py:93} INFO - 26/01/20 04:34:38 INFO Executor: Running task 12.0 in stage 4.0 (TID 54)
[2026-01-20T04:34:38.700+0000] {subprocess.py:93} INFO - 26/01/20 04:34:38 INFO Executor: Running task 8.0 in stage 4.0 (TID 50)
[2026-01-20T04:34:38.700+0000] {subprocess.py:93} INFO - 26/01/20 04:34:38 INFO Executor: Running task 10.0 in stage 4.0 (TID 52)
[2026-01-20T04:34:38.711+0000] {subprocess.py:93} INFO - 26/01/20 04:34:38 INFO CodeGenerator: Code generated in 9.999818 ms
[2026-01-20T04:34:38.736+0000] {subprocess.py:93} INFO - 26/01/20 04:34:38 INFO CodeGenerator: Code generated in 16.169254 ms
[2026-01-20T04:34:38.756+0000] {subprocess.py:93} INFO - 26/01/20 04:34:38 INFO FileScanRDD: Reading File path: file:///opt/spark-data/landing/transaction_events_1768879479.1820476.json, range: 12582912-16777216, partition values: [empty row]
[2026-01-20T04:34:38.757+0000] {subprocess.py:93} INFO - 26/01/20 04:34:38 INFO FileScanRDD: Reading File path: file:///opt/spark-data/landing/transaction_events_1768879479.1820476.json, range: 8388608-12582912, partition values: [empty row]
[2026-01-20T04:34:38.758+0000] {subprocess.py:93} INFO - 26/01/20 04:34:38 INFO FileScanRDD: Reading File path: file:///opt/spark-data/landing/transaction_events_1768879479.1820476.json, range: 16777216-20971520, partition values: [empty row]
[2026-01-20T04:34:38.759+0000] {subprocess.py:93} INFO - 26/01/20 04:34:38 INFO FileScanRDD: Reading File path: file:///opt/spark-data/landing/transaction_events_1768879479.1820476.json, range: 41943040-46137344, partition values: [empty row]
[2026-01-20T04:34:38.760+0000] {subprocess.py:93} INFO - 26/01/20 04:34:38 INFO FileScanRDD: Reading File path: file:///opt/spark-data/landing/transaction_events_1768879479.1820476.json, range: 25165824-29360128, partition values: [empty row]
[2026-01-20T04:34:38.761+0000] {subprocess.py:93} INFO - 26/01/20 04:34:38 INFO FileScanRDD: Reading File path: file:///opt/spark-data/landing/transaction_events_1768879479.1820476.json, range: 20971520-25165824, partition values: [empty row]
[2026-01-20T04:34:38.762+0000] {subprocess.py:93} INFO - 26/01/20 04:34:38 INFO FileScanRDD: Reading File path: file:///opt/spark-data/landing/transaction_events_1768879479.1820476.json, range: 0-4194304, partition values: [empty row]
[2026-01-20T04:34:38.763+0000] {subprocess.py:93} INFO - 26/01/20 04:34:38 INFO FileScanRDD: Reading File path: file:///opt/spark-data/landing/transaction_events_1768879479.1820476.json, range: 4194304-8388608, partition values: [empty row]
[2026-01-20T04:34:38.764+0000] {subprocess.py:93} INFO - 26/01/20 04:34:38 INFO FileScanRDD: Reading File path: file:///opt/spark-data/landing/transaction_events_1768879479.1820476.json, range: 37748736-41943040, partition values: [empty row]
[2026-01-20T04:34:38.765+0000] {subprocess.py:93} INFO - 26/01/20 04:34:38 INFO FileScanRDD: Reading File path: file:///opt/spark-data/landing/transaction_events_1768879479.1820476.json, range: 46137344-50331648, partition values: [empty row]
[2026-01-20T04:34:38.766+0000] {subprocess.py:93} INFO - 26/01/20 04:34:38 INFO FileScanRDD: Reading File path: file:///opt/spark-data/landing/transaction_events_1768879479.1820476.json, range: 33554432-37748736, partition values: [empty row]
[2026-01-20T04:34:38.766+0000] {subprocess.py:93} INFO - 26/01/20 04:34:38 INFO FileScanRDD: Reading File path: file:///opt/spark-data/landing/transaction_events_1768879479.1820476.json, range: 29360128-33554432, partition values: [empty row]
[2026-01-20T04:34:38.767+0000] {subprocess.py:93} INFO - 26/01/20 04:34:38 INFO FileScanRDD: Reading File path: file:///opt/spark-data/landing/transaction_events_1768879479.1820476.json, range: 50331648-51561162, partition values: [empty row]
[2026-01-20T04:34:38.775+0000] {subprocess.py:93} INFO - 26/01/20 04:34:38 INFO CodeGenerator: Code generated in 15.115368 ms
[2026-01-20T04:34:39.277+0000] {subprocess.py:93} INFO - 26/01/20 04:34:39 INFO BlockManagerInfo: Removed broadcast_7_piece0 on 519d7d29de3d:46223 in memory (size: 34.2 KiB, free: 432.7 MiB)
[2026-01-20T04:34:39.290+0000] {subprocess.py:93} INFO - 26/01/20 04:34:39 INFO BlockManagerInfo: Removed broadcast_4_piece0 on 519d7d29de3d:46223 in memory (size: 34.2 KiB, free: 432.7 MiB)
[2026-01-20T04:34:39.313+0000] {subprocess.py:93} INFO - 26/01/20 04:34:39 INFO BlockManagerInfo: Removed broadcast_6_piece0 on 519d7d29de3d:46223 in memory (size: 1578.1 KiB, free: 434.2 MiB)
[2026-01-20T04:34:39.334+0000] {subprocess.py:93} INFO - 26/01/20 04:34:39 INFO BlockManagerInfo: Removed broadcast_0_piece0 on 519d7d29de3d:46223 in memory (size: 34.2 KiB, free: 434.3 MiB)
[2026-01-20T04:34:39.362+0000] {subprocess.py:93} INFO - 26/01/20 04:34:39 INFO BlockManagerInfo: Removed broadcast_1_piece0 on 519d7d29de3d:46223 in memory (size: 7.5 KiB, free: 434.3 MiB)
[2026-01-20T04:34:39.370+0000] {subprocess.py:93} INFO - 26/01/20 04:34:39 INFO BlockManagerInfo: Removed broadcast_8_piece0 on 519d7d29de3d:46223 in memory (size: 82.8 KiB, free: 434.4 MiB)
[2026-01-20T04:34:39.480+0000] {subprocess.py:93} INFO - 26/01/20 04:34:39 INFO Executor: Finished task 12.0 in stage 4.0 (TID 54). 2075 bytes result sent to driver
[2026-01-20T04:34:39.484+0000] {subprocess.py:93} INFO - 26/01/20 04:34:39 INFO TaskSetManager: Finished task 12.0 in stage 4.0 (TID 54) in 802 ms on 519d7d29de3d (executor driver) (1/13)
[2026-01-20T04:34:39.705+0000] {subprocess.py:93} INFO - 26/01/20 04:34:39 INFO Executor: Finished task 4.0 in stage 4.0 (TID 46). 2032 bytes result sent to driver
[2026-01-20T04:34:39.707+0000] {subprocess.py:93} INFO - 26/01/20 04:34:39 INFO Executor: Finished task 7.0 in stage 4.0 (TID 49). 2032 bytes result sent to driver
[2026-01-20T04:34:39.708+0000] {subprocess.py:93} INFO - 26/01/20 04:34:39 INFO Executor: Finished task 5.0 in stage 4.0 (TID 47). 2032 bytes result sent to driver
[2026-01-20T04:34:39.709+0000] {subprocess.py:93} INFO - 26/01/20 04:34:39 INFO TaskSetManager: Finished task 5.0 in stage 4.0 (TID 47) in 1029 ms on 519d7d29de3d (executor driver) (2/13)
[2026-01-20T04:34:39.709+0000] {subprocess.py:93} INFO - 26/01/20 04:34:39 INFO TaskSetManager: Finished task 7.0 in stage 4.0 (TID 49) in 1028 ms on 519d7d29de3d (executor driver) (3/13)
[2026-01-20T04:34:39.710+0000] {subprocess.py:93} INFO - 26/01/20 04:34:39 INFO TaskSetManager: Finished task 4.0 in stage 4.0 (TID 46) in 1030 ms on 519d7d29de3d (executor driver) (4/13)
[2026-01-20T04:34:39.711+0000] {subprocess.py:93} INFO - 26/01/20 04:34:39 INFO Executor: Finished task 9.0 in stage 4.0 (TID 51). 2032 bytes result sent to driver
[2026-01-20T04:34:39.712+0000] {subprocess.py:93} INFO - 26/01/20 04:34:39 INFO TaskSetManager: Finished task 9.0 in stage 4.0 (TID 51) in 1031 ms on 519d7d29de3d (executor driver) (5/13)
[2026-01-20T04:34:39.715+0000] {subprocess.py:93} INFO - 26/01/20 04:34:39 INFO Executor: Finished task 11.0 in stage 4.0 (TID 53). 2032 bytes result sent to driver
[2026-01-20T04:34:39.718+0000] {subprocess.py:93} INFO - 26/01/20 04:34:39 INFO TaskSetManager: Finished task 11.0 in stage 4.0 (TID 53) in 1036 ms on 519d7d29de3d (executor driver) (6/13)
[2026-01-20T04:34:39.721+0000] {subprocess.py:93} INFO - 26/01/20 04:34:39 INFO Executor: Finished task 0.0 in stage 4.0 (TID 42). 2075 bytes result sent to driver
[2026-01-20T04:34:39.722+0000] {subprocess.py:93} INFO - 26/01/20 04:34:39 INFO Executor: Finished task 1.0 in stage 4.0 (TID 43). 2075 bytes result sent to driver
[2026-01-20T04:34:39.723+0000] {subprocess.py:93} INFO - 26/01/20 04:34:39 INFO TaskSetManager: Finished task 0.0 in stage 4.0 (TID 42) in 1047 ms on 519d7d29de3d (executor driver) (7/13)
[2026-01-20T04:34:39.724+0000] {subprocess.py:93} INFO - 26/01/20 04:34:39 INFO TaskSetManager: Finished task 1.0 in stage 4.0 (TID 43) in 1047 ms on 519d7d29de3d (executor driver) (8/13)
[2026-01-20T04:34:39.725+0000] {subprocess.py:93} INFO - 26/01/20 04:34:39 INFO Executor: Finished task 6.0 in stage 4.0 (TID 48). 2032 bytes result sent to driver
[2026-01-20T04:34:39.726+0000] {subprocess.py:93} INFO - 26/01/20 04:34:39 INFO Executor: Finished task 3.0 in stage 4.0 (TID 45). 2032 bytes result sent to driver
[2026-01-20T04:34:39.727+0000] {subprocess.py:93} INFO - 26/01/20 04:34:39 INFO Executor: Finished task 2.0 in stage 4.0 (TID 44). 2032 bytes result sent to driver
[2026-01-20T04:34:39.728+0000] {subprocess.py:93} INFO - 26/01/20 04:34:39 INFO TaskSetManager: Finished task 6.0 in stage 4.0 (TID 48) in 1047 ms on 519d7d29de3d (executor driver) (9/13)
[2026-01-20T04:34:39.729+0000] {subprocess.py:93} INFO - 26/01/20 04:34:39 INFO Executor: Finished task 8.0 in stage 4.0 (TID 50). 2032 bytes result sent to driver
[2026-01-20T04:34:39.730+0000] {subprocess.py:93} INFO - 26/01/20 04:34:39 INFO TaskSetManager: Finished task 3.0 in stage 4.0 (TID 45) in 1050 ms on 519d7d29de3d (executor driver) (10/13)
[2026-01-20T04:34:39.730+0000] {subprocess.py:93} INFO - 26/01/20 04:34:39 INFO TaskSetManager: Finished task 2.0 in stage 4.0 (TID 44) in 1050 ms on 519d7d29de3d (executor driver) (11/13)
[2026-01-20T04:34:39.731+0000] {subprocess.py:93} INFO - 26/01/20 04:34:39 INFO TaskSetManager: Finished task 8.0 in stage 4.0 (TID 50) in 1048 ms on 519d7d29de3d (executor driver) (12/13)
[2026-01-20T04:34:39.732+0000] {subprocess.py:93} INFO - 26/01/20 04:34:39 INFO Executor: Finished task 10.0 in stage 4.0 (TID 52). 2032 bytes result sent to driver
[2026-01-20T04:34:39.733+0000] {subprocess.py:93} INFO - 26/01/20 04:34:39 INFO TaskSetManager: Finished task 10.0 in stage 4.0 (TID 52) in 1048 ms on 519d7d29de3d (executor driver) (13/13)
[2026-01-20T04:34:39.733+0000] {subprocess.py:93} INFO - 26/01/20 04:34:39 INFO TaskSchedulerImpl: Removed TaskSet 4.0, whose tasks have all completed, from pool
[2026-01-20T04:34:39.734+0000] {subprocess.py:93} INFO - 26/01/20 04:34:39 INFO DAGScheduler: ShuffleMapStage 4 (csv at NativeMethodAccessorImpl.java:0) finished in 1.093 s
[2026-01-20T04:34:39.735+0000] {subprocess.py:93} INFO - 26/01/20 04:34:39 INFO DAGScheduler: looking for newly runnable stages
[2026-01-20T04:34:39.736+0000] {subprocess.py:93} INFO - 26/01/20 04:34:39 INFO DAGScheduler: running: Set()
[2026-01-20T04:34:39.736+0000] {subprocess.py:93} INFO - 26/01/20 04:34:39 INFO DAGScheduler: waiting: Set()
[2026-01-20T04:34:39.737+0000] {subprocess.py:93} INFO - 26/01/20 04:34:39 INFO DAGScheduler: failed: Set()
[2026-01-20T04:34:39.750+0000] {subprocess.py:93} INFO - 26/01/20 04:34:39 INFO ShufflePartitionsUtil: For shuffle(0), advisory target size: 67108864, actual target size 1048576, minimum partition size: 1048576
[2026-01-20T04:34:39.826+0000] {subprocess.py:93} INFO - 26/01/20 04:34:39 INFO FileOutputCommitter: File Output Committer Algorithm version is 1
[2026-01-20T04:34:39.827+0000] {subprocess.py:93} INFO - 26/01/20 04:34:39 INFO FileOutputCommitter: FileOutputCommitter skip cleanup _temporary folders under output directory:false, ignore cleanup failures: false
[2026-01-20T04:34:39.827+0000] {subprocess.py:93} INFO - 26/01/20 04:34:39 INFO SQLHadoopMapReduceCommitProtocol: Using output committer class org.apache.hadoop.mapreduce.lib.output.FileOutputCommitter
[2026-01-20T04:34:39.898+0000] {subprocess.py:93} INFO - 26/01/20 04:34:39 INFO CodeGenerator: Code generated in 13.632291 ms
[2026-01-20T04:34:39.909+0000] {subprocess.py:93} INFO - 26/01/20 04:34:39 INFO CodeGenerator: Code generated in 8.352367 ms
[2026-01-20T04:34:40.022+0000] {subprocess.py:93} INFO - 26/01/20 04:34:40 INFO SparkContext: Starting job: csv at NativeMethodAccessorImpl.java:0
[2026-01-20T04:34:40.026+0000] {subprocess.py:93} INFO - 26/01/20 04:34:40 INFO DAGScheduler: Got job 5 (csv at NativeMethodAccessorImpl.java:0) with 1 output partitions
[2026-01-20T04:34:40.027+0000] {subprocess.py:93} INFO - 26/01/20 04:34:40 INFO DAGScheduler: Final stage: ResultStage 6 (csv at NativeMethodAccessorImpl.java:0)
[2026-01-20T04:34:40.028+0000] {subprocess.py:93} INFO - 26/01/20 04:34:40 INFO DAGScheduler: Parents of final stage: List(ShuffleMapStage 5)
[2026-01-20T04:34:40.029+0000] {subprocess.py:93} INFO - 26/01/20 04:34:40 INFO DAGScheduler: Missing parents: List()
[2026-01-20T04:34:40.029+0000] {subprocess.py:93} INFO - 26/01/20 04:34:40 INFO DAGScheduler: Submitting ResultStage 6 (MapPartitionsRDD[26] at csv at NativeMethodAccessorImpl.java:0), which has no missing parents
[2026-01-20T04:34:40.049+0000] {subprocess.py:93} INFO - 26/01/20 04:34:40 INFO MemoryStore: Block broadcast_11 stored as values in memory (estimated size 244.7 KiB, free 433.9 MiB)
[2026-01-20T04:34:40.053+0000] {subprocess.py:93} INFO - 26/01/20 04:34:40 INFO MemoryStore: Block broadcast_11_piece0 stored as bytes in memory (estimated size 91.6 KiB, free 433.8 MiB)
[2026-01-20T04:34:40.055+0000] {subprocess.py:93} INFO - 26/01/20 04:34:40 INFO BlockManagerInfo: Added broadcast_11_piece0 in memory on 519d7d29de3d:46223 (size: 91.6 KiB, free: 434.3 MiB)
[2026-01-20T04:34:40.056+0000] {subprocess.py:93} INFO - 26/01/20 04:34:40 INFO SparkContext: Created broadcast 11 from broadcast at DAGScheduler.scala:1580
[2026-01-20T04:34:40.057+0000] {subprocess.py:93} INFO - 26/01/20 04:34:40 INFO DAGScheduler: Submitting 1 missing tasks from ResultStage 6 (MapPartitionsRDD[26] at csv at NativeMethodAccessorImpl.java:0) (first 15 tasks are for partitions Vector(0))
[2026-01-20T04:34:40.058+0000] {subprocess.py:93} INFO - 26/01/20 04:34:40 INFO TaskSchedulerImpl: Adding task set 6.0 with 1 tasks resource profile 0
[2026-01-20T04:34:40.064+0000] {subprocess.py:93} INFO - 26/01/20 04:34:40 INFO TaskSetManager: Starting task 0.0 in stage 6.0 (TID 55) (519d7d29de3d, executor driver, partition 0, NODE_LOCAL, 7975 bytes)
[2026-01-20T04:34:40.065+0000] {subprocess.py:93} INFO - 26/01/20 04:34:40 INFO Executor: Running task 0.0 in stage 6.0 (TID 55)
[2026-01-20T04:34:40.092+0000] {subprocess.py:93} INFO - 26/01/20 04:34:40 INFO FileOutputCommitter: File Output Committer Algorithm version is 1
[2026-01-20T04:34:40.093+0000] {subprocess.py:93} INFO - 26/01/20 04:34:40 INFO FileOutputCommitter: FileOutputCommitter skip cleanup _temporary folders under output directory:false, ignore cleanup failures: false
[2026-01-20T04:34:40.094+0000] {subprocess.py:93} INFO - 26/01/20 04:34:40 INFO SQLHadoopMapReduceCommitProtocol: Using output committer class org.apache.hadoop.mapreduce.lib.output.FileOutputCommitter
[2026-01-20T04:34:40.265+0000] {subprocess.py:93} INFO - 26/01/20 04:34:40 INFO ShuffleBlockFetcherIterator: Getting 13 (1044.2 KiB) non-empty blocks including 13 (1044.2 KiB) local and 0 (0.0 B) host-local and 0 (0.0 B) push-merged-local and 0 (0.0 B) remote blocks
[2026-01-20T04:34:40.269+0000] {subprocess.py:93} INFO - 26/01/20 04:34:40 INFO ShuffleBlockFetcherIterator: Started 0 remote fetches in 15 ms
[2026-01-20T04:34:40.289+0000] {subprocess.py:93} INFO - 26/01/20 04:34:40 INFO CodeGenerator: Code generated in 13.305061 ms
[2026-01-20T04:34:40.311+0000] {subprocess.py:93} INFO - 26/01/20 04:34:40 INFO CodeGenerator: Code generated in 15.053139 ms
[2026-01-20T04:34:40.330+0000] {subprocess.py:93} INFO - 26/01/20 04:34:40 INFO CodeGenerator: Code generated in 10.306397 ms
[2026-01-20T04:34:40.352+0000] {subprocess.py:93} INFO - 26/01/20 04:34:40 INFO CodeGenerator: Code generated in 8.478684 ms
[2026-01-20T04:34:40.438+0000] {subprocess.py:93} INFO - 26/01/20 04:34:40 INFO CodeGenerator: Code generated in 5.48375 ms
[2026-01-20T04:34:40.454+0000] {subprocess.py:93} INFO - 26/01/20 04:34:40 INFO CodeGenerator: Code generated in 9.797152 ms
[2026-01-20T04:34:40.461+0000] {subprocess.py:93} INFO - 26/01/20 04:34:40 INFO CodeGenerator: Code generated in 6.098436 ms
[2026-01-20T04:34:40.469+0000] {subprocess.py:93} INFO - 26/01/20 04:34:40 INFO CodeGenerator: Code generated in 5.4059 ms
[2026-01-20T04:34:40.476+0000] {subprocess.py:93} INFO - 26/01/20 04:34:40 INFO CodeGenerator: Code generated in 6.495318 ms
[2026-01-20T04:34:40.487+0000] {subprocess.py:93} INFO - 26/01/20 04:34:40 INFO CodeGenerator: Code generated in 7.603167 ms
[2026-01-20T04:34:40.500+0000] {subprocess.py:93} INFO - 26/01/20 04:34:40 INFO CodeGenerator: Code generated in 9.112008 ms
[2026-01-20T04:34:40.580+0000] {subprocess.py:93} INFO - 26/01/20 04:34:40 INFO CodeGenerator: Code generated in 8.801216 ms
[2026-01-20T04:34:40.605+0000] {subprocess.py:93} INFO - 26/01/20 04:34:40 INFO CodeGenerator: Code generated in 16.264482 ms
[2026-01-20T04:34:40.618+0000] {subprocess.py:93} INFO - 26/01/20 04:34:40 INFO CodeGenerator: Code generated in 9.180176 ms
[2026-01-20T04:34:40.779+0000] {subprocess.py:93} INFO - 26/01/20 04:34:40 INFO ShuffleBlockFetcherIterator: Getting 13 (1039.8 KiB) non-empty blocks including 13 (1039.8 KiB) local and 0 (0.0 B) host-local and 0 (0.0 B) push-merged-local and 0 (0.0 B) remote blocks
[2026-01-20T04:34:40.780+0000] {subprocess.py:93} INFO - 26/01/20 04:34:40 INFO ShuffleBlockFetcherIterator: Started 0 remote fetches in 2 ms
[2026-01-20T04:34:40.986+0000] {subprocess.py:93} INFO - 26/01/20 04:34:40 INFO ShuffleBlockFetcherIterator: Getting 13 (1030.5 KiB) non-empty blocks including 13 (1030.5 KiB) local and 0 (0.0 B) host-local and 0 (0.0 B) push-merged-local and 0 (0.0 B) remote blocks
[2026-01-20T04:34:40.988+0000] {subprocess.py:93} INFO - 26/01/20 04:34:40 INFO ShuffleBlockFetcherIterator: Started 0 remote fetches in 2 ms
[2026-01-20T04:34:41.131+0000] {subprocess.py:93} INFO - 26/01/20 04:34:41 INFO ShuffleBlockFetcherIterator: Getting 13 (1283.5 KiB) non-empty blocks including 13 (1283.5 KiB) local and 0 (0.0 B) host-local and 0 (0.0 B) push-merged-local and 0 (0.0 B) remote blocks
[2026-01-20T04:34:41.132+0000] {subprocess.py:93} INFO - 26/01/20 04:34:41 INFO ShuffleBlockFetcherIterator: Started 0 remote fetches in 1 ms
[2026-01-20T04:34:41.176+0000] {subprocess.py:93} INFO - 26/01/20 04:34:41 INFO BlockManagerInfo: Removed broadcast_10_piece0 on 519d7d29de3d:46223 in memory (size: 8.8 KiB, free: 434.3 MiB)
[2026-01-20T04:34:41.436+0000] {subprocess.py:93} INFO - 26/01/20 04:34:41 INFO FileOutputCommitter: Saved output of task 'attempt_202601200434404905500263193268090_0006_m_000000_55' to file:/opt/spark-data/gold/transaction_analytics/_temporary/0/task_202601200434404905500263193268090_0006_m_000000
[2026-01-20T04:34:41.437+0000] {subprocess.py:93} INFO - 26/01/20 04:34:41 INFO SparkHadoopMapRedUtil: attempt_202601200434404905500263193268090_0006_m_000000_55: Committed. Elapsed time: 56 ms.
[2026-01-20T04:34:41.438+0000] {subprocess.py:93} INFO - 26/01/20 04:34:41 INFO Executor: Finished task 0.0 in stage 6.0 (TID 55). 5888 bytes result sent to driver
[2026-01-20T04:34:41.439+0000] {subprocess.py:93} INFO - 26/01/20 04:34:41 INFO TaskSetManager: Finished task 0.0 in stage 6.0 (TID 55) in 1379 ms on 519d7d29de3d (executor driver) (1/1)
[2026-01-20T04:34:41.439+0000] {subprocess.py:93} INFO - 26/01/20 04:34:41 INFO TaskSchedulerImpl: Removed TaskSet 6.0, whose tasks have all completed, from pool
[2026-01-20T04:34:41.441+0000] {subprocess.py:93} INFO - 26/01/20 04:34:41 INFO DAGScheduler: ResultStage 6 (csv at NativeMethodAccessorImpl.java:0) finished in 1.412 s
[2026-01-20T04:34:41.442+0000] {subprocess.py:93} INFO - 26/01/20 04:34:41 INFO DAGScheduler: Job 5 is finished. Cancelling potential speculative or zombie tasks for this job
[2026-01-20T04:34:41.442+0000] {subprocess.py:93} INFO - 26/01/20 04:34:41 INFO TaskSchedulerImpl: Killing all running tasks in stage 6: Stage finished
[2026-01-20T04:34:41.443+0000] {subprocess.py:93} INFO - 26/01/20 04:34:41 INFO DAGScheduler: Job 5 finished: csv at NativeMethodAccessorImpl.java:0, took 1.417966 s
[2026-01-20T04:34:41.443+0000] {subprocess.py:93} INFO - 26/01/20 04:34:41 INFO FileFormatWriter: Start to commit write Job fca3725b-db19-49e0-9039-613a2b79a5fd.
[2026-01-20T04:34:41.695+0000] {subprocess.py:93} INFO - 26/01/20 04:34:41 INFO FileFormatWriter: Write Job fca3725b-db19-49e0-9039-613a2b79a5fd committed. Elapsed time: 253 ms.
[2026-01-20T04:34:41.695+0000] {subprocess.py:93} INFO - 26/01/20 04:34:41 INFO FileFormatWriter: Finished processing stats for write job fca3725b-db19-49e0-9039-613a2b79a5fd.
[2026-01-20T04:34:41.696+0000] {subprocess.py:93} INFO - Analytics Table with Window Functions created successfully.
[2026-01-20T04:34:41.714+0000] {subprocess.py:93} INFO - Transactions All Of them!
[2026-01-20T04:34:41.754+0000] {subprocess.py:93} INFO - 26/01/20 04:34:41 INFO FileSourceStrategy: Pushed Filters: IsNotNull(line_items)
[2026-01-20T04:34:41.755+0000] {subprocess.py:93} INFO - 26/01/20 04:34:41 INFO FileSourceStrategy: Post-Scan Filters: (size(line_items#10, true) > 0),isnotnull(line_items#10)
[2026-01-20T04:34:41.815+0000] {subprocess.py:93} INFO - 26/01/20 04:34:41 INFO CodeGenerator: Code generated in 23.972927 ms
[2026-01-20T04:34:41.819+0000] {subprocess.py:93} INFO - 26/01/20 04:34:41 INFO MemoryStore: Block broadcast_12 stored as values in memory (estimated size 199.1 KiB, free 433.6 MiB)
[2026-01-20T04:34:41.833+0000] {subprocess.py:93} INFO - 26/01/20 04:34:41 INFO MemoryStore: Block broadcast_12_piece0 stored as bytes in memory (estimated size 34.2 KiB, free 433.6 MiB)
[2026-01-20T04:34:41.834+0000] {subprocess.py:93} INFO - 26/01/20 04:34:41 INFO BlockManagerInfo: Added broadcast_12_piece0 in memory on 519d7d29de3d:46223 (size: 34.2 KiB, free: 434.2 MiB)
[2026-01-20T04:34:41.835+0000] {subprocess.py:93} INFO - 26/01/20 04:34:41 INFO SparkContext: Created broadcast 12 from showString at NativeMethodAccessorImpl.java:0
[2026-01-20T04:34:41.836+0000] {subprocess.py:93} INFO - 26/01/20 04:34:41 INFO FileSourceScanExec: Planning scan with bin packing, max size: 4194304 bytes, open cost is considered as scanning 4194304 bytes.
[2026-01-20T04:34:41.849+0000] {subprocess.py:93} INFO - 26/01/20 04:34:41 INFO SparkContext: Starting job: showString at NativeMethodAccessorImpl.java:0
[2026-01-20T04:34:41.850+0000] {subprocess.py:93} INFO - 26/01/20 04:34:41 INFO DAGScheduler: Got job 6 (showString at NativeMethodAccessorImpl.java:0) with 1 output partitions
[2026-01-20T04:34:41.851+0000] {subprocess.py:93} INFO - 26/01/20 04:34:41 INFO DAGScheduler: Final stage: ResultStage 7 (showString at NativeMethodAccessorImpl.java:0)
[2026-01-20T04:34:41.852+0000] {subprocess.py:93} INFO - 26/01/20 04:34:41 INFO DAGScheduler: Parents of final stage: List()
[2026-01-20T04:34:41.853+0000] {subprocess.py:93} INFO - 26/01/20 04:34:41 INFO DAGScheduler: Missing parents: List()
[2026-01-20T04:34:41.854+0000] {subprocess.py:93} INFO - 26/01/20 04:34:41 INFO DAGScheduler: Submitting ResultStage 7 (MapPartitionsRDD[30] at showString at NativeMethodAccessorImpl.java:0), which has no missing parents
[2026-01-20T04:34:41.854+0000] {subprocess.py:93} INFO - 26/01/20 04:34:41 INFO MemoryStore: Block broadcast_13 stored as values in memory (estimated size 33.0 KiB, free 433.6 MiB)
[2026-01-20T04:34:41.855+0000] {subprocess.py:93} INFO - 26/01/20 04:34:41 INFO MemoryStore: Block broadcast_13_piece0 stored as bytes in memory (estimated size 11.6 KiB, free 433.6 MiB)
[2026-01-20T04:34:41.856+0000] {subprocess.py:93} INFO - 26/01/20 04:34:41 INFO BlockManagerInfo: Added broadcast_13_piece0 in memory on 519d7d29de3d:46223 (size: 11.6 KiB, free: 434.2 MiB)
[2026-01-20T04:34:41.857+0000] {subprocess.py:93} INFO - 26/01/20 04:34:41 INFO SparkContext: Created broadcast 13 from broadcast at DAGScheduler.scala:1580
[2026-01-20T04:34:41.858+0000] {subprocess.py:93} INFO - 26/01/20 04:34:41 INFO DAGScheduler: Submitting 1 missing tasks from ResultStage 7 (MapPartitionsRDD[30] at showString at NativeMethodAccessorImpl.java:0) (first 15 tasks are for partitions Vector(0))
[2026-01-20T04:34:41.859+0000] {subprocess.py:93} INFO - 26/01/20 04:34:41 INFO TaskSchedulerImpl: Adding task set 7.0 with 1 tasks resource profile 0
[2026-01-20T04:34:41.859+0000] {subprocess.py:93} INFO - 26/01/20 04:34:41 INFO TaskSetManager: Starting task 0.0 in stage 7.0 (TID 56) (519d7d29de3d, executor driver, partition 0, PROCESS_LOCAL, 8251 bytes)
[2026-01-20T04:34:41.860+0000] {subprocess.py:93} INFO - 26/01/20 04:34:41 INFO Executor: Running task 0.0 in stage 7.0 (TID 56)
[2026-01-20T04:34:41.889+0000] {subprocess.py:93} INFO - 26/01/20 04:34:41 INFO CodeGenerator: Code generated in 24.35318 ms
[2026-01-20T04:34:41.890+0000] {subprocess.py:93} INFO - 26/01/20 04:34:41 INFO FileScanRDD: Reading File path: file:///opt/spark-data/landing/transaction_events_1768879479.1820476.json, range: 0-4194304, partition values: [empty row]
[2026-01-20T04:34:41.909+0000] {subprocess.py:93} INFO - 26/01/20 04:34:41 INFO CodeGenerator: Code generated in 13.424979 ms
[2026-01-20T04:34:41.917+0000] {subprocess.py:93} INFO - 26/01/20 04:34:41 INFO CodeGenerator: Code generated in 5.851185 ms
[2026-01-20T04:34:41.947+0000] {subprocess.py:93} INFO - 26/01/20 04:34:41 INFO Executor: Finished task 0.0 in stage 7.0 (TID 56). 4867 bytes result sent to driver
[2026-01-20T04:34:41.949+0000] {subprocess.py:93} INFO - 26/01/20 04:34:41 INFO TaskSetManager: Finished task 0.0 in stage 7.0 (TID 56) in 89 ms on 519d7d29de3d (executor driver) (1/1)
[2026-01-20T04:34:41.949+0000] {subprocess.py:93} INFO - 26/01/20 04:34:41 INFO TaskSchedulerImpl: Removed TaskSet 7.0, whose tasks have all completed, from pool
[2026-01-20T04:34:41.950+0000] {subprocess.py:93} INFO - 26/01/20 04:34:41 INFO DAGScheduler: ResultStage 7 (showString at NativeMethodAccessorImpl.java:0) finished in 0.098 s
[2026-01-20T04:34:41.951+0000] {subprocess.py:93} INFO - 26/01/20 04:34:41 INFO DAGScheduler: Job 6 is finished. Cancelling potential speculative or zombie tasks for this job
[2026-01-20T04:34:41.951+0000] {subprocess.py:93} INFO - 26/01/20 04:34:41 INFO TaskSchedulerImpl: Killing all running tasks in stage 7: Stage finished
[2026-01-20T04:34:41.952+0000] {subprocess.py:93} INFO - 26/01/20 04:34:41 INFO DAGScheduler: Job 6 finished: showString at NativeMethodAccessorImpl.java:0, took 0.100956 s
[2026-01-20T04:34:41.976+0000] {subprocess.py:93} INFO - 26/01/20 04:34:41 INFO CodeGenerator: Code generated in 15.443079 ms
[2026-01-20T04:34:42.033+0000] {subprocess.py:93} INFO - +-----------------------------------------------------------+--------+------------------------------------+--------------+---------------------------------------------------------------+---------+--------+------+---------------------------+--------+------------------------------------+----------------+--------+------------------------------------------------------------------------------+
[2026-01-20T04:34:42.034+0000] {subprocess.py:93} INFO - |billing_address                                            |currency|original_transaction_id             |payment_method|shipping_address                                               |status   |subtotal|tax   |timestamp                  |total   |transaction_id                      |transaction_type|user_id |line_item                                                                     |
[2026-01-20T04:34:42.035+0000] {subprocess.py:93} INFO - +-----------------------------------------------------------+--------+------------------------------------+--------------+---------------------------------------------------------------+---------+--------+------+---------------------------+--------+------------------------------------+----------------+--------+------------------------------------------------------------------------------+
[2026-01-20T04:34:42.035+0000] {subprocess.py:93} INFO - |{Kellerberg, US, KY, 94532 Samantha Landing, 37817}        |USD     |NULL                                |google_pay    |{Paulhaven, US, NV, 4407 Dennis River, 25427}                  |completed|2191.48 |207.86|2026-01-19T17:38:50.066404Z|2399.34 |348310ad-5cb7-4825-b3ca-7cf7ccff0be9|purchase        |e771ed48|{GreenLife, beauty, PROD_2668, Essential Beauty Collection, 4, 54.92}         |
[2026-01-20T04:34:42.036+0000] {subprocess.py:93} INFO - |{Kellerberg, US, KY, 94532 Samantha Landing, 37817}        |USD     |NULL                                |google_pay    |{Paulhaven, US, NV, 4407 Dennis River, 25427}                  |completed|2191.48 |207.86|2026-01-19T17:38:50.066404Z|2399.34 |348310ad-5cb7-4825-b3ca-7cf7ccff0be9|purchase        |e771ed48|{HomeMax, clothing, PROD_2041, Compact Clothing Collection, 5, 394.36}        |
[2026-01-20T04:34:42.037+0000] {subprocess.py:93} INFO - |{Kentville, US, TN, 386 Cody Avenue Suite 938, 42478}      |USD     |NULL                                |paypal        |{Medinamouth, US, ND, 1006 Julie Landing, 24973}               |completed|2335.54 |152.15|2026-01-19T17:38:54.422514Z|2487.69 |7e29cc86-961b-442e-bfe5-58a085808589|purchase        |234a1570|{GreenLife, books, PROD_2272, Elite Books Model, 5, 408.48}                   |
[2026-01-20T04:34:42.037+0000] {subprocess.py:93} INFO - |{Kentville, US, TN, 386 Cody Avenue Suite 938, 42478}      |USD     |NULL                                |paypal        |{Medinamouth, US, ND, 1006 Julie Landing, 24973}               |completed|2335.54 |152.15|2026-01-19T17:38:54.422514Z|2487.69 |7e29cc86-961b-442e-bfe5-58a085808589|purchase        |234a1570|{TechPro, clothing, PROD_2782, Ultra Clothing Series, 1, 293.14}              |
[2026-01-20T04:34:42.038+0000] {subprocess.py:93} INFO - |{Wilsonland, US, OK, 4090 Townsend Island, 78458}          |USD     |a50574ae-6d1e-49bd-b0ee-42434f95452b|debit_card    |{Joshuafurt, US, TN, 59792 Newton Gateway Apt. 880, 42245}     |completed|394.75  |36.72 |2026-01-19T17:38:54.473993Z|-431.47 |299e5a97-a02a-46ed-98d5-67a2c78e216a|refund          |3982940f|{ProGear, clothing, PROD_1926, Elite Clothing Edition, 3, 16.22}              |
[2026-01-20T04:34:42.038+0000] {subprocess.py:93} INFO - |{Wilsonland, US, OK, 4090 Townsend Island, 78458}          |USD     |a50574ae-6d1e-49bd-b0ee-42434f95452b|debit_card    |{Joshuafurt, US, TN, 59792 Newton Gateway Apt. 880, 42245}     |completed|394.75  |36.72 |2026-01-19T17:38:54.473993Z|-431.47 |299e5a97-a02a-46ed-98d5-67a2c78e216a|refund          |3982940f|{EliteChoice, toys, PROD_2518, Ultimate Toys Line, 1, 346.09}                 |
[2026-01-20T04:34:42.039+0000] {subprocess.py:93} INFO - |{Tinashire, US, OR, 79732 Long Manors, 28680}              |USD     |NULL                                |paypal        |{New Tony, US, IL, 445 Christopher Harbors Suite 080, 38683}   |completed|671.2   |45.49 |2026-01-19T17:38:54.494470Z|716.69  |d4a66c43-e2cb-4bfe-bf45-1b5c54d128fd|purchase        |445fabcf|{SmartChoice, beauty, PROD_2733, Smart Beauty Line, 3, 180.48}                |
[2026-01-20T04:34:42.039+0000] {subprocess.py:93} INFO - |{Tinashire, US, OR, 79732 Long Manors, 28680}              |USD     |NULL                                |paypal        |{New Tony, US, IL, 445 Christopher Harbors Suite 080, 38683}   |completed|671.2   |45.49 |2026-01-19T17:38:54.494470Z|716.69  |d4a66c43-e2cb-4bfe-bf45-1b5c54d128fd|purchase        |445fabcf|{HomeMax, beauty, PROD_1580, Pro Beauty Pack, 1, 129.76}                      |
[2026-01-20T04:34:42.040+0000] {subprocess.py:93} INFO - |{Stoneburgh, US, OH, 7654 Selena Junctions Apt. 671, 25996}|USD     |e9975ea1-9a22-438d-a03b-87c4e417b1b5|credit_card   |{West Dawnhaven, US, MP, 816 Morrow Crossroad Suite 398, 60906}|completed|929.18  |88.21 |2026-01-19T17:38:54.501649Z|-1017.39|f55f83d0-554e-4a03-a51e-70e4c00dfc7e|refund          |406ee2f1|{EliteChoice, electronics, PROD_2919, Basic Electronics Collection, 2, 160.43}|
[2026-01-20T04:34:42.040+0000] {subprocess.py:93} INFO - |{Stoneburgh, US, OH, 7654 Selena Junctions Apt. 671, 25996}|USD     |e9975ea1-9a22-438d-a03b-87c4e417b1b5|credit_card   |{West Dawnhaven, US, MP, 816 Morrow Crossroad Suite 398, 60906}|completed|929.18  |88.21 |2026-01-19T17:38:54.501649Z|-1017.39|f55f83d0-554e-4a03-a51e-70e4c00dfc7e|refund          |406ee2f1|{EliteChoice, beauty, PROD_2894, Elite Beauty Line, 1, 299.1}                 |
[2026-01-20T04:34:42.041+0000] {subprocess.py:93} INFO - |{Stoneburgh, US, OH, 7654 Selena Junctions Apt. 671, 25996}|USD     |e9975ea1-9a22-438d-a03b-87c4e417b1b5|credit_card   |{West Dawnhaven, US, MP, 816 Morrow Crossroad Suite 398, 60906}|completed|929.18  |88.21 |2026-01-19T17:38:54.501649Z|-1017.39|f55f83d0-554e-4a03-a51e-70e4c00dfc7e|refund          |406ee2f1|{StyleCo, beauty, PROD_1330, Compact Beauty Series, 2, 154.61}                |
[2026-01-20T04:34:42.041+0000] {subprocess.py:93} INFO - |{Michellefort, US, ND, 507 Curtis Lodge Suite 318, 70153}  |USD     |NULL                                |credit_card   |{Lake Ashleyview, US, MA, 11214 Julie Dam, 95558}              |failed   |3604.62 |195.31|2026-01-19T17:38:54.507017Z|3799.93 |7f8b6d50-4aa4-4bd6-8616-f95c80d59c22|purchase        |f1f4c996|{HomeMax, food, PROD_1165, Compact Food Series, 5, 289.98}                    |
[2026-01-20T04:34:42.042+0000] {subprocess.py:93} INFO - |{Michellefort, US, ND, 507 Curtis Lodge Suite 318, 70153}  |USD     |NULL                                |credit_card   |{Lake Ashleyview, US, MA, 11214 Julie Dam, 95558}              |failed   |3604.62 |195.31|2026-01-19T17:38:54.507017Z|3799.93 |7f8b6d50-4aa4-4bd6-8616-f95c80d59c22|purchase        |f1f4c996|{StyleCo, home, PROD_1008, Modern Home Kit, 4, 351.11}                        |
[2026-01-20T04:34:42.042+0000] {subprocess.py:93} INFO - |{Michellefort, US, ND, 507 Curtis Lodge Suite 318, 70153}  |USD     |NULL                                |credit_card   |{Lake Ashleyview, US, MA, 11214 Julie Dam, 95558}              |failed   |3604.62 |195.31|2026-01-19T17:38:54.507017Z|3799.93 |7f8b6d50-4aa4-4bd6-8616-f95c80d59c22|purchase        |f1f4c996|{SmartChoice, toys, PROD_1056, Compact Toys Version, 2, 375.14}               |
[2026-01-20T04:34:42.043+0000] {subprocess.py:93} INFO - |{West Kelsey, US, KS, 76305 Amanda Ramp Apt. 310, 59142}   |USD     |NULL                                |google_pay    |{Gardnermouth, US, VA, 30340 Ronnie Knoll Suite 428, 31323}    |completed|3837.46 |361.72|2026-01-19T17:38:54.514401Z|4199.18 |61b112fa-c6a8-4eec-940f-5726da602d65|purchase        |a0846826|{SportFlex, beauty, PROD_2223, Advanced Beauty Pack, 5, 150.93}               |
[2026-01-20T04:34:42.043+0000] {subprocess.py:93} INFO - |{West Kelsey, US, KS, 76305 Amanda Ramp Apt. 310, 59142}   |USD     |NULL                                |google_pay    |{Gardnermouth, US, VA, 30340 Ronnie Knoll Suite 428, 31323}    |completed|3837.46 |361.72|2026-01-19T17:38:54.514401Z|4199.18 |61b112fa-c6a8-4eec-940f-5726da602d65|purchase        |a0846826|{TechPro, food, PROD_1114, Smart Food Collection, 1, 393.98}                  |
[2026-01-20T04:34:42.044+0000] {subprocess.py:93} INFO - |{West Kelsey, US, KS, 76305 Amanda Ramp Apt. 310, 59142}   |USD     |NULL                                |google_pay    |{Gardnermouth, US, VA, 30340 Ronnie Knoll Suite 428, 31323}    |completed|3837.46 |361.72|2026-01-19T17:38:54.514401Z|4199.18 |61b112fa-c6a8-4eec-940f-5726da602d65|purchase        |a0846826|{GreenLife, food, PROD_2835, Professional Food Collection, 5, 339.27}         |
[2026-01-20T04:34:42.045+0000] {subprocess.py:93} INFO - |{West Kelsey, US, KS, 76305 Amanda Ramp Apt. 310, 59142}   |USD     |NULL                                |google_pay    |{Gardnermouth, US, VA, 30340 Ronnie Knoll Suite 428, 31323}    |completed|3837.46 |361.72|2026-01-19T17:38:54.514401Z|4199.18 |61b112fa-c6a8-4eec-940f-5726da602d65|purchase        |a0846826|{EliteChoice, electronics, PROD_2922, Ultra Electronics Edition, 4, 248.12}   |
[2026-01-20T04:34:42.047+0000] {subprocess.py:93} INFO - |{Wilsonbury, US, IL, 5749 Kevin Harbor, 80292}             |USD     |NULL                                |google_pay    |{Danamouth, US, GU, 2102 Dennis Rue, 45882}                    |completed|4177.21 |365.45|2026-01-19T17:38:54.551107Z|4542.66 |94c0f5c3-431e-4785-8eb8-7eecf7ab6f3c|purchase        |a0846826|{SmartChoice, sports, PROD_2300, Ultra Sports Edition, 5, 372.83}             |
[2026-01-20T04:34:42.048+0000] {subprocess.py:93} INFO - |{Wilsonbury, US, IL, 5749 Kevin Harbor, 80292}             |USD     |NULL                                |google_pay    |{Danamouth, US, GU, 2102 Dennis Rue, 45882}                    |completed|4177.21 |365.45|2026-01-19T17:38:54.551107Z|4542.66 |94c0f5c3-431e-4785-8eb8-7eecf7ab6f3c|purchase        |a0846826|{StyleCo, books, PROD_2770, Professional Books Pack, 1, 422.54}               |
[2026-01-20T04:34:42.049+0000] {subprocess.py:93} INFO - +-----------------------------------------------------------+--------+------------------------------------+--------------+---------------------------------------------------------------+---------+--------+------+---------------------------+--------+------------------------------------+----------------+--------+------------------------------------------------------------------------------+
[2026-01-20T04:34:42.049+0000] {subprocess.py:93} INFO - only showing top 20 rows
[2026-01-20T04:34:42.051+0000] {subprocess.py:93} INFO - 
[2026-01-20T04:34:42.215+0000] {subprocess.py:93} INFO - Traceback (most recent call last):
[2026-01-20T04:34:42.216+0000] {subprocess.py:93} INFO -   File "/opt/spark-jobs/etl_job.py", line 177, in <module>
[2026-01-20T04:34:42.219+0000] {subprocess.py:93} INFO -     run_etl(spark,'/opt/spark-data/landing', '/opt/spark-data/gold')
[2026-01-20T04:34:42.220+0000] {subprocess.py:93} INFO -   File "/opt/spark-jobs/etl_job.py", line 163, in run_etl
[2026-01-20T04:34:42.223+0000] {subprocess.py:93} INFO -     user_events_cleaned(spark, df_topic_user, output_path)
[2026-01-20T04:34:42.224+0000] {subprocess.py:93} INFO -   File "/opt/spark-jobs/etl_job.py", line 134, in user_events_cleaned
[2026-01-20T04:34:42.227+0000] {subprocess.py:93} INFO -     user_events = df_topic_user_events.withColumn("line_item", F.explode("line_items"))
[2026-01-20T04:34:42.228+0000] {subprocess.py:93} INFO -   File "/opt/spark/python/lib/pyspark.zip/pyspark/sql/dataframe.py", line 5170, in withColumn
[2026-01-20T04:34:42.229+0000] {subprocess.py:93} INFO -   File "/opt/spark/python/lib/py4j-0.10.9.7-src.zip/py4j/java_gateway.py", line 1322, in __call__
[2026-01-20T04:34:42.229+0000] {subprocess.py:93} INFO -   File "/opt/spark/python/lib/pyspark.zip/pyspark/errors/exceptions/captured.py", line 185, in deco
[2026-01-20T04:34:42.242+0000] {subprocess.py:93} INFO - pyspark.errors.exceptions.captured.AnalysisException: [UNRESOLVED_COLUMN.WITH_SUGGESTION] A column or function parameter with name `line_items` cannot be resolved. Did you mean one of the following? [`device`, `city`, `timestamp`, `user_id`, `browser`].;
[2026-01-20T04:34:42.243+0000] {subprocess.py:93} INFO - 'Project [browser#44, city#45, country#46, device#47, element_id#48, event_id#49, event_type#50, ip_address#51, page#52, product_id#53, quantity#54L, search_query#55, session_id#56, timestamp#57, user_id#58, explode('line_items) AS line_item#416]
[2026-01-20T04:34:42.244+0000] {subprocess.py:93} INFO - +- Relation [browser#44,city#45,country#46,device#47,element_id#48,event_id#49,event_type#50,ip_address#51,page#52,product_id#53,quantity#54L,search_query#55,session_id#56,timestamp#57,user_id#58] json
[2026-01-20T04:34:42.245+0000] {subprocess.py:93} INFO - 
[2026-01-20T04:34:42.301+0000] {subprocess.py:93} INFO - 26/01/20 04:34:42 INFO SparkContext: Invoking stop() from shutdown hook
[2026-01-20T04:34:42.302+0000] {subprocess.py:93} INFO - 26/01/20 04:34:42 INFO SparkContext: SparkContext is stopping with exitCode 0.
[2026-01-20T04:34:42.314+0000] {subprocess.py:93} INFO - 26/01/20 04:34:42 INFO SparkUI: Stopped Spark web UI at http://519d7d29de3d:4040
[2026-01-20T04:34:42.327+0000] {subprocess.py:93} INFO - 26/01/20 04:34:42 INFO MapOutputTrackerMasterEndpoint: MapOutputTrackerMasterEndpoint stopped!
[2026-01-20T04:34:42.347+0000] {subprocess.py:93} INFO - 26/01/20 04:34:42 INFO MemoryStore: MemoryStore cleared
[2026-01-20T04:34:42.348+0000] {subprocess.py:93} INFO - 26/01/20 04:34:42 INFO BlockManager: BlockManager stopped
[2026-01-20T04:34:42.350+0000] {subprocess.py:93} INFO - 26/01/20 04:34:42 INFO BlockManagerMaster: BlockManagerMaster stopped
[2026-01-20T04:34:42.352+0000] {subprocess.py:93} INFO - 26/01/20 04:34:42 INFO OutputCommitCoordinator$OutputCommitCoordinatorEndpoint: OutputCommitCoordinator stopped!
[2026-01-20T04:34:42.367+0000] {subprocess.py:93} INFO - 26/01/20 04:34:42 INFO SparkContext: Successfully stopped SparkContext
[2026-01-20T04:34:42.368+0000] {subprocess.py:93} INFO - 26/01/20 04:34:42 INFO ShutdownHookManager: Shutdown hook called
[2026-01-20T04:34:42.369+0000] {subprocess.py:93} INFO - 26/01/20 04:34:42 INFO ShutdownHookManager: Deleting directory /tmp/spark-42a91183-afae-42fd-b738-410721bf38fe
[2026-01-20T04:34:42.373+0000] {subprocess.py:93} INFO - 26/01/20 04:34:42 INFO ShutdownHookManager: Deleting directory /tmp/spark-42a91183-afae-42fd-b738-410721bf38fe/pyspark-30e66772-114d-43b8-9098-e93b21c778e8
[2026-01-20T04:34:42.378+0000] {subprocess.py:93} INFO - 26/01/20 04:34:42 INFO ShutdownHookManager: Deleting directory /tmp/spark-29900eb4-4f20-480f-aae4-b665104d4d14
[2026-01-20T04:34:42.442+0000] {subprocess.py:97} INFO - Command exited with return code 1
[2026-01-20T04:34:42.459+0000] {taskinstance.py:2698} ERROR - Task failed with exception
Traceback (most recent call last):
  File "/home/airflow/.local/lib/python3.10/site-packages/airflow/models/taskinstance.py", line 433, in _execute_task
    result = execute_callable(context=context, **execute_callable_kwargs)
  File "/home/airflow/.local/lib/python3.10/site-packages/airflow/operators/bash.py", line 212, in execute
    raise AirflowException(
airflow.exceptions.AirflowException: Bash command failed. The command returned a non-zero exit code 1.
[2026-01-20T04:34:42.464+0000] {taskinstance.py:1138} INFO - Marking task as FAILED. dag_id=streamflow_main, task_id=Spark_Submit, execution_date=20260120T043418, start_date=20260120T043419, end_date=20260120T043442
[2026-01-20T04:34:42.482+0000] {standard_task_runner.py:107} ERROR - Failed to execute job 16 for task Spark_Submit (Bash command failed. The command returned a non-zero exit code 1.; 6894)
[2026-01-20T04:34:42.523+0000] {local_task_job_runner.py:234} INFO - Task exited with return code 1
[2026-01-20T04:34:42.544+0000] {taskinstance.py:3280} INFO - 0 downstream tasks scheduled from follow-on schedule check
