[2026-01-20T04:37:33.339+0000] {taskinstance.py:1956} INFO - Dependencies all met for dep_context=non-requeueable deps ti=<TaskInstance: streamflow_main.Spark_Submit manual__2026-01-20T04:37:31.685001+00:00 [queued]>
[2026-01-20T04:37:33.349+0000] {taskinstance.py:1956} INFO - Dependencies all met for dep_context=requeueable deps ti=<TaskInstance: streamflow_main.Spark_Submit manual__2026-01-20T04:37:31.685001+00:00 [queued]>
[2026-01-20T04:37:33.349+0000] {taskinstance.py:2170} INFO - Starting attempt 1 of 1
[2026-01-20T04:37:33.366+0000] {taskinstance.py:2191} INFO - Executing <Task(BashOperator): Spark_Submit> on 2026-01-20 04:37:31.685001+00:00
[2026-01-20T04:37:33.372+0000] {standard_task_runner.py:60} INFO - Started process 7398 to run task
[2026-01-20T04:37:33.375+0000] {standard_task_runner.py:87} INFO - Running: ['***', 'tasks', 'run', 'streamflow_main', 'Spark_Submit', 'manual__2026-01-20T04:37:31.685001+00:00', '--job-id', '17', '--raw', '--subdir', 'DAGS_FOLDER/dag_streamflow.py', '--cfg-path', '/tmp/tmp1xh7vf4c']
[2026-01-20T04:37:33.379+0000] {standard_task_runner.py:88} INFO - Job 17: Subtask Spark_Submit
[2026-01-20T04:37:33.440+0000] {task_command.py:423} INFO - Running <TaskInstance: streamflow_main.Spark_Submit manual__2026-01-20T04:37:31.685001+00:00 [running]> on host 519d7d29de3d
[2026-01-20T04:37:33.546+0000] {taskinstance.py:2480} INFO - Exporting env vars: AIRFLOW_CTX_DAG_OWNER='student' AIRFLOW_CTX_DAG_ID='streamflow_main' AIRFLOW_CTX_TASK_ID='Spark_Submit' AIRFLOW_CTX_EXECUTION_DATE='2026-01-20T04:37:31.685001+00:00' AIRFLOW_CTX_TRY_NUMBER='1' AIRFLOW_CTX_DAG_RUN_ID='manual__2026-01-20T04:37:31.685001+00:00'
[2026-01-20T04:37:33.548+0000] {subprocess.py:63} INFO - Tmp dir root location: /tmp
[2026-01-20T04:37:33.549+0000] {subprocess.py:75} INFO - Running command: ['/usr/bin/bash', '-c', '\n            spark-submit                 --master spark://spark-master:7077                 /opt/spark-jobs/etl_job.py\n        ']
[2026-01-20T04:37:33.559+0000] {subprocess.py:86} INFO - Output:
[2026-01-20T04:37:33.569+0000] {subprocess.py:93} INFO - /opt/spark/bin/load-spark-env.sh: line 68: ps: command not found
[2026-01-20T04:37:36.182+0000] {subprocess.py:93} INFO - 26/01/20 04:37:36 INFO SparkContext: Running Spark version 3.5.0
[2026-01-20T04:37:36.184+0000] {subprocess.py:93} INFO - 26/01/20 04:37:36 INFO SparkContext: OS info Linux, 5.15.167.4-microsoft-standard-WSL2, amd64
[2026-01-20T04:37:36.184+0000] {subprocess.py:93} INFO - 26/01/20 04:37:36 INFO SparkContext: Java version 17.0.17
[2026-01-20T04:37:36.228+0000] {subprocess.py:93} INFO - 26/01/20 04:37:36 WARN NativeCodeLoader: Unable to load native-hadoop library for your platform... using builtin-java classes where applicable
[2026-01-20T04:37:36.305+0000] {subprocess.py:93} INFO - 26/01/20 04:37:36 INFO ResourceUtils: ==============================================================
[2026-01-20T04:37:36.305+0000] {subprocess.py:93} INFO - 26/01/20 04:37:36 INFO ResourceUtils: No custom resources configured for spark.driver.
[2026-01-20T04:37:36.306+0000] {subprocess.py:93} INFO - 26/01/20 04:37:36 INFO ResourceUtils: ==============================================================
[2026-01-20T04:37:36.307+0000] {subprocess.py:93} INFO - 26/01/20 04:37:36 INFO SparkContext: Submitted application: ETL_job
[2026-01-20T04:37:36.324+0000] {subprocess.py:93} INFO - 26/01/20 04:37:36 INFO ResourceProfile: Default ResourceProfile created, executor resources: Map(cores -> name: cores, amount: 1, script: , vendor: , memory -> name: memory, amount: 1024, script: , vendor: , offHeap -> name: offHeap, amount: 0, script: , vendor: ), task resources: Map(cpus -> name: cpus, amount: 1.0)
[2026-01-20T04:37:36.331+0000] {subprocess.py:93} INFO - 26/01/20 04:37:36 INFO ResourceProfile: Limiting resource is cpu
[2026-01-20T04:37:36.332+0000] {subprocess.py:93} INFO - 26/01/20 04:37:36 INFO ResourceProfileManager: Added ResourceProfile id: 0
[2026-01-20T04:37:36.375+0000] {subprocess.py:93} INFO - 26/01/20 04:37:36 INFO SecurityManager: Changing view acls to: root
[2026-01-20T04:37:36.377+0000] {subprocess.py:93} INFO - 26/01/20 04:37:36 INFO SecurityManager: Changing modify acls to: root
[2026-01-20T04:37:36.378+0000] {subprocess.py:93} INFO - 26/01/20 04:37:36 INFO SecurityManager: Changing view acls groups to:
[2026-01-20T04:37:36.379+0000] {subprocess.py:93} INFO - 26/01/20 04:37:36 INFO SecurityManager: Changing modify acls groups to:
[2026-01-20T04:37:36.380+0000] {subprocess.py:93} INFO - 26/01/20 04:37:36 INFO SecurityManager: SecurityManager: authentication disabled; ui acls disabled; users with view permissions: root; groups with view permissions: EMPTY; users with modify permissions: root; groups with modify permissions: EMPTY
[2026-01-20T04:37:36.603+0000] {subprocess.py:93} INFO - 26/01/20 04:37:36 INFO Utils: Successfully started service 'sparkDriver' on port 38151.
[2026-01-20T04:37:36.636+0000] {subprocess.py:93} INFO - 26/01/20 04:37:36 INFO SparkEnv: Registering MapOutputTracker
[2026-01-20T04:37:36.672+0000] {subprocess.py:93} INFO - 26/01/20 04:37:36 INFO SparkEnv: Registering BlockManagerMaster
[2026-01-20T04:37:36.689+0000] {subprocess.py:93} INFO - 26/01/20 04:37:36 INFO BlockManagerMasterEndpoint: Using org.apache.spark.storage.DefaultTopologyMapper for getting topology information
[2026-01-20T04:37:36.690+0000] {subprocess.py:93} INFO - 26/01/20 04:37:36 INFO BlockManagerMasterEndpoint: BlockManagerMasterEndpoint up
[2026-01-20T04:37:36.694+0000] {subprocess.py:93} INFO - 26/01/20 04:37:36 INFO SparkEnv: Registering BlockManagerMasterHeartbeat
[2026-01-20T04:37:36.717+0000] {subprocess.py:93} INFO - 26/01/20 04:37:36 INFO DiskBlockManager: Created local directory at /tmp/blockmgr-c03be332-3a25-4e51-884e-d91c074f8f6b
[2026-01-20T04:37:36.732+0000] {subprocess.py:93} INFO - 26/01/20 04:37:36 INFO MemoryStore: MemoryStore started with capacity 434.4 MiB
[2026-01-20T04:37:36.753+0000] {subprocess.py:93} INFO - 26/01/20 04:37:36 INFO SparkEnv: Registering OutputCommitCoordinator
[2026-01-20T04:37:36.935+0000] {subprocess.py:93} INFO - 26/01/20 04:37:36 INFO JettyUtils: Start Jetty 0.0.0.0:4040 for SparkUI
[2026-01-20T04:37:37.016+0000] {subprocess.py:93} INFO - 26/01/20 04:37:37 INFO Utils: Successfully started service 'SparkUI' on port 4040.
[2026-01-20T04:37:37.143+0000] {subprocess.py:93} INFO - 26/01/20 04:37:37 INFO Executor: Starting executor ID driver on host 519d7d29de3d
[2026-01-20T04:37:37.144+0000] {subprocess.py:93} INFO - 26/01/20 04:37:37 INFO Executor: OS info Linux, 5.15.167.4-microsoft-standard-WSL2, amd64
[2026-01-20T04:37:37.145+0000] {subprocess.py:93} INFO - 26/01/20 04:37:37 INFO Executor: Java version 17.0.17
[2026-01-20T04:37:37.152+0000] {subprocess.py:93} INFO - 26/01/20 04:37:37 INFO Executor: Starting executor with user classpath (userClassPathFirst = false): ''
[2026-01-20T04:37:37.153+0000] {subprocess.py:93} INFO - 26/01/20 04:37:37 INFO Executor: Created or updated repl class loader org.apache.spark.util.MutableURLClassLoader@272584ff for default.
[2026-01-20T04:37:37.174+0000] {subprocess.py:93} INFO - 26/01/20 04:37:37 INFO Utils: Successfully started service 'org.apache.spark.network.netty.NettyBlockTransferService' on port 45195.
[2026-01-20T04:37:37.175+0000] {subprocess.py:93} INFO - 26/01/20 04:37:37 INFO NettyBlockTransferService: Server created on 519d7d29de3d:45195
[2026-01-20T04:37:37.177+0000] {subprocess.py:93} INFO - 26/01/20 04:37:37 INFO BlockManager: Using org.apache.spark.storage.RandomBlockReplicationPolicy for block replication policy
[2026-01-20T04:37:37.183+0000] {subprocess.py:93} INFO - 26/01/20 04:37:37 INFO BlockManagerMaster: Registering BlockManager BlockManagerId(driver, 519d7d29de3d, 45195, None)
[2026-01-20T04:37:37.187+0000] {subprocess.py:93} INFO - 26/01/20 04:37:37 INFO BlockManagerMasterEndpoint: Registering block manager 519d7d29de3d:45195 with 434.4 MiB RAM, BlockManagerId(driver, 519d7d29de3d, 45195, None)
[2026-01-20T04:37:37.189+0000] {subprocess.py:93} INFO - 26/01/20 04:37:37 INFO BlockManagerMaster: Registered BlockManager BlockManagerId(driver, 519d7d29de3d, 45195, None)
[2026-01-20T04:37:37.190+0000] {subprocess.py:93} INFO - 26/01/20 04:37:37 INFO BlockManager: Initialized BlockManager: BlockManagerId(driver, 519d7d29de3d, 45195, None)
[2026-01-20T04:37:37.561+0000] {subprocess.py:93} INFO - 26/01/20 04:37:37 INFO SharedState: Setting hive.metastore.warehouse.dir ('null') to the value of spark.sql.warehouse.dir.
[2026-01-20T04:37:37.567+0000] {subprocess.py:93} INFO - 26/01/20 04:37:37 INFO SharedState: Warehouse path is 'file:/tmp/***tmp79te85il/spark-warehouse'.
[2026-01-20T04:37:38.256+0000] {subprocess.py:93} INFO - 26/01/20 04:37:38 INFO InMemoryFileIndex: It took 49 ms to list leaf files for 1 paths.
[2026-01-20T04:37:38.336+0000] {subprocess.py:93} INFO - 26/01/20 04:37:38 INFO InMemoryFileIndex: It took 11 ms to list leaf files for 1 paths.
[2026-01-20T04:37:40.441+0000] {subprocess.py:93} INFO - 26/01/20 04:37:40 INFO FileSourceStrategy: Pushed Filters:
[2026-01-20T04:37:40.450+0000] {subprocess.py:93} INFO - 26/01/20 04:37:40 INFO FileSourceStrategy: Post-Scan Filters:
[2026-01-20T04:37:40.624+0000] {subprocess.py:93} INFO - 26/01/20 04:37:40 INFO MemoryStore: Block broadcast_0 stored as values in memory (estimated size 199.2 KiB, free 434.2 MiB)
[2026-01-20T04:37:40.667+0000] {subprocess.py:93} INFO - 26/01/20 04:37:40 INFO MemoryStore: Block broadcast_0_piece0 stored as bytes in memory (estimated size 34.2 KiB, free 434.2 MiB)
[2026-01-20T04:37:40.669+0000] {subprocess.py:93} INFO - 26/01/20 04:37:40 INFO BlockManagerInfo: Added broadcast_0_piece0 in memory on 519d7d29de3d:45195 (size: 34.2 KiB, free: 434.4 MiB)
[2026-01-20T04:37:40.673+0000] {subprocess.py:93} INFO - 26/01/20 04:37:40 INFO SparkContext: Created broadcast 0 from json at NativeMethodAccessorImpl.java:0
[2026-01-20T04:37:40.682+0000] {subprocess.py:93} INFO - 26/01/20 04:37:40 INFO FileSourceScanExec: Planning scan with bin packing, max size: 4194304 bytes, open cost is considered as scanning 4194304 bytes.
[2026-01-20T04:37:40.816+0000] {subprocess.py:93} INFO - 26/01/20 04:37:40 INFO SparkContext: Starting job: json at NativeMethodAccessorImpl.java:0
[2026-01-20T04:37:40.833+0000] {subprocess.py:93} INFO - 26/01/20 04:37:40 INFO DAGScheduler: Got job 0 (json at NativeMethodAccessorImpl.java:0) with 13 output partitions
[2026-01-20T04:37:40.834+0000] {subprocess.py:93} INFO - 26/01/20 04:37:40 INFO DAGScheduler: Final stage: ResultStage 0 (json at NativeMethodAccessorImpl.java:0)
[2026-01-20T04:37:40.835+0000] {subprocess.py:93} INFO - 26/01/20 04:37:40 INFO DAGScheduler: Parents of final stage: List()
[2026-01-20T04:37:40.836+0000] {subprocess.py:93} INFO - 26/01/20 04:37:40 INFO DAGScheduler: Missing parents: List()
[2026-01-20T04:37:40.838+0000] {subprocess.py:93} INFO - 26/01/20 04:37:40 INFO DAGScheduler: Submitting ResultStage 0 (MapPartitionsRDD[3] at json at NativeMethodAccessorImpl.java:0), which has no missing parents
[2026-01-20T04:37:40.913+0000] {subprocess.py:93} INFO - 26/01/20 04:37:40 INFO MemoryStore: Block broadcast_1 stored as values in memory (estimated size 16.0 KiB, free 434.2 MiB)
[2026-01-20T04:37:40.918+0000] {subprocess.py:93} INFO - 26/01/20 04:37:40 INFO MemoryStore: Block broadcast_1_piece0 stored as bytes in memory (estimated size 7.5 KiB, free 434.1 MiB)
[2026-01-20T04:37:40.919+0000] {subprocess.py:93} INFO - 26/01/20 04:37:40 INFO BlockManagerInfo: Added broadcast_1_piece0 in memory on 519d7d29de3d:45195 (size: 7.5 KiB, free: 434.4 MiB)
[2026-01-20T04:37:40.919+0000] {subprocess.py:93} INFO - 26/01/20 04:37:40 INFO SparkContext: Created broadcast 1 from broadcast at DAGScheduler.scala:1580
[2026-01-20T04:37:40.932+0000] {subprocess.py:93} INFO - 26/01/20 04:37:40 INFO DAGScheduler: Submitting 13 missing tasks from ResultStage 0 (MapPartitionsRDD[3] at json at NativeMethodAccessorImpl.java:0) (first 15 tasks are for partitions Vector(0, 1, 2, 3, 4, 5, 6, 7, 8, 9, 10, 11, 12))
[2026-01-20T04:37:40.934+0000] {subprocess.py:93} INFO - 26/01/20 04:37:40 INFO TaskSchedulerImpl: Adding task set 0.0 with 13 tasks resource profile 0
[2026-01-20T04:37:40.972+0000] {subprocess.py:93} INFO - 26/01/20 04:37:40 INFO TaskSetManager: Starting task 0.0 in stage 0.0 (TID 0) (519d7d29de3d, executor driver, partition 0, PROCESS_LOCAL, 8251 bytes)
[2026-01-20T04:37:40.974+0000] {subprocess.py:93} INFO - 26/01/20 04:37:40 INFO TaskSetManager: Starting task 1.0 in stage 0.0 (TID 1) (519d7d29de3d, executor driver, partition 1, PROCESS_LOCAL, 8251 bytes)
[2026-01-20T04:37:40.975+0000] {subprocess.py:93} INFO - 26/01/20 04:37:40 INFO TaskSetManager: Starting task 2.0 in stage 0.0 (TID 2) (519d7d29de3d, executor driver, partition 2, PROCESS_LOCAL, 8251 bytes)
[2026-01-20T04:37:40.976+0000] {subprocess.py:93} INFO - 26/01/20 04:37:40 INFO TaskSetManager: Starting task 3.0 in stage 0.0 (TID 3) (519d7d29de3d, executor driver, partition 3, PROCESS_LOCAL, 8251 bytes)
[2026-01-20T04:37:40.976+0000] {subprocess.py:93} INFO - 26/01/20 04:37:40 INFO TaskSetManager: Starting task 4.0 in stage 0.0 (TID 4) (519d7d29de3d, executor driver, partition 4, PROCESS_LOCAL, 8251 bytes)
[2026-01-20T04:37:40.977+0000] {subprocess.py:93} INFO - 26/01/20 04:37:40 INFO TaskSetManager: Starting task 5.0 in stage 0.0 (TID 5) (519d7d29de3d, executor driver, partition 5, PROCESS_LOCAL, 8251 bytes)
[2026-01-20T04:37:40.977+0000] {subprocess.py:93} INFO - 26/01/20 04:37:40 INFO TaskSetManager: Starting task 6.0 in stage 0.0 (TID 6) (519d7d29de3d, executor driver, partition 6, PROCESS_LOCAL, 8251 bytes)
[2026-01-20T04:37:40.978+0000] {subprocess.py:93} INFO - 26/01/20 04:37:40 INFO TaskSetManager: Starting task 7.0 in stage 0.0 (TID 7) (519d7d29de3d, executor driver, partition 7, PROCESS_LOCAL, 8251 bytes)
[2026-01-20T04:37:40.978+0000] {subprocess.py:93} INFO - 26/01/20 04:37:40 INFO TaskSetManager: Starting task 8.0 in stage 0.0 (TID 8) (519d7d29de3d, executor driver, partition 8, PROCESS_LOCAL, 8251 bytes)
[2026-01-20T04:37:40.979+0000] {subprocess.py:93} INFO - 26/01/20 04:37:40 INFO TaskSetManager: Starting task 9.0 in stage 0.0 (TID 9) (519d7d29de3d, executor driver, partition 9, PROCESS_LOCAL, 8251 bytes)
[2026-01-20T04:37:40.980+0000] {subprocess.py:93} INFO - 26/01/20 04:37:40 INFO TaskSetManager: Starting task 10.0 in stage 0.0 (TID 10) (519d7d29de3d, executor driver, partition 10, PROCESS_LOCAL, 8251 bytes)
[2026-01-20T04:37:40.980+0000] {subprocess.py:93} INFO - 26/01/20 04:37:40 INFO TaskSetManager: Starting task 11.0 in stage 0.0 (TID 11) (519d7d29de3d, executor driver, partition 11, PROCESS_LOCAL, 8251 bytes)
[2026-01-20T04:37:40.981+0000] {subprocess.py:93} INFO - 26/01/20 04:37:40 INFO TaskSetManager: Starting task 12.0 in stage 0.0 (TID 12) (519d7d29de3d, executor driver, partition 12, PROCESS_LOCAL, 8251 bytes)
[2026-01-20T04:37:40.990+0000] {subprocess.py:93} INFO - 26/01/20 04:37:40 INFO Executor: Running task 5.0 in stage 0.0 (TID 5)
[2026-01-20T04:37:40.991+0000] {subprocess.py:93} INFO - 26/01/20 04:37:40 INFO Executor: Running task 7.0 in stage 0.0 (TID 7)
[2026-01-20T04:37:40.992+0000] {subprocess.py:93} INFO - 26/01/20 04:37:40 INFO Executor: Running task 1.0 in stage 0.0 (TID 1)
[2026-01-20T04:37:40.993+0000] {subprocess.py:93} INFO - 26/01/20 04:37:40 INFO Executor: Running task 0.0 in stage 0.0 (TID 0)
[2026-01-20T04:37:40.994+0000] {subprocess.py:93} INFO - 26/01/20 04:37:40 INFO Executor: Running task 2.0 in stage 0.0 (TID 2)
[2026-01-20T04:37:40.994+0000] {subprocess.py:93} INFO - 26/01/20 04:37:40 INFO Executor: Running task 4.0 in stage 0.0 (TID 4)
[2026-01-20T04:37:40.995+0000] {subprocess.py:93} INFO - 26/01/20 04:37:40 INFO Executor: Running task 6.0 in stage 0.0 (TID 6)
[2026-01-20T04:37:40.995+0000] {subprocess.py:93} INFO - 26/01/20 04:37:40 INFO Executor: Running task 8.0 in stage 0.0 (TID 8)
[2026-01-20T04:37:40.996+0000] {subprocess.py:93} INFO - 26/01/20 04:37:40 INFO Executor: Running task 3.0 in stage 0.0 (TID 3)
[2026-01-20T04:37:40.997+0000] {subprocess.py:93} INFO - 26/01/20 04:37:40 INFO Executor: Running task 9.0 in stage 0.0 (TID 9)
[2026-01-20T04:37:40.998+0000] {subprocess.py:93} INFO - 26/01/20 04:37:40 INFO Executor: Running task 10.0 in stage 0.0 (TID 10)
[2026-01-20T04:37:41.000+0000] {subprocess.py:93} INFO - 26/01/20 04:37:40 INFO Executor: Running task 11.0 in stage 0.0 (TID 11)
[2026-01-20T04:37:41.002+0000] {subprocess.py:93} INFO - 26/01/20 04:37:40 INFO Executor: Running task 12.0 in stage 0.0 (TID 12)
[2026-01-20T04:37:41.205+0000] {subprocess.py:93} INFO - 26/01/20 04:37:41 INFO FileScanRDD: Reading File path: file:///opt/spark-data/landing/transaction_events_1768879479.1820476.json, range: 20971520-25165824, partition values: [empty row]
[2026-01-20T04:37:41.206+0000] {subprocess.py:93} INFO - 26/01/20 04:37:41 INFO FileScanRDD: Reading File path: file:///opt/spark-data/landing/transaction_events_1768879479.1820476.json, range: 25165824-29360128, partition values: [empty row]
[2026-01-20T04:37:41.207+0000] {subprocess.py:93} INFO - 26/01/20 04:37:41 INFO FileScanRDD: Reading File path: file:///opt/spark-data/landing/transaction_events_1768879479.1820476.json, range: 0-4194304, partition values: [empty row]
[2026-01-20T04:37:41.208+0000] {subprocess.py:93} INFO - 26/01/20 04:37:41 INFO FileScanRDD: Reading File path: file:///opt/spark-data/landing/transaction_events_1768879479.1820476.json, range: 33554432-37748736, partition values: [empty row]
[2026-01-20T04:37:41.209+0000] {subprocess.py:93} INFO - 26/01/20 04:37:41 INFO FileScanRDD: Reading File path: file:///opt/spark-data/landing/transaction_events_1768879479.1820476.json, range: 12582912-16777216, partition values: [empty row]
[2026-01-20T04:37:41.209+0000] {subprocess.py:93} INFO - 26/01/20 04:37:41 INFO FileScanRDD: Reading File path: file:///opt/spark-data/landing/transaction_events_1768879479.1820476.json, range: 4194304-8388608, partition values: [empty row]
[2026-01-20T04:37:41.210+0000] {subprocess.py:93} INFO - 26/01/20 04:37:41 INFO FileScanRDD: Reading File path: file:///opt/spark-data/landing/transaction_events_1768879479.1820476.json, range: 37748736-41943040, partition values: [empty row]
[2026-01-20T04:37:41.211+0000] {subprocess.py:93} INFO - 26/01/20 04:37:41 INFO FileScanRDD: Reading File path: file:///opt/spark-data/landing/transaction_events_1768879479.1820476.json, range: 46137344-50331648, partition values: [empty row]
[2026-01-20T04:37:41.211+0000] {subprocess.py:93} INFO - 26/01/20 04:37:41 INFO FileScanRDD: Reading File path: file:///opt/spark-data/landing/transaction_events_1768879479.1820476.json, range: 8388608-12582912, partition values: [empty row]
[2026-01-20T04:37:41.212+0000] {subprocess.py:93} INFO - 26/01/20 04:37:41 INFO FileScanRDD: Reading File path: file:///opt/spark-data/landing/transaction_events_1768879479.1820476.json, range: 41943040-46137344, partition values: [empty row]
[2026-01-20T04:37:41.213+0000] {subprocess.py:93} INFO - 26/01/20 04:37:41 INFO FileScanRDD: Reading File path: file:///opt/spark-data/landing/transaction_events_1768879479.1820476.json, range: 16777216-20971520, partition values: [empty row]
[2026-01-20T04:37:41.214+0000] {subprocess.py:93} INFO - 26/01/20 04:37:41 INFO FileScanRDD: Reading File path: file:///opt/spark-data/landing/transaction_events_1768879479.1820476.json, range: 50331648-51561162, partition values: [empty row]
[2026-01-20T04:37:41.214+0000] {subprocess.py:93} INFO - 26/01/20 04:37:41 INFO FileScanRDD: Reading File path: file:///opt/spark-data/landing/transaction_events_1768879479.1820476.json, range: 29360128-33554432, partition values: [empty row]
[2026-01-20T04:37:41.403+0000] {subprocess.py:93} INFO - 26/01/20 04:37:41 INFO CodeGenerator: Code generated in 152.646943 ms
[2026-01-20T04:37:42.064+0000] {subprocess.py:93} INFO - 26/01/20 04:37:42 INFO Executor: Finished task 12.0 in stage 0.0 (TID 12). 3067 bytes result sent to driver
[2026-01-20T04:37:42.081+0000] {subprocess.py:93} INFO - 26/01/20 04:37:42 INFO TaskSetManager: Finished task 12.0 in stage 0.0 (TID 12) in 1101 ms on 519d7d29de3d (executor driver) (1/13)
[2026-01-20T04:37:42.241+0000] {subprocess.py:93} INFO - 26/01/20 04:37:42 INFO Executor: Finished task 3.0 in stage 0.0 (TID 3). 3024 bytes result sent to driver
[2026-01-20T04:37:42.244+0000] {subprocess.py:93} INFO - 26/01/20 04:37:42 INFO Executor: Finished task 4.0 in stage 0.0 (TID 4). 3024 bytes result sent to driver
[2026-01-20T04:37:42.246+0000] {subprocess.py:93} INFO - 26/01/20 04:37:42 INFO Executor: Finished task 8.0 in stage 0.0 (TID 8). 3067 bytes result sent to driver
[2026-01-20T04:37:42.247+0000] {subprocess.py:93} INFO - 26/01/20 04:37:42 INFO Executor: Finished task 6.0 in stage 0.0 (TID 6). 3024 bytes result sent to driver
[2026-01-20T04:37:42.248+0000] {subprocess.py:93} INFO - 26/01/20 04:37:42 INFO Executor: Finished task 5.0 in stage 0.0 (TID 5). 3024 bytes result sent to driver
[2026-01-20T04:37:42.250+0000] {subprocess.py:93} INFO - 26/01/20 04:37:42 INFO TaskSetManager: Finished task 4.0 in stage 0.0 (TID 4) in 1271 ms on 519d7d29de3d (executor driver) (2/13)
[2026-01-20T04:37:42.251+0000] {subprocess.py:93} INFO - 26/01/20 04:37:42 INFO Executor: Finished task 7.0 in stage 0.0 (TID 7). 3067 bytes result sent to driver
[2026-01-20T04:37:42.252+0000] {subprocess.py:93} INFO - 26/01/20 04:37:42 INFO TaskSetManager: Finished task 3.0 in stage 0.0 (TID 3) in 1272 ms on 519d7d29de3d (executor driver) (3/13)
[2026-01-20T04:37:42.253+0000] {subprocess.py:93} INFO - 26/01/20 04:37:42 INFO Executor: Finished task 9.0 in stage 0.0 (TID 9). 3024 bytes result sent to driver
[2026-01-20T04:37:42.254+0000] {subprocess.py:93} INFO - 26/01/20 04:37:42 INFO TaskSetManager: Finished task 8.0 in stage 0.0 (TID 8) in 1271 ms on 519d7d29de3d (executor driver) (4/13)
[2026-01-20T04:37:42.255+0000] {subprocess.py:93} INFO - 26/01/20 04:37:42 INFO Executor: Finished task 0.0 in stage 0.0 (TID 0). 3024 bytes result sent to driver
[2026-01-20T04:37:42.256+0000] {subprocess.py:93} INFO - 26/01/20 04:37:42 INFO TaskSetManager: Finished task 6.0 in stage 0.0 (TID 6) in 1274 ms on 519d7d29de3d (executor driver) (5/13)
[2026-01-20T04:37:42.257+0000] {subprocess.py:93} INFO - 26/01/20 04:37:42 INFO TaskSetManager: Finished task 5.0 in stage 0.0 (TID 5) in 1275 ms on 519d7d29de3d (executor driver) (6/13)
[2026-01-20T04:37:42.257+0000] {subprocess.py:93} INFO - 26/01/20 04:37:42 INFO Executor: Finished task 10.0 in stage 0.0 (TID 10). 3024 bytes result sent to driver
[2026-01-20T04:37:42.258+0000] {subprocess.py:93} INFO - 26/01/20 04:37:42 INFO TaskSetManager: Finished task 9.0 in stage 0.0 (TID 9) in 1274 ms on 519d7d29de3d (executor driver) (7/13)
[2026-01-20T04:37:42.260+0000] {subprocess.py:93} INFO - 26/01/20 04:37:42 INFO TaskSetManager: Finished task 7.0 in stage 0.0 (TID 7) in 1275 ms on 519d7d29de3d (executor driver) (8/13)
[2026-01-20T04:37:42.261+0000] {subprocess.py:93} INFO - 26/01/20 04:37:42 INFO Executor: Finished task 11.0 in stage 0.0 (TID 11). 3024 bytes result sent to driver
[2026-01-20T04:37:42.262+0000] {subprocess.py:93} INFO - 26/01/20 04:37:42 INFO Executor: Finished task 1.0 in stage 0.0 (TID 1). 3067 bytes result sent to driver
[2026-01-20T04:37:42.262+0000] {subprocess.py:93} INFO - 26/01/20 04:37:42 INFO TaskSetManager: Finished task 0.0 in stage 0.0 (TID 0) in 1293 ms on 519d7d29de3d (executor driver) (9/13)
[2026-01-20T04:37:42.264+0000] {subprocess.py:93} INFO - 26/01/20 04:37:42 INFO TaskSetManager: Finished task 10.0 in stage 0.0 (TID 10) in 1276 ms on 519d7d29de3d (executor driver) (10/13)
[2026-01-20T04:37:42.264+0000] {subprocess.py:93} INFO - 26/01/20 04:37:42 INFO TaskSetManager: Finished task 11.0 in stage 0.0 (TID 11) in 1278 ms on 519d7d29de3d (executor driver) (11/13)
[2026-01-20T04:37:42.265+0000] {subprocess.py:93} INFO - 26/01/20 04:37:42 INFO Executor: Finished task 2.0 in stage 0.0 (TID 2). 3024 bytes result sent to driver
[2026-01-20T04:37:42.266+0000] {subprocess.py:93} INFO - 26/01/20 04:37:42 INFO TaskSetManager: Finished task 1.0 in stage 0.0 (TID 1) in 1283 ms on 519d7d29de3d (executor driver) (12/13)
[2026-01-20T04:37:42.267+0000] {subprocess.py:93} INFO - 26/01/20 04:37:42 INFO TaskSetManager: Finished task 2.0 in stage 0.0 (TID 2) in 1285 ms on 519d7d29de3d (executor driver) (13/13)
[2026-01-20T04:37:42.268+0000] {subprocess.py:93} INFO - 26/01/20 04:37:42 INFO TaskSchedulerImpl: Removed TaskSet 0.0, whose tasks have all completed, from pool
[2026-01-20T04:37:42.269+0000] {subprocess.py:93} INFO - 26/01/20 04:37:42 INFO DAGScheduler: ResultStage 0 (json at NativeMethodAccessorImpl.java:0) finished in 1.408 s
[2026-01-20T04:37:42.270+0000] {subprocess.py:93} INFO - 26/01/20 04:37:42 INFO DAGScheduler: Job 0 is finished. Cancelling potential speculative or zombie tasks for this job
[2026-01-20T04:37:42.271+0000] {subprocess.py:93} INFO - 26/01/20 04:37:42 INFO TaskSchedulerImpl: Killing all running tasks in stage 0: Stage finished
[2026-01-20T04:37:42.274+0000] {subprocess.py:93} INFO - 26/01/20 04:37:42 INFO DAGScheduler: Job 0 finished: json at NativeMethodAccessorImpl.java:0, took 1.456468 s
[2026-01-20T04:37:42.429+0000] {subprocess.py:93} INFO - 26/01/20 04:37:42 INFO InMemoryFileIndex: It took 12 ms to list leaf files for 1 paths.
[2026-01-20T04:37:42.461+0000] {subprocess.py:93} INFO - 26/01/20 04:37:42 INFO InMemoryFileIndex: It took 13 ms to list leaf files for 1 paths.
[2026-01-20T04:37:42.541+0000] {subprocess.py:93} INFO - 26/01/20 04:37:42 INFO FileSourceStrategy: Pushed Filters:
[2026-01-20T04:37:42.543+0000] {subprocess.py:93} INFO - 26/01/20 04:37:42 INFO FileSourceStrategy: Post-Scan Filters:
[2026-01-20T04:37:42.553+0000] {subprocess.py:93} INFO - 26/01/20 04:37:42 INFO MemoryStore: Block broadcast_2 stored as values in memory (estimated size 199.2 KiB, free 434.0 MiB)
[2026-01-20T04:37:42.575+0000] {subprocess.py:93} INFO - 26/01/20 04:37:42 INFO MemoryStore: Block broadcast_2_piece0 stored as bytes in memory (estimated size 34.2 KiB, free 433.9 MiB)
[2026-01-20T04:37:42.577+0000] {subprocess.py:93} INFO - 26/01/20 04:37:42 INFO BlockManagerInfo: Added broadcast_2_piece0 in memory on 519d7d29de3d:45195 (size: 34.2 KiB, free: 434.3 MiB)
[2026-01-20T04:37:42.580+0000] {subprocess.py:93} INFO - 26/01/20 04:37:42 INFO SparkContext: Created broadcast 2 from json at NativeMethodAccessorImpl.java:0
[2026-01-20T04:37:42.582+0000] {subprocess.py:93} INFO - 26/01/20 04:37:42 INFO FileSourceScanExec: Planning scan with bin packing, max size: 4194304 bytes, open cost is considered as scanning 4194304 bytes.
[2026-01-20T04:37:42.606+0000] {subprocess.py:93} INFO - 26/01/20 04:37:42 INFO SparkContext: Starting job: json at NativeMethodAccessorImpl.java:0
[2026-01-20T04:37:42.609+0000] {subprocess.py:93} INFO - 26/01/20 04:37:42 INFO DAGScheduler: Got job 1 (json at NativeMethodAccessorImpl.java:0) with 8 output partitions
[2026-01-20T04:37:42.610+0000] {subprocess.py:93} INFO - 26/01/20 04:37:42 INFO DAGScheduler: Final stage: ResultStage 1 (json at NativeMethodAccessorImpl.java:0)
[2026-01-20T04:37:42.611+0000] {subprocess.py:93} INFO - 26/01/20 04:37:42 INFO DAGScheduler: Parents of final stage: List()
[2026-01-20T04:37:42.612+0000] {subprocess.py:93} INFO - 26/01/20 04:37:42 INFO DAGScheduler: Missing parents: List()
[2026-01-20T04:37:42.613+0000] {subprocess.py:93} INFO - 26/01/20 04:37:42 INFO DAGScheduler: Submitting ResultStage 1 (MapPartitionsRDD[7] at json at NativeMethodAccessorImpl.java:0), which has no missing parents
[2026-01-20T04:37:42.617+0000] {subprocess.py:93} INFO - 26/01/20 04:37:42 INFO MemoryStore: Block broadcast_3 stored as values in memory (estimated size 16.0 KiB, free 433.9 MiB)
[2026-01-20T04:37:42.620+0000] {subprocess.py:93} INFO - 26/01/20 04:37:42 INFO MemoryStore: Block broadcast_3_piece0 stored as bytes in memory (estimated size 7.5 KiB, free 433.9 MiB)
[2026-01-20T04:37:42.621+0000] {subprocess.py:93} INFO - 26/01/20 04:37:42 INFO BlockManagerInfo: Added broadcast_3_piece0 in memory on 519d7d29de3d:45195 (size: 7.5 KiB, free: 434.3 MiB)
[2026-01-20T04:37:42.623+0000] {subprocess.py:93} INFO - 26/01/20 04:37:42 INFO SparkContext: Created broadcast 3 from broadcast at DAGScheduler.scala:1580
[2026-01-20T04:37:42.625+0000] {subprocess.py:93} INFO - 26/01/20 04:37:42 INFO DAGScheduler: Submitting 8 missing tasks from ResultStage 1 (MapPartitionsRDD[7] at json at NativeMethodAccessorImpl.java:0) (first 15 tasks are for partitions Vector(0, 1, 2, 3, 4, 5, 6, 7))
[2026-01-20T04:37:42.626+0000] {subprocess.py:93} INFO - 26/01/20 04:37:42 INFO TaskSchedulerImpl: Adding task set 1.0 with 8 tasks resource profile 0
[2026-01-20T04:37:42.630+0000] {subprocess.py:93} INFO - 26/01/20 04:37:42 INFO TaskSetManager: Starting task 0.0 in stage 1.0 (TID 13) (519d7d29de3d, executor driver, partition 0, PROCESS_LOCAL, 8244 bytes)
[2026-01-20T04:37:42.631+0000] {subprocess.py:93} INFO - 26/01/20 04:37:42 INFO TaskSetManager: Starting task 1.0 in stage 1.0 (TID 14) (519d7d29de3d, executor driver, partition 1, PROCESS_LOCAL, 8244 bytes)
[2026-01-20T04:37:42.632+0000] {subprocess.py:93} INFO - 26/01/20 04:37:42 INFO TaskSetManager: Starting task 2.0 in stage 1.0 (TID 15) (519d7d29de3d, executor driver, partition 2, PROCESS_LOCAL, 8244 bytes)
[2026-01-20T04:37:42.632+0000] {subprocess.py:93} INFO - 26/01/20 04:37:42 INFO TaskSetManager: Starting task 3.0 in stage 1.0 (TID 16) (519d7d29de3d, executor driver, partition 3, PROCESS_LOCAL, 8244 bytes)
[2026-01-20T04:37:42.634+0000] {subprocess.py:93} INFO - 26/01/20 04:37:42 INFO TaskSetManager: Starting task 4.0 in stage 1.0 (TID 17) (519d7d29de3d, executor driver, partition 4, PROCESS_LOCAL, 8244 bytes)
[2026-01-20T04:37:42.634+0000] {subprocess.py:93} INFO - 26/01/20 04:37:42 INFO TaskSetManager: Starting task 5.0 in stage 1.0 (TID 18) (519d7d29de3d, executor driver, partition 5, PROCESS_LOCAL, 8244 bytes)
[2026-01-20T04:37:42.635+0000] {subprocess.py:93} INFO - 26/01/20 04:37:42 INFO TaskSetManager: Starting task 6.0 in stage 1.0 (TID 19) (519d7d29de3d, executor driver, partition 6, PROCESS_LOCAL, 8244 bytes)
[2026-01-20T04:37:42.636+0000] {subprocess.py:93} INFO - 26/01/20 04:37:42 INFO TaskSetManager: Starting task 7.0 in stage 1.0 (TID 20) (519d7d29de3d, executor driver, partition 7, PROCESS_LOCAL, 8244 bytes)
[2026-01-20T04:37:42.637+0000] {subprocess.py:93} INFO - 26/01/20 04:37:42 INFO Executor: Running task 0.0 in stage 1.0 (TID 13)
[2026-01-20T04:37:42.638+0000] {subprocess.py:93} INFO - 26/01/20 04:37:42 INFO Executor: Running task 1.0 in stage 1.0 (TID 14)
[2026-01-20T04:37:42.639+0000] {subprocess.py:93} INFO - 26/01/20 04:37:42 INFO Executor: Running task 2.0 in stage 1.0 (TID 15)
[2026-01-20T04:37:42.640+0000] {subprocess.py:93} INFO - 26/01/20 04:37:42 INFO Executor: Running task 3.0 in stage 1.0 (TID 16)
[2026-01-20T04:37:42.641+0000] {subprocess.py:93} INFO - 26/01/20 04:37:42 INFO Executor: Running task 5.0 in stage 1.0 (TID 18)
[2026-01-20T04:37:42.642+0000] {subprocess.py:93} INFO - 26/01/20 04:37:42 INFO Executor: Running task 6.0 in stage 1.0 (TID 19)
[2026-01-20T04:37:42.643+0000] {subprocess.py:93} INFO - 26/01/20 04:37:42 INFO Executor: Running task 4.0 in stage 1.0 (TID 17)
[2026-01-20T04:37:42.644+0000] {subprocess.py:93} INFO - 26/01/20 04:37:42 INFO Executor: Running task 7.0 in stage 1.0 (TID 20)
[2026-01-20T04:37:42.645+0000] {subprocess.py:93} INFO - 26/01/20 04:37:42 INFO FileScanRDD: Reading File path: file:///opt/spark-data/landing/user_events_1768879431.2231393.json, range: 0-4194304, partition values: [empty row]
[2026-01-20T04:37:42.646+0000] {subprocess.py:93} INFO - 26/01/20 04:37:42 INFO FileScanRDD: Reading File path: file:///opt/spark-data/landing/user_events_1768879431.2231393.json, range: 4194304-8388608, partition values: [empty row]
[2026-01-20T04:37:42.647+0000] {subprocess.py:93} INFO - 26/01/20 04:37:42 INFO FileScanRDD: Reading File path: file:///opt/spark-data/landing/user_events_1768879431.2231393.json, range: 8388608-12582912, partition values: [empty row]
[2026-01-20T04:37:42.648+0000] {subprocess.py:93} INFO - 26/01/20 04:37:42 INFO FileScanRDD: Reading File path: file:///opt/spark-data/landing/user_events_1768879431.2231393.json, range: 25165824-29360128, partition values: [empty row]
[2026-01-20T04:37:42.649+0000] {subprocess.py:93} INFO - 26/01/20 04:37:42 INFO FileScanRDD: Reading File path: file:///opt/spark-data/landing/user_events_1768879431.2231393.json, range: 29360128-33532706, partition values: [empty row]
[2026-01-20T04:37:42.650+0000] {subprocess.py:93} INFO - 26/01/20 04:37:42 INFO FileScanRDD: Reading File path: file:///opt/spark-data/landing/user_events_1768879431.2231393.json, range: 16777216-20971520, partition values: [empty row]
[2026-01-20T04:37:42.651+0000] {subprocess.py:93} INFO - 26/01/20 04:37:42 INFO FileScanRDD: Reading File path: file:///opt/spark-data/landing/user_events_1768879431.2231393.json, range: 12582912-16777216, partition values: [empty row]
[2026-01-20T04:37:42.652+0000] {subprocess.py:93} INFO - 26/01/20 04:37:42 INFO FileScanRDD: Reading File path: file:///opt/spark-data/landing/user_events_1768879431.2231393.json, range: 20971520-25165824, partition values: [empty row]
[2026-01-20T04:37:43.222+0000] {subprocess.py:93} INFO - 26/01/20 04:37:43 INFO Executor: Finished task 7.0 in stage 1.0 (TID 20). 2401 bytes result sent to driver
[2026-01-20T04:37:43.224+0000] {subprocess.py:93} INFO - 26/01/20 04:37:43 INFO TaskSetManager: Finished task 7.0 in stage 1.0 (TID 20) in 590 ms on 519d7d29de3d (executor driver) (1/8)
[2026-01-20T04:37:43.229+0000] {subprocess.py:93} INFO - 26/01/20 04:37:43 INFO Executor: Finished task 1.0 in stage 1.0 (TID 14). 2401 bytes result sent to driver
[2026-01-20T04:37:43.230+0000] {subprocess.py:93} INFO - 26/01/20 04:37:43 INFO Executor: Finished task 0.0 in stage 1.0 (TID 13). 2401 bytes result sent to driver
[2026-01-20T04:37:43.231+0000] {subprocess.py:93} INFO - 26/01/20 04:37:43 INFO TaskSetManager: Finished task 1.0 in stage 1.0 (TID 14) in 600 ms on 519d7d29de3d (executor driver) (2/8)
[2026-01-20T04:37:43.232+0000] {subprocess.py:93} INFO - 26/01/20 04:37:43 INFO Executor: Finished task 6.0 in stage 1.0 (TID 19). 2401 bytes result sent to driver
[2026-01-20T04:37:43.233+0000] {subprocess.py:93} INFO - 26/01/20 04:37:43 INFO Executor: Finished task 2.0 in stage 1.0 (TID 15). 2401 bytes result sent to driver
[2026-01-20T04:37:43.233+0000] {subprocess.py:93} INFO - 26/01/20 04:37:43 INFO TaskSetManager: Finished task 0.0 in stage 1.0 (TID 13) in 603 ms on 519d7d29de3d (executor driver) (3/8)
[2026-01-20T04:37:43.234+0000] {subprocess.py:93} INFO - 26/01/20 04:37:43 INFO Executor: Finished task 5.0 in stage 1.0 (TID 18). 2401 bytes result sent to driver
[2026-01-20T04:37:43.235+0000] {subprocess.py:93} INFO - 26/01/20 04:37:43 INFO Executor: Finished task 3.0 in stage 1.0 (TID 16). 2401 bytes result sent to driver
[2026-01-20T04:37:43.236+0000] {subprocess.py:93} INFO - 26/01/20 04:37:43 INFO Executor: Finished task 4.0 in stage 1.0 (TID 17). 2401 bytes result sent to driver
[2026-01-20T04:37:43.236+0000] {subprocess.py:93} INFO - 26/01/20 04:37:43 INFO TaskSetManager: Finished task 6.0 in stage 1.0 (TID 19) in 601 ms on 519d7d29de3d (executor driver) (4/8)
[2026-01-20T04:37:43.237+0000] {subprocess.py:93} INFO - 26/01/20 04:37:43 INFO TaskSetManager: Finished task 2.0 in stage 1.0 (TID 15) in 603 ms on 519d7d29de3d (executor driver) (5/8)
[2026-01-20T04:37:43.238+0000] {subprocess.py:93} INFO - 26/01/20 04:37:43 INFO TaskSetManager: Finished task 5.0 in stage 1.0 (TID 18) in 604 ms on 519d7d29de3d (executor driver) (6/8)
[2026-01-20T04:37:43.238+0000] {subprocess.py:93} INFO - 26/01/20 04:37:43 INFO TaskSetManager: Finished task 3.0 in stage 1.0 (TID 16) in 606 ms on 519d7d29de3d (executor driver) (7/8)
[2026-01-20T04:37:43.239+0000] {subprocess.py:93} INFO - 26/01/20 04:37:43 INFO TaskSetManager: Finished task 4.0 in stage 1.0 (TID 17) in 607 ms on 519d7d29de3d (executor driver) (8/8)
[2026-01-20T04:37:43.240+0000] {subprocess.py:93} INFO - 26/01/20 04:37:43 INFO TaskSchedulerImpl: Removed TaskSet 1.0, whose tasks have all completed, from pool
[2026-01-20T04:37:43.240+0000] {subprocess.py:93} INFO - 26/01/20 04:37:43 INFO DAGScheduler: ResultStage 1 (json at NativeMethodAccessorImpl.java:0) finished in 0.627 s
[2026-01-20T04:37:43.241+0000] {subprocess.py:93} INFO - 26/01/20 04:37:43 INFO DAGScheduler: Job 1 is finished. Cancelling potential speculative or zombie tasks for this job
[2026-01-20T04:37:43.242+0000] {subprocess.py:93} INFO - 26/01/20 04:37:43 INFO TaskSchedulerImpl: Killing all running tasks in stage 1: Stage finished
[2026-01-20T04:37:43.243+0000] {subprocess.py:93} INFO - 26/01/20 04:37:43 INFO DAGScheduler: Job 1 finished: json at NativeMethodAccessorImpl.java:0, took 0.633691 s
[2026-01-20T04:37:43.926+0000] {subprocess.py:93} INFO - 26/01/20 04:37:43 INFO FileSourceStrategy: Pushed Filters: IsNotNull(user_id),IsNotNull(line_items)
[2026-01-20T04:37:43.927+0000] {subprocess.py:93} INFO - 26/01/20 04:37:43 INFO FileSourceStrategy: Post-Scan Filters: isnotnull(user_id#21),(size(line_items#10, true) > 0),isnotnull(line_items#10)
[2026-01-20T04:37:43.931+0000] {subprocess.py:93} INFO - 26/01/20 04:37:43 INFO FileSourceStrategy: Pushed Filters: IsNotNull(user_id),IsNotNull(product_id)
[2026-01-20T04:37:43.931+0000] {subprocess.py:93} INFO - 26/01/20 04:37:43 INFO FileSourceStrategy: Post-Scan Filters: isnotnull(user_id#58),isnotnull(product_id#53)
[2026-01-20T04:37:44.086+0000] {subprocess.py:93} INFO - 26/01/20 04:37:44 INFO CodeGenerator: Code generated in 29.267339 ms
[2026-01-20T04:37:44.090+0000] {subprocess.py:93} INFO - 26/01/20 04:37:44 INFO MemoryStore: Block broadcast_4 stored as values in memory (estimated size 199.1 KiB, free 433.7 MiB)
[2026-01-20T04:37:44.106+0000] {subprocess.py:93} INFO - 26/01/20 04:37:44 INFO MemoryStore: Block broadcast_4_piece0 stored as bytes in memory (estimated size 34.2 KiB, free 433.7 MiB)
[2026-01-20T04:37:44.113+0000] {subprocess.py:93} INFO - 26/01/20 04:37:44 INFO BlockManagerInfo: Added broadcast_4_piece0 in memory on 519d7d29de3d:45195 (size: 34.2 KiB, free: 434.3 MiB)
[2026-01-20T04:37:44.114+0000] {subprocess.py:93} INFO - 26/01/20 04:37:44 INFO SparkContext: Created broadcast 4 from $anonfun$withThreadLocalCaptured$1 at FutureTask.java:264
[2026-01-20T04:37:44.117+0000] {subprocess.py:93} INFO - 26/01/20 04:37:44 INFO FileSourceScanExec: Planning scan with bin packing, max size: 4194304 bytes, open cost is considered as scanning 4194304 bytes.
[2026-01-20T04:37:44.123+0000] {subprocess.py:93} INFO - 26/01/20 04:37:44 INFO BlockManagerInfo: Removed broadcast_3_piece0 on 519d7d29de3d:45195 in memory (size: 7.5 KiB, free: 434.3 MiB)
[2026-01-20T04:37:44.134+0000] {subprocess.py:93} INFO - 26/01/20 04:37:44 INFO BlockManagerInfo: Removed broadcast_2_piece0 on 519d7d29de3d:45195 in memory (size: 34.2 KiB, free: 434.3 MiB)
[2026-01-20T04:37:44.155+0000] {subprocess.py:93} INFO - 26/01/20 04:37:44 INFO SparkContext: Starting job: $anonfun$withThreadLocalCaptured$1 at FutureTask.java:264
[2026-01-20T04:37:44.157+0000] {subprocess.py:93} INFO - 26/01/20 04:37:44 INFO DAGScheduler: Got job 2 ($anonfun$withThreadLocalCaptured$1 at FutureTask.java:264) with 8 output partitions
[2026-01-20T04:37:44.158+0000] {subprocess.py:93} INFO - 26/01/20 04:37:44 INFO DAGScheduler: Final stage: ResultStage 2 ($anonfun$withThreadLocalCaptured$1 at FutureTask.java:264)
[2026-01-20T04:37:44.159+0000] {subprocess.py:93} INFO - 26/01/20 04:37:44 INFO DAGScheduler: Parents of final stage: List()
[2026-01-20T04:37:44.160+0000] {subprocess.py:93} INFO - 26/01/20 04:37:44 INFO DAGScheduler: Missing parents: List()
[2026-01-20T04:37:44.161+0000] {subprocess.py:93} INFO - 26/01/20 04:37:44 INFO DAGScheduler: Submitting ResultStage 2 (MapPartitionsRDD[11] at $anonfun$withThreadLocalCaptured$1 at FutureTask.java:264), which has no missing parents
[2026-01-20T04:37:44.162+0000] {subprocess.py:93} INFO - 26/01/20 04:37:44 INFO MemoryStore: Block broadcast_5 stored as values in memory (estimated size 15.6 KiB, free 433.9 MiB)
[2026-01-20T04:37:44.164+0000] {subprocess.py:93} INFO - 26/01/20 04:37:44 INFO MemoryStore: Block broadcast_5_piece0 stored as bytes in memory (estimated size 7.4 KiB, free 433.9 MiB)
[2026-01-20T04:37:44.165+0000] {subprocess.py:93} INFO - 26/01/20 04:37:44 INFO BlockManagerInfo: Added broadcast_5_piece0 in memory on 519d7d29de3d:45195 (size: 7.4 KiB, free: 434.3 MiB)
[2026-01-20T04:37:44.166+0000] {subprocess.py:93} INFO - 26/01/20 04:37:44 INFO SparkContext: Created broadcast 5 from broadcast at DAGScheduler.scala:1580
[2026-01-20T04:37:44.167+0000] {subprocess.py:93} INFO - 26/01/20 04:37:44 INFO DAGScheduler: Submitting 8 missing tasks from ResultStage 2 (MapPartitionsRDD[11] at $anonfun$withThreadLocalCaptured$1 at FutureTask.java:264) (first 15 tasks are for partitions Vector(0, 1, 2, 3, 4, 5, 6, 7))
[2026-01-20T04:37:44.168+0000] {subprocess.py:93} INFO - 26/01/20 04:37:44 INFO TaskSchedulerImpl: Adding task set 2.0 with 8 tasks resource profile 0
[2026-01-20T04:37:44.169+0000] {subprocess.py:93} INFO - 26/01/20 04:37:44 INFO TaskSetManager: Starting task 0.0 in stage 2.0 (TID 21) (519d7d29de3d, executor driver, partition 0, PROCESS_LOCAL, 8244 bytes)
[2026-01-20T04:37:44.170+0000] {subprocess.py:93} INFO - 26/01/20 04:37:44 INFO TaskSetManager: Starting task 1.0 in stage 2.0 (TID 22) (519d7d29de3d, executor driver, partition 1, PROCESS_LOCAL, 8244 bytes)
[2026-01-20T04:37:44.172+0000] {subprocess.py:93} INFO - 26/01/20 04:37:44 INFO TaskSetManager: Starting task 2.0 in stage 2.0 (TID 23) (519d7d29de3d, executor driver, partition 2, PROCESS_LOCAL, 8244 bytes)
[2026-01-20T04:37:44.172+0000] {subprocess.py:93} INFO - 26/01/20 04:37:44 INFO TaskSetManager: Starting task 3.0 in stage 2.0 (TID 24) (519d7d29de3d, executor driver, partition 3, PROCESS_LOCAL, 8244 bytes)
[2026-01-20T04:37:44.174+0000] {subprocess.py:93} INFO - 26/01/20 04:37:44 INFO TaskSetManager: Starting task 4.0 in stage 2.0 (TID 25) (519d7d29de3d, executor driver, partition 4, PROCESS_LOCAL, 8244 bytes)
[2026-01-20T04:37:44.174+0000] {subprocess.py:93} INFO - 26/01/20 04:37:44 INFO TaskSetManager: Starting task 5.0 in stage 2.0 (TID 26) (519d7d29de3d, executor driver, partition 5, PROCESS_LOCAL, 8244 bytes)
[2026-01-20T04:37:44.175+0000] {subprocess.py:93} INFO - 26/01/20 04:37:44 INFO TaskSetManager: Starting task 6.0 in stage 2.0 (TID 27) (519d7d29de3d, executor driver, partition 6, PROCESS_LOCAL, 8244 bytes)
[2026-01-20T04:37:44.176+0000] {subprocess.py:93} INFO - 26/01/20 04:37:44 INFO TaskSetManager: Starting task 7.0 in stage 2.0 (TID 28) (519d7d29de3d, executor driver, partition 7, PROCESS_LOCAL, 8244 bytes)
[2026-01-20T04:37:44.177+0000] {subprocess.py:93} INFO - 26/01/20 04:37:44 INFO Executor: Running task 0.0 in stage 2.0 (TID 21)
[2026-01-20T04:37:44.178+0000] {subprocess.py:93} INFO - 26/01/20 04:37:44 INFO Executor: Running task 1.0 in stage 2.0 (TID 22)
[2026-01-20T04:37:44.179+0000] {subprocess.py:93} INFO - 26/01/20 04:37:44 INFO Executor: Running task 2.0 in stage 2.0 (TID 23)
[2026-01-20T04:37:44.180+0000] {subprocess.py:93} INFO - 26/01/20 04:37:44 INFO Executor: Running task 4.0 in stage 2.0 (TID 25)
[2026-01-20T04:37:44.181+0000] {subprocess.py:93} INFO - 26/01/20 04:37:44 INFO Executor: Running task 3.0 in stage 2.0 (TID 24)
[2026-01-20T04:37:44.182+0000] {subprocess.py:93} INFO - 26/01/20 04:37:44 INFO Executor: Running task 6.0 in stage 2.0 (TID 27)
[2026-01-20T04:37:44.183+0000] {subprocess.py:93} INFO - 26/01/20 04:37:44 INFO Executor: Running task 5.0 in stage 2.0 (TID 26)
[2026-01-20T04:37:44.184+0000] {subprocess.py:93} INFO - 26/01/20 04:37:44 INFO Executor: Running task 7.0 in stage 2.0 (TID 28)
[2026-01-20T04:37:44.218+0000] {subprocess.py:93} INFO - 26/01/20 04:37:44 INFO CodeGenerator: Code generated in 21.936699 ms
[2026-01-20T04:37:44.224+0000] {subprocess.py:93} INFO - 26/01/20 04:37:44 INFO FileScanRDD: Reading File path: file:///opt/spark-data/landing/user_events_1768879431.2231393.json, range: 8388608-12582912, partition values: [empty row]
[2026-01-20T04:37:44.225+0000] {subprocess.py:93} INFO - 26/01/20 04:37:44 INFO FileScanRDD: Reading File path: file:///opt/spark-data/landing/user_events_1768879431.2231393.json, range: 0-4194304, partition values: [empty row]
[2026-01-20T04:37:44.226+0000] {subprocess.py:93} INFO - 26/01/20 04:37:44 INFO FileScanRDD: Reading File path: file:///opt/spark-data/landing/user_events_1768879431.2231393.json, range: 25165824-29360128, partition values: [empty row]
[2026-01-20T04:37:44.227+0000] {subprocess.py:93} INFO - 26/01/20 04:37:44 INFO FileScanRDD: Reading File path: file:///opt/spark-data/landing/user_events_1768879431.2231393.json, range: 16777216-20971520, partition values: [empty row]
[2026-01-20T04:37:44.228+0000] {subprocess.py:93} INFO - 26/01/20 04:37:44 INFO FileScanRDD: Reading File path: file:///opt/spark-data/landing/user_events_1768879431.2231393.json, range: 29360128-33532706, partition values: [empty row]
[2026-01-20T04:37:44.229+0000] {subprocess.py:93} INFO - 26/01/20 04:37:44 INFO FileScanRDD: Reading File path: file:///opt/spark-data/landing/user_events_1768879431.2231393.json, range: 20971520-25165824, partition values: [empty row]
[2026-01-20T04:37:44.230+0000] {subprocess.py:93} INFO - 26/01/20 04:37:44 INFO FileScanRDD: Reading File path: file:///opt/spark-data/landing/user_events_1768879431.2231393.json, range: 4194304-8388608, partition values: [empty row]
[2026-01-20T04:37:44.231+0000] {subprocess.py:93} INFO - 26/01/20 04:37:44 INFO FileScanRDD: Reading File path: file:///opt/spark-data/landing/user_events_1768879431.2231393.json, range: 12582912-16777216, partition values: [empty row]
[2026-01-20T04:37:44.250+0000] {subprocess.py:93} INFO - 26/01/20 04:37:44 INFO CodeGenerator: Code generated in 21.459397 ms
[2026-01-20T04:37:44.288+0000] {subprocess.py:93} INFO - 26/01/20 04:37:44 INFO CodeGenerator: Code generated in 9.538674 ms
[2026-01-20T04:37:44.301+0000] {subprocess.py:93} INFO - 26/01/20 04:37:44 INFO CodeGenerator: Code generated in 7.533959 ms
[2026-01-20T04:37:44.859+0000] {subprocess.py:93} INFO - 26/01/20 04:37:44 INFO Executor: Finished task 4.0 in stage 2.0 (TID 25). 135408 bytes result sent to driver
[2026-01-20T04:37:44.861+0000] {subprocess.py:93} INFO - 26/01/20 04:37:44 INFO Executor: Finished task 2.0 in stage 2.0 (TID 23). 132180 bytes result sent to driver
[2026-01-20T04:37:44.861+0000] {subprocess.py:93} INFO - 26/01/20 04:37:44 INFO Executor: Finished task 5.0 in stage 2.0 (TID 26). 133806 bytes result sent to driver
[2026-01-20T04:37:44.862+0000] {subprocess.py:93} INFO - 26/01/20 04:37:44 INFO Executor: Finished task 7.0 in stage 2.0 (TID 28). 130576 bytes result sent to driver
[2026-01-20T04:37:44.864+0000] {subprocess.py:93} INFO - 26/01/20 04:37:44 INFO Executor: Finished task 0.0 in stage 2.0 (TID 21). 131320 bytes result sent to driver
[2026-01-20T04:37:44.864+0000] {subprocess.py:93} INFO - 26/01/20 04:37:44 INFO Executor: Finished task 6.0 in stage 2.0 (TID 27). 130034 bytes result sent to driver
[2026-01-20T04:37:44.866+0000] {subprocess.py:93} INFO - 26/01/20 04:37:44 INFO Executor: Finished task 1.0 in stage 2.0 (TID 22). 134096 bytes result sent to driver
[2026-01-20T04:37:44.867+0000] {subprocess.py:93} INFO - 26/01/20 04:37:44 INFO TaskSetManager: Finished task 4.0 in stage 2.0 (TID 25) in 691 ms on 519d7d29de3d (executor driver) (1/8)
[2026-01-20T04:37:44.868+0000] {subprocess.py:93} INFO - 26/01/20 04:37:44 INFO Executor: Finished task 3.0 in stage 2.0 (TID 24). 132601 bytes result sent to driver
[2026-01-20T04:37:44.869+0000] {subprocess.py:93} INFO - 26/01/20 04:37:44 INFO TaskSetManager: Finished task 6.0 in stage 2.0 (TID 27) in 691 ms on 519d7d29de3d (executor driver) (2/8)
[2026-01-20T04:37:44.869+0000] {subprocess.py:93} INFO - 26/01/20 04:37:44 INFO TaskSetManager: Finished task 0.0 in stage 2.0 (TID 21) in 695 ms on 519d7d29de3d (executor driver) (3/8)
[2026-01-20T04:37:44.870+0000] {subprocess.py:93} INFO - 26/01/20 04:37:44 INFO TaskSetManager: Finished task 2.0 in stage 2.0 (TID 23) in 694 ms on 519d7d29de3d (executor driver) (4/8)
[2026-01-20T04:37:44.871+0000] {subprocess.py:93} INFO - 26/01/20 04:37:44 INFO TaskSetManager: Finished task 7.0 in stage 2.0 (TID 28) in 692 ms on 519d7d29de3d (executor driver) (5/8)
[2026-01-20T04:37:44.872+0000] {subprocess.py:93} INFO - 26/01/20 04:37:44 INFO TaskSetManager: Finished task 1.0 in stage 2.0 (TID 22) in 696 ms on 519d7d29de3d (executor driver) (6/8)
[2026-01-20T04:37:44.873+0000] {subprocess.py:93} INFO - 26/01/20 04:37:44 INFO TaskSetManager: Finished task 5.0 in stage 2.0 (TID 26) in 696 ms on 519d7d29de3d (executor driver) (7/8)
[2026-01-20T04:37:44.874+0000] {subprocess.py:93} INFO - 26/01/20 04:37:44 INFO TaskSetManager: Finished task 3.0 in stage 2.0 (TID 24) in 697 ms on 519d7d29de3d (executor driver) (8/8)
[2026-01-20T04:37:44.875+0000] {subprocess.py:93} INFO - 26/01/20 04:37:44 INFO TaskSchedulerImpl: Removed TaskSet 2.0, whose tasks have all completed, from pool
[2026-01-20T04:37:44.876+0000] {subprocess.py:93} INFO - 26/01/20 04:37:44 INFO DAGScheduler: ResultStage 2 ($anonfun$withThreadLocalCaptured$1 at FutureTask.java:264) finished in 0.710 s
[2026-01-20T04:37:44.877+0000] {subprocess.py:93} INFO - 26/01/20 04:37:44 INFO DAGScheduler: Job 2 is finished. Cancelling potential speculative or zombie tasks for this job
[2026-01-20T04:37:44.878+0000] {subprocess.py:93} INFO - 26/01/20 04:37:44 INFO TaskSchedulerImpl: Killing all running tasks in stage 2: Stage finished
[2026-01-20T04:37:44.879+0000] {subprocess.py:93} INFO - 26/01/20 04:37:44 INFO DAGScheduler: Job 2 finished: $anonfun$withThreadLocalCaptured$1 at FutureTask.java:264, took 0.716720 s
[2026-01-20T04:37:44.920+0000] {subprocess.py:93} INFO - 26/01/20 04:37:44 INFO CodeGenerator: Code generated in 19.908709 ms
[2026-01-20T04:37:44.999+0000] {subprocess.py:93} INFO - 26/01/20 04:37:44 INFO MemoryStore: Block broadcast_6 stored as values in memory (estimated size 9.0 MiB, free 424.9 MiB)
[2026-01-20T04:37:45.043+0000] {subprocess.py:93} INFO - 26/01/20 04:37:45 INFO MemoryStore: Block broadcast_6_piece0 stored as bytes in memory (estimated size 1578.1 KiB, free 423.4 MiB)
[2026-01-20T04:37:45.044+0000] {subprocess.py:93} INFO - 26/01/20 04:37:45 INFO BlockManagerInfo: Added broadcast_6_piece0 in memory on 519d7d29de3d:45195 (size: 1578.1 KiB, free: 432.8 MiB)
[2026-01-20T04:37:45.046+0000] {subprocess.py:93} INFO - 26/01/20 04:37:45 INFO SparkContext: Created broadcast 6 from $anonfun$withThreadLocalCaptured$1 at FutureTask.java:264
[2026-01-20T04:37:45.068+0000] {subprocess.py:93} INFO - 26/01/20 04:37:45 INFO FileSourceStrategy: Pushed Filters: IsNotNull(user_id),IsNotNull(line_items)
[2026-01-20T04:37:45.069+0000] {subprocess.py:93} INFO - 26/01/20 04:37:45 INFO FileSourceStrategy: Post-Scan Filters: isnotnull(user_id#21),(size(line_items#10, true) > 0),isnotnull(line_items#10)
[2026-01-20T04:37:45.326+0000] {subprocess.py:93} INFO - 26/01/20 04:37:45 INFO FileOutputCommitter: File Output Committer Algorithm version is 1
[2026-01-20T04:37:45.327+0000] {subprocess.py:93} INFO - 26/01/20 04:37:45 INFO FileOutputCommitter: FileOutputCommitter skip cleanup _temporary folders under output directory:false, ignore cleanup failures: false
[2026-01-20T04:37:45.328+0000] {subprocess.py:93} INFO - 26/01/20 04:37:45 INFO SQLHadoopMapReduceCommitProtocol: Using output committer class org.apache.hadoop.mapreduce.lib.output.FileOutputCommitter
[2026-01-20T04:37:45.548+0000] {subprocess.py:93} INFO - 26/01/20 04:37:45 INFO CodeGenerator: Code generated in 80.071741 ms
[2026-01-20T04:37:45.553+0000] {subprocess.py:93} INFO - 26/01/20 04:37:45 INFO MemoryStore: Block broadcast_7 stored as values in memory (estimated size 199.1 KiB, free 423.2 MiB)
[2026-01-20T04:37:45.564+0000] {subprocess.py:93} INFO - 26/01/20 04:37:45 INFO MemoryStore: Block broadcast_7_piece0 stored as bytes in memory (estimated size 34.2 KiB, free 423.1 MiB)
[2026-01-20T04:37:45.565+0000] {subprocess.py:93} INFO - 26/01/20 04:37:45 INFO BlockManagerInfo: Added broadcast_7_piece0 in memory on 519d7d29de3d:45195 (size: 34.2 KiB, free: 432.7 MiB)
[2026-01-20T04:37:45.567+0000] {subprocess.py:93} INFO - 26/01/20 04:37:45 INFO SparkContext: Created broadcast 7 from csv at NativeMethodAccessorImpl.java:0
[2026-01-20T04:37:45.569+0000] {subprocess.py:93} INFO - 26/01/20 04:37:45 INFO FileSourceScanExec: Planning scan with bin packing, max size: 4194304 bytes, open cost is considered as scanning 4194304 bytes.
[2026-01-20T04:37:45.586+0000] {subprocess.py:93} INFO - 26/01/20 04:37:45 INFO SparkContext: Starting job: csv at NativeMethodAccessorImpl.java:0
[2026-01-20T04:37:45.587+0000] {subprocess.py:93} INFO - 26/01/20 04:37:45 INFO DAGScheduler: Got job 3 (csv at NativeMethodAccessorImpl.java:0) with 13 output partitions
[2026-01-20T04:37:45.588+0000] {subprocess.py:93} INFO - 26/01/20 04:37:45 INFO DAGScheduler: Final stage: ResultStage 3 (csv at NativeMethodAccessorImpl.java:0)
[2026-01-20T04:37:45.589+0000] {subprocess.py:93} INFO - 26/01/20 04:37:45 INFO DAGScheduler: Parents of final stage: List()
[2026-01-20T04:37:45.590+0000] {subprocess.py:93} INFO - 26/01/20 04:37:45 INFO DAGScheduler: Missing parents: List()
[2026-01-20T04:37:45.591+0000] {subprocess.py:93} INFO - 26/01/20 04:37:45 INFO DAGScheduler: Submitting ResultStage 3 (MapPartitionsRDD[15] at csv at NativeMethodAccessorImpl.java:0), which has no missing parents
[2026-01-20T04:37:46.700+0000] {subprocess.py:93} INFO - 26/01/20 04:37:46 INFO MemoryStore: Block broadcast_8 stored as values in memory (estimated size 233.0 KiB, free 422.9 MiB)
[2026-01-20T04:37:46.704+0000] {subprocess.py:93} INFO - 26/01/20 04:37:46 INFO MemoryStore: Block broadcast_8_piece0 stored as bytes in memory (estimated size 82.8 KiB, free 422.8 MiB)
[2026-01-20T04:37:46.705+0000] {subprocess.py:93} INFO - 26/01/20 04:37:46 INFO BlockManagerInfo: Added broadcast_8_piece0 in memory on 519d7d29de3d:45195 (size: 82.8 KiB, free: 432.7 MiB)
[2026-01-20T04:37:46.707+0000] {subprocess.py:93} INFO - 26/01/20 04:37:46 INFO SparkContext: Created broadcast 8 from broadcast at DAGScheduler.scala:1580
[2026-01-20T04:37:46.708+0000] {subprocess.py:93} INFO - 26/01/20 04:37:46 INFO DAGScheduler: Submitting 13 missing tasks from ResultStage 3 (MapPartitionsRDD[15] at csv at NativeMethodAccessorImpl.java:0) (first 15 tasks are for partitions Vector(0, 1, 2, 3, 4, 5, 6, 7, 8, 9, 10, 11, 12))
[2026-01-20T04:37:46.709+0000] {subprocess.py:93} INFO - 26/01/20 04:37:46 INFO TaskSchedulerImpl: Adding task set 3.0 with 13 tasks resource profile 0
[2026-01-20T04:37:46.710+0000] {subprocess.py:93} INFO - 26/01/20 04:37:46 INFO TaskSetManager: Starting task 0.0 in stage 3.0 (TID 29) (519d7d29de3d, executor driver, partition 0, PROCESS_LOCAL, 8251 bytes)
[2026-01-20T04:37:46.711+0000] {subprocess.py:93} INFO - 26/01/20 04:37:46 INFO TaskSetManager: Starting task 1.0 in stage 3.0 (TID 30) (519d7d29de3d, executor driver, partition 1, PROCESS_LOCAL, 8251 bytes)
[2026-01-20T04:37:46.712+0000] {subprocess.py:93} INFO - 26/01/20 04:37:46 INFO TaskSetManager: Starting task 2.0 in stage 3.0 (TID 31) (519d7d29de3d, executor driver, partition 2, PROCESS_LOCAL, 8251 bytes)
[2026-01-20T04:37:46.713+0000] {subprocess.py:93} INFO - 26/01/20 04:37:46 INFO TaskSetManager: Starting task 3.0 in stage 3.0 (TID 32) (519d7d29de3d, executor driver, partition 3, PROCESS_LOCAL, 8251 bytes)
[2026-01-20T04:37:46.715+0000] {subprocess.py:93} INFO - 26/01/20 04:37:46 INFO TaskSetManager: Starting task 4.0 in stage 3.0 (TID 33) (519d7d29de3d, executor driver, partition 4, PROCESS_LOCAL, 8251 bytes)
[2026-01-20T04:37:46.715+0000] {subprocess.py:93} INFO - 26/01/20 04:37:46 INFO TaskSetManager: Starting task 5.0 in stage 3.0 (TID 34) (519d7d29de3d, executor driver, partition 5, PROCESS_LOCAL, 8251 bytes)
[2026-01-20T04:37:46.716+0000] {subprocess.py:93} INFO - 26/01/20 04:37:46 INFO TaskSetManager: Starting task 6.0 in stage 3.0 (TID 35) (519d7d29de3d, executor driver, partition 6, PROCESS_LOCAL, 8251 bytes)
[2026-01-20T04:37:46.717+0000] {subprocess.py:93} INFO - 26/01/20 04:37:46 INFO TaskSetManager: Starting task 7.0 in stage 3.0 (TID 36) (519d7d29de3d, executor driver, partition 7, PROCESS_LOCAL, 8251 bytes)
[2026-01-20T04:37:46.718+0000] {subprocess.py:93} INFO - 26/01/20 04:37:46 INFO TaskSetManager: Starting task 8.0 in stage 3.0 (TID 37) (519d7d29de3d, executor driver, partition 8, PROCESS_LOCAL, 8251 bytes)
[2026-01-20T04:37:46.718+0000] {subprocess.py:93} INFO - 26/01/20 04:37:46 INFO TaskSetManager: Starting task 9.0 in stage 3.0 (TID 38) (519d7d29de3d, executor driver, partition 9, PROCESS_LOCAL, 8251 bytes)
[2026-01-20T04:37:46.720+0000] {subprocess.py:93} INFO - 26/01/20 04:37:46 INFO TaskSetManager: Starting task 10.0 in stage 3.0 (TID 39) (519d7d29de3d, executor driver, partition 10, PROCESS_LOCAL, 8251 bytes)
[2026-01-20T04:37:46.721+0000] {subprocess.py:93} INFO - 26/01/20 04:37:46 INFO TaskSetManager: Starting task 11.0 in stage 3.0 (TID 40) (519d7d29de3d, executor driver, partition 11, PROCESS_LOCAL, 8251 bytes)
[2026-01-20T04:37:46.724+0000] {subprocess.py:93} INFO - 26/01/20 04:37:46 INFO TaskSetManager: Starting task 12.0 in stage 3.0 (TID 41) (519d7d29de3d, executor driver, partition 12, PROCESS_LOCAL, 8251 bytes)
[2026-01-20T04:37:46.725+0000] {subprocess.py:93} INFO - 26/01/20 04:37:46 INFO Executor: Running task 1.0 in stage 3.0 (TID 30)
[2026-01-20T04:37:46.726+0000] {subprocess.py:93} INFO - 26/01/20 04:37:46 INFO Executor: Running task 0.0 in stage 3.0 (TID 29)
[2026-01-20T04:37:46.727+0000] {subprocess.py:93} INFO - 26/01/20 04:37:46 INFO Executor: Running task 4.0 in stage 3.0 (TID 33)
[2026-01-20T04:37:46.728+0000] {subprocess.py:93} INFO - 26/01/20 04:37:46 INFO Executor: Running task 3.0 in stage 3.0 (TID 32)
[2026-01-20T04:37:46.729+0000] {subprocess.py:93} INFO - 26/01/20 04:37:46 INFO Executor: Running task 2.0 in stage 3.0 (TID 31)
[2026-01-20T04:37:46.730+0000] {subprocess.py:93} INFO - 26/01/20 04:37:46 INFO Executor: Running task 6.0 in stage 3.0 (TID 35)
[2026-01-20T04:37:46.730+0000] {subprocess.py:93} INFO - 26/01/20 04:37:46 INFO Executor: Running task 5.0 in stage 3.0 (TID 34)
[2026-01-20T04:37:46.731+0000] {subprocess.py:93} INFO - 26/01/20 04:37:46 INFO Executor: Running task 7.0 in stage 3.0 (TID 36)
[2026-01-20T04:37:46.732+0000] {subprocess.py:93} INFO - 26/01/20 04:37:46 INFO Executor: Running task 9.0 in stage 3.0 (TID 38)
[2026-01-20T04:37:46.734+0000] {subprocess.py:93} INFO - 26/01/20 04:37:46 INFO Executor: Running task 8.0 in stage 3.0 (TID 37)
[2026-01-20T04:37:46.738+0000] {subprocess.py:93} INFO - 26/01/20 04:37:46 INFO Executor: Running task 12.0 in stage 3.0 (TID 41)
[2026-01-20T04:37:46.739+0000] {subprocess.py:93} INFO - 26/01/20 04:37:46 INFO Executor: Running task 10.0 in stage 3.0 (TID 39)
[2026-01-20T04:37:46.740+0000] {subprocess.py:93} INFO - 26/01/20 04:37:46 INFO Executor: Running task 11.0 in stage 3.0 (TID 40)
[2026-01-20T04:37:48.068+0000] {subprocess.py:93} INFO - 26/01/20 04:37:48 INFO CodeGenerator: Code generated in 82.487894 ms
[2026-01-20T04:37:48.079+0000] {subprocess.py:93} INFO - 26/01/20 04:37:48 INFO FileOutputCommitter: File Output Committer Algorithm version is 1
[2026-01-20T04:37:48.084+0000] {subprocess.py:93} INFO - 26/01/20 04:37:48 INFO FileOutputCommitter: File Output Committer Algorithm version is 1
[2026-01-20T04:37:48.087+0000] {subprocess.py:93} INFO - 26/01/20 04:37:48 INFO FileOutputCommitter: FileOutputCommitter skip cleanup _temporary folders under output directory:false, ignore cleanup failures: false
[2026-01-20T04:37:48.089+0000] {subprocess.py:93} INFO - 26/01/20 04:37:48 INFO FileOutputCommitter: File Output Committer Algorithm version is 1
[2026-01-20T04:37:48.091+0000] {subprocess.py:93} INFO - 26/01/20 04:37:48 INFO FileOutputCommitter: FileOutputCommitter skip cleanup _temporary folders under output directory:false, ignore cleanup failures: false
[2026-01-20T04:37:48.092+0000] {subprocess.py:93} INFO - 26/01/20 04:37:48 INFO FileOutputCommitter: FileOutputCommitter skip cleanup _temporary folders under output directory:false, ignore cleanup failures: false
[2026-01-20T04:37:48.094+0000] {subprocess.py:93} INFO - 26/01/20 04:37:48 INFO SQLHadoopMapReduceCommitProtocol: Using output committer class org.apache.hadoop.mapreduce.lib.output.FileOutputCommitter
[2026-01-20T04:37:48.095+0000] {subprocess.py:93} INFO - 26/01/20 04:37:48 INFO FileOutputCommitter: File Output Committer Algorithm version is 1
[2026-01-20T04:37:48.095+0000] {subprocess.py:93} INFO - 26/01/20 04:37:48 INFO FileOutputCommitter: FileOutputCommitter skip cleanup _temporary folders under output directory:false, ignore cleanup failures: false
[2026-01-20T04:37:48.096+0000] {subprocess.py:93} INFO - 26/01/20 04:37:48 INFO FileScanRDD: Reading File path: file:///opt/spark-data/landing/transaction_events_1768879479.1820476.json, range: 25165824-29360128, partition values: [empty row]
[2026-01-20T04:37:48.097+0000] {subprocess.py:93} INFO - 26/01/20 04:37:48 INFO FileOutputCommitter: File Output Committer Algorithm version is 1
[2026-01-20T04:37:48.105+0000] {subprocess.py:93} INFO - 26/01/20 04:37:48 INFO SQLHadoopMapReduceCommitProtocol: Using output committer class org.apache.hadoop.mapreduce.lib.output.FileOutputCommitter
[2026-01-20T04:37:48.109+0000] {subprocess.py:93} INFO - 26/01/20 04:37:48 INFO FileOutputCommitter: FileOutputCommitter skip cleanup _temporary folders under output directory:false, ignore cleanup failures: false
[2026-01-20T04:37:48.110+0000] {subprocess.py:93} INFO - 26/01/20 04:37:48 INFO FileScanRDD: Reading File path: file:///opt/spark-data/landing/transaction_events_1768879479.1820476.json, range: 20971520-25165824, partition values: [empty row]
[2026-01-20T04:37:48.112+0000] {subprocess.py:93} INFO - 26/01/20 04:37:48 INFO SQLHadoopMapReduceCommitProtocol: Using output committer class org.apache.hadoop.mapreduce.lib.output.FileOutputCommitter
[2026-01-20T04:37:48.113+0000] {subprocess.py:93} INFO - 26/01/20 04:37:48 INFO FileOutputCommitter: File Output Committer Algorithm version is 1
[2026-01-20T04:37:48.117+0000] {subprocess.py:93} INFO - 26/01/20 04:37:48 INFO FileOutputCommitter: FileOutputCommitter skip cleanup _temporary folders under output directory:false, ignore cleanup failures: false
[2026-01-20T04:37:48.120+0000] {subprocess.py:93} INFO - 26/01/20 04:37:48 INFO SQLHadoopMapReduceCommitProtocol: Using output committer class org.apache.hadoop.mapreduce.lib.output.FileOutputCommitter
[2026-01-20T04:37:48.122+0000] {subprocess.py:93} INFO - 26/01/20 04:37:48 INFO SQLHadoopMapReduceCommitProtocol: Using output committer class org.apache.hadoop.mapreduce.lib.output.FileOutputCommitter
[2026-01-20T04:37:48.123+0000] {subprocess.py:93} INFO - 26/01/20 04:37:48 INFO FileScanRDD: Reading File path: file:///opt/spark-data/landing/transaction_events_1768879479.1820476.json, range: 50331648-51561162, partition values: [empty row]
[2026-01-20T04:37:48.124+0000] {subprocess.py:93} INFO - 26/01/20 04:37:48 INFO FileOutputCommitter: File Output Committer Algorithm version is 1
[2026-01-20T04:37:48.128+0000] {subprocess.py:93} INFO - 26/01/20 04:37:48 INFO FileOutputCommitter: FileOutputCommitter skip cleanup _temporary folders under output directory:false, ignore cleanup failures: false
[2026-01-20T04:37:48.131+0000] {subprocess.py:93} INFO - 26/01/20 04:37:48 INFO FileOutputCommitter: File Output Committer Algorithm version is 1
[2026-01-20T04:37:48.136+0000] {subprocess.py:93} INFO - 26/01/20 04:37:48 INFO FileOutputCommitter: FileOutputCommitter skip cleanup _temporary folders under output directory:false, ignore cleanup failures: false
[2026-01-20T04:37:48.137+0000] {subprocess.py:93} INFO - 26/01/20 04:37:48 INFO SQLHadoopMapReduceCommitProtocol: Using output committer class org.apache.hadoop.mapreduce.lib.output.FileOutputCommitter
[2026-01-20T04:37:48.138+0000] {subprocess.py:93} INFO - 26/01/20 04:37:48 INFO FileOutputCommitter: File Output Committer Algorithm version is 1
[2026-01-20T04:37:48.139+0000] {subprocess.py:93} INFO - 26/01/20 04:37:48 INFO FileOutputCommitter: File Output Committer Algorithm version is 1
[2026-01-20T04:37:48.140+0000] {subprocess.py:93} INFO - 26/01/20 04:37:48 INFO FileOutputCommitter: File Output Committer Algorithm version is 1
[2026-01-20T04:37:48.141+0000] {subprocess.py:93} INFO - 26/01/20 04:37:48 INFO FileOutputCommitter: FileOutputCommitter skip cleanup _temporary folders under output directory:false, ignore cleanup failures: false
[2026-01-20T04:37:48.142+0000] {subprocess.py:93} INFO - 26/01/20 04:37:48 INFO SQLHadoopMapReduceCommitProtocol: Using output committer class org.apache.hadoop.mapreduce.lib.output.FileOutputCommitter
[2026-01-20T04:37:48.144+0000] {subprocess.py:93} INFO - 26/01/20 04:37:48 INFO FileScanRDD: Reading File path: file:///opt/spark-data/landing/transaction_events_1768879479.1820476.json, range: 12582912-16777216, partition values: [empty row]
[2026-01-20T04:37:48.145+0000] {subprocess.py:93} INFO - 26/01/20 04:37:48 INFO FileOutputCommitter: FileOutputCommitter skip cleanup _temporary folders under output directory:false, ignore cleanup failures: false
[2026-01-20T04:37:48.146+0000] {subprocess.py:93} INFO - 26/01/20 04:37:48 INFO FileScanRDD: Reading File path: file:///opt/spark-data/landing/transaction_events_1768879479.1820476.json, range: 16777216-20971520, partition values: [empty row]
[2026-01-20T04:37:48.147+0000] {subprocess.py:93} INFO - 26/01/20 04:37:48 INFO SQLHadoopMapReduceCommitProtocol: Using output committer class org.apache.hadoop.mapreduce.lib.output.FileOutputCommitter
[2026-01-20T04:37:48.148+0000] {subprocess.py:93} INFO - 26/01/20 04:37:48 INFO FileOutputCommitter: File Output Committer Algorithm version is 1
[2026-01-20T04:37:48.149+0000] {subprocess.py:93} INFO - 26/01/20 04:37:48 INFO FileOutputCommitter: FileOutputCommitter skip cleanup _temporary folders under output directory:false, ignore cleanup failures: false
[2026-01-20T04:37:48.150+0000] {subprocess.py:93} INFO - 26/01/20 04:37:48 INFO FileScanRDD: Reading File path: file:///opt/spark-data/landing/transaction_events_1768879479.1820476.json, range: 37748736-41943040, partition values: [empty row]
[2026-01-20T04:37:48.151+0000] {subprocess.py:93} INFO - 26/01/20 04:37:48 INFO SQLHadoopMapReduceCommitProtocol: Using output committer class org.apache.hadoop.mapreduce.lib.output.FileOutputCommitter
[2026-01-20T04:37:48.153+0000] {subprocess.py:93} INFO - 26/01/20 04:37:48 INFO FileScanRDD: Reading File path: file:///opt/spark-data/landing/transaction_events_1768879479.1820476.json, range: 41943040-46137344, partition values: [empty row]
[2026-01-20T04:37:48.154+0000] {subprocess.py:93} INFO - 26/01/20 04:37:48 INFO SQLHadoopMapReduceCommitProtocol: Using output committer class org.apache.hadoop.mapreduce.lib.output.FileOutputCommitter
[2026-01-20T04:37:48.155+0000] {subprocess.py:93} INFO - 26/01/20 04:37:48 INFO FileScanRDD: Reading File path: file:///opt/spark-data/landing/transaction_events_1768879479.1820476.json, range: 33554432-37748736, partition values: [empty row]
[2026-01-20T04:37:48.156+0000] {subprocess.py:93} INFO - 26/01/20 04:37:48 INFO FileOutputCommitter: File Output Committer Algorithm version is 1
[2026-01-20T04:37:48.157+0000] {subprocess.py:93} INFO - 26/01/20 04:37:48 INFO FileOutputCommitter: FileOutputCommitter skip cleanup _temporary folders under output directory:false, ignore cleanup failures: false
[2026-01-20T04:37:48.158+0000] {subprocess.py:93} INFO - 26/01/20 04:37:48 INFO FileOutputCommitter: FileOutputCommitter skip cleanup _temporary folders under output directory:false, ignore cleanup failures: false
[2026-01-20T04:37:48.159+0000] {subprocess.py:93} INFO - 26/01/20 04:37:48 INFO SQLHadoopMapReduceCommitProtocol: Using output committer class org.apache.hadoop.mapreduce.lib.output.FileOutputCommitter
[2026-01-20T04:37:48.161+0000] {subprocess.py:93} INFO - 26/01/20 04:37:48 INFO SQLHadoopMapReduceCommitProtocol: Using output committer class org.apache.hadoop.mapreduce.lib.output.FileOutputCommitter
[2026-01-20T04:37:48.163+0000] {subprocess.py:93} INFO - 26/01/20 04:37:48 INFO FileScanRDD: Reading File path: file:///opt/spark-data/landing/transaction_events_1768879479.1820476.json, range: 8388608-12582912, partition values: [empty row]
[2026-01-20T04:37:48.168+0000] {subprocess.py:93} INFO - 26/01/20 04:37:48 INFO SQLHadoopMapReduceCommitProtocol: Using output committer class org.apache.hadoop.mapreduce.lib.output.FileOutputCommitter
[2026-01-20T04:37:48.171+0000] {subprocess.py:93} INFO - 26/01/20 04:37:48 INFO FileScanRDD: Reading File path: file:///opt/spark-data/landing/transaction_events_1768879479.1820476.json, range: 29360128-33554432, partition values: [empty row]
[2026-01-20T04:37:48.174+0000] {subprocess.py:93} INFO - 26/01/20 04:37:48 INFO FileScanRDD: Reading File path: file:///opt/spark-data/landing/transaction_events_1768879479.1820476.json, range: 46137344-50331648, partition values: [empty row]
[2026-01-20T04:37:48.175+0000] {subprocess.py:93} INFO - 26/01/20 04:37:48 INFO FileScanRDD: Reading File path: file:///opt/spark-data/landing/transaction_events_1768879479.1820476.json, range: 4194304-8388608, partition values: [empty row]
[2026-01-20T04:37:48.176+0000] {subprocess.py:93} INFO - 26/01/20 04:37:48 INFO BlockManagerInfo: Removed broadcast_5_piece0 on 519d7d29de3d:45195 in memory (size: 7.4 KiB, free: 432.7 MiB)
[2026-01-20T04:37:48.177+0000] {subprocess.py:93} INFO - 26/01/20 04:37:48 INFO CodeGenerator: Code generated in 38.659646 ms
[2026-01-20T04:37:48.180+0000] {subprocess.py:93} INFO - 26/01/20 04:37:48 INFO CodeGenerator: Code generated in 10.25646 ms
[2026-01-20T04:37:48.385+0000] {subprocess.py:93} INFO - 26/01/20 04:37:48 INFO FileScanRDD: Reading File path: file:///opt/spark-data/landing/transaction_events_1768879479.1820476.json, range: 0-4194304, partition values: [empty row]
[2026-01-20T04:37:48.845+0000] {subprocess.py:93} INFO - 26/01/20 04:37:48 INFO FileOutputCommitter: Saved output of task 'attempt_202601200437453422912948712592391_0003_m_000012_41' to file:/opt/spark-data/gold/advertising/_temporary/0/task_202601200437453422912948712592391_0003_m_000012
[2026-01-20T04:37:48.850+0000] {subprocess.py:93} INFO - 26/01/20 04:37:48 INFO SparkHadoopMapRedUtil: attempt_202601200437453422912948712592391_0003_m_000012_41: Committed. Elapsed time: 41 ms.
[2026-01-20T04:37:48.871+0000] {subprocess.py:93} INFO - 26/01/20 04:37:48 INFO Executor: Finished task 12.0 in stage 3.0 (TID 41). 2936 bytes result sent to driver
[2026-01-20T04:37:48.876+0000] {subprocess.py:93} INFO - 26/01/20 04:37:48 INFO TaskSetManager: Finished task 12.0 in stage 3.0 (TID 41) in 2157 ms on 519d7d29de3d (executor driver) (1/13)
[2026-01-20T04:37:49.270+0000] {subprocess.py:93} INFO - 26/01/20 04:37:49 INFO FileOutputCommitter: Saved output of task 'attempt_202601200437453422912948712592391_0003_m_000009_38' to file:/opt/spark-data/gold/advertising/_temporary/0/task_202601200437453422912948712592391_0003_m_000009
[2026-01-20T04:37:49.273+0000] {subprocess.py:93} INFO - 26/01/20 04:37:49 INFO SparkHadoopMapRedUtil: attempt_202601200437453422912948712592391_0003_m_000009_38: Committed. Elapsed time: 66 ms.
[2026-01-20T04:37:49.278+0000] {subprocess.py:93} INFO - 26/01/20 04:37:49 INFO Executor: Finished task 9.0 in stage 3.0 (TID 38). 2893 bytes result sent to driver
[2026-01-20T04:37:49.282+0000] {subprocess.py:93} INFO - 26/01/20 04:37:49 INFO TaskSetManager: Finished task 9.0 in stage 3.0 (TID 38) in 2564 ms on 519d7d29de3d (executor driver) (2/13)
[2026-01-20T04:37:49.284+0000] {subprocess.py:93} INFO - 26/01/20 04:37:49 INFO FileOutputCommitter: Saved output of task 'attempt_202601200437453422912948712592391_0003_m_000003_32' to file:/opt/spark-data/gold/advertising/_temporary/0/task_202601200437453422912948712592391_0003_m_000003
[2026-01-20T04:37:49.287+0000] {subprocess.py:93} INFO - 26/01/20 04:37:49 INFO SparkHadoopMapRedUtil: attempt_202601200437453422912948712592391_0003_m_000003_32: Committed. Elapsed time: 66 ms.
[2026-01-20T04:37:49.289+0000] {subprocess.py:93} INFO - 26/01/20 04:37:49 INFO Executor: Finished task 3.0 in stage 3.0 (TID 32). 2893 bytes result sent to driver
[2026-01-20T04:37:49.291+0000] {subprocess.py:93} INFO - 26/01/20 04:37:49 INFO TaskSetManager: Finished task 3.0 in stage 3.0 (TID 32) in 2578 ms on 519d7d29de3d (executor driver) (3/13)
[2026-01-20T04:37:49.299+0000] {subprocess.py:93} INFO - 26/01/20 04:37:49 INFO FileOutputCommitter: Saved output of task 'attempt_202601200437453422912948712592391_0003_m_000011_40' to file:/opt/spark-data/gold/advertising/_temporary/0/task_202601200437453422912948712592391_0003_m_000011
[2026-01-20T04:37:49.300+0000] {subprocess.py:93} INFO - 26/01/20 04:37:49 INFO SparkHadoopMapRedUtil: attempt_202601200437453422912948712592391_0003_m_000011_40: Committed. Elapsed time: 70 ms.
[2026-01-20T04:37:49.301+0000] {subprocess.py:93} INFO - 26/01/20 04:37:49 INFO Executor: Finished task 11.0 in stage 3.0 (TID 40). 2893 bytes result sent to driver
[2026-01-20T04:37:49.303+0000] {subprocess.py:93} INFO - 26/01/20 04:37:49 INFO TaskSetManager: Finished task 11.0 in stage 3.0 (TID 40) in 2585 ms on 519d7d29de3d (executor driver) (4/13)
[2026-01-20T04:37:49.313+0000] {subprocess.py:93} INFO - 26/01/20 04:37:49 INFO FileOutputCommitter: Saved output of task 'attempt_202601200437453422912948712592391_0003_m_000007_36' to file:/opt/spark-data/gold/advertising/_temporary/0/task_202601200437453422912948712592391_0003_m_000007
[2026-01-20T04:37:49.314+0000] {subprocess.py:93} INFO - 26/01/20 04:37:49 INFO SparkHadoopMapRedUtil: attempt_202601200437453422912948712592391_0003_m_000007_36: Committed. Elapsed time: 64 ms.
[2026-01-20T04:37:49.315+0000] {subprocess.py:93} INFO - 26/01/20 04:37:49 INFO Executor: Finished task 7.0 in stage 3.0 (TID 36). 2893 bytes result sent to driver
[2026-01-20T04:37:49.317+0000] {subprocess.py:93} INFO - 26/01/20 04:37:49 INFO TaskSetManager: Finished task 7.0 in stage 3.0 (TID 36) in 2600 ms on 519d7d29de3d (executor driver) (5/13)
[2026-01-20T04:37:49.321+0000] {subprocess.py:93} INFO - 26/01/20 04:37:49 INFO FileOutputCommitter: Saved output of task 'attempt_202601200437453422912948712592391_0003_m_000005_34' to file:/opt/spark-data/gold/advertising/_temporary/0/task_202601200437453422912948712592391_0003_m_000005
[2026-01-20T04:37:49.322+0000] {subprocess.py:93} INFO - 26/01/20 04:37:49 INFO SparkHadoopMapRedUtil: attempt_202601200437453422912948712592391_0003_m_000005_34: Committed. Elapsed time: 80 ms.
[2026-01-20T04:37:49.323+0000] {subprocess.py:93} INFO - 26/01/20 04:37:49 INFO Executor: Finished task 5.0 in stage 3.0 (TID 34). 2893 bytes result sent to driver
[2026-01-20T04:37:49.325+0000] {subprocess.py:93} INFO - 26/01/20 04:37:49 INFO TaskSetManager: Finished task 5.0 in stage 3.0 (TID 34) in 2609 ms on 519d7d29de3d (executor driver) (6/13)
[2026-01-20T04:37:49.328+0000] {subprocess.py:93} INFO - 26/01/20 04:37:49 INFO FileOutputCommitter: Saved output of task 'attempt_202601200437453422912948712592391_0003_m_000000_29' to file:/opt/spark-data/gold/advertising/_temporary/0/task_202601200437453422912948712592391_0003_m_000000
[2026-01-20T04:37:49.329+0000] {subprocess.py:93} INFO - 26/01/20 04:37:49 INFO SparkHadoopMapRedUtil: attempt_202601200437453422912948712592391_0003_m_000000_29: Committed. Elapsed time: 77 ms.
[2026-01-20T04:37:49.330+0000] {subprocess.py:93} INFO - 26/01/20 04:37:49 INFO Executor: Finished task 0.0 in stage 3.0 (TID 29). 2893 bytes result sent to driver
[2026-01-20T04:37:49.330+0000] {subprocess.py:93} INFO - 26/01/20 04:37:49 INFO TaskSetManager: Finished task 0.0 in stage 3.0 (TID 29) in 2621 ms on 519d7d29de3d (executor driver) (7/13)
[2026-01-20T04:37:49.334+0000] {subprocess.py:93} INFO - 26/01/20 04:37:49 INFO FileOutputCommitter: Saved output of task 'attempt_202601200437453422912948712592391_0003_m_000001_30' to file:/opt/spark-data/gold/advertising/_temporary/0/task_202601200437453422912948712592391_0003_m_000001
[2026-01-20T04:37:49.335+0000] {subprocess.py:93} INFO - 26/01/20 04:37:49 INFO SparkHadoopMapRedUtil: attempt_202601200437453422912948712592391_0003_m_000001_30: Committed. Elapsed time: 84 ms.
[2026-01-20T04:37:49.336+0000] {subprocess.py:93} INFO - 26/01/20 04:37:49 INFO Executor: Finished task 1.0 in stage 3.0 (TID 30). 2893 bytes result sent to driver
[2026-01-20T04:37:49.337+0000] {subprocess.py:93} INFO - 26/01/20 04:37:49 INFO TaskSetManager: Finished task 1.0 in stage 3.0 (TID 30) in 2627 ms on 519d7d29de3d (executor driver) (8/13)
[2026-01-20T04:37:49.340+0000] {subprocess.py:93} INFO - 26/01/20 04:37:49 INFO FileOutputCommitter: Saved output of task 'attempt_202601200437453422912948712592391_0003_m_000008_37' to file:/opt/spark-data/gold/advertising/_temporary/0/task_202601200437453422912948712592391_0003_m_000008
[2026-01-20T04:37:49.341+0000] {subprocess.py:93} INFO - 26/01/20 04:37:49 INFO SparkHadoopMapRedUtil: attempt_202601200437453422912948712592391_0003_m_000008_37: Committed. Elapsed time: 82 ms.
[2026-01-20T04:37:49.342+0000] {subprocess.py:93} INFO - 26/01/20 04:37:49 INFO Executor: Finished task 8.0 in stage 3.0 (TID 37). 2893 bytes result sent to driver
[2026-01-20T04:37:49.343+0000] {subprocess.py:93} INFO - 26/01/20 04:37:49 INFO TaskSetManager: Finished task 8.0 in stage 3.0 (TID 37) in 2627 ms on 519d7d29de3d (executor driver) (9/13)
[2026-01-20T04:37:49.346+0000] {subprocess.py:93} INFO - 26/01/20 04:37:49 INFO FileOutputCommitter: Saved output of task 'attempt_202601200437453422912948712592391_0003_m_000002_31' to file:/opt/spark-data/gold/advertising/_temporary/0/task_202601200437453422912948712592391_0003_m_000002
[2026-01-20T04:37:49.346+0000] {subprocess.py:93} INFO - 26/01/20 04:37:49 INFO SparkHadoopMapRedUtil: attempt_202601200437453422912948712592391_0003_m_000002_31: Committed. Elapsed time: 88 ms.
[2026-01-20T04:37:49.347+0000] {subprocess.py:93} INFO - 26/01/20 04:37:49 INFO Executor: Finished task 2.0 in stage 3.0 (TID 31). 2893 bytes result sent to driver
[2026-01-20T04:37:49.348+0000] {subprocess.py:93} INFO - 26/01/20 04:37:49 INFO TaskSetManager: Finished task 2.0 in stage 3.0 (TID 31) in 2637 ms on 519d7d29de3d (executor driver) (10/13)
[2026-01-20T04:37:49.351+0000] {subprocess.py:93} INFO - 26/01/20 04:37:49 INFO FileOutputCommitter: Saved output of task 'attempt_202601200437453422912948712592391_0003_m_000004_33' to file:/opt/spark-data/gold/advertising/_temporary/0/task_202601200437453422912948712592391_0003_m_000004
[2026-01-20T04:37:49.351+0000] {subprocess.py:93} INFO - 26/01/20 04:37:49 INFO SparkHadoopMapRedUtil: attempt_202601200437453422912948712592391_0003_m_000004_33: Committed. Elapsed time: 92 ms.
[2026-01-20T04:37:49.352+0000] {subprocess.py:93} INFO - 26/01/20 04:37:49 INFO Executor: Finished task 4.0 in stage 3.0 (TID 33). 2893 bytes result sent to driver
[2026-01-20T04:37:49.353+0000] {subprocess.py:93} INFO - 26/01/20 04:37:49 INFO TaskSetManager: Finished task 4.0 in stage 3.0 (TID 33) in 2639 ms on 519d7d29de3d (executor driver) (11/13)
[2026-01-20T04:37:49.356+0000] {subprocess.py:93} INFO - 26/01/20 04:37:49 INFO FileOutputCommitter: Saved output of task 'attempt_202601200437453422912948712592391_0003_m_000010_39' to file:/opt/spark-data/gold/advertising/_temporary/0/task_202601200437453422912948712592391_0003_m_000010
[2026-01-20T04:37:49.356+0000] {subprocess.py:93} INFO - 26/01/20 04:37:49 INFO SparkHadoopMapRedUtil: attempt_202601200437453422912948712592391_0003_m_000010_39: Committed. Elapsed time: 95 ms.
[2026-01-20T04:37:49.357+0000] {subprocess.py:93} INFO - 26/01/20 04:37:49 INFO Executor: Finished task 10.0 in stage 3.0 (TID 39). 2893 bytes result sent to driver
[2026-01-20T04:37:49.359+0000] {subprocess.py:93} INFO - 26/01/20 04:37:49 INFO TaskSetManager: Finished task 10.0 in stage 3.0 (TID 39) in 2641 ms on 519d7d29de3d (executor driver) (12/13)
[2026-01-20T04:37:49.362+0000] {subprocess.py:93} INFO - 26/01/20 04:37:49 INFO FileOutputCommitter: Saved output of task 'attempt_202601200437453422912948712592391_0003_m_000006_35' to file:/opt/spark-data/gold/advertising/_temporary/0/task_202601200437453422912948712592391_0003_m_000006
[2026-01-20T04:37:49.362+0000] {subprocess.py:93} INFO - 26/01/20 04:37:49 INFO SparkHadoopMapRedUtil: attempt_202601200437453422912948712592391_0003_m_000006_35: Committed. Elapsed time: 72 ms.
[2026-01-20T04:37:49.363+0000] {subprocess.py:93} INFO - 26/01/20 04:37:49 INFO Executor: Finished task 6.0 in stage 3.0 (TID 35). 2893 bytes result sent to driver
[2026-01-20T04:37:49.365+0000] {subprocess.py:93} INFO - 26/01/20 04:37:49 INFO TaskSetManager: Finished task 6.0 in stage 3.0 (TID 35) in 2649 ms on 519d7d29de3d (executor driver) (13/13)
[2026-01-20T04:37:49.366+0000] {subprocess.py:93} INFO - 26/01/20 04:37:49 INFO TaskSchedulerImpl: Removed TaskSet 3.0, whose tasks have all completed, from pool
[2026-01-20T04:37:49.366+0000] {subprocess.py:93} INFO - 26/01/20 04:37:49 INFO DAGScheduler: ResultStage 3 (csv at NativeMethodAccessorImpl.java:0) finished in 3.776 s
[2026-01-20T04:37:49.367+0000] {subprocess.py:93} INFO - 26/01/20 04:37:49 INFO DAGScheduler: Job 3 is finished. Cancelling potential speculative or zombie tasks for this job
[2026-01-20T04:37:49.368+0000] {subprocess.py:93} INFO - 26/01/20 04:37:49 INFO TaskSchedulerImpl: Killing all running tasks in stage 3: Stage finished
[2026-01-20T04:37:49.368+0000] {subprocess.py:93} INFO - 26/01/20 04:37:49 INFO DAGScheduler: Job 3 finished: csv at NativeMethodAccessorImpl.java:0, took 1.576048 s
[2026-01-20T04:37:49.369+0000] {subprocess.py:93} INFO - 26/01/20 04:37:49 INFO FileFormatWriter: Start to commit write Job 57920322-b30a-4d06-87c5-cfaa745a2c07.
[2026-01-20T04:37:51.459+0000] {subprocess.py:93} INFO - 26/01/20 04:37:51 INFO FileFormatWriter: Write Job 57920322-b30a-4d06-87c5-cfaa745a2c07 committed. Elapsed time: 2089 ms.
[2026-01-20T04:37:51.462+0000] {subprocess.py:93} INFO - 26/01/20 04:37:51 INFO FileFormatWriter: Finished processing stats for write job 57920322-b30a-4d06-87c5-cfaa745a2c07.
[2026-01-20T04:37:51.718+0000] {subprocess.py:93} INFO - 26/01/20 04:37:51 INFO FileSourceStrategy: Pushed Filters:
[2026-01-20T04:37:51.719+0000] {subprocess.py:93} INFO - 26/01/20 04:37:51 INFO FileSourceStrategy: Post-Scan Filters:
[2026-01-20T04:37:51.799+0000] {subprocess.py:93} INFO - 26/01/20 04:37:51 INFO CodeGenerator: Code generated in 14.691636 ms
[2026-01-20T04:37:51.806+0000] {subprocess.py:93} INFO - 26/01/20 04:37:51 INFO MemoryStore: Block broadcast_9 stored as values in memory (estimated size 199.1 KiB, free 422.6 MiB)
[2026-01-20T04:37:51.822+0000] {subprocess.py:93} INFO - 26/01/20 04:37:51 INFO MemoryStore: Block broadcast_9_piece0 stored as bytes in memory (estimated size 34.2 KiB, free 422.6 MiB)
[2026-01-20T04:37:51.823+0000] {subprocess.py:93} INFO - 26/01/20 04:37:51 INFO BlockManagerInfo: Added broadcast_9_piece0 in memory on 519d7d29de3d:45195 (size: 34.2 KiB, free: 432.6 MiB)
[2026-01-20T04:37:51.825+0000] {subprocess.py:93} INFO - 26/01/20 04:37:51 INFO SparkContext: Created broadcast 9 from csv at NativeMethodAccessorImpl.java:0
[2026-01-20T04:37:51.827+0000] {subprocess.py:93} INFO - 26/01/20 04:37:51 INFO FileSourceScanExec: Planning scan with bin packing, max size: 4194304 bytes, open cost is considered as scanning 4194304 bytes.
[2026-01-20T04:37:51.867+0000] {subprocess.py:93} INFO - 26/01/20 04:37:51 INFO DAGScheduler: Registering RDD 19 (csv at NativeMethodAccessorImpl.java:0) as input to shuffle 0
[2026-01-20T04:37:51.872+0000] {subprocess.py:93} INFO - 26/01/20 04:37:51 INFO DAGScheduler: Got map stage job 4 (csv at NativeMethodAccessorImpl.java:0) with 13 output partitions
[2026-01-20T04:37:51.873+0000] {subprocess.py:93} INFO - 26/01/20 04:37:51 INFO DAGScheduler: Final stage: ShuffleMapStage 4 (csv at NativeMethodAccessorImpl.java:0)
[2026-01-20T04:37:51.875+0000] {subprocess.py:93} INFO - 26/01/20 04:37:51 INFO DAGScheduler: Parents of final stage: List()
[2026-01-20T04:37:51.875+0000] {subprocess.py:93} INFO - 26/01/20 04:37:51 INFO DAGScheduler: Missing parents: List()
[2026-01-20T04:37:51.876+0000] {subprocess.py:93} INFO - 26/01/20 04:37:51 INFO DAGScheduler: Submitting ShuffleMapStage 4 (MapPartitionsRDD[19] at csv at NativeMethodAccessorImpl.java:0), which has no missing parents
[2026-01-20T04:37:51.899+0000] {subprocess.py:93} INFO - 26/01/20 04:37:51 INFO MemoryStore: Block broadcast_10 stored as values in memory (estimated size 18.5 KiB, free 422.6 MiB)
[2026-01-20T04:37:51.902+0000] {subprocess.py:93} INFO - 26/01/20 04:37:51 INFO MemoryStore: Block broadcast_10_piece0 stored as bytes in memory (estimated size 8.8 KiB, free 422.6 MiB)
[2026-01-20T04:37:51.903+0000] {subprocess.py:93} INFO - 26/01/20 04:37:51 INFO BlockManagerInfo: Added broadcast_10_piece0 in memory on 519d7d29de3d:45195 (size: 8.8 KiB, free: 432.6 MiB)
[2026-01-20T04:37:51.904+0000] {subprocess.py:93} INFO - 26/01/20 04:37:51 INFO SparkContext: Created broadcast 10 from broadcast at DAGScheduler.scala:1580
[2026-01-20T04:37:51.906+0000] {subprocess.py:93} INFO - 26/01/20 04:37:51 INFO DAGScheduler: Submitting 13 missing tasks from ShuffleMapStage 4 (MapPartitionsRDD[19] at csv at NativeMethodAccessorImpl.java:0) (first 15 tasks are for partitions Vector(0, 1, 2, 3, 4, 5, 6, 7, 8, 9, 10, 11, 12))
[2026-01-20T04:37:51.906+0000] {subprocess.py:93} INFO - 26/01/20 04:37:51 INFO TaskSchedulerImpl: Adding task set 4.0 with 13 tasks resource profile 0
[2026-01-20T04:37:51.909+0000] {subprocess.py:93} INFO - 26/01/20 04:37:51 INFO TaskSetManager: Starting task 0.0 in stage 4.0 (TID 42) (519d7d29de3d, executor driver, partition 0, PROCESS_LOCAL, 8240 bytes)
[2026-01-20T04:37:51.909+0000] {subprocess.py:93} INFO - 26/01/20 04:37:51 INFO TaskSetManager: Starting task 1.0 in stage 4.0 (TID 43) (519d7d29de3d, executor driver, partition 1, PROCESS_LOCAL, 8240 bytes)
[2026-01-20T04:37:51.910+0000] {subprocess.py:93} INFO - 26/01/20 04:37:51 INFO TaskSetManager: Starting task 2.0 in stage 4.0 (TID 44) (519d7d29de3d, executor driver, partition 2, PROCESS_LOCAL, 8240 bytes)
[2026-01-20T04:37:51.911+0000] {subprocess.py:93} INFO - 26/01/20 04:37:51 INFO TaskSetManager: Starting task 3.0 in stage 4.0 (TID 45) (519d7d29de3d, executor driver, partition 3, PROCESS_LOCAL, 8240 bytes)
[2026-01-20T04:37:51.912+0000] {subprocess.py:93} INFO - 26/01/20 04:37:51 INFO TaskSetManager: Starting task 4.0 in stage 4.0 (TID 46) (519d7d29de3d, executor driver, partition 4, PROCESS_LOCAL, 8240 bytes)
[2026-01-20T04:37:51.913+0000] {subprocess.py:93} INFO - 26/01/20 04:37:51 INFO TaskSetManager: Starting task 5.0 in stage 4.0 (TID 47) (519d7d29de3d, executor driver, partition 5, PROCESS_LOCAL, 8240 bytes)
[2026-01-20T04:37:51.914+0000] {subprocess.py:93} INFO - 26/01/20 04:37:51 INFO TaskSetManager: Starting task 6.0 in stage 4.0 (TID 48) (519d7d29de3d, executor driver, partition 6, PROCESS_LOCAL, 8240 bytes)
[2026-01-20T04:37:51.915+0000] {subprocess.py:93} INFO - 26/01/20 04:37:51 INFO TaskSetManager: Starting task 7.0 in stage 4.0 (TID 49) (519d7d29de3d, executor driver, partition 7, PROCESS_LOCAL, 8240 bytes)
[2026-01-20T04:37:51.915+0000] {subprocess.py:93} INFO - 26/01/20 04:37:51 INFO TaskSetManager: Starting task 8.0 in stage 4.0 (TID 50) (519d7d29de3d, executor driver, partition 8, PROCESS_LOCAL, 8240 bytes)
[2026-01-20T04:37:51.917+0000] {subprocess.py:93} INFO - 26/01/20 04:37:51 INFO TaskSetManager: Starting task 9.0 in stage 4.0 (TID 51) (519d7d29de3d, executor driver, partition 9, PROCESS_LOCAL, 8240 bytes)
[2026-01-20T04:37:51.918+0000] {subprocess.py:93} INFO - 26/01/20 04:37:51 INFO TaskSetManager: Starting task 10.0 in stage 4.0 (TID 52) (519d7d29de3d, executor driver, partition 10, PROCESS_LOCAL, 8240 bytes)
[2026-01-20T04:37:51.919+0000] {subprocess.py:93} INFO - 26/01/20 04:37:51 INFO TaskSetManager: Starting task 11.0 in stage 4.0 (TID 53) (519d7d29de3d, executor driver, partition 11, PROCESS_LOCAL, 8240 bytes)
[2026-01-20T04:37:51.919+0000] {subprocess.py:93} INFO - 26/01/20 04:37:51 INFO TaskSetManager: Starting task 12.0 in stage 4.0 (TID 54) (519d7d29de3d, executor driver, partition 12, PROCESS_LOCAL, 8240 bytes)
[2026-01-20T04:37:51.923+0000] {subprocess.py:93} INFO - 26/01/20 04:37:51 INFO Executor: Running task 1.0 in stage 4.0 (TID 43)
[2026-01-20T04:37:51.924+0000] {subprocess.py:93} INFO - 26/01/20 04:37:51 INFO Executor: Running task 0.0 in stage 4.0 (TID 42)
[2026-01-20T04:37:51.925+0000] {subprocess.py:93} INFO - 26/01/20 04:37:51 INFO Executor: Running task 3.0 in stage 4.0 (TID 45)
[2026-01-20T04:37:51.926+0000] {subprocess.py:93} INFO - 26/01/20 04:37:51 INFO Executor: Running task 2.0 in stage 4.0 (TID 44)
[2026-01-20T04:37:51.927+0000] {subprocess.py:93} INFO - 26/01/20 04:37:51 INFO Executor: Running task 4.0 in stage 4.0 (TID 46)
[2026-01-20T04:37:51.928+0000] {subprocess.py:93} INFO - 26/01/20 04:37:51 INFO Executor: Running task 8.0 in stage 4.0 (TID 50)
[2026-01-20T04:37:51.929+0000] {subprocess.py:93} INFO - 26/01/20 04:37:51 INFO Executor: Running task 6.0 in stage 4.0 (TID 48)
[2026-01-20T04:37:51.930+0000] {subprocess.py:93} INFO - 26/01/20 04:37:51 INFO Executor: Running task 7.0 in stage 4.0 (TID 49)
[2026-01-20T04:37:51.930+0000] {subprocess.py:93} INFO - 26/01/20 04:37:51 INFO Executor: Running task 5.0 in stage 4.0 (TID 47)
[2026-01-20T04:37:51.931+0000] {subprocess.py:93} INFO - 26/01/20 04:37:51 INFO Executor: Running task 10.0 in stage 4.0 (TID 52)
[2026-01-20T04:37:51.932+0000] {subprocess.py:93} INFO - 26/01/20 04:37:51 INFO Executor: Running task 9.0 in stage 4.0 (TID 51)
[2026-01-20T04:37:51.933+0000] {subprocess.py:93} INFO - 26/01/20 04:37:51 INFO Executor: Running task 12.0 in stage 4.0 (TID 54)
[2026-01-20T04:37:51.934+0000] {subprocess.py:93} INFO - 26/01/20 04:37:51 INFO Executor: Running task 11.0 in stage 4.0 (TID 53)
[2026-01-20T04:37:51.949+0000] {subprocess.py:93} INFO - 26/01/20 04:37:51 INFO CodeGenerator: Code generated in 15.094785 ms
[2026-01-20T04:37:51.979+0000] {subprocess.py:93} INFO - 26/01/20 04:37:51 INFO CodeGenerator: Code generated in 17.608326 ms
[2026-01-20T04:37:51.997+0000] {subprocess.py:93} INFO - 26/01/20 04:37:51 INFO FileScanRDD: Reading File path: file:///opt/spark-data/landing/transaction_events_1768879479.1820476.json, range: 33554432-37748736, partition values: [empty row]
[2026-01-20T04:37:51.999+0000] {subprocess.py:93} INFO - 26/01/20 04:37:51 INFO FileScanRDD: Reading File path: file:///opt/spark-data/landing/transaction_events_1768879479.1820476.json, range: 0-4194304, partition values: [empty row]
[2026-01-20T04:37:52.000+0000] {subprocess.py:93} INFO - 26/01/20 04:37:51 INFO FileScanRDD: Reading File path: file:///opt/spark-data/landing/transaction_events_1768879479.1820476.json, range: 8388608-12582912, partition values: [empty row]
[2026-01-20T04:37:52.001+0000] {subprocess.py:93} INFO - 26/01/20 04:37:51 INFO FileScanRDD: Reading File path: file:///opt/spark-data/landing/transaction_events_1768879479.1820476.json, range: 4194304-8388608, partition values: [empty row]
[2026-01-20T04:37:52.002+0000] {subprocess.py:93} INFO - 26/01/20 04:37:51 INFO FileScanRDD: Reading File path: file:///opt/spark-data/landing/transaction_events_1768879479.1820476.json, range: 12582912-16777216, partition values: [empty row]
[2026-01-20T04:37:52.004+0000] {subprocess.py:93} INFO - 26/01/20 04:37:51 INFO FileScanRDD: Reading File path: file:///opt/spark-data/landing/transaction_events_1768879479.1820476.json, range: 46137344-50331648, partition values: [empty row]
[2026-01-20T04:37:52.005+0000] {subprocess.py:93} INFO - 26/01/20 04:37:51 INFO FileScanRDD: Reading File path: file:///opt/spark-data/landing/transaction_events_1768879479.1820476.json, range: 29360128-33554432, partition values: [empty row]
[2026-01-20T04:37:52.006+0000] {subprocess.py:93} INFO - 26/01/20 04:37:51 INFO FileScanRDD: Reading File path: file:///opt/spark-data/landing/transaction_events_1768879479.1820476.json, range: 25165824-29360128, partition values: [empty row]
[2026-01-20T04:37:52.008+0000] {subprocess.py:93} INFO - 26/01/20 04:37:51 INFO FileScanRDD: Reading File path: file:///opt/spark-data/landing/transaction_events_1768879479.1820476.json, range: 37748736-41943040, partition values: [empty row]
[2026-01-20T04:37:52.009+0000] {subprocess.py:93} INFO - 26/01/20 04:37:52 INFO FileScanRDD: Reading File path: file:///opt/spark-data/landing/transaction_events_1768879479.1820476.json, range: 16777216-20971520, partition values: [empty row]
[2026-01-20T04:37:52.010+0000] {subprocess.py:93} INFO - 26/01/20 04:37:52 INFO FileScanRDD: Reading File path: file:///opt/spark-data/landing/transaction_events_1768879479.1820476.json, range: 41943040-46137344, partition values: [empty row]
[2026-01-20T04:37:52.011+0000] {subprocess.py:93} INFO - 26/01/20 04:37:52 INFO FileScanRDD: Reading File path: file:///opt/spark-data/landing/transaction_events_1768879479.1820476.json, range: 20971520-25165824, partition values: [empty row]
[2026-01-20T04:37:52.012+0000] {subprocess.py:93} INFO - 26/01/20 04:37:52 INFO FileScanRDD: Reading File path: file:///opt/spark-data/landing/transaction_events_1768879479.1820476.json, range: 50331648-51561162, partition values: [empty row]
[2026-01-20T04:37:52.025+0000] {subprocess.py:93} INFO - 26/01/20 04:37:52 INFO CodeGenerator: Code generated in 23.986054 ms
[2026-01-20T04:37:52.485+0000] {subprocess.py:93} INFO - 26/01/20 04:37:52 INFO BlockManagerInfo: Removed broadcast_1_piece0 on 519d7d29de3d:45195 in memory (size: 7.5 KiB, free: 432.6 MiB)
[2026-01-20T04:37:52.518+0000] {subprocess.py:93} INFO - 26/01/20 04:37:52 INFO BlockManagerInfo: Removed broadcast_7_piece0 on 519d7d29de3d:45195 in memory (size: 34.2 KiB, free: 432.7 MiB)
[2026-01-20T04:37:52.560+0000] {subprocess.py:93} INFO - 26/01/20 04:37:52 INFO BlockManagerInfo: Removed broadcast_4_piece0 on 519d7d29de3d:45195 in memory (size: 34.2 KiB, free: 432.7 MiB)
[2026-01-20T04:37:52.591+0000] {subprocess.py:93} INFO - 26/01/20 04:37:52 INFO BlockManagerInfo: Removed broadcast_0_piece0 on 519d7d29de3d:45195 in memory (size: 34.2 KiB, free: 432.7 MiB)
[2026-01-20T04:37:52.660+0000] {subprocess.py:93} INFO - 26/01/20 04:37:52 INFO BlockManagerInfo: Removed broadcast_6_piece0 on 519d7d29de3d:45195 in memory (size: 1578.1 KiB, free: 434.3 MiB)
[2026-01-20T04:37:52.677+0000] {subprocess.py:93} INFO - 26/01/20 04:37:52 INFO BlockManagerInfo: Removed broadcast_8_piece0 on 519d7d29de3d:45195 in memory (size: 82.8 KiB, free: 434.4 MiB)
[2026-01-20T04:37:52.831+0000] {subprocess.py:93} INFO - 26/01/20 04:37:52 INFO Executor: Finished task 12.0 in stage 4.0 (TID 54). 2075 bytes result sent to driver
[2026-01-20T04:37:52.836+0000] {subprocess.py:93} INFO - 26/01/20 04:37:52 INFO TaskSetManager: Finished task 12.0 in stage 4.0 (TID 54) in 919 ms on 519d7d29de3d (executor driver) (1/13)
[2026-01-20T04:37:53.172+0000] {subprocess.py:93} INFO - 26/01/20 04:37:53 INFO Executor: Finished task 2.0 in stage 4.0 (TID 44). 2032 bytes result sent to driver
[2026-01-20T04:37:53.174+0000] {subprocess.py:93} INFO - 26/01/20 04:37:53 INFO TaskSetManager: Finished task 2.0 in stage 4.0 (TID 44) in 1265 ms on 519d7d29de3d (executor driver) (2/13)
[2026-01-20T04:37:53.195+0000] {subprocess.py:93} INFO - 26/01/20 04:37:53 INFO Executor: Finished task 8.0 in stage 4.0 (TID 50). 2032 bytes result sent to driver
[2026-01-20T04:37:53.196+0000] {subprocess.py:93} INFO - 26/01/20 04:37:53 INFO TaskSetManager: Finished task 8.0 in stage 4.0 (TID 50) in 1282 ms on 519d7d29de3d (executor driver) (3/13)
[2026-01-20T04:37:53.220+0000] {subprocess.py:93} INFO - 26/01/20 04:37:53 INFO Executor: Finished task 9.0 in stage 4.0 (TID 51). 2032 bytes result sent to driver
[2026-01-20T04:37:53.222+0000] {subprocess.py:93} INFO - 26/01/20 04:37:53 INFO Executor: Finished task 3.0 in stage 4.0 (TID 45). 2032 bytes result sent to driver
[2026-01-20T04:37:53.224+0000] {subprocess.py:93} INFO - 26/01/20 04:37:53 INFO TaskSetManager: Finished task 9.0 in stage 4.0 (TID 51) in 1307 ms on 519d7d29de3d (executor driver) (4/13)
[2026-01-20T04:37:53.225+0000] {subprocess.py:93} INFO - 26/01/20 04:37:53 INFO Executor: Finished task 5.0 in stage 4.0 (TID 47). 2032 bytes result sent to driver
[2026-01-20T04:37:53.226+0000] {subprocess.py:93} INFO - 26/01/20 04:37:53 INFO TaskSetManager: Finished task 3.0 in stage 4.0 (TID 45) in 1315 ms on 519d7d29de3d (executor driver) (5/13)
[2026-01-20T04:37:53.228+0000] {subprocess.py:93} INFO - 26/01/20 04:37:53 INFO TaskSetManager: Finished task 5.0 in stage 4.0 (TID 47) in 1313 ms on 519d7d29de3d (executor driver) (6/13)
[2026-01-20T04:37:53.230+0000] {subprocess.py:93} INFO - 26/01/20 04:37:53 INFO Executor: Finished task 4.0 in stage 4.0 (TID 46). 2075 bytes result sent to driver
[2026-01-20T04:37:53.235+0000] {subprocess.py:93} INFO - 26/01/20 04:37:53 INFO Executor: Finished task 10.0 in stage 4.0 (TID 52). 2075 bytes result sent to driver
[2026-01-20T04:37:53.239+0000] {subprocess.py:93} INFO - 26/01/20 04:37:53 INFO Executor: Finished task 1.0 in stage 4.0 (TID 43). 2075 bytes result sent to driver
[2026-01-20T04:37:53.242+0000] {subprocess.py:93} INFO - 26/01/20 04:37:53 INFO Executor: Finished task 7.0 in stage 4.0 (TID 49). 2075 bytes result sent to driver
[2026-01-20T04:37:53.243+0000] {subprocess.py:93} INFO - 26/01/20 04:37:53 INFO Executor: Finished task 0.0 in stage 4.0 (TID 42). 2075 bytes result sent to driver
[2026-01-20T04:37:53.244+0000] {subprocess.py:93} INFO - 26/01/20 04:37:53 INFO TaskSetManager: Finished task 4.0 in stage 4.0 (TID 46) in 1332 ms on 519d7d29de3d (executor driver) (7/13)
[2026-01-20T04:37:53.245+0000] {subprocess.py:93} INFO - 26/01/20 04:37:53 INFO TaskSetManager: Finished task 1.0 in stage 4.0 (TID 43) in 1334 ms on 519d7d29de3d (executor driver) (8/13)
[2026-01-20T04:37:53.246+0000] {subprocess.py:93} INFO - 26/01/20 04:37:53 INFO TaskSetManager: Finished task 7.0 in stage 4.0 (TID 49) in 1331 ms on 519d7d29de3d (executor driver) (9/13)
[2026-01-20T04:37:53.247+0000] {subprocess.py:93} INFO - 26/01/20 04:37:53 INFO TaskSetManager: Finished task 10.0 in stage 4.0 (TID 52) in 1331 ms on 519d7d29de3d (executor driver) (10/13)
[2026-01-20T04:37:53.249+0000] {subprocess.py:93} INFO - 26/01/20 04:37:53 INFO TaskSetManager: Finished task 0.0 in stage 4.0 (TID 42) in 1341 ms on 519d7d29de3d (executor driver) (11/13)
[2026-01-20T04:37:53.250+0000] {subprocess.py:93} INFO - 26/01/20 04:37:53 INFO Executor: Finished task 6.0 in stage 4.0 (TID 48). 2075 bytes result sent to driver
[2026-01-20T04:37:53.251+0000] {subprocess.py:93} INFO - 26/01/20 04:37:53 INFO TaskSetManager: Finished task 6.0 in stage 4.0 (TID 48) in 1338 ms on 519d7d29de3d (executor driver) (12/13)
[2026-01-20T04:37:53.252+0000] {subprocess.py:93} INFO - 26/01/20 04:37:53 INFO Executor: Finished task 11.0 in stage 4.0 (TID 53). 2075 bytes result sent to driver
[2026-01-20T04:37:53.253+0000] {subprocess.py:93} INFO - 26/01/20 04:37:53 INFO TaskSetManager: Finished task 11.0 in stage 4.0 (TID 53) in 1337 ms on 519d7d29de3d (executor driver) (13/13)
[2026-01-20T04:37:53.255+0000] {subprocess.py:93} INFO - 26/01/20 04:37:53 INFO TaskSchedulerImpl: Removed TaskSet 4.0, whose tasks have all completed, from pool
[2026-01-20T04:37:53.256+0000] {subprocess.py:93} INFO - 26/01/20 04:37:53 INFO DAGScheduler: ShuffleMapStage 4 (csv at NativeMethodAccessorImpl.java:0) finished in 1.374 s
[2026-01-20T04:37:53.257+0000] {subprocess.py:93} INFO - 26/01/20 04:37:53 INFO DAGScheduler: looking for newly runnable stages
[2026-01-20T04:37:53.258+0000] {subprocess.py:93} INFO - 26/01/20 04:37:53 INFO DAGScheduler: running: Set()
[2026-01-20T04:37:53.260+0000] {subprocess.py:93} INFO - 26/01/20 04:37:53 INFO DAGScheduler: waiting: Set()
[2026-01-20T04:37:53.261+0000] {subprocess.py:93} INFO - 26/01/20 04:37:53 INFO DAGScheduler: failed: Set()
[2026-01-20T04:37:53.282+0000] {subprocess.py:93} INFO - 26/01/20 04:37:53 INFO ShufflePartitionsUtil: For shuffle(0), advisory target size: 67108864, actual target size 1048576, minimum partition size: 1048576
[2026-01-20T04:37:53.379+0000] {subprocess.py:93} INFO - 26/01/20 04:37:53 INFO FileOutputCommitter: File Output Committer Algorithm version is 1
[2026-01-20T04:37:53.380+0000] {subprocess.py:93} INFO - 26/01/20 04:37:53 INFO FileOutputCommitter: FileOutputCommitter skip cleanup _temporary folders under output directory:false, ignore cleanup failures: false
[2026-01-20T04:37:53.381+0000] {subprocess.py:93} INFO - 26/01/20 04:37:53 INFO SQLHadoopMapReduceCommitProtocol: Using output committer class org.apache.hadoop.mapreduce.lib.output.FileOutputCommitter
[2026-01-20T04:37:53.478+0000] {subprocess.py:93} INFO - 26/01/20 04:37:53 INFO CodeGenerator: Code generated in 16.425406 ms
[2026-01-20T04:37:53.492+0000] {subprocess.py:93} INFO - 26/01/20 04:37:53 INFO CodeGenerator: Code generated in 10.255416 ms
[2026-01-20T04:37:53.620+0000] {subprocess.py:93} INFO - 26/01/20 04:37:53 INFO SparkContext: Starting job: csv at NativeMethodAccessorImpl.java:0
[2026-01-20T04:37:53.622+0000] {subprocess.py:93} INFO - 26/01/20 04:37:53 INFO DAGScheduler: Got job 5 (csv at NativeMethodAccessorImpl.java:0) with 1 output partitions
[2026-01-20T04:37:53.623+0000] {subprocess.py:93} INFO - 26/01/20 04:37:53 INFO DAGScheduler: Final stage: ResultStage 6 (csv at NativeMethodAccessorImpl.java:0)
[2026-01-20T04:37:53.624+0000] {subprocess.py:93} INFO - 26/01/20 04:37:53 INFO DAGScheduler: Parents of final stage: List(ShuffleMapStage 5)
[2026-01-20T04:37:53.625+0000] {subprocess.py:93} INFO - 26/01/20 04:37:53 INFO DAGScheduler: Missing parents: List()
[2026-01-20T04:37:53.626+0000] {subprocess.py:93} INFO - 26/01/20 04:37:53 INFO DAGScheduler: Submitting ResultStage 6 (MapPartitionsRDD[26] at csv at NativeMethodAccessorImpl.java:0), which has no missing parents
[2026-01-20T04:37:53.646+0000] {subprocess.py:93} INFO - 26/01/20 04:37:53 INFO MemoryStore: Block broadcast_11 stored as values in memory (estimated size 244.7 KiB, free 433.9 MiB)
[2026-01-20T04:37:53.652+0000] {subprocess.py:93} INFO - 26/01/20 04:37:53 INFO MemoryStore: Block broadcast_11_piece0 stored as bytes in memory (estimated size 91.6 KiB, free 433.8 MiB)
[2026-01-20T04:37:53.653+0000] {subprocess.py:93} INFO - 26/01/20 04:37:53 INFO BlockManagerInfo: Added broadcast_11_piece0 in memory on 519d7d29de3d:45195 (size: 91.6 KiB, free: 434.3 MiB)
[2026-01-20T04:37:53.654+0000] {subprocess.py:93} INFO - 26/01/20 04:37:53 INFO SparkContext: Created broadcast 11 from broadcast at DAGScheduler.scala:1580
[2026-01-20T04:37:53.655+0000] {subprocess.py:93} INFO - 26/01/20 04:37:53 INFO DAGScheduler: Submitting 1 missing tasks from ResultStage 6 (MapPartitionsRDD[26] at csv at NativeMethodAccessorImpl.java:0) (first 15 tasks are for partitions Vector(0))
[2026-01-20T04:37:53.656+0000] {subprocess.py:93} INFO - 26/01/20 04:37:53 INFO TaskSchedulerImpl: Adding task set 6.0 with 1 tasks resource profile 0
[2026-01-20T04:37:53.670+0000] {subprocess.py:93} INFO - 26/01/20 04:37:53 INFO TaskSetManager: Starting task 0.0 in stage 6.0 (TID 55) (519d7d29de3d, executor driver, partition 0, NODE_LOCAL, 7975 bytes)
[2026-01-20T04:37:53.671+0000] {subprocess.py:93} INFO - 26/01/20 04:37:53 INFO Executor: Running task 0.0 in stage 6.0 (TID 55)
[2026-01-20T04:37:53.707+0000] {subprocess.py:93} INFO - 26/01/20 04:37:53 INFO FileOutputCommitter: File Output Committer Algorithm version is 1
[2026-01-20T04:37:53.708+0000] {subprocess.py:93} INFO - 26/01/20 04:37:53 INFO FileOutputCommitter: FileOutputCommitter skip cleanup _temporary folders under output directory:false, ignore cleanup failures: false
[2026-01-20T04:37:53.709+0000] {subprocess.py:93} INFO - 26/01/20 04:37:53 INFO SQLHadoopMapReduceCommitProtocol: Using output committer class org.apache.hadoop.mapreduce.lib.output.FileOutputCommitter
[2026-01-20T04:37:53.904+0000] {subprocess.py:93} INFO - 26/01/20 04:37:53 INFO ShuffleBlockFetcherIterator: Getting 13 (1044.2 KiB) non-empty blocks including 13 (1044.2 KiB) local and 0 (0.0 B) host-local and 0 (0.0 B) push-merged-local and 0 (0.0 B) remote blocks
[2026-01-20T04:37:53.907+0000] {subprocess.py:93} INFO - 26/01/20 04:37:53 INFO ShuffleBlockFetcherIterator: Started 0 remote fetches in 14 ms
[2026-01-20T04:37:53.921+0000] {subprocess.py:93} INFO - 26/01/20 04:37:53 INFO CodeGenerator: Code generated in 9.148049 ms
[2026-01-20T04:37:53.939+0000] {subprocess.py:93} INFO - 26/01/20 04:37:53 INFO CodeGenerator: Code generated in 12.0573 ms
[2026-01-20T04:37:53.956+0000] {subprocess.py:93} INFO - 26/01/20 04:37:53 INFO CodeGenerator: Code generated in 9.320216 ms
[2026-01-20T04:37:53.974+0000] {subprocess.py:93} INFO - 26/01/20 04:37:53 INFO CodeGenerator: Code generated in 7.572017 ms
[2026-01-20T04:37:54.080+0000] {subprocess.py:93} INFO - 26/01/20 04:37:54 INFO CodeGenerator: Code generated in 9.052795 ms
[2026-01-20T04:37:54.106+0000] {subprocess.py:93} INFO - 26/01/20 04:37:54 INFO CodeGenerator: Code generated in 15.507507 ms
[2026-01-20T04:37:54.115+0000] {subprocess.py:93} INFO - 26/01/20 04:37:54 INFO CodeGenerator: Code generated in 6.842226 ms
[2026-01-20T04:37:54.125+0000] {subprocess.py:93} INFO - 26/01/20 04:37:54 INFO CodeGenerator: Code generated in 6.862587 ms
[2026-01-20T04:37:54.136+0000] {subprocess.py:93} INFO - 26/01/20 04:37:54 INFO CodeGenerator: Code generated in 9.30874 ms
[2026-01-20T04:37:54.148+0000] {subprocess.py:93} INFO - 26/01/20 04:37:54 INFO CodeGenerator: Code generated in 8.305274 ms
[2026-01-20T04:37:54.167+0000] {subprocess.py:93} INFO - 26/01/20 04:37:54 INFO CodeGenerator: Code generated in 13.3455 ms
[2026-01-20T04:37:54.301+0000] {subprocess.py:93} INFO - 26/01/20 04:37:54 INFO CodeGenerator: Code generated in 12.510763 ms
[2026-01-20T04:37:54.347+0000] {subprocess.py:93} INFO - 26/01/20 04:37:54 INFO BlockManagerInfo: Removed broadcast_10_piece0 on 519d7d29de3d:45195 in memory (size: 8.8 KiB, free: 434.3 MiB)
[2026-01-20T04:37:54.350+0000] {subprocess.py:93} INFO - 26/01/20 04:37:54 INFO CodeGenerator: Code generated in 31.118667 ms
[2026-01-20T04:37:54.361+0000] {subprocess.py:93} INFO - 26/01/20 04:37:54 INFO CodeGenerator: Code generated in 7.596686 ms
[2026-01-20T04:37:54.492+0000] {subprocess.py:93} INFO - 26/01/20 04:37:54 INFO ShuffleBlockFetcherIterator: Getting 13 (1039.8 KiB) non-empty blocks including 13 (1039.8 KiB) local and 0 (0.0 B) host-local and 0 (0.0 B) push-merged-local and 0 (0.0 B) remote blocks
[2026-01-20T04:37:54.493+0000] {subprocess.py:93} INFO - 26/01/20 04:37:54 INFO ShuffleBlockFetcherIterator: Started 0 remote fetches in 2 ms
[2026-01-20T04:37:54.624+0000] {subprocess.py:93} INFO - 26/01/20 04:37:54 INFO ShuffleBlockFetcherIterator: Getting 13 (1030.5 KiB) non-empty blocks including 13 (1030.5 KiB) local and 0 (0.0 B) host-local and 0 (0.0 B) push-merged-local and 0 (0.0 B) remote blocks
[2026-01-20T04:37:54.626+0000] {subprocess.py:93} INFO - 26/01/20 04:37:54 INFO ShuffleBlockFetcherIterator: Started 0 remote fetches in 2 ms
[2026-01-20T04:37:54.757+0000] {subprocess.py:93} INFO - 26/01/20 04:37:54 INFO ShuffleBlockFetcherIterator: Getting 13 (1283.5 KiB) non-empty blocks including 13 (1283.5 KiB) local and 0 (0.0 B) host-local and 0 (0.0 B) push-merged-local and 0 (0.0 B) remote blocks
[2026-01-20T04:37:54.758+0000] {subprocess.py:93} INFO - 26/01/20 04:37:54 INFO ShuffleBlockFetcherIterator: Started 0 remote fetches in 2 ms
[2026-01-20T04:37:54.907+0000] {subprocess.py:93} INFO - 26/01/20 04:37:54 INFO FileOutputCommitter: Saved output of task 'attempt_202601200437538140908281529148733_0006_m_000000_55' to file:/opt/spark-data/gold/transaction_analytics/_temporary/0/task_202601200437538140908281529148733_0006_m_000000
[2026-01-20T04:37:54.908+0000] {subprocess.py:93} INFO - 26/01/20 04:37:54 INFO SparkHadoopMapRedUtil: attempt_202601200437538140908281529148733_0006_m_000000_55: Committed. Elapsed time: 20 ms.
[2026-01-20T04:37:54.909+0000] {subprocess.py:93} INFO - 26/01/20 04:37:54 INFO Executor: Finished task 0.0 in stage 6.0 (TID 55). 5888 bytes result sent to driver
[2026-01-20T04:37:54.913+0000] {subprocess.py:93} INFO - 26/01/20 04:37:54 INFO TaskSetManager: Finished task 0.0 in stage 6.0 (TID 55) in 1246 ms on 519d7d29de3d (executor driver) (1/1)
[2026-01-20T04:37:54.915+0000] {subprocess.py:93} INFO - 26/01/20 04:37:54 INFO TaskSchedulerImpl: Removed TaskSet 6.0, whose tasks have all completed, from pool
[2026-01-20T04:37:54.915+0000] {subprocess.py:93} INFO - 26/01/20 04:37:54 INFO DAGScheduler: ResultStage 6 (csv at NativeMethodAccessorImpl.java:0) finished in 1.285 s
[2026-01-20T04:37:54.916+0000] {subprocess.py:93} INFO - 26/01/20 04:37:54 INFO DAGScheduler: Job 5 is finished. Cancelling potential speculative or zombie tasks for this job
[2026-01-20T04:37:54.916+0000] {subprocess.py:93} INFO - 26/01/20 04:37:54 INFO TaskSchedulerImpl: Killing all running tasks in stage 6: Stage finished
[2026-01-20T04:37:54.917+0000] {subprocess.py:93} INFO - 26/01/20 04:37:54 INFO DAGScheduler: Job 5 finished: csv at NativeMethodAccessorImpl.java:0, took 1.291158 s
[2026-01-20T04:37:54.917+0000] {subprocess.py:93} INFO - 26/01/20 04:37:54 INFO FileFormatWriter: Start to commit write Job 63b76423-4b1f-44ca-b99f-4ee2e3a40d42.
[2026-01-20T04:37:55.065+0000] {subprocess.py:93} INFO - 26/01/20 04:37:55 INFO FileFormatWriter: Write Job 63b76423-4b1f-44ca-b99f-4ee2e3a40d42 committed. Elapsed time: 151 ms.
[2026-01-20T04:37:55.067+0000] {subprocess.py:93} INFO - 26/01/20 04:37:55 INFO FileFormatWriter: Finished processing stats for write job 63b76423-4b1f-44ca-b99f-4ee2e3a40d42.
[2026-01-20T04:37:55.068+0000] {subprocess.py:93} INFO - Analytics Table with Window Functions created successfully.
[2026-01-20T04:37:55.088+0000] {subprocess.py:93} INFO - Transactions All Of them!
[2026-01-20T04:37:55.132+0000] {subprocess.py:93} INFO - 26/01/20 04:37:55 INFO FileSourceStrategy: Pushed Filters: IsNotNull(line_items)
[2026-01-20T04:37:55.133+0000] {subprocess.py:93} INFO - 26/01/20 04:37:55 INFO FileSourceStrategy: Post-Scan Filters: (size(line_items#10, true) > 0),isnotnull(line_items#10)
[2026-01-20T04:37:55.182+0000] {subprocess.py:93} INFO - 26/01/20 04:37:55 INFO CodeGenerator: Code generated in 22.187455 ms
[2026-01-20T04:37:55.186+0000] {subprocess.py:93} INFO - 26/01/20 04:37:55 INFO MemoryStore: Block broadcast_12 stored as values in memory (estimated size 199.1 KiB, free 433.6 MiB)
[2026-01-20T04:37:55.194+0000] {subprocess.py:93} INFO - 26/01/20 04:37:55 INFO MemoryStore: Block broadcast_12_piece0 stored as bytes in memory (estimated size 34.2 KiB, free 433.6 MiB)
[2026-01-20T04:37:55.195+0000] {subprocess.py:93} INFO - 26/01/20 04:37:55 INFO BlockManagerInfo: Added broadcast_12_piece0 in memory on 519d7d29de3d:45195 (size: 34.2 KiB, free: 434.2 MiB)
[2026-01-20T04:37:55.196+0000] {subprocess.py:93} INFO - 26/01/20 04:37:55 INFO SparkContext: Created broadcast 12 from showString at NativeMethodAccessorImpl.java:0
[2026-01-20T04:37:55.197+0000] {subprocess.py:93} INFO - 26/01/20 04:37:55 INFO FileSourceScanExec: Planning scan with bin packing, max size: 4194304 bytes, open cost is considered as scanning 4194304 bytes.
[2026-01-20T04:37:55.209+0000] {subprocess.py:93} INFO - 26/01/20 04:37:55 INFO SparkContext: Starting job: showString at NativeMethodAccessorImpl.java:0
[2026-01-20T04:37:55.210+0000] {subprocess.py:93} INFO - 26/01/20 04:37:55 INFO DAGScheduler: Got job 6 (showString at NativeMethodAccessorImpl.java:0) with 1 output partitions
[2026-01-20T04:37:55.210+0000] {subprocess.py:93} INFO - 26/01/20 04:37:55 INFO DAGScheduler: Final stage: ResultStage 7 (showString at NativeMethodAccessorImpl.java:0)
[2026-01-20T04:37:55.211+0000] {subprocess.py:93} INFO - 26/01/20 04:37:55 INFO DAGScheduler: Parents of final stage: List()
[2026-01-20T04:37:55.212+0000] {subprocess.py:93} INFO - 26/01/20 04:37:55 INFO DAGScheduler: Missing parents: List()
[2026-01-20T04:37:55.212+0000] {subprocess.py:93} INFO - 26/01/20 04:37:55 INFO DAGScheduler: Submitting ResultStage 7 (MapPartitionsRDD[30] at showString at NativeMethodAccessorImpl.java:0), which has no missing parents
[2026-01-20T04:37:55.213+0000] {subprocess.py:93} INFO - 26/01/20 04:37:55 INFO MemoryStore: Block broadcast_13 stored as values in memory (estimated size 33.0 KiB, free 433.6 MiB)
[2026-01-20T04:37:55.213+0000] {subprocess.py:93} INFO - 26/01/20 04:37:55 INFO MemoryStore: Block broadcast_13_piece0 stored as bytes in memory (estimated size 11.6 KiB, free 433.6 MiB)
[2026-01-20T04:37:55.214+0000] {subprocess.py:93} INFO - 26/01/20 04:37:55 INFO BlockManagerInfo: Added broadcast_13_piece0 in memory on 519d7d29de3d:45195 (size: 11.6 KiB, free: 434.2 MiB)
[2026-01-20T04:37:55.215+0000] {subprocess.py:93} INFO - 26/01/20 04:37:55 INFO SparkContext: Created broadcast 13 from broadcast at DAGScheduler.scala:1580
[2026-01-20T04:37:55.215+0000] {subprocess.py:93} INFO - 26/01/20 04:37:55 INFO DAGScheduler: Submitting 1 missing tasks from ResultStage 7 (MapPartitionsRDD[30] at showString at NativeMethodAccessorImpl.java:0) (first 15 tasks are for partitions Vector(0))
[2026-01-20T04:37:55.216+0000] {subprocess.py:93} INFO - 26/01/20 04:37:55 INFO TaskSchedulerImpl: Adding task set 7.0 with 1 tasks resource profile 0
[2026-01-20T04:37:55.216+0000] {subprocess.py:93} INFO - 26/01/20 04:37:55 INFO TaskSetManager: Starting task 0.0 in stage 7.0 (TID 56) (519d7d29de3d, executor driver, partition 0, PROCESS_LOCAL, 8251 bytes)
[2026-01-20T04:37:55.217+0000] {subprocess.py:93} INFO - 26/01/20 04:37:55 INFO Executor: Running task 0.0 in stage 7.0 (TID 56)
[2026-01-20T04:37:55.237+0000] {subprocess.py:93} INFO - 26/01/20 04:37:55 INFO CodeGenerator: Code generated in 17.984771 ms
[2026-01-20T04:37:55.238+0000] {subprocess.py:93} INFO - 26/01/20 04:37:55 INFO FileScanRDD: Reading File path: file:///opt/spark-data/landing/transaction_events_1768879479.1820476.json, range: 0-4194304, partition values: [empty row]
[2026-01-20T04:37:55.254+0000] {subprocess.py:93} INFO - 26/01/20 04:37:55 INFO CodeGenerator: Code generated in 11.675171 ms
[2026-01-20T04:37:55.260+0000] {subprocess.py:93} INFO - 26/01/20 04:37:55 INFO CodeGenerator: Code generated in 3.746575 ms
[2026-01-20T04:37:55.309+0000] {subprocess.py:93} INFO - 26/01/20 04:37:55 INFO Executor: Finished task 0.0 in stage 7.0 (TID 56). 4867 bytes result sent to driver
[2026-01-20T04:37:55.311+0000] {subprocess.py:93} INFO - 26/01/20 04:37:55 INFO TaskSetManager: Finished task 0.0 in stage 7.0 (TID 56) in 96 ms on 519d7d29de3d (executor driver) (1/1)
[2026-01-20T04:37:55.312+0000] {subprocess.py:93} INFO - 26/01/20 04:37:55 INFO TaskSchedulerImpl: Removed TaskSet 7.0, whose tasks have all completed, from pool
[2026-01-20T04:37:55.313+0000] {subprocess.py:93} INFO - 26/01/20 04:37:55 INFO DAGScheduler: ResultStage 7 (showString at NativeMethodAccessorImpl.java:0) finished in 0.102 s
[2026-01-20T04:37:55.314+0000] {subprocess.py:93} INFO - 26/01/20 04:37:55 INFO DAGScheduler: Job 6 is finished. Cancelling potential speculative or zombie tasks for this job
[2026-01-20T04:37:55.315+0000] {subprocess.py:93} INFO - 26/01/20 04:37:55 INFO TaskSchedulerImpl: Killing all running tasks in stage 7: Stage finished
[2026-01-20T04:37:55.316+0000] {subprocess.py:93} INFO - 26/01/20 04:37:55 INFO DAGScheduler: Job 6 finished: showString at NativeMethodAccessorImpl.java:0, took 0.104403 s
[2026-01-20T04:37:55.335+0000] {subprocess.py:93} INFO - 26/01/20 04:37:55 INFO CodeGenerator: Code generated in 10.6716 ms
[2026-01-20T04:37:55.398+0000] {subprocess.py:93} INFO - +-----------------------------------------------------------+--------+------------------------------------+--------------+---------------------------------------------------------------+---------+--------+------+---------------------------+--------+------------------------------------+----------------+--------+------------------------------------------------------------------------------+
[2026-01-20T04:37:55.399+0000] {subprocess.py:93} INFO - |billing_address                                            |currency|original_transaction_id             |payment_method|shipping_address                                               |status   |subtotal|tax   |timestamp                  |total   |transaction_id                      |transaction_type|user_id |line_item                                                                     |
[2026-01-20T04:37:55.400+0000] {subprocess.py:93} INFO - +-----------------------------------------------------------+--------+------------------------------------+--------------+---------------------------------------------------------------+---------+--------+------+---------------------------+--------+------------------------------------+----------------+--------+------------------------------------------------------------------------------+
[2026-01-20T04:37:55.401+0000] {subprocess.py:93} INFO - |{Kellerberg, US, KY, 94532 Samantha Landing, 37817}        |USD     |NULL                                |google_pay    |{Paulhaven, US, NV, 4407 Dennis River, 25427}                  |completed|2191.48 |207.86|2026-01-19T17:38:50.066404Z|2399.34 |348310ad-5cb7-4825-b3ca-7cf7ccff0be9|purchase        |e771ed48|{GreenLife, beauty, PROD_2668, Essential Beauty Collection, 4, 54.92}         |
[2026-01-20T04:37:55.401+0000] {subprocess.py:93} INFO - |{Kellerberg, US, KY, 94532 Samantha Landing, 37817}        |USD     |NULL                                |google_pay    |{Paulhaven, US, NV, 4407 Dennis River, 25427}                  |completed|2191.48 |207.86|2026-01-19T17:38:50.066404Z|2399.34 |348310ad-5cb7-4825-b3ca-7cf7ccff0be9|purchase        |e771ed48|{HomeMax, clothing, PROD_2041, Compact Clothing Collection, 5, 394.36}        |
[2026-01-20T04:37:55.402+0000] {subprocess.py:93} INFO - |{Kentville, US, TN, 386 Cody Avenue Suite 938, 42478}      |USD     |NULL                                |paypal        |{Medinamouth, US, ND, 1006 Julie Landing, 24973}               |completed|2335.54 |152.15|2026-01-19T17:38:54.422514Z|2487.69 |7e29cc86-961b-442e-bfe5-58a085808589|purchase        |234a1570|{GreenLife, books, PROD_2272, Elite Books Model, 5, 408.48}                   |
[2026-01-20T04:37:55.403+0000] {subprocess.py:93} INFO - |{Kentville, US, TN, 386 Cody Avenue Suite 938, 42478}      |USD     |NULL                                |paypal        |{Medinamouth, US, ND, 1006 Julie Landing, 24973}               |completed|2335.54 |152.15|2026-01-19T17:38:54.422514Z|2487.69 |7e29cc86-961b-442e-bfe5-58a085808589|purchase        |234a1570|{TechPro, clothing, PROD_2782, Ultra Clothing Series, 1, 293.14}              |
[2026-01-20T04:37:55.404+0000] {subprocess.py:93} INFO - |{Wilsonland, US, OK, 4090 Townsend Island, 78458}          |USD     |a50574ae-6d1e-49bd-b0ee-42434f95452b|debit_card    |{Joshuafurt, US, TN, 59792 Newton Gateway Apt. 880, 42245}     |completed|394.75  |36.72 |2026-01-19T17:38:54.473993Z|-431.47 |299e5a97-a02a-46ed-98d5-67a2c78e216a|refund          |3982940f|{ProGear, clothing, PROD_1926, Elite Clothing Edition, 3, 16.22}              |
[2026-01-20T04:37:55.405+0000] {subprocess.py:93} INFO - |{Wilsonland, US, OK, 4090 Townsend Island, 78458}          |USD     |a50574ae-6d1e-49bd-b0ee-42434f95452b|debit_card    |{Joshuafurt, US, TN, 59792 Newton Gateway Apt. 880, 42245}     |completed|394.75  |36.72 |2026-01-19T17:38:54.473993Z|-431.47 |299e5a97-a02a-46ed-98d5-67a2c78e216a|refund          |3982940f|{EliteChoice, toys, PROD_2518, Ultimate Toys Line, 1, 346.09}                 |
[2026-01-20T04:37:55.406+0000] {subprocess.py:93} INFO - |{Tinashire, US, OR, 79732 Long Manors, 28680}              |USD     |NULL                                |paypal        |{New Tony, US, IL, 445 Christopher Harbors Suite 080, 38683}   |completed|671.2   |45.49 |2026-01-19T17:38:54.494470Z|716.69  |d4a66c43-e2cb-4bfe-bf45-1b5c54d128fd|purchase        |445fabcf|{SmartChoice, beauty, PROD_2733, Smart Beauty Line, 3, 180.48}                |
[2026-01-20T04:37:55.407+0000] {subprocess.py:93} INFO - |{Tinashire, US, OR, 79732 Long Manors, 28680}              |USD     |NULL                                |paypal        |{New Tony, US, IL, 445 Christopher Harbors Suite 080, 38683}   |completed|671.2   |45.49 |2026-01-19T17:38:54.494470Z|716.69  |d4a66c43-e2cb-4bfe-bf45-1b5c54d128fd|purchase        |445fabcf|{HomeMax, beauty, PROD_1580, Pro Beauty Pack, 1, 129.76}                      |
[2026-01-20T04:37:55.408+0000] {subprocess.py:93} INFO - |{Stoneburgh, US, OH, 7654 Selena Junctions Apt. 671, 25996}|USD     |e9975ea1-9a22-438d-a03b-87c4e417b1b5|credit_card   |{West Dawnhaven, US, MP, 816 Morrow Crossroad Suite 398, 60906}|completed|929.18  |88.21 |2026-01-19T17:38:54.501649Z|-1017.39|f55f83d0-554e-4a03-a51e-70e4c00dfc7e|refund          |406ee2f1|{EliteChoice, electronics, PROD_2919, Basic Electronics Collection, 2, 160.43}|
[2026-01-20T04:37:55.409+0000] {subprocess.py:93} INFO - |{Stoneburgh, US, OH, 7654 Selena Junctions Apt. 671, 25996}|USD     |e9975ea1-9a22-438d-a03b-87c4e417b1b5|credit_card   |{West Dawnhaven, US, MP, 816 Morrow Crossroad Suite 398, 60906}|completed|929.18  |88.21 |2026-01-19T17:38:54.501649Z|-1017.39|f55f83d0-554e-4a03-a51e-70e4c00dfc7e|refund          |406ee2f1|{EliteChoice, beauty, PROD_2894, Elite Beauty Line, 1, 299.1}                 |
[2026-01-20T04:37:55.409+0000] {subprocess.py:93} INFO - |{Stoneburgh, US, OH, 7654 Selena Junctions Apt. 671, 25996}|USD     |e9975ea1-9a22-438d-a03b-87c4e417b1b5|credit_card   |{West Dawnhaven, US, MP, 816 Morrow Crossroad Suite 398, 60906}|completed|929.18  |88.21 |2026-01-19T17:38:54.501649Z|-1017.39|f55f83d0-554e-4a03-a51e-70e4c00dfc7e|refund          |406ee2f1|{StyleCo, beauty, PROD_1330, Compact Beauty Series, 2, 154.61}                |
[2026-01-20T04:37:55.410+0000] {subprocess.py:93} INFO - |{Michellefort, US, ND, 507 Curtis Lodge Suite 318, 70153}  |USD     |NULL                                |credit_card   |{Lake Ashleyview, US, MA, 11214 Julie Dam, 95558}              |failed   |3604.62 |195.31|2026-01-19T17:38:54.507017Z|3799.93 |7f8b6d50-4aa4-4bd6-8616-f95c80d59c22|purchase        |f1f4c996|{HomeMax, food, PROD_1165, Compact Food Series, 5, 289.98}                    |
[2026-01-20T04:37:55.411+0000] {subprocess.py:93} INFO - |{Michellefort, US, ND, 507 Curtis Lodge Suite 318, 70153}  |USD     |NULL                                |credit_card   |{Lake Ashleyview, US, MA, 11214 Julie Dam, 95558}              |failed   |3604.62 |195.31|2026-01-19T17:38:54.507017Z|3799.93 |7f8b6d50-4aa4-4bd6-8616-f95c80d59c22|purchase        |f1f4c996|{StyleCo, home, PROD_1008, Modern Home Kit, 4, 351.11}                        |
[2026-01-20T04:37:55.412+0000] {subprocess.py:93} INFO - |{Michellefort, US, ND, 507 Curtis Lodge Suite 318, 70153}  |USD     |NULL                                |credit_card   |{Lake Ashleyview, US, MA, 11214 Julie Dam, 95558}              |failed   |3604.62 |195.31|2026-01-19T17:38:54.507017Z|3799.93 |7f8b6d50-4aa4-4bd6-8616-f95c80d59c22|purchase        |f1f4c996|{SmartChoice, toys, PROD_1056, Compact Toys Version, 2, 375.14}               |
[2026-01-20T04:37:55.413+0000] {subprocess.py:93} INFO - |{West Kelsey, US, KS, 76305 Amanda Ramp Apt. 310, 59142}   |USD     |NULL                                |google_pay    |{Gardnermouth, US, VA, 30340 Ronnie Knoll Suite 428, 31323}    |completed|3837.46 |361.72|2026-01-19T17:38:54.514401Z|4199.18 |61b112fa-c6a8-4eec-940f-5726da602d65|purchase        |a0846826|{SportFlex, beauty, PROD_2223, Advanced Beauty Pack, 5, 150.93}               |
[2026-01-20T04:37:55.414+0000] {subprocess.py:93} INFO - |{West Kelsey, US, KS, 76305 Amanda Ramp Apt. 310, 59142}   |USD     |NULL                                |google_pay    |{Gardnermouth, US, VA, 30340 Ronnie Knoll Suite 428, 31323}    |completed|3837.46 |361.72|2026-01-19T17:38:54.514401Z|4199.18 |61b112fa-c6a8-4eec-940f-5726da602d65|purchase        |a0846826|{TechPro, food, PROD_1114, Smart Food Collection, 1, 393.98}                  |
[2026-01-20T04:37:55.415+0000] {subprocess.py:93} INFO - |{West Kelsey, US, KS, 76305 Amanda Ramp Apt. 310, 59142}   |USD     |NULL                                |google_pay    |{Gardnermouth, US, VA, 30340 Ronnie Knoll Suite 428, 31323}    |completed|3837.46 |361.72|2026-01-19T17:38:54.514401Z|4199.18 |61b112fa-c6a8-4eec-940f-5726da602d65|purchase        |a0846826|{GreenLife, food, PROD_2835, Professional Food Collection, 5, 339.27}         |
[2026-01-20T04:37:55.416+0000] {subprocess.py:93} INFO - |{West Kelsey, US, KS, 76305 Amanda Ramp Apt. 310, 59142}   |USD     |NULL                                |google_pay    |{Gardnermouth, US, VA, 30340 Ronnie Knoll Suite 428, 31323}    |completed|3837.46 |361.72|2026-01-19T17:38:54.514401Z|4199.18 |61b112fa-c6a8-4eec-940f-5726da602d65|purchase        |a0846826|{EliteChoice, electronics, PROD_2922, Ultra Electronics Edition, 4, 248.12}   |
[2026-01-20T04:37:55.417+0000] {subprocess.py:93} INFO - |{Wilsonbury, US, IL, 5749 Kevin Harbor, 80292}             |USD     |NULL                                |google_pay    |{Danamouth, US, GU, 2102 Dennis Rue, 45882}                    |completed|4177.21 |365.45|2026-01-19T17:38:54.551107Z|4542.66 |94c0f5c3-431e-4785-8eb8-7eecf7ab6f3c|purchase        |a0846826|{SmartChoice, sports, PROD_2300, Ultra Sports Edition, 5, 372.83}             |
[2026-01-20T04:37:55.418+0000] {subprocess.py:93} INFO - |{Wilsonbury, US, IL, 5749 Kevin Harbor, 80292}             |USD     |NULL                                |google_pay    |{Danamouth, US, GU, 2102 Dennis Rue, 45882}                    |completed|4177.21 |365.45|2026-01-19T17:38:54.551107Z|4542.66 |94c0f5c3-431e-4785-8eb8-7eecf7ab6f3c|purchase        |a0846826|{StyleCo, books, PROD_2770, Professional Books Pack, 1, 422.54}               |
[2026-01-20T04:37:55.419+0000] {subprocess.py:93} INFO - +-----------------------------------------------------------+--------+------------------------------------+--------------+---------------------------------------------------------------+---------+--------+------+---------------------------+--------+------------------------------------+----------------+--------+------------------------------------------------------------------------------+
[2026-01-20T04:37:55.420+0000] {subprocess.py:93} INFO - only showing top 20 rows
[2026-01-20T04:37:55.421+0000] {subprocess.py:93} INFO - 
[2026-01-20T04:37:55.422+0000] {subprocess.py:93} INFO - Traceback (most recent call last):
[2026-01-20T04:37:55.423+0000] {subprocess.py:93} INFO -   File "/opt/spark-jobs/etl_job.py", line 178, in <module>
[2026-01-20T04:37:55.424+0000] {subprocess.py:93} INFO -     run_etl(spark,'/opt/spark-data/landing', '/opt/spark-data/gold')
[2026-01-20T04:37:55.425+0000] {subprocess.py:93} INFO -   File "/opt/spark-jobs/etl_job.py", line 163, in run_etl
[2026-01-20T04:37:55.426+0000] {subprocess.py:93} INFO -     transaction_cleaned(spark, df_topic_transaction, output_path)
[2026-01-20T04:37:55.427+0000] {subprocess.py:93} INFO -   File "/opt/spark-jobs/etl_job.py", line 128, in transaction_cleaned
[2026-01-20T04:37:55.428+0000] {subprocess.py:93} INFO -     exploded_topic_transaction.showSchema()
[2026-01-20T04:37:55.429+0000] {subprocess.py:93} INFO -   File "/opt/spark/python/lib/pyspark.zip/pyspark/sql/dataframe.py", line 3123, in __getattr__
[2026-01-20T04:37:55.430+0000] {subprocess.py:93} INFO - AttributeError: 'DataFrame' object has no attribute 'showSchema'
[2026-01-20T04:37:55.481+0000] {subprocess.py:93} INFO - 26/01/20 04:37:55 INFO SparkContext: Invoking stop() from shutdown hook
[2026-01-20T04:37:55.482+0000] {subprocess.py:93} INFO - 26/01/20 04:37:55 INFO SparkContext: SparkContext is stopping with exitCode 0.
[2026-01-20T04:37:55.496+0000] {subprocess.py:93} INFO - 26/01/20 04:37:55 INFO SparkUI: Stopped Spark web UI at http://519d7d29de3d:4040
[2026-01-20T04:37:55.510+0000] {subprocess.py:93} INFO - 26/01/20 04:37:55 INFO MapOutputTrackerMasterEndpoint: MapOutputTrackerMasterEndpoint stopped!
[2026-01-20T04:37:55.533+0000] {subprocess.py:93} INFO - 26/01/20 04:37:55 INFO MemoryStore: MemoryStore cleared
[2026-01-20T04:37:55.534+0000] {subprocess.py:93} INFO - 26/01/20 04:37:55 INFO BlockManager: BlockManager stopped
[2026-01-20T04:37:55.538+0000] {subprocess.py:93} INFO - 26/01/20 04:37:55 INFO BlockManagerMaster: BlockManagerMaster stopped
[2026-01-20T04:37:55.541+0000] {subprocess.py:93} INFO - 26/01/20 04:37:55 INFO OutputCommitCoordinator$OutputCommitCoordinatorEndpoint: OutputCommitCoordinator stopped!
[2026-01-20T04:37:55.559+0000] {subprocess.py:93} INFO - 26/01/20 04:37:55 INFO SparkContext: Successfully stopped SparkContext
[2026-01-20T04:37:55.560+0000] {subprocess.py:93} INFO - 26/01/20 04:37:55 INFO ShutdownHookManager: Shutdown hook called
[2026-01-20T04:37:55.561+0000] {subprocess.py:93} INFO - 26/01/20 04:37:55 INFO ShutdownHookManager: Deleting directory /tmp/spark-ee7f067c-f709-47cd-91bc-9c35cc6b7fa3
[2026-01-20T04:37:55.565+0000] {subprocess.py:93} INFO - 26/01/20 04:37:55 INFO ShutdownHookManager: Deleting directory /tmp/spark-6840bb97-2bfc-4266-a2e0-666ae0453879
[2026-01-20T04:37:55.572+0000] {subprocess.py:93} INFO - 26/01/20 04:37:55 INFO ShutdownHookManager: Deleting directory /tmp/spark-ee7f067c-f709-47cd-91bc-9c35cc6b7fa3/pyspark-36b73c52-01e3-46fe-b2aa-dfa603ad977d
[2026-01-20T04:37:55.678+0000] {subprocess.py:97} INFO - Command exited with return code 1
[2026-01-20T04:37:55.694+0000] {taskinstance.py:2698} ERROR - Task failed with exception
Traceback (most recent call last):
  File "/home/airflow/.local/lib/python3.10/site-packages/airflow/models/taskinstance.py", line 433, in _execute_task
    result = execute_callable(context=context, **execute_callable_kwargs)
  File "/home/airflow/.local/lib/python3.10/site-packages/airflow/operators/bash.py", line 212, in execute
    raise AirflowException(
airflow.exceptions.AirflowException: Bash command failed. The command returned a non-zero exit code 1.
[2026-01-20T04:37:55.701+0000] {taskinstance.py:1138} INFO - Marking task as FAILED. dag_id=streamflow_main, task_id=Spark_Submit, execution_date=20260120T043731, start_date=20260120T043733, end_date=20260120T043755
[2026-01-20T04:37:55.719+0000] {standard_task_runner.py:107} ERROR - Failed to execute job 17 for task Spark_Submit (Bash command failed. The command returned a non-zero exit code 1.; 7398)
[2026-01-20T04:37:55.761+0000] {local_task_job_runner.py:234} INFO - Task exited with return code 1
[2026-01-20T04:37:55.788+0000] {taskinstance.py:3280} INFO - 0 downstream tasks scheduled from follow-on schedule check
