[2026-01-20T04:32:24.100+0000] {taskinstance.py:1956} INFO - Dependencies all met for dep_context=non-requeueable deps ti=<TaskInstance: streamflow_main.Spark_Submit manual__2026-01-20T04:32:22.722470+00:00 [queued]>
[2026-01-20T04:32:24.111+0000] {taskinstance.py:1956} INFO - Dependencies all met for dep_context=requeueable deps ti=<TaskInstance: streamflow_main.Spark_Submit manual__2026-01-20T04:32:22.722470+00:00 [queued]>
[2026-01-20T04:32:24.112+0000] {taskinstance.py:2170} INFO - Starting attempt 1 of 1
[2026-01-20T04:32:24.132+0000] {taskinstance.py:2191} INFO - Executing <Task(BashOperator): Spark_Submit> on 2026-01-20 04:32:22.722470+00:00
[2026-01-20T04:32:24.137+0000] {standard_task_runner.py:60} INFO - Started process 6000 to run task
[2026-01-20T04:32:24.142+0000] {standard_task_runner.py:87} INFO - Running: ['***', 'tasks', 'run', 'streamflow_main', 'Spark_Submit', 'manual__2026-01-20T04:32:22.722470+00:00', '--job-id', '14', '--raw', '--subdir', 'DAGS_FOLDER/dag_streamflow.py', '--cfg-path', '/tmp/tmpv_nf03lo']
[2026-01-20T04:32:24.145+0000] {standard_task_runner.py:88} INFO - Job 14: Subtask Spark_Submit
[2026-01-20T04:32:24.208+0000] {task_command.py:423} INFO - Running <TaskInstance: streamflow_main.Spark_Submit manual__2026-01-20T04:32:22.722470+00:00 [running]> on host 519d7d29de3d
[2026-01-20T04:32:24.322+0000] {taskinstance.py:2480} INFO - Exporting env vars: AIRFLOW_CTX_DAG_OWNER='student' AIRFLOW_CTX_DAG_ID='streamflow_main' AIRFLOW_CTX_TASK_ID='Spark_Submit' AIRFLOW_CTX_EXECUTION_DATE='2026-01-20T04:32:22.722470+00:00' AIRFLOW_CTX_TRY_NUMBER='1' AIRFLOW_CTX_DAG_RUN_ID='manual__2026-01-20T04:32:22.722470+00:00'
[2026-01-20T04:32:24.324+0000] {subprocess.py:63} INFO - Tmp dir root location: /tmp
[2026-01-20T04:32:24.326+0000] {subprocess.py:75} INFO - Running command: ['/usr/bin/bash', '-c', '\n            spark-submit                 --master spark://spark-master:7077                 /opt/spark-jobs/etl_job.py\n        ']
[2026-01-20T04:32:24.336+0000] {subprocess.py:86} INFO - Output:
[2026-01-20T04:32:24.345+0000] {subprocess.py:93} INFO - /opt/spark/bin/load-spark-env.sh: line 68: ps: command not found
[2026-01-20T04:32:28.932+0000] {subprocess.py:93} INFO - 26/01/20 04:32:28 INFO SparkContext: Running Spark version 3.5.0
[2026-01-20T04:32:28.934+0000] {subprocess.py:93} INFO - 26/01/20 04:32:28 INFO SparkContext: OS info Linux, 5.15.167.4-microsoft-standard-WSL2, amd64
[2026-01-20T04:32:28.935+0000] {subprocess.py:93} INFO - 26/01/20 04:32:28 INFO SparkContext: Java version 17.0.17
[2026-01-20T04:32:28.992+0000] {subprocess.py:93} INFO - 26/01/20 04:32:28 WARN NativeCodeLoader: Unable to load native-hadoop library for your platform... using builtin-java classes where applicable
[2026-01-20T04:32:29.079+0000] {subprocess.py:93} INFO - 26/01/20 04:32:29 INFO ResourceUtils: ==============================================================
[2026-01-20T04:32:29.079+0000] {subprocess.py:93} INFO - 26/01/20 04:32:29 INFO ResourceUtils: No custom resources configured for spark.driver.
[2026-01-20T04:32:29.080+0000] {subprocess.py:93} INFO - 26/01/20 04:32:29 INFO ResourceUtils: ==============================================================
[2026-01-20T04:32:29.081+0000] {subprocess.py:93} INFO - 26/01/20 04:32:29 INFO SparkContext: Submitted application: ETL_job
[2026-01-20T04:32:29.100+0000] {subprocess.py:93} INFO - 26/01/20 04:32:29 INFO ResourceProfile: Default ResourceProfile created, executor resources: Map(cores -> name: cores, amount: 1, script: , vendor: , memory -> name: memory, amount: 1024, script: , vendor: , offHeap -> name: offHeap, amount: 0, script: , vendor: ), task resources: Map(cpus -> name: cpus, amount: 1.0)
[2026-01-20T04:32:29.108+0000] {subprocess.py:93} INFO - 26/01/20 04:32:29 INFO ResourceProfile: Limiting resource is cpu
[2026-01-20T04:32:29.110+0000] {subprocess.py:93} INFO - 26/01/20 04:32:29 INFO ResourceProfileManager: Added ResourceProfile id: 0
[2026-01-20T04:32:29.160+0000] {subprocess.py:93} INFO - 26/01/20 04:32:29 INFO SecurityManager: Changing view acls to: root
[2026-01-20T04:32:29.161+0000] {subprocess.py:93} INFO - 26/01/20 04:32:29 INFO SecurityManager: Changing modify acls to: root
[2026-01-20T04:32:29.162+0000] {subprocess.py:93} INFO - 26/01/20 04:32:29 INFO SecurityManager: Changing view acls groups to:
[2026-01-20T04:32:29.163+0000] {subprocess.py:93} INFO - 26/01/20 04:32:29 INFO SecurityManager: Changing modify acls groups to:
[2026-01-20T04:32:29.163+0000] {subprocess.py:93} INFO - 26/01/20 04:32:29 INFO SecurityManager: SecurityManager: authentication disabled; ui acls disabled; users with view permissions: root; groups with view permissions: EMPTY; users with modify permissions: root; groups with modify permissions: EMPTY
[2026-01-20T04:32:29.418+0000] {subprocess.py:93} INFO - 26/01/20 04:32:29 INFO Utils: Successfully started service 'sparkDriver' on port 34925.
[2026-01-20T04:32:29.452+0000] {subprocess.py:93} INFO - 26/01/20 04:32:29 INFO SparkEnv: Registering MapOutputTracker
[2026-01-20T04:32:29.494+0000] {subprocess.py:93} INFO - 26/01/20 04:32:29 INFO SparkEnv: Registering BlockManagerMaster
[2026-01-20T04:32:29.511+0000] {subprocess.py:93} INFO - 26/01/20 04:32:29 INFO BlockManagerMasterEndpoint: Using org.apache.spark.storage.DefaultTopologyMapper for getting topology information
[2026-01-20T04:32:29.513+0000] {subprocess.py:93} INFO - 26/01/20 04:32:29 INFO BlockManagerMasterEndpoint: BlockManagerMasterEndpoint up
[2026-01-20T04:32:29.516+0000] {subprocess.py:93} INFO - 26/01/20 04:32:29 INFO SparkEnv: Registering BlockManagerMasterHeartbeat
[2026-01-20T04:32:29.538+0000] {subprocess.py:93} INFO - 26/01/20 04:32:29 INFO DiskBlockManager: Created local directory at /tmp/blockmgr-a192a1e1-bc9f-4987-a9dd-2583420e05ac
[2026-01-20T04:32:29.554+0000] {subprocess.py:93} INFO - 26/01/20 04:32:29 INFO MemoryStore: MemoryStore started with capacity 434.4 MiB
[2026-01-20T04:32:29.576+0000] {subprocess.py:93} INFO - 26/01/20 04:32:29 INFO SparkEnv: Registering OutputCommitCoordinator
[2026-01-20T04:32:29.704+0000] {subprocess.py:93} INFO - 26/01/20 04:32:29 INFO JettyUtils: Start Jetty 0.0.0.0:4040 for SparkUI
[2026-01-20T04:32:29.767+0000] {subprocess.py:93} INFO - 26/01/20 04:32:29 INFO Utils: Successfully started service 'SparkUI' on port 4040.
[2026-01-20T04:32:29.863+0000] {subprocess.py:93} INFO - 26/01/20 04:32:29 INFO Executor: Starting executor ID driver on host 519d7d29de3d
[2026-01-20T04:32:29.864+0000] {subprocess.py:93} INFO - 26/01/20 04:32:29 INFO Executor: OS info Linux, 5.15.167.4-microsoft-standard-WSL2, amd64
[2026-01-20T04:32:29.865+0000] {subprocess.py:93} INFO - 26/01/20 04:32:29 INFO Executor: Java version 17.0.17
[2026-01-20T04:32:29.870+0000] {subprocess.py:93} INFO - 26/01/20 04:32:29 INFO Executor: Starting executor with user classpath (userClassPathFirst = false): ''
[2026-01-20T04:32:29.871+0000] {subprocess.py:93} INFO - 26/01/20 04:32:29 INFO Executor: Created or updated repl class loader org.apache.spark.util.MutableURLClassLoader@272584ff for default.
[2026-01-20T04:32:29.888+0000] {subprocess.py:93} INFO - 26/01/20 04:32:29 INFO Utils: Successfully started service 'org.apache.spark.network.netty.NettyBlockTransferService' on port 42359.
[2026-01-20T04:32:29.890+0000] {subprocess.py:93} INFO - 26/01/20 04:32:29 INFO NettyBlockTransferService: Server created on 519d7d29de3d:42359
[2026-01-20T04:32:29.890+0000] {subprocess.py:93} INFO - 26/01/20 04:32:29 INFO BlockManager: Using org.apache.spark.storage.RandomBlockReplicationPolicy for block replication policy
[2026-01-20T04:32:29.894+0000] {subprocess.py:93} INFO - 26/01/20 04:32:29 INFO BlockManagerMaster: Registering BlockManager BlockManagerId(driver, 519d7d29de3d, 42359, None)
[2026-01-20T04:32:29.897+0000] {subprocess.py:93} INFO - 26/01/20 04:32:29 INFO BlockManagerMasterEndpoint: Registering block manager 519d7d29de3d:42359 with 434.4 MiB RAM, BlockManagerId(driver, 519d7d29de3d, 42359, None)
[2026-01-20T04:32:29.899+0000] {subprocess.py:93} INFO - 26/01/20 04:32:29 INFO BlockManagerMaster: Registered BlockManager BlockManagerId(driver, 519d7d29de3d, 42359, None)
[2026-01-20T04:32:29.900+0000] {subprocess.py:93} INFO - 26/01/20 04:32:29 INFO BlockManager: Initialized BlockManager: BlockManagerId(driver, 519d7d29de3d, 42359, None)
[2026-01-20T04:32:30.327+0000] {subprocess.py:93} INFO - 26/01/20 04:32:30 INFO SharedState: Setting hive.metastore.warehouse.dir ('null') to the value of spark.sql.warehouse.dir.
[2026-01-20T04:32:30.334+0000] {subprocess.py:93} INFO - 26/01/20 04:32:30 INFO SharedState: Warehouse path is 'file:/tmp/***tmpcb_if0n1/spark-warehouse'.
[2026-01-20T04:32:31.105+0000] {subprocess.py:93} INFO - 26/01/20 04:32:31 INFO InMemoryFileIndex: It took 55 ms to list leaf files for 1 paths.
[2026-01-20T04:32:31.213+0000] {subprocess.py:93} INFO - 26/01/20 04:32:31 INFO InMemoryFileIndex: It took 20 ms to list leaf files for 1 paths.
[2026-01-20T04:32:33.282+0000] {subprocess.py:93} INFO - 26/01/20 04:32:33 INFO FileSourceStrategy: Pushed Filters:
[2026-01-20T04:32:33.293+0000] {subprocess.py:93} INFO - 26/01/20 04:32:33 INFO FileSourceStrategy: Post-Scan Filters:
[2026-01-20T04:32:33.502+0000] {subprocess.py:93} INFO - 26/01/20 04:32:33 INFO MemoryStore: Block broadcast_0 stored as values in memory (estimated size 199.2 KiB, free 434.2 MiB)
[2026-01-20T04:32:33.552+0000] {subprocess.py:93} INFO - 26/01/20 04:32:33 INFO MemoryStore: Block broadcast_0_piece0 stored as bytes in memory (estimated size 34.2 KiB, free 434.2 MiB)
[2026-01-20T04:32:33.555+0000] {subprocess.py:93} INFO - 26/01/20 04:32:33 INFO BlockManagerInfo: Added broadcast_0_piece0 in memory on 519d7d29de3d:42359 (size: 34.2 KiB, free: 434.4 MiB)
[2026-01-20T04:32:33.559+0000] {subprocess.py:93} INFO - 26/01/20 04:32:33 INFO SparkContext: Created broadcast 0 from json at NativeMethodAccessorImpl.java:0
[2026-01-20T04:32:33.568+0000] {subprocess.py:93} INFO - 26/01/20 04:32:33 INFO FileSourceScanExec: Planning scan with bin packing, max size: 4194304 bytes, open cost is considered as scanning 4194304 bytes.
[2026-01-20T04:32:33.687+0000] {subprocess.py:93} INFO - 26/01/20 04:32:33 INFO SparkContext: Starting job: json at NativeMethodAccessorImpl.java:0
[2026-01-20T04:32:33.703+0000] {subprocess.py:93} INFO - 26/01/20 04:32:33 INFO DAGScheduler: Got job 0 (json at NativeMethodAccessorImpl.java:0) with 13 output partitions
[2026-01-20T04:32:33.704+0000] {subprocess.py:93} INFO - 26/01/20 04:32:33 INFO DAGScheduler: Final stage: ResultStage 0 (json at NativeMethodAccessorImpl.java:0)
[2026-01-20T04:32:33.705+0000] {subprocess.py:93} INFO - 26/01/20 04:32:33 INFO DAGScheduler: Parents of final stage: List()
[2026-01-20T04:32:33.706+0000] {subprocess.py:93} INFO - 26/01/20 04:32:33 INFO DAGScheduler: Missing parents: List()
[2026-01-20T04:32:33.709+0000] {subprocess.py:93} INFO - 26/01/20 04:32:33 INFO DAGScheduler: Submitting ResultStage 0 (MapPartitionsRDD[3] at json at NativeMethodAccessorImpl.java:0), which has no missing parents
[2026-01-20T04:32:33.799+0000] {subprocess.py:93} INFO - 26/01/20 04:32:33 INFO MemoryStore: Block broadcast_1 stored as values in memory (estimated size 16.0 KiB, free 434.2 MiB)
[2026-01-20T04:32:33.807+0000] {subprocess.py:93} INFO - 26/01/20 04:32:33 INFO MemoryStore: Block broadcast_1_piece0 stored as bytes in memory (estimated size 7.5 KiB, free 434.1 MiB)
[2026-01-20T04:32:33.808+0000] {subprocess.py:93} INFO - 26/01/20 04:32:33 INFO BlockManagerInfo: Added broadcast_1_piece0 in memory on 519d7d29de3d:42359 (size: 7.5 KiB, free: 434.4 MiB)
[2026-01-20T04:32:33.809+0000] {subprocess.py:93} INFO - 26/01/20 04:32:33 INFO SparkContext: Created broadcast 1 from broadcast at DAGScheduler.scala:1580
[2026-01-20T04:32:33.830+0000] {subprocess.py:93} INFO - 26/01/20 04:32:33 INFO DAGScheduler: Submitting 13 missing tasks from ResultStage 0 (MapPartitionsRDD[3] at json at NativeMethodAccessorImpl.java:0) (first 15 tasks are for partitions Vector(0, 1, 2, 3, 4, 5, 6, 7, 8, 9, 10, 11, 12))
[2026-01-20T04:32:33.832+0000] {subprocess.py:93} INFO - 26/01/20 04:32:33 INFO TaskSchedulerImpl: Adding task set 0.0 with 13 tasks resource profile 0
[2026-01-20T04:32:33.880+0000] {subprocess.py:93} INFO - 26/01/20 04:32:33 INFO TaskSetManager: Starting task 0.0 in stage 0.0 (TID 0) (519d7d29de3d, executor driver, partition 0, PROCESS_LOCAL, 8251 bytes)
[2026-01-20T04:32:33.883+0000] {subprocess.py:93} INFO - 26/01/20 04:32:33 INFO TaskSetManager: Starting task 1.0 in stage 0.0 (TID 1) (519d7d29de3d, executor driver, partition 1, PROCESS_LOCAL, 8251 bytes)
[2026-01-20T04:32:33.884+0000] {subprocess.py:93} INFO - 26/01/20 04:32:33 INFO TaskSetManager: Starting task 2.0 in stage 0.0 (TID 2) (519d7d29de3d, executor driver, partition 2, PROCESS_LOCAL, 8251 bytes)
[2026-01-20T04:32:33.884+0000] {subprocess.py:93} INFO - 26/01/20 04:32:33 INFO TaskSetManager: Starting task 3.0 in stage 0.0 (TID 3) (519d7d29de3d, executor driver, partition 3, PROCESS_LOCAL, 8251 bytes)
[2026-01-20T04:32:33.885+0000] {subprocess.py:93} INFO - 26/01/20 04:32:33 INFO TaskSetManager: Starting task 4.0 in stage 0.0 (TID 4) (519d7d29de3d, executor driver, partition 4, PROCESS_LOCAL, 8251 bytes)
[2026-01-20T04:32:33.886+0000] {subprocess.py:93} INFO - 26/01/20 04:32:33 INFO TaskSetManager: Starting task 5.0 in stage 0.0 (TID 5) (519d7d29de3d, executor driver, partition 5, PROCESS_LOCAL, 8251 bytes)
[2026-01-20T04:32:33.887+0000] {subprocess.py:93} INFO - 26/01/20 04:32:33 INFO TaskSetManager: Starting task 6.0 in stage 0.0 (TID 6) (519d7d29de3d, executor driver, partition 6, PROCESS_LOCAL, 8251 bytes)
[2026-01-20T04:32:33.888+0000] {subprocess.py:93} INFO - 26/01/20 04:32:33 INFO TaskSetManager: Starting task 7.0 in stage 0.0 (TID 7) (519d7d29de3d, executor driver, partition 7, PROCESS_LOCAL, 8251 bytes)
[2026-01-20T04:32:33.889+0000] {subprocess.py:93} INFO - 26/01/20 04:32:33 INFO TaskSetManager: Starting task 8.0 in stage 0.0 (TID 8) (519d7d29de3d, executor driver, partition 8, PROCESS_LOCAL, 8251 bytes)
[2026-01-20T04:32:33.889+0000] {subprocess.py:93} INFO - 26/01/20 04:32:33 INFO TaskSetManager: Starting task 9.0 in stage 0.0 (TID 9) (519d7d29de3d, executor driver, partition 9, PROCESS_LOCAL, 8251 bytes)
[2026-01-20T04:32:33.890+0000] {subprocess.py:93} INFO - 26/01/20 04:32:33 INFO TaskSetManager: Starting task 10.0 in stage 0.0 (TID 10) (519d7d29de3d, executor driver, partition 10, PROCESS_LOCAL, 8251 bytes)
[2026-01-20T04:32:33.892+0000] {subprocess.py:93} INFO - 26/01/20 04:32:33 INFO TaskSetManager: Starting task 11.0 in stage 0.0 (TID 11) (519d7d29de3d, executor driver, partition 11, PROCESS_LOCAL, 8251 bytes)
[2026-01-20T04:32:33.893+0000] {subprocess.py:93} INFO - 26/01/20 04:32:33 INFO TaskSetManager: Starting task 12.0 in stage 0.0 (TID 12) (519d7d29de3d, executor driver, partition 12, PROCESS_LOCAL, 8251 bytes)
[2026-01-20T04:32:33.903+0000] {subprocess.py:93} INFO - 26/01/20 04:32:33 INFO Executor: Running task 1.0 in stage 0.0 (TID 1)
[2026-01-20T04:32:33.904+0000] {subprocess.py:93} INFO - 26/01/20 04:32:33 INFO Executor: Running task 5.0 in stage 0.0 (TID 5)
[2026-01-20T04:32:33.905+0000] {subprocess.py:93} INFO - 26/01/20 04:32:33 INFO Executor: Running task 4.0 in stage 0.0 (TID 4)
[2026-01-20T04:32:33.906+0000] {subprocess.py:93} INFO - 26/01/20 04:32:33 INFO Executor: Running task 3.0 in stage 0.0 (TID 3)
[2026-01-20T04:32:33.907+0000] {subprocess.py:93} INFO - 26/01/20 04:32:33 INFO Executor: Running task 6.0 in stage 0.0 (TID 6)
[2026-01-20T04:32:33.907+0000] {subprocess.py:93} INFO - 26/01/20 04:32:33 INFO Executor: Running task 0.0 in stage 0.0 (TID 0)
[2026-01-20T04:32:33.908+0000] {subprocess.py:93} INFO - 26/01/20 04:32:33 INFO Executor: Running task 2.0 in stage 0.0 (TID 2)
[2026-01-20T04:32:33.908+0000] {subprocess.py:93} INFO - 26/01/20 04:32:33 INFO Executor: Running task 7.0 in stage 0.0 (TID 7)
[2026-01-20T04:32:33.909+0000] {subprocess.py:93} INFO - 26/01/20 04:32:33 INFO Executor: Running task 8.0 in stage 0.0 (TID 8)
[2026-01-20T04:32:33.909+0000] {subprocess.py:93} INFO - 26/01/20 04:32:33 INFO Executor: Running task 9.0 in stage 0.0 (TID 9)
[2026-01-20T04:32:33.910+0000] {subprocess.py:93} INFO - 26/01/20 04:32:33 INFO Executor: Running task 10.0 in stage 0.0 (TID 10)
[2026-01-20T04:32:33.911+0000] {subprocess.py:93} INFO - 26/01/20 04:32:33 INFO Executor: Running task 11.0 in stage 0.0 (TID 11)
[2026-01-20T04:32:33.911+0000] {subprocess.py:93} INFO - 26/01/20 04:32:33 INFO Executor: Running task 12.0 in stage 0.0 (TID 12)
[2026-01-20T04:32:34.144+0000] {subprocess.py:93} INFO - 26/01/20 04:32:34 INFO FileScanRDD: Reading File path: file:///opt/spark-data/landing/transaction_events_1768879479.1820476.json, range: 46137344-50331648, partition values: [empty row]
[2026-01-20T04:32:34.145+0000] {subprocess.py:93} INFO - 26/01/20 04:32:34 INFO FileScanRDD: Reading File path: file:///opt/spark-data/landing/transaction_events_1768879479.1820476.json, range: 33554432-37748736, partition values: [empty row]
[2026-01-20T04:32:34.146+0000] {subprocess.py:93} INFO - 26/01/20 04:32:34 INFO FileScanRDD: Reading File path: file:///opt/spark-data/landing/transaction_events_1768879479.1820476.json, range: 8388608-12582912, partition values: [empty row]
[2026-01-20T04:32:34.147+0000] {subprocess.py:93} INFO - 26/01/20 04:32:34 INFO FileScanRDD: Reading File path: file:///opt/spark-data/landing/transaction_events_1768879479.1820476.json, range: 0-4194304, partition values: [empty row]
[2026-01-20T04:32:34.147+0000] {subprocess.py:93} INFO - 26/01/20 04:32:34 INFO FileScanRDD: Reading File path: file:///opt/spark-data/landing/transaction_events_1768879479.1820476.json, range: 20971520-25165824, partition values: [empty row]
[2026-01-20T04:32:34.148+0000] {subprocess.py:93} INFO - 26/01/20 04:32:34 INFO FileScanRDD: Reading File path: file:///opt/spark-data/landing/transaction_events_1768879479.1820476.json, range: 29360128-33554432, partition values: [empty row]
[2026-01-20T04:32:34.149+0000] {subprocess.py:93} INFO - 26/01/20 04:32:34 INFO FileScanRDD: Reading File path: file:///opt/spark-data/landing/transaction_events_1768879479.1820476.json, range: 16777216-20971520, partition values: [empty row]
[2026-01-20T04:32:34.149+0000] {subprocess.py:93} INFO - 26/01/20 04:32:34 INFO FileScanRDD: Reading File path: file:///opt/spark-data/landing/transaction_events_1768879479.1820476.json, range: 50331648-51561162, partition values: [empty row]
[2026-01-20T04:32:34.150+0000] {subprocess.py:93} INFO - 26/01/20 04:32:34 INFO FileScanRDD: Reading File path: file:///opt/spark-data/landing/transaction_events_1768879479.1820476.json, range: 4194304-8388608, partition values: [empty row]
[2026-01-20T04:32:34.151+0000] {subprocess.py:93} INFO - 26/01/20 04:32:34 INFO FileScanRDD: Reading File path: file:///opt/spark-data/landing/transaction_events_1768879479.1820476.json, range: 12582912-16777216, partition values: [empty row]
[2026-01-20T04:32:34.152+0000] {subprocess.py:93} INFO - 26/01/20 04:32:34 INFO FileScanRDD: Reading File path: file:///opt/spark-data/landing/transaction_events_1768879479.1820476.json, range: 25165824-29360128, partition values: [empty row]
[2026-01-20T04:32:34.152+0000] {subprocess.py:93} INFO - 26/01/20 04:32:34 INFO FileScanRDD: Reading File path: file:///opt/spark-data/landing/transaction_events_1768879479.1820476.json, range: 41943040-46137344, partition values: [empty row]
[2026-01-20T04:32:34.153+0000] {subprocess.py:93} INFO - 26/01/20 04:32:34 INFO FileScanRDD: Reading File path: file:///opt/spark-data/landing/transaction_events_1768879479.1820476.json, range: 37748736-41943040, partition values: [empty row]
[2026-01-20T04:32:34.390+0000] {subprocess.py:93} INFO - 26/01/20 04:32:34 INFO CodeGenerator: Code generated in 180.91476 ms
[2026-01-20T04:32:35.223+0000] {subprocess.py:93} INFO - 26/01/20 04:32:35 INFO Executor: Finished task 12.0 in stage 0.0 (TID 12). 3067 bytes result sent to driver
[2026-01-20T04:32:35.252+0000] {subprocess.py:93} INFO - 26/01/20 04:32:35 INFO TaskSetManager: Finished task 12.0 in stage 0.0 (TID 12) in 1356 ms on 519d7d29de3d (executor driver) (1/13)
[2026-01-20T04:32:35.444+0000] {subprocess.py:93} INFO - 26/01/20 04:32:35 INFO Executor: Finished task 7.0 in stage 0.0 (TID 7). 3067 bytes result sent to driver
[2026-01-20T04:32:35.445+0000] {subprocess.py:93} INFO - 26/01/20 04:32:35 INFO Executor: Finished task 3.0 in stage 0.0 (TID 3). 3024 bytes result sent to driver
[2026-01-20T04:32:35.446+0000] {subprocess.py:93} INFO - 26/01/20 04:32:35 INFO Executor: Finished task 8.0 in stage 0.0 (TID 8). 3067 bytes result sent to driver
[2026-01-20T04:32:35.448+0000] {subprocess.py:93} INFO - 26/01/20 04:32:35 INFO Executor: Finished task 0.0 in stage 0.0 (TID 0). 3067 bytes result sent to driver
[2026-01-20T04:32:35.452+0000] {subprocess.py:93} INFO - 26/01/20 04:32:35 INFO TaskSetManager: Finished task 7.0 in stage 0.0 (TID 7) in 1565 ms on 519d7d29de3d (executor driver) (2/13)
[2026-01-20T04:32:35.453+0000] {subprocess.py:93} INFO - 26/01/20 04:32:35 INFO Executor: Finished task 1.0 in stage 0.0 (TID 1). 3024 bytes result sent to driver
[2026-01-20T04:32:35.457+0000] {subprocess.py:93} INFO - 26/01/20 04:32:35 INFO Executor: Finished task 11.0 in stage 0.0 (TID 11). 3067 bytes result sent to driver
[2026-01-20T04:32:35.458+0000] {subprocess.py:93} INFO - 26/01/20 04:32:35 INFO TaskSetManager: Finished task 3.0 in stage 0.0 (TID 3) in 1573 ms on 519d7d29de3d (executor driver) (3/13)
[2026-01-20T04:32:35.459+0000] {subprocess.py:93} INFO - 26/01/20 04:32:35 INFO Executor: Finished task 4.0 in stage 0.0 (TID 4). 3024 bytes result sent to driver
[2026-01-20T04:32:35.460+0000] {subprocess.py:93} INFO - 26/01/20 04:32:35 INFO TaskSetManager: Finished task 0.0 in stage 0.0 (TID 0) in 1591 ms on 519d7d29de3d (executor driver) (4/13)
[2026-01-20T04:32:35.460+0000] {subprocess.py:93} INFO - 26/01/20 04:32:35 INFO Executor: Finished task 2.0 in stage 0.0 (TID 2). 3067 bytes result sent to driver
[2026-01-20T04:32:35.461+0000] {subprocess.py:93} INFO - 26/01/20 04:32:35 INFO Executor: Finished task 5.0 in stage 0.0 (TID 5). 3067 bytes result sent to driver
[2026-01-20T04:32:35.462+0000] {subprocess.py:93} INFO - 26/01/20 04:32:35 INFO Executor: Finished task 6.0 in stage 0.0 (TID 6). 3024 bytes result sent to driver
[2026-01-20T04:32:35.463+0000] {subprocess.py:93} INFO - 26/01/20 04:32:35 INFO TaskSetManager: Finished task 1.0 in stage 0.0 (TID 1) in 1577 ms on 519d7d29de3d (executor driver) (5/13)
[2026-01-20T04:32:35.464+0000] {subprocess.py:93} INFO - 26/01/20 04:32:35 INFO TaskSetManager: Finished task 11.0 in stage 0.0 (TID 11) in 1569 ms on 519d7d29de3d (executor driver) (6/13)
[2026-01-20T04:32:35.464+0000] {subprocess.py:93} INFO - 26/01/20 04:32:35 INFO Executor: Finished task 10.0 in stage 0.0 (TID 10). 3024 bytes result sent to driver
[2026-01-20T04:32:35.465+0000] {subprocess.py:93} INFO - 26/01/20 04:32:35 INFO TaskSetManager: Finished task 8.0 in stage 0.0 (TID 8) in 1571 ms on 519d7d29de3d (executor driver) (7/13)
[2026-01-20T04:32:35.466+0000] {subprocess.py:93} INFO - 26/01/20 04:32:35 INFO TaskSetManager: Finished task 4.0 in stage 0.0 (TID 4) in 1577 ms on 519d7d29de3d (executor driver) (8/13)
[2026-01-20T04:32:35.466+0000] {subprocess.py:93} INFO - 26/01/20 04:32:35 INFO Executor: Finished task 9.0 in stage 0.0 (TID 9). 3024 bytes result sent to driver
[2026-01-20T04:32:35.467+0000] {subprocess.py:93} INFO - 26/01/20 04:32:35 INFO TaskSetManager: Finished task 10.0 in stage 0.0 (TID 10) in 1574 ms on 519d7d29de3d (executor driver) (9/13)
[2026-01-20T04:32:35.468+0000] {subprocess.py:93} INFO - 26/01/20 04:32:35 INFO TaskSetManager: Finished task 2.0 in stage 0.0 (TID 2) in 1580 ms on 519d7d29de3d (executor driver) (10/13)
[2026-01-20T04:32:35.469+0000] {subprocess.py:93} INFO - 26/01/20 04:32:35 INFO TaskSetManager: Finished task 5.0 in stage 0.0 (TID 5) in 1579 ms on 519d7d29de3d (executor driver) (11/13)
[2026-01-20T04:32:35.469+0000] {subprocess.py:93} INFO - 26/01/20 04:32:35 INFO TaskSetManager: Finished task 6.0 in stage 0.0 (TID 6) in 1578 ms on 519d7d29de3d (executor driver) (12/13)
[2026-01-20T04:32:35.470+0000] {subprocess.py:93} INFO - 26/01/20 04:32:35 INFO TaskSetManager: Finished task 9.0 in stage 0.0 (TID 9) in 1576 ms on 519d7d29de3d (executor driver) (13/13)
[2026-01-20T04:32:35.471+0000] {subprocess.py:93} INFO - 26/01/20 04:32:35 INFO TaskSchedulerImpl: Removed TaskSet 0.0, whose tasks have all completed, from pool
[2026-01-20T04:32:35.472+0000] {subprocess.py:93} INFO - 26/01/20 04:32:35 INFO DAGScheduler: ResultStage 0 (json at NativeMethodAccessorImpl.java:0) finished in 1.747 s
[2026-01-20T04:32:35.474+0000] {subprocess.py:93} INFO - 26/01/20 04:32:35 INFO DAGScheduler: Job 0 is finished. Cancelling potential speculative or zombie tasks for this job
[2026-01-20T04:32:35.474+0000] {subprocess.py:93} INFO - 26/01/20 04:32:35 INFO TaskSchedulerImpl: Killing all running tasks in stage 0: Stage finished
[2026-01-20T04:32:35.477+0000] {subprocess.py:93} INFO - 26/01/20 04:32:35 INFO DAGScheduler: Job 0 finished: json at NativeMethodAccessorImpl.java:0, took 1.789461 s
[2026-01-20T04:32:35.614+0000] {subprocess.py:93} INFO - 26/01/20 04:32:35 INFO InMemoryFileIndex: It took 8 ms to list leaf files for 1 paths.
[2026-01-20T04:32:35.642+0000] {subprocess.py:93} INFO - 26/01/20 04:32:35 INFO InMemoryFileIndex: It took 13 ms to list leaf files for 1 paths.
[2026-01-20T04:32:35.688+0000] {subprocess.py:93} INFO - 26/01/20 04:32:35 INFO FileSourceStrategy: Pushed Filters:
[2026-01-20T04:32:35.689+0000] {subprocess.py:93} INFO - 26/01/20 04:32:35 INFO FileSourceStrategy: Post-Scan Filters:
[2026-01-20T04:32:35.698+0000] {subprocess.py:93} INFO - 26/01/20 04:32:35 INFO MemoryStore: Block broadcast_2 stored as values in memory (estimated size 199.2 KiB, free 434.0 MiB)
[2026-01-20T04:32:35.718+0000] {subprocess.py:93} INFO - 26/01/20 04:32:35 INFO MemoryStore: Block broadcast_2_piece0 stored as bytes in memory (estimated size 34.2 KiB, free 433.9 MiB)
[2026-01-20T04:32:35.720+0000] {subprocess.py:93} INFO - 26/01/20 04:32:35 INFO BlockManagerInfo: Added broadcast_2_piece0 in memory on 519d7d29de3d:42359 (size: 34.2 KiB, free: 434.3 MiB)
[2026-01-20T04:32:35.722+0000] {subprocess.py:93} INFO - 26/01/20 04:32:35 INFO SparkContext: Created broadcast 2 from json at NativeMethodAccessorImpl.java:0
[2026-01-20T04:32:35.724+0000] {subprocess.py:93} INFO - 26/01/20 04:32:35 INFO FileSourceScanExec: Planning scan with bin packing, max size: 4194304 bytes, open cost is considered as scanning 4194304 bytes.
[2026-01-20T04:32:35.739+0000] {subprocess.py:93} INFO - 26/01/20 04:32:35 INFO SparkContext: Starting job: json at NativeMethodAccessorImpl.java:0
[2026-01-20T04:32:35.741+0000] {subprocess.py:93} INFO - 26/01/20 04:32:35 INFO DAGScheduler: Got job 1 (json at NativeMethodAccessorImpl.java:0) with 8 output partitions
[2026-01-20T04:32:35.742+0000] {subprocess.py:93} INFO - 26/01/20 04:32:35 INFO DAGScheduler: Final stage: ResultStage 1 (json at NativeMethodAccessorImpl.java:0)
[2026-01-20T04:32:35.742+0000] {subprocess.py:93} INFO - 26/01/20 04:32:35 INFO DAGScheduler: Parents of final stage: List()
[2026-01-20T04:32:35.743+0000] {subprocess.py:93} INFO - 26/01/20 04:32:35 INFO DAGScheduler: Missing parents: List()
[2026-01-20T04:32:35.744+0000] {subprocess.py:93} INFO - 26/01/20 04:32:35 INFO DAGScheduler: Submitting ResultStage 1 (MapPartitionsRDD[7] at json at NativeMethodAccessorImpl.java:0), which has no missing parents
[2026-01-20T04:32:35.745+0000] {subprocess.py:93} INFO - 26/01/20 04:32:35 INFO MemoryStore: Block broadcast_3 stored as values in memory (estimated size 16.0 KiB, free 433.9 MiB)
[2026-01-20T04:32:35.747+0000] {subprocess.py:93} INFO - 26/01/20 04:32:35 INFO MemoryStore: Block broadcast_3_piece0 stored as bytes in memory (estimated size 7.5 KiB, free 433.9 MiB)
[2026-01-20T04:32:35.748+0000] {subprocess.py:93} INFO - 26/01/20 04:32:35 INFO BlockManagerInfo: Added broadcast_3_piece0 in memory on 519d7d29de3d:42359 (size: 7.5 KiB, free: 434.3 MiB)
[2026-01-20T04:32:35.748+0000] {subprocess.py:93} INFO - 26/01/20 04:32:35 INFO SparkContext: Created broadcast 3 from broadcast at DAGScheduler.scala:1580
[2026-01-20T04:32:35.750+0000] {subprocess.py:93} INFO - 26/01/20 04:32:35 INFO DAGScheduler: Submitting 8 missing tasks from ResultStage 1 (MapPartitionsRDD[7] at json at NativeMethodAccessorImpl.java:0) (first 15 tasks are for partitions Vector(0, 1, 2, 3, 4, 5, 6, 7))
[2026-01-20T04:32:35.750+0000] {subprocess.py:93} INFO - 26/01/20 04:32:35 INFO TaskSchedulerImpl: Adding task set 1.0 with 8 tasks resource profile 0
[2026-01-20T04:32:35.752+0000] {subprocess.py:93} INFO - 26/01/20 04:32:35 INFO TaskSetManager: Starting task 0.0 in stage 1.0 (TID 13) (519d7d29de3d, executor driver, partition 0, PROCESS_LOCAL, 8244 bytes)
[2026-01-20T04:32:35.753+0000] {subprocess.py:93} INFO - 26/01/20 04:32:35 INFO TaskSetManager: Starting task 1.0 in stage 1.0 (TID 14) (519d7d29de3d, executor driver, partition 1, PROCESS_LOCAL, 8244 bytes)
[2026-01-20T04:32:35.754+0000] {subprocess.py:93} INFO - 26/01/20 04:32:35 INFO TaskSetManager: Starting task 2.0 in stage 1.0 (TID 15) (519d7d29de3d, executor driver, partition 2, PROCESS_LOCAL, 8244 bytes)
[2026-01-20T04:32:35.755+0000] {subprocess.py:93} INFO - 26/01/20 04:32:35 INFO TaskSetManager: Starting task 3.0 in stage 1.0 (TID 16) (519d7d29de3d, executor driver, partition 3, PROCESS_LOCAL, 8244 bytes)
[2026-01-20T04:32:35.755+0000] {subprocess.py:93} INFO - 26/01/20 04:32:35 INFO TaskSetManager: Starting task 4.0 in stage 1.0 (TID 17) (519d7d29de3d, executor driver, partition 4, PROCESS_LOCAL, 8244 bytes)
[2026-01-20T04:32:35.756+0000] {subprocess.py:93} INFO - 26/01/20 04:32:35 INFO TaskSetManager: Starting task 5.0 in stage 1.0 (TID 18) (519d7d29de3d, executor driver, partition 5, PROCESS_LOCAL, 8244 bytes)
[2026-01-20T04:32:35.757+0000] {subprocess.py:93} INFO - 26/01/20 04:32:35 INFO TaskSetManager: Starting task 6.0 in stage 1.0 (TID 19) (519d7d29de3d, executor driver, partition 6, PROCESS_LOCAL, 8244 bytes)
[2026-01-20T04:32:35.758+0000] {subprocess.py:93} INFO - 26/01/20 04:32:35 INFO TaskSetManager: Starting task 7.0 in stage 1.0 (TID 20) (519d7d29de3d, executor driver, partition 7, PROCESS_LOCAL, 8244 bytes)
[2026-01-20T04:32:35.759+0000] {subprocess.py:93} INFO - 26/01/20 04:32:35 INFO Executor: Running task 0.0 in stage 1.0 (TID 13)
[2026-01-20T04:32:35.760+0000] {subprocess.py:93} INFO - 26/01/20 04:32:35 INFO Executor: Running task 2.0 in stage 1.0 (TID 15)
[2026-01-20T04:32:35.761+0000] {subprocess.py:93} INFO - 26/01/20 04:32:35 INFO Executor: Running task 3.0 in stage 1.0 (TID 16)
[2026-01-20T04:32:35.762+0000] {subprocess.py:93} INFO - 26/01/20 04:32:35 INFO Executor: Running task 5.0 in stage 1.0 (TID 18)
[2026-01-20T04:32:35.763+0000] {subprocess.py:93} INFO - 26/01/20 04:32:35 INFO Executor: Running task 4.0 in stage 1.0 (TID 17)
[2026-01-20T04:32:35.765+0000] {subprocess.py:93} INFO - 26/01/20 04:32:35 INFO Executor: Running task 6.0 in stage 1.0 (TID 19)
[2026-01-20T04:32:35.766+0000] {subprocess.py:93} INFO - 26/01/20 04:32:35 INFO Executor: Running task 1.0 in stage 1.0 (TID 14)
[2026-01-20T04:32:35.767+0000] {subprocess.py:93} INFO - 26/01/20 04:32:35 INFO Executor: Running task 7.0 in stage 1.0 (TID 20)
[2026-01-20T04:32:35.768+0000] {subprocess.py:93} INFO - 26/01/20 04:32:35 INFO FileScanRDD: Reading File path: file:///opt/spark-data/landing/user_events_1768879431.2231393.json, range: 4194304-8388608, partition values: [empty row]
[2026-01-20T04:32:35.769+0000] {subprocess.py:93} INFO - 26/01/20 04:32:35 INFO FileScanRDD: Reading File path: file:///opt/spark-data/landing/user_events_1768879431.2231393.json, range: 8388608-12582912, partition values: [empty row]
[2026-01-20T04:32:35.769+0000] {subprocess.py:93} INFO - 26/01/20 04:32:35 INFO FileScanRDD: Reading File path: file:///opt/spark-data/landing/user_events_1768879431.2231393.json, range: 16777216-20971520, partition values: [empty row]
[2026-01-20T04:32:35.770+0000] {subprocess.py:93} INFO - 26/01/20 04:32:35 INFO FileScanRDD: Reading File path: file:///opt/spark-data/landing/user_events_1768879431.2231393.json, range: 12582912-16777216, partition values: [empty row]
[2026-01-20T04:32:35.771+0000] {subprocess.py:93} INFO - 26/01/20 04:32:35 INFO FileScanRDD: Reading File path: file:///opt/spark-data/landing/user_events_1768879431.2231393.json, range: 0-4194304, partition values: [empty row]
[2026-01-20T04:32:35.772+0000] {subprocess.py:93} INFO - 26/01/20 04:32:35 INFO FileScanRDD: Reading File path: file:///opt/spark-data/landing/user_events_1768879431.2231393.json, range: 20971520-25165824, partition values: [empty row]
[2026-01-20T04:32:35.773+0000] {subprocess.py:93} INFO - 26/01/20 04:32:35 INFO FileScanRDD: Reading File path: file:///opt/spark-data/landing/user_events_1768879431.2231393.json, range: 25165824-29360128, partition values: [empty row]
[2026-01-20T04:32:35.774+0000] {subprocess.py:93} INFO - 26/01/20 04:32:35 INFO FileScanRDD: Reading File path: file:///opt/spark-data/landing/user_events_1768879431.2231393.json, range: 29360128-33532706, partition values: [empty row]
[2026-01-20T04:32:36.274+0000] {subprocess.py:93} INFO - 26/01/20 04:32:36 INFO Executor: Finished task 6.0 in stage 1.0 (TID 19). 2401 bytes result sent to driver
[2026-01-20T04:32:36.275+0000] {subprocess.py:93} INFO - 26/01/20 04:32:36 INFO Executor: Finished task 3.0 in stage 1.0 (TID 16). 2401 bytes result sent to driver
[2026-01-20T04:32:36.276+0000] {subprocess.py:93} INFO - 26/01/20 04:32:36 INFO Executor: Finished task 2.0 in stage 1.0 (TID 15). 2401 bytes result sent to driver
[2026-01-20T04:32:36.277+0000] {subprocess.py:93} INFO - 26/01/20 04:32:36 INFO Executor: Finished task 4.0 in stage 1.0 (TID 17). 2401 bytes result sent to driver
[2026-01-20T04:32:36.278+0000] {subprocess.py:93} INFO - 26/01/20 04:32:36 INFO Executor: Finished task 5.0 in stage 1.0 (TID 18). 2401 bytes result sent to driver
[2026-01-20T04:32:36.279+0000] {subprocess.py:93} INFO - 26/01/20 04:32:36 INFO Executor: Finished task 1.0 in stage 1.0 (TID 14). 2401 bytes result sent to driver
[2026-01-20T04:32:36.280+0000] {subprocess.py:93} INFO - 26/01/20 04:32:36 INFO Executor: Finished task 0.0 in stage 1.0 (TID 13). 2401 bytes result sent to driver
[2026-01-20T04:32:36.281+0000] {subprocess.py:93} INFO - 26/01/20 04:32:36 INFO TaskSetManager: Finished task 6.0 in stage 1.0 (TID 19) in 524 ms on 519d7d29de3d (executor driver) (1/8)
[2026-01-20T04:32:36.281+0000] {subprocess.py:93} INFO - 26/01/20 04:32:36 INFO TaskSetManager: Finished task 3.0 in stage 1.0 (TID 16) in 525 ms on 519d7d29de3d (executor driver) (2/8)
[2026-01-20T04:32:36.282+0000] {subprocess.py:93} INFO - 26/01/20 04:32:36 INFO TaskSetManager: Finished task 4.0 in stage 1.0 (TID 17) in 525 ms on 519d7d29de3d (executor driver) (3/8)
[2026-01-20T04:32:36.283+0000] {subprocess.py:93} INFO - 26/01/20 04:32:36 INFO TaskSetManager: Finished task 5.0 in stage 1.0 (TID 18) in 525 ms on 519d7d29de3d (executor driver) (4/8)
[2026-01-20T04:32:36.284+0000] {subprocess.py:93} INFO - 26/01/20 04:32:36 INFO TaskSetManager: Finished task 2.0 in stage 1.0 (TID 15) in 527 ms on 519d7d29de3d (executor driver) (5/8)
[2026-01-20T04:32:36.285+0000] {subprocess.py:93} INFO - 26/01/20 04:32:36 INFO TaskSetManager: Finished task 1.0 in stage 1.0 (TID 14) in 529 ms on 519d7d29de3d (executor driver) (6/8)
[2026-01-20T04:32:36.286+0000] {subprocess.py:93} INFO - 26/01/20 04:32:36 INFO Executor: Finished task 7.0 in stage 1.0 (TID 20). 2401 bytes result sent to driver
[2026-01-20T04:32:36.287+0000] {subprocess.py:93} INFO - 26/01/20 04:32:36 INFO TaskSetManager: Finished task 0.0 in stage 1.0 (TID 13) in 530 ms on 519d7d29de3d (executor driver) (7/8)
[2026-01-20T04:32:36.288+0000] {subprocess.py:93} INFO - 26/01/20 04:32:36 INFO TaskSetManager: Finished task 7.0 in stage 1.0 (TID 20) in 530 ms on 519d7d29de3d (executor driver) (8/8)
[2026-01-20T04:32:36.288+0000] {subprocess.py:93} INFO - 26/01/20 04:32:36 INFO TaskSchedulerImpl: Removed TaskSet 1.0, whose tasks have all completed, from pool
[2026-01-20T04:32:36.289+0000] {subprocess.py:93} INFO - 26/01/20 04:32:36 INFO DAGScheduler: ResultStage 1 (json at NativeMethodAccessorImpl.java:0) finished in 0.543 s
[2026-01-20T04:32:36.290+0000] {subprocess.py:93} INFO - 26/01/20 04:32:36 INFO DAGScheduler: Job 1 is finished. Cancelling potential speculative or zombie tasks for this job
[2026-01-20T04:32:36.291+0000] {subprocess.py:93} INFO - 26/01/20 04:32:36 INFO TaskSchedulerImpl: Killing all running tasks in stage 1: Stage finished
[2026-01-20T04:32:36.291+0000] {subprocess.py:93} INFO - 26/01/20 04:32:36 INFO DAGScheduler: Job 1 finished: json at NativeMethodAccessorImpl.java:0, took 0.548545 s
[2026-01-20T04:32:36.895+0000] {subprocess.py:93} INFO - 26/01/20 04:32:36 INFO BlockManagerInfo: Removed broadcast_3_piece0 on 519d7d29de3d:42359 in memory (size: 7.5 KiB, free: 434.3 MiB)
[2026-01-20T04:32:36.905+0000] {subprocess.py:93} INFO - 26/01/20 04:32:36 INFO BlockManagerInfo: Removed broadcast_2_piece0 on 519d7d29de3d:42359 in memory (size: 34.2 KiB, free: 434.4 MiB)
[2026-01-20T04:32:37.109+0000] {subprocess.py:93} INFO - 26/01/20 04:32:37 INFO FileSourceStrategy: Pushed Filters: IsNotNull(user_id),IsNotNull(line_items)
[2026-01-20T04:32:37.111+0000] {subprocess.py:93} INFO - 26/01/20 04:32:37 INFO FileSourceStrategy: Post-Scan Filters: isnotnull(user_id#21),(size(line_items#10, true) > 0),isnotnull(line_items#10)
[2026-01-20T04:32:37.116+0000] {subprocess.py:93} INFO - 26/01/20 04:32:37 INFO FileSourceStrategy: Pushed Filters: IsNotNull(user_id),IsNotNull(product_id)
[2026-01-20T04:32:37.117+0000] {subprocess.py:93} INFO - 26/01/20 04:32:37 INFO FileSourceStrategy: Post-Scan Filters: isnotnull(user_id#58),isnotnull(product_id#53)
[2026-01-20T04:32:37.326+0000] {subprocess.py:93} INFO - 26/01/20 04:32:37 INFO CodeGenerator: Code generated in 35.700381 ms
[2026-01-20T04:32:37.331+0000] {subprocess.py:93} INFO - 26/01/20 04:32:37 INFO MemoryStore: Block broadcast_4 stored as values in memory (estimated size 199.1 KiB, free 434.0 MiB)
[2026-01-20T04:32:37.346+0000] {subprocess.py:93} INFO - 26/01/20 04:32:37 INFO MemoryStore: Block broadcast_4_piece0 stored as bytes in memory (estimated size 34.2 KiB, free 433.9 MiB)
[2026-01-20T04:32:37.348+0000] {subprocess.py:93} INFO - 26/01/20 04:32:37 INFO BlockManagerInfo: Added broadcast_4_piece0 in memory on 519d7d29de3d:42359 (size: 34.2 KiB, free: 434.3 MiB)
[2026-01-20T04:32:37.350+0000] {subprocess.py:93} INFO - 26/01/20 04:32:37 INFO SparkContext: Created broadcast 4 from $anonfun$withThreadLocalCaptured$1 at FutureTask.java:264
[2026-01-20T04:32:37.354+0000] {subprocess.py:93} INFO - 26/01/20 04:32:37 INFO FileSourceScanExec: Planning scan with bin packing, max size: 4194304 bytes, open cost is considered as scanning 4194304 bytes.
[2026-01-20T04:32:37.397+0000] {subprocess.py:93} INFO - 26/01/20 04:32:37 INFO SparkContext: Starting job: $anonfun$withThreadLocalCaptured$1 at FutureTask.java:264
[2026-01-20T04:32:37.400+0000] {subprocess.py:93} INFO - 26/01/20 04:32:37 INFO DAGScheduler: Got job 2 ($anonfun$withThreadLocalCaptured$1 at FutureTask.java:264) with 8 output partitions
[2026-01-20T04:32:37.401+0000] {subprocess.py:93} INFO - 26/01/20 04:32:37 INFO DAGScheduler: Final stage: ResultStage 2 ($anonfun$withThreadLocalCaptured$1 at FutureTask.java:264)
[2026-01-20T04:32:37.402+0000] {subprocess.py:93} INFO - 26/01/20 04:32:37 INFO DAGScheduler: Parents of final stage: List()
[2026-01-20T04:32:37.403+0000] {subprocess.py:93} INFO - 26/01/20 04:32:37 INFO DAGScheduler: Missing parents: List()
[2026-01-20T04:32:37.404+0000] {subprocess.py:93} INFO - 26/01/20 04:32:37 INFO DAGScheduler: Submitting ResultStage 2 (MapPartitionsRDD[11] at $anonfun$withThreadLocalCaptured$1 at FutureTask.java:264), which has no missing parents
[2026-01-20T04:32:37.407+0000] {subprocess.py:93} INFO - 26/01/20 04:32:37 INFO MemoryStore: Block broadcast_5 stored as values in memory (estimated size 15.6 KiB, free 433.9 MiB)
[2026-01-20T04:32:37.410+0000] {subprocess.py:93} INFO - 26/01/20 04:32:37 INFO MemoryStore: Block broadcast_5_piece0 stored as bytes in memory (estimated size 7.4 KiB, free 433.9 MiB)
[2026-01-20T04:32:37.411+0000] {subprocess.py:93} INFO - 26/01/20 04:32:37 INFO BlockManagerInfo: Added broadcast_5_piece0 in memory on 519d7d29de3d:42359 (size: 7.4 KiB, free: 434.3 MiB)
[2026-01-20T04:32:37.412+0000] {subprocess.py:93} INFO - 26/01/20 04:32:37 INFO SparkContext: Created broadcast 5 from broadcast at DAGScheduler.scala:1580
[2026-01-20T04:32:37.414+0000] {subprocess.py:93} INFO - 26/01/20 04:32:37 INFO DAGScheduler: Submitting 8 missing tasks from ResultStage 2 (MapPartitionsRDD[11] at $anonfun$withThreadLocalCaptured$1 at FutureTask.java:264) (first 15 tasks are for partitions Vector(0, 1, 2, 3, 4, 5, 6, 7))
[2026-01-20T04:32:37.415+0000] {subprocess.py:93} INFO - 26/01/20 04:32:37 INFO TaskSchedulerImpl: Adding task set 2.0 with 8 tasks resource profile 0
[2026-01-20T04:32:37.417+0000] {subprocess.py:93} INFO - 26/01/20 04:32:37 INFO TaskSetManager: Starting task 0.0 in stage 2.0 (TID 21) (519d7d29de3d, executor driver, partition 0, PROCESS_LOCAL, 8244 bytes)
[2026-01-20T04:32:37.418+0000] {subprocess.py:93} INFO - 26/01/20 04:32:37 INFO TaskSetManager: Starting task 1.0 in stage 2.0 (TID 22) (519d7d29de3d, executor driver, partition 1, PROCESS_LOCAL, 8244 bytes)
[2026-01-20T04:32:37.419+0000] {subprocess.py:93} INFO - 26/01/20 04:32:37 INFO TaskSetManager: Starting task 2.0 in stage 2.0 (TID 23) (519d7d29de3d, executor driver, partition 2, PROCESS_LOCAL, 8244 bytes)
[2026-01-20T04:32:37.420+0000] {subprocess.py:93} INFO - 26/01/20 04:32:37 INFO TaskSetManager: Starting task 3.0 in stage 2.0 (TID 24) (519d7d29de3d, executor driver, partition 3, PROCESS_LOCAL, 8244 bytes)
[2026-01-20T04:32:37.421+0000] {subprocess.py:93} INFO - 26/01/20 04:32:37 INFO TaskSetManager: Starting task 4.0 in stage 2.0 (TID 25) (519d7d29de3d, executor driver, partition 4, PROCESS_LOCAL, 8244 bytes)
[2026-01-20T04:32:37.423+0000] {subprocess.py:93} INFO - 26/01/20 04:32:37 INFO TaskSetManager: Starting task 5.0 in stage 2.0 (TID 26) (519d7d29de3d, executor driver, partition 5, PROCESS_LOCAL, 8244 bytes)
[2026-01-20T04:32:37.424+0000] {subprocess.py:93} INFO - 26/01/20 04:32:37 INFO TaskSetManager: Starting task 6.0 in stage 2.0 (TID 27) (519d7d29de3d, executor driver, partition 6, PROCESS_LOCAL, 8244 bytes)
[2026-01-20T04:32:37.425+0000] {subprocess.py:93} INFO - 26/01/20 04:32:37 INFO TaskSetManager: Starting task 7.0 in stage 2.0 (TID 28) (519d7d29de3d, executor driver, partition 7, PROCESS_LOCAL, 8244 bytes)
[2026-01-20T04:32:37.426+0000] {subprocess.py:93} INFO - 26/01/20 04:32:37 INFO Executor: Running task 0.0 in stage 2.0 (TID 21)
[2026-01-20T04:32:37.427+0000] {subprocess.py:93} INFO - 26/01/20 04:32:37 INFO Executor: Running task 1.0 in stage 2.0 (TID 22)
[2026-01-20T04:32:37.430+0000] {subprocess.py:93} INFO - 26/01/20 04:32:37 INFO Executor: Running task 2.0 in stage 2.0 (TID 23)
[2026-01-20T04:32:37.431+0000] {subprocess.py:93} INFO - 26/01/20 04:32:37 INFO Executor: Running task 4.0 in stage 2.0 (TID 25)
[2026-01-20T04:32:37.432+0000] {subprocess.py:93} INFO - 26/01/20 04:32:37 INFO Executor: Running task 5.0 in stage 2.0 (TID 26)
[2026-01-20T04:32:37.434+0000] {subprocess.py:93} INFO - 26/01/20 04:32:37 INFO Executor: Running task 3.0 in stage 2.0 (TID 24)
[2026-01-20T04:32:37.435+0000] {subprocess.py:93} INFO - 26/01/20 04:32:37 INFO Executor: Running task 7.0 in stage 2.0 (TID 28)
[2026-01-20T04:32:37.436+0000] {subprocess.py:93} INFO - 26/01/20 04:32:37 INFO Executor: Running task 6.0 in stage 2.0 (TID 27)
[2026-01-20T04:32:37.484+0000] {subprocess.py:93} INFO - 26/01/20 04:32:37 INFO CodeGenerator: Code generated in 30.053149 ms
[2026-01-20T04:32:37.491+0000] {subprocess.py:93} INFO - 26/01/20 04:32:37 INFO FileScanRDD: Reading File path: file:///opt/spark-data/landing/user_events_1768879431.2231393.json, range: 4194304-8388608, partition values: [empty row]
[2026-01-20T04:32:37.492+0000] {subprocess.py:93} INFO - 26/01/20 04:32:37 INFO FileScanRDD: Reading File path: file:///opt/spark-data/landing/user_events_1768879431.2231393.json, range: 25165824-29360128, partition values: [empty row]
[2026-01-20T04:32:37.494+0000] {subprocess.py:93} INFO - 26/01/20 04:32:37 INFO FileScanRDD: Reading File path: file:///opt/spark-data/landing/user_events_1768879431.2231393.json, range: 0-4194304, partition values: [empty row]
[2026-01-20T04:32:37.495+0000] {subprocess.py:93} INFO - 26/01/20 04:32:37 INFO FileScanRDD: Reading File path: file:///opt/spark-data/landing/user_events_1768879431.2231393.json, range: 12582912-16777216, partition values: [empty row]
[2026-01-20T04:32:37.497+0000] {subprocess.py:93} INFO - 26/01/20 04:32:37 INFO FileScanRDD: Reading File path: file:///opt/spark-data/landing/user_events_1768879431.2231393.json, range: 29360128-33532706, partition values: [empty row]
[2026-01-20T04:32:37.498+0000] {subprocess.py:93} INFO - 26/01/20 04:32:37 INFO FileScanRDD: Reading File path: file:///opt/spark-data/landing/user_events_1768879431.2231393.json, range: 16777216-20971520, partition values: [empty row]
[2026-01-20T04:32:37.499+0000] {subprocess.py:93} INFO - 26/01/20 04:32:37 INFO FileScanRDD: Reading File path: file:///opt/spark-data/landing/user_events_1768879431.2231393.json, range: 20971520-25165824, partition values: [empty row]
[2026-01-20T04:32:37.500+0000] {subprocess.py:93} INFO - 26/01/20 04:32:37 INFO FileScanRDD: Reading File path: file:///opt/spark-data/landing/user_events_1768879431.2231393.json, range: 8388608-12582912, partition values: [empty row]
[2026-01-20T04:32:37.519+0000] {subprocess.py:93} INFO - 26/01/20 04:32:37 INFO CodeGenerator: Code generated in 21.435212 ms
[2026-01-20T04:32:37.573+0000] {subprocess.py:93} INFO - 26/01/20 04:32:37 INFO CodeGenerator: Code generated in 10.510827 ms
[2026-01-20T04:32:37.586+0000] {subprocess.py:93} INFO - 26/01/20 04:32:37 INFO CodeGenerator: Code generated in 8.783459 ms
[2026-01-20T04:32:38.261+0000] {subprocess.py:93} INFO - 26/01/20 04:32:38 INFO Executor: Finished task 5.0 in stage 2.0 (TID 26). 133806 bytes result sent to driver
[2026-01-20T04:32:38.263+0000] {subprocess.py:93} INFO - 26/01/20 04:32:38 INFO TaskSetManager: Finished task 5.0 in stage 2.0 (TID 26) in 842 ms on 519d7d29de3d (executor driver) (1/8)
[2026-01-20T04:32:38.266+0000] {subprocess.py:93} INFO - 26/01/20 04:32:38 INFO Executor: Finished task 1.0 in stage 2.0 (TID 22). 134053 bytes result sent to driver
[2026-01-20T04:32:38.267+0000] {subprocess.py:93} INFO - 26/01/20 04:32:38 INFO Executor: Finished task 3.0 in stage 2.0 (TID 24). 132558 bytes result sent to driver
[2026-01-20T04:32:38.268+0000] {subprocess.py:93} INFO - 26/01/20 04:32:38 INFO Executor: Finished task 4.0 in stage 2.0 (TID 25). 135365 bytes result sent to driver
[2026-01-20T04:32:38.269+0000] {subprocess.py:93} INFO - 26/01/20 04:32:38 INFO TaskSetManager: Finished task 1.0 in stage 2.0 (TID 22) in 847 ms on 519d7d29de3d (executor driver) (2/8)
[2026-01-20T04:32:38.269+0000] {subprocess.py:93} INFO - 26/01/20 04:32:38 INFO Executor: Finished task 0.0 in stage 2.0 (TID 21). 131277 bytes result sent to driver
[2026-01-20T04:32:38.270+0000] {subprocess.py:93} INFO - 26/01/20 04:32:38 INFO TaskSetManager: Finished task 3.0 in stage 2.0 (TID 24) in 845 ms on 519d7d29de3d (executor driver) (3/8)
[2026-01-20T04:32:38.271+0000] {subprocess.py:93} INFO - 26/01/20 04:32:38 INFO Executor: Finished task 2.0 in stage 2.0 (TID 23). 132137 bytes result sent to driver
[2026-01-20T04:32:38.271+0000] {subprocess.py:93} INFO - 26/01/20 04:32:38 INFO TaskSetManager: Finished task 4.0 in stage 2.0 (TID 25) in 846 ms on 519d7d29de3d (executor driver) (4/8)
[2026-01-20T04:32:38.272+0000] {subprocess.py:93} INFO - 26/01/20 04:32:38 INFO Executor: Finished task 7.0 in stage 2.0 (TID 28). 130533 bytes result sent to driver
[2026-01-20T04:32:38.273+0000] {subprocess.py:93} INFO - 26/01/20 04:32:38 INFO TaskSetManager: Finished task 0.0 in stage 2.0 (TID 21) in 854 ms on 519d7d29de3d (executor driver) (5/8)
[2026-01-20T04:32:38.273+0000] {subprocess.py:93} INFO - 26/01/20 04:32:38 INFO TaskSetManager: Finished task 2.0 in stage 2.0 (TID 23) in 853 ms on 519d7d29de3d (executor driver) (6/8)
[2026-01-20T04:32:38.274+0000] {subprocess.py:93} INFO - 26/01/20 04:32:38 INFO Executor: Finished task 6.0 in stage 2.0 (TID 27). 129991 bytes result sent to driver
[2026-01-20T04:32:38.275+0000] {subprocess.py:93} INFO - 26/01/20 04:32:38 INFO TaskSetManager: Finished task 7.0 in stage 2.0 (TID 28) in 847 ms on 519d7d29de3d (executor driver) (7/8)
[2026-01-20T04:32:38.275+0000] {subprocess.py:93} INFO - 26/01/20 04:32:38 INFO TaskSetManager: Finished task 6.0 in stage 2.0 (TID 27) in 850 ms on 519d7d29de3d (executor driver) (8/8)
[2026-01-20T04:32:38.276+0000] {subprocess.py:93} INFO - 26/01/20 04:32:38 INFO TaskSchedulerImpl: Removed TaskSet 2.0, whose tasks have all completed, from pool
[2026-01-20T04:32:38.277+0000] {subprocess.py:93} INFO - 26/01/20 04:32:38 INFO DAGScheduler: ResultStage 2 ($anonfun$withThreadLocalCaptured$1 at FutureTask.java:264) finished in 0.872 s
[2026-01-20T04:32:38.278+0000] {subprocess.py:93} INFO - 26/01/20 04:32:38 INFO DAGScheduler: Job 2 is finished. Cancelling potential speculative or zombie tasks for this job
[2026-01-20T04:32:38.279+0000] {subprocess.py:93} INFO - 26/01/20 04:32:38 INFO TaskSchedulerImpl: Killing all running tasks in stage 2: Stage finished
[2026-01-20T04:32:38.279+0000] {subprocess.py:93} INFO - 26/01/20 04:32:38 INFO DAGScheduler: Job 2 finished: $anonfun$withThreadLocalCaptured$1 at FutureTask.java:264, took 0.880890 s
[2026-01-20T04:32:38.317+0000] {subprocess.py:93} INFO - 26/01/20 04:32:38 INFO CodeGenerator: Code generated in 18.606126 ms
[2026-01-20T04:32:38.381+0000] {subprocess.py:93} INFO - 26/01/20 04:32:38 INFO MemoryStore: Block broadcast_6 stored as values in memory (estimated size 9.0 MiB, free 424.9 MiB)
[2026-01-20T04:32:38.424+0000] {subprocess.py:93} INFO - 26/01/20 04:32:38 INFO MemoryStore: Block broadcast_6_piece0 stored as bytes in memory (estimated size 1578.1 KiB, free 423.4 MiB)
[2026-01-20T04:32:38.425+0000] {subprocess.py:93} INFO - 26/01/20 04:32:38 INFO BlockManagerInfo: Added broadcast_6_piece0 in memory on 519d7d29de3d:42359 (size: 1578.1 KiB, free: 432.8 MiB)
[2026-01-20T04:32:38.426+0000] {subprocess.py:93} INFO - 26/01/20 04:32:38 INFO SparkContext: Created broadcast 6 from $anonfun$withThreadLocalCaptured$1 at FutureTask.java:264
[2026-01-20T04:32:38.443+0000] {subprocess.py:93} INFO - 26/01/20 04:32:38 INFO FileSourceStrategy: Pushed Filters: IsNotNull(user_id),IsNotNull(line_items)
[2026-01-20T04:32:38.444+0000] {subprocess.py:93} INFO - 26/01/20 04:32:38 INFO FileSourceStrategy: Post-Scan Filters: isnotnull(user_id#21),(size(line_items#10, true) > 0),isnotnull(line_items#10)
[2026-01-20T04:32:38.577+0000] {subprocess.py:93} INFO - 26/01/20 04:32:38 INFO FileOutputCommitter: File Output Committer Algorithm version is 1
[2026-01-20T04:32:38.578+0000] {subprocess.py:93} INFO - 26/01/20 04:32:38 INFO FileOutputCommitter: FileOutputCommitter skip cleanup _temporary folders under output directory:false, ignore cleanup failures: false
[2026-01-20T04:32:38.579+0000] {subprocess.py:93} INFO - 26/01/20 04:32:38 INFO SQLHadoopMapReduceCommitProtocol: Using output committer class org.apache.hadoop.mapreduce.lib.output.FileOutputCommitter
[2026-01-20T04:32:38.704+0000] {subprocess.py:93} INFO - 26/01/20 04:32:38 INFO CodeGenerator: Code generated in 51.999223 ms
[2026-01-20T04:32:38.707+0000] {subprocess.py:93} INFO - 26/01/20 04:32:38 INFO MemoryStore: Block broadcast_7 stored as values in memory (estimated size 199.1 KiB, free 423.2 MiB)
[2026-01-20T04:32:38.716+0000] {subprocess.py:93} INFO - 26/01/20 04:32:38 INFO MemoryStore: Block broadcast_7_piece0 stored as bytes in memory (estimated size 34.2 KiB, free 423.1 MiB)
[2026-01-20T04:32:38.717+0000] {subprocess.py:93} INFO - 26/01/20 04:32:38 INFO BlockManagerInfo: Added broadcast_7_piece0 in memory on 519d7d29de3d:42359 (size: 34.2 KiB, free: 432.7 MiB)
[2026-01-20T04:32:38.718+0000] {subprocess.py:93} INFO - 26/01/20 04:32:38 INFO SparkContext: Created broadcast 7 from csv at NativeMethodAccessorImpl.java:0
[2026-01-20T04:32:38.719+0000] {subprocess.py:93} INFO - 26/01/20 04:32:38 INFO FileSourceScanExec: Planning scan with bin packing, max size: 4194304 bytes, open cost is considered as scanning 4194304 bytes.
[2026-01-20T04:32:38.731+0000] {subprocess.py:93} INFO - 26/01/20 04:32:38 INFO SparkContext: Starting job: csv at NativeMethodAccessorImpl.java:0
[2026-01-20T04:32:38.732+0000] {subprocess.py:93} INFO - 26/01/20 04:32:38 INFO DAGScheduler: Got job 3 (csv at NativeMethodAccessorImpl.java:0) with 13 output partitions
[2026-01-20T04:32:38.733+0000] {subprocess.py:93} INFO - 26/01/20 04:32:38 INFO DAGScheduler: Final stage: ResultStage 3 (csv at NativeMethodAccessorImpl.java:0)
[2026-01-20T04:32:38.733+0000] {subprocess.py:93} INFO - 26/01/20 04:32:38 INFO DAGScheduler: Parents of final stage: List()
[2026-01-20T04:32:38.735+0000] {subprocess.py:93} INFO - 26/01/20 04:32:38 INFO DAGScheduler: Missing parents: List()
[2026-01-20T04:32:38.736+0000] {subprocess.py:93} INFO - 26/01/20 04:32:38 INFO DAGScheduler: Submitting ResultStage 3 (MapPartitionsRDD[15] at csv at NativeMethodAccessorImpl.java:0), which has no missing parents
[2026-01-20T04:32:38.768+0000] {subprocess.py:93} INFO - 26/01/20 04:32:38 INFO MemoryStore: Block broadcast_8 stored as values in memory (estimated size 233.0 KiB, free 422.9 MiB)
[2026-01-20T04:32:38.771+0000] {subprocess.py:93} INFO - 26/01/20 04:32:38 INFO MemoryStore: Block broadcast_8_piece0 stored as bytes in memory (estimated size 82.8 KiB, free 422.8 MiB)
[2026-01-20T04:32:38.772+0000] {subprocess.py:93} INFO - 26/01/20 04:32:38 INFO BlockManagerInfo: Added broadcast_8_piece0 in memory on 519d7d29de3d:42359 (size: 82.8 KiB, free: 432.7 MiB)
[2026-01-20T04:32:38.772+0000] {subprocess.py:93} INFO - 26/01/20 04:32:38 INFO SparkContext: Created broadcast 8 from broadcast at DAGScheduler.scala:1580
[2026-01-20T04:32:38.773+0000] {subprocess.py:93} INFO - 26/01/20 04:32:38 INFO DAGScheduler: Submitting 13 missing tasks from ResultStage 3 (MapPartitionsRDD[15] at csv at NativeMethodAccessorImpl.java:0) (first 15 tasks are for partitions Vector(0, 1, 2, 3, 4, 5, 6, 7, 8, 9, 10, 11, 12))
[2026-01-20T04:32:38.774+0000] {subprocess.py:93} INFO - 26/01/20 04:32:38 INFO TaskSchedulerImpl: Adding task set 3.0 with 13 tasks resource profile 0
[2026-01-20T04:32:38.774+0000] {subprocess.py:93} INFO - 26/01/20 04:32:38 INFO TaskSetManager: Starting task 0.0 in stage 3.0 (TID 29) (519d7d29de3d, executor driver, partition 0, PROCESS_LOCAL, 8251 bytes)
[2026-01-20T04:32:38.775+0000] {subprocess.py:93} INFO - 26/01/20 04:32:38 INFO TaskSetManager: Starting task 1.0 in stage 3.0 (TID 30) (519d7d29de3d, executor driver, partition 1, PROCESS_LOCAL, 8251 bytes)
[2026-01-20T04:32:38.776+0000] {subprocess.py:93} INFO - 26/01/20 04:32:38 INFO TaskSetManager: Starting task 2.0 in stage 3.0 (TID 31) (519d7d29de3d, executor driver, partition 2, PROCESS_LOCAL, 8251 bytes)
[2026-01-20T04:32:38.776+0000] {subprocess.py:93} INFO - 26/01/20 04:32:38 INFO TaskSetManager: Starting task 3.0 in stage 3.0 (TID 32) (519d7d29de3d, executor driver, partition 3, PROCESS_LOCAL, 8251 bytes)
[2026-01-20T04:32:38.777+0000] {subprocess.py:93} INFO - 26/01/20 04:32:38 INFO TaskSetManager: Starting task 4.0 in stage 3.0 (TID 33) (519d7d29de3d, executor driver, partition 4, PROCESS_LOCAL, 8251 bytes)
[2026-01-20T04:32:38.777+0000] {subprocess.py:93} INFO - 26/01/20 04:32:38 INFO TaskSetManager: Starting task 5.0 in stage 3.0 (TID 34) (519d7d29de3d, executor driver, partition 5, PROCESS_LOCAL, 8251 bytes)
[2026-01-20T04:32:38.778+0000] {subprocess.py:93} INFO - 26/01/20 04:32:38 INFO TaskSetManager: Starting task 6.0 in stage 3.0 (TID 35) (519d7d29de3d, executor driver, partition 6, PROCESS_LOCAL, 8251 bytes)
[2026-01-20T04:32:38.779+0000] {subprocess.py:93} INFO - 26/01/20 04:32:38 INFO TaskSetManager: Starting task 7.0 in stage 3.0 (TID 36) (519d7d29de3d, executor driver, partition 7, PROCESS_LOCAL, 8251 bytes)
[2026-01-20T04:32:38.780+0000] {subprocess.py:93} INFO - 26/01/20 04:32:38 INFO TaskSetManager: Starting task 8.0 in stage 3.0 (TID 37) (519d7d29de3d, executor driver, partition 8, PROCESS_LOCAL, 8251 bytes)
[2026-01-20T04:32:38.784+0000] {subprocess.py:93} INFO - 26/01/20 04:32:38 INFO TaskSetManager: Starting task 9.0 in stage 3.0 (TID 38) (519d7d29de3d, executor driver, partition 9, PROCESS_LOCAL, 8251 bytes)
[2026-01-20T04:32:38.784+0000] {subprocess.py:93} INFO - 26/01/20 04:32:38 INFO TaskSetManager: Starting task 10.0 in stage 3.0 (TID 39) (519d7d29de3d, executor driver, partition 10, PROCESS_LOCAL, 8251 bytes)
[2026-01-20T04:32:38.785+0000] {subprocess.py:93} INFO - 26/01/20 04:32:38 INFO TaskSetManager: Starting task 11.0 in stage 3.0 (TID 40) (519d7d29de3d, executor driver, partition 11, PROCESS_LOCAL, 8251 bytes)
[2026-01-20T04:32:38.786+0000] {subprocess.py:93} INFO - 26/01/20 04:32:38 INFO TaskSetManager: Starting task 12.0 in stage 3.0 (TID 41) (519d7d29de3d, executor driver, partition 12, PROCESS_LOCAL, 8251 bytes)
[2026-01-20T04:32:38.787+0000] {subprocess.py:93} INFO - 26/01/20 04:32:38 INFO Executor: Running task 0.0 in stage 3.0 (TID 29)
[2026-01-20T04:32:38.788+0000] {subprocess.py:93} INFO - 26/01/20 04:32:38 INFO Executor: Running task 5.0 in stage 3.0 (TID 34)
[2026-01-20T04:32:38.788+0000] {subprocess.py:93} INFO - 26/01/20 04:32:38 INFO Executor: Running task 3.0 in stage 3.0 (TID 32)
[2026-01-20T04:32:38.789+0000] {subprocess.py:93} INFO - 26/01/20 04:32:38 INFO Executor: Running task 4.0 in stage 3.0 (TID 33)
[2026-01-20T04:32:38.790+0000] {subprocess.py:93} INFO - 26/01/20 04:32:38 INFO Executor: Running task 9.0 in stage 3.0 (TID 38)
[2026-01-20T04:32:38.791+0000] {subprocess.py:93} INFO - 26/01/20 04:32:38 INFO Executor: Running task 2.0 in stage 3.0 (TID 31)
[2026-01-20T04:32:38.792+0000] {subprocess.py:93} INFO - 26/01/20 04:32:38 INFO Executor: Running task 10.0 in stage 3.0 (TID 39)
[2026-01-20T04:32:38.792+0000] {subprocess.py:93} INFO - 26/01/20 04:32:38 INFO Executor: Running task 11.0 in stage 3.0 (TID 40)
[2026-01-20T04:32:38.794+0000] {subprocess.py:93} INFO - 26/01/20 04:32:38 INFO Executor: Running task 12.0 in stage 3.0 (TID 41)
[2026-01-20T04:32:38.795+0000] {subprocess.py:93} INFO - 26/01/20 04:32:38 INFO Executor: Running task 8.0 in stage 3.0 (TID 37)
[2026-01-20T04:32:38.795+0000] {subprocess.py:93} INFO - 26/01/20 04:32:38 INFO Executor: Running task 7.0 in stage 3.0 (TID 36)
[2026-01-20T04:32:38.796+0000] {subprocess.py:93} INFO - 26/01/20 04:32:38 INFO Executor: Running task 6.0 in stage 3.0 (TID 35)
[2026-01-20T04:32:38.797+0000] {subprocess.py:93} INFO - 26/01/20 04:32:38 INFO Executor: Running task 1.0 in stage 3.0 (TID 30)
[2026-01-20T04:32:38.806+0000] {subprocess.py:93} INFO - 26/01/20 04:32:38 INFO BlockManagerInfo: Removed broadcast_5_piece0 on 519d7d29de3d:42359 in memory (size: 7.4 KiB, free: 432.7 MiB)
[2026-01-20T04:32:38.952+0000] {subprocess.py:93} INFO - 26/01/20 04:32:38 INFO CodeGenerator: Code generated in 75.235152 ms
[2026-01-20T04:32:38.961+0000] {subprocess.py:93} INFO - 26/01/20 04:32:38 INFO FileOutputCommitter: File Output Committer Algorithm version is 1
[2026-01-20T04:32:38.963+0000] {subprocess.py:93} INFO - 26/01/20 04:32:38 INFO FileOutputCommitter: File Output Committer Algorithm version is 1
[2026-01-20T04:32:38.964+0000] {subprocess.py:93} INFO - 26/01/20 04:32:38 INFO FileOutputCommitter: File Output Committer Algorithm version is 1
[2026-01-20T04:32:38.965+0000] {subprocess.py:93} INFO - 26/01/20 04:32:38 INFO FileOutputCommitter: File Output Committer Algorithm version is 1
[2026-01-20T04:32:38.965+0000] {subprocess.py:93} INFO - 26/01/20 04:32:38 INFO FileOutputCommitter: FileOutputCommitter skip cleanup _temporary folders under output directory:false, ignore cleanup failures: false
[2026-01-20T04:32:38.967+0000] {subprocess.py:93} INFO - 26/01/20 04:32:38 INFO FileOutputCommitter: FileOutputCommitter skip cleanup _temporary folders under output directory:false, ignore cleanup failures: false
[2026-01-20T04:32:38.968+0000] {subprocess.py:93} INFO - 26/01/20 04:32:38 INFO FileOutputCommitter: FileOutputCommitter skip cleanup _temporary folders under output directory:false, ignore cleanup failures: false
[2026-01-20T04:32:38.968+0000] {subprocess.py:93} INFO - 26/01/20 04:32:38 INFO FileOutputCommitter: FileOutputCommitter skip cleanup _temporary folders under output directory:false, ignore cleanup failures: false
[2026-01-20T04:32:38.969+0000] {subprocess.py:93} INFO - 26/01/20 04:32:38 INFO FileOutputCommitter: File Output Committer Algorithm version is 1
[2026-01-20T04:32:38.970+0000] {subprocess.py:93} INFO - 26/01/20 04:32:38 INFO FileOutputCommitter: FileOutputCommitter skip cleanup _temporary folders under output directory:false, ignore cleanup failures: false
[2026-01-20T04:32:38.971+0000] {subprocess.py:93} INFO - 26/01/20 04:32:38 INFO FileOutputCommitter: File Output Committer Algorithm version is 1
[2026-01-20T04:32:38.971+0000] {subprocess.py:93} INFO - 26/01/20 04:32:38 INFO FileOutputCommitter: FileOutputCommitter skip cleanup _temporary folders under output directory:false, ignore cleanup failures: false
[2026-01-20T04:32:38.972+0000] {subprocess.py:93} INFO - 26/01/20 04:32:38 INFO FileOutputCommitter: File Output Committer Algorithm version is 1
[2026-01-20T04:32:38.973+0000] {subprocess.py:93} INFO - 26/01/20 04:32:38 INFO FileOutputCommitter: FileOutputCommitter skip cleanup _temporary folders under output directory:false, ignore cleanup failures: false
[2026-01-20T04:32:38.974+0000] {subprocess.py:93} INFO - 26/01/20 04:32:38 INFO SQLHadoopMapReduceCommitProtocol: Using output committer class org.apache.hadoop.mapreduce.lib.output.FileOutputCommitter
[2026-01-20T04:32:38.975+0000] {subprocess.py:93} INFO - 26/01/20 04:32:38 INFO SQLHadoopMapReduceCommitProtocol: Using output committer class org.apache.hadoop.mapreduce.lib.output.FileOutputCommitter
[2026-01-20T04:32:38.976+0000] {subprocess.py:93} INFO - 26/01/20 04:32:38 INFO SQLHadoopMapReduceCommitProtocol: Using output committer class org.apache.hadoop.mapreduce.lib.output.FileOutputCommitter
[2026-01-20T04:32:38.977+0000] {subprocess.py:93} INFO - 26/01/20 04:32:38 INFO SQLHadoopMapReduceCommitProtocol: Using output committer class org.apache.hadoop.mapreduce.lib.output.FileOutputCommitter
[2026-01-20T04:32:38.979+0000] {subprocess.py:93} INFO - 26/01/20 04:32:38 INFO SQLHadoopMapReduceCommitProtocol: Using output committer class org.apache.hadoop.mapreduce.lib.output.FileOutputCommitter
[2026-01-20T04:32:38.980+0000] {subprocess.py:93} INFO - 26/01/20 04:32:38 INFO FileOutputCommitter: File Output Committer Algorithm version is 1
[2026-01-20T04:32:38.980+0000] {subprocess.py:93} INFO - 26/01/20 04:32:38 INFO FileScanRDD: Reading File path: file:///opt/spark-data/landing/transaction_events_1768879479.1820476.json, range: 25165824-29360128, partition values: [empty row]
[2026-01-20T04:32:38.981+0000] {subprocess.py:93} INFO - 26/01/20 04:32:38 INFO FileOutputCommitter: FileOutputCommitter skip cleanup _temporary folders under output directory:false, ignore cleanup failures: false
[2026-01-20T04:32:38.982+0000] {subprocess.py:93} INFO - 26/01/20 04:32:38 INFO FileScanRDD: Reading File path: file:///opt/spark-data/landing/transaction_events_1768879479.1820476.json, range: 12582912-16777216, partition values: [empty row]
[2026-01-20T04:32:38.983+0000] {subprocess.py:93} INFO - 26/01/20 04:32:38 INFO FileScanRDD: Reading File path: file:///opt/spark-data/landing/transaction_events_1768879479.1820476.json, range: 50331648-51561162, partition values: [empty row]
[2026-01-20T04:32:38.983+0000] {subprocess.py:93} INFO - 26/01/20 04:32:38 INFO FileScanRDD: Reading File path: file:///opt/spark-data/landing/transaction_events_1768879479.1820476.json, range: 8388608-12582912, partition values: [empty row]
[2026-01-20T04:32:38.985+0000] {subprocess.py:93} INFO - 26/01/20 04:32:38 INFO FileOutputCommitter: File Output Committer Algorithm version is 1
[2026-01-20T04:32:38.990+0000] {subprocess.py:93} INFO - 26/01/20 04:32:38 INFO FileOutputCommitter: FileOutputCommitter skip cleanup _temporary folders under output directory:false, ignore cleanup failures: false
[2026-01-20T04:32:38.992+0000] {subprocess.py:93} INFO - 26/01/20 04:32:38 INFO SQLHadoopMapReduceCommitProtocol: Using output committer class org.apache.hadoop.mapreduce.lib.output.FileOutputCommitter
[2026-01-20T04:32:38.993+0000] {subprocess.py:93} INFO - 26/01/20 04:32:38 INFO FileOutputCommitter: File Output Committer Algorithm version is 1
[2026-01-20T04:32:38.994+0000] {subprocess.py:93} INFO - 26/01/20 04:32:38 INFO FileOutputCommitter: File Output Committer Algorithm version is 1
[2026-01-20T04:32:38.994+0000] {subprocess.py:93} INFO - 26/01/20 04:32:38 INFO FileOutputCommitter: FileOutputCommitter skip cleanup _temporary folders under output directory:false, ignore cleanup failures: false
[2026-01-20T04:32:38.995+0000] {subprocess.py:93} INFO - 26/01/20 04:32:38 INFO FileScanRDD: Reading File path: file:///opt/spark-data/landing/transaction_events_1768879479.1820476.json, range: 33554432-37748736, partition values: [empty row]
[2026-01-20T04:32:38.996+0000] {subprocess.py:93} INFO - 26/01/20 04:32:38 INFO FileOutputCommitter: FileOutputCommitter skip cleanup _temporary folders under output directory:false, ignore cleanup failures: false
[2026-01-20T04:32:38.997+0000] {subprocess.py:93} INFO - 26/01/20 04:32:38 INFO SQLHadoopMapReduceCommitProtocol: Using output committer class org.apache.hadoop.mapreduce.lib.output.FileOutputCommitter
[2026-01-20T04:32:38.998+0000] {subprocess.py:93} INFO - 26/01/20 04:32:38 INFO FileOutputCommitter: File Output Committer Algorithm version is 1
[2026-01-20T04:32:38.998+0000] {subprocess.py:93} INFO - 26/01/20 04:32:38 INFO FileScanRDD: Reading File path: file:///opt/spark-data/landing/transaction_events_1768879479.1820476.json, range: 4194304-8388608, partition values: [empty row]
[2026-01-20T04:32:38.999+0000] {subprocess.py:93} INFO - 26/01/20 04:32:38 INFO FileOutputCommitter: FileOutputCommitter skip cleanup _temporary folders under output directory:false, ignore cleanup failures: false
[2026-01-20T04:32:39.000+0000] {subprocess.py:93} INFO - 26/01/20 04:32:38 INFO SQLHadoopMapReduceCommitProtocol: Using output committer class org.apache.hadoop.mapreduce.lib.output.FileOutputCommitter
[2026-01-20T04:32:39.000+0000] {subprocess.py:93} INFO - 26/01/20 04:32:38 INFO FileScanRDD: Reading File path: file:///opt/spark-data/landing/transaction_events_1768879479.1820476.json, range: 16777216-20971520, partition values: [empty row]
[2026-01-20T04:32:39.001+0000] {subprocess.py:93} INFO - 26/01/20 04:32:38 INFO SQLHadoopMapReduceCommitProtocol: Using output committer class org.apache.hadoop.mapreduce.lib.output.FileOutputCommitter
[2026-01-20T04:32:39.002+0000] {subprocess.py:93} INFO - 26/01/20 04:32:38 INFO SQLHadoopMapReduceCommitProtocol: Using output committer class org.apache.hadoop.mapreduce.lib.output.FileOutputCommitter
[2026-01-20T04:32:39.003+0000] {subprocess.py:93} INFO - 26/01/20 04:32:38 INFO SQLHadoopMapReduceCommitProtocol: Using output committer class org.apache.hadoop.mapreduce.lib.output.FileOutputCommitter
[2026-01-20T04:32:39.004+0000] {subprocess.py:93} INFO - 26/01/20 04:32:38 INFO FileScanRDD: Reading File path: file:///opt/spark-data/landing/transaction_events_1768879479.1820476.json, range: 20971520-25165824, partition values: [empty row]
[2026-01-20T04:32:39.004+0000] {subprocess.py:93} INFO - 26/01/20 04:32:38 INFO SQLHadoopMapReduceCommitProtocol: Using output committer class org.apache.hadoop.mapreduce.lib.output.FileOutputCommitter
[2026-01-20T04:32:39.005+0000] {subprocess.py:93} INFO - 26/01/20 04:32:38 INFO FileScanRDD: Reading File path: file:///opt/spark-data/landing/transaction_events_1768879479.1820476.json, range: 41943040-46137344, partition values: [empty row]
[2026-01-20T04:32:39.006+0000] {subprocess.py:93} INFO - 26/01/20 04:32:38 INFO FileScanRDD: Reading File path: file:///opt/spark-data/landing/transaction_events_1768879479.1820476.json, range: 46137344-50331648, partition values: [empty row]
[2026-01-20T04:32:39.007+0000] {subprocess.py:93} INFO - 26/01/20 04:32:38 INFO FileScanRDD: Reading File path: file:///opt/spark-data/landing/transaction_events_1768879479.1820476.json, range: 37748736-41943040, partition values: [empty row]
[2026-01-20T04:32:39.008+0000] {subprocess.py:93} INFO - 26/01/20 04:32:38 INFO FileOutputCommitter: File Output Committer Algorithm version is 1
[2026-01-20T04:32:39.009+0000] {subprocess.py:93} INFO - 26/01/20 04:32:38 INFO FileOutputCommitter: FileOutputCommitter skip cleanup _temporary folders under output directory:false, ignore cleanup failures: false
[2026-01-20T04:32:39.010+0000] {subprocess.py:93} INFO - 26/01/20 04:32:38 INFO SQLHadoopMapReduceCommitProtocol: Using output committer class org.apache.hadoop.mapreduce.lib.output.FileOutputCommitter
[2026-01-20T04:32:39.011+0000] {subprocess.py:93} INFO - 26/01/20 04:32:38 INFO FileScanRDD: Reading File path: file:///opt/spark-data/landing/transaction_events_1768879479.1820476.json, range: 29360128-33554432, partition values: [empty row]
[2026-01-20T04:32:39.012+0000] {subprocess.py:93} INFO - 26/01/20 04:32:39 INFO CodeGenerator: Code generated in 32.520016 ms
[2026-01-20T04:32:39.021+0000] {subprocess.py:93} INFO - 26/01/20 04:32:39 INFO CodeGenerator: Code generated in 6.054508 ms
[2026-01-20T04:32:39.203+0000] {subprocess.py:93} INFO - 26/01/20 04:32:39 INFO FileScanRDD: Reading File path: file:///opt/spark-data/landing/transaction_events_1768879479.1820476.json, range: 0-4194304, partition values: [empty row]
[2026-01-20T04:32:39.645+0000] {subprocess.py:93} INFO - 26/01/20 04:32:39 INFO FileOutputCommitter: Saved output of task 'attempt_202601200432382830571590725858018_0003_m_000012_41' to file:/opt/spark-data/gold/advertising/_temporary/0/task_202601200432382830571590725858018_0003_m_000012
[2026-01-20T04:32:39.651+0000] {subprocess.py:93} INFO - 26/01/20 04:32:39 INFO SparkHadoopMapRedUtil: attempt_202601200432382830571590725858018_0003_m_000012_41: Committed. Elapsed time: 73 ms.
[2026-01-20T04:32:39.672+0000] {subprocess.py:93} INFO - 26/01/20 04:32:39 INFO Executor: Finished task 12.0 in stage 3.0 (TID 41). 2936 bytes result sent to driver
[2026-01-20T04:32:39.675+0000] {subprocess.py:93} INFO - 26/01/20 04:32:39 INFO TaskSetManager: Finished task 12.0 in stage 3.0 (TID 41) in 896 ms on 519d7d29de3d (executor driver) (1/13)
[2026-01-20T04:32:39.917+0000] {subprocess.py:93} INFO - 26/01/20 04:32:39 INFO FileOutputCommitter: Saved output of task 'attempt_202601200432382830571590725858018_0003_m_000009_38' to file:/opt/spark-data/gold/advertising/_temporary/0/task_202601200432382830571590725858018_0003_m_000009
[2026-01-20T04:32:39.919+0000] {subprocess.py:93} INFO - 26/01/20 04:32:39 INFO SparkHadoopMapRedUtil: attempt_202601200432382830571590725858018_0003_m_000009_38: Committed. Elapsed time: 39 ms.
[2026-01-20T04:32:39.922+0000] {subprocess.py:93} INFO - 26/01/20 04:32:39 INFO Executor: Finished task 9.0 in stage 3.0 (TID 38). 2893 bytes result sent to driver
[2026-01-20T04:32:39.924+0000] {subprocess.py:93} INFO - 26/01/20 04:32:39 INFO FileOutputCommitter: Saved output of task 'attempt_202601200432382830571590725858018_0003_m_000011_40' to file:/opt/spark-data/gold/advertising/_temporary/0/task_202601200432382830571590725858018_0003_m_000011
[2026-01-20T04:32:39.925+0000] {subprocess.py:93} INFO - 26/01/20 04:32:39 INFO SparkHadoopMapRedUtil: attempt_202601200432382830571590725858018_0003_m_000011_40: Committed. Elapsed time: 47 ms.
[2026-01-20T04:32:39.925+0000] {subprocess.py:93} INFO - 26/01/20 04:32:39 INFO TaskSetManager: Finished task 9.0 in stage 3.0 (TID 38) in 1144 ms on 519d7d29de3d (executor driver) (2/13)
[2026-01-20T04:32:39.927+0000] {subprocess.py:93} INFO - 26/01/20 04:32:39 INFO Executor: Finished task 11.0 in stage 3.0 (TID 40). 2893 bytes result sent to driver
[2026-01-20T04:32:39.928+0000] {subprocess.py:93} INFO - 26/01/20 04:32:39 INFO TaskSetManager: Finished task 11.0 in stage 3.0 (TID 40) in 1150 ms on 519d7d29de3d (executor driver) (3/13)
[2026-01-20T04:32:39.929+0000] {subprocess.py:93} INFO - 26/01/20 04:32:39 INFO FileOutputCommitter: Saved output of task 'attempt_202601200432382830571590725858018_0003_m_000006_35' to file:/opt/spark-data/gold/advertising/_temporary/0/task_202601200432382830571590725858018_0003_m_000006
[2026-01-20T04:32:39.930+0000] {subprocess.py:93} INFO - 26/01/20 04:32:39 INFO SparkHadoopMapRedUtil: attempt_202601200432382830571590725858018_0003_m_000006_35: Committed. Elapsed time: 45 ms.
[2026-01-20T04:32:39.931+0000] {subprocess.py:93} INFO - 26/01/20 04:32:39 INFO Executor: Finished task 6.0 in stage 3.0 (TID 35). 2893 bytes result sent to driver
[2026-01-20T04:32:39.932+0000] {subprocess.py:93} INFO - 26/01/20 04:32:39 INFO TaskSetManager: Finished task 6.0 in stage 3.0 (TID 35) in 1153 ms on 519d7d29de3d (executor driver) (4/13)
[2026-01-20T04:32:39.935+0000] {subprocess.py:93} INFO - 26/01/20 04:32:39 INFO FileOutputCommitter: Saved output of task 'attempt_202601200432382830571590725858018_0003_m_000010_39' to file:/opt/spark-data/gold/advertising/_temporary/0/task_202601200432382830571590725858018_0003_m_000010
[2026-01-20T04:32:39.936+0000] {subprocess.py:93} INFO - 26/01/20 04:32:39 INFO SparkHadoopMapRedUtil: attempt_202601200432382830571590725858018_0003_m_000010_39: Committed. Elapsed time: 47 ms.
[2026-01-20T04:32:39.936+0000] {subprocess.py:93} INFO - 26/01/20 04:32:39 INFO Executor: Finished task 10.0 in stage 3.0 (TID 39). 2893 bytes result sent to driver
[2026-01-20T04:32:39.938+0000] {subprocess.py:93} INFO - 26/01/20 04:32:39 INFO TaskSetManager: Finished task 10.0 in stage 3.0 (TID 39) in 1160 ms on 519d7d29de3d (executor driver) (5/13)
[2026-01-20T04:32:39.941+0000] {subprocess.py:93} INFO - 26/01/20 04:32:39 INFO FileOutputCommitter: Saved output of task 'attempt_202601200432382830571590725858018_0003_m_000001_30' to file:/opt/spark-data/gold/advertising/_temporary/0/task_202601200432382830571590725858018_0003_m_000001
[2026-01-20T04:32:39.941+0000] {subprocess.py:93} INFO - 26/01/20 04:32:39 INFO SparkHadoopMapRedUtil: attempt_202601200432382830571590725858018_0003_m_000001_30: Committed. Elapsed time: 50 ms.
[2026-01-20T04:32:39.942+0000] {subprocess.py:93} INFO - 26/01/20 04:32:39 INFO Executor: Finished task 1.0 in stage 3.0 (TID 30). 2893 bytes result sent to driver
[2026-01-20T04:32:39.943+0000] {subprocess.py:93} INFO - 26/01/20 04:32:39 INFO TaskSetManager: Finished task 1.0 in stage 3.0 (TID 30) in 1169 ms on 519d7d29de3d (executor driver) (6/13)
[2026-01-20T04:32:39.946+0000] {subprocess.py:93} INFO - 26/01/20 04:32:39 INFO FileOutputCommitter: Saved output of task 'attempt_202601200432382830571590725858018_0003_m_000003_32' to file:/opt/spark-data/gold/advertising/_temporary/0/task_202601200432382830571590725858018_0003_m_000003
[2026-01-20T04:32:39.947+0000] {subprocess.py:93} INFO - 26/01/20 04:32:39 INFO SparkHadoopMapRedUtil: attempt_202601200432382830571590725858018_0003_m_000003_32: Committed. Elapsed time: 58 ms.
[2026-01-20T04:32:39.948+0000] {subprocess.py:93} INFO - 26/01/20 04:32:39 INFO Executor: Finished task 3.0 in stage 3.0 (TID 32). 2893 bytes result sent to driver
[2026-01-20T04:32:39.949+0000] {subprocess.py:93} INFO - 26/01/20 04:32:39 INFO TaskSetManager: Finished task 3.0 in stage 3.0 (TID 32) in 1174 ms on 519d7d29de3d (executor driver) (7/13)
[2026-01-20T04:32:39.952+0000] {subprocess.py:93} INFO - 26/01/20 04:32:39 INFO FileOutputCommitter: Saved output of task 'attempt_202601200432382830571590725858018_0003_m_000008_37' to file:/opt/spark-data/gold/advertising/_temporary/0/task_202601200432382830571590725858018_0003_m_000008
[2026-01-20T04:32:39.952+0000] {subprocess.py:93} INFO - 26/01/20 04:32:39 INFO SparkHadoopMapRedUtil: attempt_202601200432382830571590725858018_0003_m_000008_37: Committed. Elapsed time: 60 ms.
[2026-01-20T04:32:39.953+0000] {subprocess.py:93} INFO - 26/01/20 04:32:39 INFO Executor: Finished task 8.0 in stage 3.0 (TID 37). 2893 bytes result sent to driver
[2026-01-20T04:32:39.955+0000] {subprocess.py:93} INFO - 26/01/20 04:32:39 INFO TaskSetManager: Finished task 8.0 in stage 3.0 (TID 37) in 1178 ms on 519d7d29de3d (executor driver) (8/13)
[2026-01-20T04:32:39.957+0000] {subprocess.py:93} INFO - 26/01/20 04:32:39 INFO FileOutputCommitter: Saved output of task 'attempt_202601200432382830571590725858018_0003_m_000005_34' to file:/opt/spark-data/gold/advertising/_temporary/0/task_202601200432382830571590725858018_0003_m_000005
[2026-01-20T04:32:39.958+0000] {subprocess.py:93} INFO - 26/01/20 04:32:39 INFO SparkHadoopMapRedUtil: attempt_202601200432382830571590725858018_0003_m_000005_34: Committed. Elapsed time: 65 ms.
[2026-01-20T04:32:39.959+0000] {subprocess.py:93} INFO - 26/01/20 04:32:39 INFO Executor: Finished task 5.0 in stage 3.0 (TID 34). 2893 bytes result sent to driver
[2026-01-20T04:32:39.960+0000] {subprocess.py:93} INFO - 26/01/20 04:32:39 INFO TaskSetManager: Finished task 5.0 in stage 3.0 (TID 34) in 1184 ms on 519d7d29de3d (executor driver) (9/13)
[2026-01-20T04:32:39.963+0000] {subprocess.py:93} INFO - 26/01/20 04:32:39 INFO FileOutputCommitter: Saved output of task 'attempt_202601200432382830571590725858018_0003_m_000004_33' to file:/opt/spark-data/gold/advertising/_temporary/0/task_202601200432382830571590725858018_0003_m_000004
[2026-01-20T04:32:39.963+0000] {subprocess.py:93} INFO - 26/01/20 04:32:39 INFO SparkHadoopMapRedUtil: attempt_202601200432382830571590725858018_0003_m_000004_33: Committed. Elapsed time: 68 ms.
[2026-01-20T04:32:39.964+0000] {subprocess.py:93} INFO - 26/01/20 04:32:39 INFO Executor: Finished task 4.0 in stage 3.0 (TID 33). 2893 bytes result sent to driver
[2026-01-20T04:32:39.965+0000] {subprocess.py:93} INFO - 26/01/20 04:32:39 INFO TaskSetManager: Finished task 4.0 in stage 3.0 (TID 33) in 1189 ms on 519d7d29de3d (executor driver) (10/13)
[2026-01-20T04:32:39.968+0000] {subprocess.py:93} INFO - 26/01/20 04:32:39 INFO FileOutputCommitter: Saved output of task 'attempt_202601200432382830571590725858018_0003_m_000000_29' to file:/opt/spark-data/gold/advertising/_temporary/0/task_202601200432382830571590725858018_0003_m_000000
[2026-01-20T04:32:39.968+0000] {subprocess.py:93} INFO - 26/01/20 04:32:39 INFO SparkHadoopMapRedUtil: attempt_202601200432382830571590725858018_0003_m_000000_29: Committed. Elapsed time: 71 ms.
[2026-01-20T04:32:39.969+0000] {subprocess.py:93} INFO - 26/01/20 04:32:39 INFO Executor: Finished task 0.0 in stage 3.0 (TID 29). 2893 bytes result sent to driver
[2026-01-20T04:32:39.970+0000] {subprocess.py:93} INFO - 26/01/20 04:32:39 INFO TaskSetManager: Finished task 0.0 in stage 3.0 (TID 29) in 1196 ms on 519d7d29de3d (executor driver) (11/13)
[2026-01-20T04:32:39.972+0000] {subprocess.py:93} INFO - 26/01/20 04:32:39 INFO FileOutputCommitter: Saved output of task 'attempt_202601200432382830571590725858018_0003_m_000002_31' to file:/opt/spark-data/gold/advertising/_temporary/0/task_202601200432382830571590725858018_0003_m_000002
[2026-01-20T04:32:39.973+0000] {subprocess.py:93} INFO - 26/01/20 04:32:39 INFO SparkHadoopMapRedUtil: attempt_202601200432382830571590725858018_0003_m_000002_31: Committed. Elapsed time: 73 ms.
[2026-01-20T04:32:39.974+0000] {subprocess.py:93} INFO - 26/01/20 04:32:39 INFO Executor: Finished task 2.0 in stage 3.0 (TID 31). 2893 bytes result sent to driver
[2026-01-20T04:32:39.976+0000] {subprocess.py:93} INFO - 26/01/20 04:32:39 INFO TaskSetManager: Finished task 2.0 in stage 3.0 (TID 31) in 1201 ms on 519d7d29de3d (executor driver) (12/13)
[2026-01-20T04:32:39.979+0000] {subprocess.py:93} INFO - 26/01/20 04:32:39 INFO FileOutputCommitter: Saved output of task 'attempt_202601200432382830571590725858018_0003_m_000007_36' to file:/opt/spark-data/gold/advertising/_temporary/0/task_202601200432382830571590725858018_0003_m_000007
[2026-01-20T04:32:39.979+0000] {subprocess.py:93} INFO - 26/01/20 04:32:39 INFO SparkHadoopMapRedUtil: attempt_202601200432382830571590725858018_0003_m_000007_36: Committed. Elapsed time: 79 ms.
[2026-01-20T04:32:39.980+0000] {subprocess.py:93} INFO - 26/01/20 04:32:39 INFO Executor: Finished task 7.0 in stage 3.0 (TID 36). 2893 bytes result sent to driver
[2026-01-20T04:32:39.981+0000] {subprocess.py:93} INFO - 26/01/20 04:32:39 INFO TaskSetManager: Finished task 7.0 in stage 3.0 (TID 36) in 1204 ms on 519d7d29de3d (executor driver) (13/13)
[2026-01-20T04:32:39.982+0000] {subprocess.py:93} INFO - 26/01/20 04:32:39 INFO TaskSchedulerImpl: Removed TaskSet 3.0, whose tasks have all completed, from pool
[2026-01-20T04:32:39.983+0000] {subprocess.py:93} INFO - 26/01/20 04:32:39 INFO DAGScheduler: ResultStage 3 (csv at NativeMethodAccessorImpl.java:0) finished in 1.248 s
[2026-01-20T04:32:39.983+0000] {subprocess.py:93} INFO - 26/01/20 04:32:39 INFO DAGScheduler: Job 3 is finished. Cancelling potential speculative or zombie tasks for this job
[2026-01-20T04:32:39.984+0000] {subprocess.py:93} INFO - 26/01/20 04:32:39 INFO TaskSchedulerImpl: Killing all running tasks in stage 3: Stage finished
[2026-01-20T04:32:39.984+0000] {subprocess.py:93} INFO - 26/01/20 04:32:39 INFO DAGScheduler: Job 3 finished: csv at NativeMethodAccessorImpl.java:0, took 1.251788 s
[2026-01-20T04:32:39.986+0000] {subprocess.py:93} INFO - 26/01/20 04:32:39 INFO FileFormatWriter: Start to commit write Job 24e35275-2e83-4ed3-b4c8-de449cb6d99d.
[2026-01-20T04:32:41.392+0000] {subprocess.py:93} INFO - 26/01/20 04:32:41 INFO FileFormatWriter: Write Job 24e35275-2e83-4ed3-b4c8-de449cb6d99d committed. Elapsed time: 1405 ms.
[2026-01-20T04:32:41.394+0000] {subprocess.py:93} INFO - 26/01/20 04:32:41 INFO FileFormatWriter: Finished processing stats for write job 24e35275-2e83-4ed3-b4c8-de449cb6d99d.
[2026-01-20T04:32:41.614+0000] {subprocess.py:93} INFO - 26/01/20 04:32:41 INFO FileSourceStrategy: Pushed Filters:
[2026-01-20T04:32:41.615+0000] {subprocess.py:93} INFO - 26/01/20 04:32:41 INFO FileSourceStrategy: Post-Scan Filters:
[2026-01-20T04:32:41.674+0000] {subprocess.py:93} INFO - 26/01/20 04:32:41 INFO CodeGenerator: Code generated in 10.889843 ms
[2026-01-20T04:32:41.678+0000] {subprocess.py:93} INFO - 26/01/20 04:32:41 INFO MemoryStore: Block broadcast_9 stored as values in memory (estimated size 199.1 KiB, free 422.6 MiB)
[2026-01-20T04:32:41.687+0000] {subprocess.py:93} INFO - 26/01/20 04:32:41 INFO MemoryStore: Block broadcast_9_piece0 stored as bytes in memory (estimated size 34.2 KiB, free 422.6 MiB)
[2026-01-20T04:32:41.688+0000] {subprocess.py:93} INFO - 26/01/20 04:32:41 INFO BlockManagerInfo: Added broadcast_9_piece0 in memory on 519d7d29de3d:42359 (size: 34.2 KiB, free: 432.6 MiB)
[2026-01-20T04:32:41.690+0000] {subprocess.py:93} INFO - 26/01/20 04:32:41 INFO SparkContext: Created broadcast 9 from csv at NativeMethodAccessorImpl.java:0
[2026-01-20T04:32:41.691+0000] {subprocess.py:93} INFO - 26/01/20 04:32:41 INFO FileSourceScanExec: Planning scan with bin packing, max size: 4194304 bytes, open cost is considered as scanning 4194304 bytes.
[2026-01-20T04:32:41.720+0000] {subprocess.py:93} INFO - 26/01/20 04:32:41 INFO DAGScheduler: Registering RDD 19 (csv at NativeMethodAccessorImpl.java:0) as input to shuffle 0
[2026-01-20T04:32:41.725+0000] {subprocess.py:93} INFO - 26/01/20 04:32:41 INFO DAGScheduler: Got map stage job 4 (csv at NativeMethodAccessorImpl.java:0) with 13 output partitions
[2026-01-20T04:32:41.726+0000] {subprocess.py:93} INFO - 26/01/20 04:32:41 INFO DAGScheduler: Final stage: ShuffleMapStage 4 (csv at NativeMethodAccessorImpl.java:0)
[2026-01-20T04:32:41.727+0000] {subprocess.py:93} INFO - 26/01/20 04:32:41 INFO DAGScheduler: Parents of final stage: List()
[2026-01-20T04:32:41.728+0000] {subprocess.py:93} INFO - 26/01/20 04:32:41 INFO DAGScheduler: Missing parents: List()
[2026-01-20T04:32:41.728+0000] {subprocess.py:93} INFO - 26/01/20 04:32:41 INFO DAGScheduler: Submitting ShuffleMapStage 4 (MapPartitionsRDD[19] at csv at NativeMethodAccessorImpl.java:0), which has no missing parents
[2026-01-20T04:32:41.752+0000] {subprocess.py:93} INFO - 26/01/20 04:32:41 INFO MemoryStore: Block broadcast_10 stored as values in memory (estimated size 18.5 KiB, free 422.6 MiB)
[2026-01-20T04:32:41.755+0000] {subprocess.py:93} INFO - 26/01/20 04:32:41 INFO MemoryStore: Block broadcast_10_piece0 stored as bytes in memory (estimated size 8.8 KiB, free 422.6 MiB)
[2026-01-20T04:32:41.756+0000] {subprocess.py:93} INFO - 26/01/20 04:32:41 INFO BlockManagerInfo: Added broadcast_10_piece0 in memory on 519d7d29de3d:42359 (size: 8.8 KiB, free: 432.6 MiB)
[2026-01-20T04:32:41.757+0000] {subprocess.py:93} INFO - 26/01/20 04:32:41 INFO SparkContext: Created broadcast 10 from broadcast at DAGScheduler.scala:1580
[2026-01-20T04:32:41.758+0000] {subprocess.py:93} INFO - 26/01/20 04:32:41 INFO DAGScheduler: Submitting 13 missing tasks from ShuffleMapStage 4 (MapPartitionsRDD[19] at csv at NativeMethodAccessorImpl.java:0) (first 15 tasks are for partitions Vector(0, 1, 2, 3, 4, 5, 6, 7, 8, 9, 10, 11, 12))
[2026-01-20T04:32:41.759+0000] {subprocess.py:93} INFO - 26/01/20 04:32:41 INFO TaskSchedulerImpl: Adding task set 4.0 with 13 tasks resource profile 0
[2026-01-20T04:32:41.761+0000] {subprocess.py:93} INFO - 26/01/20 04:32:41 INFO TaskSetManager: Starting task 0.0 in stage 4.0 (TID 42) (519d7d29de3d, executor driver, partition 0, PROCESS_LOCAL, 8240 bytes)
[2026-01-20T04:32:41.761+0000] {subprocess.py:93} INFO - 26/01/20 04:32:41 INFO TaskSetManager: Starting task 1.0 in stage 4.0 (TID 43) (519d7d29de3d, executor driver, partition 1, PROCESS_LOCAL, 8240 bytes)
[2026-01-20T04:32:41.762+0000] {subprocess.py:93} INFO - 26/01/20 04:32:41 INFO TaskSetManager: Starting task 2.0 in stage 4.0 (TID 44) (519d7d29de3d, executor driver, partition 2, PROCESS_LOCAL, 8240 bytes)
[2026-01-20T04:32:41.763+0000] {subprocess.py:93} INFO - 26/01/20 04:32:41 INFO TaskSetManager: Starting task 3.0 in stage 4.0 (TID 45) (519d7d29de3d, executor driver, partition 3, PROCESS_LOCAL, 8240 bytes)
[2026-01-20T04:32:41.764+0000] {subprocess.py:93} INFO - 26/01/20 04:32:41 INFO TaskSetManager: Starting task 4.0 in stage 4.0 (TID 46) (519d7d29de3d, executor driver, partition 4, PROCESS_LOCAL, 8240 bytes)
[2026-01-20T04:32:41.765+0000] {subprocess.py:93} INFO - 26/01/20 04:32:41 INFO TaskSetManager: Starting task 5.0 in stage 4.0 (TID 47) (519d7d29de3d, executor driver, partition 5, PROCESS_LOCAL, 8240 bytes)
[2026-01-20T04:32:41.765+0000] {subprocess.py:93} INFO - 26/01/20 04:32:41 INFO TaskSetManager: Starting task 6.0 in stage 4.0 (TID 48) (519d7d29de3d, executor driver, partition 6, PROCESS_LOCAL, 8240 bytes)
[2026-01-20T04:32:41.766+0000] {subprocess.py:93} INFO - 26/01/20 04:32:41 INFO TaskSetManager: Starting task 7.0 in stage 4.0 (TID 49) (519d7d29de3d, executor driver, partition 7, PROCESS_LOCAL, 8240 bytes)
[2026-01-20T04:32:41.767+0000] {subprocess.py:93} INFO - 26/01/20 04:32:41 INFO TaskSetManager: Starting task 8.0 in stage 4.0 (TID 50) (519d7d29de3d, executor driver, partition 8, PROCESS_LOCAL, 8240 bytes)
[2026-01-20T04:32:41.767+0000] {subprocess.py:93} INFO - 26/01/20 04:32:41 INFO TaskSetManager: Starting task 9.0 in stage 4.0 (TID 51) (519d7d29de3d, executor driver, partition 9, PROCESS_LOCAL, 8240 bytes)
[2026-01-20T04:32:41.768+0000] {subprocess.py:93} INFO - 26/01/20 04:32:41 INFO TaskSetManager: Starting task 10.0 in stage 4.0 (TID 52) (519d7d29de3d, executor driver, partition 10, PROCESS_LOCAL, 8240 bytes)
[2026-01-20T04:32:41.769+0000] {subprocess.py:93} INFO - 26/01/20 04:32:41 INFO TaskSetManager: Starting task 11.0 in stage 4.0 (TID 53) (519d7d29de3d, executor driver, partition 11, PROCESS_LOCAL, 8240 bytes)
[2026-01-20T04:32:41.770+0000] {subprocess.py:93} INFO - 26/01/20 04:32:41 INFO TaskSetManager: Starting task 12.0 in stage 4.0 (TID 54) (519d7d29de3d, executor driver, partition 12, PROCESS_LOCAL, 8240 bytes)
[2026-01-20T04:32:41.771+0000] {subprocess.py:93} INFO - 26/01/20 04:32:41 INFO Executor: Running task 0.0 in stage 4.0 (TID 42)
[2026-01-20T04:32:41.773+0000] {subprocess.py:93} INFO - 26/01/20 04:32:41 INFO Executor: Running task 1.0 in stage 4.0 (TID 43)
[2026-01-20T04:32:41.774+0000] {subprocess.py:93} INFO - 26/01/20 04:32:41 INFO Executor: Running task 2.0 in stage 4.0 (TID 44)
[2026-01-20T04:32:41.775+0000] {subprocess.py:93} INFO - 26/01/20 04:32:41 INFO Executor: Running task 5.0 in stage 4.0 (TID 47)
[2026-01-20T04:32:41.775+0000] {subprocess.py:93} INFO - 26/01/20 04:32:41 INFO Executor: Running task 4.0 in stage 4.0 (TID 46)
[2026-01-20T04:32:41.776+0000] {subprocess.py:93} INFO - 26/01/20 04:32:41 INFO Executor: Running task 3.0 in stage 4.0 (TID 45)
[2026-01-20T04:32:41.777+0000] {subprocess.py:93} INFO - 26/01/20 04:32:41 INFO Executor: Running task 8.0 in stage 4.0 (TID 50)
[2026-01-20T04:32:41.778+0000] {subprocess.py:93} INFO - 26/01/20 04:32:41 INFO Executor: Running task 6.0 in stage 4.0 (TID 48)
[2026-01-20T04:32:41.779+0000] {subprocess.py:93} INFO - 26/01/20 04:32:41 INFO Executor: Running task 7.0 in stage 4.0 (TID 49)
[2026-01-20T04:32:41.780+0000] {subprocess.py:93} INFO - 26/01/20 04:32:41 INFO Executor: Running task 10.0 in stage 4.0 (TID 52)
[2026-01-20T04:32:41.780+0000] {subprocess.py:93} INFO - 26/01/20 04:32:41 INFO Executor: Running task 11.0 in stage 4.0 (TID 53)
[2026-01-20T04:32:41.781+0000] {subprocess.py:93} INFO - 26/01/20 04:32:41 INFO Executor: Running task 9.0 in stage 4.0 (TID 51)
[2026-01-20T04:32:41.782+0000] {subprocess.py:93} INFO - 26/01/20 04:32:41 INFO Executor: Running task 12.0 in stage 4.0 (TID 54)
[2026-01-20T04:32:41.799+0000] {subprocess.py:93} INFO - 26/01/20 04:32:41 INFO CodeGenerator: Code generated in 12.851332 ms
[2026-01-20T04:32:41.822+0000] {subprocess.py:93} INFO - 26/01/20 04:32:41 INFO CodeGenerator: Code generated in 13.038099 ms
[2026-01-20T04:32:41.838+0000] {subprocess.py:93} INFO - 26/01/20 04:32:41 INFO FileScanRDD: Reading File path: file:///opt/spark-data/landing/transaction_events_1768879479.1820476.json, range: 46137344-50331648, partition values: [empty row]
[2026-01-20T04:32:41.839+0000] {subprocess.py:93} INFO - 26/01/20 04:32:41 INFO FileScanRDD: Reading File path: file:///opt/spark-data/landing/transaction_events_1768879479.1820476.json, range: 50331648-51561162, partition values: [empty row]
[2026-01-20T04:32:41.841+0000] {subprocess.py:93} INFO - 26/01/20 04:32:41 INFO FileScanRDD: Reading File path: file:///opt/spark-data/landing/transaction_events_1768879479.1820476.json, range: 8388608-12582912, partition values: [empty row]
[2026-01-20T04:32:41.842+0000] {subprocess.py:93} INFO - 26/01/20 04:32:41 INFO FileScanRDD: Reading File path: file:///opt/spark-data/landing/transaction_events_1768879479.1820476.json, range: 37748736-41943040, partition values: [empty row]
[2026-01-20T04:32:41.843+0000] {subprocess.py:93} INFO - 26/01/20 04:32:41 INFO FileScanRDD: Reading File path: file:///opt/spark-data/landing/transaction_events_1768879479.1820476.json, range: 4194304-8388608, partition values: [empty row]
[2026-01-20T04:32:41.844+0000] {subprocess.py:93} INFO - 26/01/20 04:32:41 INFO FileScanRDD: Reading File path: file:///opt/spark-data/landing/transaction_events_1768879479.1820476.json, range: 16777216-20971520, partition values: [empty row]
[2026-01-20T04:32:41.845+0000] {subprocess.py:93} INFO - 26/01/20 04:32:41 INFO FileScanRDD: Reading File path: file:///opt/spark-data/landing/transaction_events_1768879479.1820476.json, range: 33554432-37748736, partition values: [empty row]
[2026-01-20T04:32:41.846+0000] {subprocess.py:93} INFO - 26/01/20 04:32:41 INFO FileScanRDD: Reading File path: file:///opt/spark-data/landing/transaction_events_1768879479.1820476.json, range: 0-4194304, partition values: [empty row]
[2026-01-20T04:32:41.847+0000] {subprocess.py:93} INFO - 26/01/20 04:32:41 INFO FileScanRDD: Reading File path: file:///opt/spark-data/landing/transaction_events_1768879479.1820476.json, range: 12582912-16777216, partition values: [empty row]
[2026-01-20T04:32:41.848+0000] {subprocess.py:93} INFO - 26/01/20 04:32:41 INFO FileScanRDD: Reading File path: file:///opt/spark-data/landing/transaction_events_1768879479.1820476.json, range: 29360128-33554432, partition values: [empty row]
[2026-01-20T04:32:41.849+0000] {subprocess.py:93} INFO - 26/01/20 04:32:41 INFO FileScanRDD: Reading File path: file:///opt/spark-data/landing/transaction_events_1768879479.1820476.json, range: 20971520-25165824, partition values: [empty row]
[2026-01-20T04:32:41.850+0000] {subprocess.py:93} INFO - 26/01/20 04:32:41 INFO FileScanRDD: Reading File path: file:///opt/spark-data/landing/transaction_events_1768879479.1820476.json, range: 25165824-29360128, partition values: [empty row]
[2026-01-20T04:32:41.851+0000] {subprocess.py:93} INFO - 26/01/20 04:32:41 INFO FileScanRDD: Reading File path: file:///opt/spark-data/landing/transaction_events_1768879479.1820476.json, range: 41943040-46137344, partition values: [empty row]
[2026-01-20T04:32:41.856+0000] {subprocess.py:93} INFO - 26/01/20 04:32:41 INFO CodeGenerator: Code generated in 14.531934 ms
[2026-01-20T04:32:42.329+0000] {subprocess.py:93} INFO - 26/01/20 04:32:42 INFO BlockManagerInfo: Removed broadcast_0_piece0 on 519d7d29de3d:42359 in memory (size: 34.2 KiB, free: 432.7 MiB)
[2026-01-20T04:32:42.366+0000] {subprocess.py:93} INFO - 26/01/20 04:32:42 INFO BlockManagerInfo: Removed broadcast_8_piece0 on 519d7d29de3d:42359 in memory (size: 82.8 KiB, free: 432.7 MiB)
[2026-01-20T04:32:42.371+0000] {subprocess.py:93} INFO - 26/01/20 04:32:42 INFO BlockManagerInfo: Removed broadcast_6_piece0 on 519d7d29de3d:42359 in memory (size: 1578.1 KiB, free: 434.3 MiB)
[2026-01-20T04:32:42.378+0000] {subprocess.py:93} INFO - 26/01/20 04:32:42 INFO BlockManagerInfo: Removed broadcast_7_piece0 on 519d7d29de3d:42359 in memory (size: 34.2 KiB, free: 434.3 MiB)
[2026-01-20T04:32:42.388+0000] {subprocess.py:93} INFO - 26/01/20 04:32:42 INFO BlockManagerInfo: Removed broadcast_4_piece0 on 519d7d29de3d:42359 in memory (size: 34.2 KiB, free: 434.4 MiB)
[2026-01-20T04:32:42.404+0000] {subprocess.py:93} INFO - 26/01/20 04:32:42 INFO BlockManagerInfo: Removed broadcast_1_piece0 on 519d7d29de3d:42359 in memory (size: 7.5 KiB, free: 434.4 MiB)
[2026-01-20T04:32:42.517+0000] {subprocess.py:93} INFO - 26/01/20 04:32:42 INFO Executor: Finished task 12.0 in stage 4.0 (TID 54). 2075 bytes result sent to driver
[2026-01-20T04:32:42.520+0000] {subprocess.py:93} INFO - 26/01/20 04:32:42 INFO TaskSetManager: Finished task 12.0 in stage 4.0 (TID 54) in 752 ms on 519d7d29de3d (executor driver) (1/13)
[2026-01-20T04:32:42.786+0000] {subprocess.py:93} INFO - 26/01/20 04:32:42 INFO Executor: Finished task 1.0 in stage 4.0 (TID 43). 2032 bytes result sent to driver
[2026-01-20T04:32:42.790+0000] {subprocess.py:93} INFO - 26/01/20 04:32:42 INFO TaskSetManager: Finished task 1.0 in stage 4.0 (TID 43) in 1029 ms on 519d7d29de3d (executor driver) (2/13)
[2026-01-20T04:32:42.795+0000] {subprocess.py:93} INFO - 26/01/20 04:32:42 INFO Executor: Finished task 11.0 in stage 4.0 (TID 53). 2032 bytes result sent to driver
[2026-01-20T04:32:42.796+0000] {subprocess.py:93} INFO - 26/01/20 04:32:42 INFO Executor: Finished task 5.0 in stage 4.0 (TID 47). 2032 bytes result sent to driver
[2026-01-20T04:32:42.797+0000] {subprocess.py:93} INFO - 26/01/20 04:32:42 INFO TaskSetManager: Finished task 5.0 in stage 4.0 (TID 47) in 1032 ms on 519d7d29de3d (executor driver) (3/13)
[2026-01-20T04:32:42.798+0000] {subprocess.py:93} INFO - 26/01/20 04:32:42 INFO TaskSetManager: Finished task 11.0 in stage 4.0 (TID 53) in 1031 ms on 519d7d29de3d (executor driver) (4/13)
[2026-01-20T04:32:42.807+0000] {subprocess.py:93} INFO - 26/01/20 04:32:42 INFO Executor: Finished task 2.0 in stage 4.0 (TID 44). 2032 bytes result sent to driver
[2026-01-20T04:32:42.808+0000] {subprocess.py:93} INFO - 26/01/20 04:32:42 INFO Executor: Finished task 0.0 in stage 4.0 (TID 42). 2032 bytes result sent to driver
[2026-01-20T04:32:42.809+0000] {subprocess.py:93} INFO - 26/01/20 04:32:42 INFO Executor: Finished task 6.0 in stage 4.0 (TID 48). 2032 bytes result sent to driver
[2026-01-20T04:32:42.810+0000] {subprocess.py:93} INFO - 26/01/20 04:32:42 INFO TaskSetManager: Finished task 2.0 in stage 4.0 (TID 44) in 1047 ms on 519d7d29de3d (executor driver) (5/13)
[2026-01-20T04:32:42.811+0000] {subprocess.py:93} INFO - 26/01/20 04:32:42 INFO TaskSetManager: Finished task 0.0 in stage 4.0 (TID 42) in 1050 ms on 519d7d29de3d (executor driver) (6/13)
[2026-01-20T04:32:42.812+0000] {subprocess.py:93} INFO - 26/01/20 04:32:42 INFO TaskSetManager: Finished task 6.0 in stage 4.0 (TID 48) in 1044 ms on 519d7d29de3d (executor driver) (7/13)
[2026-01-20T04:32:42.813+0000] {subprocess.py:93} INFO - 26/01/20 04:32:42 INFO Executor: Finished task 7.0 in stage 4.0 (TID 49). 2032 bytes result sent to driver
[2026-01-20T04:32:42.814+0000] {subprocess.py:93} INFO - 26/01/20 04:32:42 INFO Executor: Finished task 3.0 in stage 4.0 (TID 45). 2032 bytes result sent to driver
[2026-01-20T04:32:42.815+0000] {subprocess.py:93} INFO - 26/01/20 04:32:42 INFO TaskSetManager: Finished task 7.0 in stage 4.0 (TID 49) in 1047 ms on 519d7d29de3d (executor driver) (8/13)
[2026-01-20T04:32:42.816+0000] {subprocess.py:93} INFO - 26/01/20 04:32:42 INFO TaskSetManager: Finished task 3.0 in stage 4.0 (TID 45) in 1050 ms on 519d7d29de3d (executor driver) (9/13)
[2026-01-20T04:32:42.818+0000] {subprocess.py:93} INFO - 26/01/20 04:32:42 INFO Executor: Finished task 9.0 in stage 4.0 (TID 51). 2032 bytes result sent to driver
[2026-01-20T04:32:42.820+0000] {subprocess.py:93} INFO - 26/01/20 04:32:42 INFO Executor: Finished task 4.0 in stage 4.0 (TID 46). 2032 bytes result sent to driver
[2026-01-20T04:32:42.821+0000] {subprocess.py:93} INFO - 26/01/20 04:32:42 INFO Executor: Finished task 8.0 in stage 4.0 (TID 50). 2032 bytes result sent to driver
[2026-01-20T04:32:42.822+0000] {subprocess.py:93} INFO - 26/01/20 04:32:42 INFO TaskSetManager: Finished task 9.0 in stage 4.0 (TID 51) in 1054 ms on 519d7d29de3d (executor driver) (10/13)
[2026-01-20T04:32:42.823+0000] {subprocess.py:93} INFO - 26/01/20 04:32:42 INFO TaskSetManager: Finished task 8.0 in stage 4.0 (TID 50) in 1054 ms on 519d7d29de3d (executor driver) (11/13)
[2026-01-20T04:32:42.824+0000] {subprocess.py:93} INFO - 26/01/20 04:32:42 INFO TaskSetManager: Finished task 4.0 in stage 4.0 (TID 46) in 1058 ms on 519d7d29de3d (executor driver) (12/13)
[2026-01-20T04:32:42.825+0000] {subprocess.py:93} INFO - 26/01/20 04:32:42 INFO Executor: Finished task 10.0 in stage 4.0 (TID 52). 2032 bytes result sent to driver
[2026-01-20T04:32:42.827+0000] {subprocess.py:93} INFO - 26/01/20 04:32:42 INFO TaskSetManager: Finished task 10.0 in stage 4.0 (TID 52) in 1057 ms on 519d7d29de3d (executor driver) (13/13)
[2026-01-20T04:32:42.828+0000] {subprocess.py:93} INFO - 26/01/20 04:32:42 INFO TaskSchedulerImpl: Removed TaskSet 4.0, whose tasks have all completed, from pool
[2026-01-20T04:32:42.829+0000] {subprocess.py:93} INFO - 26/01/20 04:32:42 INFO DAGScheduler: ShuffleMapStage 4 (csv at NativeMethodAccessorImpl.java:0) finished in 1.093 s
[2026-01-20T04:32:42.830+0000] {subprocess.py:93} INFO - 26/01/20 04:32:42 INFO DAGScheduler: looking for newly runnable stages
[2026-01-20T04:32:42.831+0000] {subprocess.py:93} INFO - 26/01/20 04:32:42 INFO DAGScheduler: running: Set()
[2026-01-20T04:32:42.832+0000] {subprocess.py:93} INFO - 26/01/20 04:32:42 INFO DAGScheduler: waiting: Set()
[2026-01-20T04:32:42.833+0000] {subprocess.py:93} INFO - 26/01/20 04:32:42 INFO DAGScheduler: failed: Set()
[2026-01-20T04:32:42.856+0000] {subprocess.py:93} INFO - 26/01/20 04:32:42 INFO ShufflePartitionsUtil: For shuffle(0), advisory target size: 67108864, actual target size 1048576, minimum partition size: 1048576
[2026-01-20T04:32:42.980+0000] {subprocess.py:93} INFO - 26/01/20 04:32:42 INFO FileOutputCommitter: File Output Committer Algorithm version is 1
[2026-01-20T04:32:42.981+0000] {subprocess.py:93} INFO - 26/01/20 04:32:42 INFO FileOutputCommitter: FileOutputCommitter skip cleanup _temporary folders under output directory:false, ignore cleanup failures: false
[2026-01-20T04:32:42.982+0000] {subprocess.py:93} INFO - 26/01/20 04:32:42 INFO SQLHadoopMapReduceCommitProtocol: Using output committer class org.apache.hadoop.mapreduce.lib.output.FileOutputCommitter
[2026-01-20T04:32:43.108+0000] {subprocess.py:93} INFO - 26/01/20 04:32:43 INFO CodeGenerator: Code generated in 21.634149 ms
[2026-01-20T04:32:43.129+0000] {subprocess.py:93} INFO - 26/01/20 04:32:43 INFO CodeGenerator: Code generated in 16.609783 ms
[2026-01-20T04:32:43.346+0000] {subprocess.py:93} INFO - 26/01/20 04:32:43 INFO SparkContext: Starting job: csv at NativeMethodAccessorImpl.java:0
[2026-01-20T04:32:43.350+0000] {subprocess.py:93} INFO - 26/01/20 04:32:43 INFO DAGScheduler: Got job 5 (csv at NativeMethodAccessorImpl.java:0) with 1 output partitions
[2026-01-20T04:32:43.351+0000] {subprocess.py:93} INFO - 26/01/20 04:32:43 INFO DAGScheduler: Final stage: ResultStage 6 (csv at NativeMethodAccessorImpl.java:0)
[2026-01-20T04:32:43.352+0000] {subprocess.py:93} INFO - 26/01/20 04:32:43 INFO DAGScheduler: Parents of final stage: List(ShuffleMapStage 5)
[2026-01-20T04:32:43.353+0000] {subprocess.py:93} INFO - 26/01/20 04:32:43 INFO DAGScheduler: Missing parents: List()
[2026-01-20T04:32:43.354+0000] {subprocess.py:93} INFO - 26/01/20 04:32:43 INFO DAGScheduler: Submitting ResultStage 6 (MapPartitionsRDD[26] at csv at NativeMethodAccessorImpl.java:0), which has no missing parents
[2026-01-20T04:32:43.377+0000] {subprocess.py:93} INFO - 26/01/20 04:32:43 INFO MemoryStore: Block broadcast_11 stored as values in memory (estimated size 244.7 KiB, free 433.9 MiB)
[2026-01-20T04:32:43.380+0000] {subprocess.py:93} INFO - 26/01/20 04:32:43 INFO MemoryStore: Block broadcast_11_piece0 stored as bytes in memory (estimated size 91.6 KiB, free 433.8 MiB)
[2026-01-20T04:32:43.381+0000] {subprocess.py:93} INFO - 26/01/20 04:32:43 INFO BlockManagerInfo: Added broadcast_11_piece0 in memory on 519d7d29de3d:42359 (size: 91.6 KiB, free: 434.3 MiB)
[2026-01-20T04:32:43.382+0000] {subprocess.py:93} INFO - 26/01/20 04:32:43 INFO SparkContext: Created broadcast 11 from broadcast at DAGScheduler.scala:1580
[2026-01-20T04:32:43.383+0000] {subprocess.py:93} INFO - 26/01/20 04:32:43 INFO DAGScheduler: Submitting 1 missing tasks from ResultStage 6 (MapPartitionsRDD[26] at csv at NativeMethodAccessorImpl.java:0) (first 15 tasks are for partitions Vector(0))
[2026-01-20T04:32:43.384+0000] {subprocess.py:93} INFO - 26/01/20 04:32:43 INFO TaskSchedulerImpl: Adding task set 6.0 with 1 tasks resource profile 0
[2026-01-20T04:32:43.392+0000] {subprocess.py:93} INFO - 26/01/20 04:32:43 INFO TaskSetManager: Starting task 0.0 in stage 6.0 (TID 55) (519d7d29de3d, executor driver, partition 0, NODE_LOCAL, 7975 bytes)
[2026-01-20T04:32:43.393+0000] {subprocess.py:93} INFO - 26/01/20 04:32:43 INFO Executor: Running task 0.0 in stage 6.0 (TID 55)
[2026-01-20T04:32:43.429+0000] {subprocess.py:93} INFO - 26/01/20 04:32:43 INFO FileOutputCommitter: File Output Committer Algorithm version is 1
[2026-01-20T04:32:43.430+0000] {subprocess.py:93} INFO - 26/01/20 04:32:43 INFO FileOutputCommitter: FileOutputCommitter skip cleanup _temporary folders under output directory:false, ignore cleanup failures: false
[2026-01-20T04:32:43.431+0000] {subprocess.py:93} INFO - 26/01/20 04:32:43 INFO SQLHadoopMapReduceCommitProtocol: Using output committer class org.apache.hadoop.mapreduce.lib.output.FileOutputCommitter
[2026-01-20T04:32:43.649+0000] {subprocess.py:93} INFO - 26/01/20 04:32:43 INFO ShuffleBlockFetcherIterator: Getting 13 (1044.2 KiB) non-empty blocks including 13 (1044.2 KiB) local and 0 (0.0 B) host-local and 0 (0.0 B) push-merged-local and 0 (0.0 B) remote blocks
[2026-01-20T04:32:43.652+0000] {subprocess.py:93} INFO - 26/01/20 04:32:43 INFO ShuffleBlockFetcherIterator: Started 0 remote fetches in 18 ms
[2026-01-20T04:32:43.674+0000] {subprocess.py:93} INFO - 26/01/20 04:32:43 INFO CodeGenerator: Code generated in 13.6076 ms
[2026-01-20T04:32:43.699+0000] {subprocess.py:93} INFO - 26/01/20 04:32:43 INFO CodeGenerator: Code generated in 16.84177 ms
[2026-01-20T04:32:43.721+0000] {subprocess.py:93} INFO - 26/01/20 04:32:43 INFO CodeGenerator: Code generated in 12.785013 ms
[2026-01-20T04:32:43.748+0000] {subprocess.py:93} INFO - 26/01/20 04:32:43 INFO CodeGenerator: Code generated in 12.10427 ms
[2026-01-20T04:32:43.805+0000] {subprocess.py:93} INFO - 26/01/20 04:32:43 INFO BlockManagerInfo: Removed broadcast_10_piece0 on 519d7d29de3d:42359 in memory (size: 8.8 KiB, free: 434.3 MiB)
[2026-01-20T04:32:43.874+0000] {subprocess.py:93} INFO - 26/01/20 04:32:43 INFO CodeGenerator: Code generated in 7.658324 ms
[2026-01-20T04:32:43.896+0000] {subprocess.py:93} INFO - 26/01/20 04:32:43 INFO CodeGenerator: Code generated in 13.651085 ms
[2026-01-20T04:32:43.905+0000] {subprocess.py:93} INFO - 26/01/20 04:32:43 INFO CodeGenerator: Code generated in 6.785836 ms
[2026-01-20T04:32:43.914+0000] {subprocess.py:93} INFO - 26/01/20 04:32:43 INFO CodeGenerator: Code generated in 5.681349 ms
[2026-01-20T04:32:43.925+0000] {subprocess.py:93} INFO - 26/01/20 04:32:43 INFO CodeGenerator: Code generated in 10.552676 ms
[2026-01-20T04:32:43.936+0000] {subprocess.py:93} INFO - 26/01/20 04:32:43 INFO CodeGenerator: Code generated in 8.011433 ms
[2026-01-20T04:32:43.949+0000] {subprocess.py:93} INFO - 26/01/20 04:32:43 INFO CodeGenerator: Code generated in 7.727452 ms
[2026-01-20T04:32:44.010+0000] {subprocess.py:93} INFO - 26/01/20 04:32:44 INFO CodeGenerator: Code generated in 5.874859 ms
[2026-01-20T04:32:44.026+0000] {subprocess.py:93} INFO - 26/01/20 04:32:44 INFO CodeGenerator: Code generated in 7.929072 ms
[2026-01-20T04:32:44.037+0000] {subprocess.py:93} INFO - 26/01/20 04:32:44 INFO CodeGenerator: Code generated in 6.688099 ms
[2026-01-20T04:32:44.158+0000] {subprocess.py:93} INFO - 26/01/20 04:32:44 INFO ShuffleBlockFetcherIterator: Getting 13 (1039.8 KiB) non-empty blocks including 13 (1039.8 KiB) local and 0 (0.0 B) host-local and 0 (0.0 B) push-merged-local and 0 (0.0 B) remote blocks
[2026-01-20T04:32:44.159+0000] {subprocess.py:93} INFO - 26/01/20 04:32:44 INFO ShuffleBlockFetcherIterator: Started 0 remote fetches in 2 ms
[2026-01-20T04:32:44.320+0000] {subprocess.py:93} INFO - 26/01/20 04:32:44 INFO ShuffleBlockFetcherIterator: Getting 13 (1030.5 KiB) non-empty blocks including 13 (1030.5 KiB) local and 0 (0.0 B) host-local and 0 (0.0 B) push-merged-local and 0 (0.0 B) remote blocks
[2026-01-20T04:32:44.321+0000] {subprocess.py:93} INFO - 26/01/20 04:32:44 INFO ShuffleBlockFetcherIterator: Started 0 remote fetches in 1 ms
[2026-01-20T04:32:44.415+0000] {subprocess.py:93} INFO - 26/01/20 04:32:44 INFO ShuffleBlockFetcherIterator: Getting 13 (1283.5 KiB) non-empty blocks including 13 (1283.5 KiB) local and 0 (0.0 B) host-local and 0 (0.0 B) push-merged-local and 0 (0.0 B) remote blocks
[2026-01-20T04:32:44.416+0000] {subprocess.py:93} INFO - 26/01/20 04:32:44 INFO ShuffleBlockFetcherIterator: Started 0 remote fetches in 1 ms
[2026-01-20T04:32:44.562+0000] {subprocess.py:93} INFO - 26/01/20 04:32:44 INFO FileOutputCommitter: Saved output of task 'attempt_202601200432434566594381253688568_0006_m_000000_55' to file:/opt/spark-data/gold/transaction_analytics/_temporary/0/task_202601200432434566594381253688568_0006_m_000000
[2026-01-20T04:32:44.563+0000] {subprocess.py:93} INFO - 26/01/20 04:32:44 INFO SparkHadoopMapRedUtil: attempt_202601200432434566594381253688568_0006_m_000000_55: Committed. Elapsed time: 23 ms.
[2026-01-20T04:32:44.565+0000] {subprocess.py:93} INFO - 26/01/20 04:32:44 INFO Executor: Finished task 0.0 in stage 6.0 (TID 55). 5888 bytes result sent to driver
[2026-01-20T04:32:44.567+0000] {subprocess.py:93} INFO - 26/01/20 04:32:44 INFO TaskSetManager: Finished task 0.0 in stage 6.0 (TID 55) in 1180 ms on 519d7d29de3d (executor driver) (1/1)
[2026-01-20T04:32:44.570+0000] {subprocess.py:93} INFO - 26/01/20 04:32:44 INFO TaskSchedulerImpl: Removed TaskSet 6.0, whose tasks have all completed, from pool
[2026-01-20T04:32:44.571+0000] {subprocess.py:93} INFO - 26/01/20 04:32:44 INFO DAGScheduler: ResultStage 6 (csv at NativeMethodAccessorImpl.java:0) finished in 1.214 s
[2026-01-20T04:32:44.571+0000] {subprocess.py:93} INFO - 26/01/20 04:32:44 INFO DAGScheduler: Job 5 is finished. Cancelling potential speculative or zombie tasks for this job
[2026-01-20T04:32:44.572+0000] {subprocess.py:93} INFO - 26/01/20 04:32:44 INFO TaskSchedulerImpl: Killing all running tasks in stage 6: Stage finished
[2026-01-20T04:32:44.572+0000] {subprocess.py:93} INFO - 26/01/20 04:32:44 INFO DAGScheduler: Job 5 finished: csv at NativeMethodAccessorImpl.java:0, took 1.220955 s
[2026-01-20T04:32:44.573+0000] {subprocess.py:93} INFO - 26/01/20 04:32:44 INFO FileFormatWriter: Start to commit write Job c6d606ba-3fbc-4245-b884-bbb68732fed0.
[2026-01-20T04:32:44.709+0000] {subprocess.py:93} INFO - 26/01/20 04:32:44 INFO FileFormatWriter: Write Job c6d606ba-3fbc-4245-b884-bbb68732fed0 committed. Elapsed time: 140 ms.
[2026-01-20T04:32:44.710+0000] {subprocess.py:93} INFO - 26/01/20 04:32:44 INFO FileFormatWriter: Finished processing stats for write job c6d606ba-3fbc-4245-b884-bbb68732fed0.
[2026-01-20T04:32:44.713+0000] {subprocess.py:93} INFO - Analytics Table with Window Functions created successfully.
[2026-01-20T04:32:44.727+0000] {subprocess.py:93} INFO - Transactions All Of them!
[2026-01-20T04:32:44.728+0000] {subprocess.py:93} INFO - Traceback (most recent call last):
[2026-01-20T04:32:44.728+0000] {subprocess.py:93} INFO -   File "/opt/spark-jobs/etl_job.py", line 177, in <module>
[2026-01-20T04:32:44.729+0000] {subprocess.py:93} INFO -     run_etl(spark,'/opt/spark-data/landing', '/opt/spark-data/gold')
[2026-01-20T04:32:44.730+0000] {subprocess.py:93} INFO -   File "/opt/spark-jobs/etl_job.py", line 162, in run_etl
[2026-01-20T04:32:44.731+0000] {subprocess.py:93} INFO -     transaction_cleaned(spark, df_topic_transaction, output_path)
[2026-01-20T04:32:44.732+0000] {subprocess.py:93} INFO -   File "/opt/spark-jobs/etl_job.py", line 127, in transaction_cleaned
[2026-01-20T04:32:44.733+0000] {subprocess.py:93} INFO -     exploded_topic_transaction.show(Truncate = False)
[2026-01-20T04:32:44.733+0000] {subprocess.py:93} INFO - TypeError: DataFrame.show() got an unexpected keyword argument 'Truncate'
[2026-01-20T04:32:44.774+0000] {subprocess.py:93} INFO - 26/01/20 04:32:44 INFO SparkContext: Invoking stop() from shutdown hook
[2026-01-20T04:32:44.775+0000] {subprocess.py:93} INFO - 26/01/20 04:32:44 INFO SparkContext: SparkContext is stopping with exitCode 0.
[2026-01-20T04:32:44.783+0000] {subprocess.py:93} INFO - 26/01/20 04:32:44 INFO SparkUI: Stopped Spark web UI at http://519d7d29de3d:4040
[2026-01-20T04:32:44.791+0000] {subprocess.py:93} INFO - 26/01/20 04:32:44 INFO MapOutputTrackerMasterEndpoint: MapOutputTrackerMasterEndpoint stopped!
[2026-01-20T04:32:44.805+0000] {subprocess.py:93} INFO - 26/01/20 04:32:44 INFO MemoryStore: MemoryStore cleared
[2026-01-20T04:32:44.806+0000] {subprocess.py:93} INFO - 26/01/20 04:32:44 INFO BlockManager: BlockManager stopped
[2026-01-20T04:32:44.810+0000] {subprocess.py:93} INFO - 26/01/20 04:32:44 INFO BlockManagerMaster: BlockManagerMaster stopped
[2026-01-20T04:32:44.812+0000] {subprocess.py:93} INFO - 26/01/20 04:32:44 INFO OutputCommitCoordinator$OutputCommitCoordinatorEndpoint: OutputCommitCoordinator stopped!
[2026-01-20T04:32:44.822+0000] {subprocess.py:93} INFO - 26/01/20 04:32:44 INFO SparkContext: Successfully stopped SparkContext
[2026-01-20T04:32:44.823+0000] {subprocess.py:93} INFO - 26/01/20 04:32:44 INFO ShutdownHookManager: Shutdown hook called
[2026-01-20T04:32:44.824+0000] {subprocess.py:93} INFO - 26/01/20 04:32:44 INFO ShutdownHookManager: Deleting directory /tmp/spark-12b78624-deee-4f84-bd12-afc02f52d007/pyspark-a3dda9c5-0b2a-496e-aa36-4b1a1ec378ba
[2026-01-20T04:32:44.827+0000] {subprocess.py:93} INFO - 26/01/20 04:32:44 INFO ShutdownHookManager: Deleting directory /tmp/spark-8d396b62-b9b9-4d46-b50a-69999a0976a0
[2026-01-20T04:32:44.831+0000] {subprocess.py:93} INFO - 26/01/20 04:32:44 INFO ShutdownHookManager: Deleting directory /tmp/spark-12b78624-deee-4f84-bd12-afc02f52d007
[2026-01-20T04:32:44.883+0000] {subprocess.py:97} INFO - Command exited with return code 1
[2026-01-20T04:32:44.894+0000] {taskinstance.py:2698} ERROR - Task failed with exception
Traceback (most recent call last):
  File "/home/airflow/.local/lib/python3.10/site-packages/airflow/models/taskinstance.py", line 433, in _execute_task
    result = execute_callable(context=context, **execute_callable_kwargs)
  File "/home/airflow/.local/lib/python3.10/site-packages/airflow/operators/bash.py", line 212, in execute
    raise AirflowException(
airflow.exceptions.AirflowException: Bash command failed. The command returned a non-zero exit code 1.
[2026-01-20T04:32:44.899+0000] {taskinstance.py:1138} INFO - Marking task as FAILED. dag_id=streamflow_main, task_id=Spark_Submit, execution_date=20260120T043222, start_date=20260120T043224, end_date=20260120T043244
[2026-01-20T04:32:44.912+0000] {standard_task_runner.py:107} ERROR - Failed to execute job 14 for task Spark_Submit (Bash command failed. The command returned a non-zero exit code 1.; 6000)
[2026-01-20T04:32:44.939+0000] {local_task_job_runner.py:234} INFO - Task exited with return code 1
[2026-01-20T04:32:44.956+0000] {taskinstance.py:3280} INFO - 0 downstream tasks scheduled from follow-on schedule check
