[2026-01-20T04:45:32.714+0000] {taskinstance.py:1956} INFO - Dependencies all met for dep_context=non-requeueable deps ti=<TaskInstance: streamflow_main.Spark_Submit manual__2026-01-20T04:45:31.061109+00:00 [queued]>
[2026-01-20T04:45:32.723+0000] {taskinstance.py:1956} INFO - Dependencies all met for dep_context=requeueable deps ti=<TaskInstance: streamflow_main.Spark_Submit manual__2026-01-20T04:45:31.061109+00:00 [queued]>
[2026-01-20T04:45:32.724+0000] {taskinstance.py:2170} INFO - Starting attempt 1 of 1
[2026-01-20T04:45:32.740+0000] {taskinstance.py:2191} INFO - Executing <Task(BashOperator): Spark_Submit> on 2026-01-20 04:45:31.061109+00:00
[2026-01-20T04:45:32.745+0000] {standard_task_runner.py:60} INFO - Started process 8440 to run task
[2026-01-20T04:45:32.749+0000] {standard_task_runner.py:87} INFO - Running: ['***', 'tasks', 'run', 'streamflow_main', 'Spark_Submit', 'manual__2026-01-20T04:45:31.061109+00:00', '--job-id', '19', '--raw', '--subdir', 'DAGS_FOLDER/dag_streamflow.py', '--cfg-path', '/tmp/tmps4xueqoz']
[2026-01-20T04:45:32.753+0000] {standard_task_runner.py:88} INFO - Job 19: Subtask Spark_Submit
[2026-01-20T04:45:32.806+0000] {task_command.py:423} INFO - Running <TaskInstance: streamflow_main.Spark_Submit manual__2026-01-20T04:45:31.061109+00:00 [running]> on host 519d7d29de3d
[2026-01-20T04:45:32.911+0000] {taskinstance.py:2480} INFO - Exporting env vars: AIRFLOW_CTX_DAG_OWNER='student' AIRFLOW_CTX_DAG_ID='streamflow_main' AIRFLOW_CTX_TASK_ID='Spark_Submit' AIRFLOW_CTX_EXECUTION_DATE='2026-01-20T04:45:31.061109+00:00' AIRFLOW_CTX_TRY_NUMBER='1' AIRFLOW_CTX_DAG_RUN_ID='manual__2026-01-20T04:45:31.061109+00:00'
[2026-01-20T04:45:32.913+0000] {subprocess.py:63} INFO - Tmp dir root location: /tmp
[2026-01-20T04:45:32.914+0000] {subprocess.py:75} INFO - Running command: ['/usr/bin/bash', '-c', '\n            spark-submit                 --master spark://spark-master:7077                 /opt/spark-jobs/etl_job.py\n        ']
[2026-01-20T04:45:32.924+0000] {subprocess.py:86} INFO - Output:
[2026-01-20T04:45:32.933+0000] {subprocess.py:93} INFO - /opt/spark/bin/load-spark-env.sh: line 68: ps: command not found
[2026-01-20T04:45:35.553+0000] {subprocess.py:93} INFO - 26/01/20 04:45:35 INFO SparkContext: Running Spark version 3.5.0
[2026-01-20T04:45:35.555+0000] {subprocess.py:93} INFO - 26/01/20 04:45:35 INFO SparkContext: OS info Linux, 5.15.167.4-microsoft-standard-WSL2, amd64
[2026-01-20T04:45:35.556+0000] {subprocess.py:93} INFO - 26/01/20 04:45:35 INFO SparkContext: Java version 17.0.17
[2026-01-20T04:45:35.597+0000] {subprocess.py:93} INFO - 26/01/20 04:45:35 WARN NativeCodeLoader: Unable to load native-hadoop library for your platform... using builtin-java classes where applicable
[2026-01-20T04:45:35.670+0000] {subprocess.py:93} INFO - 26/01/20 04:45:35 INFO ResourceUtils: ==============================================================
[2026-01-20T04:45:35.672+0000] {subprocess.py:93} INFO - 26/01/20 04:45:35 INFO ResourceUtils: No custom resources configured for spark.driver.
[2026-01-20T04:45:35.672+0000] {subprocess.py:93} INFO - 26/01/20 04:45:35 INFO ResourceUtils: ==============================================================
[2026-01-20T04:45:35.673+0000] {subprocess.py:93} INFO - 26/01/20 04:45:35 INFO SparkContext: Submitted application: ETL_job
[2026-01-20T04:45:35.688+0000] {subprocess.py:93} INFO - 26/01/20 04:45:35 INFO ResourceProfile: Default ResourceProfile created, executor resources: Map(cores -> name: cores, amount: 1, script: , vendor: , memory -> name: memory, amount: 1024, script: , vendor: , offHeap -> name: offHeap, amount: 0, script: , vendor: ), task resources: Map(cpus -> name: cpus, amount: 1.0)
[2026-01-20T04:45:35.695+0000] {subprocess.py:93} INFO - 26/01/20 04:45:35 INFO ResourceProfile: Limiting resource is cpu
[2026-01-20T04:45:35.696+0000] {subprocess.py:93} INFO - 26/01/20 04:45:35 INFO ResourceProfileManager: Added ResourceProfile id: 0
[2026-01-20T04:45:35.746+0000] {subprocess.py:93} INFO - 26/01/20 04:45:35 INFO SecurityManager: Changing view acls to: root
[2026-01-20T04:45:35.747+0000] {subprocess.py:93} INFO - 26/01/20 04:45:35 INFO SecurityManager: Changing modify acls to: root
[2026-01-20T04:45:35.749+0000] {subprocess.py:93} INFO - 26/01/20 04:45:35 INFO SecurityManager: Changing view acls groups to:
[2026-01-20T04:45:35.749+0000] {subprocess.py:93} INFO - 26/01/20 04:45:35 INFO SecurityManager: Changing modify acls groups to:
[2026-01-20T04:45:35.750+0000] {subprocess.py:93} INFO - 26/01/20 04:45:35 INFO SecurityManager: SecurityManager: authentication disabled; ui acls disabled; users with view permissions: root; groups with view permissions: EMPTY; users with modify permissions: root; groups with modify permissions: EMPTY
[2026-01-20T04:45:36.066+0000] {subprocess.py:93} INFO - 26/01/20 04:45:36 INFO Utils: Successfully started service 'sparkDriver' on port 44711.
[2026-01-20T04:45:36.102+0000] {subprocess.py:93} INFO - 26/01/20 04:45:36 INFO SparkEnv: Registering MapOutputTracker
[2026-01-20T04:45:36.144+0000] {subprocess.py:93} INFO - 26/01/20 04:45:36 INFO SparkEnv: Registering BlockManagerMaster
[2026-01-20T04:45:36.163+0000] {subprocess.py:93} INFO - 26/01/20 04:45:36 INFO BlockManagerMasterEndpoint: Using org.apache.spark.storage.DefaultTopologyMapper for getting topology information
[2026-01-20T04:45:36.164+0000] {subprocess.py:93} INFO - 26/01/20 04:45:36 INFO BlockManagerMasterEndpoint: BlockManagerMasterEndpoint up
[2026-01-20T04:45:36.168+0000] {subprocess.py:93} INFO - 26/01/20 04:45:36 INFO SparkEnv: Registering BlockManagerMasterHeartbeat
[2026-01-20T04:45:36.193+0000] {subprocess.py:93} INFO - 26/01/20 04:45:36 INFO DiskBlockManager: Created local directory at /tmp/blockmgr-b1f57ffd-4588-400d-875c-e97bbeda135c
[2026-01-20T04:45:36.209+0000] {subprocess.py:93} INFO - 26/01/20 04:45:36 INFO MemoryStore: MemoryStore started with capacity 434.4 MiB
[2026-01-20T04:45:36.228+0000] {subprocess.py:93} INFO - 26/01/20 04:45:36 INFO SparkEnv: Registering OutputCommitCoordinator
[2026-01-20T04:45:36.384+0000] {subprocess.py:93} INFO - 26/01/20 04:45:36 INFO JettyUtils: Start Jetty 0.0.0.0:4040 for SparkUI
[2026-01-20T04:45:36.457+0000] {subprocess.py:93} INFO - 26/01/20 04:45:36 INFO Utils: Successfully started service 'SparkUI' on port 4040.
[2026-01-20T04:45:36.615+0000] {subprocess.py:93} INFO - 26/01/20 04:45:36 INFO Executor: Starting executor ID driver on host 519d7d29de3d
[2026-01-20T04:45:36.617+0000] {subprocess.py:93} INFO - 26/01/20 04:45:36 INFO Executor: OS info Linux, 5.15.167.4-microsoft-standard-WSL2, amd64
[2026-01-20T04:45:36.618+0000] {subprocess.py:93} INFO - 26/01/20 04:45:36 INFO Executor: Java version 17.0.17
[2026-01-20T04:45:36.628+0000] {subprocess.py:93} INFO - 26/01/20 04:45:36 INFO Executor: Starting executor with user classpath (userClassPathFirst = false): ''
[2026-01-20T04:45:36.629+0000] {subprocess.py:93} INFO - 26/01/20 04:45:36 INFO Executor: Created or updated repl class loader org.apache.spark.util.MutableURLClassLoader@272584ff for default.
[2026-01-20T04:45:36.660+0000] {subprocess.py:93} INFO - 26/01/20 04:45:36 INFO Utils: Successfully started service 'org.apache.spark.network.netty.NettyBlockTransferService' on port 40709.
[2026-01-20T04:45:36.661+0000] {subprocess.py:93} INFO - 26/01/20 04:45:36 INFO NettyBlockTransferService: Server created on 519d7d29de3d:40709
[2026-01-20T04:45:36.662+0000] {subprocess.py:93} INFO - 26/01/20 04:45:36 INFO BlockManager: Using org.apache.spark.storage.RandomBlockReplicationPolicy for block replication policy
[2026-01-20T04:45:36.669+0000] {subprocess.py:93} INFO - 26/01/20 04:45:36 INFO BlockManagerMaster: Registering BlockManager BlockManagerId(driver, 519d7d29de3d, 40709, None)
[2026-01-20T04:45:36.674+0000] {subprocess.py:93} INFO - 26/01/20 04:45:36 INFO BlockManagerMasterEndpoint: Registering block manager 519d7d29de3d:40709 with 434.4 MiB RAM, BlockManagerId(driver, 519d7d29de3d, 40709, None)
[2026-01-20T04:45:36.678+0000] {subprocess.py:93} INFO - 26/01/20 04:45:36 INFO BlockManagerMaster: Registered BlockManager BlockManagerId(driver, 519d7d29de3d, 40709, None)
[2026-01-20T04:45:36.680+0000] {subprocess.py:93} INFO - 26/01/20 04:45:36 INFO BlockManager: Initialized BlockManager: BlockManagerId(driver, 519d7d29de3d, 40709, None)
[2026-01-20T04:45:37.243+0000] {subprocess.py:93} INFO - 26/01/20 04:45:37 INFO SharedState: Setting hive.metastore.warehouse.dir ('null') to the value of spark.sql.warehouse.dir.
[2026-01-20T04:45:37.251+0000] {subprocess.py:93} INFO - 26/01/20 04:45:37 INFO SharedState: Warehouse path is 'file:/tmp/***tmpyfo0bdzw/spark-warehouse'.
[2026-01-20T04:45:37.989+0000] {subprocess.py:93} INFO - 26/01/20 04:45:37 INFO InMemoryFileIndex: It took 50 ms to list leaf files for 1 paths.
[2026-01-20T04:45:38.063+0000] {subprocess.py:93} INFO - 26/01/20 04:45:38 INFO InMemoryFileIndex: It took 15 ms to list leaf files for 1 paths.
[2026-01-20T04:45:39.669+0000] {subprocess.py:93} INFO - 26/01/20 04:45:39 INFO FileSourceStrategy: Pushed Filters:
[2026-01-20T04:45:39.679+0000] {subprocess.py:93} INFO - 26/01/20 04:45:39 INFO FileSourceStrategy: Post-Scan Filters:
[2026-01-20T04:45:39.894+0000] {subprocess.py:93} INFO - 26/01/20 04:45:39 INFO MemoryStore: Block broadcast_0 stored as values in memory (estimated size 199.2 KiB, free 434.2 MiB)
[2026-01-20T04:45:39.956+0000] {subprocess.py:93} INFO - 26/01/20 04:45:39 INFO MemoryStore: Block broadcast_0_piece0 stored as bytes in memory (estimated size 34.2 KiB, free 434.2 MiB)
[2026-01-20T04:45:39.958+0000] {subprocess.py:93} INFO - 26/01/20 04:45:39 INFO BlockManagerInfo: Added broadcast_0_piece0 in memory on 519d7d29de3d:40709 (size: 34.2 KiB, free: 434.4 MiB)
[2026-01-20T04:45:39.963+0000] {subprocess.py:93} INFO - 26/01/20 04:45:39 INFO SparkContext: Created broadcast 0 from json at NativeMethodAccessorImpl.java:0
[2026-01-20T04:45:39.974+0000] {subprocess.py:93} INFO - 26/01/20 04:45:39 INFO FileSourceScanExec: Planning scan with bin packing, max size: 4194304 bytes, open cost is considered as scanning 4194304 bytes.
[2026-01-20T04:45:40.129+0000] {subprocess.py:93} INFO - 26/01/20 04:45:40 INFO SparkContext: Starting job: json at NativeMethodAccessorImpl.java:0
[2026-01-20T04:45:40.149+0000] {subprocess.py:93} INFO - 26/01/20 04:45:40 INFO DAGScheduler: Got job 0 (json at NativeMethodAccessorImpl.java:0) with 13 output partitions
[2026-01-20T04:45:40.150+0000] {subprocess.py:93} INFO - 26/01/20 04:45:40 INFO DAGScheduler: Final stage: ResultStage 0 (json at NativeMethodAccessorImpl.java:0)
[2026-01-20T04:45:40.150+0000] {subprocess.py:93} INFO - 26/01/20 04:45:40 INFO DAGScheduler: Parents of final stage: List()
[2026-01-20T04:45:40.152+0000] {subprocess.py:93} INFO - 26/01/20 04:45:40 INFO DAGScheduler: Missing parents: List()
[2026-01-20T04:45:40.156+0000] {subprocess.py:93} INFO - 26/01/20 04:45:40 INFO DAGScheduler: Submitting ResultStage 0 (MapPartitionsRDD[3] at json at NativeMethodAccessorImpl.java:0), which has no missing parents
[2026-01-20T04:45:40.248+0000] {subprocess.py:93} INFO - 26/01/20 04:45:40 INFO MemoryStore: Block broadcast_1 stored as values in memory (estimated size 16.0 KiB, free 434.2 MiB)
[2026-01-20T04:45:40.256+0000] {subprocess.py:93} INFO - 26/01/20 04:45:40 INFO MemoryStore: Block broadcast_1_piece0 stored as bytes in memory (estimated size 7.5 KiB, free 434.1 MiB)
[2026-01-20T04:45:40.257+0000] {subprocess.py:93} INFO - 26/01/20 04:45:40 INFO BlockManagerInfo: Added broadcast_1_piece0 in memory on 519d7d29de3d:40709 (size: 7.5 KiB, free: 434.4 MiB)
[2026-01-20T04:45:40.258+0000] {subprocess.py:93} INFO - 26/01/20 04:45:40 INFO SparkContext: Created broadcast 1 from broadcast at DAGScheduler.scala:1580
[2026-01-20T04:45:40.278+0000] {subprocess.py:93} INFO - 26/01/20 04:45:40 INFO DAGScheduler: Submitting 13 missing tasks from ResultStage 0 (MapPartitionsRDD[3] at json at NativeMethodAccessorImpl.java:0) (first 15 tasks are for partitions Vector(0, 1, 2, 3, 4, 5, 6, 7, 8, 9, 10, 11, 12))
[2026-01-20T04:45:40.279+0000] {subprocess.py:93} INFO - 26/01/20 04:45:40 INFO TaskSchedulerImpl: Adding task set 0.0 with 13 tasks resource profile 0
[2026-01-20T04:45:40.318+0000] {subprocess.py:93} INFO - 26/01/20 04:45:40 INFO TaskSetManager: Starting task 0.0 in stage 0.0 (TID 0) (519d7d29de3d, executor driver, partition 0, PROCESS_LOCAL, 8251 bytes)
[2026-01-20T04:45:40.322+0000] {subprocess.py:93} INFO - 26/01/20 04:45:40 INFO TaskSetManager: Starting task 1.0 in stage 0.0 (TID 1) (519d7d29de3d, executor driver, partition 1, PROCESS_LOCAL, 8251 bytes)
[2026-01-20T04:45:40.323+0000] {subprocess.py:93} INFO - 26/01/20 04:45:40 INFO TaskSetManager: Starting task 2.0 in stage 0.0 (TID 2) (519d7d29de3d, executor driver, partition 2, PROCESS_LOCAL, 8251 bytes)
[2026-01-20T04:45:40.323+0000] {subprocess.py:93} INFO - 26/01/20 04:45:40 INFO TaskSetManager: Starting task 3.0 in stage 0.0 (TID 3) (519d7d29de3d, executor driver, partition 3, PROCESS_LOCAL, 8251 bytes)
[2026-01-20T04:45:40.324+0000] {subprocess.py:93} INFO - 26/01/20 04:45:40 INFO TaskSetManager: Starting task 4.0 in stage 0.0 (TID 4) (519d7d29de3d, executor driver, partition 4, PROCESS_LOCAL, 8251 bytes)
[2026-01-20T04:45:40.325+0000] {subprocess.py:93} INFO - 26/01/20 04:45:40 INFO TaskSetManager: Starting task 5.0 in stage 0.0 (TID 5) (519d7d29de3d, executor driver, partition 5, PROCESS_LOCAL, 8251 bytes)
[2026-01-20T04:45:40.326+0000] {subprocess.py:93} INFO - 26/01/20 04:45:40 INFO TaskSetManager: Starting task 6.0 in stage 0.0 (TID 6) (519d7d29de3d, executor driver, partition 6, PROCESS_LOCAL, 8251 bytes)
[2026-01-20T04:45:40.327+0000] {subprocess.py:93} INFO - 26/01/20 04:45:40 INFO TaskSetManager: Starting task 7.0 in stage 0.0 (TID 7) (519d7d29de3d, executor driver, partition 7, PROCESS_LOCAL, 8251 bytes)
[2026-01-20T04:45:40.327+0000] {subprocess.py:93} INFO - 26/01/20 04:45:40 INFO TaskSetManager: Starting task 8.0 in stage 0.0 (TID 8) (519d7d29de3d, executor driver, partition 8, PROCESS_LOCAL, 8251 bytes)
[2026-01-20T04:45:40.329+0000] {subprocess.py:93} INFO - 26/01/20 04:45:40 INFO TaskSetManager: Starting task 9.0 in stage 0.0 (TID 9) (519d7d29de3d, executor driver, partition 9, PROCESS_LOCAL, 8251 bytes)
[2026-01-20T04:45:40.330+0000] {subprocess.py:93} INFO - 26/01/20 04:45:40 INFO TaskSetManager: Starting task 10.0 in stage 0.0 (TID 10) (519d7d29de3d, executor driver, partition 10, PROCESS_LOCAL, 8251 bytes)
[2026-01-20T04:45:40.330+0000] {subprocess.py:93} INFO - 26/01/20 04:45:40 INFO TaskSetManager: Starting task 11.0 in stage 0.0 (TID 11) (519d7d29de3d, executor driver, partition 11, PROCESS_LOCAL, 8251 bytes)
[2026-01-20T04:45:40.331+0000] {subprocess.py:93} INFO - 26/01/20 04:45:40 INFO TaskSetManager: Starting task 12.0 in stage 0.0 (TID 12) (519d7d29de3d, executor driver, partition 12, PROCESS_LOCAL, 8251 bytes)
[2026-01-20T04:45:40.340+0000] {subprocess.py:93} INFO - 26/01/20 04:45:40 INFO Executor: Running task 1.0 in stage 0.0 (TID 1)
[2026-01-20T04:45:40.341+0000] {subprocess.py:93} INFO - 26/01/20 04:45:40 INFO Executor: Running task 4.0 in stage 0.0 (TID 4)
[2026-01-20T04:45:40.342+0000] {subprocess.py:93} INFO - 26/01/20 04:45:40 INFO Executor: Running task 3.0 in stage 0.0 (TID 3)
[2026-01-20T04:45:40.342+0000] {subprocess.py:93} INFO - 26/01/20 04:45:40 INFO Executor: Running task 5.0 in stage 0.0 (TID 5)
[2026-01-20T04:45:40.343+0000] {subprocess.py:93} INFO - 26/01/20 04:45:40 INFO Executor: Running task 2.0 in stage 0.0 (TID 2)
[2026-01-20T04:45:40.344+0000] {subprocess.py:93} INFO - 26/01/20 04:45:40 INFO Executor: Running task 6.0 in stage 0.0 (TID 6)
[2026-01-20T04:45:40.345+0000] {subprocess.py:93} INFO - 26/01/20 04:45:40 INFO Executor: Running task 0.0 in stage 0.0 (TID 0)
[2026-01-20T04:45:40.346+0000] {subprocess.py:93} INFO - 26/01/20 04:45:40 INFO Executor: Running task 7.0 in stage 0.0 (TID 7)
[2026-01-20T04:45:40.346+0000] {subprocess.py:93} INFO - 26/01/20 04:45:40 INFO Executor: Running task 8.0 in stage 0.0 (TID 8)
[2026-01-20T04:45:40.347+0000] {subprocess.py:93} INFO - 26/01/20 04:45:40 INFO Executor: Running task 9.0 in stage 0.0 (TID 9)
[2026-01-20T04:45:40.348+0000] {subprocess.py:93} INFO - 26/01/20 04:45:40 INFO Executor: Running task 11.0 in stage 0.0 (TID 11)
[2026-01-20T04:45:40.349+0000] {subprocess.py:93} INFO - 26/01/20 04:45:40 INFO Executor: Running task 10.0 in stage 0.0 (TID 10)
[2026-01-20T04:45:40.349+0000] {subprocess.py:93} INFO - 26/01/20 04:45:40 INFO Executor: Running task 12.0 in stage 0.0 (TID 12)
[2026-01-20T04:45:40.553+0000] {subprocess.py:93} INFO - 26/01/20 04:45:40 INFO FileScanRDD: Reading File path: file:///opt/spark-data/landing/transaction_events_1768879479.1820476.json, range: 33554432-37748736, partition values: [empty row]
[2026-01-20T04:45:40.554+0000] {subprocess.py:93} INFO - 26/01/20 04:45:40 INFO FileScanRDD: Reading File path: file:///opt/spark-data/landing/transaction_events_1768879479.1820476.json, range: 50331648-51561162, partition values: [empty row]
[2026-01-20T04:45:40.555+0000] {subprocess.py:93} INFO - 26/01/20 04:45:40 INFO FileScanRDD: Reading File path: file:///opt/spark-data/landing/transaction_events_1768879479.1820476.json, range: 41943040-46137344, partition values: [empty row]
[2026-01-20T04:45:40.556+0000] {subprocess.py:93} INFO - 26/01/20 04:45:40 INFO FileScanRDD: Reading File path: file:///opt/spark-data/landing/transaction_events_1768879479.1820476.json, range: 12582912-16777216, partition values: [empty row]
[2026-01-20T04:45:40.557+0000] {subprocess.py:93} INFO - 26/01/20 04:45:40 INFO FileScanRDD: Reading File path: file:///opt/spark-data/landing/transaction_events_1768879479.1820476.json, range: 20971520-25165824, partition values: [empty row]
[2026-01-20T04:45:40.557+0000] {subprocess.py:93} INFO - 26/01/20 04:45:40 INFO FileScanRDD: Reading File path: file:///opt/spark-data/landing/transaction_events_1768879479.1820476.json, range: 16777216-20971520, partition values: [empty row]
[2026-01-20T04:45:40.558+0000] {subprocess.py:93} INFO - 26/01/20 04:45:40 INFO FileScanRDD: Reading File path: file:///opt/spark-data/landing/transaction_events_1768879479.1820476.json, range: 46137344-50331648, partition values: [empty row]
[2026-01-20T04:45:40.559+0000] {subprocess.py:93} INFO - 26/01/20 04:45:40 INFO FileScanRDD: Reading File path: file:///opt/spark-data/landing/transaction_events_1768879479.1820476.json, range: 25165824-29360128, partition values: [empty row]
[2026-01-20T04:45:40.560+0000] {subprocess.py:93} INFO - 26/01/20 04:45:40 INFO FileScanRDD: Reading File path: file:///opt/spark-data/landing/transaction_events_1768879479.1820476.json, range: 29360128-33554432, partition values: [empty row]
[2026-01-20T04:45:40.561+0000] {subprocess.py:93} INFO - 26/01/20 04:45:40 INFO FileScanRDD: Reading File path: file:///opt/spark-data/landing/transaction_events_1768879479.1820476.json, range: 0-4194304, partition values: [empty row]
[2026-01-20T04:45:40.561+0000] {subprocess.py:93} INFO - 26/01/20 04:45:40 INFO FileScanRDD: Reading File path: file:///opt/spark-data/landing/transaction_events_1768879479.1820476.json, range: 37748736-41943040, partition values: [empty row]
[2026-01-20T04:45:40.562+0000] {subprocess.py:93} INFO - 26/01/20 04:45:40 INFO FileScanRDD: Reading File path: file:///opt/spark-data/landing/transaction_events_1768879479.1820476.json, range: 4194304-8388608, partition values: [empty row]
[2026-01-20T04:45:40.563+0000] {subprocess.py:93} INFO - 26/01/20 04:45:40 INFO FileScanRDD: Reading File path: file:///opt/spark-data/landing/transaction_events_1768879479.1820476.json, range: 8388608-12582912, partition values: [empty row]
[2026-01-20T04:45:40.777+0000] {subprocess.py:93} INFO - 26/01/20 04:45:40 INFO CodeGenerator: Code generated in 169.689855 ms
[2026-01-20T04:45:41.358+0000] {subprocess.py:93} INFO - 26/01/20 04:45:41 INFO Executor: Finished task 12.0 in stage 0.0 (TID 12). 3067 bytes result sent to driver
[2026-01-20T04:45:41.379+0000] {subprocess.py:93} INFO - 26/01/20 04:45:41 INFO TaskSetManager: Finished task 12.0 in stage 0.0 (TID 12) in 1048 ms on 519d7d29de3d (executor driver) (1/13)
[2026-01-20T04:45:41.499+0000] {subprocess.py:93} INFO - 26/01/20 04:45:41 INFO Executor: Finished task 1.0 in stage 0.0 (TID 1). 3024 bytes result sent to driver
[2026-01-20T04:45:41.500+0000] {subprocess.py:93} INFO - 26/01/20 04:45:41 INFO Executor: Finished task 8.0 in stage 0.0 (TID 8). 3024 bytes result sent to driver
[2026-01-20T04:45:41.503+0000] {subprocess.py:93} INFO - 26/01/20 04:45:41 INFO Executor: Finished task 6.0 in stage 0.0 (TID 6). 3024 bytes result sent to driver
[2026-01-20T04:45:41.504+0000] {subprocess.py:93} INFO - 26/01/20 04:45:41 INFO Executor: Finished task 11.0 in stage 0.0 (TID 11). 3024 bytes result sent to driver
[2026-01-20T04:45:41.505+0000] {subprocess.py:93} INFO - 26/01/20 04:45:41 INFO TaskSetManager: Finished task 1.0 in stage 0.0 (TID 1) in 1181 ms on 519d7d29de3d (executor driver) (2/13)
[2026-01-20T04:45:41.506+0000] {subprocess.py:93} INFO - 26/01/20 04:45:41 INFO Executor: Finished task 9.0 in stage 0.0 (TID 9). 3067 bytes result sent to driver
[2026-01-20T04:45:41.511+0000] {subprocess.py:93} INFO - 26/01/20 04:45:41 INFO Executor: Finished task 7.0 in stage 0.0 (TID 7). 3024 bytes result sent to driver
[2026-01-20T04:45:41.512+0000] {subprocess.py:93} INFO - 26/01/20 04:45:41 INFO TaskSetManager: Finished task 8.0 in stage 0.0 (TID 8) in 1177 ms on 519d7d29de3d (executor driver) (3/13)
[2026-01-20T04:45:41.513+0000] {subprocess.py:93} INFO - 26/01/20 04:45:41 INFO Executor: Finished task 10.0 in stage 0.0 (TID 10). 3024 bytes result sent to driver
[2026-01-20T04:45:41.514+0000] {subprocess.py:93} INFO - 26/01/20 04:45:41 INFO Executor: Finished task 0.0 in stage 0.0 (TID 0). 3067 bytes result sent to driver
[2026-01-20T04:45:41.515+0000] {subprocess.py:93} INFO - 26/01/20 04:45:41 INFO TaskSetManager: Finished task 6.0 in stage 0.0 (TID 6) in 1187 ms on 519d7d29de3d (executor driver) (4/13)
[2026-01-20T04:45:41.516+0000] {subprocess.py:93} INFO - 26/01/20 04:45:41 INFO Executor: Finished task 4.0 in stage 0.0 (TID 4). 3024 bytes result sent to driver
[2026-01-20T04:45:41.516+0000] {subprocess.py:93} INFO - 26/01/20 04:45:41 INFO TaskSetManager: Finished task 11.0 in stage 0.0 (TID 11) in 1187 ms on 519d7d29de3d (executor driver) (5/13)
[2026-01-20T04:45:41.518+0000] {subprocess.py:93} INFO - 26/01/20 04:45:41 INFO TaskSetManager: Finished task 9.0 in stage 0.0 (TID 9) in 1189 ms on 519d7d29de3d (executor driver) (6/13)
[2026-01-20T04:45:41.519+0000] {subprocess.py:93} INFO - 26/01/20 04:45:41 INFO TaskSetManager: Finished task 7.0 in stage 0.0 (TID 7) in 1190 ms on 519d7d29de3d (executor driver) (7/13)
[2026-01-20T04:45:41.519+0000] {subprocess.py:93} INFO - 26/01/20 04:45:41 INFO Executor: Finished task 5.0 in stage 0.0 (TID 5). 3024 bytes result sent to driver
[2026-01-20T04:45:41.520+0000] {subprocess.py:93} INFO - 26/01/20 04:45:41 INFO Executor: Finished task 3.0 in stage 0.0 (TID 3). 3024 bytes result sent to driver
[2026-01-20T04:45:41.520+0000] {subprocess.py:93} INFO - 26/01/20 04:45:41 INFO TaskSetManager: Finished task 0.0 in stage 0.0 (TID 0) in 1210 ms on 519d7d29de3d (executor driver) (8/13)
[2026-01-20T04:45:41.521+0000] {subprocess.py:93} INFO - 26/01/20 04:45:41 INFO Executor: Finished task 2.0 in stage 0.0 (TID 2). 3024 bytes result sent to driver
[2026-01-20T04:45:41.522+0000] {subprocess.py:93} INFO - 26/01/20 04:45:41 INFO TaskSetManager: Finished task 10.0 in stage 0.0 (TID 10) in 1191 ms on 519d7d29de3d (executor driver) (9/13)
[2026-01-20T04:45:41.522+0000] {subprocess.py:93} INFO - 26/01/20 04:45:41 INFO TaskSetManager: Finished task 4.0 in stage 0.0 (TID 4) in 1196 ms on 519d7d29de3d (executor driver) (10/13)
[2026-01-20T04:45:41.523+0000] {subprocess.py:93} INFO - 26/01/20 04:45:41 INFO TaskSetManager: Finished task 5.0 in stage 0.0 (TID 5) in 1196 ms on 519d7d29de3d (executor driver) (11/13)
[2026-01-20T04:45:41.524+0000] {subprocess.py:93} INFO - 26/01/20 04:45:41 INFO TaskSetManager: Finished task 3.0 in stage 0.0 (TID 3) in 1198 ms on 519d7d29de3d (executor driver) (12/13)
[2026-01-20T04:45:41.526+0000] {subprocess.py:93} INFO - 26/01/20 04:45:41 INFO TaskSetManager: Finished task 2.0 in stage 0.0 (TID 2) in 1201 ms on 519d7d29de3d (executor driver) (13/13)
[2026-01-20T04:45:41.527+0000] {subprocess.py:93} INFO - 26/01/20 04:45:41 INFO TaskSchedulerImpl: Removed TaskSet 0.0, whose tasks have all completed, from pool
[2026-01-20T04:45:41.529+0000] {subprocess.py:93} INFO - 26/01/20 04:45:41 INFO DAGScheduler: ResultStage 0 (json at NativeMethodAccessorImpl.java:0) finished in 1.353 s
[2026-01-20T04:45:41.532+0000] {subprocess.py:93} INFO - 26/01/20 04:45:41 INFO DAGScheduler: Job 0 is finished. Cancelling potential speculative or zombie tasks for this job
[2026-01-20T04:45:41.533+0000] {subprocess.py:93} INFO - 26/01/20 04:45:41 INFO TaskSchedulerImpl: Killing all running tasks in stage 0: Stage finished
[2026-01-20T04:45:41.535+0000] {subprocess.py:93} INFO - 26/01/20 04:45:41 INFO DAGScheduler: Job 0 finished: json at NativeMethodAccessorImpl.java:0, took 1.405566 s
[2026-01-20T04:45:41.653+0000] {subprocess.py:93} INFO - 26/01/20 04:45:41 INFO InMemoryFileIndex: It took 6 ms to list leaf files for 1 paths.
[2026-01-20T04:45:41.670+0000] {subprocess.py:93} INFO - 26/01/20 04:45:41 INFO InMemoryFileIndex: It took 6 ms to list leaf files for 1 paths.
[2026-01-20T04:45:41.715+0000] {subprocess.py:93} INFO - 26/01/20 04:45:41 INFO FileSourceStrategy: Pushed Filters:
[2026-01-20T04:45:41.716+0000] {subprocess.py:93} INFO - 26/01/20 04:45:41 INFO FileSourceStrategy: Post-Scan Filters:
[2026-01-20T04:45:41.722+0000] {subprocess.py:93} INFO - 26/01/20 04:45:41 INFO MemoryStore: Block broadcast_2 stored as values in memory (estimated size 199.2 KiB, free 434.0 MiB)
[2026-01-20T04:45:41.735+0000] {subprocess.py:93} INFO - 26/01/20 04:45:41 INFO MemoryStore: Block broadcast_2_piece0 stored as bytes in memory (estimated size 34.2 KiB, free 433.9 MiB)
[2026-01-20T04:45:41.736+0000] {subprocess.py:93} INFO - 26/01/20 04:45:41 INFO BlockManagerInfo: Added broadcast_2_piece0 in memory on 519d7d29de3d:40709 (size: 34.2 KiB, free: 434.3 MiB)
[2026-01-20T04:45:41.737+0000] {subprocess.py:93} INFO - 26/01/20 04:45:41 INFO SparkContext: Created broadcast 2 from json at NativeMethodAccessorImpl.java:0
[2026-01-20T04:45:41.739+0000] {subprocess.py:93} INFO - 26/01/20 04:45:41 INFO FileSourceScanExec: Planning scan with bin packing, max size: 4194304 bytes, open cost is considered as scanning 4194304 bytes.
[2026-01-20T04:45:41.752+0000] {subprocess.py:93} INFO - 26/01/20 04:45:41 INFO SparkContext: Starting job: json at NativeMethodAccessorImpl.java:0
[2026-01-20T04:45:41.754+0000] {subprocess.py:93} INFO - 26/01/20 04:45:41 INFO DAGScheduler: Got job 1 (json at NativeMethodAccessorImpl.java:0) with 8 output partitions
[2026-01-20T04:45:41.754+0000] {subprocess.py:93} INFO - 26/01/20 04:45:41 INFO DAGScheduler: Final stage: ResultStage 1 (json at NativeMethodAccessorImpl.java:0)
[2026-01-20T04:45:41.755+0000] {subprocess.py:93} INFO - 26/01/20 04:45:41 INFO DAGScheduler: Parents of final stage: List()
[2026-01-20T04:45:41.756+0000] {subprocess.py:93} INFO - 26/01/20 04:45:41 INFO DAGScheduler: Missing parents: List()
[2026-01-20T04:45:41.756+0000] {subprocess.py:93} INFO - 26/01/20 04:45:41 INFO DAGScheduler: Submitting ResultStage 1 (MapPartitionsRDD[7] at json at NativeMethodAccessorImpl.java:0), which has no missing parents
[2026-01-20T04:45:41.758+0000] {subprocess.py:93} INFO - 26/01/20 04:45:41 INFO MemoryStore: Block broadcast_3 stored as values in memory (estimated size 16.0 KiB, free 433.9 MiB)
[2026-01-20T04:45:41.759+0000] {subprocess.py:93} INFO - 26/01/20 04:45:41 INFO MemoryStore: Block broadcast_3_piece0 stored as bytes in memory (estimated size 7.5 KiB, free 433.9 MiB)
[2026-01-20T04:45:41.761+0000] {subprocess.py:93} INFO - 26/01/20 04:45:41 INFO BlockManagerInfo: Added broadcast_3_piece0 in memory on 519d7d29de3d:40709 (size: 7.5 KiB, free: 434.3 MiB)
[2026-01-20T04:45:41.761+0000] {subprocess.py:93} INFO - 26/01/20 04:45:41 INFO SparkContext: Created broadcast 3 from broadcast at DAGScheduler.scala:1580
[2026-01-20T04:45:41.763+0000] {subprocess.py:93} INFO - 26/01/20 04:45:41 INFO DAGScheduler: Submitting 8 missing tasks from ResultStage 1 (MapPartitionsRDD[7] at json at NativeMethodAccessorImpl.java:0) (first 15 tasks are for partitions Vector(0, 1, 2, 3, 4, 5, 6, 7))
[2026-01-20T04:45:41.763+0000] {subprocess.py:93} INFO - 26/01/20 04:45:41 INFO TaskSchedulerImpl: Adding task set 1.0 with 8 tasks resource profile 0
[2026-01-20T04:45:41.764+0000] {subprocess.py:93} INFO - 26/01/20 04:45:41 INFO TaskSetManager: Starting task 0.0 in stage 1.0 (TID 13) (519d7d29de3d, executor driver, partition 0, PROCESS_LOCAL, 8244 bytes)
[2026-01-20T04:45:41.765+0000] {subprocess.py:93} INFO - 26/01/20 04:45:41 INFO TaskSetManager: Starting task 1.0 in stage 1.0 (TID 14) (519d7d29de3d, executor driver, partition 1, PROCESS_LOCAL, 8244 bytes)
[2026-01-20T04:45:41.766+0000] {subprocess.py:93} INFO - 26/01/20 04:45:41 INFO TaskSetManager: Starting task 2.0 in stage 1.0 (TID 15) (519d7d29de3d, executor driver, partition 2, PROCESS_LOCAL, 8244 bytes)
[2026-01-20T04:45:41.767+0000] {subprocess.py:93} INFO - 26/01/20 04:45:41 INFO TaskSetManager: Starting task 3.0 in stage 1.0 (TID 16) (519d7d29de3d, executor driver, partition 3, PROCESS_LOCAL, 8244 bytes)
[2026-01-20T04:45:41.768+0000] {subprocess.py:93} INFO - 26/01/20 04:45:41 INFO TaskSetManager: Starting task 4.0 in stage 1.0 (TID 17) (519d7d29de3d, executor driver, partition 4, PROCESS_LOCAL, 8244 bytes)
[2026-01-20T04:45:41.769+0000] {subprocess.py:93} INFO - 26/01/20 04:45:41 INFO TaskSetManager: Starting task 5.0 in stage 1.0 (TID 18) (519d7d29de3d, executor driver, partition 5, PROCESS_LOCAL, 8244 bytes)
[2026-01-20T04:45:41.769+0000] {subprocess.py:93} INFO - 26/01/20 04:45:41 INFO TaskSetManager: Starting task 6.0 in stage 1.0 (TID 19) (519d7d29de3d, executor driver, partition 6, PROCESS_LOCAL, 8244 bytes)
[2026-01-20T04:45:41.770+0000] {subprocess.py:93} INFO - 26/01/20 04:45:41 INFO TaskSetManager: Starting task 7.0 in stage 1.0 (TID 20) (519d7d29de3d, executor driver, partition 7, PROCESS_LOCAL, 8244 bytes)
[2026-01-20T04:45:41.771+0000] {subprocess.py:93} INFO - 26/01/20 04:45:41 INFO Executor: Running task 0.0 in stage 1.0 (TID 13)
[2026-01-20T04:45:41.771+0000] {subprocess.py:93} INFO - 26/01/20 04:45:41 INFO Executor: Running task 1.0 in stage 1.0 (TID 14)
[2026-01-20T04:45:41.774+0000] {subprocess.py:93} INFO - 26/01/20 04:45:41 INFO Executor: Running task 2.0 in stage 1.0 (TID 15)
[2026-01-20T04:45:41.775+0000] {subprocess.py:93} INFO - 26/01/20 04:45:41 INFO Executor: Running task 3.0 in stage 1.0 (TID 16)
[2026-01-20T04:45:41.777+0000] {subprocess.py:93} INFO - 26/01/20 04:45:41 INFO Executor: Running task 4.0 in stage 1.0 (TID 17)
[2026-01-20T04:45:41.778+0000] {subprocess.py:93} INFO - 26/01/20 04:45:41 INFO Executor: Running task 5.0 in stage 1.0 (TID 18)
[2026-01-20T04:45:41.779+0000] {subprocess.py:93} INFO - 26/01/20 04:45:41 INFO Executor: Running task 6.0 in stage 1.0 (TID 19)
[2026-01-20T04:45:41.780+0000] {subprocess.py:93} INFO - 26/01/20 04:45:41 INFO Executor: Running task 7.0 in stage 1.0 (TID 20)
[2026-01-20T04:45:41.780+0000] {subprocess.py:93} INFO - 26/01/20 04:45:41 INFO FileScanRDD: Reading File path: file:///opt/spark-data/landing/user_events_1768879431.2231393.json, range: 4194304-8388608, partition values: [empty row]
[2026-01-20T04:45:41.781+0000] {subprocess.py:93} INFO - 26/01/20 04:45:41 INFO FileScanRDD: Reading File path: file:///opt/spark-data/landing/user_events_1768879431.2231393.json, range: 25165824-29360128, partition values: [empty row]
[2026-01-20T04:45:41.783+0000] {subprocess.py:93} INFO - 26/01/20 04:45:41 INFO FileScanRDD: Reading File path: file:///opt/spark-data/landing/user_events_1768879431.2231393.json, range: 8388608-12582912, partition values: [empty row]
[2026-01-20T04:45:41.783+0000] {subprocess.py:93} INFO - 26/01/20 04:45:41 INFO FileScanRDD: Reading File path: file:///opt/spark-data/landing/user_events_1768879431.2231393.json, range: 0-4194304, partition values: [empty row]
[2026-01-20T04:45:41.785+0000] {subprocess.py:93} INFO - 26/01/20 04:45:41 INFO FileScanRDD: Reading File path: file:///opt/spark-data/landing/user_events_1768879431.2231393.json, range: 20971520-25165824, partition values: [empty row]
[2026-01-20T04:45:41.786+0000] {subprocess.py:93} INFO - 26/01/20 04:45:41 INFO FileScanRDD: Reading File path: file:///opt/spark-data/landing/user_events_1768879431.2231393.json, range: 12582912-16777216, partition values: [empty row]
[2026-01-20T04:45:41.787+0000] {subprocess.py:93} INFO - 26/01/20 04:45:41 INFO FileScanRDD: Reading File path: file:///opt/spark-data/landing/user_events_1768879431.2231393.json, range: 16777216-20971520, partition values: [empty row]
[2026-01-20T04:45:41.788+0000] {subprocess.py:93} INFO - 26/01/20 04:45:41 INFO FileScanRDD: Reading File path: file:///opt/spark-data/landing/user_events_1768879431.2231393.json, range: 29360128-33532706, partition values: [empty row]
[2026-01-20T04:45:42.146+0000] {subprocess.py:93} INFO - 26/01/20 04:45:42 INFO Executor: Finished task 5.0 in stage 1.0 (TID 18). 2401 bytes result sent to driver
[2026-01-20T04:45:42.147+0000] {subprocess.py:93} INFO - 26/01/20 04:45:42 INFO Executor: Finished task 1.0 in stage 1.0 (TID 14). 2401 bytes result sent to driver
[2026-01-20T04:45:42.149+0000] {subprocess.py:93} INFO - 26/01/20 04:45:42 INFO TaskSetManager: Finished task 5.0 in stage 1.0 (TID 18) in 381 ms on 519d7d29de3d (executor driver) (1/8)
[2026-01-20T04:45:42.150+0000] {subprocess.py:93} INFO - 26/01/20 04:45:42 INFO TaskSetManager: Finished task 1.0 in stage 1.0 (TID 14) in 384 ms on 519d7d29de3d (executor driver) (2/8)
[2026-01-20T04:45:42.151+0000] {subprocess.py:93} INFO - 26/01/20 04:45:42 INFO Executor: Finished task 0.0 in stage 1.0 (TID 13). 2401 bytes result sent to driver
[2026-01-20T04:45:42.152+0000] {subprocess.py:93} INFO - 26/01/20 04:45:42 INFO Executor: Finished task 2.0 in stage 1.0 (TID 15). 2401 bytes result sent to driver
[2026-01-20T04:45:42.153+0000] {subprocess.py:93} INFO - 26/01/20 04:45:42 INFO Executor: Finished task 7.0 in stage 1.0 (TID 20). 2401 bytes result sent to driver
[2026-01-20T04:45:42.154+0000] {subprocess.py:93} INFO - 26/01/20 04:45:42 INFO TaskSetManager: Finished task 0.0 in stage 1.0 (TID 13) in 389 ms on 519d7d29de3d (executor driver) (3/8)
[2026-01-20T04:45:42.157+0000] {subprocess.py:93} INFO - 26/01/20 04:45:42 INFO Executor: Finished task 6.0 in stage 1.0 (TID 19). 2401 bytes result sent to driver
[2026-01-20T04:45:42.158+0000] {subprocess.py:93} INFO - 26/01/20 04:45:42 INFO TaskSetManager: Finished task 2.0 in stage 1.0 (TID 15) in 389 ms on 519d7d29de3d (executor driver) (4/8)
[2026-01-20T04:45:42.159+0000] {subprocess.py:93} INFO - 26/01/20 04:45:42 INFO Executor: Finished task 3.0 in stage 1.0 (TID 16). 2401 bytes result sent to driver
[2026-01-20T04:45:42.160+0000] {subprocess.py:93} INFO - 26/01/20 04:45:42 INFO Executor: Finished task 4.0 in stage 1.0 (TID 17). 2401 bytes result sent to driver
[2026-01-20T04:45:42.161+0000] {subprocess.py:93} INFO - 26/01/20 04:45:42 INFO TaskSetManager: Finished task 7.0 in stage 1.0 (TID 20) in 387 ms on 519d7d29de3d (executor driver) (5/8)
[2026-01-20T04:45:42.162+0000] {subprocess.py:93} INFO - 26/01/20 04:45:42 INFO TaskSetManager: Finished task 6.0 in stage 1.0 (TID 19) in 389 ms on 519d7d29de3d (executor driver) (6/8)
[2026-01-20T04:45:42.163+0000] {subprocess.py:93} INFO - 26/01/20 04:45:42 INFO TaskSetManager: Finished task 3.0 in stage 1.0 (TID 16) in 392 ms on 519d7d29de3d (executor driver) (7/8)
[2026-01-20T04:45:42.163+0000] {subprocess.py:93} INFO - 26/01/20 04:45:42 INFO TaskSetManager: Finished task 4.0 in stage 1.0 (TID 17) in 392 ms on 519d7d29de3d (executor driver) (8/8)
[2026-01-20T04:45:42.164+0000] {subprocess.py:93} INFO - 26/01/20 04:45:42 INFO TaskSchedulerImpl: Removed TaskSet 1.0, whose tasks have all completed, from pool
[2026-01-20T04:45:42.165+0000] {subprocess.py:93} INFO - 26/01/20 04:45:42 INFO DAGScheduler: ResultStage 1 (json at NativeMethodAccessorImpl.java:0) finished in 0.404 s
[2026-01-20T04:45:42.166+0000] {subprocess.py:93} INFO - 26/01/20 04:45:42 INFO DAGScheduler: Job 1 is finished. Cancelling potential speculative or zombie tasks for this job
[2026-01-20T04:45:42.166+0000] {subprocess.py:93} INFO - 26/01/20 04:45:42 INFO TaskSchedulerImpl: Killing all running tasks in stage 1: Stage finished
[2026-01-20T04:45:42.167+0000] {subprocess.py:93} INFO - 26/01/20 04:45:42 INFO DAGScheduler: Job 1 finished: json at NativeMethodAccessorImpl.java:0, took 0.409383 s
[2026-01-20T04:45:43.184+0000] {subprocess.py:93} INFO - 26/01/20 04:45:43 INFO FileSourceStrategy: Pushed Filters: IsNotNull(user_id),IsNotNull(line_items)
[2026-01-20T04:45:43.185+0000] {subprocess.py:93} INFO - 26/01/20 04:45:43 INFO FileSourceStrategy: Post-Scan Filters: isnotnull(user_id#21),(size(line_items#10, true) > 0),isnotnull(line_items#10)
[2026-01-20T04:45:43.192+0000] {subprocess.py:93} INFO - 26/01/20 04:45:43 INFO FileSourceStrategy: Pushed Filters: IsNotNull(user_id),IsNotNull(product_id)
[2026-01-20T04:45:43.193+0000] {subprocess.py:93} INFO - 26/01/20 04:45:43 INFO FileSourceStrategy: Post-Scan Filters: isnotnull(user_id#58),isnotnull(product_id#53)
[2026-01-20T04:45:43.378+0000] {subprocess.py:93} INFO - 26/01/20 04:45:43 INFO CodeGenerator: Code generated in 31.278417 ms
[2026-01-20T04:45:43.382+0000] {subprocess.py:93} INFO - 26/01/20 04:45:43 INFO MemoryStore: Block broadcast_4 stored as values in memory (estimated size 199.1 KiB, free 433.7 MiB)
[2026-01-20T04:45:43.395+0000] {subprocess.py:93} INFO - 26/01/20 04:45:43 INFO MemoryStore: Block broadcast_4_piece0 stored as bytes in memory (estimated size 34.2 KiB, free 433.7 MiB)
[2026-01-20T04:45:43.397+0000] {subprocess.py:93} INFO - 26/01/20 04:45:43 INFO BlockManagerInfo: Added broadcast_4_piece0 in memory on 519d7d29de3d:40709 (size: 34.2 KiB, free: 434.3 MiB)
[2026-01-20T04:45:43.398+0000] {subprocess.py:93} INFO - 26/01/20 04:45:43 INFO SparkContext: Created broadcast 4 from $anonfun$withThreadLocalCaptured$1 at FutureTask.java:264
[2026-01-20T04:45:43.403+0000] {subprocess.py:93} INFO - 26/01/20 04:45:43 INFO FileSourceScanExec: Planning scan with bin packing, max size: 4194304 bytes, open cost is considered as scanning 4194304 bytes.
[2026-01-20T04:45:43.447+0000] {subprocess.py:93} INFO - 26/01/20 04:45:43 INFO SparkContext: Starting job: $anonfun$withThreadLocalCaptured$1 at FutureTask.java:264
[2026-01-20T04:45:43.449+0000] {subprocess.py:93} INFO - 26/01/20 04:45:43 INFO DAGScheduler: Got job 2 ($anonfun$withThreadLocalCaptured$1 at FutureTask.java:264) with 8 output partitions
[2026-01-20T04:45:43.450+0000] {subprocess.py:93} INFO - 26/01/20 04:45:43 INFO DAGScheduler: Final stage: ResultStage 2 ($anonfun$withThreadLocalCaptured$1 at FutureTask.java:264)
[2026-01-20T04:45:43.451+0000] {subprocess.py:93} INFO - 26/01/20 04:45:43 INFO DAGScheduler: Parents of final stage: List()
[2026-01-20T04:45:43.452+0000] {subprocess.py:93} INFO - 26/01/20 04:45:43 INFO DAGScheduler: Missing parents: List()
[2026-01-20T04:45:43.452+0000] {subprocess.py:93} INFO - 26/01/20 04:45:43 INFO DAGScheduler: Submitting ResultStage 2 (MapPartitionsRDD[11] at $anonfun$withThreadLocalCaptured$1 at FutureTask.java:264), which has no missing parents
[2026-01-20T04:45:43.458+0000] {subprocess.py:93} INFO - 26/01/20 04:45:43 INFO MemoryStore: Block broadcast_5 stored as values in memory (estimated size 15.6 KiB, free 433.7 MiB)
[2026-01-20T04:45:43.461+0000] {subprocess.py:93} INFO - 26/01/20 04:45:43 INFO MemoryStore: Block broadcast_5_piece0 stored as bytes in memory (estimated size 7.4 KiB, free 433.6 MiB)
[2026-01-20T04:45:43.463+0000] {subprocess.py:93} INFO - 26/01/20 04:45:43 INFO BlockManagerInfo: Added broadcast_5_piece0 in memory on 519d7d29de3d:40709 (size: 7.4 KiB, free: 434.3 MiB)
[2026-01-20T04:45:43.464+0000] {subprocess.py:93} INFO - 26/01/20 04:45:43 INFO SparkContext: Created broadcast 5 from broadcast at DAGScheduler.scala:1580
[2026-01-20T04:45:43.465+0000] {subprocess.py:93} INFO - 26/01/20 04:45:43 INFO DAGScheduler: Submitting 8 missing tasks from ResultStage 2 (MapPartitionsRDD[11] at $anonfun$withThreadLocalCaptured$1 at FutureTask.java:264) (first 15 tasks are for partitions Vector(0, 1, 2, 3, 4, 5, 6, 7))
[2026-01-20T04:45:43.466+0000] {subprocess.py:93} INFO - 26/01/20 04:45:43 INFO TaskSchedulerImpl: Adding task set 2.0 with 8 tasks resource profile 0
[2026-01-20T04:45:43.468+0000] {subprocess.py:93} INFO - 26/01/20 04:45:43 INFO TaskSetManager: Starting task 0.0 in stage 2.0 (TID 21) (519d7d29de3d, executor driver, partition 0, PROCESS_LOCAL, 8244 bytes)
[2026-01-20T04:45:43.469+0000] {subprocess.py:93} INFO - 26/01/20 04:45:43 INFO TaskSetManager: Starting task 1.0 in stage 2.0 (TID 22) (519d7d29de3d, executor driver, partition 1, PROCESS_LOCAL, 8244 bytes)
[2026-01-20T04:45:43.470+0000] {subprocess.py:93} INFO - 26/01/20 04:45:43 INFO TaskSetManager: Starting task 2.0 in stage 2.0 (TID 23) (519d7d29de3d, executor driver, partition 2, PROCESS_LOCAL, 8244 bytes)
[2026-01-20T04:45:43.471+0000] {subprocess.py:93} INFO - 26/01/20 04:45:43 INFO TaskSetManager: Starting task 3.0 in stage 2.0 (TID 24) (519d7d29de3d, executor driver, partition 3, PROCESS_LOCAL, 8244 bytes)
[2026-01-20T04:45:43.472+0000] {subprocess.py:93} INFO - 26/01/20 04:45:43 INFO TaskSetManager: Starting task 4.0 in stage 2.0 (TID 25) (519d7d29de3d, executor driver, partition 4, PROCESS_LOCAL, 8244 bytes)
[2026-01-20T04:45:43.472+0000] {subprocess.py:93} INFO - 26/01/20 04:45:43 INFO TaskSetManager: Starting task 5.0 in stage 2.0 (TID 26) (519d7d29de3d, executor driver, partition 5, PROCESS_LOCAL, 8244 bytes)
[2026-01-20T04:45:43.473+0000] {subprocess.py:93} INFO - 26/01/20 04:45:43 INFO TaskSetManager: Starting task 6.0 in stage 2.0 (TID 27) (519d7d29de3d, executor driver, partition 6, PROCESS_LOCAL, 8244 bytes)
[2026-01-20T04:45:43.473+0000] {subprocess.py:93} INFO - 26/01/20 04:45:43 INFO TaskSetManager: Starting task 7.0 in stage 2.0 (TID 28) (519d7d29de3d, executor driver, partition 7, PROCESS_LOCAL, 8244 bytes)
[2026-01-20T04:45:43.475+0000] {subprocess.py:93} INFO - 26/01/20 04:45:43 INFO Executor: Running task 0.0 in stage 2.0 (TID 21)
[2026-01-20T04:45:43.476+0000] {subprocess.py:93} INFO - 26/01/20 04:45:43 INFO Executor: Running task 2.0 in stage 2.0 (TID 23)
[2026-01-20T04:45:43.477+0000] {subprocess.py:93} INFO - 26/01/20 04:45:43 INFO Executor: Running task 1.0 in stage 2.0 (TID 22)
[2026-01-20T04:45:43.478+0000] {subprocess.py:93} INFO - 26/01/20 04:45:43 INFO Executor: Running task 3.0 in stage 2.0 (TID 24)
[2026-01-20T04:45:43.478+0000] {subprocess.py:93} INFO - 26/01/20 04:45:43 INFO Executor: Running task 4.0 in stage 2.0 (TID 25)
[2026-01-20T04:45:43.479+0000] {subprocess.py:93} INFO - 26/01/20 04:45:43 INFO Executor: Running task 5.0 in stage 2.0 (TID 26)
[2026-01-20T04:45:43.480+0000] {subprocess.py:93} INFO - 26/01/20 04:45:43 INFO Executor: Running task 6.0 in stage 2.0 (TID 27)
[2026-01-20T04:45:43.481+0000] {subprocess.py:93} INFO - 26/01/20 04:45:43 INFO Executor: Running task 7.0 in stage 2.0 (TID 28)
[2026-01-20T04:45:43.523+0000] {subprocess.py:93} INFO - 26/01/20 04:45:43 INFO CodeGenerator: Code generated in 24.970009 ms
[2026-01-20T04:45:43.529+0000] {subprocess.py:93} INFO - 26/01/20 04:45:43 INFO FileScanRDD: Reading File path: file:///opt/spark-data/landing/user_events_1768879431.2231393.json, range: 4194304-8388608, partition values: [empty row]
[2026-01-20T04:45:43.530+0000] {subprocess.py:93} INFO - 26/01/20 04:45:43 INFO FileScanRDD: Reading File path: file:///opt/spark-data/landing/user_events_1768879431.2231393.json, range: 12582912-16777216, partition values: [empty row]
[2026-01-20T04:45:43.531+0000] {subprocess.py:93} INFO - 26/01/20 04:45:43 INFO FileScanRDD: Reading File path: file:///opt/spark-data/landing/user_events_1768879431.2231393.json, range: 29360128-33532706, partition values: [empty row]
[2026-01-20T04:45:43.532+0000] {subprocess.py:93} INFO - 26/01/20 04:45:43 INFO FileScanRDD: Reading File path: file:///opt/spark-data/landing/user_events_1768879431.2231393.json, range: 0-4194304, partition values: [empty row]
[2026-01-20T04:45:43.533+0000] {subprocess.py:93} INFO - 26/01/20 04:45:43 INFO FileScanRDD: Reading File path: file:///opt/spark-data/landing/user_events_1768879431.2231393.json, range: 25165824-29360128, partition values: [empty row]
[2026-01-20T04:45:43.534+0000] {subprocess.py:93} INFO - 26/01/20 04:45:43 INFO FileScanRDD: Reading File path: file:///opt/spark-data/landing/user_events_1768879431.2231393.json, range: 16777216-20971520, partition values: [empty row]
[2026-01-20T04:45:43.535+0000] {subprocess.py:93} INFO - 26/01/20 04:45:43 INFO FileScanRDD: Reading File path: file:///opt/spark-data/landing/user_events_1768879431.2231393.json, range: 8388608-12582912, partition values: [empty row]
[2026-01-20T04:45:43.536+0000] {subprocess.py:93} INFO - 26/01/20 04:45:43 INFO FileScanRDD: Reading File path: file:///opt/spark-data/landing/user_events_1768879431.2231393.json, range: 20971520-25165824, partition values: [empty row]
[2026-01-20T04:45:43.565+0000] {subprocess.py:93} INFO - 26/01/20 04:45:43 INFO CodeGenerator: Code generated in 30.368648 ms
[2026-01-20T04:45:43.578+0000] {subprocess.py:93} INFO - 26/01/20 04:45:43 INFO BlockManagerInfo: Removed broadcast_2_piece0 on 519d7d29de3d:40709 in memory (size: 34.2 KiB, free: 434.3 MiB)
[2026-01-20T04:45:43.592+0000] {subprocess.py:93} INFO - 26/01/20 04:45:43 INFO BlockManagerInfo: Removed broadcast_3_piece0 on 519d7d29de3d:40709 in memory (size: 7.5 KiB, free: 434.3 MiB)
[2026-01-20T04:45:43.607+0000] {subprocess.py:93} INFO - 26/01/20 04:45:43 INFO CodeGenerator: Code generated in 8.169849 ms
[2026-01-20T04:45:43.618+0000] {subprocess.py:93} INFO - 26/01/20 04:45:43 INFO CodeGenerator: Code generated in 7.483066 ms
[2026-01-20T04:45:44.177+0000] {subprocess.py:93} INFO - 26/01/20 04:45:44 INFO Executor: Finished task 5.0 in stage 2.0 (TID 26). 133763 bytes result sent to driver
[2026-01-20T04:45:44.179+0000] {subprocess.py:93} INFO - 26/01/20 04:45:44 INFO Executor: Finished task 2.0 in stage 2.0 (TID 23). 132180 bytes result sent to driver
[2026-01-20T04:45:44.180+0000] {subprocess.py:93} INFO - 26/01/20 04:45:44 INFO Executor: Finished task 1.0 in stage 2.0 (TID 22). 134096 bytes result sent to driver
[2026-01-20T04:45:44.181+0000] {subprocess.py:93} INFO - 26/01/20 04:45:44 INFO Executor: Finished task 3.0 in stage 2.0 (TID 24). 132601 bytes result sent to driver
[2026-01-20T04:45:44.182+0000] {subprocess.py:93} INFO - 26/01/20 04:45:44 INFO Executor: Finished task 4.0 in stage 2.0 (TID 25). 135408 bytes result sent to driver
[2026-01-20T04:45:44.183+0000] {subprocess.py:93} INFO - 26/01/20 04:45:44 INFO TaskSetManager: Finished task 3.0 in stage 2.0 (TID 24) in 709 ms on 519d7d29de3d (executor driver) (1/8)
[2026-01-20T04:45:44.184+0000] {subprocess.py:93} INFO - 26/01/20 04:45:44 INFO Executor: Finished task 7.0 in stage 2.0 (TID 28). 130576 bytes result sent to driver
[2026-01-20T04:45:44.185+0000] {subprocess.py:93} INFO - 26/01/20 04:45:44 INFO TaskSetManager: Finished task 2.0 in stage 2.0 (TID 23) in 711 ms on 519d7d29de3d (executor driver) (2/8)
[2026-01-20T04:45:44.187+0000] {subprocess.py:93} INFO - 26/01/20 04:45:44 INFO TaskSetManager: Finished task 1.0 in stage 2.0 (TID 22) in 712 ms on 519d7d29de3d (executor driver) (3/8)
[2026-01-20T04:45:44.188+0000] {subprocess.py:93} INFO - 26/01/20 04:45:44 INFO TaskSetManager: Finished task 5.0 in stage 2.0 (TID 26) in 710 ms on 519d7d29de3d (executor driver) (4/8)
[2026-01-20T04:45:44.189+0000] {subprocess.py:93} INFO - 26/01/20 04:45:44 INFO Executor: Finished task 0.0 in stage 2.0 (TID 21). 131277 bytes result sent to driver
[2026-01-20T04:45:44.190+0000] {subprocess.py:93} INFO - 26/01/20 04:45:44 INFO TaskSetManager: Finished task 4.0 in stage 2.0 (TID 25) in 713 ms on 519d7d29de3d (executor driver) (5/8)
[2026-01-20T04:45:44.191+0000] {subprocess.py:93} INFO - 26/01/20 04:45:44 INFO TaskSetManager: Finished task 7.0 in stage 2.0 (TID 28) in 712 ms on 519d7d29de3d (executor driver) (6/8)
[2026-01-20T04:45:44.192+0000] {subprocess.py:93} INFO - 26/01/20 04:45:44 INFO TaskSetManager: Finished task 0.0 in stage 2.0 (TID 21) in 717 ms on 519d7d29de3d (executor driver) (7/8)
[2026-01-20T04:45:44.192+0000] {subprocess.py:93} INFO - 26/01/20 04:45:44 INFO Executor: Finished task 6.0 in stage 2.0 (TID 27). 130034 bytes result sent to driver
[2026-01-20T04:45:44.193+0000] {subprocess.py:93} INFO - 26/01/20 04:45:44 INFO TaskSetManager: Finished task 6.0 in stage 2.0 (TID 27) in 717 ms on 519d7d29de3d (executor driver) (8/8)
[2026-01-20T04:45:44.194+0000] {subprocess.py:93} INFO - 26/01/20 04:45:44 INFO TaskSchedulerImpl: Removed TaskSet 2.0, whose tasks have all completed, from pool
[2026-01-20T04:45:44.195+0000] {subprocess.py:93} INFO - 26/01/20 04:45:44 INFO DAGScheduler: ResultStage 2 ($anonfun$withThreadLocalCaptured$1 at FutureTask.java:264) finished in 0.738 s
[2026-01-20T04:45:44.196+0000] {subprocess.py:93} INFO - 26/01/20 04:45:44 INFO DAGScheduler: Job 2 is finished. Cancelling potential speculative or zombie tasks for this job
[2026-01-20T04:45:44.196+0000] {subprocess.py:93} INFO - 26/01/20 04:45:44 INFO TaskSchedulerImpl: Killing all running tasks in stage 2: Stage finished
[2026-01-20T04:45:44.197+0000] {subprocess.py:93} INFO - 26/01/20 04:45:44 INFO DAGScheduler: Job 2 finished: $anonfun$withThreadLocalCaptured$1 at FutureTask.java:264, took 0.745239 s
[2026-01-20T04:45:44.242+0000] {subprocess.py:93} INFO - 26/01/20 04:45:44 INFO CodeGenerator: Code generated in 16.574672 ms
[2026-01-20T04:45:44.316+0000] {subprocess.py:93} INFO - 26/01/20 04:45:44 INFO MemoryStore: Block broadcast_6 stored as values in memory (estimated size 9.0 MiB, free 424.9 MiB)
[2026-01-20T04:45:44.360+0000] {subprocess.py:93} INFO - 26/01/20 04:45:44 INFO MemoryStore: Block broadcast_6_piece0 stored as bytes in memory (estimated size 1578.1 KiB, free 423.4 MiB)
[2026-01-20T04:45:44.361+0000] {subprocess.py:93} INFO - 26/01/20 04:45:44 INFO BlockManagerInfo: Added broadcast_6_piece0 in memory on 519d7d29de3d:40709 (size: 1578.1 KiB, free: 432.8 MiB)
[2026-01-20T04:45:44.362+0000] {subprocess.py:93} INFO - 26/01/20 04:45:44 INFO SparkContext: Created broadcast 6 from $anonfun$withThreadLocalCaptured$1 at FutureTask.java:264
[2026-01-20T04:45:44.377+0000] {subprocess.py:93} INFO - 26/01/20 04:45:44 INFO BlockManagerInfo: Removed broadcast_5_piece0 on 519d7d29de3d:40709 in memory (size: 7.4 KiB, free: 432.8 MiB)
[2026-01-20T04:45:44.390+0000] {subprocess.py:93} INFO - 26/01/20 04:45:44 INFO FileSourceStrategy: Pushed Filters: IsNotNull(user_id),IsNotNull(line_items)
[2026-01-20T04:45:44.391+0000] {subprocess.py:93} INFO - 26/01/20 04:45:44 INFO FileSourceStrategy: Post-Scan Filters: isnotnull(user_id#21),(size(line_items#10, true) > 0),isnotnull(line_items#10)
[2026-01-20T04:45:44.535+0000] {subprocess.py:93} INFO - 26/01/20 04:45:44 INFO FileOutputCommitter: File Output Committer Algorithm version is 1
[2026-01-20T04:45:44.536+0000] {subprocess.py:93} INFO - 26/01/20 04:45:44 INFO FileOutputCommitter: FileOutputCommitter skip cleanup _temporary folders under output directory:false, ignore cleanup failures: false
[2026-01-20T04:45:44.538+0000] {subprocess.py:93} INFO - 26/01/20 04:45:44 INFO SQLHadoopMapReduceCommitProtocol: Using output committer class org.apache.hadoop.mapreduce.lib.output.FileOutputCommitter
[2026-01-20T04:45:44.724+0000] {subprocess.py:93} INFO - 26/01/20 04:45:44 INFO CodeGenerator: Code generated in 63.589749 ms
[2026-01-20T04:45:44.727+0000] {subprocess.py:93} INFO - 26/01/20 04:45:44 INFO MemoryStore: Block broadcast_7 stored as values in memory (estimated size 199.1 KiB, free 423.2 MiB)
[2026-01-20T04:45:44.740+0000] {subprocess.py:93} INFO - 26/01/20 04:45:44 INFO MemoryStore: Block broadcast_7_piece0 stored as bytes in memory (estimated size 34.2 KiB, free 423.2 MiB)
[2026-01-20T04:45:44.741+0000] {subprocess.py:93} INFO - 26/01/20 04:45:44 INFO BlockManagerInfo: Added broadcast_7_piece0 in memory on 519d7d29de3d:40709 (size: 34.2 KiB, free: 432.8 MiB)
[2026-01-20T04:45:44.742+0000] {subprocess.py:93} INFO - 26/01/20 04:45:44 INFO SparkContext: Created broadcast 7 from csv at NativeMethodAccessorImpl.java:0
[2026-01-20T04:45:44.743+0000] {subprocess.py:93} INFO - 26/01/20 04:45:44 INFO FileSourceScanExec: Planning scan with bin packing, max size: 4194304 bytes, open cost is considered as scanning 4194304 bytes.
[2026-01-20T04:45:44.758+0000] {subprocess.py:93} INFO - 26/01/20 04:45:44 INFO SparkContext: Starting job: csv at NativeMethodAccessorImpl.java:0
[2026-01-20T04:45:44.759+0000] {subprocess.py:93} INFO - 26/01/20 04:45:44 INFO DAGScheduler: Got job 3 (csv at NativeMethodAccessorImpl.java:0) with 13 output partitions
[2026-01-20T04:45:44.760+0000] {subprocess.py:93} INFO - 26/01/20 04:45:44 INFO DAGScheduler: Final stage: ResultStage 3 (csv at NativeMethodAccessorImpl.java:0)
[2026-01-20T04:45:44.761+0000] {subprocess.py:93} INFO - 26/01/20 04:45:44 INFO DAGScheduler: Parents of final stage: List()
[2026-01-20T04:45:44.762+0000] {subprocess.py:93} INFO - 26/01/20 04:45:44 INFO DAGScheduler: Missing parents: List()
[2026-01-20T04:45:44.763+0000] {subprocess.py:93} INFO - 26/01/20 04:45:44 INFO DAGScheduler: Submitting ResultStage 3 (MapPartitionsRDD[15] at csv at NativeMethodAccessorImpl.java:0), which has no missing parents
[2026-01-20T04:45:44.799+0000] {subprocess.py:93} INFO - 26/01/20 04:45:44 INFO MemoryStore: Block broadcast_8 stored as values in memory (estimated size 233.0 KiB, free 422.9 MiB)
[2026-01-20T04:45:44.802+0000] {subprocess.py:93} INFO - 26/01/20 04:45:44 INFO MemoryStore: Block broadcast_8_piece0 stored as bytes in memory (estimated size 82.8 KiB, free 422.8 MiB)
[2026-01-20T04:45:44.803+0000] {subprocess.py:93} INFO - 26/01/20 04:45:44 INFO BlockManagerInfo: Added broadcast_8_piece0 in memory on 519d7d29de3d:40709 (size: 82.8 KiB, free: 432.7 MiB)
[2026-01-20T04:45:44.803+0000] {subprocess.py:93} INFO - 26/01/20 04:45:44 INFO SparkContext: Created broadcast 8 from broadcast at DAGScheduler.scala:1580
[2026-01-20T04:45:44.804+0000] {subprocess.py:93} INFO - 26/01/20 04:45:44 INFO DAGScheduler: Submitting 13 missing tasks from ResultStage 3 (MapPartitionsRDD[15] at csv at NativeMethodAccessorImpl.java:0) (first 15 tasks are for partitions Vector(0, 1, 2, 3, 4, 5, 6, 7, 8, 9, 10, 11, 12))
[2026-01-20T04:45:44.805+0000] {subprocess.py:93} INFO - 26/01/20 04:45:44 INFO TaskSchedulerImpl: Adding task set 3.0 with 13 tasks resource profile 0
[2026-01-20T04:45:44.806+0000] {subprocess.py:93} INFO - 26/01/20 04:45:44 INFO TaskSetManager: Starting task 0.0 in stage 3.0 (TID 29) (519d7d29de3d, executor driver, partition 0, PROCESS_LOCAL, 8251 bytes)
[2026-01-20T04:45:44.807+0000] {subprocess.py:93} INFO - 26/01/20 04:45:44 INFO TaskSetManager: Starting task 1.0 in stage 3.0 (TID 30) (519d7d29de3d, executor driver, partition 1, PROCESS_LOCAL, 8251 bytes)
[2026-01-20T04:45:44.808+0000] {subprocess.py:93} INFO - 26/01/20 04:45:44 INFO TaskSetManager: Starting task 2.0 in stage 3.0 (TID 31) (519d7d29de3d, executor driver, partition 2, PROCESS_LOCAL, 8251 bytes)
[2026-01-20T04:45:44.808+0000] {subprocess.py:93} INFO - 26/01/20 04:45:44 INFO TaskSetManager: Starting task 3.0 in stage 3.0 (TID 32) (519d7d29de3d, executor driver, partition 3, PROCESS_LOCAL, 8251 bytes)
[2026-01-20T04:45:44.809+0000] {subprocess.py:93} INFO - 26/01/20 04:45:44 INFO TaskSetManager: Starting task 4.0 in stage 3.0 (TID 33) (519d7d29de3d, executor driver, partition 4, PROCESS_LOCAL, 8251 bytes)
[2026-01-20T04:45:44.810+0000] {subprocess.py:93} INFO - 26/01/20 04:45:44 INFO TaskSetManager: Starting task 5.0 in stage 3.0 (TID 34) (519d7d29de3d, executor driver, partition 5, PROCESS_LOCAL, 8251 bytes)
[2026-01-20T04:45:44.810+0000] {subprocess.py:93} INFO - 26/01/20 04:45:44 INFO TaskSetManager: Starting task 6.0 in stage 3.0 (TID 35) (519d7d29de3d, executor driver, partition 6, PROCESS_LOCAL, 8251 bytes)
[2026-01-20T04:45:44.811+0000] {subprocess.py:93} INFO - 26/01/20 04:45:44 INFO TaskSetManager: Starting task 7.0 in stage 3.0 (TID 36) (519d7d29de3d, executor driver, partition 7, PROCESS_LOCAL, 8251 bytes)
[2026-01-20T04:45:44.811+0000] {subprocess.py:93} INFO - 26/01/20 04:45:44 INFO TaskSetManager: Starting task 8.0 in stage 3.0 (TID 37) (519d7d29de3d, executor driver, partition 8, PROCESS_LOCAL, 8251 bytes)
[2026-01-20T04:45:44.812+0000] {subprocess.py:93} INFO - 26/01/20 04:45:44 INFO TaskSetManager: Starting task 9.0 in stage 3.0 (TID 38) (519d7d29de3d, executor driver, partition 9, PROCESS_LOCAL, 8251 bytes)
[2026-01-20T04:45:44.813+0000] {subprocess.py:93} INFO - 26/01/20 04:45:44 INFO TaskSetManager: Starting task 10.0 in stage 3.0 (TID 39) (519d7d29de3d, executor driver, partition 10, PROCESS_LOCAL, 8251 bytes)
[2026-01-20T04:45:44.814+0000] {subprocess.py:93} INFO - 26/01/20 04:45:44 INFO TaskSetManager: Starting task 11.0 in stage 3.0 (TID 40) (519d7d29de3d, executor driver, partition 11, PROCESS_LOCAL, 8251 bytes)
[2026-01-20T04:45:44.816+0000] {subprocess.py:93} INFO - 26/01/20 04:45:44 INFO TaskSetManager: Starting task 12.0 in stage 3.0 (TID 41) (519d7d29de3d, executor driver, partition 12, PROCESS_LOCAL, 8251 bytes)
[2026-01-20T04:45:44.817+0000] {subprocess.py:93} INFO - 26/01/20 04:45:44 INFO Executor: Running task 0.0 in stage 3.0 (TID 29)
[2026-01-20T04:45:44.818+0000] {subprocess.py:93} INFO - 26/01/20 04:45:44 INFO Executor: Running task 3.0 in stage 3.0 (TID 32)
[2026-01-20T04:45:44.819+0000] {subprocess.py:93} INFO - 26/01/20 04:45:44 INFO Executor: Running task 2.0 in stage 3.0 (TID 31)
[2026-01-20T04:45:44.819+0000] {subprocess.py:93} INFO - 26/01/20 04:45:44 INFO Executor: Running task 5.0 in stage 3.0 (TID 34)
[2026-01-20T04:45:44.820+0000] {subprocess.py:93} INFO - 26/01/20 04:45:44 INFO Executor: Running task 7.0 in stage 3.0 (TID 36)
[2026-01-20T04:45:44.822+0000] {subprocess.py:93} INFO - 26/01/20 04:45:44 INFO Executor: Running task 4.0 in stage 3.0 (TID 33)
[2026-01-20T04:45:44.822+0000] {subprocess.py:93} INFO - 26/01/20 04:45:44 INFO Executor: Running task 8.0 in stage 3.0 (TID 37)
[2026-01-20T04:45:44.823+0000] {subprocess.py:93} INFO - 26/01/20 04:45:44 INFO Executor: Running task 6.0 in stage 3.0 (TID 35)
[2026-01-20T04:45:44.824+0000] {subprocess.py:93} INFO - 26/01/20 04:45:44 INFO Executor: Running task 1.0 in stage 3.0 (TID 30)
[2026-01-20T04:45:44.825+0000] {subprocess.py:93} INFO - 26/01/20 04:45:44 INFO Executor: Running task 9.0 in stage 3.0 (TID 38)
[2026-01-20T04:45:44.825+0000] {subprocess.py:93} INFO - 26/01/20 04:45:44 INFO Executor: Running task 11.0 in stage 3.0 (TID 40)
[2026-01-20T04:45:44.826+0000] {subprocess.py:93} INFO - 26/01/20 04:45:44 INFO Executor: Running task 12.0 in stage 3.0 (TID 41)
[2026-01-20T04:45:44.828+0000] {subprocess.py:93} INFO - 26/01/20 04:45:44 INFO Executor: Running task 10.0 in stage 3.0 (TID 39)
[2026-01-20T04:45:44.979+0000] {subprocess.py:93} INFO - 26/01/20 04:45:44 INFO CodeGenerator: Code generated in 69.958245 ms
[2026-01-20T04:45:44.987+0000] {subprocess.py:93} INFO - 26/01/20 04:45:44 INFO FileOutputCommitter: File Output Committer Algorithm version is 1
[2026-01-20T04:45:44.989+0000] {subprocess.py:93} INFO - 26/01/20 04:45:44 INFO FileOutputCommitter: File Output Committer Algorithm version is 1
[2026-01-20T04:45:44.992+0000] {subprocess.py:93} INFO - 26/01/20 04:45:44 INFO FileOutputCommitter: File Output Committer Algorithm version is 1
[2026-01-20T04:45:44.996+0000] {subprocess.py:93} INFO - 26/01/20 04:45:44 INFO FileOutputCommitter: File Output Committer Algorithm version is 1
[2026-01-20T04:45:44.997+0000] {subprocess.py:93} INFO - 26/01/20 04:45:44 INFO FileOutputCommitter: FileOutputCommitter skip cleanup _temporary folders under output directory:false, ignore cleanup failures: false
[2026-01-20T04:45:44.998+0000] {subprocess.py:93} INFO - 26/01/20 04:45:44 INFO FileOutputCommitter: File Output Committer Algorithm version is 1
[2026-01-20T04:45:44.999+0000] {subprocess.py:93} INFO - 26/01/20 04:45:44 INFO FileOutputCommitter: File Output Committer Algorithm version is 1
[2026-01-20T04:45:44.999+0000] {subprocess.py:93} INFO - 26/01/20 04:45:44 INFO FileOutputCommitter: FileOutputCommitter skip cleanup _temporary folders under output directory:false, ignore cleanup failures: false
[2026-01-20T04:45:45.000+0000] {subprocess.py:93} INFO - 26/01/20 04:45:44 INFO FileOutputCommitter: FileOutputCommitter skip cleanup _temporary folders under output directory:false, ignore cleanup failures: false
[2026-01-20T04:45:45.001+0000] {subprocess.py:93} INFO - 26/01/20 04:45:44 INFO SQLHadoopMapReduceCommitProtocol: Using output committer class org.apache.hadoop.mapreduce.lib.output.FileOutputCommitter
[2026-01-20T04:45:45.002+0000] {subprocess.py:93} INFO - 26/01/20 04:45:44 INFO FileOutputCommitter: FileOutputCommitter skip cleanup _temporary folders under output directory:false, ignore cleanup failures: false
[2026-01-20T04:45:45.003+0000] {subprocess.py:93} INFO - 26/01/20 04:45:44 INFO FileOutputCommitter: File Output Committer Algorithm version is 1
[2026-01-20T04:45:45.004+0000] {subprocess.py:93} INFO - 26/01/20 04:45:44 INFO FileOutputCommitter: File Output Committer Algorithm version is 1
[2026-01-20T04:45:45.004+0000] {subprocess.py:93} INFO - 26/01/20 04:45:44 INFO FileOutputCommitter: FileOutputCommitter skip cleanup _temporary folders under output directory:false, ignore cleanup failures: false
[2026-01-20T04:45:45.006+0000] {subprocess.py:93} INFO - 26/01/20 04:45:44 INFO FileOutputCommitter: FileOutputCommitter skip cleanup _temporary folders under output directory:false, ignore cleanup failures: false
[2026-01-20T04:45:45.008+0000] {subprocess.py:93} INFO - 26/01/20 04:45:44 INFO SQLHadoopMapReduceCommitProtocol: Using output committer class org.apache.hadoop.mapreduce.lib.output.FileOutputCommitter
[2026-01-20T04:45:45.009+0000] {subprocess.py:93} INFO - 26/01/20 04:45:44 INFO SQLHadoopMapReduceCommitProtocol: Using output committer class org.apache.hadoop.mapreduce.lib.output.FileOutputCommitter
[2026-01-20T04:45:45.011+0000] {subprocess.py:93} INFO - 26/01/20 04:45:44 INFO FileOutputCommitter: File Output Committer Algorithm version is 1
[2026-01-20T04:45:45.012+0000] {subprocess.py:93} INFO - 26/01/20 04:45:44 INFO FileOutputCommitter: FileOutputCommitter skip cleanup _temporary folders under output directory:false, ignore cleanup failures: false
[2026-01-20T04:45:45.015+0000] {subprocess.py:93} INFO - 26/01/20 04:45:44 INFO SQLHadoopMapReduceCommitProtocol: Using output committer class org.apache.hadoop.mapreduce.lib.output.FileOutputCommitter
[2026-01-20T04:45:45.016+0000] {subprocess.py:93} INFO - 26/01/20 04:45:44 INFO FileOutputCommitter: FileOutputCommitter skip cleanup _temporary folders under output directory:false, ignore cleanup failures: false
[2026-01-20T04:45:45.018+0000] {subprocess.py:93} INFO - 26/01/20 04:45:44 INFO SQLHadoopMapReduceCommitProtocol: Using output committer class org.apache.hadoop.mapreduce.lib.output.FileOutputCommitter
[2026-01-20T04:45:45.022+0000] {subprocess.py:93} INFO - 26/01/20 04:45:44 INFO SQLHadoopMapReduceCommitProtocol: Using output committer class org.apache.hadoop.mapreduce.lib.output.FileOutputCommitter
[2026-01-20T04:45:45.024+0000] {subprocess.py:93} INFO - 26/01/20 04:45:44 INFO FileScanRDD: Reading File path: file:///opt/spark-data/landing/transaction_events_1768879479.1820476.json, range: 8388608-12582912, partition values: [empty row]
[2026-01-20T04:45:45.026+0000] {subprocess.py:93} INFO - 26/01/20 04:45:44 INFO FileScanRDD: Reading File path: file:///opt/spark-data/landing/transaction_events_1768879479.1820476.json, range: 50331648-51561162, partition values: [empty row]
[2026-01-20T04:45:45.028+0000] {subprocess.py:93} INFO - 26/01/20 04:45:44 INFO FileScanRDD: Reading File path: file:///opt/spark-data/landing/transaction_events_1768879479.1820476.json, range: 41943040-46137344, partition values: [empty row]
[2026-01-20T04:45:45.029+0000] {subprocess.py:93} INFO - 26/01/20 04:45:44 INFO SQLHadoopMapReduceCommitProtocol: Using output committer class org.apache.hadoop.mapreduce.lib.output.FileOutputCommitter
[2026-01-20T04:45:45.031+0000] {subprocess.py:93} INFO - 26/01/20 04:45:44 INFO SQLHadoopMapReduceCommitProtocol: Using output committer class org.apache.hadoop.mapreduce.lib.output.FileOutputCommitter
[2026-01-20T04:45:45.032+0000] {subprocess.py:93} INFO - 26/01/20 04:45:44 INFO FileScanRDD: Reading File path: file:///opt/spark-data/landing/transaction_events_1768879479.1820476.json, range: 29360128-33554432, partition values: [empty row]
[2026-01-20T04:45:45.034+0000] {subprocess.py:93} INFO - 26/01/20 04:45:44 INFO FileOutputCommitter: File Output Committer Algorithm version is 1
[2026-01-20T04:45:45.035+0000] {subprocess.py:93} INFO - 26/01/20 04:45:44 INFO FileScanRDD: Reading File path: file:///opt/spark-data/landing/transaction_events_1768879479.1820476.json, range: 33554432-37748736, partition values: [empty row]
[2026-01-20T04:45:45.037+0000] {subprocess.py:93} INFO - 26/01/20 04:45:44 INFO FileOutputCommitter: FileOutputCommitter skip cleanup _temporary folders under output directory:false, ignore cleanup failures: false
[2026-01-20T04:45:45.038+0000] {subprocess.py:93} INFO - 26/01/20 04:45:44 INFO FileOutputCommitter: File Output Committer Algorithm version is 1
[2026-01-20T04:45:45.040+0000] {subprocess.py:93} INFO - 26/01/20 04:45:44 INFO FileOutputCommitter: FileOutputCommitter skip cleanup _temporary folders under output directory:false, ignore cleanup failures: false
[2026-01-20T04:45:45.041+0000] {subprocess.py:93} INFO - 26/01/20 04:45:44 INFO FileScanRDD: Reading File path: file:///opt/spark-data/landing/transaction_events_1768879479.1820476.json, range: 4194304-8388608, partition values: [empty row]
[2026-01-20T04:45:45.042+0000] {subprocess.py:93} INFO - 26/01/20 04:45:44 INFO FileOutputCommitter: File Output Committer Algorithm version is 1
[2026-01-20T04:45:45.042+0000] {subprocess.py:93} INFO - 26/01/20 04:45:44 INFO FileScanRDD: Reading File path: file:///opt/spark-data/landing/transaction_events_1768879479.1820476.json, range: 46137344-50331648, partition values: [empty row]
[2026-01-20T04:45:45.044+0000] {subprocess.py:93} INFO - 26/01/20 04:45:44 INFO FileOutputCommitter: FileOutputCommitter skip cleanup _temporary folders under output directory:false, ignore cleanup failures: false
[2026-01-20T04:45:45.045+0000] {subprocess.py:93} INFO - 26/01/20 04:45:44 INFO FileOutputCommitter: File Output Committer Algorithm version is 1
[2026-01-20T04:45:45.046+0000] {subprocess.py:93} INFO - 26/01/20 04:45:44 INFO FileOutputCommitter: FileOutputCommitter skip cleanup _temporary folders under output directory:false, ignore cleanup failures: false
[2026-01-20T04:45:45.048+0000] {subprocess.py:93} INFO - 26/01/20 04:45:44 INFO SQLHadoopMapReduceCommitProtocol: Using output committer class org.apache.hadoop.mapreduce.lib.output.FileOutputCommitter
[2026-01-20T04:45:45.049+0000] {subprocess.py:93} INFO - 26/01/20 04:45:44 INFO SQLHadoopMapReduceCommitProtocol: Using output committer class org.apache.hadoop.mapreduce.lib.output.FileOutputCommitter
[2026-01-20T04:45:45.051+0000] {subprocess.py:93} INFO - 26/01/20 04:45:44 INFO SQLHadoopMapReduceCommitProtocol: Using output committer class org.apache.hadoop.mapreduce.lib.output.FileOutputCommitter
[2026-01-20T04:45:45.054+0000] {subprocess.py:93} INFO - 26/01/20 04:45:44 INFO FileScanRDD: Reading File path: file:///opt/spark-data/landing/transaction_events_1768879479.1820476.json, range: 25165824-29360128, partition values: [empty row]
[2026-01-20T04:45:45.057+0000] {subprocess.py:93} INFO - 26/01/20 04:45:44 INFO FileScanRDD: Reading File path: file:///opt/spark-data/landing/transaction_events_1768879479.1820476.json, range: 37748736-41943040, partition values: [empty row]
[2026-01-20T04:45:45.059+0000] {subprocess.py:93} INFO - 26/01/20 04:45:44 INFO FileScanRDD: Reading File path: file:///opt/spark-data/landing/transaction_events_1768879479.1820476.json, range: 12582912-16777216, partition values: [empty row]
[2026-01-20T04:45:45.060+0000] {subprocess.py:93} INFO - 26/01/20 04:45:44 INFO FileOutputCommitter: FileOutputCommitter skip cleanup _temporary folders under output directory:false, ignore cleanup failures: false
[2026-01-20T04:45:45.061+0000] {subprocess.py:93} INFO - 26/01/20 04:45:45 INFO SQLHadoopMapReduceCommitProtocol: Using output committer class org.apache.hadoop.mapreduce.lib.output.FileOutputCommitter
[2026-01-20T04:45:45.062+0000] {subprocess.py:93} INFO - 26/01/20 04:45:45 INFO SQLHadoopMapReduceCommitProtocol: Using output committer class org.apache.hadoop.mapreduce.lib.output.FileOutputCommitter
[2026-01-20T04:45:45.064+0000] {subprocess.py:93} INFO - 26/01/20 04:45:45 INFO FileScanRDD: Reading File path: file:///opt/spark-data/landing/transaction_events_1768879479.1820476.json, range: 16777216-20971520, partition values: [empty row]
[2026-01-20T04:45:45.065+0000] {subprocess.py:93} INFO - 26/01/20 04:45:45 INFO FileScanRDD: Reading File path: file:///opt/spark-data/landing/transaction_events_1768879479.1820476.json, range: 20971520-25165824, partition values: [empty row]
[2026-01-20T04:45:45.067+0000] {subprocess.py:93} INFO - 26/01/20 04:45:45 INFO CodeGenerator: Code generated in 32.211601 ms
[2026-01-20T04:45:45.068+0000] {subprocess.py:93} INFO - 26/01/20 04:45:45 INFO CodeGenerator: Code generated in 7.516121 ms
[2026-01-20T04:45:45.370+0000] {subprocess.py:93} INFO - 26/01/20 04:45:45 INFO FileScanRDD: Reading File path: file:///opt/spark-data/landing/transaction_events_1768879479.1820476.json, range: 0-4194304, partition values: [empty row]
[2026-01-20T04:45:45.986+0000] {subprocess.py:93} INFO - 26/01/20 04:45:45 INFO FileOutputCommitter: Saved output of task 'attempt_202601200445447873654779675789212_0003_m_000012_41' to file:/opt/spark-data/gold/advertising/_temporary/0/task_202601200445447873654779675789212_0003_m_000012
[2026-01-20T04:45:45.992+0000] {subprocess.py:93} INFO - 26/01/20 04:45:45 INFO SparkHadoopMapRedUtil: attempt_202601200445447873654779675789212_0003_m_000012_41: Committed. Elapsed time: 74 ms.
[2026-01-20T04:45:46.027+0000] {subprocess.py:93} INFO - 26/01/20 04:45:46 INFO Executor: Finished task 12.0 in stage 3.0 (TID 41). 2936 bytes result sent to driver
[2026-01-20T04:45:46.032+0000] {subprocess.py:93} INFO - 26/01/20 04:45:46 INFO TaskSetManager: Finished task 12.0 in stage 3.0 (TID 41) in 1217 ms on 519d7d29de3d (executor driver) (1/13)
[2026-01-20T04:45:46.296+0000] {subprocess.py:93} INFO - 26/01/20 04:45:46 INFO FileOutputCommitter: Saved output of task 'attempt_202601200445447873654779675789212_0003_m_000005_34' to file:/opt/spark-data/gold/advertising/_temporary/0/task_202601200445447873654779675789212_0003_m_000005
[2026-01-20T04:45:46.298+0000] {subprocess.py:93} INFO - 26/01/20 04:45:46 INFO SparkHadoopMapRedUtil: attempt_202601200445447873654779675789212_0003_m_000005_34: Committed. Elapsed time: 60 ms.
[2026-01-20T04:45:46.300+0000] {subprocess.py:93} INFO - 26/01/20 04:45:46 INFO Executor: Finished task 5.0 in stage 3.0 (TID 34). 2893 bytes result sent to driver
[2026-01-20T04:45:46.301+0000] {subprocess.py:93} INFO - 26/01/20 04:45:46 INFO TaskSetManager: Finished task 5.0 in stage 3.0 (TID 34) in 1492 ms on 519d7d29de3d (executor driver) (2/13)
[2026-01-20T04:45:46.306+0000] {subprocess.py:93} INFO - 26/01/20 04:45:46 INFO FileOutputCommitter: Saved output of task 'attempt_202601200445447873654779675789212_0003_m_000001_30' to file:/opt/spark-data/gold/advertising/_temporary/0/task_202601200445447873654779675789212_0003_m_000001
[2026-01-20T04:45:46.307+0000] {subprocess.py:93} INFO - 26/01/20 04:45:46 INFO SparkHadoopMapRedUtil: attempt_202601200445447873654779675789212_0003_m_000001_30: Committed. Elapsed time: 58 ms.
[2026-01-20T04:45:46.308+0000] {subprocess.py:93} INFO - 26/01/20 04:45:46 INFO Executor: Finished task 1.0 in stage 3.0 (TID 30). 2893 bytes result sent to driver
[2026-01-20T04:45:46.310+0000] {subprocess.py:93} INFO - 26/01/20 04:45:46 INFO TaskSetManager: Finished task 1.0 in stage 3.0 (TID 30) in 1503 ms on 519d7d29de3d (executor driver) (3/13)
[2026-01-20T04:45:46.320+0000] {subprocess.py:93} INFO - 26/01/20 04:45:46 INFO FileOutputCommitter: Saved output of task 'attempt_202601200445447873654779675789212_0003_m_000007_36' to file:/opt/spark-data/gold/advertising/_temporary/0/task_202601200445447873654779675789212_0003_m_000007
[2026-01-20T04:45:46.321+0000] {subprocess.py:93} INFO - 26/01/20 04:45:46 INFO SparkHadoopMapRedUtil: attempt_202601200445447873654779675789212_0003_m_000007_36: Committed. Elapsed time: 56 ms.
[2026-01-20T04:45:46.321+0000] {subprocess.py:93} INFO - 26/01/20 04:45:46 INFO Executor: Finished task 7.0 in stage 3.0 (TID 36). 2893 bytes result sent to driver
[2026-01-20T04:45:46.322+0000] {subprocess.py:93} INFO - 26/01/20 04:45:46 INFO TaskSetManager: Finished task 7.0 in stage 3.0 (TID 36) in 1513 ms on 519d7d29de3d (executor driver) (4/13)
[2026-01-20T04:45:46.326+0000] {subprocess.py:93} INFO - 26/01/20 04:45:46 INFO FileOutputCommitter: Saved output of task 'attempt_202601200445447873654779675789212_0003_m_000003_32' to file:/opt/spark-data/gold/advertising/_temporary/0/task_202601200445447873654779675789212_0003_m_000003
[2026-01-20T04:45:46.327+0000] {subprocess.py:93} INFO - 26/01/20 04:45:46 INFO SparkHadoopMapRedUtil: attempt_202601200445447873654779675789212_0003_m_000003_32: Committed. Elapsed time: 58 ms.
[2026-01-20T04:45:46.328+0000] {subprocess.py:93} INFO - 26/01/20 04:45:46 INFO Executor: Finished task 3.0 in stage 3.0 (TID 32). 2893 bytes result sent to driver
[2026-01-20T04:45:46.329+0000] {subprocess.py:93} INFO - 26/01/20 04:45:46 INFO TaskSetManager: Finished task 3.0 in stage 3.0 (TID 32) in 1522 ms on 519d7d29de3d (executor driver) (5/13)
[2026-01-20T04:45:46.332+0000] {subprocess.py:93} INFO - 26/01/20 04:45:46 INFO FileOutputCommitter: Saved output of task 'attempt_202601200445447873654779675789212_0003_m_000008_37' to file:/opt/spark-data/gold/advertising/_temporary/0/task_202601200445447873654779675789212_0003_m_000008
[2026-01-20T04:45:46.333+0000] {subprocess.py:93} INFO - 26/01/20 04:45:46 INFO SparkHadoopMapRedUtil: attempt_202601200445447873654779675789212_0003_m_000008_37: Committed. Elapsed time: 62 ms.
[2026-01-20T04:45:46.333+0000] {subprocess.py:93} INFO - 26/01/20 04:45:46 INFO Executor: Finished task 8.0 in stage 3.0 (TID 37). 2893 bytes result sent to driver
[2026-01-20T04:45:46.334+0000] {subprocess.py:93} INFO - 26/01/20 04:45:46 INFO TaskSetManager: Finished task 8.0 in stage 3.0 (TID 37) in 1525 ms on 519d7d29de3d (executor driver) (6/13)
[2026-01-20T04:45:46.337+0000] {subprocess.py:93} INFO - 26/01/20 04:45:46 INFO FileOutputCommitter: Saved output of task 'attempt_202601200445447873654779675789212_0003_m_000011_40' to file:/opt/spark-data/gold/advertising/_temporary/0/task_202601200445447873654779675789212_0003_m_000011
[2026-01-20T04:45:46.338+0000] {subprocess.py:93} INFO - 26/01/20 04:45:46 INFO SparkHadoopMapRedUtil: attempt_202601200445447873654779675789212_0003_m_000011_40: Committed. Elapsed time: 68 ms.
[2026-01-20T04:45:46.339+0000] {subprocess.py:93} INFO - 26/01/20 04:45:46 INFO Executor: Finished task 11.0 in stage 3.0 (TID 40). 2893 bytes result sent to driver
[2026-01-20T04:45:46.339+0000] {subprocess.py:93} INFO - 26/01/20 04:45:46 INFO TaskSetManager: Finished task 11.0 in stage 3.0 (TID 40) in 1529 ms on 519d7d29de3d (executor driver) (7/13)
[2026-01-20T04:45:46.342+0000] {subprocess.py:93} INFO - 26/01/20 04:45:46 INFO FileOutputCommitter: Saved output of task 'attempt_202601200445447873654779675789212_0003_m_000009_38' to file:/opt/spark-data/gold/advertising/_temporary/0/task_202601200445447873654779675789212_0003_m_000009
[2026-01-20T04:45:46.343+0000] {subprocess.py:93} INFO - 26/01/20 04:45:46 INFO SparkHadoopMapRedUtil: attempt_202601200445447873654779675789212_0003_m_000009_38: Committed. Elapsed time: 72 ms.
[2026-01-20T04:45:46.344+0000] {subprocess.py:93} INFO - 26/01/20 04:45:46 INFO Executor: Finished task 9.0 in stage 3.0 (TID 38). 2893 bytes result sent to driver
[2026-01-20T04:45:46.346+0000] {subprocess.py:93} INFO - 26/01/20 04:45:46 INFO TaskSetManager: Finished task 9.0 in stage 3.0 (TID 38) in 1536 ms on 519d7d29de3d (executor driver) (8/13)
[2026-01-20T04:45:46.348+0000] {subprocess.py:93} INFO - 26/01/20 04:45:46 INFO FileOutputCommitter: Saved output of task 'attempt_202601200445447873654779675789212_0003_m_000002_31' to file:/opt/spark-data/gold/advertising/_temporary/0/task_202601200445447873654779675789212_0003_m_000002
[2026-01-20T04:45:46.349+0000] {subprocess.py:93} INFO - 26/01/20 04:45:46 INFO SparkHadoopMapRedUtil: attempt_202601200445447873654779675789212_0003_m_000002_31: Committed. Elapsed time: 67 ms.
[2026-01-20T04:45:46.349+0000] {subprocess.py:93} INFO - 26/01/20 04:45:46 INFO Executor: Finished task 2.0 in stage 3.0 (TID 31). 2893 bytes result sent to driver
[2026-01-20T04:45:46.351+0000] {subprocess.py:93} INFO - 26/01/20 04:45:46 INFO TaskSetManager: Finished task 2.0 in stage 3.0 (TID 31) in 1543 ms on 519d7d29de3d (executor driver) (9/13)
[2026-01-20T04:45:46.352+0000] {subprocess.py:93} INFO - 26/01/20 04:45:46 INFO FileOutputCommitter: Saved output of task 'attempt_202601200445447873654779675789212_0003_m_000010_39' to file:/opt/spark-data/gold/advertising/_temporary/0/task_202601200445447873654779675789212_0003_m_000010
[2026-01-20T04:45:46.353+0000] {subprocess.py:93} INFO - 26/01/20 04:45:46 INFO SparkHadoopMapRedUtil: attempt_202601200445447873654779675789212_0003_m_000010_39: Committed. Elapsed time: 74 ms.
[2026-01-20T04:45:46.354+0000] {subprocess.py:93} INFO - 26/01/20 04:45:46 INFO Executor: Finished task 10.0 in stage 3.0 (TID 39). 2893 bytes result sent to driver
[2026-01-20T04:45:46.354+0000] {subprocess.py:93} INFO - 26/01/20 04:45:46 INFO TaskSetManager: Finished task 10.0 in stage 3.0 (TID 39) in 1544 ms on 519d7d29de3d (executor driver) (10/13)
[2026-01-20T04:45:46.358+0000] {subprocess.py:93} INFO - 26/01/20 04:45:46 INFO FileOutputCommitter: Saved output of task 'attempt_202601200445447873654779675789212_0003_m_000000_29' to file:/opt/spark-data/gold/advertising/_temporary/0/task_202601200445447873654779675789212_0003_m_000000
[2026-01-20T04:45:46.358+0000] {subprocess.py:93} INFO - 26/01/20 04:45:46 INFO SparkHadoopMapRedUtil: attempt_202601200445447873654779675789212_0003_m_000000_29: Committed. Elapsed time: 75 ms.
[2026-01-20T04:45:46.359+0000] {subprocess.py:93} INFO - 26/01/20 04:45:46 INFO Executor: Finished task 0.0 in stage 3.0 (TID 29). 2893 bytes result sent to driver
[2026-01-20T04:45:46.360+0000] {subprocess.py:93} INFO - 26/01/20 04:45:46 INFO TaskSetManager: Finished task 0.0 in stage 3.0 (TID 29) in 1554 ms on 519d7d29de3d (executor driver) (11/13)
[2026-01-20T04:45:46.363+0000] {subprocess.py:93} INFO - 26/01/20 04:45:46 INFO FileOutputCommitter: Saved output of task 'attempt_202601200445447873654779675789212_0003_m_000006_35' to file:/opt/spark-data/gold/advertising/_temporary/0/task_202601200445447873654779675789212_0003_m_000006
[2026-01-20T04:45:46.363+0000] {subprocess.py:93} INFO - 26/01/20 04:45:46 INFO SparkHadoopMapRedUtil: attempt_202601200445447873654779675789212_0003_m_000006_35: Committed. Elapsed time: 81 ms.
[2026-01-20T04:45:46.368+0000] {subprocess.py:93} INFO - 26/01/20 04:45:46 INFO Executor: Finished task 6.0 in stage 3.0 (TID 35). 2936 bytes result sent to driver
[2026-01-20T04:45:46.369+0000] {subprocess.py:93} INFO - 26/01/20 04:45:46 INFO TaskSetManager: Finished task 6.0 in stage 3.0 (TID 35) in 1560 ms on 519d7d29de3d (executor driver) (12/13)
[2026-01-20T04:45:46.377+0000] {subprocess.py:93} INFO - 26/01/20 04:45:46 INFO FileOutputCommitter: Saved output of task 'attempt_202601200445447873654779675789212_0003_m_000004_33' to file:/opt/spark-data/gold/advertising/_temporary/0/task_202601200445447873654779675789212_0003_m_000004
[2026-01-20T04:45:46.378+0000] {subprocess.py:93} INFO - 26/01/20 04:45:46 INFO SparkHadoopMapRedUtil: attempt_202601200445447873654779675789212_0003_m_000004_33: Committed. Elapsed time: 68 ms.
[2026-01-20T04:45:46.379+0000] {subprocess.py:93} INFO - 26/01/20 04:45:46 INFO Executor: Finished task 4.0 in stage 3.0 (TID 33). 2893 bytes result sent to driver
[2026-01-20T04:45:46.380+0000] {subprocess.py:93} INFO - 26/01/20 04:45:46 INFO TaskSetManager: Finished task 4.0 in stage 3.0 (TID 33) in 1572 ms on 519d7d29de3d (executor driver) (13/13)
[2026-01-20T04:45:46.381+0000] {subprocess.py:93} INFO - 26/01/20 04:45:46 INFO TaskSchedulerImpl: Removed TaskSet 3.0, whose tasks have all completed, from pool
[2026-01-20T04:45:46.381+0000] {subprocess.py:93} INFO - 26/01/20 04:45:46 INFO DAGScheduler: ResultStage 3 (csv at NativeMethodAccessorImpl.java:0) finished in 1.619 s
[2026-01-20T04:45:46.382+0000] {subprocess.py:93} INFO - 26/01/20 04:45:46 INFO DAGScheduler: Job 3 is finished. Cancelling potential speculative or zombie tasks for this job
[2026-01-20T04:45:46.382+0000] {subprocess.py:93} INFO - 26/01/20 04:45:46 INFO TaskSchedulerImpl: Killing all running tasks in stage 3: Stage finished
[2026-01-20T04:45:46.383+0000] {subprocess.py:93} INFO - 26/01/20 04:45:46 INFO DAGScheduler: Job 3 finished: csv at NativeMethodAccessorImpl.java:0, took 1.623497 s
[2026-01-20T04:45:46.384+0000] {subprocess.py:93} INFO - 26/01/20 04:45:46 INFO FileFormatWriter: Start to commit write Job ba640778-5775-4fec-bb6b-28dc0d1fc0ea.
[2026-01-20T04:45:47.464+0000] {subprocess.py:93} INFO - 26/01/20 04:45:47 INFO FileFormatWriter: Write Job ba640778-5775-4fec-bb6b-28dc0d1fc0ea committed. Elapsed time: 1079 ms.
[2026-01-20T04:45:47.465+0000] {subprocess.py:93} INFO - 26/01/20 04:45:47 INFO FileFormatWriter: Finished processing stats for write job ba640778-5775-4fec-bb6b-28dc0d1fc0ea.
[2026-01-20T04:45:49.787+0000] {subprocess.py:93} INFO - 26/01/20 04:45:49 INFO FileSourceStrategy: Pushed Filters:
[2026-01-20T04:45:49.788+0000] {subprocess.py:93} INFO - 26/01/20 04:45:49 INFO FileSourceStrategy: Post-Scan Filters:
[2026-01-20T04:45:49.850+0000] {subprocess.py:93} INFO - 26/01/20 04:45:49 INFO CodeGenerator: Code generated in 11.527692 ms
[2026-01-20T04:45:49.857+0000] {subprocess.py:93} INFO - 26/01/20 04:45:49 INFO MemoryStore: Block broadcast_9 stored as values in memory (estimated size 199.1 KiB, free 422.6 MiB)
[2026-01-20T04:45:49.871+0000] {subprocess.py:93} INFO - 26/01/20 04:45:49 INFO MemoryStore: Block broadcast_9_piece0 stored as bytes in memory (estimated size 34.2 KiB, free 422.6 MiB)
[2026-01-20T04:45:49.872+0000] {subprocess.py:93} INFO - 26/01/20 04:45:49 INFO BlockManagerInfo: Added broadcast_9_piece0 in memory on 519d7d29de3d:40709 (size: 34.2 KiB, free: 432.6 MiB)
[2026-01-20T04:45:49.873+0000] {subprocess.py:93} INFO - 26/01/20 04:45:49 INFO SparkContext: Created broadcast 9 from csv at NativeMethodAccessorImpl.java:0
[2026-01-20T04:45:49.875+0000] {subprocess.py:93} INFO - 26/01/20 04:45:49 INFO FileSourceScanExec: Planning scan with bin packing, max size: 4194304 bytes, open cost is considered as scanning 4194304 bytes.
[2026-01-20T04:45:49.905+0000] {subprocess.py:93} INFO - 26/01/20 04:45:49 INFO DAGScheduler: Registering RDD 19 (csv at NativeMethodAccessorImpl.java:0) as input to shuffle 0
[2026-01-20T04:45:49.913+0000] {subprocess.py:93} INFO - 26/01/20 04:45:49 INFO DAGScheduler: Got map stage job 4 (csv at NativeMethodAccessorImpl.java:0) with 13 output partitions
[2026-01-20T04:45:49.914+0000] {subprocess.py:93} INFO - 26/01/20 04:45:49 INFO DAGScheduler: Final stage: ShuffleMapStage 4 (csv at NativeMethodAccessorImpl.java:0)
[2026-01-20T04:45:49.915+0000] {subprocess.py:93} INFO - 26/01/20 04:45:49 INFO DAGScheduler: Parents of final stage: List()
[2026-01-20T04:45:49.916+0000] {subprocess.py:93} INFO - 26/01/20 04:45:49 INFO DAGScheduler: Missing parents: List()
[2026-01-20T04:45:49.919+0000] {subprocess.py:93} INFO - 26/01/20 04:45:49 INFO DAGScheduler: Submitting ShuffleMapStage 4 (MapPartitionsRDD[19] at csv at NativeMethodAccessorImpl.java:0), which has no missing parents
[2026-01-20T04:45:49.956+0000] {subprocess.py:93} INFO - 26/01/20 04:45:49 INFO MemoryStore: Block broadcast_10 stored as values in memory (estimated size 18.5 KiB, free 422.6 MiB)
[2026-01-20T04:45:49.959+0000] {subprocess.py:93} INFO - 26/01/20 04:45:49 INFO MemoryStore: Block broadcast_10_piece0 stored as bytes in memory (estimated size 8.8 KiB, free 422.6 MiB)
[2026-01-20T04:45:49.961+0000] {subprocess.py:93} INFO - 26/01/20 04:45:49 INFO BlockManagerInfo: Added broadcast_10_piece0 in memory on 519d7d29de3d:40709 (size: 8.8 KiB, free: 432.6 MiB)
[2026-01-20T04:45:49.962+0000] {subprocess.py:93} INFO - 26/01/20 04:45:49 INFO SparkContext: Created broadcast 10 from broadcast at DAGScheduler.scala:1580
[2026-01-20T04:45:49.964+0000] {subprocess.py:93} INFO - 26/01/20 04:45:49 INFO DAGScheduler: Submitting 13 missing tasks from ShuffleMapStage 4 (MapPartitionsRDD[19] at csv at NativeMethodAccessorImpl.java:0) (first 15 tasks are for partitions Vector(0, 1, 2, 3, 4, 5, 6, 7, 8, 9, 10, 11, 12))
[2026-01-20T04:45:49.966+0000] {subprocess.py:93} INFO - 26/01/20 04:45:49 INFO TaskSchedulerImpl: Adding task set 4.0 with 13 tasks resource profile 0
[2026-01-20T04:45:49.968+0000] {subprocess.py:93} INFO - 26/01/20 04:45:49 INFO TaskSetManager: Starting task 0.0 in stage 4.0 (TID 42) (519d7d29de3d, executor driver, partition 0, PROCESS_LOCAL, 8240 bytes)
[2026-01-20T04:45:49.969+0000] {subprocess.py:93} INFO - 26/01/20 04:45:49 INFO TaskSetManager: Starting task 1.0 in stage 4.0 (TID 43) (519d7d29de3d, executor driver, partition 1, PROCESS_LOCAL, 8240 bytes)
[2026-01-20T04:45:49.971+0000] {subprocess.py:93} INFO - 26/01/20 04:45:49 INFO TaskSetManager: Starting task 2.0 in stage 4.0 (TID 44) (519d7d29de3d, executor driver, partition 2, PROCESS_LOCAL, 8240 bytes)
[2026-01-20T04:45:49.972+0000] {subprocess.py:93} INFO - 26/01/20 04:45:49 INFO TaskSetManager: Starting task 3.0 in stage 4.0 (TID 45) (519d7d29de3d, executor driver, partition 3, PROCESS_LOCAL, 8240 bytes)
[2026-01-20T04:45:49.973+0000] {subprocess.py:93} INFO - 26/01/20 04:45:49 INFO TaskSetManager: Starting task 4.0 in stage 4.0 (TID 46) (519d7d29de3d, executor driver, partition 4, PROCESS_LOCAL, 8240 bytes)
[2026-01-20T04:45:49.974+0000] {subprocess.py:93} INFO - 26/01/20 04:45:49 INFO TaskSetManager: Starting task 5.0 in stage 4.0 (TID 47) (519d7d29de3d, executor driver, partition 5, PROCESS_LOCAL, 8240 bytes)
[2026-01-20T04:45:49.975+0000] {subprocess.py:93} INFO - 26/01/20 04:45:49 INFO TaskSetManager: Starting task 6.0 in stage 4.0 (TID 48) (519d7d29de3d, executor driver, partition 6, PROCESS_LOCAL, 8240 bytes)
[2026-01-20T04:45:49.976+0000] {subprocess.py:93} INFO - 26/01/20 04:45:49 INFO TaskSetManager: Starting task 7.0 in stage 4.0 (TID 49) (519d7d29de3d, executor driver, partition 7, PROCESS_LOCAL, 8240 bytes)
[2026-01-20T04:45:49.977+0000] {subprocess.py:93} INFO - 26/01/20 04:45:49 INFO TaskSetManager: Starting task 8.0 in stage 4.0 (TID 50) (519d7d29de3d, executor driver, partition 8, PROCESS_LOCAL, 8240 bytes)
[2026-01-20T04:45:49.978+0000] {subprocess.py:93} INFO - 26/01/20 04:45:49 INFO TaskSetManager: Starting task 9.0 in stage 4.0 (TID 51) (519d7d29de3d, executor driver, partition 9, PROCESS_LOCAL, 8240 bytes)
[2026-01-20T04:45:49.980+0000] {subprocess.py:93} INFO - 26/01/20 04:45:49 INFO TaskSetManager: Starting task 10.0 in stage 4.0 (TID 52) (519d7d29de3d, executor driver, partition 10, PROCESS_LOCAL, 8240 bytes)
[2026-01-20T04:45:49.980+0000] {subprocess.py:93} INFO - 26/01/20 04:45:49 INFO TaskSetManager: Starting task 11.0 in stage 4.0 (TID 53) (519d7d29de3d, executor driver, partition 11, PROCESS_LOCAL, 8240 bytes)
[2026-01-20T04:45:49.981+0000] {subprocess.py:93} INFO - 26/01/20 04:45:49 INFO TaskSetManager: Starting task 12.0 in stage 4.0 (TID 54) (519d7d29de3d, executor driver, partition 12, PROCESS_LOCAL, 8240 bytes)
[2026-01-20T04:45:49.983+0000] {subprocess.py:93} INFO - 26/01/20 04:45:49 INFO Executor: Running task 2.0 in stage 4.0 (TID 44)
[2026-01-20T04:45:49.984+0000] {subprocess.py:93} INFO - 26/01/20 04:45:49 INFO Executor: Running task 3.0 in stage 4.0 (TID 45)
[2026-01-20T04:45:49.986+0000] {subprocess.py:93} INFO - 26/01/20 04:45:49 INFO Executor: Running task 1.0 in stage 4.0 (TID 43)
[2026-01-20T04:45:49.987+0000] {subprocess.py:93} INFO - 26/01/20 04:45:49 INFO Executor: Running task 0.0 in stage 4.0 (TID 42)
[2026-01-20T04:45:49.989+0000] {subprocess.py:93} INFO - 26/01/20 04:45:49 INFO Executor: Running task 4.0 in stage 4.0 (TID 46)
[2026-01-20T04:45:49.990+0000] {subprocess.py:93} INFO - 26/01/20 04:45:49 INFO Executor: Running task 5.0 in stage 4.0 (TID 47)
[2026-01-20T04:45:49.991+0000] {subprocess.py:93} INFO - 26/01/20 04:45:49 INFO Executor: Running task 6.0 in stage 4.0 (TID 48)
[2026-01-20T04:45:49.994+0000] {subprocess.py:93} INFO - 26/01/20 04:45:49 INFO Executor: Running task 7.0 in stage 4.0 (TID 49)
[2026-01-20T04:45:49.995+0000] {subprocess.py:93} INFO - 26/01/20 04:45:49 INFO Executor: Running task 9.0 in stage 4.0 (TID 51)
[2026-01-20T04:45:49.996+0000] {subprocess.py:93} INFO - 26/01/20 04:45:49 INFO Executor: Running task 8.0 in stage 4.0 (TID 50)
[2026-01-20T04:45:49.997+0000] {subprocess.py:93} INFO - 26/01/20 04:45:49 INFO Executor: Running task 10.0 in stage 4.0 (TID 52)
[2026-01-20T04:45:49.998+0000] {subprocess.py:93} INFO - 26/01/20 04:45:49 INFO Executor: Running task 11.0 in stage 4.0 (TID 53)
[2026-01-20T04:45:50.000+0000] {subprocess.py:93} INFO - 26/01/20 04:45:49 INFO Executor: Running task 12.0 in stage 4.0 (TID 54)
[2026-01-20T04:45:50.019+0000] {subprocess.py:93} INFO - 26/01/20 04:45:50 INFO CodeGenerator: Code generated in 14.071594 ms
[2026-01-20T04:45:50.060+0000] {subprocess.py:93} INFO - 26/01/20 04:45:50 INFO CodeGenerator: Code generated in 31.12304 ms
[2026-01-20T04:45:50.089+0000] {subprocess.py:93} INFO - 26/01/20 04:45:50 INFO FileScanRDD: Reading File path: file:///opt/spark-data/landing/transaction_events_1768879479.1820476.json, range: 8388608-12582912, partition values: [empty row]
[2026-01-20T04:45:50.090+0000] {subprocess.py:93} INFO - 26/01/20 04:45:50 INFO FileScanRDD: Reading File path: file:///opt/spark-data/landing/transaction_events_1768879479.1820476.json, range: 0-4194304, partition values: [empty row]
[2026-01-20T04:45:50.091+0000] {subprocess.py:93} INFO - 26/01/20 04:45:50 INFO FileScanRDD: Reading File path: file:///opt/spark-data/landing/transaction_events_1768879479.1820476.json, range: 20971520-25165824, partition values: [empty row]
[2026-01-20T04:45:50.097+0000] {subprocess.py:93} INFO - 26/01/20 04:45:50 INFO FileScanRDD: Reading File path: file:///opt/spark-data/landing/transaction_events_1768879479.1820476.json, range: 29360128-33554432, partition values: [empty row]
[2026-01-20T04:45:50.099+0000] {subprocess.py:93} INFO - 26/01/20 04:45:50 INFO FileScanRDD: Reading File path: file:///opt/spark-data/landing/transaction_events_1768879479.1820476.json, range: 50331648-51561162, partition values: [empty row]
[2026-01-20T04:45:50.101+0000] {subprocess.py:93} INFO - 26/01/20 04:45:50 INFO FileScanRDD: Reading File path: file:///opt/spark-data/landing/transaction_events_1768879479.1820476.json, range: 37748736-41943040, partition values: [empty row]
[2026-01-20T04:45:50.102+0000] {subprocess.py:93} INFO - 26/01/20 04:45:50 INFO FileScanRDD: Reading File path: file:///opt/spark-data/landing/transaction_events_1768879479.1820476.json, range: 46137344-50331648, partition values: [empty row]
[2026-01-20T04:45:50.104+0000] {subprocess.py:93} INFO - 26/01/20 04:45:50 INFO FileScanRDD: Reading File path: file:///opt/spark-data/landing/transaction_events_1768879479.1820476.json, range: 16777216-20971520, partition values: [empty row]
[2026-01-20T04:45:50.105+0000] {subprocess.py:93} INFO - 26/01/20 04:45:50 INFO FileScanRDD: Reading File path: file:///opt/spark-data/landing/transaction_events_1768879479.1820476.json, range: 25165824-29360128, partition values: [empty row]
[2026-01-20T04:45:50.107+0000] {subprocess.py:93} INFO - 26/01/20 04:45:50 INFO FileScanRDD: Reading File path: file:///opt/spark-data/landing/transaction_events_1768879479.1820476.json, range: 12582912-16777216, partition values: [empty row]
[2026-01-20T04:45:50.109+0000] {subprocess.py:93} INFO - 26/01/20 04:45:50 INFO FileScanRDD: Reading File path: file:///opt/spark-data/landing/transaction_events_1768879479.1820476.json, range: 4194304-8388608, partition values: [empty row]
[2026-01-20T04:45:50.110+0000] {subprocess.py:93} INFO - 26/01/20 04:45:50 INFO FileScanRDD: Reading File path: file:///opt/spark-data/landing/transaction_events_1768879479.1820476.json, range: 33554432-37748736, partition values: [empty row]
[2026-01-20T04:45:50.112+0000] {subprocess.py:93} INFO - 26/01/20 04:45:50 INFO FileScanRDD: Reading File path: file:///opt/spark-data/landing/transaction_events_1768879479.1820476.json, range: 41943040-46137344, partition values: [empty row]
[2026-01-20T04:45:50.130+0000] {subprocess.py:93} INFO - 26/01/20 04:45:50 INFO CodeGenerator: Code generated in 35.626703 ms
[2026-01-20T04:45:50.610+0000] {subprocess.py:93} INFO - 26/01/20 04:45:50 INFO BlockManagerInfo: Removed broadcast_6_piece0 on 519d7d29de3d:40709 in memory (size: 1578.1 KiB, free: 434.2 MiB)
[2026-01-20T04:45:50.650+0000] {subprocess.py:93} INFO - 26/01/20 04:45:50 INFO BlockManagerInfo: Removed broadcast_8_piece0 on 519d7d29de3d:40709 in memory (size: 82.8 KiB, free: 434.3 MiB)
[2026-01-20T04:45:50.734+0000] {subprocess.py:93} INFO - 26/01/20 04:45:50 INFO BlockManagerInfo: Removed broadcast_4_piece0 on 519d7d29de3d:40709 in memory (size: 34.2 KiB, free: 434.3 MiB)
[2026-01-20T04:45:50.753+0000] {subprocess.py:93} INFO - 26/01/20 04:45:50 INFO BlockManagerInfo: Removed broadcast_0_piece0 on 519d7d29de3d:40709 in memory (size: 34.2 KiB, free: 434.3 MiB)
[2026-01-20T04:45:50.766+0000] {subprocess.py:93} INFO - 26/01/20 04:45:50 INFO BlockManagerInfo: Removed broadcast_7_piece0 on 519d7d29de3d:40709 in memory (size: 34.2 KiB, free: 434.4 MiB)
[2026-01-20T04:45:50.782+0000] {subprocess.py:93} INFO - 26/01/20 04:45:50 INFO BlockManagerInfo: Removed broadcast_1_piece0 on 519d7d29de3d:40709 in memory (size: 7.5 KiB, free: 434.4 MiB)
[2026-01-20T04:45:50.980+0000] {subprocess.py:93} INFO - 26/01/20 04:45:50 INFO Executor: Finished task 12.0 in stage 4.0 (TID 54). 2075 bytes result sent to driver
[2026-01-20T04:45:50.985+0000] {subprocess.py:93} INFO - 26/01/20 04:45:50 INFO TaskSetManager: Finished task 12.0 in stage 4.0 (TID 54) in 1006 ms on 519d7d29de3d (executor driver) (1/13)
[2026-01-20T04:45:51.195+0000] {subprocess.py:93} INFO - 26/01/20 04:45:51 INFO Executor: Finished task 6.0 in stage 4.0 (TID 48). 2075 bytes result sent to driver
[2026-01-20T04:45:51.197+0000] {subprocess.py:93} INFO - 26/01/20 04:45:51 INFO TaskSetManager: Finished task 6.0 in stage 4.0 (TID 48) in 1224 ms on 519d7d29de3d (executor driver) (2/13)
[2026-01-20T04:45:51.200+0000] {subprocess.py:93} INFO - 26/01/20 04:45:51 INFO Executor: Finished task 2.0 in stage 4.0 (TID 44). 2032 bytes result sent to driver
[2026-01-20T04:45:51.202+0000] {subprocess.py:93} INFO - 26/01/20 04:45:51 INFO TaskSetManager: Finished task 2.0 in stage 4.0 (TID 44) in 1232 ms on 519d7d29de3d (executor driver) (3/13)
[2026-01-20T04:45:51.234+0000] {subprocess.py:93} INFO - 26/01/20 04:45:51 INFO Executor: Finished task 1.0 in stage 4.0 (TID 43). 2075 bytes result sent to driver
[2026-01-20T04:45:51.236+0000] {subprocess.py:93} INFO - 26/01/20 04:45:51 INFO Executor: Finished task 7.0 in stage 4.0 (TID 49). 2032 bytes result sent to driver
[2026-01-20T04:45:51.237+0000] {subprocess.py:93} INFO - 26/01/20 04:45:51 INFO TaskSetManager: Finished task 1.0 in stage 4.0 (TID 43) in 1268 ms on 519d7d29de3d (executor driver) (4/13)
[2026-01-20T04:45:51.238+0000] {subprocess.py:93} INFO - 26/01/20 04:45:51 INFO TaskSetManager: Finished task 7.0 in stage 4.0 (TID 49) in 1263 ms on 519d7d29de3d (executor driver) (5/13)
[2026-01-20T04:45:51.245+0000] {subprocess.py:93} INFO - 26/01/20 04:45:51 INFO Executor: Finished task 4.0 in stage 4.0 (TID 46). 2075 bytes result sent to driver
[2026-01-20T04:45:51.246+0000] {subprocess.py:93} INFO - 26/01/20 04:45:51 INFO TaskSetManager: Finished task 4.0 in stage 4.0 (TID 46) in 1275 ms on 519d7d29de3d (executor driver) (6/13)
[2026-01-20T04:45:51.252+0000] {subprocess.py:93} INFO - 26/01/20 04:45:51 INFO Executor: Finished task 8.0 in stage 4.0 (TID 50). 2075 bytes result sent to driver
[2026-01-20T04:45:51.253+0000] {subprocess.py:93} INFO - 26/01/20 04:45:51 INFO TaskSetManager: Finished task 8.0 in stage 4.0 (TID 50) in 1277 ms on 519d7d29de3d (executor driver) (7/13)
[2026-01-20T04:45:51.254+0000] {subprocess.py:93} INFO - 26/01/20 04:45:51 INFO Executor: Finished task 3.0 in stage 4.0 (TID 45). 2075 bytes result sent to driver
[2026-01-20T04:45:51.255+0000] {subprocess.py:93} INFO - 26/01/20 04:45:51 INFO TaskSetManager: Finished task 3.0 in stage 4.0 (TID 45) in 1284 ms on 519d7d29de3d (executor driver) (8/13)
[2026-01-20T04:45:51.256+0000] {subprocess.py:93} INFO - 26/01/20 04:45:51 INFO Executor: Finished task 10.0 in stage 4.0 (TID 52). 2075 bytes result sent to driver
[2026-01-20T04:45:51.256+0000] {subprocess.py:93} INFO - 26/01/20 04:45:51 INFO Executor: Finished task 11.0 in stage 4.0 (TID 53). 2075 bytes result sent to driver
[2026-01-20T04:45:51.257+0000] {subprocess.py:93} INFO - 26/01/20 04:45:51 INFO TaskSetManager: Finished task 10.0 in stage 4.0 (TID 52) in 1279 ms on 519d7d29de3d (executor driver) (9/13)
[2026-01-20T04:45:51.258+0000] {subprocess.py:93} INFO - 26/01/20 04:45:51 INFO TaskSetManager: Finished task 11.0 in stage 4.0 (TID 53) in 1279 ms on 519d7d29de3d (executor driver) (10/13)
[2026-01-20T04:45:51.259+0000] {subprocess.py:93} INFO - 26/01/20 04:45:51 INFO Executor: Finished task 9.0 in stage 4.0 (TID 51). 2075 bytes result sent to driver
[2026-01-20T04:45:51.261+0000] {subprocess.py:93} INFO - 26/01/20 04:45:51 INFO TaskSetManager: Finished task 9.0 in stage 4.0 (TID 51) in 1285 ms on 519d7d29de3d (executor driver) (11/13)
[2026-01-20T04:45:51.263+0000] {subprocess.py:93} INFO - 26/01/20 04:45:51 INFO Executor: Finished task 0.0 in stage 4.0 (TID 42). 2075 bytes result sent to driver
[2026-01-20T04:45:51.264+0000] {subprocess.py:93} INFO - 26/01/20 04:45:51 INFO Executor: Finished task 5.0 in stage 4.0 (TID 47). 2075 bytes result sent to driver
[2026-01-20T04:45:51.265+0000] {subprocess.py:93} INFO - 26/01/20 04:45:51 INFO TaskSetManager: Finished task 5.0 in stage 4.0 (TID 47) in 1294 ms on 519d7d29de3d (executor driver) (12/13)
[2026-01-20T04:45:51.266+0000] {subprocess.py:93} INFO - 26/01/20 04:45:51 INFO TaskSetManager: Finished task 0.0 in stage 4.0 (TID 42) in 1300 ms on 519d7d29de3d (executor driver) (13/13)
[2026-01-20T04:45:51.267+0000] {subprocess.py:93} INFO - 26/01/20 04:45:51 INFO TaskSchedulerImpl: Removed TaskSet 4.0, whose tasks have all completed, from pool
[2026-01-20T04:45:51.268+0000] {subprocess.py:93} INFO - 26/01/20 04:45:51 INFO DAGScheduler: ShuffleMapStage 4 (csv at NativeMethodAccessorImpl.java:0) finished in 1.340 s
[2026-01-20T04:45:51.269+0000] {subprocess.py:93} INFO - 26/01/20 04:45:51 INFO DAGScheduler: looking for newly runnable stages
[2026-01-20T04:45:51.270+0000] {subprocess.py:93} INFO - 26/01/20 04:45:51 INFO DAGScheduler: running: Set()
[2026-01-20T04:45:51.271+0000] {subprocess.py:93} INFO - 26/01/20 04:45:51 INFO DAGScheduler: waiting: Set()
[2026-01-20T04:45:51.272+0000] {subprocess.py:93} INFO - 26/01/20 04:45:51 INFO DAGScheduler: failed: Set()
[2026-01-20T04:45:51.291+0000] {subprocess.py:93} INFO - 26/01/20 04:45:51 INFO ShufflePartitionsUtil: For shuffle(0), advisory target size: 67108864, actual target size 1048576, minimum partition size: 1048576
[2026-01-20T04:45:51.389+0000] {subprocess.py:93} INFO - 26/01/20 04:45:51 INFO FileOutputCommitter: File Output Committer Algorithm version is 1
[2026-01-20T04:45:51.390+0000] {subprocess.py:93} INFO - 26/01/20 04:45:51 INFO FileOutputCommitter: FileOutputCommitter skip cleanup _temporary folders under output directory:false, ignore cleanup failures: false
[2026-01-20T04:45:51.391+0000] {subprocess.py:93} INFO - 26/01/20 04:45:51 INFO SQLHadoopMapReduceCommitProtocol: Using output committer class org.apache.hadoop.mapreduce.lib.output.FileOutputCommitter
[2026-01-20T04:45:51.479+0000] {subprocess.py:93} INFO - 26/01/20 04:45:51 INFO CodeGenerator: Code generated in 13.620406 ms
[2026-01-20T04:45:51.490+0000] {subprocess.py:93} INFO - 26/01/20 04:45:51 INFO CodeGenerator: Code generated in 7.988852 ms
[2026-01-20T04:45:51.609+0000] {subprocess.py:93} INFO - 26/01/20 04:45:51 INFO SparkContext: Starting job: csv at NativeMethodAccessorImpl.java:0
[2026-01-20T04:45:51.612+0000] {subprocess.py:93} INFO - 26/01/20 04:45:51 INFO DAGScheduler: Got job 5 (csv at NativeMethodAccessorImpl.java:0) with 1 output partitions
[2026-01-20T04:45:51.613+0000] {subprocess.py:93} INFO - 26/01/20 04:45:51 INFO DAGScheduler: Final stage: ResultStage 6 (csv at NativeMethodAccessorImpl.java:0)
[2026-01-20T04:45:51.614+0000] {subprocess.py:93} INFO - 26/01/20 04:45:51 INFO DAGScheduler: Parents of final stage: List(ShuffleMapStage 5)
[2026-01-20T04:45:51.615+0000] {subprocess.py:93} INFO - 26/01/20 04:45:51 INFO DAGScheduler: Missing parents: List()
[2026-01-20T04:45:51.616+0000] {subprocess.py:93} INFO - 26/01/20 04:45:51 INFO DAGScheduler: Submitting ResultStage 6 (MapPartitionsRDD[26] at csv at NativeMethodAccessorImpl.java:0), which has no missing parents
[2026-01-20T04:45:51.645+0000] {subprocess.py:93} INFO - 26/01/20 04:45:51 INFO MemoryStore: Block broadcast_11 stored as values in memory (estimated size 244.7 KiB, free 433.9 MiB)
[2026-01-20T04:45:51.651+0000] {subprocess.py:93} INFO - 26/01/20 04:45:51 INFO MemoryStore: Block broadcast_11_piece0 stored as bytes in memory (estimated size 91.6 KiB, free 433.8 MiB)
[2026-01-20T04:45:51.652+0000] {subprocess.py:93} INFO - 26/01/20 04:45:51 INFO BlockManagerInfo: Added broadcast_11_piece0 in memory on 519d7d29de3d:40709 (size: 91.6 KiB, free: 434.3 MiB)
[2026-01-20T04:45:51.653+0000] {subprocess.py:93} INFO - 26/01/20 04:45:51 INFO SparkContext: Created broadcast 11 from broadcast at DAGScheduler.scala:1580
[2026-01-20T04:45:51.654+0000] {subprocess.py:93} INFO - 26/01/20 04:45:51 INFO DAGScheduler: Submitting 1 missing tasks from ResultStage 6 (MapPartitionsRDD[26] at csv at NativeMethodAccessorImpl.java:0) (first 15 tasks are for partitions Vector(0))
[2026-01-20T04:45:51.655+0000] {subprocess.py:93} INFO - 26/01/20 04:45:51 INFO TaskSchedulerImpl: Adding task set 6.0 with 1 tasks resource profile 0
[2026-01-20T04:45:51.664+0000] {subprocess.py:93} INFO - 26/01/20 04:45:51 INFO TaskSetManager: Starting task 0.0 in stage 6.0 (TID 55) (519d7d29de3d, executor driver, partition 0, NODE_LOCAL, 7975 bytes)
[2026-01-20T04:45:51.665+0000] {subprocess.py:93} INFO - 26/01/20 04:45:51 INFO Executor: Running task 0.0 in stage 6.0 (TID 55)
[2026-01-20T04:45:51.693+0000] {subprocess.py:93} INFO - 26/01/20 04:45:51 INFO FileOutputCommitter: File Output Committer Algorithm version is 1
[2026-01-20T04:45:51.694+0000] {subprocess.py:93} INFO - 26/01/20 04:45:51 INFO FileOutputCommitter: FileOutputCommitter skip cleanup _temporary folders under output directory:false, ignore cleanup failures: false
[2026-01-20T04:45:51.695+0000] {subprocess.py:93} INFO - 26/01/20 04:45:51 INFO SQLHadoopMapReduceCommitProtocol: Using output committer class org.apache.hadoop.mapreduce.lib.output.FileOutputCommitter
[2026-01-20T04:45:51.878+0000] {subprocess.py:93} INFO - 26/01/20 04:45:51 INFO ShuffleBlockFetcherIterator: Getting 13 (1044.2 KiB) non-empty blocks including 13 (1044.2 KiB) local and 0 (0.0 B) host-local and 0 (0.0 B) push-merged-local and 0 (0.0 B) remote blocks
[2026-01-20T04:45:51.881+0000] {subprocess.py:93} INFO - 26/01/20 04:45:51 INFO ShuffleBlockFetcherIterator: Started 0 remote fetches in 10 ms
[2026-01-20T04:45:51.893+0000] {subprocess.py:93} INFO - 26/01/20 04:45:51 INFO CodeGenerator: Code generated in 7.832371 ms
[2026-01-20T04:45:51.908+0000] {subprocess.py:93} INFO - 26/01/20 04:45:51 INFO CodeGenerator: Code generated in 10.411533 ms
[2026-01-20T04:45:51.922+0000] {subprocess.py:93} INFO - 26/01/20 04:45:51 INFO CodeGenerator: Code generated in 7.898218 ms
[2026-01-20T04:45:51.936+0000] {subprocess.py:93} INFO - 26/01/20 04:45:51 INFO CodeGenerator: Code generated in 5.397109 ms
[2026-01-20T04:45:52.012+0000] {subprocess.py:93} INFO - 26/01/20 04:45:52 INFO CodeGenerator: Code generated in 5.128829 ms
[2026-01-20T04:45:52.023+0000] {subprocess.py:93} INFO - 26/01/20 04:45:52 INFO CodeGenerator: Code generated in 5.654897 ms
[2026-01-20T04:45:52.029+0000] {subprocess.py:93} INFO - 26/01/20 04:45:52 INFO CodeGenerator: Code generated in 4.156917 ms
[2026-01-20T04:45:52.036+0000] {subprocess.py:93} INFO - 26/01/20 04:45:52 INFO CodeGenerator: Code generated in 5.161723 ms
[2026-01-20T04:45:52.043+0000] {subprocess.py:93} INFO - 26/01/20 04:45:52 INFO CodeGenerator: Code generated in 6.049932 ms
[2026-01-20T04:45:52.052+0000] {subprocess.py:93} INFO - 26/01/20 04:45:52 INFO CodeGenerator: Code generated in 7.413755 ms
[2026-01-20T04:45:52.064+0000] {subprocess.py:93} INFO - 26/01/20 04:45:52 INFO CodeGenerator: Code generated in 8.05611 ms
[2026-01-20T04:45:52.123+0000] {subprocess.py:93} INFO - 26/01/20 04:45:52 INFO CodeGenerator: Code generated in 5.005064 ms
[2026-01-20T04:45:52.141+0000] {subprocess.py:93} INFO - 26/01/20 04:45:52 INFO CodeGenerator: Code generated in 10.432513 ms
[2026-01-20T04:45:52.149+0000] {subprocess.py:93} INFO - 26/01/20 04:45:52 INFO CodeGenerator: Code generated in 5.72425 ms
[2026-01-20T04:45:52.274+0000] {subprocess.py:93} INFO - 26/01/20 04:45:52 INFO ShuffleBlockFetcherIterator: Getting 13 (1039.8 KiB) non-empty blocks including 13 (1039.8 KiB) local and 0 (0.0 B) host-local and 0 (0.0 B) push-merged-local and 0 (0.0 B) remote blocks
[2026-01-20T04:45:52.275+0000] {subprocess.py:93} INFO - 26/01/20 04:45:52 INFO ShuffleBlockFetcherIterator: Started 0 remote fetches in 1 ms
[2026-01-20T04:45:52.440+0000] {subprocess.py:93} INFO - 26/01/20 04:45:52 INFO ShuffleBlockFetcherIterator: Getting 13 (1030.5 KiB) non-empty blocks including 13 (1030.5 KiB) local and 0 (0.0 B) host-local and 0 (0.0 B) push-merged-local and 0 (0.0 B) remote blocks
[2026-01-20T04:45:52.441+0000] {subprocess.py:93} INFO - 26/01/20 04:45:52 INFO ShuffleBlockFetcherIterator: Started 0 remote fetches in 1 ms
[2026-01-20T04:45:52.539+0000] {subprocess.py:93} INFO - 26/01/20 04:45:52 INFO ShuffleBlockFetcherIterator: Getting 13 (1283.5 KiB) non-empty blocks including 13 (1283.5 KiB) local and 0 (0.0 B) host-local and 0 (0.0 B) push-merged-local and 0 (0.0 B) remote blocks
[2026-01-20T04:45:52.539+0000] {subprocess.py:93} INFO - 26/01/20 04:45:52 INFO ShuffleBlockFetcherIterator: Started 0 remote fetches in 1 ms
[2026-01-20T04:45:52.711+0000] {subprocess.py:93} INFO - 26/01/20 04:45:52 INFO FileOutputCommitter: Saved output of task 'attempt_202601200445514072501305724931165_0006_m_000000_55' to file:/opt/spark-data/gold/transaction_analytics/_temporary/0/task_202601200445514072501305724931165_0006_m_000000
[2026-01-20T04:45:52.712+0000] {subprocess.py:93} INFO - 26/01/20 04:45:52 INFO SparkHadoopMapRedUtil: attempt_202601200445514072501305724931165_0006_m_000000_55: Committed. Elapsed time: 34 ms.
[2026-01-20T04:45:52.714+0000] {subprocess.py:93} INFO - 26/01/20 04:45:52 INFO Executor: Finished task 0.0 in stage 6.0 (TID 55). 5888 bytes result sent to driver
[2026-01-20T04:45:52.715+0000] {subprocess.py:93} INFO - 26/01/20 04:45:52 INFO TaskSetManager: Finished task 0.0 in stage 6.0 (TID 55) in 1055 ms on 519d7d29de3d (executor driver) (1/1)
[2026-01-20T04:45:52.718+0000] {subprocess.py:93} INFO - 26/01/20 04:45:52 INFO TaskSchedulerImpl: Removed TaskSet 6.0, whose tasks have all completed, from pool
[2026-01-20T04:45:52.718+0000] {subprocess.py:93} INFO - 26/01/20 04:45:52 INFO DAGScheduler: ResultStage 6 (csv at NativeMethodAccessorImpl.java:0) finished in 1.101 s
[2026-01-20T04:45:52.721+0000] {subprocess.py:93} INFO - 26/01/20 04:45:52 INFO DAGScheduler: Job 5 is finished. Cancelling potential speculative or zombie tasks for this job
[2026-01-20T04:45:52.721+0000] {subprocess.py:93} INFO - 26/01/20 04:45:52 INFO TaskSchedulerImpl: Killing all running tasks in stage 6: Stage finished
[2026-01-20T04:45:52.723+0000] {subprocess.py:93} INFO - 26/01/20 04:45:52 INFO DAGScheduler: Job 5 finished: csv at NativeMethodAccessorImpl.java:0, took 1.107555 s
[2026-01-20T04:45:52.724+0000] {subprocess.py:93} INFO - 26/01/20 04:45:52 INFO FileFormatWriter: Start to commit write Job 1c6a5b34-d8f2-407a-a5b8-c05ed89d1431.
[2026-01-20T04:45:52.973+0000] {subprocess.py:93} INFO - 26/01/20 04:45:52 INFO FileFormatWriter: Write Job 1c6a5b34-d8f2-407a-a5b8-c05ed89d1431 committed. Elapsed time: 254 ms.
[2026-01-20T04:45:52.974+0000] {subprocess.py:93} INFO - 26/01/20 04:45:52 INFO FileFormatWriter: Finished processing stats for write job 1c6a5b34-d8f2-407a-a5b8-c05ed89d1431.
[2026-01-20T04:45:52.974+0000] {subprocess.py:93} INFO - Analytics Table with Window Functions created successfully.
[2026-01-20T04:45:52.997+0000] {subprocess.py:93} INFO - Traceback (most recent call last):
[2026-01-20T04:45:52.998+0000] {subprocess.py:93} INFO -   File "/opt/spark-jobs/etl_job.py", line 184, in <module>
[2026-01-20T04:45:53.005+0000] {subprocess.py:93} INFO -     run_etl(spark,'/opt/spark-data/landing', '/opt/spark-data/gold')
[2026-01-20T04:45:53.006+0000] {subprocess.py:93} INFO -   File "/opt/spark-jobs/etl_job.py", line 169, in run_etl
[2026-01-20T04:45:53.012+0000] {subprocess.py:93} INFO -     transaction_cleaned(spark, df_topic_transaction, output_path)
[2026-01-20T04:45:53.013+0000] {subprocess.py:93} INFO -   File "/opt/spark-jobs/etl_job.py", line 125, in transaction_cleaned
[2026-01-20T04:45:53.019+0000] {subprocess.py:93} INFO -     .select("*","billing_address.city".alias("billing_address_city"),
[2026-01-20T04:45:53.020+0000] {subprocess.py:93} INFO - AttributeError: 'str' object has no attribute 'alias'
[2026-01-20T04:45:53.080+0000] {subprocess.py:93} INFO - 26/01/20 04:45:53 INFO SparkContext: Invoking stop() from shutdown hook
[2026-01-20T04:45:53.081+0000] {subprocess.py:93} INFO - 26/01/20 04:45:53 INFO SparkContext: SparkContext is stopping with exitCode 0.
[2026-01-20T04:45:53.094+0000] {subprocess.py:93} INFO - 26/01/20 04:45:53 INFO SparkUI: Stopped Spark web UI at http://519d7d29de3d:4040
[2026-01-20T04:45:53.105+0000] {subprocess.py:93} INFO - 26/01/20 04:45:53 INFO MapOutputTrackerMasterEndpoint: MapOutputTrackerMasterEndpoint stopped!
[2026-01-20T04:45:53.124+0000] {subprocess.py:93} INFO - 26/01/20 04:45:53 INFO MemoryStore: MemoryStore cleared
[2026-01-20T04:45:53.125+0000] {subprocess.py:93} INFO - 26/01/20 04:45:53 INFO BlockManager: BlockManager stopped
[2026-01-20T04:45:53.129+0000] {subprocess.py:93} INFO - 26/01/20 04:45:53 INFO BlockManagerMaster: BlockManagerMaster stopped
[2026-01-20T04:45:53.131+0000] {subprocess.py:93} INFO - 26/01/20 04:45:53 INFO OutputCommitCoordinator$OutputCommitCoordinatorEndpoint: OutputCommitCoordinator stopped!
[2026-01-20T04:45:53.146+0000] {subprocess.py:93} INFO - 26/01/20 04:45:53 INFO SparkContext: Successfully stopped SparkContext
[2026-01-20T04:45:53.147+0000] {subprocess.py:93} INFO - 26/01/20 04:45:53 INFO ShutdownHookManager: Shutdown hook called
[2026-01-20T04:45:53.148+0000] {subprocess.py:93} INFO - 26/01/20 04:45:53 INFO ShutdownHookManager: Deleting directory /tmp/spark-b6442a74-13c0-4456-8d81-0ec995bbb8b2
[2026-01-20T04:45:53.151+0000] {subprocess.py:93} INFO - 26/01/20 04:45:53 INFO ShutdownHookManager: Deleting directory /tmp/spark-c7278028-adf3-4764-a134-cb6b121f0b03
[2026-01-20T04:45:53.155+0000] {subprocess.py:93} INFO - 26/01/20 04:45:53 INFO ShutdownHookManager: Deleting directory /tmp/spark-b6442a74-13c0-4456-8d81-0ec995bbb8b2/pyspark-85847638-a0b0-44c9-a6e4-b2f3795249c8
[2026-01-20T04:45:53.217+0000] {subprocess.py:97} INFO - Command exited with return code 1
[2026-01-20T04:45:53.234+0000] {taskinstance.py:2698} ERROR - Task failed with exception
Traceback (most recent call last):
  File "/home/airflow/.local/lib/python3.10/site-packages/airflow/models/taskinstance.py", line 433, in _execute_task
    result = execute_callable(context=context, **execute_callable_kwargs)
  File "/home/airflow/.local/lib/python3.10/site-packages/airflow/operators/bash.py", line 212, in execute
    raise AirflowException(
airflow.exceptions.AirflowException: Bash command failed. The command returned a non-zero exit code 1.
[2026-01-20T04:45:53.241+0000] {taskinstance.py:1138} INFO - Marking task as FAILED. dag_id=streamflow_main, task_id=Spark_Submit, execution_date=20260120T044531, start_date=20260120T044532, end_date=20260120T044553
[2026-01-20T04:45:53.259+0000] {standard_task_runner.py:107} ERROR - Failed to execute job 19 for task Spark_Submit (Bash command failed. The command returned a non-zero exit code 1.; 8440)
[2026-01-20T04:45:53.302+0000] {local_task_job_runner.py:234} INFO - Task exited with return code 1
[2026-01-20T04:45:53.325+0000] {taskinstance.py:3280} INFO - 0 downstream tasks scheduled from follow-on schedule check
