[2026-01-20T04:33:03.757+0000] {taskinstance.py:1956} INFO - Dependencies all met for dep_context=non-requeueable deps ti=<TaskInstance: streamflow_main.Spark_Submit manual__2026-01-20T04:33:01.615076+00:00 [queued]>
[2026-01-20T04:33:03.765+0000] {taskinstance.py:1956} INFO - Dependencies all met for dep_context=requeueable deps ti=<TaskInstance: streamflow_main.Spark_Submit manual__2026-01-20T04:33:01.615076+00:00 [queued]>
[2026-01-20T04:33:03.766+0000] {taskinstance.py:2170} INFO - Starting attempt 1 of 1
[2026-01-20T04:33:03.782+0000] {taskinstance.py:2191} INFO - Executing <Task(BashOperator): Spark_Submit> on 2026-01-20 04:33:01.615076+00:00
[2026-01-20T04:33:03.786+0000] {standard_task_runner.py:60} INFO - Started process 6446 to run task
[2026-01-20T04:33:03.788+0000] {standard_task_runner.py:87} INFO - Running: ['***', 'tasks', 'run', 'streamflow_main', 'Spark_Submit', 'manual__2026-01-20T04:33:01.615076+00:00', '--job-id', '15', '--raw', '--subdir', 'DAGS_FOLDER/dag_streamflow.py', '--cfg-path', '/tmp/tmpgz3l_an4']
[2026-01-20T04:33:03.791+0000] {standard_task_runner.py:88} INFO - Job 15: Subtask Spark_Submit
[2026-01-20T04:33:03.841+0000] {task_command.py:423} INFO - Running <TaskInstance: streamflow_main.Spark_Submit manual__2026-01-20T04:33:01.615076+00:00 [running]> on host 519d7d29de3d
[2026-01-20T04:33:03.939+0000] {taskinstance.py:2480} INFO - Exporting env vars: AIRFLOW_CTX_DAG_OWNER='student' AIRFLOW_CTX_DAG_ID='streamflow_main' AIRFLOW_CTX_TASK_ID='Spark_Submit' AIRFLOW_CTX_EXECUTION_DATE='2026-01-20T04:33:01.615076+00:00' AIRFLOW_CTX_TRY_NUMBER='1' AIRFLOW_CTX_DAG_RUN_ID='manual__2026-01-20T04:33:01.615076+00:00'
[2026-01-20T04:33:03.942+0000] {subprocess.py:63} INFO - Tmp dir root location: /tmp
[2026-01-20T04:33:03.943+0000] {subprocess.py:75} INFO - Running command: ['/usr/bin/bash', '-c', '\n            spark-submit                 --master spark://spark-master:7077                 /opt/spark-jobs/etl_job.py\n        ']
[2026-01-20T04:33:03.953+0000] {subprocess.py:86} INFO - Output:
[2026-01-20T04:33:03.962+0000] {subprocess.py:93} INFO - /opt/spark/bin/load-spark-env.sh: line 68: ps: command not found
[2026-01-20T04:33:06.584+0000] {subprocess.py:93} INFO - 26/01/20 04:33:06 INFO SparkContext: Running Spark version 3.5.0
[2026-01-20T04:33:06.585+0000] {subprocess.py:93} INFO - 26/01/20 04:33:06 INFO SparkContext: OS info Linux, 5.15.167.4-microsoft-standard-WSL2, amd64
[2026-01-20T04:33:06.586+0000] {subprocess.py:93} INFO - 26/01/20 04:33:06 INFO SparkContext: Java version 17.0.17
[2026-01-20T04:33:06.629+0000] {subprocess.py:93} INFO - 26/01/20 04:33:06 WARN NativeCodeLoader: Unable to load native-hadoop library for your platform... using builtin-java classes where applicable
[2026-01-20T04:33:06.706+0000] {subprocess.py:93} INFO - 26/01/20 04:33:06 INFO ResourceUtils: ==============================================================
[2026-01-20T04:33:06.707+0000] {subprocess.py:93} INFO - 26/01/20 04:33:06 INFO ResourceUtils: No custom resources configured for spark.driver.
[2026-01-20T04:33:06.707+0000] {subprocess.py:93} INFO - 26/01/20 04:33:06 INFO ResourceUtils: ==============================================================
[2026-01-20T04:33:06.708+0000] {subprocess.py:93} INFO - 26/01/20 04:33:06 INFO SparkContext: Submitted application: ETL_job
[2026-01-20T04:33:06.726+0000] {subprocess.py:93} INFO - 26/01/20 04:33:06 INFO ResourceProfile: Default ResourceProfile created, executor resources: Map(cores -> name: cores, amount: 1, script: , vendor: , memory -> name: memory, amount: 1024, script: , vendor: , offHeap -> name: offHeap, amount: 0, script: , vendor: ), task resources: Map(cpus -> name: cpus, amount: 1.0)
[2026-01-20T04:33:06.734+0000] {subprocess.py:93} INFO - 26/01/20 04:33:06 INFO ResourceProfile: Limiting resource is cpu
[2026-01-20T04:33:06.735+0000] {subprocess.py:93} INFO - 26/01/20 04:33:06 INFO ResourceProfileManager: Added ResourceProfile id: 0
[2026-01-20T04:33:06.784+0000] {subprocess.py:93} INFO - 26/01/20 04:33:06 INFO SecurityManager: Changing view acls to: root
[2026-01-20T04:33:06.784+0000] {subprocess.py:93} INFO - 26/01/20 04:33:06 INFO SecurityManager: Changing modify acls to: root
[2026-01-20T04:33:06.785+0000] {subprocess.py:93} INFO - 26/01/20 04:33:06 INFO SecurityManager: Changing view acls groups to:
[2026-01-20T04:33:06.785+0000] {subprocess.py:93} INFO - 26/01/20 04:33:06 INFO SecurityManager: Changing modify acls groups to:
[2026-01-20T04:33:06.786+0000] {subprocess.py:93} INFO - 26/01/20 04:33:06 INFO SecurityManager: SecurityManager: authentication disabled; ui acls disabled; users with view permissions: root; groups with view permissions: EMPTY; users with modify permissions: root; groups with modify permissions: EMPTY
[2026-01-20T04:33:07.009+0000] {subprocess.py:93} INFO - 26/01/20 04:33:07 INFO Utils: Successfully started service 'sparkDriver' on port 39183.
[2026-01-20T04:33:07.038+0000] {subprocess.py:93} INFO - 26/01/20 04:33:07 INFO SparkEnv: Registering MapOutputTracker
[2026-01-20T04:33:07.071+0000] {subprocess.py:93} INFO - 26/01/20 04:33:07 INFO SparkEnv: Registering BlockManagerMaster
[2026-01-20T04:33:07.085+0000] {subprocess.py:93} INFO - 26/01/20 04:33:07 INFO BlockManagerMasterEndpoint: Using org.apache.spark.storage.DefaultTopologyMapper for getting topology information
[2026-01-20T04:33:07.086+0000] {subprocess.py:93} INFO - 26/01/20 04:33:07 INFO BlockManagerMasterEndpoint: BlockManagerMasterEndpoint up
[2026-01-20T04:33:07.089+0000] {subprocess.py:93} INFO - 26/01/20 04:33:07 INFO SparkEnv: Registering BlockManagerMasterHeartbeat
[2026-01-20T04:33:07.105+0000] {subprocess.py:93} INFO - 26/01/20 04:33:07 INFO DiskBlockManager: Created local directory at /tmp/blockmgr-49495ae9-c08d-4473-8ff5-fe52b8b55d45
[2026-01-20T04:33:07.120+0000] {subprocess.py:93} INFO - 26/01/20 04:33:07 INFO MemoryStore: MemoryStore started with capacity 434.4 MiB
[2026-01-20T04:33:07.138+0000] {subprocess.py:93} INFO - 26/01/20 04:33:07 INFO SparkEnv: Registering OutputCommitCoordinator
[2026-01-20T04:33:07.262+0000] {subprocess.py:93} INFO - 26/01/20 04:33:07 INFO JettyUtils: Start Jetty 0.0.0.0:4040 for SparkUI
[2026-01-20T04:33:07.330+0000] {subprocess.py:93} INFO - 26/01/20 04:33:07 INFO Utils: Successfully started service 'SparkUI' on port 4040.
[2026-01-20T04:33:07.448+0000] {subprocess.py:93} INFO - 26/01/20 04:33:07 INFO Executor: Starting executor ID driver on host 519d7d29de3d
[2026-01-20T04:33:07.449+0000] {subprocess.py:93} INFO - 26/01/20 04:33:07 INFO Executor: OS info Linux, 5.15.167.4-microsoft-standard-WSL2, amd64
[2026-01-20T04:33:07.450+0000] {subprocess.py:93} INFO - 26/01/20 04:33:07 INFO Executor: Java version 17.0.17
[2026-01-20T04:33:07.457+0000] {subprocess.py:93} INFO - 26/01/20 04:33:07 INFO Executor: Starting executor with user classpath (userClassPathFirst = false): ''
[2026-01-20T04:33:07.458+0000] {subprocess.py:93} INFO - 26/01/20 04:33:07 INFO Executor: Created or updated repl class loader org.apache.spark.util.MutableURLClassLoader@66495d03 for default.
[2026-01-20T04:33:07.479+0000] {subprocess.py:93} INFO - 26/01/20 04:33:07 INFO Utils: Successfully started service 'org.apache.spark.network.netty.NettyBlockTransferService' on port 38857.
[2026-01-20T04:33:07.480+0000] {subprocess.py:93} INFO - 26/01/20 04:33:07 INFO NettyBlockTransferService: Server created on 519d7d29de3d:38857
[2026-01-20T04:33:07.482+0000] {subprocess.py:93} INFO - 26/01/20 04:33:07 INFO BlockManager: Using org.apache.spark.storage.RandomBlockReplicationPolicy for block replication policy
[2026-01-20T04:33:07.488+0000] {subprocess.py:93} INFO - 26/01/20 04:33:07 INFO BlockManagerMaster: Registering BlockManager BlockManagerId(driver, 519d7d29de3d, 38857, None)
[2026-01-20T04:33:07.492+0000] {subprocess.py:93} INFO - 26/01/20 04:33:07 INFO BlockManagerMasterEndpoint: Registering block manager 519d7d29de3d:38857 with 434.4 MiB RAM, BlockManagerId(driver, 519d7d29de3d, 38857, None)
[2026-01-20T04:33:07.494+0000] {subprocess.py:93} INFO - 26/01/20 04:33:07 INFO BlockManagerMaster: Registered BlockManager BlockManagerId(driver, 519d7d29de3d, 38857, None)
[2026-01-20T04:33:07.495+0000] {subprocess.py:93} INFO - 26/01/20 04:33:07 INFO BlockManager: Initialized BlockManager: BlockManagerId(driver, 519d7d29de3d, 38857, None)
[2026-01-20T04:33:07.990+0000] {subprocess.py:93} INFO - 26/01/20 04:33:07 INFO SharedState: Setting hive.metastore.warehouse.dir ('null') to the value of spark.sql.warehouse.dir.
[2026-01-20T04:33:08.005+0000] {subprocess.py:93} INFO - 26/01/20 04:33:08 INFO SharedState: Warehouse path is 'file:/tmp/***tmpxd9peyxd/spark-warehouse'.
[2026-01-20T04:33:08.955+0000] {subprocess.py:93} INFO - 26/01/20 04:33:08 INFO InMemoryFileIndex: It took 53 ms to list leaf files for 1 paths.
[2026-01-20T04:33:09.038+0000] {subprocess.py:93} INFO - 26/01/20 04:33:09 INFO InMemoryFileIndex: It took 11 ms to list leaf files for 1 paths.
[2026-01-20T04:33:10.961+0000] {subprocess.py:93} INFO - 26/01/20 04:33:10 INFO FileSourceStrategy: Pushed Filters:
[2026-01-20T04:33:10.979+0000] {subprocess.py:93} INFO - 26/01/20 04:33:10 INFO FileSourceStrategy: Post-Scan Filters:
[2026-01-20T04:33:11.199+0000] {subprocess.py:93} INFO - 26/01/20 04:33:11 INFO MemoryStore: Block broadcast_0 stored as values in memory (estimated size 199.2 KiB, free 434.2 MiB)
[2026-01-20T04:33:11.240+0000] {subprocess.py:93} INFO - 26/01/20 04:33:11 INFO MemoryStore: Block broadcast_0_piece0 stored as bytes in memory (estimated size 34.2 KiB, free 434.2 MiB)
[2026-01-20T04:33:11.242+0000] {subprocess.py:93} INFO - 26/01/20 04:33:11 INFO BlockManagerInfo: Added broadcast_0_piece0 in memory on 519d7d29de3d:38857 (size: 34.2 KiB, free: 434.4 MiB)
[2026-01-20T04:33:11.246+0000] {subprocess.py:93} INFO - 26/01/20 04:33:11 INFO SparkContext: Created broadcast 0 from json at NativeMethodAccessorImpl.java:0
[2026-01-20T04:33:11.256+0000] {subprocess.py:93} INFO - 26/01/20 04:33:11 INFO FileSourceScanExec: Planning scan with bin packing, max size: 4194304 bytes, open cost is considered as scanning 4194304 bytes.
[2026-01-20T04:33:11.384+0000] {subprocess.py:93} INFO - 26/01/20 04:33:11 INFO SparkContext: Starting job: json at NativeMethodAccessorImpl.java:0
[2026-01-20T04:33:11.407+0000] {subprocess.py:93} INFO - 26/01/20 04:33:11 INFO DAGScheduler: Got job 0 (json at NativeMethodAccessorImpl.java:0) with 13 output partitions
[2026-01-20T04:33:11.409+0000] {subprocess.py:93} INFO - 26/01/20 04:33:11 INFO DAGScheduler: Final stage: ResultStage 0 (json at NativeMethodAccessorImpl.java:0)
[2026-01-20T04:33:11.410+0000] {subprocess.py:93} INFO - 26/01/20 04:33:11 INFO DAGScheduler: Parents of final stage: List()
[2026-01-20T04:33:11.410+0000] {subprocess.py:93} INFO - 26/01/20 04:33:11 INFO DAGScheduler: Missing parents: List()
[2026-01-20T04:33:11.412+0000] {subprocess.py:93} INFO - 26/01/20 04:33:11 INFO DAGScheduler: Submitting ResultStage 0 (MapPartitionsRDD[3] at json at NativeMethodAccessorImpl.java:0), which has no missing parents
[2026-01-20T04:33:11.483+0000] {subprocess.py:93} INFO - 26/01/20 04:33:11 INFO MemoryStore: Block broadcast_1 stored as values in memory (estimated size 16.0 KiB, free 434.2 MiB)
[2026-01-20T04:33:11.485+0000] {subprocess.py:93} INFO - 26/01/20 04:33:11 INFO MemoryStore: Block broadcast_1_piece0 stored as bytes in memory (estimated size 7.5 KiB, free 434.1 MiB)
[2026-01-20T04:33:11.486+0000] {subprocess.py:93} INFO - 26/01/20 04:33:11 INFO BlockManagerInfo: Added broadcast_1_piece0 in memory on 519d7d29de3d:38857 (size: 7.5 KiB, free: 434.4 MiB)
[2026-01-20T04:33:11.486+0000] {subprocess.py:93} INFO - 26/01/20 04:33:11 INFO SparkContext: Created broadcast 1 from broadcast at DAGScheduler.scala:1580
[2026-01-20T04:33:11.500+0000] {subprocess.py:93} INFO - 26/01/20 04:33:11 INFO DAGScheduler: Submitting 13 missing tasks from ResultStage 0 (MapPartitionsRDD[3] at json at NativeMethodAccessorImpl.java:0) (first 15 tasks are for partitions Vector(0, 1, 2, 3, 4, 5, 6, 7, 8, 9, 10, 11, 12))
[2026-01-20T04:33:11.501+0000] {subprocess.py:93} INFO - 26/01/20 04:33:11 INFO TaskSchedulerImpl: Adding task set 0.0 with 13 tasks resource profile 0
[2026-01-20T04:33:11.536+0000] {subprocess.py:93} INFO - 26/01/20 04:33:11 INFO TaskSetManager: Starting task 0.0 in stage 0.0 (TID 0) (519d7d29de3d, executor driver, partition 0, PROCESS_LOCAL, 8251 bytes)
[2026-01-20T04:33:11.539+0000] {subprocess.py:93} INFO - 26/01/20 04:33:11 INFO TaskSetManager: Starting task 1.0 in stage 0.0 (TID 1) (519d7d29de3d, executor driver, partition 1, PROCESS_LOCAL, 8251 bytes)
[2026-01-20T04:33:11.540+0000] {subprocess.py:93} INFO - 26/01/20 04:33:11 INFO TaskSetManager: Starting task 2.0 in stage 0.0 (TID 2) (519d7d29de3d, executor driver, partition 2, PROCESS_LOCAL, 8251 bytes)
[2026-01-20T04:33:11.540+0000] {subprocess.py:93} INFO - 26/01/20 04:33:11 INFO TaskSetManager: Starting task 3.0 in stage 0.0 (TID 3) (519d7d29de3d, executor driver, partition 3, PROCESS_LOCAL, 8251 bytes)
[2026-01-20T04:33:11.541+0000] {subprocess.py:93} INFO - 26/01/20 04:33:11 INFO TaskSetManager: Starting task 4.0 in stage 0.0 (TID 4) (519d7d29de3d, executor driver, partition 4, PROCESS_LOCAL, 8251 bytes)
[2026-01-20T04:33:11.541+0000] {subprocess.py:93} INFO - 26/01/20 04:33:11 INFO TaskSetManager: Starting task 5.0 in stage 0.0 (TID 5) (519d7d29de3d, executor driver, partition 5, PROCESS_LOCAL, 8251 bytes)
[2026-01-20T04:33:11.542+0000] {subprocess.py:93} INFO - 26/01/20 04:33:11 INFO TaskSetManager: Starting task 6.0 in stage 0.0 (TID 6) (519d7d29de3d, executor driver, partition 6, PROCESS_LOCAL, 8251 bytes)
[2026-01-20T04:33:11.543+0000] {subprocess.py:93} INFO - 26/01/20 04:33:11 INFO TaskSetManager: Starting task 7.0 in stage 0.0 (TID 7) (519d7d29de3d, executor driver, partition 7, PROCESS_LOCAL, 8251 bytes)
[2026-01-20T04:33:11.544+0000] {subprocess.py:93} INFO - 26/01/20 04:33:11 INFO TaskSetManager: Starting task 8.0 in stage 0.0 (TID 8) (519d7d29de3d, executor driver, partition 8, PROCESS_LOCAL, 8251 bytes)
[2026-01-20T04:33:11.544+0000] {subprocess.py:93} INFO - 26/01/20 04:33:11 INFO TaskSetManager: Starting task 9.0 in stage 0.0 (TID 9) (519d7d29de3d, executor driver, partition 9, PROCESS_LOCAL, 8251 bytes)
[2026-01-20T04:33:11.545+0000] {subprocess.py:93} INFO - 26/01/20 04:33:11 INFO TaskSetManager: Starting task 10.0 in stage 0.0 (TID 10) (519d7d29de3d, executor driver, partition 10, PROCESS_LOCAL, 8251 bytes)
[2026-01-20T04:33:11.546+0000] {subprocess.py:93} INFO - 26/01/20 04:33:11 INFO TaskSetManager: Starting task 11.0 in stage 0.0 (TID 11) (519d7d29de3d, executor driver, partition 11, PROCESS_LOCAL, 8251 bytes)
[2026-01-20T04:33:11.547+0000] {subprocess.py:93} INFO - 26/01/20 04:33:11 INFO TaskSetManager: Starting task 12.0 in stage 0.0 (TID 12) (519d7d29de3d, executor driver, partition 12, PROCESS_LOCAL, 8251 bytes)
[2026-01-20T04:33:11.556+0000] {subprocess.py:93} INFO - 26/01/20 04:33:11 INFO Executor: Running task 0.0 in stage 0.0 (TID 0)
[2026-01-20T04:33:11.557+0000] {subprocess.py:93} INFO - 26/01/20 04:33:11 INFO Executor: Running task 5.0 in stage 0.0 (TID 5)
[2026-01-20T04:33:11.557+0000] {subprocess.py:93} INFO - 26/01/20 04:33:11 INFO Executor: Running task 2.0 in stage 0.0 (TID 2)
[2026-01-20T04:33:11.559+0000] {subprocess.py:93} INFO - 26/01/20 04:33:11 INFO Executor: Running task 1.0 in stage 0.0 (TID 1)
[2026-01-20T04:33:11.560+0000] {subprocess.py:93} INFO - 26/01/20 04:33:11 INFO Executor: Running task 4.0 in stage 0.0 (TID 4)
[2026-01-20T04:33:11.561+0000] {subprocess.py:93} INFO - 26/01/20 04:33:11 INFO Executor: Running task 3.0 in stage 0.0 (TID 3)
[2026-01-20T04:33:11.562+0000] {subprocess.py:93} INFO - 26/01/20 04:33:11 INFO Executor: Running task 6.0 in stage 0.0 (TID 6)
[2026-01-20T04:33:11.562+0000] {subprocess.py:93} INFO - 26/01/20 04:33:11 INFO Executor: Running task 7.0 in stage 0.0 (TID 7)
[2026-01-20T04:33:11.563+0000] {subprocess.py:93} INFO - 26/01/20 04:33:11 INFO Executor: Running task 8.0 in stage 0.0 (TID 8)
[2026-01-20T04:33:11.564+0000] {subprocess.py:93} INFO - 26/01/20 04:33:11 INFO Executor: Running task 9.0 in stage 0.0 (TID 9)
[2026-01-20T04:33:11.565+0000] {subprocess.py:93} INFO - 26/01/20 04:33:11 INFO Executor: Running task 10.0 in stage 0.0 (TID 10)
[2026-01-20T04:33:11.566+0000] {subprocess.py:93} INFO - 26/01/20 04:33:11 INFO Executor: Running task 11.0 in stage 0.0 (TID 11)
[2026-01-20T04:33:11.566+0000] {subprocess.py:93} INFO - 26/01/20 04:33:11 INFO Executor: Running task 12.0 in stage 0.0 (TID 12)
[2026-01-20T04:33:11.779+0000] {subprocess.py:93} INFO - 26/01/20 04:33:11 INFO FileScanRDD: Reading File path: file:///opt/spark-data/landing/transaction_events_1768879479.1820476.json, range: 8388608-12582912, partition values: [empty row]
[2026-01-20T04:33:11.780+0000] {subprocess.py:93} INFO - 26/01/20 04:33:11 INFO FileScanRDD: Reading File path: file:///opt/spark-data/landing/transaction_events_1768879479.1820476.json, range: 29360128-33554432, partition values: [empty row]
[2026-01-20T04:33:11.781+0000] {subprocess.py:93} INFO - 26/01/20 04:33:11 INFO FileScanRDD: Reading File path: file:///opt/spark-data/landing/transaction_events_1768879479.1820476.json, range: 25165824-29360128, partition values: [empty row]
[2026-01-20T04:33:11.781+0000] {subprocess.py:93} INFO - 26/01/20 04:33:11 INFO FileScanRDD: Reading File path: file:///opt/spark-data/landing/transaction_events_1768879479.1820476.json, range: 12582912-16777216, partition values: [empty row]
[2026-01-20T04:33:11.782+0000] {subprocess.py:93} INFO - 26/01/20 04:33:11 INFO FileScanRDD: Reading File path: file:///opt/spark-data/landing/transaction_events_1768879479.1820476.json, range: 46137344-50331648, partition values: [empty row]
[2026-01-20T04:33:11.782+0000] {subprocess.py:93} INFO - 26/01/20 04:33:11 INFO FileScanRDD: Reading File path: file:///opt/spark-data/landing/transaction_events_1768879479.1820476.json, range: 33554432-37748736, partition values: [empty row]
[2026-01-20T04:33:11.783+0000] {subprocess.py:93} INFO - 26/01/20 04:33:11 INFO FileScanRDD: Reading File path: file:///opt/spark-data/landing/transaction_events_1768879479.1820476.json, range: 37748736-41943040, partition values: [empty row]
[2026-01-20T04:33:11.784+0000] {subprocess.py:93} INFO - 26/01/20 04:33:11 INFO FileScanRDD: Reading File path: file:///opt/spark-data/landing/transaction_events_1768879479.1820476.json, range: 20971520-25165824, partition values: [empty row]
[2026-01-20T04:33:11.784+0000] {subprocess.py:93} INFO - 26/01/20 04:33:11 INFO FileScanRDD: Reading File path: file:///opt/spark-data/landing/transaction_events_1768879479.1820476.json, range: 4194304-8388608, partition values: [empty row]
[2026-01-20T04:33:11.785+0000] {subprocess.py:93} INFO - 26/01/20 04:33:11 INFO FileScanRDD: Reading File path: file:///opt/spark-data/landing/transaction_events_1768879479.1820476.json, range: 41943040-46137344, partition values: [empty row]
[2026-01-20T04:33:11.786+0000] {subprocess.py:93} INFO - 26/01/20 04:33:11 INFO FileScanRDD: Reading File path: file:///opt/spark-data/landing/transaction_events_1768879479.1820476.json, range: 16777216-20971520, partition values: [empty row]
[2026-01-20T04:33:11.787+0000] {subprocess.py:93} INFO - 26/01/20 04:33:11 INFO FileScanRDD: Reading File path: file:///opt/spark-data/landing/transaction_events_1768879479.1820476.json, range: 0-4194304, partition values: [empty row]
[2026-01-20T04:33:11.788+0000] {subprocess.py:93} INFO - 26/01/20 04:33:11 INFO FileScanRDD: Reading File path: file:///opt/spark-data/landing/transaction_events_1768879479.1820476.json, range: 50331648-51561162, partition values: [empty row]
[2026-01-20T04:33:11.981+0000] {subprocess.py:93} INFO - 26/01/20 04:33:11 INFO CodeGenerator: Code generated in 160.443894 ms
[2026-01-20T04:33:12.643+0000] {subprocess.py:93} INFO - 26/01/20 04:33:12 INFO Executor: Finished task 12.0 in stage 0.0 (TID 12). 3067 bytes result sent to driver
[2026-01-20T04:33:12.667+0000] {subprocess.py:93} INFO - 26/01/20 04:33:12 INFO TaskSetManager: Finished task 12.0 in stage 0.0 (TID 12) in 1120 ms on 519d7d29de3d (executor driver) (1/13)
[2026-01-20T04:33:12.836+0000] {subprocess.py:93} INFO - 26/01/20 04:33:12 INFO Executor: Finished task 10.0 in stage 0.0 (TID 10). 3067 bytes result sent to driver
[2026-01-20T04:33:12.840+0000] {subprocess.py:93} INFO - 26/01/20 04:33:12 INFO Executor: Finished task 2.0 in stage 0.0 (TID 2). 3024 bytes result sent to driver
[2026-01-20T04:33:12.840+0000] {subprocess.py:93} INFO - 26/01/20 04:33:12 INFO Executor: Finished task 0.0 in stage 0.0 (TID 0). 3067 bytes result sent to driver
[2026-01-20T04:33:12.841+0000] {subprocess.py:93} INFO - 26/01/20 04:33:12 INFO Executor: Finished task 3.0 in stage 0.0 (TID 3). 3024 bytes result sent to driver
[2026-01-20T04:33:12.843+0000] {subprocess.py:93} INFO - 26/01/20 04:33:12 INFO TaskSetManager: Finished task 10.0 in stage 0.0 (TID 10) in 1297 ms on 519d7d29de3d (executor driver) (2/13)
[2026-01-20T04:33:12.843+0000] {subprocess.py:93} INFO - 26/01/20 04:33:12 INFO Executor: Finished task 9.0 in stage 0.0 (TID 9). 3067 bytes result sent to driver
[2026-01-20T04:33:12.844+0000] {subprocess.py:93} INFO - 26/01/20 04:33:12 INFO Executor: Finished task 6.0 in stage 0.0 (TID 6). 3024 bytes result sent to driver
[2026-01-20T04:33:12.846+0000] {subprocess.py:93} INFO - 26/01/20 04:33:12 INFO TaskSetManager: Finished task 2.0 in stage 0.0 (TID 2) in 1305 ms on 519d7d29de3d (executor driver) (3/13)
[2026-01-20T04:33:12.847+0000] {subprocess.py:93} INFO - 26/01/20 04:33:12 INFO Executor: Finished task 4.0 in stage 0.0 (TID 4). 3024 bytes result sent to driver
[2026-01-20T04:33:12.847+0000] {subprocess.py:93} INFO - 26/01/20 04:33:12 INFO TaskSetManager: Finished task 3.0 in stage 0.0 (TID 3) in 1307 ms on 519d7d29de3d (executor driver) (4/13)
[2026-01-20T04:33:12.850+0000] {subprocess.py:93} INFO - 26/01/20 04:33:12 INFO Executor: Finished task 7.0 in stage 0.0 (TID 7). 3024 bytes result sent to driver
[2026-01-20T04:33:12.855+0000] {subprocess.py:93} INFO - 26/01/20 04:33:12 INFO TaskSetManager: Finished task 0.0 in stage 0.0 (TID 0) in 1321 ms on 519d7d29de3d (executor driver) (5/13)
[2026-01-20T04:33:12.856+0000] {subprocess.py:93} INFO - 26/01/20 04:33:12 INFO TaskSetManager: Finished task 9.0 in stage 0.0 (TID 9) in 1313 ms on 519d7d29de3d (executor driver) (6/13)
[2026-01-20T04:33:12.857+0000] {subprocess.py:93} INFO - 26/01/20 04:33:12 INFO Executor: Finished task 8.0 in stage 0.0 (TID 8). 3024 bytes result sent to driver
[2026-01-20T04:33:12.858+0000] {subprocess.py:93} INFO - 26/01/20 04:33:12 INFO TaskSetManager: Finished task 4.0 in stage 0.0 (TID 4) in 1316 ms on 519d7d29de3d (executor driver) (7/13)
[2026-01-20T04:33:12.859+0000] {subprocess.py:93} INFO - 26/01/20 04:33:12 INFO Executor: Finished task 1.0 in stage 0.0 (TID 1). 3024 bytes result sent to driver
[2026-01-20T04:33:12.860+0000] {subprocess.py:93} INFO - 26/01/20 04:33:12 INFO Executor: Finished task 5.0 in stage 0.0 (TID 5). 3067 bytes result sent to driver
[2026-01-20T04:33:12.861+0000] {subprocess.py:93} INFO - 26/01/20 04:33:12 INFO TaskSetManager: Finished task 6.0 in stage 0.0 (TID 6) in 1316 ms on 519d7d29de3d (executor driver) (8/13)
[2026-01-20T04:33:12.861+0000] {subprocess.py:93} INFO - 26/01/20 04:33:12 INFO TaskSetManager: Finished task 1.0 in stage 0.0 (TID 1) in 1320 ms on 519d7d29de3d (executor driver) (9/13)
[2026-01-20T04:33:12.862+0000] {subprocess.py:93} INFO - 26/01/20 04:33:12 INFO TaskSetManager: Finished task 8.0 in stage 0.0 (TID 8) in 1316 ms on 519d7d29de3d (executor driver) (10/13)
[2026-01-20T04:33:12.863+0000] {subprocess.py:93} INFO - 26/01/20 04:33:12 INFO Executor: Finished task 11.0 in stage 0.0 (TID 11). 3067 bytes result sent to driver
[2026-01-20T04:33:12.864+0000] {subprocess.py:93} INFO - 26/01/20 04:33:12 INFO TaskSetManager: Finished task 7.0 in stage 0.0 (TID 7) in 1317 ms on 519d7d29de3d (executor driver) (11/13)
[2026-01-20T04:33:12.865+0000] {subprocess.py:93} INFO - 26/01/20 04:33:12 INFO TaskSetManager: Finished task 5.0 in stage 0.0 (TID 5) in 1320 ms on 519d7d29de3d (executor driver) (12/13)
[2026-01-20T04:33:12.866+0000] {subprocess.py:93} INFO - 26/01/20 04:33:12 INFO TaskSetManager: Finished task 11.0 in stage 0.0 (TID 11) in 1318 ms on 519d7d29de3d (executor driver) (13/13)
[2026-01-20T04:33:12.866+0000] {subprocess.py:93} INFO - 26/01/20 04:33:12 INFO TaskSchedulerImpl: Removed TaskSet 0.0, whose tasks have all completed, from pool
[2026-01-20T04:33:12.869+0000] {subprocess.py:93} INFO - 26/01/20 04:33:12 INFO DAGScheduler: ResultStage 0 (json at NativeMethodAccessorImpl.java:0) finished in 1.444 s
[2026-01-20T04:33:12.872+0000] {subprocess.py:93} INFO - 26/01/20 04:33:12 INFO DAGScheduler: Job 0 is finished. Cancelling potential speculative or zombie tasks for this job
[2026-01-20T04:33:12.873+0000] {subprocess.py:93} INFO - 26/01/20 04:33:12 INFO TaskSchedulerImpl: Killing all running tasks in stage 0: Stage finished
[2026-01-20T04:33:12.875+0000] {subprocess.py:93} INFO - 26/01/20 04:33:12 INFO DAGScheduler: Job 0 finished: json at NativeMethodAccessorImpl.java:0, took 1.490251 s
[2026-01-20T04:33:12.990+0000] {subprocess.py:93} INFO - 26/01/20 04:33:12 INFO InMemoryFileIndex: It took 6 ms to list leaf files for 1 paths.
[2026-01-20T04:33:13.030+0000] {subprocess.py:93} INFO - 26/01/20 04:33:13 INFO InMemoryFileIndex: It took 18 ms to list leaf files for 1 paths.
[2026-01-20T04:33:13.088+0000] {subprocess.py:93} INFO - 26/01/20 04:33:13 INFO FileSourceStrategy: Pushed Filters:
[2026-01-20T04:33:13.089+0000] {subprocess.py:93} INFO - 26/01/20 04:33:13 INFO FileSourceStrategy: Post-Scan Filters:
[2026-01-20T04:33:13.098+0000] {subprocess.py:93} INFO - 26/01/20 04:33:13 INFO MemoryStore: Block broadcast_2 stored as values in memory (estimated size 199.2 KiB, free 434.0 MiB)
[2026-01-20T04:33:13.112+0000] {subprocess.py:93} INFO - 26/01/20 04:33:13 INFO MemoryStore: Block broadcast_2_piece0 stored as bytes in memory (estimated size 34.2 KiB, free 433.9 MiB)
[2026-01-20T04:33:13.113+0000] {subprocess.py:93} INFO - 26/01/20 04:33:13 INFO BlockManagerInfo: Added broadcast_2_piece0 in memory on 519d7d29de3d:38857 (size: 34.2 KiB, free: 434.3 MiB)
[2026-01-20T04:33:13.115+0000] {subprocess.py:93} INFO - 26/01/20 04:33:13 INFO SparkContext: Created broadcast 2 from json at NativeMethodAccessorImpl.java:0
[2026-01-20T04:33:13.116+0000] {subprocess.py:93} INFO - 26/01/20 04:33:13 INFO FileSourceScanExec: Planning scan with bin packing, max size: 4194304 bytes, open cost is considered as scanning 4194304 bytes.
[2026-01-20T04:33:13.130+0000] {subprocess.py:93} INFO - 26/01/20 04:33:13 INFO SparkContext: Starting job: json at NativeMethodAccessorImpl.java:0
[2026-01-20T04:33:13.132+0000] {subprocess.py:93} INFO - 26/01/20 04:33:13 INFO DAGScheduler: Got job 1 (json at NativeMethodAccessorImpl.java:0) with 8 output partitions
[2026-01-20T04:33:13.134+0000] {subprocess.py:93} INFO - 26/01/20 04:33:13 INFO DAGScheduler: Final stage: ResultStage 1 (json at NativeMethodAccessorImpl.java:0)
[2026-01-20T04:33:13.135+0000] {subprocess.py:93} INFO - 26/01/20 04:33:13 INFO DAGScheduler: Parents of final stage: List()
[2026-01-20T04:33:13.135+0000] {subprocess.py:93} INFO - 26/01/20 04:33:13 INFO DAGScheduler: Missing parents: List()
[2026-01-20T04:33:13.137+0000] {subprocess.py:93} INFO - 26/01/20 04:33:13 INFO DAGScheduler: Submitting ResultStage 1 (MapPartitionsRDD[7] at json at NativeMethodAccessorImpl.java:0), which has no missing parents
[2026-01-20T04:33:13.141+0000] {subprocess.py:93} INFO - 26/01/20 04:33:13 INFO MemoryStore: Block broadcast_3 stored as values in memory (estimated size 16.0 KiB, free 433.9 MiB)
[2026-01-20T04:33:13.143+0000] {subprocess.py:93} INFO - 26/01/20 04:33:13 INFO MemoryStore: Block broadcast_3_piece0 stored as bytes in memory (estimated size 7.5 KiB, free 433.9 MiB)
[2026-01-20T04:33:13.145+0000] {subprocess.py:93} INFO - 26/01/20 04:33:13 INFO BlockManagerInfo: Added broadcast_3_piece0 in memory on 519d7d29de3d:38857 (size: 7.5 KiB, free: 434.3 MiB)
[2026-01-20T04:33:13.146+0000] {subprocess.py:93} INFO - 26/01/20 04:33:13 INFO SparkContext: Created broadcast 3 from broadcast at DAGScheduler.scala:1580
[2026-01-20T04:33:13.147+0000] {subprocess.py:93} INFO - 26/01/20 04:33:13 INFO DAGScheduler: Submitting 8 missing tasks from ResultStage 1 (MapPartitionsRDD[7] at json at NativeMethodAccessorImpl.java:0) (first 15 tasks are for partitions Vector(0, 1, 2, 3, 4, 5, 6, 7))
[2026-01-20T04:33:13.148+0000] {subprocess.py:93} INFO - 26/01/20 04:33:13 INFO TaskSchedulerImpl: Adding task set 1.0 with 8 tasks resource profile 0
[2026-01-20T04:33:13.151+0000] {subprocess.py:93} INFO - 26/01/20 04:33:13 INFO TaskSetManager: Starting task 0.0 in stage 1.0 (TID 13) (519d7d29de3d, executor driver, partition 0, PROCESS_LOCAL, 8244 bytes)
[2026-01-20T04:33:13.152+0000] {subprocess.py:93} INFO - 26/01/20 04:33:13 INFO TaskSetManager: Starting task 1.0 in stage 1.0 (TID 14) (519d7d29de3d, executor driver, partition 1, PROCESS_LOCAL, 8244 bytes)
[2026-01-20T04:33:13.153+0000] {subprocess.py:93} INFO - 26/01/20 04:33:13 INFO TaskSetManager: Starting task 2.0 in stage 1.0 (TID 15) (519d7d29de3d, executor driver, partition 2, PROCESS_LOCAL, 8244 bytes)
[2026-01-20T04:33:13.154+0000] {subprocess.py:93} INFO - 26/01/20 04:33:13 INFO TaskSetManager: Starting task 3.0 in stage 1.0 (TID 16) (519d7d29de3d, executor driver, partition 3, PROCESS_LOCAL, 8244 bytes)
[2026-01-20T04:33:13.155+0000] {subprocess.py:93} INFO - 26/01/20 04:33:13 INFO TaskSetManager: Starting task 4.0 in stage 1.0 (TID 17) (519d7d29de3d, executor driver, partition 4, PROCESS_LOCAL, 8244 bytes)
[2026-01-20T04:33:13.156+0000] {subprocess.py:93} INFO - 26/01/20 04:33:13 INFO TaskSetManager: Starting task 5.0 in stage 1.0 (TID 18) (519d7d29de3d, executor driver, partition 5, PROCESS_LOCAL, 8244 bytes)
[2026-01-20T04:33:13.156+0000] {subprocess.py:93} INFO - 26/01/20 04:33:13 INFO TaskSetManager: Starting task 6.0 in stage 1.0 (TID 19) (519d7d29de3d, executor driver, partition 6, PROCESS_LOCAL, 8244 bytes)
[2026-01-20T04:33:13.157+0000] {subprocess.py:93} INFO - 26/01/20 04:33:13 INFO TaskSetManager: Starting task 7.0 in stage 1.0 (TID 20) (519d7d29de3d, executor driver, partition 7, PROCESS_LOCAL, 8244 bytes)
[2026-01-20T04:33:13.158+0000] {subprocess.py:93} INFO - 26/01/20 04:33:13 INFO Executor: Running task 0.0 in stage 1.0 (TID 13)
[2026-01-20T04:33:13.159+0000] {subprocess.py:93} INFO - 26/01/20 04:33:13 INFO Executor: Running task 2.0 in stage 1.0 (TID 15)
[2026-01-20T04:33:13.160+0000] {subprocess.py:93} INFO - 26/01/20 04:33:13 INFO Executor: Running task 1.0 in stage 1.0 (TID 14)
[2026-01-20T04:33:13.161+0000] {subprocess.py:93} INFO - 26/01/20 04:33:13 INFO Executor: Running task 3.0 in stage 1.0 (TID 16)
[2026-01-20T04:33:13.162+0000] {subprocess.py:93} INFO - 26/01/20 04:33:13 INFO Executor: Running task 4.0 in stage 1.0 (TID 17)
[2026-01-20T04:33:13.165+0000] {subprocess.py:93} INFO - 26/01/20 04:33:13 INFO Executor: Running task 6.0 in stage 1.0 (TID 19)
[2026-01-20T04:33:13.167+0000] {subprocess.py:93} INFO - 26/01/20 04:33:13 INFO Executor: Running task 5.0 in stage 1.0 (TID 18)
[2026-01-20T04:33:13.169+0000] {subprocess.py:93} INFO - 26/01/20 04:33:13 INFO Executor: Running task 7.0 in stage 1.0 (TID 20)
[2026-01-20T04:33:13.170+0000] {subprocess.py:93} INFO - 26/01/20 04:33:13 INFO FileScanRDD: Reading File path: file:///opt/spark-data/landing/user_events_1768879431.2231393.json, range: 0-4194304, partition values: [empty row]
[2026-01-20T04:33:13.171+0000] {subprocess.py:93} INFO - 26/01/20 04:33:13 INFO FileScanRDD: Reading File path: file:///opt/spark-data/landing/user_events_1768879431.2231393.json, range: 4194304-8388608, partition values: [empty row]
[2026-01-20T04:33:13.172+0000] {subprocess.py:93} INFO - 26/01/20 04:33:13 INFO FileScanRDD: Reading File path: file:///opt/spark-data/landing/user_events_1768879431.2231393.json, range: 8388608-12582912, partition values: [empty row]
[2026-01-20T04:33:13.173+0000] {subprocess.py:93} INFO - 26/01/20 04:33:13 INFO FileScanRDD: Reading File path: file:///opt/spark-data/landing/user_events_1768879431.2231393.json, range: 25165824-29360128, partition values: [empty row]
[2026-01-20T04:33:13.175+0000] {subprocess.py:93} INFO - 26/01/20 04:33:13 INFO FileScanRDD: Reading File path: file:///opt/spark-data/landing/user_events_1768879431.2231393.json, range: 29360128-33532706, partition values: [empty row]
[2026-01-20T04:33:13.176+0000] {subprocess.py:93} INFO - 26/01/20 04:33:13 INFO FileScanRDD: Reading File path: file:///opt/spark-data/landing/user_events_1768879431.2231393.json, range: 12582912-16777216, partition values: [empty row]
[2026-01-20T04:33:13.178+0000] {subprocess.py:93} INFO - 26/01/20 04:33:13 INFO FileScanRDD: Reading File path: file:///opt/spark-data/landing/user_events_1768879431.2231393.json, range: 16777216-20971520, partition values: [empty row]
[2026-01-20T04:33:13.179+0000] {subprocess.py:93} INFO - 26/01/20 04:33:13 INFO FileScanRDD: Reading File path: file:///opt/spark-data/landing/user_events_1768879431.2231393.json, range: 20971520-25165824, partition values: [empty row]
[2026-01-20T04:33:13.759+0000] {subprocess.py:93} INFO - 26/01/20 04:33:13 INFO Executor: Finished task 5.0 in stage 1.0 (TID 18). 2444 bytes result sent to driver
[2026-01-20T04:33:13.760+0000] {subprocess.py:93} INFO - 26/01/20 04:33:13 INFO Executor: Finished task 1.0 in stage 1.0 (TID 14). 2401 bytes result sent to driver
[2026-01-20T04:33:13.761+0000] {subprocess.py:93} INFO - 26/01/20 04:33:13 INFO Executor: Finished task 3.0 in stage 1.0 (TID 16). 2401 bytes result sent to driver
[2026-01-20T04:33:13.762+0000] {subprocess.py:93} INFO - 26/01/20 04:33:13 INFO TaskSetManager: Finished task 5.0 in stage 1.0 (TID 18) in 607 ms on 519d7d29de3d (executor driver) (1/8)
[2026-01-20T04:33:13.764+0000] {subprocess.py:93} INFO - 26/01/20 04:33:13 INFO TaskSetManager: Finished task 1.0 in stage 1.0 (TID 14) in 612 ms on 519d7d29de3d (executor driver) (2/8)
[2026-01-20T04:33:13.766+0000] {subprocess.py:93} INFO - 26/01/20 04:33:13 INFO TaskSetManager: Finished task 3.0 in stage 1.0 (TID 16) in 613 ms on 519d7d29de3d (executor driver) (3/8)
[2026-01-20T04:33:13.767+0000] {subprocess.py:93} INFO - 26/01/20 04:33:13 INFO Executor: Finished task 7.0 in stage 1.0 (TID 20). 2401 bytes result sent to driver
[2026-01-20T04:33:13.769+0000] {subprocess.py:93} INFO - 26/01/20 04:33:13 INFO Executor: Finished task 0.0 in stage 1.0 (TID 13). 2401 bytes result sent to driver
[2026-01-20T04:33:13.770+0000] {subprocess.py:93} INFO - 26/01/20 04:33:13 INFO TaskSetManager: Finished task 7.0 in stage 1.0 (TID 20) in 614 ms on 519d7d29de3d (executor driver) (4/8)
[2026-01-20T04:33:13.771+0000] {subprocess.py:93} INFO - 26/01/20 04:33:13 INFO TaskSetManager: Finished task 0.0 in stage 1.0 (TID 13) in 619 ms on 519d7d29de3d (executor driver) (5/8)
[2026-01-20T04:33:13.772+0000] {subprocess.py:93} INFO - 26/01/20 04:33:13 INFO Executor: Finished task 4.0 in stage 1.0 (TID 17). 2401 bytes result sent to driver
[2026-01-20T04:33:13.774+0000] {subprocess.py:93} INFO - 26/01/20 04:33:13 INFO Executor: Finished task 2.0 in stage 1.0 (TID 15). 2401 bytes result sent to driver
[2026-01-20T04:33:13.775+0000] {subprocess.py:93} INFO - 26/01/20 04:33:13 INFO TaskSetManager: Finished task 2.0 in stage 1.0 (TID 15) in 620 ms on 519d7d29de3d (executor driver) (6/8)
[2026-01-20T04:33:13.776+0000] {subprocess.py:93} INFO - 26/01/20 04:33:13 INFO TaskSetManager: Finished task 4.0 in stage 1.0 (TID 17) in 621 ms on 519d7d29de3d (executor driver) (7/8)
[2026-01-20T04:33:13.778+0000] {subprocess.py:93} INFO - 26/01/20 04:33:13 INFO Executor: Finished task 6.0 in stage 1.0 (TID 19). 2401 bytes result sent to driver
[2026-01-20T04:33:13.780+0000] {subprocess.py:93} INFO - 26/01/20 04:33:13 INFO TaskSetManager: Finished task 6.0 in stage 1.0 (TID 19) in 627 ms on 519d7d29de3d (executor driver) (8/8)
[2026-01-20T04:33:13.782+0000] {subprocess.py:93} INFO - 26/01/20 04:33:13 INFO TaskSchedulerImpl: Removed TaskSet 1.0, whose tasks have all completed, from pool
[2026-01-20T04:33:13.788+0000] {subprocess.py:93} INFO - 26/01/20 04:33:13 INFO DAGScheduler: ResultStage 1 (json at NativeMethodAccessorImpl.java:0) finished in 0.646 s
[2026-01-20T04:33:13.789+0000] {subprocess.py:93} INFO - 26/01/20 04:33:13 INFO DAGScheduler: Job 1 is finished. Cancelling potential speculative or zombie tasks for this job
[2026-01-20T04:33:13.790+0000] {subprocess.py:93} INFO - 26/01/20 04:33:13 INFO TaskSchedulerImpl: Killing all running tasks in stage 1: Stage finished
[2026-01-20T04:33:13.791+0000] {subprocess.py:93} INFO - 26/01/20 04:33:13 INFO DAGScheduler: Job 1 finished: json at NativeMethodAccessorImpl.java:0, took 0.658992 s
[2026-01-20T04:33:13.823+0000] {subprocess.py:93} INFO - 26/01/20 04:33:13 INFO BlockManagerInfo: Removed broadcast_1_piece0 on 519d7d29de3d:38857 in memory (size: 7.5 KiB, free: 434.3 MiB)
[2026-01-20T04:33:13.832+0000] {subprocess.py:93} INFO - 26/01/20 04:33:13 INFO BlockManagerInfo: Removed broadcast_0_piece0 on 519d7d29de3d:38857 in memory (size: 34.2 KiB, free: 434.4 MiB)
[2026-01-20T04:33:14.605+0000] {subprocess.py:93} INFO - 26/01/20 04:33:14 INFO FileSourceStrategy: Pushed Filters: IsNotNull(user_id),IsNotNull(line_items)
[2026-01-20T04:33:14.608+0000] {subprocess.py:93} INFO - 26/01/20 04:33:14 INFO FileSourceStrategy: Post-Scan Filters: isnotnull(user_id#21),(size(line_items#10, true) > 0),isnotnull(line_items#10)
[2026-01-20T04:33:14.615+0000] {subprocess.py:93} INFO - 26/01/20 04:33:14 INFO FileSourceStrategy: Pushed Filters: IsNotNull(user_id),IsNotNull(product_id)
[2026-01-20T04:33:14.616+0000] {subprocess.py:93} INFO - 26/01/20 04:33:14 INFO FileSourceStrategy: Post-Scan Filters: isnotnull(user_id#58),isnotnull(product_id#53)
[2026-01-20T04:33:14.786+0000] {subprocess.py:93} INFO - 26/01/20 04:33:14 INFO CodeGenerator: Code generated in 28.155062 ms
[2026-01-20T04:33:14.790+0000] {subprocess.py:93} INFO - 26/01/20 04:33:14 INFO MemoryStore: Block broadcast_4 stored as values in memory (estimated size 199.1 KiB, free 434.0 MiB)
[2026-01-20T04:33:14.807+0000] {subprocess.py:93} INFO - 26/01/20 04:33:14 INFO MemoryStore: Block broadcast_4_piece0 stored as bytes in memory (estimated size 34.2 KiB, free 433.9 MiB)
[2026-01-20T04:33:14.808+0000] {subprocess.py:93} INFO - 26/01/20 04:33:14 INFO BlockManagerInfo: Added broadcast_4_piece0 in memory on 519d7d29de3d:38857 (size: 34.2 KiB, free: 434.3 MiB)
[2026-01-20T04:33:14.809+0000] {subprocess.py:93} INFO - 26/01/20 04:33:14 INFO SparkContext: Created broadcast 4 from $anonfun$withThreadLocalCaptured$1 at FutureTask.java:264
[2026-01-20T04:33:14.818+0000] {subprocess.py:93} INFO - 26/01/20 04:33:14 INFO FileSourceScanExec: Planning scan with bin packing, max size: 4194304 bytes, open cost is considered as scanning 4194304 bytes.
[2026-01-20T04:33:14.822+0000] {subprocess.py:93} INFO - 26/01/20 04:33:14 INFO BlockManagerInfo: Removed broadcast_3_piece0 on 519d7d29de3d:38857 in memory (size: 7.5 KiB, free: 434.3 MiB)
[2026-01-20T04:33:14.829+0000] {subprocess.py:93} INFO - 26/01/20 04:33:14 INFO BlockManagerInfo: Removed broadcast_2_piece0 on 519d7d29de3d:38857 in memory (size: 34.2 KiB, free: 434.4 MiB)
[2026-01-20T04:33:14.856+0000] {subprocess.py:93} INFO - 26/01/20 04:33:14 INFO SparkContext: Starting job: $anonfun$withThreadLocalCaptured$1 at FutureTask.java:264
[2026-01-20T04:33:14.858+0000] {subprocess.py:93} INFO - 26/01/20 04:33:14 INFO DAGScheduler: Got job 2 ($anonfun$withThreadLocalCaptured$1 at FutureTask.java:264) with 8 output partitions
[2026-01-20T04:33:14.859+0000] {subprocess.py:93} INFO - 26/01/20 04:33:14 INFO DAGScheduler: Final stage: ResultStage 2 ($anonfun$withThreadLocalCaptured$1 at FutureTask.java:264)
[2026-01-20T04:33:14.860+0000] {subprocess.py:93} INFO - 26/01/20 04:33:14 INFO DAGScheduler: Parents of final stage: List()
[2026-01-20T04:33:14.861+0000] {subprocess.py:93} INFO - 26/01/20 04:33:14 INFO DAGScheduler: Missing parents: List()
[2026-01-20T04:33:14.861+0000] {subprocess.py:93} INFO - 26/01/20 04:33:14 INFO DAGScheduler: Submitting ResultStage 2 (MapPartitionsRDD[11] at $anonfun$withThreadLocalCaptured$1 at FutureTask.java:264), which has no missing parents
[2026-01-20T04:33:14.864+0000] {subprocess.py:93} INFO - 26/01/20 04:33:14 INFO MemoryStore: Block broadcast_5 stored as values in memory (estimated size 15.6 KiB, free 434.2 MiB)
[2026-01-20T04:33:14.871+0000] {subprocess.py:93} INFO - 26/01/20 04:33:14 INFO MemoryStore: Block broadcast_5_piece0 stored as bytes in memory (estimated size 7.4 KiB, free 434.1 MiB)
[2026-01-20T04:33:14.872+0000] {subprocess.py:93} INFO - 26/01/20 04:33:14 INFO BlockManagerInfo: Added broadcast_5_piece0 in memory on 519d7d29de3d:38857 (size: 7.4 KiB, free: 434.4 MiB)
[2026-01-20T04:33:14.873+0000] {subprocess.py:93} INFO - 26/01/20 04:33:14 INFO SparkContext: Created broadcast 5 from broadcast at DAGScheduler.scala:1580
[2026-01-20T04:33:14.874+0000] {subprocess.py:93} INFO - 26/01/20 04:33:14 INFO DAGScheduler: Submitting 8 missing tasks from ResultStage 2 (MapPartitionsRDD[11] at $anonfun$withThreadLocalCaptured$1 at FutureTask.java:264) (first 15 tasks are for partitions Vector(0, 1, 2, 3, 4, 5, 6, 7))
[2026-01-20T04:33:14.874+0000] {subprocess.py:93} INFO - 26/01/20 04:33:14 INFO TaskSchedulerImpl: Adding task set 2.0 with 8 tasks resource profile 0
[2026-01-20T04:33:14.875+0000] {subprocess.py:93} INFO - 26/01/20 04:33:14 INFO TaskSetManager: Starting task 0.0 in stage 2.0 (TID 21) (519d7d29de3d, executor driver, partition 0, PROCESS_LOCAL, 8244 bytes)
[2026-01-20T04:33:14.876+0000] {subprocess.py:93} INFO - 26/01/20 04:33:14 INFO TaskSetManager: Starting task 1.0 in stage 2.0 (TID 22) (519d7d29de3d, executor driver, partition 1, PROCESS_LOCAL, 8244 bytes)
[2026-01-20T04:33:14.876+0000] {subprocess.py:93} INFO - 26/01/20 04:33:14 INFO TaskSetManager: Starting task 2.0 in stage 2.0 (TID 23) (519d7d29de3d, executor driver, partition 2, PROCESS_LOCAL, 8244 bytes)
[2026-01-20T04:33:14.877+0000] {subprocess.py:93} INFO - 26/01/20 04:33:14 INFO TaskSetManager: Starting task 3.0 in stage 2.0 (TID 24) (519d7d29de3d, executor driver, partition 3, PROCESS_LOCAL, 8244 bytes)
[2026-01-20T04:33:14.878+0000] {subprocess.py:93} INFO - 26/01/20 04:33:14 INFO TaskSetManager: Starting task 4.0 in stage 2.0 (TID 25) (519d7d29de3d, executor driver, partition 4, PROCESS_LOCAL, 8244 bytes)
[2026-01-20T04:33:14.880+0000] {subprocess.py:93} INFO - 26/01/20 04:33:14 INFO TaskSetManager: Starting task 5.0 in stage 2.0 (TID 26) (519d7d29de3d, executor driver, partition 5, PROCESS_LOCAL, 8244 bytes)
[2026-01-20T04:33:14.880+0000] {subprocess.py:93} INFO - 26/01/20 04:33:14 INFO TaskSetManager: Starting task 6.0 in stage 2.0 (TID 27) (519d7d29de3d, executor driver, partition 6, PROCESS_LOCAL, 8244 bytes)
[2026-01-20T04:33:14.883+0000] {subprocess.py:93} INFO - 26/01/20 04:33:14 INFO TaskSetManager: Starting task 7.0 in stage 2.0 (TID 28) (519d7d29de3d, executor driver, partition 7, PROCESS_LOCAL, 8244 bytes)
[2026-01-20T04:33:14.885+0000] {subprocess.py:93} INFO - 26/01/20 04:33:14 INFO Executor: Running task 4.0 in stage 2.0 (TID 25)
[2026-01-20T04:33:14.887+0000] {subprocess.py:93} INFO - 26/01/20 04:33:14 INFO Executor: Running task 3.0 in stage 2.0 (TID 24)
[2026-01-20T04:33:14.887+0000] {subprocess.py:93} INFO - 26/01/20 04:33:14 INFO Executor: Running task 2.0 in stage 2.0 (TID 23)
[2026-01-20T04:33:14.888+0000] {subprocess.py:93} INFO - 26/01/20 04:33:14 INFO Executor: Running task 1.0 in stage 2.0 (TID 22)
[2026-01-20T04:33:14.889+0000] {subprocess.py:93} INFO - 26/01/20 04:33:14 INFO Executor: Running task 0.0 in stage 2.0 (TID 21)
[2026-01-20T04:33:14.890+0000] {subprocess.py:93} INFO - 26/01/20 04:33:14 INFO Executor: Running task 7.0 in stage 2.0 (TID 28)
[2026-01-20T04:33:14.890+0000] {subprocess.py:93} INFO - 26/01/20 04:33:14 INFO Executor: Running task 5.0 in stage 2.0 (TID 26)
[2026-01-20T04:33:14.891+0000] {subprocess.py:93} INFO - 26/01/20 04:33:14 INFO Executor: Running task 6.0 in stage 2.0 (TID 27)
[2026-01-20T04:33:14.916+0000] {subprocess.py:93} INFO - 26/01/20 04:33:14 INFO CodeGenerator: Code generated in 19.062053 ms
[2026-01-20T04:33:14.920+0000] {subprocess.py:93} INFO - 26/01/20 04:33:14 INFO FileScanRDD: Reading File path: file:///opt/spark-data/landing/user_events_1768879431.2231393.json, range: 0-4194304, partition values: [empty row]
[2026-01-20T04:33:14.921+0000] {subprocess.py:93} INFO - 26/01/20 04:33:14 INFO FileScanRDD: Reading File path: file:///opt/spark-data/landing/user_events_1768879431.2231393.json, range: 12582912-16777216, partition values: [empty row]
[2026-01-20T04:33:14.922+0000] {subprocess.py:93} INFO - 26/01/20 04:33:14 INFO FileScanRDD: Reading File path: file:///opt/spark-data/landing/user_events_1768879431.2231393.json, range: 29360128-33532706, partition values: [empty row]
[2026-01-20T04:33:14.923+0000] {subprocess.py:93} INFO - 26/01/20 04:33:14 INFO FileScanRDD: Reading File path: file:///opt/spark-data/landing/user_events_1768879431.2231393.json, range: 20971520-25165824, partition values: [empty row]
[2026-01-20T04:33:14.924+0000] {subprocess.py:93} INFO - 26/01/20 04:33:14 INFO FileScanRDD: Reading File path: file:///opt/spark-data/landing/user_events_1768879431.2231393.json, range: 4194304-8388608, partition values: [empty row]
[2026-01-20T04:33:14.925+0000] {subprocess.py:93} INFO - 26/01/20 04:33:14 INFO FileScanRDD: Reading File path: file:///opt/spark-data/landing/user_events_1768879431.2231393.json, range: 16777216-20971520, partition values: [empty row]
[2026-01-20T04:33:14.925+0000] {subprocess.py:93} INFO - 26/01/20 04:33:14 INFO FileScanRDD: Reading File path: file:///opt/spark-data/landing/user_events_1768879431.2231393.json, range: 8388608-12582912, partition values: [empty row]
[2026-01-20T04:33:14.926+0000] {subprocess.py:93} INFO - 26/01/20 04:33:14 INFO FileScanRDD: Reading File path: file:///opt/spark-data/landing/user_events_1768879431.2231393.json, range: 25165824-29360128, partition values: [empty row]
[2026-01-20T04:33:14.942+0000] {subprocess.py:93} INFO - 26/01/20 04:33:14 INFO CodeGenerator: Code generated in 16.922373 ms
[2026-01-20T04:33:14.977+0000] {subprocess.py:93} INFO - 26/01/20 04:33:14 INFO CodeGenerator: Code generated in 6.154303 ms
[2026-01-20T04:33:14.987+0000] {subprocess.py:93} INFO - 26/01/20 04:33:14 INFO CodeGenerator: Code generated in 7.384985 ms
[2026-01-20T04:33:15.515+0000] {subprocess.py:93} INFO - 26/01/20 04:33:15 INFO Executor: Finished task 4.0 in stage 2.0 (TID 25). 135365 bytes result sent to driver
[2026-01-20T04:33:15.516+0000] {subprocess.py:93} INFO - 26/01/20 04:33:15 INFO Executor: Finished task 7.0 in stage 2.0 (TID 28). 130533 bytes result sent to driver
[2026-01-20T04:33:15.519+0000] {subprocess.py:93} INFO - 26/01/20 04:33:15 INFO Executor: Finished task 0.0 in stage 2.0 (TID 21). 131320 bytes result sent to driver
[2026-01-20T04:33:15.520+0000] {subprocess.py:93} INFO - 26/01/20 04:33:15 INFO Executor: Finished task 2.0 in stage 2.0 (TID 23). 132180 bytes result sent to driver
[2026-01-20T04:33:15.521+0000] {subprocess.py:93} INFO - 26/01/20 04:33:15 INFO Executor: Finished task 6.0 in stage 2.0 (TID 27). 130034 bytes result sent to driver
[2026-01-20T04:33:15.522+0000] {subprocess.py:93} INFO - 26/01/20 04:33:15 INFO TaskSetManager: Finished task 0.0 in stage 2.0 (TID 21) in 644 ms on 519d7d29de3d (executor driver) (1/8)
[2026-01-20T04:33:15.523+0000] {subprocess.py:93} INFO - 26/01/20 04:33:15 INFO Executor: Finished task 1.0 in stage 2.0 (TID 22). 134053 bytes result sent to driver
[2026-01-20T04:33:15.523+0000] {subprocess.py:93} INFO - 26/01/20 04:33:15 INFO TaskSetManager: Finished task 7.0 in stage 2.0 (TID 28) in 640 ms on 519d7d29de3d (executor driver) (2/8)
[2026-01-20T04:33:15.524+0000] {subprocess.py:93} INFO - 26/01/20 04:33:15 INFO TaskSetManager: Finished task 4.0 in stage 2.0 (TID 25) in 643 ms on 519d7d29de3d (executor driver) (3/8)
[2026-01-20T04:33:15.525+0000] {subprocess.py:93} INFO - 26/01/20 04:33:15 INFO TaskSetManager: Finished task 2.0 in stage 2.0 (TID 23) in 644 ms on 519d7d29de3d (executor driver) (4/8)
[2026-01-20T04:33:15.526+0000] {subprocess.py:93} INFO - 26/01/20 04:33:15 INFO Executor: Finished task 5.0 in stage 2.0 (TID 26). 133763 bytes result sent to driver
[2026-01-20T04:33:15.527+0000] {subprocess.py:93} INFO - 26/01/20 04:33:15 INFO TaskSetManager: Finished task 6.0 in stage 2.0 (TID 27) in 644 ms on 519d7d29de3d (executor driver) (5/8)
[2026-01-20T04:33:15.527+0000] {subprocess.py:93} INFO - 26/01/20 04:33:15 INFO TaskSetManager: Finished task 1.0 in stage 2.0 (TID 22) in 649 ms on 519d7d29de3d (executor driver) (6/8)
[2026-01-20T04:33:15.528+0000] {subprocess.py:93} INFO - 26/01/20 04:33:15 INFO Executor: Finished task 3.0 in stage 2.0 (TID 24). 132558 bytes result sent to driver
[2026-01-20T04:33:15.529+0000] {subprocess.py:93} INFO - 26/01/20 04:33:15 INFO TaskSetManager: Finished task 5.0 in stage 2.0 (TID 26) in 648 ms on 519d7d29de3d (executor driver) (7/8)
[2026-01-20T04:33:15.529+0000] {subprocess.py:93} INFO - 26/01/20 04:33:15 INFO TaskSetManager: Finished task 3.0 in stage 2.0 (TID 24) in 651 ms on 519d7d29de3d (executor driver) (8/8)
[2026-01-20T04:33:15.530+0000] {subprocess.py:93} INFO - 26/01/20 04:33:15 INFO TaskSchedulerImpl: Removed TaskSet 2.0, whose tasks have all completed, from pool
[2026-01-20T04:33:15.531+0000] {subprocess.py:93} INFO - 26/01/20 04:33:15 INFO DAGScheduler: ResultStage 2 ($anonfun$withThreadLocalCaptured$1 at FutureTask.java:264) finished in 0.666 s
[2026-01-20T04:33:15.532+0000] {subprocess.py:93} INFO - 26/01/20 04:33:15 INFO DAGScheduler: Job 2 is finished. Cancelling potential speculative or zombie tasks for this job
[2026-01-20T04:33:15.532+0000] {subprocess.py:93} INFO - 26/01/20 04:33:15 INFO TaskSchedulerImpl: Killing all running tasks in stage 2: Stage finished
[2026-01-20T04:33:15.533+0000] {subprocess.py:93} INFO - 26/01/20 04:33:15 INFO DAGScheduler: Job 2 finished: $anonfun$withThreadLocalCaptured$1 at FutureTask.java:264, took 0.674361 s
[2026-01-20T04:33:15.575+0000] {subprocess.py:93} INFO - 26/01/20 04:33:15 INFO CodeGenerator: Code generated in 21.683673 ms
[2026-01-20T04:33:15.645+0000] {subprocess.py:93} INFO - 26/01/20 04:33:15 INFO MemoryStore: Block broadcast_6 stored as values in memory (estimated size 9.0 MiB, free 425.1 MiB)
[2026-01-20T04:33:15.684+0000] {subprocess.py:93} INFO - 26/01/20 04:33:15 INFO MemoryStore: Block broadcast_6_piece0 stored as bytes in memory (estimated size 1578.1 KiB, free 423.6 MiB)
[2026-01-20T04:33:15.686+0000] {subprocess.py:93} INFO - 26/01/20 04:33:15 INFO BlockManagerInfo: Added broadcast_6_piece0 in memory on 519d7d29de3d:38857 (size: 1578.1 KiB, free: 432.8 MiB)
[2026-01-20T04:33:15.686+0000] {subprocess.py:93} INFO - 26/01/20 04:33:15 INFO SparkContext: Created broadcast 6 from $anonfun$withThreadLocalCaptured$1 at FutureTask.java:264
[2026-01-20T04:33:15.703+0000] {subprocess.py:93} INFO - 26/01/20 04:33:15 INFO FileSourceStrategy: Pushed Filters: IsNotNull(user_id),IsNotNull(line_items)
[2026-01-20T04:33:15.704+0000] {subprocess.py:93} INFO - 26/01/20 04:33:15 INFO FileSourceStrategy: Post-Scan Filters: isnotnull(user_id#21),(size(line_items#10, true) > 0),isnotnull(line_items#10)
[2026-01-20T04:33:15.924+0000] {subprocess.py:93} INFO - 26/01/20 04:33:15 INFO FileOutputCommitter: File Output Committer Algorithm version is 1
[2026-01-20T04:33:15.926+0000] {subprocess.py:93} INFO - 26/01/20 04:33:15 INFO FileOutputCommitter: FileOutputCommitter skip cleanup _temporary folders under output directory:false, ignore cleanup failures: false
[2026-01-20T04:33:15.929+0000] {subprocess.py:93} INFO - 26/01/20 04:33:15 INFO SQLHadoopMapReduceCommitProtocol: Using output committer class org.apache.hadoop.mapreduce.lib.output.FileOutputCommitter
[2026-01-20T04:33:16.144+0000] {subprocess.py:93} INFO - 26/01/20 04:33:16 INFO BlockManagerInfo: Removed broadcast_5_piece0 on 519d7d29de3d:38857 in memory (size: 7.4 KiB, free: 432.8 MiB)
[2026-01-20T04:33:16.178+0000] {subprocess.py:93} INFO - 26/01/20 04:33:16 INFO CodeGenerator: Code generated in 86.513938 ms
[2026-01-20T04:33:16.182+0000] {subprocess.py:93} INFO - 26/01/20 04:33:16 INFO MemoryStore: Block broadcast_7 stored as values in memory (estimated size 199.1 KiB, free 423.4 MiB)
[2026-01-20T04:33:16.192+0000] {subprocess.py:93} INFO - 26/01/20 04:33:16 INFO MemoryStore: Block broadcast_7_piece0 stored as bytes in memory (estimated size 34.2 KiB, free 423.4 MiB)
[2026-01-20T04:33:16.194+0000] {subprocess.py:93} INFO - 26/01/20 04:33:16 INFO BlockManagerInfo: Added broadcast_7_piece0 in memory on 519d7d29de3d:38857 (size: 34.2 KiB, free: 432.8 MiB)
[2026-01-20T04:33:16.195+0000] {subprocess.py:93} INFO - 26/01/20 04:33:16 INFO SparkContext: Created broadcast 7 from csv at NativeMethodAccessorImpl.java:0
[2026-01-20T04:33:16.197+0000] {subprocess.py:93} INFO - 26/01/20 04:33:16 INFO FileSourceScanExec: Planning scan with bin packing, max size: 4194304 bytes, open cost is considered as scanning 4194304 bytes.
[2026-01-20T04:33:16.213+0000] {subprocess.py:93} INFO - 26/01/20 04:33:16 INFO SparkContext: Starting job: csv at NativeMethodAccessorImpl.java:0
[2026-01-20T04:33:16.215+0000] {subprocess.py:93} INFO - 26/01/20 04:33:16 INFO DAGScheduler: Got job 3 (csv at NativeMethodAccessorImpl.java:0) with 13 output partitions
[2026-01-20T04:33:16.216+0000] {subprocess.py:93} INFO - 26/01/20 04:33:16 INFO DAGScheduler: Final stage: ResultStage 3 (csv at NativeMethodAccessorImpl.java:0)
[2026-01-20T04:33:16.218+0000] {subprocess.py:93} INFO - 26/01/20 04:33:16 INFO DAGScheduler: Parents of final stage: List()
[2026-01-20T04:33:16.219+0000] {subprocess.py:93} INFO - 26/01/20 04:33:16 INFO DAGScheduler: Missing parents: List()
[2026-01-20T04:33:16.220+0000] {subprocess.py:93} INFO - 26/01/20 04:33:16 INFO DAGScheduler: Submitting ResultStage 3 (MapPartitionsRDD[15] at csv at NativeMethodAccessorImpl.java:0), which has no missing parents
[2026-01-20T04:33:16.267+0000] {subprocess.py:93} INFO - 26/01/20 04:33:16 INFO MemoryStore: Block broadcast_8 stored as values in memory (estimated size 233.0 KiB, free 423.2 MiB)
[2026-01-20T04:33:16.271+0000] {subprocess.py:93} INFO - 26/01/20 04:33:16 INFO MemoryStore: Block broadcast_8_piece0 stored as bytes in memory (estimated size 82.8 KiB, free 423.1 MiB)
[2026-01-20T04:33:16.272+0000] {subprocess.py:93} INFO - 26/01/20 04:33:16 INFO BlockManagerInfo: Added broadcast_8_piece0 in memory on 519d7d29de3d:38857 (size: 82.8 KiB, free: 432.7 MiB)
[2026-01-20T04:33:16.273+0000] {subprocess.py:93} INFO - 26/01/20 04:33:16 INFO SparkContext: Created broadcast 8 from broadcast at DAGScheduler.scala:1580
[2026-01-20T04:33:16.274+0000] {subprocess.py:93} INFO - 26/01/20 04:33:16 INFO DAGScheduler: Submitting 13 missing tasks from ResultStage 3 (MapPartitionsRDD[15] at csv at NativeMethodAccessorImpl.java:0) (first 15 tasks are for partitions Vector(0, 1, 2, 3, 4, 5, 6, 7, 8, 9, 10, 11, 12))
[2026-01-20T04:33:16.275+0000] {subprocess.py:93} INFO - 26/01/20 04:33:16 INFO TaskSchedulerImpl: Adding task set 3.0 with 13 tasks resource profile 0
[2026-01-20T04:33:16.277+0000] {subprocess.py:93} INFO - 26/01/20 04:33:16 INFO TaskSetManager: Starting task 0.0 in stage 3.0 (TID 29) (519d7d29de3d, executor driver, partition 0, PROCESS_LOCAL, 8251 bytes)
[2026-01-20T04:33:16.278+0000] {subprocess.py:93} INFO - 26/01/20 04:33:16 INFO TaskSetManager: Starting task 1.0 in stage 3.0 (TID 30) (519d7d29de3d, executor driver, partition 1, PROCESS_LOCAL, 8251 bytes)
[2026-01-20T04:33:16.279+0000] {subprocess.py:93} INFO - 26/01/20 04:33:16 INFO TaskSetManager: Starting task 2.0 in stage 3.0 (TID 31) (519d7d29de3d, executor driver, partition 2, PROCESS_LOCAL, 8251 bytes)
[2026-01-20T04:33:16.279+0000] {subprocess.py:93} INFO - 26/01/20 04:33:16 INFO TaskSetManager: Starting task 3.0 in stage 3.0 (TID 32) (519d7d29de3d, executor driver, partition 3, PROCESS_LOCAL, 8251 bytes)
[2026-01-20T04:33:16.280+0000] {subprocess.py:93} INFO - 26/01/20 04:33:16 INFO TaskSetManager: Starting task 4.0 in stage 3.0 (TID 33) (519d7d29de3d, executor driver, partition 4, PROCESS_LOCAL, 8251 bytes)
[2026-01-20T04:33:16.281+0000] {subprocess.py:93} INFO - 26/01/20 04:33:16 INFO TaskSetManager: Starting task 5.0 in stage 3.0 (TID 34) (519d7d29de3d, executor driver, partition 5, PROCESS_LOCAL, 8251 bytes)
[2026-01-20T04:33:16.283+0000] {subprocess.py:93} INFO - 26/01/20 04:33:16 INFO TaskSetManager: Starting task 6.0 in stage 3.0 (TID 35) (519d7d29de3d, executor driver, partition 6, PROCESS_LOCAL, 8251 bytes)
[2026-01-20T04:33:16.284+0000] {subprocess.py:93} INFO - 26/01/20 04:33:16 INFO TaskSetManager: Starting task 7.0 in stage 3.0 (TID 36) (519d7d29de3d, executor driver, partition 7, PROCESS_LOCAL, 8251 bytes)
[2026-01-20T04:33:16.285+0000] {subprocess.py:93} INFO - 26/01/20 04:33:16 INFO TaskSetManager: Starting task 8.0 in stage 3.0 (TID 37) (519d7d29de3d, executor driver, partition 8, PROCESS_LOCAL, 8251 bytes)
[2026-01-20T04:33:16.285+0000] {subprocess.py:93} INFO - 26/01/20 04:33:16 INFO TaskSetManager: Starting task 9.0 in stage 3.0 (TID 38) (519d7d29de3d, executor driver, partition 9, PROCESS_LOCAL, 8251 bytes)
[2026-01-20T04:33:16.287+0000] {subprocess.py:93} INFO - 26/01/20 04:33:16 INFO TaskSetManager: Starting task 10.0 in stage 3.0 (TID 39) (519d7d29de3d, executor driver, partition 10, PROCESS_LOCAL, 8251 bytes)
[2026-01-20T04:33:16.288+0000] {subprocess.py:93} INFO - 26/01/20 04:33:16 INFO TaskSetManager: Starting task 11.0 in stage 3.0 (TID 40) (519d7d29de3d, executor driver, partition 11, PROCESS_LOCAL, 8251 bytes)
[2026-01-20T04:33:16.290+0000] {subprocess.py:93} INFO - 26/01/20 04:33:16 INFO TaskSetManager: Starting task 12.0 in stage 3.0 (TID 41) (519d7d29de3d, executor driver, partition 12, PROCESS_LOCAL, 8251 bytes)
[2026-01-20T04:33:16.291+0000] {subprocess.py:93} INFO - 26/01/20 04:33:16 INFO Executor: Running task 1.0 in stage 3.0 (TID 30)
[2026-01-20T04:33:16.292+0000] {subprocess.py:93} INFO - 26/01/20 04:33:16 INFO Executor: Running task 0.0 in stage 3.0 (TID 29)
[2026-01-20T04:33:16.293+0000] {subprocess.py:93} INFO - 26/01/20 04:33:16 INFO Executor: Running task 4.0 in stage 3.0 (TID 33)
[2026-01-20T04:33:16.294+0000] {subprocess.py:93} INFO - 26/01/20 04:33:16 INFO Executor: Running task 2.0 in stage 3.0 (TID 31)
[2026-01-20T04:33:16.295+0000] {subprocess.py:93} INFO - 26/01/20 04:33:16 INFO Executor: Running task 3.0 in stage 3.0 (TID 32)
[2026-01-20T04:33:16.296+0000] {subprocess.py:93} INFO - 26/01/20 04:33:16 INFO Executor: Running task 6.0 in stage 3.0 (TID 35)
[2026-01-20T04:33:16.297+0000] {subprocess.py:93} INFO - 26/01/20 04:33:16 INFO Executor: Running task 5.0 in stage 3.0 (TID 34)
[2026-01-20T04:33:16.298+0000] {subprocess.py:93} INFO - 26/01/20 04:33:16 INFO Executor: Running task 9.0 in stage 3.0 (TID 38)
[2026-01-20T04:33:16.299+0000] {subprocess.py:93} INFO - 26/01/20 04:33:16 INFO Executor: Running task 7.0 in stage 3.0 (TID 36)
[2026-01-20T04:33:16.301+0000] {subprocess.py:93} INFO - 26/01/20 04:33:16 INFO Executor: Running task 10.0 in stage 3.0 (TID 39)
[2026-01-20T04:33:16.304+0000] {subprocess.py:93} INFO - 26/01/20 04:33:16 INFO Executor: Running task 11.0 in stage 3.0 (TID 40)
[2026-01-20T04:33:16.305+0000] {subprocess.py:93} INFO - 26/01/20 04:33:16 INFO Executor: Running task 12.0 in stage 3.0 (TID 41)
[2026-01-20T04:33:16.306+0000] {subprocess.py:93} INFO - 26/01/20 04:33:16 INFO Executor: Running task 8.0 in stage 3.0 (TID 37)
[2026-01-20T04:33:16.477+0000] {subprocess.py:93} INFO - 26/01/20 04:33:16 INFO CodeGenerator: Code generated in 80.809735 ms
[2026-01-20T04:33:16.493+0000] {subprocess.py:93} INFO - 26/01/20 04:33:16 INFO FileOutputCommitter: File Output Committer Algorithm version is 1
[2026-01-20T04:33:16.494+0000] {subprocess.py:93} INFO - 26/01/20 04:33:16 INFO FileOutputCommitter: File Output Committer Algorithm version is 1
[2026-01-20T04:33:16.496+0000] {subprocess.py:93} INFO - 26/01/20 04:33:16 INFO FileOutputCommitter: File Output Committer Algorithm version is 1
[2026-01-20T04:33:16.503+0000] {subprocess.py:93} INFO - 26/01/20 04:33:16 INFO FileOutputCommitter: File Output Committer Algorithm version is 1
[2026-01-20T04:33:16.510+0000] {subprocess.py:93} INFO - 26/01/20 04:33:16 INFO FileOutputCommitter: File Output Committer Algorithm version is 1
[2026-01-20T04:33:16.515+0000] {subprocess.py:93} INFO - 26/01/20 04:33:16 INFO FileOutputCommitter: FileOutputCommitter skip cleanup _temporary folders under output directory:false, ignore cleanup failures: false
[2026-01-20T04:33:16.516+0000] {subprocess.py:93} INFO - 26/01/20 04:33:16 INFO FileOutputCommitter: FileOutputCommitter skip cleanup _temporary folders under output directory:false, ignore cleanup failures: false
[2026-01-20T04:33:16.520+0000] {subprocess.py:93} INFO - 26/01/20 04:33:16 INFO FileOutputCommitter: FileOutputCommitter skip cleanup _temporary folders under output directory:false, ignore cleanup failures: false
[2026-01-20T04:33:16.521+0000] {subprocess.py:93} INFO - 26/01/20 04:33:16 INFO FileOutputCommitter: FileOutputCommitter skip cleanup _temporary folders under output directory:false, ignore cleanup failures: false
[2026-01-20T04:33:16.522+0000] {subprocess.py:93} INFO - 26/01/20 04:33:16 INFO FileOutputCommitter: File Output Committer Algorithm version is 1
[2026-01-20T04:33:16.526+0000] {subprocess.py:93} INFO - 26/01/20 04:33:16 INFO FileOutputCommitter: FileOutputCommitter skip cleanup _temporary folders under output directory:false, ignore cleanup failures: false
[2026-01-20T04:33:16.528+0000] {subprocess.py:93} INFO - 26/01/20 04:33:16 INFO FileOutputCommitter: File Output Committer Algorithm version is 1
[2026-01-20T04:33:16.530+0000] {subprocess.py:93} INFO - 26/01/20 04:33:16 INFO FileOutputCommitter: FileOutputCommitter skip cleanup _temporary folders under output directory:false, ignore cleanup failures: false
[2026-01-20T04:33:16.532+0000] {subprocess.py:93} INFO - 26/01/20 04:33:16 INFO FileOutputCommitter: File Output Committer Algorithm version is 1
[2026-01-20T04:33:16.533+0000] {subprocess.py:93} INFO - 26/01/20 04:33:16 INFO FileOutputCommitter: FileOutputCommitter skip cleanup _temporary folders under output directory:false, ignore cleanup failures: false
[2026-01-20T04:33:16.534+0000] {subprocess.py:93} INFO - 26/01/20 04:33:16 INFO FileOutputCommitter: File Output Committer Algorithm version is 1
[2026-01-20T04:33:16.535+0000] {subprocess.py:93} INFO - 26/01/20 04:33:16 INFO FileOutputCommitter: FileOutputCommitter skip cleanup _temporary folders under output directory:false, ignore cleanup failures: false
[2026-01-20T04:33:16.537+0000] {subprocess.py:93} INFO - 26/01/20 04:33:16 INFO FileOutputCommitter: File Output Committer Algorithm version is 1
[2026-01-20T04:33:16.538+0000] {subprocess.py:93} INFO - 26/01/20 04:33:16 INFO FileOutputCommitter: FileOutputCommitter skip cleanup _temporary folders under output directory:false, ignore cleanup failures: false
[2026-01-20T04:33:16.539+0000] {subprocess.py:93} INFO - 26/01/20 04:33:16 INFO FileOutputCommitter: FileOutputCommitter skip cleanup _temporary folders under output directory:false, ignore cleanup failures: false
[2026-01-20T04:33:16.540+0000] {subprocess.py:93} INFO - 26/01/20 04:33:16 INFO SQLHadoopMapReduceCommitProtocol: Using output committer class org.apache.hadoop.mapreduce.lib.output.FileOutputCommitter
[2026-01-20T04:33:16.542+0000] {subprocess.py:93} INFO - 26/01/20 04:33:16 INFO SQLHadoopMapReduceCommitProtocol: Using output committer class org.apache.hadoop.mapreduce.lib.output.FileOutputCommitter
[2026-01-20T04:33:16.543+0000] {subprocess.py:93} INFO - 26/01/20 04:33:16 INFO FileOutputCommitter: File Output Committer Algorithm version is 1
[2026-01-20T04:33:16.544+0000] {subprocess.py:93} INFO - 26/01/20 04:33:16 INFO FileOutputCommitter: File Output Committer Algorithm version is 1
[2026-01-20T04:33:16.546+0000] {subprocess.py:93} INFO - 26/01/20 04:33:16 INFO FileOutputCommitter: FileOutputCommitter skip cleanup _temporary folders under output directory:false, ignore cleanup failures: false
[2026-01-20T04:33:16.547+0000] {subprocess.py:93} INFO - 26/01/20 04:33:16 INFO FileOutputCommitter: FileOutputCommitter skip cleanup _temporary folders under output directory:false, ignore cleanup failures: false
[2026-01-20T04:33:16.549+0000] {subprocess.py:93} INFO - 26/01/20 04:33:16 INFO FileOutputCommitter: File Output Committer Algorithm version is 1
[2026-01-20T04:33:16.551+0000] {subprocess.py:93} INFO - 26/01/20 04:33:16 INFO FileOutputCommitter: FileOutputCommitter skip cleanup _temporary folders under output directory:false, ignore cleanup failures: false
[2026-01-20T04:33:16.552+0000] {subprocess.py:93} INFO - 26/01/20 04:33:16 INFO SQLHadoopMapReduceCommitProtocol: Using output committer class org.apache.hadoop.mapreduce.lib.output.FileOutputCommitter
[2026-01-20T04:33:16.553+0000] {subprocess.py:93} INFO - 26/01/20 04:33:16 INFO SQLHadoopMapReduceCommitProtocol: Using output committer class org.apache.hadoop.mapreduce.lib.output.FileOutputCommitter
[2026-01-20T04:33:16.554+0000] {subprocess.py:93} INFO - 26/01/20 04:33:16 INFO FileScanRDD: Reading File path: file:///opt/spark-data/landing/transaction_events_1768879479.1820476.json, range: 4194304-8388608, partition values: [empty row]
[2026-01-20T04:33:16.556+0000] {subprocess.py:93} INFO - 26/01/20 04:33:16 INFO FileScanRDD: Reading File path: file:///opt/spark-data/landing/transaction_events_1768879479.1820476.json, range: 16777216-20971520, partition values: [empty row]
[2026-01-20T04:33:16.557+0000] {subprocess.py:93} INFO - 26/01/20 04:33:16 INFO SQLHadoopMapReduceCommitProtocol: Using output committer class org.apache.hadoop.mapreduce.lib.output.FileOutputCommitter
[2026-01-20T04:33:16.559+0000] {subprocess.py:93} INFO - 26/01/20 04:33:16 INFO FileScanRDD: Reading File path: file:///opt/spark-data/landing/transaction_events_1768879479.1820476.json, range: 41943040-46137344, partition values: [empty row]
[2026-01-20T04:33:16.560+0000] {subprocess.py:93} INFO - 26/01/20 04:33:16 INFO SQLHadoopMapReduceCommitProtocol: Using output committer class org.apache.hadoop.mapreduce.lib.output.FileOutputCommitter
[2026-01-20T04:33:16.562+0000] {subprocess.py:93} INFO - 26/01/20 04:33:16 INFO FileScanRDD: Reading File path: file:///opt/spark-data/landing/transaction_events_1768879479.1820476.json, range: 12582912-16777216, partition values: [empty row]
[2026-01-20T04:33:16.565+0000] {subprocess.py:93} INFO - 26/01/20 04:33:16 INFO SQLHadoopMapReduceCommitProtocol: Using output committer class org.apache.hadoop.mapreduce.lib.output.FileOutputCommitter
[2026-01-20T04:33:16.567+0000] {subprocess.py:93} INFO - 26/01/20 04:33:16 INFO SQLHadoopMapReduceCommitProtocol: Using output committer class org.apache.hadoop.mapreduce.lib.output.FileOutputCommitter
[2026-01-20T04:33:16.568+0000] {subprocess.py:93} INFO - 26/01/20 04:33:16 INFO FileScanRDD: Reading File path: file:///opt/spark-data/landing/transaction_events_1768879479.1820476.json, range: 37748736-41943040, partition values: [empty row]
[2026-01-20T04:33:16.569+0000] {subprocess.py:93} INFO - 26/01/20 04:33:16 INFO FileScanRDD: Reading File path: file:///opt/spark-data/landing/transaction_events_1768879479.1820476.json, range: 20971520-25165824, partition values: [empty row]
[2026-01-20T04:33:16.570+0000] {subprocess.py:93} INFO - 26/01/20 04:33:16 INFO FileScanRDD: Reading File path: file:///opt/spark-data/landing/transaction_events_1768879479.1820476.json, range: 33554432-37748736, partition values: [empty row]
[2026-01-20T04:33:16.571+0000] {subprocess.py:93} INFO - 26/01/20 04:33:16 INFO SQLHadoopMapReduceCommitProtocol: Using output committer class org.apache.hadoop.mapreduce.lib.output.FileOutputCommitter
[2026-01-20T04:33:16.572+0000] {subprocess.py:93} INFO - 26/01/20 04:33:16 INFO SQLHadoopMapReduceCommitProtocol: Using output committer class org.apache.hadoop.mapreduce.lib.output.FileOutputCommitter
[2026-01-20T04:33:16.573+0000] {subprocess.py:93} INFO - 26/01/20 04:33:16 INFO FileScanRDD: Reading File path: file:///opt/spark-data/landing/transaction_events_1768879479.1820476.json, range: 46137344-50331648, partition values: [empty row]
[2026-01-20T04:33:16.574+0000] {subprocess.py:93} INFO - 26/01/20 04:33:16 INFO SQLHadoopMapReduceCommitProtocol: Using output committer class org.apache.hadoop.mapreduce.lib.output.FileOutputCommitter
[2026-01-20T04:33:16.575+0000] {subprocess.py:93} INFO - 26/01/20 04:33:16 INFO FileScanRDD: Reading File path: file:///opt/spark-data/landing/transaction_events_1768879479.1820476.json, range: 50331648-51561162, partition values: [empty row]
[2026-01-20T04:33:16.576+0000] {subprocess.py:93} INFO - 26/01/20 04:33:16 INFO FileScanRDD: Reading File path: file:///opt/spark-data/landing/transaction_events_1768879479.1820476.json, range: 8388608-12582912, partition values: [empty row]
[2026-01-20T04:33:16.577+0000] {subprocess.py:93} INFO - 26/01/20 04:33:16 INFO SQLHadoopMapReduceCommitProtocol: Using output committer class org.apache.hadoop.mapreduce.lib.output.FileOutputCommitter
[2026-01-20T04:33:16.578+0000] {subprocess.py:93} INFO - 26/01/20 04:33:16 INFO FileScanRDD: Reading File path: file:///opt/spark-data/landing/transaction_events_1768879479.1820476.json, range: 25165824-29360128, partition values: [empty row]
[2026-01-20T04:33:16.579+0000] {subprocess.py:93} INFO - 26/01/20 04:33:16 INFO SQLHadoopMapReduceCommitProtocol: Using output committer class org.apache.hadoop.mapreduce.lib.output.FileOutputCommitter
[2026-01-20T04:33:16.580+0000] {subprocess.py:93} INFO - 26/01/20 04:33:16 INFO FileScanRDD: Reading File path: file:///opt/spark-data/landing/transaction_events_1768879479.1820476.json, range: 29360128-33554432, partition values: [empty row]
[2026-01-20T04:33:16.581+0000] {subprocess.py:93} INFO - 26/01/20 04:33:16 INFO CodeGenerator: Code generated in 45.523706 ms
[2026-01-20T04:33:16.582+0000] {subprocess.py:93} INFO - 26/01/20 04:33:16 INFO CodeGenerator: Code generated in 17.846456 ms
[2026-01-20T04:33:16.799+0000] {subprocess.py:93} INFO - 26/01/20 04:33:16 INFO FileScanRDD: Reading File path: file:///opt/spark-data/landing/transaction_events_1768879479.1820476.json, range: 0-4194304, partition values: [empty row]
[2026-01-20T04:33:17.240+0000] {subprocess.py:93} INFO - 26/01/20 04:33:17 INFO FileOutputCommitter: Saved output of task 'attempt_202601200433168864888912788117058_0003_m_000012_41' to file:/opt/spark-data/gold/advertising/_temporary/0/task_202601200433168864888912788117058_0003_m_000012
[2026-01-20T04:33:17.245+0000] {subprocess.py:93} INFO - 26/01/20 04:33:17 INFO SparkHadoopMapRedUtil: attempt_202601200433168864888912788117058_0003_m_000012_41: Committed. Elapsed time: 46 ms.
[2026-01-20T04:33:17.263+0000] {subprocess.py:93} INFO - 26/01/20 04:33:17 INFO Executor: Finished task 12.0 in stage 3.0 (TID 41). 2936 bytes result sent to driver
[2026-01-20T04:33:17.269+0000] {subprocess.py:93} INFO - 26/01/20 04:33:17 INFO TaskSetManager: Finished task 12.0 in stage 3.0 (TID 41) in 982 ms on 519d7d29de3d (executor driver) (1/13)
[2026-01-20T04:33:17.538+0000] {subprocess.py:93} INFO - 26/01/20 04:33:17 INFO FileOutputCommitter: Saved output of task 'attempt_202601200433168864888912788117058_0003_m_000003_32' to file:/opt/spark-data/gold/advertising/_temporary/0/task_202601200433168864888912788117058_0003_m_000003
[2026-01-20T04:33:17.539+0000] {subprocess.py:93} INFO - 26/01/20 04:33:17 INFO SparkHadoopMapRedUtil: attempt_202601200433168864888912788117058_0003_m_000003_32: Committed. Elapsed time: 34 ms.
[2026-01-20T04:33:17.542+0000] {subprocess.py:93} INFO - 26/01/20 04:33:17 INFO Executor: Finished task 3.0 in stage 3.0 (TID 32). 2893 bytes result sent to driver
[2026-01-20T04:33:17.544+0000] {subprocess.py:93} INFO - 26/01/20 04:33:17 INFO TaskSetManager: Finished task 3.0 in stage 3.0 (TID 32) in 1266 ms on 519d7d29de3d (executor driver) (2/13)
[2026-01-20T04:33:17.545+0000] {subprocess.py:93} INFO - 26/01/20 04:33:17 INFO FileOutputCommitter: Saved output of task 'attempt_202601200433168864888912788117058_0003_m_000005_34' to file:/opt/spark-data/gold/advertising/_temporary/0/task_202601200433168864888912788117058_0003_m_000005
[2026-01-20T04:33:17.546+0000] {subprocess.py:93} INFO - 26/01/20 04:33:17 INFO SparkHadoopMapRedUtil: attempt_202601200433168864888912788117058_0003_m_000005_34: Committed. Elapsed time: 35 ms.
[2026-01-20T04:33:17.547+0000] {subprocess.py:93} INFO - 26/01/20 04:33:17 INFO Executor: Finished task 5.0 in stage 3.0 (TID 34). 2893 bytes result sent to driver
[2026-01-20T04:33:17.549+0000] {subprocess.py:93} INFO - 26/01/20 04:33:17 INFO TaskSetManager: Finished task 5.0 in stage 3.0 (TID 34) in 1267 ms on 519d7d29de3d (executor driver) (3/13)
[2026-01-20T04:33:17.550+0000] {subprocess.py:93} INFO - 26/01/20 04:33:17 INFO FileOutputCommitter: Saved output of task 'attempt_202601200433168864888912788117058_0003_m_000011_40' to file:/opt/spark-data/gold/advertising/_temporary/0/task_202601200433168864888912788117058_0003_m_000011
[2026-01-20T04:33:17.551+0000] {subprocess.py:93} INFO - 26/01/20 04:33:17 INFO SparkHadoopMapRedUtil: attempt_202601200433168864888912788117058_0003_m_000011_40: Committed. Elapsed time: 39 ms.
[2026-01-20T04:33:17.552+0000] {subprocess.py:93} INFO - 26/01/20 04:33:17 INFO Executor: Finished task 11.0 in stage 3.0 (TID 40). 2893 bytes result sent to driver
[2026-01-20T04:33:17.552+0000] {subprocess.py:93} INFO - 26/01/20 04:33:17 INFO TaskSetManager: Finished task 11.0 in stage 3.0 (TID 40) in 1267 ms on 519d7d29de3d (executor driver) (4/13)
[2026-01-20T04:33:17.556+0000] {subprocess.py:93} INFO - 26/01/20 04:33:17 INFO FileOutputCommitter: Saved output of task 'attempt_202601200433168864888912788117058_0003_m_000001_30' to file:/opt/spark-data/gold/advertising/_temporary/0/task_202601200433168864888912788117058_0003_m_000001
[2026-01-20T04:33:17.556+0000] {subprocess.py:93} INFO - 26/01/20 04:33:17 INFO SparkHadoopMapRedUtil: attempt_202601200433168864888912788117058_0003_m_000001_30: Committed. Elapsed time: 44 ms.
[2026-01-20T04:33:17.557+0000] {subprocess.py:93} INFO - 26/01/20 04:33:17 INFO Executor: Finished task 1.0 in stage 3.0 (TID 30). 2893 bytes result sent to driver
[2026-01-20T04:33:17.558+0000] {subprocess.py:93} INFO - 26/01/20 04:33:17 INFO TaskSetManager: Finished task 1.0 in stage 3.0 (TID 30) in 1281 ms on 519d7d29de3d (executor driver) (5/13)
[2026-01-20T04:33:17.560+0000] {subprocess.py:93} INFO - 26/01/20 04:33:17 INFO FileOutputCommitter: Saved output of task 'attempt_202601200433168864888912788117058_0003_m_000006_35' to file:/opt/spark-data/gold/advertising/_temporary/0/task_202601200433168864888912788117058_0003_m_000006
[2026-01-20T04:33:17.561+0000] {subprocess.py:93} INFO - 26/01/20 04:33:17 INFO SparkHadoopMapRedUtil: attempt_202601200433168864888912788117058_0003_m_000006_35: Committed. Elapsed time: 47 ms.
[2026-01-20T04:33:17.562+0000] {subprocess.py:93} INFO - 26/01/20 04:33:17 INFO Executor: Finished task 6.0 in stage 3.0 (TID 35). 2893 bytes result sent to driver
[2026-01-20T04:33:17.563+0000] {subprocess.py:93} INFO - 26/01/20 04:33:17 INFO TaskSetManager: Finished task 6.0 in stage 3.0 (TID 35) in 1281 ms on 519d7d29de3d (executor driver) (6/13)
[2026-01-20T04:33:17.565+0000] {subprocess.py:93} INFO - 26/01/20 04:33:17 INFO FileOutputCommitter: Saved output of task 'attempt_202601200433168864888912788117058_0003_m_000004_33' to file:/opt/spark-data/gold/advertising/_temporary/0/task_202601200433168864888912788117058_0003_m_000004
[2026-01-20T04:33:17.565+0000] {subprocess.py:93} INFO - 26/01/20 04:33:17 INFO SparkHadoopMapRedUtil: attempt_202601200433168864888912788117058_0003_m_000004_33: Committed. Elapsed time: 47 ms.
[2026-01-20T04:33:17.566+0000] {subprocess.py:93} INFO - 26/01/20 04:33:17 INFO Executor: Finished task 4.0 in stage 3.0 (TID 33). 2893 bytes result sent to driver
[2026-01-20T04:33:17.567+0000] {subprocess.py:93} INFO - 26/01/20 04:33:17 INFO TaskSetManager: Finished task 4.0 in stage 3.0 (TID 33) in 1287 ms on 519d7d29de3d (executor driver) (7/13)
[2026-01-20T04:33:17.570+0000] {subprocess.py:93} INFO - 26/01/20 04:33:17 INFO FileOutputCommitter: Saved output of task 'attempt_202601200433168864888912788117058_0003_m_000010_39' to file:/opt/spark-data/gold/advertising/_temporary/0/task_202601200433168864888912788117058_0003_m_000010
[2026-01-20T04:33:17.571+0000] {subprocess.py:93} INFO - 26/01/20 04:33:17 INFO SparkHadoopMapRedUtil: attempt_202601200433168864888912788117058_0003_m_000010_39: Committed. Elapsed time: 52 ms.
[2026-01-20T04:33:17.571+0000] {subprocess.py:93} INFO - 26/01/20 04:33:17 INFO Executor: Finished task 10.0 in stage 3.0 (TID 39). 2893 bytes result sent to driver
[2026-01-20T04:33:17.573+0000] {subprocess.py:93} INFO - 26/01/20 04:33:17 INFO TaskSetManager: Finished task 10.0 in stage 3.0 (TID 39) in 1289 ms on 519d7d29de3d (executor driver) (8/13)
[2026-01-20T04:33:17.576+0000] {subprocess.py:93} INFO - 26/01/20 04:33:17 INFO FileOutputCommitter: Saved output of task 'attempt_202601200433168864888912788117058_0003_m_000008_37' to file:/opt/spark-data/gold/advertising/_temporary/0/task_202601200433168864888912788117058_0003_m_000008
[2026-01-20T04:33:17.577+0000] {subprocess.py:93} INFO - 26/01/20 04:33:17 INFO SparkHadoopMapRedUtil: attempt_202601200433168864888912788117058_0003_m_000008_37: Committed. Elapsed time: 61 ms.
[2026-01-20T04:33:17.578+0000] {subprocess.py:93} INFO - 26/01/20 04:33:17 INFO Executor: Finished task 8.0 in stage 3.0 (TID 37). 2893 bytes result sent to driver
[2026-01-20T04:33:17.578+0000] {subprocess.py:93} INFO - 26/01/20 04:33:17 INFO TaskSetManager: Finished task 8.0 in stage 3.0 (TID 37) in 1295 ms on 519d7d29de3d (executor driver) (9/13)
[2026-01-20T04:33:17.582+0000] {subprocess.py:93} INFO - 26/01/20 04:33:17 INFO FileOutputCommitter: Saved output of task 'attempt_202601200433168864888912788117058_0003_m_000009_38' to file:/opt/spark-data/gold/advertising/_temporary/0/task_202601200433168864888912788117058_0003_m_000009
[2026-01-20T04:33:17.582+0000] {subprocess.py:93} INFO - 26/01/20 04:33:17 INFO SparkHadoopMapRedUtil: attempt_202601200433168864888912788117058_0003_m_000009_38: Committed. Elapsed time: 63 ms.
[2026-01-20T04:33:17.583+0000] {subprocess.py:93} INFO - 26/01/20 04:33:17 INFO Executor: Finished task 9.0 in stage 3.0 (TID 38). 2893 bytes result sent to driver
[2026-01-20T04:33:17.584+0000] {subprocess.py:93} INFO - 26/01/20 04:33:17 INFO TaskSetManager: Finished task 9.0 in stage 3.0 (TID 38) in 1300 ms on 519d7d29de3d (executor driver) (10/13)
[2026-01-20T04:33:17.587+0000] {subprocess.py:93} INFO - 26/01/20 04:33:17 INFO FileOutputCommitter: Saved output of task 'attempt_202601200433168864888912788117058_0003_m_000002_31' to file:/opt/spark-data/gold/advertising/_temporary/0/task_202601200433168864888912788117058_0003_m_000002
[2026-01-20T04:33:17.588+0000] {subprocess.py:93} INFO - 26/01/20 04:33:17 INFO SparkHadoopMapRedUtil: attempt_202601200433168864888912788117058_0003_m_000002_31: Committed. Elapsed time: 64 ms.
[2026-01-20T04:33:17.588+0000] {subprocess.py:93} INFO - 26/01/20 04:33:17 INFO Executor: Finished task 2.0 in stage 3.0 (TID 31). 2893 bytes result sent to driver
[2026-01-20T04:33:17.590+0000] {subprocess.py:93} INFO - 26/01/20 04:33:17 INFO TaskSetManager: Finished task 2.0 in stage 3.0 (TID 31) in 1313 ms on 519d7d29de3d (executor driver) (11/13)
[2026-01-20T04:33:17.593+0000] {subprocess.py:93} INFO - 26/01/20 04:33:17 INFO FileOutputCommitter: Saved output of task 'attempt_202601200433168864888912788117058_0003_m_000007_36' to file:/opt/spark-data/gold/advertising/_temporary/0/task_202601200433168864888912788117058_0003_m_000007
[2026-01-20T04:33:17.594+0000] {subprocess.py:93} INFO - 26/01/20 04:33:17 INFO SparkHadoopMapRedUtil: attempt_202601200433168864888912788117058_0003_m_000007_36: Committed. Elapsed time: 69 ms.
[2026-01-20T04:33:17.595+0000] {subprocess.py:93} INFO - 26/01/20 04:33:17 INFO Executor: Finished task 7.0 in stage 3.0 (TID 36). 2893 bytes result sent to driver
[2026-01-20T04:33:17.596+0000] {subprocess.py:93} INFO - 26/01/20 04:33:17 INFO TaskSetManager: Finished task 7.0 in stage 3.0 (TID 36) in 1314 ms on 519d7d29de3d (executor driver) (12/13)
[2026-01-20T04:33:17.600+0000] {subprocess.py:93} INFO - 26/01/20 04:33:17 INFO FileOutputCommitter: Saved output of task 'attempt_202601200433168864888912788117058_0003_m_000000_29' to file:/opt/spark-data/gold/advertising/_temporary/0/task_202601200433168864888912788117058_0003_m_000000
[2026-01-20T04:33:17.601+0000] {subprocess.py:93} INFO - 26/01/20 04:33:17 INFO SparkHadoopMapRedUtil: attempt_202601200433168864888912788117058_0003_m_000000_29: Committed. Elapsed time: 71 ms.
[2026-01-20T04:33:17.602+0000] {subprocess.py:93} INFO - 26/01/20 04:33:17 INFO Executor: Finished task 0.0 in stage 3.0 (TID 29). 2893 bytes result sent to driver
[2026-01-20T04:33:17.603+0000] {subprocess.py:93} INFO - 26/01/20 04:33:17 INFO TaskSetManager: Finished task 0.0 in stage 3.0 (TID 29) in 1326 ms on 519d7d29de3d (executor driver) (13/13)
[2026-01-20T04:33:17.603+0000] {subprocess.py:93} INFO - 26/01/20 04:33:17 INFO TaskSchedulerImpl: Removed TaskSet 3.0, whose tasks have all completed, from pool
[2026-01-20T04:33:17.604+0000] {subprocess.py:93} INFO - 26/01/20 04:33:17 INFO DAGScheduler: ResultStage 3 (csv at NativeMethodAccessorImpl.java:0) finished in 1.385 s
[2026-01-20T04:33:17.605+0000] {subprocess.py:93} INFO - 26/01/20 04:33:17 INFO DAGScheduler: Job 3 is finished. Cancelling potential speculative or zombie tasks for this job
[2026-01-20T04:33:17.605+0000] {subprocess.py:93} INFO - 26/01/20 04:33:17 INFO TaskSchedulerImpl: Killing all running tasks in stage 3: Stage finished
[2026-01-20T04:33:17.606+0000] {subprocess.py:93} INFO - 26/01/20 04:33:17 INFO DAGScheduler: Job 3 finished: csv at NativeMethodAccessorImpl.java:0, took 1.390899 s
[2026-01-20T04:33:17.607+0000] {subprocess.py:93} INFO - 26/01/20 04:33:17 INFO FileFormatWriter: Start to commit write Job 42ceb1fc-3faf-40a9-b7e7-d63a72dc80dc.
[2026-01-20T04:33:19.032+0000] {subprocess.py:93} INFO - 26/01/20 04:33:19 INFO FileFormatWriter: Write Job 42ceb1fc-3faf-40a9-b7e7-d63a72dc80dc committed. Elapsed time: 1423 ms.
[2026-01-20T04:33:19.035+0000] {subprocess.py:93} INFO - 26/01/20 04:33:19 INFO FileFormatWriter: Finished processing stats for write job 42ceb1fc-3faf-40a9-b7e7-d63a72dc80dc.
[2026-01-20T04:33:19.320+0000] {subprocess.py:93} INFO - 26/01/20 04:33:19 INFO FileSourceStrategy: Pushed Filters:
[2026-01-20T04:33:19.321+0000] {subprocess.py:93} INFO - 26/01/20 04:33:19 INFO FileSourceStrategy: Post-Scan Filters:
[2026-01-20T04:33:19.389+0000] {subprocess.py:93} INFO - 26/01/20 04:33:19 INFO CodeGenerator: Code generated in 12.138973 ms
[2026-01-20T04:33:19.392+0000] {subprocess.py:93} INFO - 26/01/20 04:33:19 INFO MemoryStore: Block broadcast_9 stored as values in memory (estimated size 199.1 KiB, free 422.9 MiB)
[2026-01-20T04:33:19.407+0000] {subprocess.py:93} INFO - 26/01/20 04:33:19 INFO MemoryStore: Block broadcast_9_piece0 stored as bytes in memory (estimated size 34.2 KiB, free 422.9 MiB)
[2026-01-20T04:33:19.408+0000] {subprocess.py:93} INFO - 26/01/20 04:33:19 INFO BlockManagerInfo: Added broadcast_9_piece0 in memory on 519d7d29de3d:38857 (size: 34.2 KiB, free: 432.7 MiB)
[2026-01-20T04:33:19.410+0000] {subprocess.py:93} INFO - 26/01/20 04:33:19 INFO SparkContext: Created broadcast 9 from csv at NativeMethodAccessorImpl.java:0
[2026-01-20T04:33:19.412+0000] {subprocess.py:93} INFO - 26/01/20 04:33:19 INFO FileSourceScanExec: Planning scan with bin packing, max size: 4194304 bytes, open cost is considered as scanning 4194304 bytes.
[2026-01-20T04:33:19.447+0000] {subprocess.py:93} INFO - 26/01/20 04:33:19 INFO DAGScheduler: Registering RDD 19 (csv at NativeMethodAccessorImpl.java:0) as input to shuffle 0
[2026-01-20T04:33:19.455+0000] {subprocess.py:93} INFO - 26/01/20 04:33:19 INFO DAGScheduler: Got map stage job 4 (csv at NativeMethodAccessorImpl.java:0) with 13 output partitions
[2026-01-20T04:33:19.456+0000] {subprocess.py:93} INFO - 26/01/20 04:33:19 INFO DAGScheduler: Final stage: ShuffleMapStage 4 (csv at NativeMethodAccessorImpl.java:0)
[2026-01-20T04:33:19.457+0000] {subprocess.py:93} INFO - 26/01/20 04:33:19 INFO DAGScheduler: Parents of final stage: List()
[2026-01-20T04:33:19.458+0000] {subprocess.py:93} INFO - 26/01/20 04:33:19 INFO DAGScheduler: Missing parents: List()
[2026-01-20T04:33:19.459+0000] {subprocess.py:93} INFO - 26/01/20 04:33:19 INFO DAGScheduler: Submitting ShuffleMapStage 4 (MapPartitionsRDD[19] at csv at NativeMethodAccessorImpl.java:0), which has no missing parents
[2026-01-20T04:33:19.483+0000] {subprocess.py:93} INFO - 26/01/20 04:33:19 INFO MemoryStore: Block broadcast_10 stored as values in memory (estimated size 18.5 KiB, free 422.8 MiB)
[2026-01-20T04:33:19.484+0000] {subprocess.py:93} INFO - 26/01/20 04:33:19 INFO MemoryStore: Block broadcast_10_piece0 stored as bytes in memory (estimated size 8.8 KiB, free 422.8 MiB)
[2026-01-20T04:33:19.485+0000] {subprocess.py:93} INFO - 26/01/20 04:33:19 INFO BlockManagerInfo: Added broadcast_10_piece0 in memory on 519d7d29de3d:38857 (size: 8.8 KiB, free: 432.7 MiB)
[2026-01-20T04:33:19.486+0000] {subprocess.py:93} INFO - 26/01/20 04:33:19 INFO SparkContext: Created broadcast 10 from broadcast at DAGScheduler.scala:1580
[2026-01-20T04:33:19.488+0000] {subprocess.py:93} INFO - 26/01/20 04:33:19 INFO DAGScheduler: Submitting 13 missing tasks from ShuffleMapStage 4 (MapPartitionsRDD[19] at csv at NativeMethodAccessorImpl.java:0) (first 15 tasks are for partitions Vector(0, 1, 2, 3, 4, 5, 6, 7, 8, 9, 10, 11, 12))
[2026-01-20T04:33:19.489+0000] {subprocess.py:93} INFO - 26/01/20 04:33:19 INFO TaskSchedulerImpl: Adding task set 4.0 with 13 tasks resource profile 0
[2026-01-20T04:33:19.491+0000] {subprocess.py:93} INFO - 26/01/20 04:33:19 INFO TaskSetManager: Starting task 0.0 in stage 4.0 (TID 42) (519d7d29de3d, executor driver, partition 0, PROCESS_LOCAL, 8240 bytes)
[2026-01-20T04:33:19.491+0000] {subprocess.py:93} INFO - 26/01/20 04:33:19 INFO TaskSetManager: Starting task 1.0 in stage 4.0 (TID 43) (519d7d29de3d, executor driver, partition 1, PROCESS_LOCAL, 8240 bytes)
[2026-01-20T04:33:19.492+0000] {subprocess.py:93} INFO - 26/01/20 04:33:19 INFO TaskSetManager: Starting task 2.0 in stage 4.0 (TID 44) (519d7d29de3d, executor driver, partition 2, PROCESS_LOCAL, 8240 bytes)
[2026-01-20T04:33:19.493+0000] {subprocess.py:93} INFO - 26/01/20 04:33:19 INFO TaskSetManager: Starting task 3.0 in stage 4.0 (TID 45) (519d7d29de3d, executor driver, partition 3, PROCESS_LOCAL, 8240 bytes)
[2026-01-20T04:33:19.494+0000] {subprocess.py:93} INFO - 26/01/20 04:33:19 INFO TaskSetManager: Starting task 4.0 in stage 4.0 (TID 46) (519d7d29de3d, executor driver, partition 4, PROCESS_LOCAL, 8240 bytes)
[2026-01-20T04:33:19.494+0000] {subprocess.py:93} INFO - 26/01/20 04:33:19 INFO TaskSetManager: Starting task 5.0 in stage 4.0 (TID 47) (519d7d29de3d, executor driver, partition 5, PROCESS_LOCAL, 8240 bytes)
[2026-01-20T04:33:19.495+0000] {subprocess.py:93} INFO - 26/01/20 04:33:19 INFO TaskSetManager: Starting task 6.0 in stage 4.0 (TID 48) (519d7d29de3d, executor driver, partition 6, PROCESS_LOCAL, 8240 bytes)
[2026-01-20T04:33:19.496+0000] {subprocess.py:93} INFO - 26/01/20 04:33:19 INFO TaskSetManager: Starting task 7.0 in stage 4.0 (TID 49) (519d7d29de3d, executor driver, partition 7, PROCESS_LOCAL, 8240 bytes)
[2026-01-20T04:33:19.497+0000] {subprocess.py:93} INFO - 26/01/20 04:33:19 INFO TaskSetManager: Starting task 8.0 in stage 4.0 (TID 50) (519d7d29de3d, executor driver, partition 8, PROCESS_LOCAL, 8240 bytes)
[2026-01-20T04:33:19.498+0000] {subprocess.py:93} INFO - 26/01/20 04:33:19 INFO TaskSetManager: Starting task 9.0 in stage 4.0 (TID 51) (519d7d29de3d, executor driver, partition 9, PROCESS_LOCAL, 8240 bytes)
[2026-01-20T04:33:19.498+0000] {subprocess.py:93} INFO - 26/01/20 04:33:19 INFO TaskSetManager: Starting task 10.0 in stage 4.0 (TID 52) (519d7d29de3d, executor driver, partition 10, PROCESS_LOCAL, 8240 bytes)
[2026-01-20T04:33:19.500+0000] {subprocess.py:93} INFO - 26/01/20 04:33:19 INFO TaskSetManager: Starting task 11.0 in stage 4.0 (TID 53) (519d7d29de3d, executor driver, partition 11, PROCESS_LOCAL, 8240 bytes)
[2026-01-20T04:33:19.502+0000] {subprocess.py:93} INFO - 26/01/20 04:33:19 INFO TaskSetManager: Starting task 12.0 in stage 4.0 (TID 54) (519d7d29de3d, executor driver, partition 12, PROCESS_LOCAL, 8240 bytes)
[2026-01-20T04:33:19.503+0000] {subprocess.py:93} INFO - 26/01/20 04:33:19 INFO Executor: Running task 2.0 in stage 4.0 (TID 44)
[2026-01-20T04:33:19.505+0000] {subprocess.py:93} INFO - 26/01/20 04:33:19 INFO Executor: Running task 1.0 in stage 4.0 (TID 43)
[2026-01-20T04:33:19.506+0000] {subprocess.py:93} INFO - 26/01/20 04:33:19 INFO Executor: Running task 0.0 in stage 4.0 (TID 42)
[2026-01-20T04:33:19.506+0000] {subprocess.py:93} INFO - 26/01/20 04:33:19 INFO Executor: Running task 3.0 in stage 4.0 (TID 45)
[2026-01-20T04:33:19.507+0000] {subprocess.py:93} INFO - 26/01/20 04:33:19 INFO Executor: Running task 4.0 in stage 4.0 (TID 46)
[2026-01-20T04:33:19.508+0000] {subprocess.py:93} INFO - 26/01/20 04:33:19 INFO Executor: Running task 5.0 in stage 4.0 (TID 47)
[2026-01-20T04:33:19.509+0000] {subprocess.py:93} INFO - 26/01/20 04:33:19 INFO Executor: Running task 6.0 in stage 4.0 (TID 48)
[2026-01-20T04:33:19.509+0000] {subprocess.py:93} INFO - 26/01/20 04:33:19 INFO Executor: Running task 7.0 in stage 4.0 (TID 49)
[2026-01-20T04:33:19.510+0000] {subprocess.py:93} INFO - 26/01/20 04:33:19 INFO Executor: Running task 12.0 in stage 4.0 (TID 54)
[2026-01-20T04:33:19.511+0000] {subprocess.py:93} INFO - 26/01/20 04:33:19 INFO Executor: Running task 9.0 in stage 4.0 (TID 51)
[2026-01-20T04:33:19.512+0000] {subprocess.py:93} INFO - 26/01/20 04:33:19 INFO Executor: Running task 10.0 in stage 4.0 (TID 52)
[2026-01-20T04:33:19.513+0000] {subprocess.py:93} INFO - 26/01/20 04:33:19 INFO Executor: Running task 11.0 in stage 4.0 (TID 53)
[2026-01-20T04:33:19.514+0000] {subprocess.py:93} INFO - 26/01/20 04:33:19 INFO Executor: Running task 8.0 in stage 4.0 (TID 50)
[2026-01-20T04:33:19.524+0000] {subprocess.py:93} INFO - 26/01/20 04:33:19 INFO CodeGenerator: Code generated in 9.121182 ms
[2026-01-20T04:33:19.542+0000] {subprocess.py:93} INFO - 26/01/20 04:33:19 INFO CodeGenerator: Code generated in 10.651613 ms
[2026-01-20T04:33:19.559+0000] {subprocess.py:93} INFO - 26/01/20 04:33:19 INFO FileScanRDD: Reading File path: file:///opt/spark-data/landing/transaction_events_1768879479.1820476.json, range: 12582912-16777216, partition values: [empty row]
[2026-01-20T04:33:19.561+0000] {subprocess.py:93} INFO - 26/01/20 04:33:19 INFO FileScanRDD: Reading File path: file:///opt/spark-data/landing/transaction_events_1768879479.1820476.json, range: 0-4194304, partition values: [empty row]
[2026-01-20T04:33:19.562+0000] {subprocess.py:93} INFO - 26/01/20 04:33:19 INFO FileScanRDD: Reading File path: file:///opt/spark-data/landing/transaction_events_1768879479.1820476.json, range: 16777216-20971520, partition values: [empty row]
[2026-01-20T04:33:19.563+0000] {subprocess.py:93} INFO - 26/01/20 04:33:19 INFO FileScanRDD: Reading File path: file:///opt/spark-data/landing/transaction_events_1768879479.1820476.json, range: 29360128-33554432, partition values: [empty row]
[2026-01-20T04:33:19.564+0000] {subprocess.py:93} INFO - 26/01/20 04:33:19 INFO FileScanRDD: Reading File path: file:///opt/spark-data/landing/transaction_events_1768879479.1820476.json, range: 25165824-29360128, partition values: [empty row]
[2026-01-20T04:33:19.565+0000] {subprocess.py:93} INFO - 26/01/20 04:33:19 INFO FileScanRDD: Reading File path: file:///opt/spark-data/landing/transaction_events_1768879479.1820476.json, range: 33554432-37748736, partition values: [empty row]
[2026-01-20T04:33:19.566+0000] {subprocess.py:93} INFO - 26/01/20 04:33:19 INFO FileScanRDD: Reading File path: file:///opt/spark-data/landing/transaction_events_1768879479.1820476.json, range: 20971520-25165824, partition values: [empty row]
[2026-01-20T04:33:19.567+0000] {subprocess.py:93} INFO - 26/01/20 04:33:19 INFO FileScanRDD: Reading File path: file:///opt/spark-data/landing/transaction_events_1768879479.1820476.json, range: 4194304-8388608, partition values: [empty row]
[2026-01-20T04:33:19.568+0000] {subprocess.py:93} INFO - 26/01/20 04:33:19 INFO FileScanRDD: Reading File path: file:///opt/spark-data/landing/transaction_events_1768879479.1820476.json, range: 41943040-46137344, partition values: [empty row]
[2026-01-20T04:33:19.570+0000] {subprocess.py:93} INFO - 26/01/20 04:33:19 INFO FileScanRDD: Reading File path: file:///opt/spark-data/landing/transaction_events_1768879479.1820476.json, range: 46137344-50331648, partition values: [empty row]
[2026-01-20T04:33:19.571+0000] {subprocess.py:93} INFO - 26/01/20 04:33:19 INFO FileScanRDD: Reading File path: file:///opt/spark-data/landing/transaction_events_1768879479.1820476.json, range: 37748736-41943040, partition values: [empty row]
[2026-01-20T04:33:19.572+0000] {subprocess.py:93} INFO - 26/01/20 04:33:19 INFO FileScanRDD: Reading File path: file:///opt/spark-data/landing/transaction_events_1768879479.1820476.json, range: 8388608-12582912, partition values: [empty row]
[2026-01-20T04:33:19.572+0000] {subprocess.py:93} INFO - 26/01/20 04:33:19 INFO FileScanRDD: Reading File path: file:///opt/spark-data/landing/transaction_events_1768879479.1820476.json, range: 50331648-51561162, partition values: [empty row]
[2026-01-20T04:33:19.581+0000] {subprocess.py:93} INFO - 26/01/20 04:33:19 INFO CodeGenerator: Code generated in 17.304037 ms
[2026-01-20T04:33:20.149+0000] {subprocess.py:93} INFO - 26/01/20 04:33:20 INFO BlockManagerInfo: Removed broadcast_8_piece0 on 519d7d29de3d:38857 in memory (size: 82.8 KiB, free: 432.8 MiB)
[2026-01-20T04:33:20.214+0000] {subprocess.py:93} INFO - 26/01/20 04:33:20 INFO BlockManagerInfo: Removed broadcast_4_piece0 on 519d7d29de3d:38857 in memory (size: 34.2 KiB, free: 432.8 MiB)
[2026-01-20T04:33:20.249+0000] {subprocess.py:93} INFO - 26/01/20 04:33:20 INFO BlockManagerInfo: Removed broadcast_7_piece0 on 519d7d29de3d:38857 in memory (size: 34.2 KiB, free: 432.8 MiB)
[2026-01-20T04:33:20.268+0000] {subprocess.py:93} INFO - 26/01/20 04:33:20 INFO BlockManagerInfo: Removed broadcast_6_piece0 on 519d7d29de3d:38857 in memory (size: 1578.1 KiB, free: 434.4 MiB)
[2026-01-20T04:33:20.401+0000] {subprocess.py:93} INFO - 26/01/20 04:33:20 INFO Executor: Finished task 12.0 in stage 4.0 (TID 54). 2075 bytes result sent to driver
[2026-01-20T04:33:20.406+0000] {subprocess.py:93} INFO - 26/01/20 04:33:20 INFO TaskSetManager: Finished task 12.0 in stage 4.0 (TID 54) in 910 ms on 519d7d29de3d (executor driver) (1/13)
[2026-01-20T04:33:20.653+0000] {subprocess.py:93} INFO - 26/01/20 04:33:20 INFO Executor: Finished task 4.0 in stage 4.0 (TID 46). 2075 bytes result sent to driver
[2026-01-20T04:33:20.657+0000] {subprocess.py:93} INFO - 26/01/20 04:33:20 INFO TaskSetManager: Finished task 4.0 in stage 4.0 (TID 46) in 1164 ms on 519d7d29de3d (executor driver) (2/13)
[2026-01-20T04:33:20.678+0000] {subprocess.py:93} INFO - 26/01/20 04:33:20 INFO Executor: Finished task 1.0 in stage 4.0 (TID 43). 2032 bytes result sent to driver
[2026-01-20T04:33:20.680+0000] {subprocess.py:93} INFO - 26/01/20 04:33:20 INFO Executor: Finished task 0.0 in stage 4.0 (TID 42). 2032 bytes result sent to driver
[2026-01-20T04:33:20.681+0000] {subprocess.py:93} INFO - 26/01/20 04:33:20 INFO TaskSetManager: Finished task 1.0 in stage 4.0 (TID 43) in 1189 ms on 519d7d29de3d (executor driver) (3/13)
[2026-01-20T04:33:20.682+0000] {subprocess.py:93} INFO - 26/01/20 04:33:20 INFO Executor: Finished task 5.0 in stage 4.0 (TID 47). 2032 bytes result sent to driver
[2026-01-20T04:33:20.684+0000] {subprocess.py:93} INFO - 26/01/20 04:33:20 INFO TaskSetManager: Finished task 0.0 in stage 4.0 (TID 42) in 1193 ms on 519d7d29de3d (executor driver) (4/13)
[2026-01-20T04:33:20.685+0000] {subprocess.py:93} INFO - 26/01/20 04:33:20 INFO TaskSetManager: Finished task 5.0 in stage 4.0 (TID 47) in 1191 ms on 519d7d29de3d (executor driver) (5/13)
[2026-01-20T04:33:20.693+0000] {subprocess.py:93} INFO - 26/01/20 04:33:20 INFO Executor: Finished task 2.0 in stage 4.0 (TID 44). 2032 bytes result sent to driver
[2026-01-20T04:33:20.695+0000] {subprocess.py:93} INFO - 26/01/20 04:33:20 INFO Executor: Finished task 7.0 in stage 4.0 (TID 49). 2032 bytes result sent to driver
[2026-01-20T04:33:20.696+0000] {subprocess.py:93} INFO - 26/01/20 04:33:20 INFO TaskSetManager: Finished task 7.0 in stage 4.0 (TID 49) in 1202 ms on 519d7d29de3d (executor driver) (6/13)
[2026-01-20T04:33:20.697+0000] {subprocess.py:93} INFO - 26/01/20 04:33:20 INFO TaskSetManager: Finished task 2.0 in stage 4.0 (TID 44) in 1204 ms on 519d7d29de3d (executor driver) (7/13)
[2026-01-20T04:33:20.701+0000] {subprocess.py:93} INFO - 26/01/20 04:33:20 INFO Executor: Finished task 6.0 in stage 4.0 (TID 48). 2032 bytes result sent to driver
[2026-01-20T04:33:20.703+0000] {subprocess.py:93} INFO - 26/01/20 04:33:20 INFO Executor: Finished task 3.0 in stage 4.0 (TID 45). 2032 bytes result sent to driver
[2026-01-20T04:33:20.704+0000] {subprocess.py:93} INFO - 26/01/20 04:33:20 INFO Executor: Finished task 10.0 in stage 4.0 (TID 52). 2032 bytes result sent to driver
[2026-01-20T04:33:20.705+0000] {subprocess.py:93} INFO - 26/01/20 04:33:20 INFO TaskSetManager: Finished task 6.0 in stage 4.0 (TID 48) in 1209 ms on 519d7d29de3d (executor driver) (8/13)
[2026-01-20T04:33:20.706+0000] {subprocess.py:93} INFO - 26/01/20 04:33:20 INFO Executor: Finished task 11.0 in stage 4.0 (TID 53). 2032 bytes result sent to driver
[2026-01-20T04:33:20.707+0000] {subprocess.py:93} INFO - 26/01/20 04:33:20 INFO TaskSetManager: Finished task 3.0 in stage 4.0 (TID 45) in 1211 ms on 519d7d29de3d (executor driver) (9/13)
[2026-01-20T04:33:20.707+0000] {subprocess.py:93} INFO - 26/01/20 04:33:20 INFO TaskSetManager: Finished task 10.0 in stage 4.0 (TID 52) in 1209 ms on 519d7d29de3d (executor driver) (10/13)
[2026-01-20T04:33:20.708+0000] {subprocess.py:93} INFO - 26/01/20 04:33:20 INFO TaskSetManager: Finished task 11.0 in stage 4.0 (TID 53) in 1208 ms on 519d7d29de3d (executor driver) (11/13)
[2026-01-20T04:33:20.709+0000] {subprocess.py:93} INFO - 26/01/20 04:33:20 INFO Executor: Finished task 8.0 in stage 4.0 (TID 50). 2032 bytes result sent to driver
[2026-01-20T04:33:20.710+0000] {subprocess.py:93} INFO - 26/01/20 04:33:20 INFO Executor: Finished task 9.0 in stage 4.0 (TID 51). 2032 bytes result sent to driver
[2026-01-20T04:33:20.710+0000] {subprocess.py:93} INFO - 26/01/20 04:33:20 INFO TaskSetManager: Finished task 8.0 in stage 4.0 (TID 50) in 1212 ms on 519d7d29de3d (executor driver) (12/13)
[2026-01-20T04:33:20.711+0000] {subprocess.py:93} INFO - 26/01/20 04:33:20 INFO TaskSetManager: Finished task 9.0 in stage 4.0 (TID 51) in 1215 ms on 519d7d29de3d (executor driver) (13/13)
[2026-01-20T04:33:20.711+0000] {subprocess.py:93} INFO - 26/01/20 04:33:20 INFO TaskSchedulerImpl: Removed TaskSet 4.0, whose tasks have all completed, from pool
[2026-01-20T04:33:20.712+0000] {subprocess.py:93} INFO - 26/01/20 04:33:20 INFO DAGScheduler: ShuffleMapStage 4 (csv at NativeMethodAccessorImpl.java:0) finished in 1.248 s
[2026-01-20T04:33:20.714+0000] {subprocess.py:93} INFO - 26/01/20 04:33:20 INFO DAGScheduler: looking for newly runnable stages
[2026-01-20T04:33:20.714+0000] {subprocess.py:93} INFO - 26/01/20 04:33:20 INFO DAGScheduler: running: Set()
[2026-01-20T04:33:20.715+0000] {subprocess.py:93} INFO - 26/01/20 04:33:20 INFO DAGScheduler: waiting: Set()
[2026-01-20T04:33:20.716+0000] {subprocess.py:93} INFO - 26/01/20 04:33:20 INFO DAGScheduler: failed: Set()
[2026-01-20T04:33:20.744+0000] {subprocess.py:93} INFO - 26/01/20 04:33:20 INFO ShufflePartitionsUtil: For shuffle(0), advisory target size: 67108864, actual target size 1048576, minimum partition size: 1048576
[2026-01-20T04:33:20.851+0000] {subprocess.py:93} INFO - 26/01/20 04:33:20 INFO FileOutputCommitter: File Output Committer Algorithm version is 1
[2026-01-20T04:33:20.852+0000] {subprocess.py:93} INFO - 26/01/20 04:33:20 INFO FileOutputCommitter: FileOutputCommitter skip cleanup _temporary folders under output directory:false, ignore cleanup failures: false
[2026-01-20T04:33:20.853+0000] {subprocess.py:93} INFO - 26/01/20 04:33:20 INFO SQLHadoopMapReduceCommitProtocol: Using output committer class org.apache.hadoop.mapreduce.lib.output.FileOutputCommitter
[2026-01-20T04:33:20.949+0000] {subprocess.py:93} INFO - 26/01/20 04:33:20 INFO CodeGenerator: Code generated in 19.861522 ms
[2026-01-20T04:33:20.964+0000] {subprocess.py:93} INFO - 26/01/20 04:33:20 INFO CodeGenerator: Code generated in 10.936284 ms
[2026-01-20T04:33:21.120+0000] {subprocess.py:93} INFO - 26/01/20 04:33:21 INFO SparkContext: Starting job: csv at NativeMethodAccessorImpl.java:0
[2026-01-20T04:33:21.124+0000] {subprocess.py:93} INFO - 26/01/20 04:33:21 INFO DAGScheduler: Got job 5 (csv at NativeMethodAccessorImpl.java:0) with 1 output partitions
[2026-01-20T04:33:21.125+0000] {subprocess.py:93} INFO - 26/01/20 04:33:21 INFO DAGScheduler: Final stage: ResultStage 6 (csv at NativeMethodAccessorImpl.java:0)
[2026-01-20T04:33:21.126+0000] {subprocess.py:93} INFO - 26/01/20 04:33:21 INFO DAGScheduler: Parents of final stage: List(ShuffleMapStage 5)
[2026-01-20T04:33:21.127+0000] {subprocess.py:93} INFO - 26/01/20 04:33:21 INFO DAGScheduler: Missing parents: List()
[2026-01-20T04:33:21.127+0000] {subprocess.py:93} INFO - 26/01/20 04:33:21 INFO DAGScheduler: Submitting ResultStage 6 (MapPartitionsRDD[26] at csv at NativeMethodAccessorImpl.java:0), which has no missing parents
[2026-01-20T04:33:21.160+0000] {subprocess.py:93} INFO - 26/01/20 04:33:21 INFO MemoryStore: Block broadcast_11 stored as values in memory (estimated size 244.7 KiB, free 433.9 MiB)
[2026-01-20T04:33:21.165+0000] {subprocess.py:93} INFO - 26/01/20 04:33:21 INFO MemoryStore: Block broadcast_11_piece0 stored as bytes in memory (estimated size 91.6 KiB, free 433.8 MiB)
[2026-01-20T04:33:21.166+0000] {subprocess.py:93} INFO - 26/01/20 04:33:21 INFO BlockManagerInfo: Added broadcast_11_piece0 in memory on 519d7d29de3d:38857 (size: 91.6 KiB, free: 434.3 MiB)
[2026-01-20T04:33:21.167+0000] {subprocess.py:93} INFO - 26/01/20 04:33:21 INFO SparkContext: Created broadcast 11 from broadcast at DAGScheduler.scala:1580
[2026-01-20T04:33:21.168+0000] {subprocess.py:93} INFO - 26/01/20 04:33:21 INFO DAGScheduler: Submitting 1 missing tasks from ResultStage 6 (MapPartitionsRDD[26] at csv at NativeMethodAccessorImpl.java:0) (first 15 tasks are for partitions Vector(0))
[2026-01-20T04:33:21.169+0000] {subprocess.py:93} INFO - 26/01/20 04:33:21 INFO TaskSchedulerImpl: Adding task set 6.0 with 1 tasks resource profile 0
[2026-01-20T04:33:21.183+0000] {subprocess.py:93} INFO - 26/01/20 04:33:21 INFO TaskSetManager: Starting task 0.0 in stage 6.0 (TID 55) (519d7d29de3d, executor driver, partition 0, NODE_LOCAL, 7975 bytes)
[2026-01-20T04:33:21.185+0000] {subprocess.py:93} INFO - 26/01/20 04:33:21 INFO Executor: Running task 0.0 in stage 6.0 (TID 55)
[2026-01-20T04:33:21.228+0000] {subprocess.py:93} INFO - 26/01/20 04:33:21 INFO FileOutputCommitter: File Output Committer Algorithm version is 1
[2026-01-20T04:33:21.230+0000] {subprocess.py:93} INFO - 26/01/20 04:33:21 INFO FileOutputCommitter: FileOutputCommitter skip cleanup _temporary folders under output directory:false, ignore cleanup failures: false
[2026-01-20T04:33:21.231+0000] {subprocess.py:93} INFO - 26/01/20 04:33:21 INFO SQLHadoopMapReduceCommitProtocol: Using output committer class org.apache.hadoop.mapreduce.lib.output.FileOutputCommitter
[2026-01-20T04:33:21.490+0000] {subprocess.py:93} INFO - 26/01/20 04:33:21 INFO ShuffleBlockFetcherIterator: Getting 13 (1044.2 KiB) non-empty blocks including 13 (1044.2 KiB) local and 0 (0.0 B) host-local and 0 (0.0 B) push-merged-local and 0 (0.0 B) remote blocks
[2026-01-20T04:33:21.493+0000] {subprocess.py:93} INFO - 26/01/20 04:33:21 INFO ShuffleBlockFetcherIterator: Started 0 remote fetches in 21 ms
[2026-01-20T04:33:21.523+0000] {subprocess.py:93} INFO - 26/01/20 04:33:21 INFO CodeGenerator: Code generated in 21.52101 ms
[2026-01-20T04:33:21.552+0000] {subprocess.py:93} INFO - 26/01/20 04:33:21 INFO CodeGenerator: Code generated in 17.967842 ms
[2026-01-20T04:33:21.578+0000] {subprocess.py:93} INFO - 26/01/20 04:33:21 INFO CodeGenerator: Code generated in 12.697007 ms
[2026-01-20T04:33:21.633+0000] {subprocess.py:93} INFO - 26/01/20 04:33:21 INFO CodeGenerator: Code generated in 16.915408 ms
[2026-01-20T04:33:21.816+0000] {subprocess.py:93} INFO - 26/01/20 04:33:21 INFO CodeGenerator: Code generated in 11.917708 ms
[2026-01-20T04:33:21.846+0000] {subprocess.py:93} INFO - 26/01/20 04:33:21 INFO CodeGenerator: Code generated in 15.826445 ms
[2026-01-20T04:33:21.857+0000] {subprocess.py:93} INFO - 26/01/20 04:33:21 INFO CodeGenerator: Code generated in 8.662878 ms
[2026-01-20T04:33:21.870+0000] {subprocess.py:93} INFO - 26/01/20 04:33:21 INFO CodeGenerator: Code generated in 9.793331 ms
[2026-01-20T04:33:21.884+0000] {subprocess.py:93} INFO - 26/01/20 04:33:21 INFO CodeGenerator: Code generated in 12.641693 ms
[2026-01-20T04:33:21.902+0000] {subprocess.py:93} INFO - 26/01/20 04:33:21 INFO CodeGenerator: Code generated in 13.576258 ms
[2026-01-20T04:33:21.923+0000] {subprocess.py:93} INFO - 26/01/20 04:33:21 INFO CodeGenerator: Code generated in 13.35179 ms
[2026-01-20T04:33:21.999+0000] {subprocess.py:93} INFO - 26/01/20 04:33:21 INFO CodeGenerator: Code generated in 9.404122 ms
[2026-01-20T04:33:22.020+0000] {subprocess.py:93} INFO - 26/01/20 04:33:22 INFO CodeGenerator: Code generated in 11.002988 ms
[2026-01-20T04:33:22.030+0000] {subprocess.py:93} INFO - 26/01/20 04:33:22 INFO CodeGenerator: Code generated in 7.503254 ms
[2026-01-20T04:33:22.183+0000] {subprocess.py:93} INFO - 26/01/20 04:33:22 INFO ShuffleBlockFetcherIterator: Getting 13 (1039.8 KiB) non-empty blocks including 13 (1039.8 KiB) local and 0 (0.0 B) host-local and 0 (0.0 B) push-merged-local and 0 (0.0 B) remote blocks
[2026-01-20T04:33:22.184+0000] {subprocess.py:93} INFO - 26/01/20 04:33:22 INFO ShuffleBlockFetcherIterator: Started 0 remote fetches in 2 ms
[2026-01-20T04:33:22.347+0000] {subprocess.py:93} INFO - 26/01/20 04:33:22 INFO ShuffleBlockFetcherIterator: Getting 13 (1030.5 KiB) non-empty blocks including 13 (1030.5 KiB) local and 0 (0.0 B) host-local and 0 (0.0 B) push-merged-local and 0 (0.0 B) remote blocks
[2026-01-20T04:33:22.350+0000] {subprocess.py:93} INFO - 26/01/20 04:33:22 INFO ShuffleBlockFetcherIterator: Started 0 remote fetches in 1 ms
[2026-01-20T04:33:22.485+0000] {subprocess.py:93} INFO - 26/01/20 04:33:22 INFO ShuffleBlockFetcherIterator: Getting 13 (1283.5 KiB) non-empty blocks including 13 (1283.5 KiB) local and 0 (0.0 B) host-local and 0 (0.0 B) push-merged-local and 0 (0.0 B) remote blocks
[2026-01-20T04:33:22.486+0000] {subprocess.py:93} INFO - 26/01/20 04:33:22 INFO ShuffleBlockFetcherIterator: Started 0 remote fetches in 3 ms
[2026-01-20T04:33:22.754+0000] {subprocess.py:93} INFO - 26/01/20 04:33:22 INFO FileOutputCommitter: Saved output of task 'attempt_202601200433212727839757426977119_0006_m_000000_55' to file:/opt/spark-data/gold/transaction_analytics/_temporary/0/task_202601200433212727839757426977119_0006_m_000000
[2026-01-20T04:33:22.755+0000] {subprocess.py:93} INFO - 26/01/20 04:33:22 INFO SparkHadoopMapRedUtil: attempt_202601200433212727839757426977119_0006_m_000000_55: Committed. Elapsed time: 51 ms.
[2026-01-20T04:33:22.762+0000] {subprocess.py:93} INFO - 26/01/20 04:33:22 INFO Executor: Finished task 0.0 in stage 6.0 (TID 55). 5931 bytes result sent to driver
[2026-01-20T04:33:22.765+0000] {subprocess.py:93} INFO - 26/01/20 04:33:22 INFO TaskSetManager: Finished task 0.0 in stage 6.0 (TID 55) in 1588 ms on 519d7d29de3d (executor driver) (1/1)
[2026-01-20T04:33:22.766+0000] {subprocess.py:93} INFO - 26/01/20 04:33:22 INFO TaskSchedulerImpl: Removed TaskSet 6.0, whose tasks have all completed, from pool
[2026-01-20T04:33:22.766+0000] {subprocess.py:93} INFO - 26/01/20 04:33:22 INFO DAGScheduler: ResultStage 6 (csv at NativeMethodAccessorImpl.java:0) finished in 1.638 s
[2026-01-20T04:33:22.767+0000] {subprocess.py:93} INFO - 26/01/20 04:33:22 INFO DAGScheduler: Job 5 is finished. Cancelling potential speculative or zombie tasks for this job
[2026-01-20T04:33:22.767+0000] {subprocess.py:93} INFO - 26/01/20 04:33:22 INFO TaskSchedulerImpl: Killing all running tasks in stage 6: Stage finished
[2026-01-20T04:33:22.768+0000] {subprocess.py:93} INFO - 26/01/20 04:33:22 INFO DAGScheduler: Job 5 finished: csv at NativeMethodAccessorImpl.java:0, took 1.646647 s
[2026-01-20T04:33:22.768+0000] {subprocess.py:93} INFO - 26/01/20 04:33:22 INFO FileFormatWriter: Start to commit write Job 94a4fbeb-4467-4fb8-bfa3-cee6f973e276.
[2026-01-20T04:33:23.052+0000] {subprocess.py:93} INFO - 26/01/20 04:33:23 INFO FileFormatWriter: Write Job 94a4fbeb-4467-4fb8-bfa3-cee6f973e276 committed. Elapsed time: 284 ms.
[2026-01-20T04:33:23.053+0000] {subprocess.py:93} INFO - 26/01/20 04:33:23 INFO FileFormatWriter: Finished processing stats for write job 94a4fbeb-4467-4fb8-bfa3-cee6f973e276.
[2026-01-20T04:33:23.056+0000] {subprocess.py:93} INFO - Analytics Table with Window Functions created successfully.
[2026-01-20T04:33:23.087+0000] {subprocess.py:93} INFO - Transactions All Of them!
[2026-01-20T04:33:23.088+0000] {subprocess.py:93} INFO - Traceback (most recent call last):
[2026-01-20T04:33:23.089+0000] {subprocess.py:93} INFO -   File "/opt/spark-jobs/etl_job.py", line 177, in <module>
[2026-01-20T04:33:23.094+0000] {subprocess.py:93} INFO -     run_etl(spark,'/opt/spark-data/landing', '/opt/spark-data/gold')
[2026-01-20T04:33:23.095+0000] {subprocess.py:93} INFO -   File "/opt/spark-jobs/etl_job.py", line 162, in run_etl
[2026-01-20T04:33:23.098+0000] {subprocess.py:93} INFO -     transaction_cleaned(spark, df_topic_transaction, output_path)
[2026-01-20T04:33:23.099+0000] {subprocess.py:93} INFO -   File "/opt/spark-jobs/etl_job.py", line 127, in transaction_cleaned
[2026-01-20T04:33:23.103+0000] {subprocess.py:93} INFO -     exploded_topic_transaction.show(Truncate = False)
[2026-01-20T04:33:23.104+0000] {subprocess.py:93} INFO - TypeError: DataFrame.show() got an unexpected keyword argument 'Truncate'
[2026-01-20T04:33:23.174+0000] {subprocess.py:93} INFO - 26/01/20 04:33:23 INFO SparkContext: Invoking stop() from shutdown hook
[2026-01-20T04:33:23.175+0000] {subprocess.py:93} INFO - 26/01/20 04:33:23 INFO SparkContext: SparkContext is stopping with exitCode 0.
[2026-01-20T04:33:23.191+0000] {subprocess.py:93} INFO - 26/01/20 04:33:23 INFO SparkUI: Stopped Spark web UI at http://519d7d29de3d:4040
[2026-01-20T04:33:23.202+0000] {subprocess.py:93} INFO - 26/01/20 04:33:23 INFO MapOutputTrackerMasterEndpoint: MapOutputTrackerMasterEndpoint stopped!
[2026-01-20T04:33:23.223+0000] {subprocess.py:93} INFO - 26/01/20 04:33:23 INFO MemoryStore: MemoryStore cleared
[2026-01-20T04:33:23.224+0000] {subprocess.py:93} INFO - 26/01/20 04:33:23 INFO BlockManager: BlockManager stopped
[2026-01-20T04:33:23.228+0000] {subprocess.py:93} INFO - 26/01/20 04:33:23 INFO BlockManagerMaster: BlockManagerMaster stopped
[2026-01-20T04:33:23.236+0000] {subprocess.py:93} INFO - 26/01/20 04:33:23 INFO OutputCommitCoordinator$OutputCommitCoordinatorEndpoint: OutputCommitCoordinator stopped!
[2026-01-20T04:33:23.254+0000] {subprocess.py:93} INFO - 26/01/20 04:33:23 INFO SparkContext: Successfully stopped SparkContext
[2026-01-20T04:33:23.255+0000] {subprocess.py:93} INFO - 26/01/20 04:33:23 INFO ShutdownHookManager: Shutdown hook called
[2026-01-20T04:33:23.256+0000] {subprocess.py:93} INFO - 26/01/20 04:33:23 INFO ShutdownHookManager: Deleting directory /tmp/spark-93115f3c-834c-4018-93de-75a2676893b9
[2026-01-20T04:33:23.261+0000] {subprocess.py:93} INFO - 26/01/20 04:33:23 INFO ShutdownHookManager: Deleting directory /tmp/spark-93115f3c-834c-4018-93de-75a2676893b9/pyspark-c1e0011e-34bd-44b7-bc82-f6f8495f79e7
[2026-01-20T04:33:23.265+0000] {subprocess.py:93} INFO - 26/01/20 04:33:23 INFO ShutdownHookManager: Deleting directory /tmp/spark-3a280ed5-e230-4a92-85c0-a7b884fd259b
[2026-01-20T04:33:23.328+0000] {subprocess.py:97} INFO - Command exited with return code 1
[2026-01-20T04:33:23.341+0000] {taskinstance.py:2698} ERROR - Task failed with exception
Traceback (most recent call last):
  File "/home/airflow/.local/lib/python3.10/site-packages/airflow/models/taskinstance.py", line 433, in _execute_task
    result = execute_callable(context=context, **execute_callable_kwargs)
  File "/home/airflow/.local/lib/python3.10/site-packages/airflow/operators/bash.py", line 212, in execute
    raise AirflowException(
airflow.exceptions.AirflowException: Bash command failed. The command returned a non-zero exit code 1.
[2026-01-20T04:33:23.347+0000] {taskinstance.py:1138} INFO - Marking task as FAILED. dag_id=streamflow_main, task_id=Spark_Submit, execution_date=20260120T043301, start_date=20260120T043303, end_date=20260120T043323
[2026-01-20T04:33:23.360+0000] {standard_task_runner.py:107} ERROR - Failed to execute job 15 for task Spark_Submit (Bash command failed. The command returned a non-zero exit code 1.; 6446)
[2026-01-20T04:33:23.375+0000] {local_task_job_runner.py:234} INFO - Task exited with return code 1
[2026-01-20T04:33:23.395+0000] {taskinstance.py:3280} INFO - 0 downstream tasks scheduled from follow-on schedule check
