[2026-01-20T04:47:11.861+0000] {taskinstance.py:1956} INFO - Dependencies all met for dep_context=non-requeueable deps ti=<TaskInstance: streamflow_main.Spark_Submit manual__2026-01-20T04:47:10.219800+00:00 [queued]>
[2026-01-20T04:47:11.869+0000] {taskinstance.py:1956} INFO - Dependencies all met for dep_context=requeueable deps ti=<TaskInstance: streamflow_main.Spark_Submit manual__2026-01-20T04:47:10.219800+00:00 [queued]>
[2026-01-20T04:47:11.869+0000] {taskinstance.py:2170} INFO - Starting attempt 1 of 1
[2026-01-20T04:47:11.884+0000] {taskinstance.py:2191} INFO - Executing <Task(BashOperator): Spark_Submit> on 2026-01-20 04:47:10.219800+00:00
[2026-01-20T04:47:11.888+0000] {standard_task_runner.py:60} INFO - Started process 8894 to run task
[2026-01-20T04:47:11.892+0000] {standard_task_runner.py:87} INFO - Running: ['***', 'tasks', 'run', 'streamflow_main', 'Spark_Submit', 'manual__2026-01-20T04:47:10.219800+00:00', '--job-id', '20', '--raw', '--subdir', 'DAGS_FOLDER/dag_streamflow.py', '--cfg-path', '/tmp/tmp1sy5qgao']
[2026-01-20T04:47:11.894+0000] {standard_task_runner.py:88} INFO - Job 20: Subtask Spark_Submit
[2026-01-20T04:47:11.941+0000] {task_command.py:423} INFO - Running <TaskInstance: streamflow_main.Spark_Submit manual__2026-01-20T04:47:10.219800+00:00 [running]> on host 519d7d29de3d
[2026-01-20T04:47:12.022+0000] {taskinstance.py:2480} INFO - Exporting env vars: AIRFLOW_CTX_DAG_OWNER='student' AIRFLOW_CTX_DAG_ID='streamflow_main' AIRFLOW_CTX_TASK_ID='Spark_Submit' AIRFLOW_CTX_EXECUTION_DATE='2026-01-20T04:47:10.219800+00:00' AIRFLOW_CTX_TRY_NUMBER='1' AIRFLOW_CTX_DAG_RUN_ID='manual__2026-01-20T04:47:10.219800+00:00'
[2026-01-20T04:47:12.024+0000] {subprocess.py:63} INFO - Tmp dir root location: /tmp
[2026-01-20T04:47:12.025+0000] {subprocess.py:75} INFO - Running command: ['/usr/bin/bash', '-c', '\n            spark-submit                 --master spark://spark-master:7077                 /opt/spark-jobs/etl_job.py\n        ']
[2026-01-20T04:47:12.032+0000] {subprocess.py:86} INFO - Output:
[2026-01-20T04:47:12.039+0000] {subprocess.py:93} INFO - /opt/spark/bin/load-spark-env.sh: line 68: ps: command not found
[2026-01-20T04:47:14.560+0000] {subprocess.py:93} INFO - 26/01/20 04:47:14 INFO SparkContext: Running Spark version 3.5.0
[2026-01-20T04:47:14.562+0000] {subprocess.py:93} INFO - 26/01/20 04:47:14 INFO SparkContext: OS info Linux, 5.15.167.4-microsoft-standard-WSL2, amd64
[2026-01-20T04:47:14.563+0000] {subprocess.py:93} INFO - 26/01/20 04:47:14 INFO SparkContext: Java version 17.0.17
[2026-01-20T04:47:14.616+0000] {subprocess.py:93} INFO - 26/01/20 04:47:14 WARN NativeCodeLoader: Unable to load native-hadoop library for your platform... using builtin-java classes where applicable
[2026-01-20T04:47:14.707+0000] {subprocess.py:93} INFO - 26/01/20 04:47:14 INFO ResourceUtils: ==============================================================
[2026-01-20T04:47:14.708+0000] {subprocess.py:93} INFO - 26/01/20 04:47:14 INFO ResourceUtils: No custom resources configured for spark.driver.
[2026-01-20T04:47:14.708+0000] {subprocess.py:93} INFO - 26/01/20 04:47:14 INFO ResourceUtils: ==============================================================
[2026-01-20T04:47:14.709+0000] {subprocess.py:93} INFO - 26/01/20 04:47:14 INFO SparkContext: Submitted application: ETL_job
[2026-01-20T04:47:14.732+0000] {subprocess.py:93} INFO - 26/01/20 04:47:14 INFO ResourceProfile: Default ResourceProfile created, executor resources: Map(cores -> name: cores, amount: 1, script: , vendor: , memory -> name: memory, amount: 1024, script: , vendor: , offHeap -> name: offHeap, amount: 0, script: , vendor: ), task resources: Map(cpus -> name: cpus, amount: 1.0)
[2026-01-20T04:47:14.742+0000] {subprocess.py:93} INFO - 26/01/20 04:47:14 INFO ResourceProfile: Limiting resource is cpu
[2026-01-20T04:47:14.743+0000] {subprocess.py:93} INFO - 26/01/20 04:47:14 INFO ResourceProfileManager: Added ResourceProfile id: 0
[2026-01-20T04:47:14.797+0000] {subprocess.py:93} INFO - 26/01/20 04:47:14 INFO SecurityManager: Changing view acls to: root
[2026-01-20T04:47:14.798+0000] {subprocess.py:93} INFO - 26/01/20 04:47:14 INFO SecurityManager: Changing modify acls to: root
[2026-01-20T04:47:14.799+0000] {subprocess.py:93} INFO - 26/01/20 04:47:14 INFO SecurityManager: Changing view acls groups to:
[2026-01-20T04:47:14.800+0000] {subprocess.py:93} INFO - 26/01/20 04:47:14 INFO SecurityManager: Changing modify acls groups to:
[2026-01-20T04:47:14.801+0000] {subprocess.py:93} INFO - 26/01/20 04:47:14 INFO SecurityManager: SecurityManager: authentication disabled; ui acls disabled; users with view permissions: root; groups with view permissions: EMPTY; users with modify permissions: root; groups with modify permissions: EMPTY
[2026-01-20T04:47:15.066+0000] {subprocess.py:93} INFO - 26/01/20 04:47:15 INFO Utils: Successfully started service 'sparkDriver' on port 41437.
[2026-01-20T04:47:15.102+0000] {subprocess.py:93} INFO - 26/01/20 04:47:15 INFO SparkEnv: Registering MapOutputTracker
[2026-01-20T04:47:15.145+0000] {subprocess.py:93} INFO - 26/01/20 04:47:15 INFO SparkEnv: Registering BlockManagerMaster
[2026-01-20T04:47:15.162+0000] {subprocess.py:93} INFO - 26/01/20 04:47:15 INFO BlockManagerMasterEndpoint: Using org.apache.spark.storage.DefaultTopologyMapper for getting topology information
[2026-01-20T04:47:15.163+0000] {subprocess.py:93} INFO - 26/01/20 04:47:15 INFO BlockManagerMasterEndpoint: BlockManagerMasterEndpoint up
[2026-01-20T04:47:15.168+0000] {subprocess.py:93} INFO - 26/01/20 04:47:15 INFO SparkEnv: Registering BlockManagerMasterHeartbeat
[2026-01-20T04:47:15.192+0000] {subprocess.py:93} INFO - 26/01/20 04:47:15 INFO DiskBlockManager: Created local directory at /tmp/blockmgr-c08ec67d-dbff-457f-b712-20ba82e3e6cd
[2026-01-20T04:47:15.208+0000] {subprocess.py:93} INFO - 26/01/20 04:47:15 INFO MemoryStore: MemoryStore started with capacity 434.4 MiB
[2026-01-20T04:47:15.228+0000] {subprocess.py:93} INFO - 26/01/20 04:47:15 INFO SparkEnv: Registering OutputCommitCoordinator
[2026-01-20T04:47:15.363+0000] {subprocess.py:93} INFO - 26/01/20 04:47:15 INFO JettyUtils: Start Jetty 0.0.0.0:4040 for SparkUI
[2026-01-20T04:47:15.422+0000] {subprocess.py:93} INFO - 26/01/20 04:47:15 INFO Utils: Successfully started service 'SparkUI' on port 4040.
[2026-01-20T04:47:15.579+0000] {subprocess.py:93} INFO - 26/01/20 04:47:15 INFO Executor: Starting executor ID driver on host 519d7d29de3d
[2026-01-20T04:47:15.581+0000] {subprocess.py:93} INFO - 26/01/20 04:47:15 INFO Executor: OS info Linux, 5.15.167.4-microsoft-standard-WSL2, amd64
[2026-01-20T04:47:15.582+0000] {subprocess.py:93} INFO - 26/01/20 04:47:15 INFO Executor: Java version 17.0.17
[2026-01-20T04:47:15.597+0000] {subprocess.py:93} INFO - 26/01/20 04:47:15 INFO Executor: Starting executor with user classpath (userClassPathFirst = false): ''
[2026-01-20T04:47:15.599+0000] {subprocess.py:93} INFO - 26/01/20 04:47:15 INFO Executor: Created or updated repl class loader org.apache.spark.util.MutableURLClassLoader@43482dae for default.
[2026-01-20T04:47:15.639+0000] {subprocess.py:93} INFO - 26/01/20 04:47:15 INFO Utils: Successfully started service 'org.apache.spark.network.netty.NettyBlockTransferService' on port 35271.
[2026-01-20T04:47:15.640+0000] {subprocess.py:93} INFO - 26/01/20 04:47:15 INFO NettyBlockTransferService: Server created on 519d7d29de3d:35271
[2026-01-20T04:47:15.642+0000] {subprocess.py:93} INFO - 26/01/20 04:47:15 INFO BlockManager: Using org.apache.spark.storage.RandomBlockReplicationPolicy for block replication policy
[2026-01-20T04:47:15.649+0000] {subprocess.py:93} INFO - 26/01/20 04:47:15 INFO BlockManagerMaster: Registering BlockManager BlockManagerId(driver, 519d7d29de3d, 35271, None)
[2026-01-20T04:47:15.655+0000] {subprocess.py:93} INFO - 26/01/20 04:47:15 INFO BlockManagerMasterEndpoint: Registering block manager 519d7d29de3d:35271 with 434.4 MiB RAM, BlockManagerId(driver, 519d7d29de3d, 35271, None)
[2026-01-20T04:47:15.659+0000] {subprocess.py:93} INFO - 26/01/20 04:47:15 INFO BlockManagerMaster: Registered BlockManager BlockManagerId(driver, 519d7d29de3d, 35271, None)
[2026-01-20T04:47:15.661+0000] {subprocess.py:93} INFO - 26/01/20 04:47:15 INFO BlockManager: Initialized BlockManager: BlockManagerId(driver, 519d7d29de3d, 35271, None)
[2026-01-20T04:47:16.218+0000] {subprocess.py:93} INFO - 26/01/20 04:47:16 INFO SharedState: Setting hive.metastore.warehouse.dir ('null') to the value of spark.sql.warehouse.dir.
[2026-01-20T04:47:16.226+0000] {subprocess.py:93} INFO - 26/01/20 04:47:16 INFO SharedState: Warehouse path is 'file:/tmp/***tmp0zbtp6un/spark-warehouse'.
[2026-01-20T04:47:16.957+0000] {subprocess.py:93} INFO - 26/01/20 04:47:16 INFO InMemoryFileIndex: It took 51 ms to list leaf files for 1 paths.
[2026-01-20T04:47:17.034+0000] {subprocess.py:93} INFO - 26/01/20 04:47:17 INFO InMemoryFileIndex: It took 14 ms to list leaf files for 1 paths.
[2026-01-20T04:47:18.855+0000] {subprocess.py:93} INFO - 26/01/20 04:47:18 INFO FileSourceStrategy: Pushed Filters:
[2026-01-20T04:47:18.873+0000] {subprocess.py:93} INFO - 26/01/20 04:47:18 INFO FileSourceStrategy: Post-Scan Filters:
[2026-01-20T04:47:19.104+0000] {subprocess.py:93} INFO - 26/01/20 04:47:19 INFO MemoryStore: Block broadcast_0 stored as values in memory (estimated size 199.2 KiB, free 434.2 MiB)
[2026-01-20T04:47:19.151+0000] {subprocess.py:93} INFO - 26/01/20 04:47:19 INFO MemoryStore: Block broadcast_0_piece0 stored as bytes in memory (estimated size 34.2 KiB, free 434.2 MiB)
[2026-01-20T04:47:19.153+0000] {subprocess.py:93} INFO - 26/01/20 04:47:19 INFO BlockManagerInfo: Added broadcast_0_piece0 in memory on 519d7d29de3d:35271 (size: 34.2 KiB, free: 434.4 MiB)
[2026-01-20T04:47:19.157+0000] {subprocess.py:93} INFO - 26/01/20 04:47:19 INFO SparkContext: Created broadcast 0 from json at NativeMethodAccessorImpl.java:0
[2026-01-20T04:47:19.168+0000] {subprocess.py:93} INFO - 26/01/20 04:47:19 INFO FileSourceScanExec: Planning scan with bin packing, max size: 4194304 bytes, open cost is considered as scanning 4194304 bytes.
[2026-01-20T04:47:19.310+0000] {subprocess.py:93} INFO - 26/01/20 04:47:19 INFO SparkContext: Starting job: json at NativeMethodAccessorImpl.java:0
[2026-01-20T04:47:19.326+0000] {subprocess.py:93} INFO - 26/01/20 04:47:19 INFO DAGScheduler: Got job 0 (json at NativeMethodAccessorImpl.java:0) with 13 output partitions
[2026-01-20T04:47:19.327+0000] {subprocess.py:93} INFO - 26/01/20 04:47:19 INFO DAGScheduler: Final stage: ResultStage 0 (json at NativeMethodAccessorImpl.java:0)
[2026-01-20T04:47:19.328+0000] {subprocess.py:93} INFO - 26/01/20 04:47:19 INFO DAGScheduler: Parents of final stage: List()
[2026-01-20T04:47:19.328+0000] {subprocess.py:93} INFO - 26/01/20 04:47:19 INFO DAGScheduler: Missing parents: List()
[2026-01-20T04:47:19.331+0000] {subprocess.py:93} INFO - 26/01/20 04:47:19 INFO DAGScheduler: Submitting ResultStage 0 (MapPartitionsRDD[3] at json at NativeMethodAccessorImpl.java:0), which has no missing parents
[2026-01-20T04:47:19.408+0000] {subprocess.py:93} INFO - 26/01/20 04:47:19 INFO MemoryStore: Block broadcast_1 stored as values in memory (estimated size 16.0 KiB, free 434.2 MiB)
[2026-01-20T04:47:19.410+0000] {subprocess.py:93} INFO - 26/01/20 04:47:19 INFO MemoryStore: Block broadcast_1_piece0 stored as bytes in memory (estimated size 7.5 KiB, free 434.1 MiB)
[2026-01-20T04:47:19.411+0000] {subprocess.py:93} INFO - 26/01/20 04:47:19 INFO BlockManagerInfo: Added broadcast_1_piece0 in memory on 519d7d29de3d:35271 (size: 7.5 KiB, free: 434.4 MiB)
[2026-01-20T04:47:19.412+0000] {subprocess.py:93} INFO - 26/01/20 04:47:19 INFO SparkContext: Created broadcast 1 from broadcast at DAGScheduler.scala:1580
[2026-01-20T04:47:19.424+0000] {subprocess.py:93} INFO - 26/01/20 04:47:19 INFO DAGScheduler: Submitting 13 missing tasks from ResultStage 0 (MapPartitionsRDD[3] at json at NativeMethodAccessorImpl.java:0) (first 15 tasks are for partitions Vector(0, 1, 2, 3, 4, 5, 6, 7, 8, 9, 10, 11, 12))
[2026-01-20T04:47:19.425+0000] {subprocess.py:93} INFO - 26/01/20 04:47:19 INFO TaskSchedulerImpl: Adding task set 0.0 with 13 tasks resource profile 0
[2026-01-20T04:47:19.463+0000] {subprocess.py:93} INFO - 26/01/20 04:47:19 INFO TaskSetManager: Starting task 0.0 in stage 0.0 (TID 0) (519d7d29de3d, executor driver, partition 0, PROCESS_LOCAL, 8251 bytes)
[2026-01-20T04:47:19.467+0000] {subprocess.py:93} INFO - 26/01/20 04:47:19 INFO TaskSetManager: Starting task 1.0 in stage 0.0 (TID 1) (519d7d29de3d, executor driver, partition 1, PROCESS_LOCAL, 8251 bytes)
[2026-01-20T04:47:19.468+0000] {subprocess.py:93} INFO - 26/01/20 04:47:19 INFO TaskSetManager: Starting task 2.0 in stage 0.0 (TID 2) (519d7d29de3d, executor driver, partition 2, PROCESS_LOCAL, 8251 bytes)
[2026-01-20T04:47:19.470+0000] {subprocess.py:93} INFO - 26/01/20 04:47:19 INFO TaskSetManager: Starting task 3.0 in stage 0.0 (TID 3) (519d7d29de3d, executor driver, partition 3, PROCESS_LOCAL, 8251 bytes)
[2026-01-20T04:47:19.471+0000] {subprocess.py:93} INFO - 26/01/20 04:47:19 INFO TaskSetManager: Starting task 4.0 in stage 0.0 (TID 4) (519d7d29de3d, executor driver, partition 4, PROCESS_LOCAL, 8251 bytes)
[2026-01-20T04:47:19.472+0000] {subprocess.py:93} INFO - 26/01/20 04:47:19 INFO TaskSetManager: Starting task 5.0 in stage 0.0 (TID 5) (519d7d29de3d, executor driver, partition 5, PROCESS_LOCAL, 8251 bytes)
[2026-01-20T04:47:19.474+0000] {subprocess.py:93} INFO - 26/01/20 04:47:19 INFO TaskSetManager: Starting task 6.0 in stage 0.0 (TID 6) (519d7d29de3d, executor driver, partition 6, PROCESS_LOCAL, 8251 bytes)
[2026-01-20T04:47:19.476+0000] {subprocess.py:93} INFO - 26/01/20 04:47:19 INFO TaskSetManager: Starting task 7.0 in stage 0.0 (TID 7) (519d7d29de3d, executor driver, partition 7, PROCESS_LOCAL, 8251 bytes)
[2026-01-20T04:47:19.476+0000] {subprocess.py:93} INFO - 26/01/20 04:47:19 INFO TaskSetManager: Starting task 8.0 in stage 0.0 (TID 8) (519d7d29de3d, executor driver, partition 8, PROCESS_LOCAL, 8251 bytes)
[2026-01-20T04:47:19.477+0000] {subprocess.py:93} INFO - 26/01/20 04:47:19 INFO TaskSetManager: Starting task 9.0 in stage 0.0 (TID 9) (519d7d29de3d, executor driver, partition 9, PROCESS_LOCAL, 8251 bytes)
[2026-01-20T04:47:19.478+0000] {subprocess.py:93} INFO - 26/01/20 04:47:19 INFO TaskSetManager: Starting task 10.0 in stage 0.0 (TID 10) (519d7d29de3d, executor driver, partition 10, PROCESS_LOCAL, 8251 bytes)
[2026-01-20T04:47:19.479+0000] {subprocess.py:93} INFO - 26/01/20 04:47:19 INFO TaskSetManager: Starting task 11.0 in stage 0.0 (TID 11) (519d7d29de3d, executor driver, partition 11, PROCESS_LOCAL, 8251 bytes)
[2026-01-20T04:47:19.480+0000] {subprocess.py:93} INFO - 26/01/20 04:47:19 INFO TaskSetManager: Starting task 12.0 in stage 0.0 (TID 12) (519d7d29de3d, executor driver, partition 12, PROCESS_LOCAL, 8251 bytes)
[2026-01-20T04:47:19.492+0000] {subprocess.py:93} INFO - 26/01/20 04:47:19 INFO Executor: Running task 2.0 in stage 0.0 (TID 2)
[2026-01-20T04:47:19.493+0000] {subprocess.py:93} INFO - 26/01/20 04:47:19 INFO Executor: Running task 5.0 in stage 0.0 (TID 5)
[2026-01-20T04:47:19.493+0000] {subprocess.py:93} INFO - 26/01/20 04:47:19 INFO Executor: Running task 0.0 in stage 0.0 (TID 0)
[2026-01-20T04:47:19.494+0000] {subprocess.py:93} INFO - 26/01/20 04:47:19 INFO Executor: Running task 3.0 in stage 0.0 (TID 3)
[2026-01-20T04:47:19.496+0000] {subprocess.py:93} INFO - 26/01/20 04:47:19 INFO Executor: Running task 1.0 in stage 0.0 (TID 1)
[2026-01-20T04:47:19.497+0000] {subprocess.py:93} INFO - 26/01/20 04:47:19 INFO Executor: Running task 6.0 in stage 0.0 (TID 6)
[2026-01-20T04:47:19.498+0000] {subprocess.py:93} INFO - 26/01/20 04:47:19 INFO Executor: Running task 4.0 in stage 0.0 (TID 4)
[2026-01-20T04:47:19.499+0000] {subprocess.py:93} INFO - 26/01/20 04:47:19 INFO Executor: Running task 7.0 in stage 0.0 (TID 7)
[2026-01-20T04:47:19.499+0000] {subprocess.py:93} INFO - 26/01/20 04:47:19 INFO Executor: Running task 8.0 in stage 0.0 (TID 8)
[2026-01-20T04:47:19.500+0000] {subprocess.py:93} INFO - 26/01/20 04:47:19 INFO Executor: Running task 9.0 in stage 0.0 (TID 9)
[2026-01-20T04:47:19.501+0000] {subprocess.py:93} INFO - 26/01/20 04:47:19 INFO Executor: Running task 10.0 in stage 0.0 (TID 10)
[2026-01-20T04:47:19.502+0000] {subprocess.py:93} INFO - 26/01/20 04:47:19 INFO Executor: Running task 11.0 in stage 0.0 (TID 11)
[2026-01-20T04:47:19.503+0000] {subprocess.py:93} INFO - 26/01/20 04:47:19 INFO Executor: Running task 12.0 in stage 0.0 (TID 12)
[2026-01-20T04:47:19.746+0000] {subprocess.py:93} INFO - 26/01/20 04:47:19 INFO FileScanRDD: Reading File path: file:///opt/spark-data/landing/transaction_events_1768879479.1820476.json, range: 4194304-8388608, partition values: [empty row]
[2026-01-20T04:47:19.748+0000] {subprocess.py:93} INFO - 26/01/20 04:47:19 INFO FileScanRDD: Reading File path: file:///opt/spark-data/landing/transaction_events_1768879479.1820476.json, range: 29360128-33554432, partition values: [empty row]
[2026-01-20T04:47:19.749+0000] {subprocess.py:93} INFO - 26/01/20 04:47:19 INFO FileScanRDD: Reading File path: file:///opt/spark-data/landing/transaction_events_1768879479.1820476.json, range: 25165824-29360128, partition values: [empty row]
[2026-01-20T04:47:19.750+0000] {subprocess.py:93} INFO - 26/01/20 04:47:19 INFO FileScanRDD: Reading File path: file:///opt/spark-data/landing/transaction_events_1768879479.1820476.json, range: 41943040-46137344, partition values: [empty row]
[2026-01-20T04:47:19.750+0000] {subprocess.py:93} INFO - 26/01/20 04:47:19 INFO FileScanRDD: Reading File path: file:///opt/spark-data/landing/transaction_events_1768879479.1820476.json, range: 16777216-20971520, partition values: [empty row]
[2026-01-20T04:47:19.751+0000] {subprocess.py:93} INFO - 26/01/20 04:47:19 INFO FileScanRDD: Reading File path: file:///opt/spark-data/landing/transaction_events_1768879479.1820476.json, range: 0-4194304, partition values: [empty row]
[2026-01-20T04:47:19.752+0000] {subprocess.py:93} INFO - 26/01/20 04:47:19 INFO FileScanRDD: Reading File path: file:///opt/spark-data/landing/transaction_events_1768879479.1820476.json, range: 33554432-37748736, partition values: [empty row]
[2026-01-20T04:47:19.753+0000] {subprocess.py:93} INFO - 26/01/20 04:47:19 INFO FileScanRDD: Reading File path: file:///opt/spark-data/landing/transaction_events_1768879479.1820476.json, range: 46137344-50331648, partition values: [empty row]
[2026-01-20T04:47:19.754+0000] {subprocess.py:93} INFO - 26/01/20 04:47:19 INFO FileScanRDD: Reading File path: file:///opt/spark-data/landing/transaction_events_1768879479.1820476.json, range: 50331648-51561162, partition values: [empty row]
[2026-01-20T04:47:19.754+0000] {subprocess.py:93} INFO - 26/01/20 04:47:19 INFO FileScanRDD: Reading File path: file:///opt/spark-data/landing/transaction_events_1768879479.1820476.json, range: 8388608-12582912, partition values: [empty row]
[2026-01-20T04:47:19.755+0000] {subprocess.py:93} INFO - 26/01/20 04:47:19 INFO FileScanRDD: Reading File path: file:///opt/spark-data/landing/transaction_events_1768879479.1820476.json, range: 20971520-25165824, partition values: [empty row]
[2026-01-20T04:47:19.756+0000] {subprocess.py:93} INFO - 26/01/20 04:47:19 INFO FileScanRDD: Reading File path: file:///opt/spark-data/landing/transaction_events_1768879479.1820476.json, range: 12582912-16777216, partition values: [empty row]
[2026-01-20T04:47:19.757+0000] {subprocess.py:93} INFO - 26/01/20 04:47:19 INFO FileScanRDD: Reading File path: file:///opt/spark-data/landing/transaction_events_1768879479.1820476.json, range: 37748736-41943040, partition values: [empty row]
[2026-01-20T04:47:19.985+0000] {subprocess.py:93} INFO - 26/01/20 04:47:19 INFO CodeGenerator: Code generated in 180.11739 ms
[2026-01-20T04:47:20.675+0000] {subprocess.py:93} INFO - 26/01/20 04:47:20 INFO Executor: Finished task 12.0 in stage 0.0 (TID 12). 3067 bytes result sent to driver
[2026-01-20T04:47:20.700+0000] {subprocess.py:93} INFO - 26/01/20 04:47:20 INFO TaskSetManager: Finished task 12.0 in stage 0.0 (TID 12) in 1220 ms on 519d7d29de3d (executor driver) (1/13)
[2026-01-20T04:47:20.851+0000] {subprocess.py:93} INFO - 26/01/20 04:47:20 INFO Executor: Finished task 0.0 in stage 0.0 (TID 0). 3024 bytes result sent to driver
[2026-01-20T04:47:20.855+0000] {subprocess.py:93} INFO - 26/01/20 04:47:20 INFO Executor: Finished task 10.0 in stage 0.0 (TID 10). 3024 bytes result sent to driver
[2026-01-20T04:47:20.860+0000] {subprocess.py:93} INFO - 26/01/20 04:47:20 INFO TaskSetManager: Finished task 0.0 in stage 0.0 (TID 0) in 1409 ms on 519d7d29de3d (executor driver) (2/13)
[2026-01-20T04:47:20.861+0000] {subprocess.py:93} INFO - 26/01/20 04:47:20 INFO Executor: Finished task 4.0 in stage 0.0 (TID 4). 3024 bytes result sent to driver
[2026-01-20T04:47:20.862+0000] {subprocess.py:93} INFO - 26/01/20 04:47:20 INFO Executor: Finished task 8.0 in stage 0.0 (TID 8). 3024 bytes result sent to driver
[2026-01-20T04:47:20.864+0000] {subprocess.py:93} INFO - 26/01/20 04:47:20 INFO Executor: Finished task 1.0 in stage 0.0 (TID 1). 3024 bytes result sent to driver
[2026-01-20T04:47:20.868+0000] {subprocess.py:93} INFO - 26/01/20 04:47:20 INFO TaskSetManager: Finished task 8.0 in stage 0.0 (TID 8) in 1392 ms on 519d7d29de3d (executor driver) (3/13)
[2026-01-20T04:47:20.869+0000] {subprocess.py:93} INFO - 26/01/20 04:47:20 INFO Executor: Finished task 5.0 in stage 0.0 (TID 5). 3067 bytes result sent to driver
[2026-01-20T04:47:20.870+0000] {subprocess.py:93} INFO - 26/01/20 04:47:20 INFO Executor: Finished task 9.0 in stage 0.0 (TID 9). 3067 bytes result sent to driver
[2026-01-20T04:47:20.871+0000] {subprocess.py:93} INFO - 26/01/20 04:47:20 INFO TaskSetManager: Finished task 10.0 in stage 0.0 (TID 10) in 1392 ms on 519d7d29de3d (executor driver) (4/13)
[2026-01-20T04:47:20.872+0000] {subprocess.py:93} INFO - 26/01/20 04:47:20 INFO Executor: Finished task 6.0 in stage 0.0 (TID 6). 3024 bytes result sent to driver
[2026-01-20T04:47:20.872+0000] {subprocess.py:93} INFO - 26/01/20 04:47:20 INFO Executor: Finished task 11.0 in stage 0.0 (TID 11). 3067 bytes result sent to driver
[2026-01-20T04:47:20.873+0000] {subprocess.py:93} INFO - 26/01/20 04:47:20 INFO Executor: Finished task 2.0 in stage 0.0 (TID 2). 3024 bytes result sent to driver
[2026-01-20T04:47:20.874+0000] {subprocess.py:93} INFO - 26/01/20 04:47:20 INFO Executor: Finished task 7.0 in stage 0.0 (TID 7). 3024 bytes result sent to driver
[2026-01-20T04:47:20.875+0000] {subprocess.py:93} INFO - 26/01/20 04:47:20 INFO TaskSetManager: Finished task 4.0 in stage 0.0 (TID 4) in 1401 ms on 519d7d29de3d (executor driver) (5/13)
[2026-01-20T04:47:20.876+0000] {subprocess.py:93} INFO - 26/01/20 04:47:20 INFO Executor: Finished task 3.0 in stage 0.0 (TID 3). 3067 bytes result sent to driver
[2026-01-20T04:47:20.876+0000] {subprocess.py:93} INFO - 26/01/20 04:47:20 INFO TaskSetManager: Finished task 1.0 in stage 0.0 (TID 1) in 1406 ms on 519d7d29de3d (executor driver) (6/13)
[2026-01-20T04:47:20.877+0000] {subprocess.py:93} INFO - 26/01/20 04:47:20 INFO TaskSetManager: Finished task 5.0 in stage 0.0 (TID 5) in 1401 ms on 519d7d29de3d (executor driver) (7/13)
[2026-01-20T04:47:20.878+0000] {subprocess.py:93} INFO - 26/01/20 04:47:20 INFO TaskSetManager: Finished task 6.0 in stage 0.0 (TID 6) in 1400 ms on 519d7d29de3d (executor driver) (8/13)
[2026-01-20T04:47:20.879+0000] {subprocess.py:93} INFO - 26/01/20 04:47:20 INFO TaskSetManager: Finished task 9.0 in stage 0.0 (TID 9) in 1397 ms on 519d7d29de3d (executor driver) (9/13)
[2026-01-20T04:47:20.879+0000] {subprocess.py:93} INFO - 26/01/20 04:47:20 INFO TaskSetManager: Finished task 11.0 in stage 0.0 (TID 11) in 1397 ms on 519d7d29de3d (executor driver) (10/13)
[2026-01-20T04:47:20.880+0000] {subprocess.py:93} INFO - 26/01/20 04:47:20 INFO TaskSetManager: Finished task 7.0 in stage 0.0 (TID 7) in 1401 ms on 519d7d29de3d (executor driver) (11/13)
[2026-01-20T04:47:20.881+0000] {subprocess.py:93} INFO - 26/01/20 04:47:20 INFO TaskSetManager: Finished task 2.0 in stage 0.0 (TID 2) in 1410 ms on 519d7d29de3d (executor driver) (12/13)
[2026-01-20T04:47:20.882+0000] {subprocess.py:93} INFO - 26/01/20 04:47:20 INFO TaskSetManager: Finished task 3.0 in stage 0.0 (TID 3) in 1409 ms on 519d7d29de3d (executor driver) (13/13)
[2026-01-20T04:47:20.883+0000] {subprocess.py:93} INFO - 26/01/20 04:47:20 INFO TaskSchedulerImpl: Removed TaskSet 0.0, whose tasks have all completed, from pool
[2026-01-20T04:47:20.888+0000] {subprocess.py:93} INFO - 26/01/20 04:47:20 INFO DAGScheduler: ResultStage 0 (json at NativeMethodAccessorImpl.java:0) finished in 1.538 s
[2026-01-20T04:47:20.894+0000] {subprocess.py:93} INFO - 26/01/20 04:47:20 INFO DAGScheduler: Job 0 is finished. Cancelling potential speculative or zombie tasks for this job
[2026-01-20T04:47:20.895+0000] {subprocess.py:93} INFO - 26/01/20 04:47:20 INFO TaskSchedulerImpl: Killing all running tasks in stage 0: Stage finished
[2026-01-20T04:47:20.898+0000] {subprocess.py:93} INFO - 26/01/20 04:47:20 INFO DAGScheduler: Job 0 finished: json at NativeMethodAccessorImpl.java:0, took 1.587076 s
[2026-01-20T04:47:21.041+0000] {subprocess.py:93} INFO - 26/01/20 04:47:21 INFO InMemoryFileIndex: It took 13 ms to list leaf files for 1 paths.
[2026-01-20T04:47:21.080+0000] {subprocess.py:93} INFO - 26/01/20 04:47:21 INFO InMemoryFileIndex: It took 14 ms to list leaf files for 1 paths.
[2026-01-20T04:47:21.150+0000] {subprocess.py:93} INFO - 26/01/20 04:47:21 INFO FileSourceStrategy: Pushed Filters:
[2026-01-20T04:47:21.151+0000] {subprocess.py:93} INFO - 26/01/20 04:47:21 INFO FileSourceStrategy: Post-Scan Filters:
[2026-01-20T04:47:21.159+0000] {subprocess.py:93} INFO - 26/01/20 04:47:21 INFO MemoryStore: Block broadcast_2 stored as values in memory (estimated size 199.2 KiB, free 434.0 MiB)
[2026-01-20T04:47:21.177+0000] {subprocess.py:93} INFO - 26/01/20 04:47:21 INFO MemoryStore: Block broadcast_2_piece0 stored as bytes in memory (estimated size 34.2 KiB, free 433.9 MiB)
[2026-01-20T04:47:21.178+0000] {subprocess.py:93} INFO - 26/01/20 04:47:21 INFO BlockManagerInfo: Added broadcast_2_piece0 in memory on 519d7d29de3d:35271 (size: 34.2 KiB, free: 434.3 MiB)
[2026-01-20T04:47:21.180+0000] {subprocess.py:93} INFO - 26/01/20 04:47:21 INFO SparkContext: Created broadcast 2 from json at NativeMethodAccessorImpl.java:0
[2026-01-20T04:47:21.182+0000] {subprocess.py:93} INFO - 26/01/20 04:47:21 INFO FileSourceScanExec: Planning scan with bin packing, max size: 4194304 bytes, open cost is considered as scanning 4194304 bytes.
[2026-01-20T04:47:21.198+0000] {subprocess.py:93} INFO - 26/01/20 04:47:21 INFO SparkContext: Starting job: json at NativeMethodAccessorImpl.java:0
[2026-01-20T04:47:21.201+0000] {subprocess.py:93} INFO - 26/01/20 04:47:21 INFO DAGScheduler: Got job 1 (json at NativeMethodAccessorImpl.java:0) with 8 output partitions
[2026-01-20T04:47:21.202+0000] {subprocess.py:93} INFO - 26/01/20 04:47:21 INFO DAGScheduler: Final stage: ResultStage 1 (json at NativeMethodAccessorImpl.java:0)
[2026-01-20T04:47:21.203+0000] {subprocess.py:93} INFO - 26/01/20 04:47:21 INFO DAGScheduler: Parents of final stage: List()
[2026-01-20T04:47:21.204+0000] {subprocess.py:93} INFO - 26/01/20 04:47:21 INFO DAGScheduler: Missing parents: List()
[2026-01-20T04:47:21.205+0000] {subprocess.py:93} INFO - 26/01/20 04:47:21 INFO DAGScheduler: Submitting ResultStage 1 (MapPartitionsRDD[7] at json at NativeMethodAccessorImpl.java:0), which has no missing parents
[2026-01-20T04:47:21.207+0000] {subprocess.py:93} INFO - 26/01/20 04:47:21 INFO MemoryStore: Block broadcast_3 stored as values in memory (estimated size 16.0 KiB, free 433.9 MiB)
[2026-01-20T04:47:21.210+0000] {subprocess.py:93} INFO - 26/01/20 04:47:21 INFO MemoryStore: Block broadcast_3_piece0 stored as bytes in memory (estimated size 7.5 KiB, free 433.9 MiB)
[2026-01-20T04:47:21.211+0000] {subprocess.py:93} INFO - 26/01/20 04:47:21 INFO BlockManagerInfo: Added broadcast_3_piece0 in memory on 519d7d29de3d:35271 (size: 7.5 KiB, free: 434.3 MiB)
[2026-01-20T04:47:21.212+0000] {subprocess.py:93} INFO - 26/01/20 04:47:21 INFO SparkContext: Created broadcast 3 from broadcast at DAGScheduler.scala:1580
[2026-01-20T04:47:21.213+0000] {subprocess.py:93} INFO - 26/01/20 04:47:21 INFO DAGScheduler: Submitting 8 missing tasks from ResultStage 1 (MapPartitionsRDD[7] at json at NativeMethodAccessorImpl.java:0) (first 15 tasks are for partitions Vector(0, 1, 2, 3, 4, 5, 6, 7))
[2026-01-20T04:47:21.214+0000] {subprocess.py:93} INFO - 26/01/20 04:47:21 INFO TaskSchedulerImpl: Adding task set 1.0 with 8 tasks resource profile 0
[2026-01-20T04:47:21.216+0000] {subprocess.py:93} INFO - 26/01/20 04:47:21 INFO TaskSetManager: Starting task 0.0 in stage 1.0 (TID 13) (519d7d29de3d, executor driver, partition 0, PROCESS_LOCAL, 8244 bytes)
[2026-01-20T04:47:21.217+0000] {subprocess.py:93} INFO - 26/01/20 04:47:21 INFO TaskSetManager: Starting task 1.0 in stage 1.0 (TID 14) (519d7d29de3d, executor driver, partition 1, PROCESS_LOCAL, 8244 bytes)
[2026-01-20T04:47:21.218+0000] {subprocess.py:93} INFO - 26/01/20 04:47:21 INFO TaskSetManager: Starting task 2.0 in stage 1.0 (TID 15) (519d7d29de3d, executor driver, partition 2, PROCESS_LOCAL, 8244 bytes)
[2026-01-20T04:47:21.219+0000] {subprocess.py:93} INFO - 26/01/20 04:47:21 INFO TaskSetManager: Starting task 3.0 in stage 1.0 (TID 16) (519d7d29de3d, executor driver, partition 3, PROCESS_LOCAL, 8244 bytes)
[2026-01-20T04:47:21.220+0000] {subprocess.py:93} INFO - 26/01/20 04:47:21 INFO TaskSetManager: Starting task 4.0 in stage 1.0 (TID 17) (519d7d29de3d, executor driver, partition 4, PROCESS_LOCAL, 8244 bytes)
[2026-01-20T04:47:21.221+0000] {subprocess.py:93} INFO - 26/01/20 04:47:21 INFO TaskSetManager: Starting task 5.0 in stage 1.0 (TID 18) (519d7d29de3d, executor driver, partition 5, PROCESS_LOCAL, 8244 bytes)
[2026-01-20T04:47:21.222+0000] {subprocess.py:93} INFO - 26/01/20 04:47:21 INFO TaskSetManager: Starting task 6.0 in stage 1.0 (TID 19) (519d7d29de3d, executor driver, partition 6, PROCESS_LOCAL, 8244 bytes)
[2026-01-20T04:47:21.224+0000] {subprocess.py:93} INFO - 26/01/20 04:47:21 INFO TaskSetManager: Starting task 7.0 in stage 1.0 (TID 20) (519d7d29de3d, executor driver, partition 7, PROCESS_LOCAL, 8244 bytes)
[2026-01-20T04:47:21.225+0000] {subprocess.py:93} INFO - 26/01/20 04:47:21 INFO Executor: Running task 1.0 in stage 1.0 (TID 14)
[2026-01-20T04:47:21.226+0000] {subprocess.py:93} INFO - 26/01/20 04:47:21 INFO Executor: Running task 2.0 in stage 1.0 (TID 15)
[2026-01-20T04:47:21.227+0000] {subprocess.py:93} INFO - 26/01/20 04:47:21 INFO Executor: Running task 4.0 in stage 1.0 (TID 17)
[2026-01-20T04:47:21.228+0000] {subprocess.py:93} INFO - 26/01/20 04:47:21 INFO Executor: Running task 5.0 in stage 1.0 (TID 18)
[2026-01-20T04:47:21.229+0000] {subprocess.py:93} INFO - 26/01/20 04:47:21 INFO Executor: Running task 3.0 in stage 1.0 (TID 16)
[2026-01-20T04:47:21.230+0000] {subprocess.py:93} INFO - 26/01/20 04:47:21 INFO Executor: Running task 7.0 in stage 1.0 (TID 20)
[2026-01-20T04:47:21.232+0000] {subprocess.py:93} INFO - 26/01/20 04:47:21 INFO Executor: Running task 0.0 in stage 1.0 (TID 13)
[2026-01-20T04:47:21.233+0000] {subprocess.py:93} INFO - 26/01/20 04:47:21 INFO Executor: Running task 6.0 in stage 1.0 (TID 19)
[2026-01-20T04:47:21.234+0000] {subprocess.py:93} INFO - 26/01/20 04:47:21 INFO FileScanRDD: Reading File path: file:///opt/spark-data/landing/user_events_1768879431.2231393.json, range: 8388608-12582912, partition values: [empty row]
[2026-01-20T04:47:21.236+0000] {subprocess.py:93} INFO - 26/01/20 04:47:21 INFO FileScanRDD: Reading File path: file:///opt/spark-data/landing/user_events_1768879431.2231393.json, range: 0-4194304, partition values: [empty row]
[2026-01-20T04:47:21.237+0000] {subprocess.py:93} INFO - 26/01/20 04:47:21 INFO FileScanRDD: Reading File path: file:///opt/spark-data/landing/user_events_1768879431.2231393.json, range: 20971520-25165824, partition values: [empty row]
[2026-01-20T04:47:21.239+0000] {subprocess.py:93} INFO - 26/01/20 04:47:21 INFO FileScanRDD: Reading File path: file:///opt/spark-data/landing/user_events_1768879431.2231393.json, range: 29360128-33532706, partition values: [empty row]
[2026-01-20T04:47:21.240+0000] {subprocess.py:93} INFO - 26/01/20 04:47:21 INFO FileScanRDD: Reading File path: file:///opt/spark-data/landing/user_events_1768879431.2231393.json, range: 16777216-20971520, partition values: [empty row]
[2026-01-20T04:47:21.241+0000] {subprocess.py:93} INFO - 26/01/20 04:47:21 INFO FileScanRDD: Reading File path: file:///opt/spark-data/landing/user_events_1768879431.2231393.json, range: 4194304-8388608, partition values: [empty row]
[2026-01-20T04:47:21.241+0000] {subprocess.py:93} INFO - 26/01/20 04:47:21 INFO FileScanRDD: Reading File path: file:///opt/spark-data/landing/user_events_1768879431.2231393.json, range: 25165824-29360128, partition values: [empty row]
[2026-01-20T04:47:21.243+0000] {subprocess.py:93} INFO - 26/01/20 04:47:21 INFO FileScanRDD: Reading File path: file:///opt/spark-data/landing/user_events_1768879431.2231393.json, range: 12582912-16777216, partition values: [empty row]
[2026-01-20T04:47:21.861+0000] {subprocess.py:93} INFO - 26/01/20 04:47:21 INFO Executor: Finished task 7.0 in stage 1.0 (TID 20). 2401 bytes result sent to driver
[2026-01-20T04:47:21.864+0000] {subprocess.py:93} INFO - 26/01/20 04:47:21 INFO TaskSetManager: Finished task 7.0 in stage 1.0 (TID 20) in 641 ms on 519d7d29de3d (executor driver) (1/8)
[2026-01-20T04:47:21.865+0000] {subprocess.py:93} INFO - 26/01/20 04:47:21 INFO Executor: Finished task 3.0 in stage 1.0 (TID 16). 2401 bytes result sent to driver
[2026-01-20T04:47:21.866+0000] {subprocess.py:93} INFO - 26/01/20 04:47:21 INFO Executor: Finished task 6.0 in stage 1.0 (TID 19). 2401 bytes result sent to driver
[2026-01-20T04:47:21.867+0000] {subprocess.py:93} INFO - 26/01/20 04:47:21 INFO Executor: Finished task 0.0 in stage 1.0 (TID 13). 2401 bytes result sent to driver
[2026-01-20T04:47:21.869+0000] {subprocess.py:93} INFO - 26/01/20 04:47:21 INFO Executor: Finished task 2.0 in stage 1.0 (TID 15). 2401 bytes result sent to driver
[2026-01-20T04:47:21.870+0000] {subprocess.py:93} INFO - 26/01/20 04:47:21 INFO TaskSetManager: Finished task 3.0 in stage 1.0 (TID 16) in 649 ms on 519d7d29de3d (executor driver) (2/8)
[2026-01-20T04:47:21.871+0000] {subprocess.py:93} INFO - 26/01/20 04:47:21 INFO TaskSetManager: Finished task 6.0 in stage 1.0 (TID 19) in 647 ms on 519d7d29de3d (executor driver) (3/8)
[2026-01-20T04:47:21.872+0000] {subprocess.py:93} INFO - 26/01/20 04:47:21 INFO Executor: Finished task 5.0 in stage 1.0 (TID 18). 2401 bytes result sent to driver
[2026-01-20T04:47:21.872+0000] {subprocess.py:93} INFO - 26/01/20 04:47:21 INFO TaskSetManager: Finished task 0.0 in stage 1.0 (TID 13) in 654 ms on 519d7d29de3d (executor driver) (4/8)
[2026-01-20T04:47:21.873+0000] {subprocess.py:93} INFO - 26/01/20 04:47:21 INFO Executor: Finished task 4.0 in stage 1.0 (TID 17). 2401 bytes result sent to driver
[2026-01-20T04:47:21.874+0000] {subprocess.py:93} INFO - 26/01/20 04:47:21 INFO TaskSetManager: Finished task 2.0 in stage 1.0 (TID 15) in 653 ms on 519d7d29de3d (executor driver) (5/8)
[2026-01-20T04:47:21.874+0000] {subprocess.py:93} INFO - 26/01/20 04:47:21 INFO TaskSetManager: Finished task 5.0 in stage 1.0 (TID 18) in 651 ms on 519d7d29de3d (executor driver) (6/8)
[2026-01-20T04:47:21.875+0000] {subprocess.py:93} INFO - 26/01/20 04:47:21 INFO Executor: Finished task 1.0 in stage 1.0 (TID 14). 2401 bytes result sent to driver
[2026-01-20T04:47:21.876+0000] {subprocess.py:93} INFO - 26/01/20 04:47:21 INFO TaskSetManager: Finished task 4.0 in stage 1.0 (TID 17) in 653 ms on 519d7d29de3d (executor driver) (7/8)
[2026-01-20T04:47:21.877+0000] {subprocess.py:93} INFO - 26/01/20 04:47:21 INFO TaskSetManager: Finished task 1.0 in stage 1.0 (TID 14) in 660 ms on 519d7d29de3d (executor driver) (8/8)
[2026-01-20T04:47:21.878+0000] {subprocess.py:93} INFO - 26/01/20 04:47:21 INFO TaskSchedulerImpl: Removed TaskSet 1.0, whose tasks have all completed, from pool
[2026-01-20T04:47:21.879+0000] {subprocess.py:93} INFO - 26/01/20 04:47:21 INFO DAGScheduler: ResultStage 1 (json at NativeMethodAccessorImpl.java:0) finished in 0.674 s
[2026-01-20T04:47:21.880+0000] {subprocess.py:93} INFO - 26/01/20 04:47:21 INFO DAGScheduler: Job 1 is finished. Cancelling potential speculative or zombie tasks for this job
[2026-01-20T04:47:21.880+0000] {subprocess.py:93} INFO - 26/01/20 04:47:21 INFO TaskSchedulerImpl: Killing all running tasks in stage 1: Stage finished
[2026-01-20T04:47:21.881+0000] {subprocess.py:93} INFO - 26/01/20 04:47:21 INFO DAGScheduler: Job 1 finished: json at NativeMethodAccessorImpl.java:0, took 0.681788 s
[2026-01-20T04:47:22.674+0000] {subprocess.py:93} INFO - 26/01/20 04:47:22 INFO FileSourceStrategy: Pushed Filters: IsNotNull(user_id),IsNotNull(line_items)
[2026-01-20T04:47:22.675+0000] {subprocess.py:93} INFO - 26/01/20 04:47:22 INFO FileSourceStrategy: Post-Scan Filters: isnotnull(user_id#21),(size(line_items#10, true) > 0),isnotnull(line_items#10)
[2026-01-20T04:47:22.681+0000] {subprocess.py:93} INFO - 26/01/20 04:47:22 INFO FileSourceStrategy: Pushed Filters: IsNotNull(user_id),IsNotNull(product_id)
[2026-01-20T04:47:22.682+0000] {subprocess.py:93} INFO - 26/01/20 04:47:22 INFO FileSourceStrategy: Post-Scan Filters: isnotnull(user_id#58),isnotnull(product_id#53)
[2026-01-20T04:47:22.855+0000] {subprocess.py:93} INFO - 26/01/20 04:47:22 INFO CodeGenerator: Code generated in 34.263896 ms
[2026-01-20T04:47:22.860+0000] {subprocess.py:93} INFO - 26/01/20 04:47:22 INFO MemoryStore: Block broadcast_4 stored as values in memory (estimated size 199.1 KiB, free 433.7 MiB)
[2026-01-20T04:47:22.878+0000] {subprocess.py:93} INFO - 26/01/20 04:47:22 INFO MemoryStore: Block broadcast_4_piece0 stored as bytes in memory (estimated size 34.2 KiB, free 433.7 MiB)
[2026-01-20T04:47:22.885+0000] {subprocess.py:93} INFO - 26/01/20 04:47:22 INFO BlockManagerInfo: Added broadcast_4_piece0 in memory on 519d7d29de3d:35271 (size: 34.2 KiB, free: 434.3 MiB)
[2026-01-20T04:47:22.886+0000] {subprocess.py:93} INFO - 26/01/20 04:47:22 INFO SparkContext: Created broadcast 4 from $anonfun$withThreadLocalCaptured$1 at FutureTask.java:264
[2026-01-20T04:47:22.891+0000] {subprocess.py:93} INFO - 26/01/20 04:47:22 INFO FileSourceScanExec: Planning scan with bin packing, max size: 4194304 bytes, open cost is considered as scanning 4194304 bytes.
[2026-01-20T04:47:22.893+0000] {subprocess.py:93} INFO - 26/01/20 04:47:22 INFO BlockManagerInfo: Removed broadcast_3_piece0 on 519d7d29de3d:35271 in memory (size: 7.5 KiB, free: 434.3 MiB)
[2026-01-20T04:47:22.901+0000] {subprocess.py:93} INFO - 26/01/20 04:47:22 INFO BlockManagerInfo: Removed broadcast_2_piece0 on 519d7d29de3d:35271 in memory (size: 34.2 KiB, free: 434.3 MiB)
[2026-01-20T04:47:22.943+0000] {subprocess.py:93} INFO - 26/01/20 04:47:22 INFO SparkContext: Starting job: $anonfun$withThreadLocalCaptured$1 at FutureTask.java:264
[2026-01-20T04:47:22.946+0000] {subprocess.py:93} INFO - 26/01/20 04:47:22 INFO DAGScheduler: Got job 2 ($anonfun$withThreadLocalCaptured$1 at FutureTask.java:264) with 8 output partitions
[2026-01-20T04:47:22.947+0000] {subprocess.py:93} INFO - 26/01/20 04:47:22 INFO DAGScheduler: Final stage: ResultStage 2 ($anonfun$withThreadLocalCaptured$1 at FutureTask.java:264)
[2026-01-20T04:47:22.948+0000] {subprocess.py:93} INFO - 26/01/20 04:47:22 INFO DAGScheduler: Parents of final stage: List()
[2026-01-20T04:47:22.949+0000] {subprocess.py:93} INFO - 26/01/20 04:47:22 INFO DAGScheduler: Missing parents: List()
[2026-01-20T04:47:22.950+0000] {subprocess.py:93} INFO - 26/01/20 04:47:22 INFO DAGScheduler: Submitting ResultStage 2 (MapPartitionsRDD[11] at $anonfun$withThreadLocalCaptured$1 at FutureTask.java:264), which has no missing parents
[2026-01-20T04:47:22.954+0000] {subprocess.py:93} INFO - 26/01/20 04:47:22 INFO MemoryStore: Block broadcast_5 stored as values in memory (estimated size 15.6 KiB, free 433.9 MiB)
[2026-01-20T04:47:22.957+0000] {subprocess.py:93} INFO - 26/01/20 04:47:22 INFO MemoryStore: Block broadcast_5_piece0 stored as bytes in memory (estimated size 7.4 KiB, free 433.9 MiB)
[2026-01-20T04:47:22.958+0000] {subprocess.py:93} INFO - 26/01/20 04:47:22 INFO BlockManagerInfo: Added broadcast_5_piece0 in memory on 519d7d29de3d:35271 (size: 7.4 KiB, free: 434.3 MiB)
[2026-01-20T04:47:22.959+0000] {subprocess.py:93} INFO - 26/01/20 04:47:22 INFO SparkContext: Created broadcast 5 from broadcast at DAGScheduler.scala:1580
[2026-01-20T04:47:22.961+0000] {subprocess.py:93} INFO - 26/01/20 04:47:22 INFO DAGScheduler: Submitting 8 missing tasks from ResultStage 2 (MapPartitionsRDD[11] at $anonfun$withThreadLocalCaptured$1 at FutureTask.java:264) (first 15 tasks are for partitions Vector(0, 1, 2, 3, 4, 5, 6, 7))
[2026-01-20T04:47:22.962+0000] {subprocess.py:93} INFO - 26/01/20 04:47:22 INFO TaskSchedulerImpl: Adding task set 2.0 with 8 tasks resource profile 0
[2026-01-20T04:47:22.964+0000] {subprocess.py:93} INFO - 26/01/20 04:47:22 INFO TaskSetManager: Starting task 0.0 in stage 2.0 (TID 21) (519d7d29de3d, executor driver, partition 0, PROCESS_LOCAL, 8244 bytes)
[2026-01-20T04:47:22.965+0000] {subprocess.py:93} INFO - 26/01/20 04:47:22 INFO TaskSetManager: Starting task 1.0 in stage 2.0 (TID 22) (519d7d29de3d, executor driver, partition 1, PROCESS_LOCAL, 8244 bytes)
[2026-01-20T04:47:22.967+0000] {subprocess.py:93} INFO - 26/01/20 04:47:22 INFO TaskSetManager: Starting task 2.0 in stage 2.0 (TID 23) (519d7d29de3d, executor driver, partition 2, PROCESS_LOCAL, 8244 bytes)
[2026-01-20T04:47:22.969+0000] {subprocess.py:93} INFO - 26/01/20 04:47:22 INFO TaskSetManager: Starting task 3.0 in stage 2.0 (TID 24) (519d7d29de3d, executor driver, partition 3, PROCESS_LOCAL, 8244 bytes)
[2026-01-20T04:47:22.970+0000] {subprocess.py:93} INFO - 26/01/20 04:47:22 INFO TaskSetManager: Starting task 4.0 in stage 2.0 (TID 25) (519d7d29de3d, executor driver, partition 4, PROCESS_LOCAL, 8244 bytes)
[2026-01-20T04:47:22.972+0000] {subprocess.py:93} INFO - 26/01/20 04:47:22 INFO TaskSetManager: Starting task 5.0 in stage 2.0 (TID 26) (519d7d29de3d, executor driver, partition 5, PROCESS_LOCAL, 8244 bytes)
[2026-01-20T04:47:22.976+0000] {subprocess.py:93} INFO - 26/01/20 04:47:22 INFO TaskSetManager: Starting task 6.0 in stage 2.0 (TID 27) (519d7d29de3d, executor driver, partition 6, PROCESS_LOCAL, 8244 bytes)
[2026-01-20T04:47:22.977+0000] {subprocess.py:93} INFO - 26/01/20 04:47:22 INFO TaskSetManager: Starting task 7.0 in stage 2.0 (TID 28) (519d7d29de3d, executor driver, partition 7, PROCESS_LOCAL, 8244 bytes)
[2026-01-20T04:47:22.978+0000] {subprocess.py:93} INFO - 26/01/20 04:47:22 INFO Executor: Running task 4.0 in stage 2.0 (TID 25)
[2026-01-20T04:47:22.985+0000] {subprocess.py:93} INFO - 26/01/20 04:47:22 INFO Executor: Running task 1.0 in stage 2.0 (TID 22)
[2026-01-20T04:47:22.986+0000] {subprocess.py:93} INFO - 26/01/20 04:47:22 INFO Executor: Running task 3.0 in stage 2.0 (TID 24)
[2026-01-20T04:47:22.987+0000] {subprocess.py:93} INFO - 26/01/20 04:47:22 INFO Executor: Running task 5.0 in stage 2.0 (TID 26)
[2026-01-20T04:47:22.989+0000] {subprocess.py:93} INFO - 26/01/20 04:47:22 INFO Executor: Running task 6.0 in stage 2.0 (TID 27)
[2026-01-20T04:47:22.990+0000] {subprocess.py:93} INFO - 26/01/20 04:47:22 INFO Executor: Running task 0.0 in stage 2.0 (TID 21)
[2026-01-20T04:47:22.991+0000] {subprocess.py:93} INFO - 26/01/20 04:47:22 INFO Executor: Running task 7.0 in stage 2.0 (TID 28)
[2026-01-20T04:47:22.993+0000] {subprocess.py:93} INFO - 26/01/20 04:47:22 INFO Executor: Running task 2.0 in stage 2.0 (TID 23)
[2026-01-20T04:47:23.042+0000] {subprocess.py:93} INFO - 26/01/20 04:47:23 INFO CodeGenerator: Code generated in 34.972269 ms
[2026-01-20T04:47:23.048+0000] {subprocess.py:93} INFO - 26/01/20 04:47:23 INFO FileScanRDD: Reading File path: file:///opt/spark-data/landing/user_events_1768879431.2231393.json, range: 8388608-12582912, partition values: [empty row]
[2026-01-20T04:47:23.050+0000] {subprocess.py:93} INFO - 26/01/20 04:47:23 INFO FileScanRDD: Reading File path: file:///opt/spark-data/landing/user_events_1768879431.2231393.json, range: 4194304-8388608, partition values: [empty row]
[2026-01-20T04:47:23.051+0000] {subprocess.py:93} INFO - 26/01/20 04:47:23 INFO FileScanRDD: Reading File path: file:///opt/spark-data/landing/user_events_1768879431.2231393.json, range: 0-4194304, partition values: [empty row]
[2026-01-20T04:47:23.052+0000] {subprocess.py:93} INFO - 26/01/20 04:47:23 INFO FileScanRDD: Reading File path: file:///opt/spark-data/landing/user_events_1768879431.2231393.json, range: 16777216-20971520, partition values: [empty row]
[2026-01-20T04:47:23.053+0000] {subprocess.py:93} INFO - 26/01/20 04:47:23 INFO FileScanRDD: Reading File path: file:///opt/spark-data/landing/user_events_1768879431.2231393.json, range: 25165824-29360128, partition values: [empty row]
[2026-01-20T04:47:23.056+0000] {subprocess.py:93} INFO - 26/01/20 04:47:23 INFO FileScanRDD: Reading File path: file:///opt/spark-data/landing/user_events_1768879431.2231393.json, range: 29360128-33532706, partition values: [empty row]
[2026-01-20T04:47:23.058+0000] {subprocess.py:93} INFO - 26/01/20 04:47:23 INFO FileScanRDD: Reading File path: file:///opt/spark-data/landing/user_events_1768879431.2231393.json, range: 20971520-25165824, partition values: [empty row]
[2026-01-20T04:47:23.059+0000] {subprocess.py:93} INFO - 26/01/20 04:47:23 INFO FileScanRDD: Reading File path: file:///opt/spark-data/landing/user_events_1768879431.2231393.json, range: 12582912-16777216, partition values: [empty row]
[2026-01-20T04:47:23.082+0000] {subprocess.py:93} INFO - 26/01/20 04:47:23 INFO CodeGenerator: Code generated in 27.051659 ms
[2026-01-20T04:47:23.135+0000] {subprocess.py:93} INFO - 26/01/20 04:47:23 INFO CodeGenerator: Code generated in 9.618852 ms
[2026-01-20T04:47:23.147+0000] {subprocess.py:93} INFO - 26/01/20 04:47:23 INFO CodeGenerator: Code generated in 8.714849 ms
[2026-01-20T04:47:23.754+0000] {subprocess.py:93} INFO - 26/01/20 04:47:23 INFO Executor: Finished task 0.0 in stage 2.0 (TID 21). 131320 bytes result sent to driver
[2026-01-20T04:47:23.755+0000] {subprocess.py:93} INFO - 26/01/20 04:47:23 INFO Executor: Finished task 4.0 in stage 2.0 (TID 25). 135365 bytes result sent to driver
[2026-01-20T04:47:23.757+0000] {subprocess.py:93} INFO - 26/01/20 04:47:23 INFO Executor: Finished task 2.0 in stage 2.0 (TID 23). 132137 bytes result sent to driver
[2026-01-20T04:47:23.758+0000] {subprocess.py:93} INFO - 26/01/20 04:47:23 INFO Executor: Finished task 3.0 in stage 2.0 (TID 24). 132601 bytes result sent to driver
[2026-01-20T04:47:23.759+0000] {subprocess.py:93} INFO - 26/01/20 04:47:23 INFO TaskSetManager: Finished task 0.0 in stage 2.0 (TID 21) in 794 ms on 519d7d29de3d (executor driver) (1/8)
[2026-01-20T04:47:23.760+0000] {subprocess.py:93} INFO - 26/01/20 04:47:23 INFO Executor: Finished task 7.0 in stage 2.0 (TID 28). 130576 bytes result sent to driver
[2026-01-20T04:47:23.761+0000] {subprocess.py:93} INFO - 26/01/20 04:47:23 INFO Executor: Finished task 1.0 in stage 2.0 (TID 22). 134096 bytes result sent to driver
[2026-01-20T04:47:23.762+0000] {subprocess.py:93} INFO - 26/01/20 04:47:23 INFO Executor: Finished task 5.0 in stage 2.0 (TID 26). 133806 bytes result sent to driver
[2026-01-20T04:47:23.762+0000] {subprocess.py:93} INFO - 26/01/20 04:47:23 INFO TaskSetManager: Finished task 7.0 in stage 2.0 (TID 28) in 785 ms on 519d7d29de3d (executor driver) (2/8)
[2026-01-20T04:47:23.763+0000] {subprocess.py:93} INFO - 26/01/20 04:47:23 INFO TaskSetManager: Finished task 3.0 in stage 2.0 (TID 24) in 792 ms on 519d7d29de3d (executor driver) (3/8)
[2026-01-20T04:47:23.764+0000] {subprocess.py:93} INFO - 26/01/20 04:47:23 INFO TaskSetManager: Finished task 4.0 in stage 2.0 (TID 25) in 792 ms on 519d7d29de3d (executor driver) (4/8)
[2026-01-20T04:47:23.764+0000] {subprocess.py:93} INFO - 26/01/20 04:47:23 INFO Executor: Finished task 6.0 in stage 2.0 (TID 27). 129991 bytes result sent to driver
[2026-01-20T04:47:23.765+0000] {subprocess.py:93} INFO - 26/01/20 04:47:23 INFO TaskSetManager: Finished task 5.0 in stage 2.0 (TID 26) in 792 ms on 519d7d29de3d (executor driver) (5/8)
[2026-01-20T04:47:23.766+0000] {subprocess.py:93} INFO - 26/01/20 04:47:23 INFO TaskSetManager: Finished task 2.0 in stage 2.0 (TID 23) in 797 ms on 519d7d29de3d (executor driver) (6/8)
[2026-01-20T04:47:23.766+0000] {subprocess.py:93} INFO - 26/01/20 04:47:23 INFO TaskSetManager: Finished task 1.0 in stage 2.0 (TID 22) in 799 ms on 519d7d29de3d (executor driver) (7/8)
[2026-01-20T04:47:23.767+0000] {subprocess.py:93} INFO - 26/01/20 04:47:23 INFO TaskSetManager: Finished task 6.0 in stage 2.0 (TID 27) in 791 ms on 519d7d29de3d (executor driver) (8/8)
[2026-01-20T04:47:23.767+0000] {subprocess.py:93} INFO - 26/01/20 04:47:23 INFO TaskSchedulerImpl: Removed TaskSet 2.0, whose tasks have all completed, from pool
[2026-01-20T04:47:23.768+0000] {subprocess.py:93} INFO - 26/01/20 04:47:23 INFO DAGScheduler: ResultStage 2 ($anonfun$withThreadLocalCaptured$1 at FutureTask.java:264) finished in 0.818 s
[2026-01-20T04:47:23.769+0000] {subprocess.py:93} INFO - 26/01/20 04:47:23 INFO DAGScheduler: Job 2 is finished. Cancelling potential speculative or zombie tasks for this job
[2026-01-20T04:47:23.770+0000] {subprocess.py:93} INFO - 26/01/20 04:47:23 INFO TaskSchedulerImpl: Killing all running tasks in stage 2: Stage finished
[2026-01-20T04:47:23.770+0000] {subprocess.py:93} INFO - 26/01/20 04:47:23 INFO DAGScheduler: Job 2 finished: $anonfun$withThreadLocalCaptured$1 at FutureTask.java:264, took 0.826075 s
[2026-01-20T04:47:23.807+0000] {subprocess.py:93} INFO - 26/01/20 04:47:23 INFO CodeGenerator: Code generated in 14.896022 ms
[2026-01-20T04:47:23.891+0000] {subprocess.py:93} INFO - 26/01/20 04:47:23 INFO MemoryStore: Block broadcast_6 stored as values in memory (estimated size 9.0 MiB, free 424.9 MiB)
[2026-01-20T04:47:24.861+0000] {subprocess.py:93} INFO - 26/01/20 04:47:24 INFO MemoryStore: Block broadcast_6_piece0 stored as bytes in memory (estimated size 1578.1 KiB, free 423.4 MiB)
[2026-01-20T04:47:24.862+0000] {subprocess.py:93} INFO - 26/01/20 04:47:24 INFO BlockManagerInfo: Added broadcast_6_piece0 in memory on 519d7d29de3d:35271 (size: 1578.1 KiB, free: 432.8 MiB)
[2026-01-20T04:47:24.863+0000] {subprocess.py:93} INFO - 26/01/20 04:47:24 INFO SparkContext: Created broadcast 6 from $anonfun$withThreadLocalCaptured$1 at FutureTask.java:264
[2026-01-20T04:47:24.890+0000] {subprocess.py:93} INFO - 26/01/20 04:47:24 INFO FileSourceStrategy: Pushed Filters: IsNotNull(user_id),IsNotNull(line_items)
[2026-01-20T04:47:24.891+0000] {subprocess.py:93} INFO - 26/01/20 04:47:24 INFO FileSourceStrategy: Post-Scan Filters: isnotnull(user_id#21),(size(line_items#10, true) > 0),isnotnull(line_items#10)
[2026-01-20T04:47:26.276+0000] {subprocess.py:93} INFO - 26/01/20 04:47:26 INFO FileOutputCommitter: File Output Committer Algorithm version is 1
[2026-01-20T04:47:26.277+0000] {subprocess.py:93} INFO - 26/01/20 04:47:26 INFO FileOutputCommitter: FileOutputCommitter skip cleanup _temporary folders under output directory:false, ignore cleanup failures: false
[2026-01-20T04:47:26.277+0000] {subprocess.py:93} INFO - 26/01/20 04:47:26 INFO SQLHadoopMapReduceCommitProtocol: Using output committer class org.apache.hadoop.mapreduce.lib.output.FileOutputCommitter
[2026-01-20T04:47:26.490+0000] {subprocess.py:93} INFO - 26/01/20 04:47:26 INFO CodeGenerator: Code generated in 73.703787 ms
[2026-01-20T04:47:26.494+0000] {subprocess.py:93} INFO - 26/01/20 04:47:26 INFO MemoryStore: Block broadcast_7 stored as values in memory (estimated size 199.1 KiB, free 423.2 MiB)
[2026-01-20T04:47:26.508+0000] {subprocess.py:93} INFO - 26/01/20 04:47:26 INFO BlockManagerInfo: Removed broadcast_5_piece0 on 519d7d29de3d:35271 in memory (size: 7.4 KiB, free: 432.8 MiB)
[2026-01-20T04:47:26.511+0000] {subprocess.py:93} INFO - 26/01/20 04:47:26 INFO MemoryStore: Block broadcast_7_piece0 stored as bytes in memory (estimated size 34.2 KiB, free 423.2 MiB)
[2026-01-20T04:47:26.512+0000] {subprocess.py:93} INFO - 26/01/20 04:47:26 INFO BlockManagerInfo: Added broadcast_7_piece0 in memory on 519d7d29de3d:35271 (size: 34.2 KiB, free: 432.8 MiB)
[2026-01-20T04:47:26.513+0000] {subprocess.py:93} INFO - 26/01/20 04:47:26 INFO SparkContext: Created broadcast 7 from csv at NativeMethodAccessorImpl.java:0
[2026-01-20T04:47:26.515+0000] {subprocess.py:93} INFO - 26/01/20 04:47:26 INFO FileSourceScanExec: Planning scan with bin packing, max size: 4194304 bytes, open cost is considered as scanning 4194304 bytes.
[2026-01-20T04:47:26.531+0000] {subprocess.py:93} INFO - 26/01/20 04:47:26 INFO SparkContext: Starting job: csv at NativeMethodAccessorImpl.java:0
[2026-01-20T04:47:26.533+0000] {subprocess.py:93} INFO - 26/01/20 04:47:26 INFO DAGScheduler: Got job 3 (csv at NativeMethodAccessorImpl.java:0) with 13 output partitions
[2026-01-20T04:47:26.534+0000] {subprocess.py:93} INFO - 26/01/20 04:47:26 INFO DAGScheduler: Final stage: ResultStage 3 (csv at NativeMethodAccessorImpl.java:0)
[2026-01-20T04:47:26.535+0000] {subprocess.py:93} INFO - 26/01/20 04:47:26 INFO DAGScheduler: Parents of final stage: List()
[2026-01-20T04:47:26.536+0000] {subprocess.py:93} INFO - 26/01/20 04:47:26 INFO DAGScheduler: Missing parents: List()
[2026-01-20T04:47:26.537+0000] {subprocess.py:93} INFO - 26/01/20 04:47:26 INFO DAGScheduler: Submitting ResultStage 3 (MapPartitionsRDD[15] at csv at NativeMethodAccessorImpl.java:0), which has no missing parents
[2026-01-20T04:47:26.583+0000] {subprocess.py:93} INFO - 26/01/20 04:47:26 INFO MemoryStore: Block broadcast_8 stored as values in memory (estimated size 233.0 KiB, free 422.9 MiB)
[2026-01-20T04:47:26.587+0000] {subprocess.py:93} INFO - 26/01/20 04:47:26 INFO MemoryStore: Block broadcast_8_piece0 stored as bytes in memory (estimated size 82.8 KiB, free 422.8 MiB)
[2026-01-20T04:47:26.588+0000] {subprocess.py:93} INFO - 26/01/20 04:47:26 INFO BlockManagerInfo: Added broadcast_8_piece0 in memory on 519d7d29de3d:35271 (size: 82.8 KiB, free: 432.7 MiB)
[2026-01-20T04:47:26.590+0000] {subprocess.py:93} INFO - 26/01/20 04:47:26 INFO SparkContext: Created broadcast 8 from broadcast at DAGScheduler.scala:1580
[2026-01-20T04:47:26.591+0000] {subprocess.py:93} INFO - 26/01/20 04:47:26 INFO DAGScheduler: Submitting 13 missing tasks from ResultStage 3 (MapPartitionsRDD[15] at csv at NativeMethodAccessorImpl.java:0) (first 15 tasks are for partitions Vector(0, 1, 2, 3, 4, 5, 6, 7, 8, 9, 10, 11, 12))
[2026-01-20T04:47:26.592+0000] {subprocess.py:93} INFO - 26/01/20 04:47:26 INFO TaskSchedulerImpl: Adding task set 3.0 with 13 tasks resource profile 0
[2026-01-20T04:47:26.594+0000] {subprocess.py:93} INFO - 26/01/20 04:47:26 INFO TaskSetManager: Starting task 0.0 in stage 3.0 (TID 29) (519d7d29de3d, executor driver, partition 0, PROCESS_LOCAL, 8251 bytes)
[2026-01-20T04:47:26.595+0000] {subprocess.py:93} INFO - 26/01/20 04:47:26 INFO TaskSetManager: Starting task 1.0 in stage 3.0 (TID 30) (519d7d29de3d, executor driver, partition 1, PROCESS_LOCAL, 8251 bytes)
[2026-01-20T04:47:26.596+0000] {subprocess.py:93} INFO - 26/01/20 04:47:26 INFO TaskSetManager: Starting task 2.0 in stage 3.0 (TID 31) (519d7d29de3d, executor driver, partition 2, PROCESS_LOCAL, 8251 bytes)
[2026-01-20T04:47:26.597+0000] {subprocess.py:93} INFO - 26/01/20 04:47:26 INFO TaskSetManager: Starting task 3.0 in stage 3.0 (TID 32) (519d7d29de3d, executor driver, partition 3, PROCESS_LOCAL, 8251 bytes)
[2026-01-20T04:47:26.598+0000] {subprocess.py:93} INFO - 26/01/20 04:47:26 INFO TaskSetManager: Starting task 4.0 in stage 3.0 (TID 33) (519d7d29de3d, executor driver, partition 4, PROCESS_LOCAL, 8251 bytes)
[2026-01-20T04:47:26.599+0000] {subprocess.py:93} INFO - 26/01/20 04:47:26 INFO TaskSetManager: Starting task 5.0 in stage 3.0 (TID 34) (519d7d29de3d, executor driver, partition 5, PROCESS_LOCAL, 8251 bytes)
[2026-01-20T04:47:26.600+0000] {subprocess.py:93} INFO - 26/01/20 04:47:26 INFO TaskSetManager: Starting task 6.0 in stage 3.0 (TID 35) (519d7d29de3d, executor driver, partition 6, PROCESS_LOCAL, 8251 bytes)
[2026-01-20T04:47:26.601+0000] {subprocess.py:93} INFO - 26/01/20 04:47:26 INFO TaskSetManager: Starting task 7.0 in stage 3.0 (TID 36) (519d7d29de3d, executor driver, partition 7, PROCESS_LOCAL, 8251 bytes)
[2026-01-20T04:47:26.602+0000] {subprocess.py:93} INFO - 26/01/20 04:47:26 INFO TaskSetManager: Starting task 8.0 in stage 3.0 (TID 37) (519d7d29de3d, executor driver, partition 8, PROCESS_LOCAL, 8251 bytes)
[2026-01-20T04:47:26.603+0000] {subprocess.py:93} INFO - 26/01/20 04:47:26 INFO TaskSetManager: Starting task 9.0 in stage 3.0 (TID 38) (519d7d29de3d, executor driver, partition 9, PROCESS_LOCAL, 8251 bytes)
[2026-01-20T04:47:26.604+0000] {subprocess.py:93} INFO - 26/01/20 04:47:26 INFO TaskSetManager: Starting task 10.0 in stage 3.0 (TID 39) (519d7d29de3d, executor driver, partition 10, PROCESS_LOCAL, 8251 bytes)
[2026-01-20T04:47:26.605+0000] {subprocess.py:93} INFO - 26/01/20 04:47:26 INFO TaskSetManager: Starting task 11.0 in stage 3.0 (TID 40) (519d7d29de3d, executor driver, partition 11, PROCESS_LOCAL, 8251 bytes)
[2026-01-20T04:47:26.606+0000] {subprocess.py:93} INFO - 26/01/20 04:47:26 INFO TaskSetManager: Starting task 12.0 in stage 3.0 (TID 41) (519d7d29de3d, executor driver, partition 12, PROCESS_LOCAL, 8251 bytes)
[2026-01-20T04:47:26.607+0000] {subprocess.py:93} INFO - 26/01/20 04:47:26 INFO Executor: Running task 6.0 in stage 3.0 (TID 35)
[2026-01-20T04:47:26.608+0000] {subprocess.py:93} INFO - 26/01/20 04:47:26 INFO Executor: Running task 2.0 in stage 3.0 (TID 31)
[2026-01-20T04:47:26.610+0000] {subprocess.py:93} INFO - 26/01/20 04:47:26 INFO Executor: Running task 4.0 in stage 3.0 (TID 33)
[2026-01-20T04:47:26.611+0000] {subprocess.py:93} INFO - 26/01/20 04:47:26 INFO Executor: Running task 7.0 in stage 3.0 (TID 36)
[2026-01-20T04:47:26.612+0000] {subprocess.py:93} INFO - 26/01/20 04:47:26 INFO Executor: Running task 0.0 in stage 3.0 (TID 29)
[2026-01-20T04:47:26.613+0000] {subprocess.py:93} INFO - 26/01/20 04:47:26 INFO Executor: Running task 5.0 in stage 3.0 (TID 34)
[2026-01-20T04:47:26.614+0000] {subprocess.py:93} INFO - 26/01/20 04:47:26 INFO Executor: Running task 10.0 in stage 3.0 (TID 39)
[2026-01-20T04:47:26.615+0000] {subprocess.py:93} INFO - 26/01/20 04:47:26 INFO Executor: Running task 9.0 in stage 3.0 (TID 38)
[2026-01-20T04:47:26.616+0000] {subprocess.py:93} INFO - 26/01/20 04:47:26 INFO Executor: Running task 11.0 in stage 3.0 (TID 40)
[2026-01-20T04:47:26.617+0000] {subprocess.py:93} INFO - 26/01/20 04:47:26 INFO Executor: Running task 1.0 in stage 3.0 (TID 30)
[2026-01-20T04:47:26.619+0000] {subprocess.py:93} INFO - 26/01/20 04:47:26 INFO Executor: Running task 3.0 in stage 3.0 (TID 32)
[2026-01-20T04:47:26.620+0000] {subprocess.py:93} INFO - 26/01/20 04:47:26 INFO Executor: Running task 8.0 in stage 3.0 (TID 37)
[2026-01-20T04:47:26.621+0000] {subprocess.py:93} INFO - 26/01/20 04:47:26 INFO Executor: Running task 12.0 in stage 3.0 (TID 41)
[2026-01-20T04:47:26.821+0000] {subprocess.py:93} INFO - 26/01/20 04:47:26 INFO CodeGenerator: Code generated in 97.2333 ms
[2026-01-20T04:47:26.831+0000] {subprocess.py:93} INFO - 26/01/20 04:47:26 INFO FileOutputCommitter: File Output Committer Algorithm version is 1
[2026-01-20T04:47:26.833+0000] {subprocess.py:93} INFO - 26/01/20 04:47:26 INFO FileOutputCommitter: File Output Committer Algorithm version is 1
[2026-01-20T04:47:26.835+0000] {subprocess.py:93} INFO - 26/01/20 04:47:26 INFO FileOutputCommitter: FileOutputCommitter skip cleanup _temporary folders under output directory:false, ignore cleanup failures: false
[2026-01-20T04:47:26.835+0000] {subprocess.py:93} INFO - 26/01/20 04:47:26 INFO FileOutputCommitter: FileOutputCommitter skip cleanup _temporary folders under output directory:false, ignore cleanup failures: false
[2026-01-20T04:47:26.837+0000] {subprocess.py:93} INFO - 26/01/20 04:47:26 INFO FileOutputCommitter: File Output Committer Algorithm version is 1
[2026-01-20T04:47:26.838+0000] {subprocess.py:93} INFO - 26/01/20 04:47:26 INFO FileOutputCommitter: FileOutputCommitter skip cleanup _temporary folders under output directory:false, ignore cleanup failures: false
[2026-01-20T04:47:26.839+0000] {subprocess.py:93} INFO - 26/01/20 04:47:26 INFO FileOutputCommitter: File Output Committer Algorithm version is 1
[2026-01-20T04:47:26.840+0000] {subprocess.py:93} INFO - 26/01/20 04:47:26 INFO FileOutputCommitter: FileOutputCommitter skip cleanup _temporary folders under output directory:false, ignore cleanup failures: false
[2026-01-20T04:47:26.840+0000] {subprocess.py:93} INFO - 26/01/20 04:47:26 INFO FileOutputCommitter: File Output Committer Algorithm version is 1
[2026-01-20T04:47:26.841+0000] {subprocess.py:93} INFO - 26/01/20 04:47:26 INFO FileOutputCommitter: FileOutputCommitter skip cleanup _temporary folders under output directory:false, ignore cleanup failures: false
[2026-01-20T04:47:26.842+0000] {subprocess.py:93} INFO - 26/01/20 04:47:26 INFO FileOutputCommitter: File Output Committer Algorithm version is 1
[2026-01-20T04:47:26.846+0000] {subprocess.py:93} INFO - 26/01/20 04:47:26 INFO SQLHadoopMapReduceCommitProtocol: Using output committer class org.apache.hadoop.mapreduce.lib.output.FileOutputCommitter
[2026-01-20T04:47:26.847+0000] {subprocess.py:93} INFO - 26/01/20 04:47:26 INFO FileOutputCommitter: FileOutputCommitter skip cleanup _temporary folders under output directory:false, ignore cleanup failures: false
[2026-01-20T04:47:26.848+0000] {subprocess.py:93} INFO - 26/01/20 04:47:26 INFO FileOutputCommitter: File Output Committer Algorithm version is 1
[2026-01-20T04:47:26.852+0000] {subprocess.py:93} INFO - 26/01/20 04:47:26 INFO FileOutputCommitter: FileOutputCommitter skip cleanup _temporary folders under output directory:false, ignore cleanup failures: false
[2026-01-20T04:47:26.854+0000] {subprocess.py:93} INFO - 26/01/20 04:47:26 INFO FileScanRDD: Reading File path: file:///opt/spark-data/landing/transaction_events_1768879479.1820476.json, range: 25165824-29360128, partition values: [empty row]
[2026-01-20T04:47:26.857+0000] {subprocess.py:93} INFO - 26/01/20 04:47:26 INFO FileOutputCommitter: File Output Committer Algorithm version is 1
[2026-01-20T04:47:26.857+0000] {subprocess.py:93} INFO - 26/01/20 04:47:26 INFO FileOutputCommitter: File Output Committer Algorithm version is 1
[2026-01-20T04:47:26.859+0000] {subprocess.py:93} INFO - 26/01/20 04:47:26 INFO FileOutputCommitter: FileOutputCommitter skip cleanup _temporary folders under output directory:false, ignore cleanup failures: false
[2026-01-20T04:47:26.860+0000] {subprocess.py:93} INFO - 26/01/20 04:47:26 INFO SQLHadoopMapReduceCommitProtocol: Using output committer class org.apache.hadoop.mapreduce.lib.output.FileOutputCommitter
[2026-01-20T04:47:26.861+0000] {subprocess.py:93} INFO - 26/01/20 04:47:26 INFO FileOutputCommitter: File Output Committer Algorithm version is 1
[2026-01-20T04:47:26.866+0000] {subprocess.py:93} INFO - 26/01/20 04:47:26 INFO FileOutputCommitter: FileOutputCommitter skip cleanup _temporary folders under output directory:false, ignore cleanup failures: false
[2026-01-20T04:47:26.867+0000] {subprocess.py:93} INFO - 26/01/20 04:47:26 INFO SQLHadoopMapReduceCommitProtocol: Using output committer class org.apache.hadoop.mapreduce.lib.output.FileOutputCommitter
[2026-01-20T04:47:26.868+0000] {subprocess.py:93} INFO - 26/01/20 04:47:26 INFO SQLHadoopMapReduceCommitProtocol: Using output committer class org.apache.hadoop.mapreduce.lib.output.FileOutputCommitter
[2026-01-20T04:47:26.869+0000] {subprocess.py:93} INFO - 26/01/20 04:47:26 INFO FileOutputCommitter: File Output Committer Algorithm version is 1
[2026-01-20T04:47:26.870+0000] {subprocess.py:93} INFO - 26/01/20 04:47:26 INFO SQLHadoopMapReduceCommitProtocol: Using output committer class org.apache.hadoop.mapreduce.lib.output.FileOutputCommitter
[2026-01-20T04:47:26.871+0000] {subprocess.py:93} INFO - 26/01/20 04:47:26 INFO FileScanRDD: Reading File path: file:///opt/spark-data/landing/transaction_events_1768879479.1820476.json, range: 46137344-50331648, partition values: [empty row]
[2026-01-20T04:47:26.872+0000] {subprocess.py:93} INFO - 26/01/20 04:47:26 INFO FileOutputCommitter: FileOutputCommitter skip cleanup _temporary folders under output directory:false, ignore cleanup failures: false
[2026-01-20T04:47:26.873+0000] {subprocess.py:93} INFO - 26/01/20 04:47:26 INFO FileOutputCommitter: File Output Committer Algorithm version is 1
[2026-01-20T04:47:26.874+0000] {subprocess.py:93} INFO - 26/01/20 04:47:26 INFO SQLHadoopMapReduceCommitProtocol: Using output committer class org.apache.hadoop.mapreduce.lib.output.FileOutputCommitter
[2026-01-20T04:47:26.875+0000] {subprocess.py:93} INFO - 26/01/20 04:47:26 INFO FileScanRDD: Reading File path: file:///opt/spark-data/landing/transaction_events_1768879479.1820476.json, range: 8388608-12582912, partition values: [empty row]
[2026-01-20T04:47:26.876+0000] {subprocess.py:93} INFO - 26/01/20 04:47:26 INFO FileOutputCommitter: FileOutputCommitter skip cleanup _temporary folders under output directory:false, ignore cleanup failures: false
[2026-01-20T04:47:26.877+0000] {subprocess.py:93} INFO - 26/01/20 04:47:26 INFO SQLHadoopMapReduceCommitProtocol: Using output committer class org.apache.hadoop.mapreduce.lib.output.FileOutputCommitter
[2026-01-20T04:47:26.877+0000] {subprocess.py:93} INFO - 26/01/20 04:47:26 INFO FileScanRDD: Reading File path: file:///opt/spark-data/landing/transaction_events_1768879479.1820476.json, range: 50331648-51561162, partition values: [empty row]
[2026-01-20T04:47:26.878+0000] {subprocess.py:93} INFO - 26/01/20 04:47:26 INFO FileScanRDD: Reading File path: file:///opt/spark-data/landing/transaction_events_1768879479.1820476.json, range: 4194304-8388608, partition values: [empty row]
[2026-01-20T04:47:26.879+0000] {subprocess.py:93} INFO - 26/01/20 04:47:26 INFO FileScanRDD: Reading File path: file:///opt/spark-data/landing/transaction_events_1768879479.1820476.json, range: 37748736-41943040, partition values: [empty row]
[2026-01-20T04:47:26.880+0000] {subprocess.py:93} INFO - 26/01/20 04:47:26 INFO FileOutputCommitter: File Output Committer Algorithm version is 1
[2026-01-20T04:47:26.881+0000] {subprocess.py:93} INFO - 26/01/20 04:47:26 INFO FileOutputCommitter: FileOutputCommitter skip cleanup _temporary folders under output directory:false, ignore cleanup failures: false
[2026-01-20T04:47:26.881+0000] {subprocess.py:93} INFO - 26/01/20 04:47:26 INFO SQLHadoopMapReduceCommitProtocol: Using output committer class org.apache.hadoop.mapreduce.lib.output.FileOutputCommitter
[2026-01-20T04:47:26.882+0000] {subprocess.py:93} INFO - 26/01/20 04:47:26 INFO SQLHadoopMapReduceCommitProtocol: Using output committer class org.apache.hadoop.mapreduce.lib.output.FileOutputCommitter
[2026-01-20T04:47:26.883+0000] {subprocess.py:93} INFO - 26/01/20 04:47:26 INFO FileScanRDD: Reading File path: file:///opt/spark-data/landing/transaction_events_1768879479.1820476.json, range: 41943040-46137344, partition values: [empty row]
[2026-01-20T04:47:26.884+0000] {subprocess.py:93} INFO - 26/01/20 04:47:26 INFO SQLHadoopMapReduceCommitProtocol: Using output committer class org.apache.hadoop.mapreduce.lib.output.FileOutputCommitter
[2026-01-20T04:47:26.885+0000] {subprocess.py:93} INFO - 26/01/20 04:47:26 INFO FileScanRDD: Reading File path: file:///opt/spark-data/landing/transaction_events_1768879479.1820476.json, range: 12582912-16777216, partition values: [empty row]
[2026-01-20T04:47:26.885+0000] {subprocess.py:93} INFO - 26/01/20 04:47:26 INFO SQLHadoopMapReduceCommitProtocol: Using output committer class org.apache.hadoop.mapreduce.lib.output.FileOutputCommitter
[2026-01-20T04:47:26.886+0000] {subprocess.py:93} INFO - 26/01/20 04:47:26 INFO FileScanRDD: Reading File path: file:///opt/spark-data/landing/transaction_events_1768879479.1820476.json, range: 16777216-20971520, partition values: [empty row]
[2026-01-20T04:47:26.887+0000] {subprocess.py:93} INFO - 26/01/20 04:47:26 INFO FileScanRDD: Reading File path: file:///opt/spark-data/landing/transaction_events_1768879479.1820476.json, range: 20971520-25165824, partition values: [empty row]
[2026-01-20T04:47:26.888+0000] {subprocess.py:93} INFO - 26/01/20 04:47:26 INFO FileOutputCommitter: FileOutputCommitter skip cleanup _temporary folders under output directory:false, ignore cleanup failures: false
[2026-01-20T04:47:26.889+0000] {subprocess.py:93} INFO - 26/01/20 04:47:26 INFO SQLHadoopMapReduceCommitProtocol: Using output committer class org.apache.hadoop.mapreduce.lib.output.FileOutputCommitter
[2026-01-20T04:47:26.889+0000] {subprocess.py:93} INFO - 26/01/20 04:47:26 INFO FileScanRDD: Reading File path: file:///opt/spark-data/landing/transaction_events_1768879479.1820476.json, range: 29360128-33554432, partition values: [empty row]
[2026-01-20T04:47:26.890+0000] {subprocess.py:93} INFO - 26/01/20 04:47:26 INFO SQLHadoopMapReduceCommitProtocol: Using output committer class org.apache.hadoop.mapreduce.lib.output.FileOutputCommitter
[2026-01-20T04:47:26.891+0000] {subprocess.py:93} INFO - 26/01/20 04:47:26 INFO FileScanRDD: Reading File path: file:///opt/spark-data/landing/transaction_events_1768879479.1820476.json, range: 33554432-37748736, partition values: [empty row]
[2026-01-20T04:47:26.892+0000] {subprocess.py:93} INFO - 26/01/20 04:47:26 INFO CodeGenerator: Code generated in 28.253631 ms
[2026-01-20T04:47:26.903+0000] {subprocess.py:93} INFO - 26/01/20 04:47:26 INFO CodeGenerator: Code generated in 5.461708 ms
[2026-01-20T04:47:27.096+0000] {subprocess.py:93} INFO - 26/01/20 04:47:27 INFO FileScanRDD: Reading File path: file:///opt/spark-data/landing/transaction_events_1768879479.1820476.json, range: 0-4194304, partition values: [empty row]
[2026-01-20T04:47:27.492+0000] {subprocess.py:93} INFO - 26/01/20 04:47:27 INFO FileOutputCommitter: Saved output of task 'attempt_202601200447265913148547106034217_0003_m_000012_41' to file:/opt/spark-data/gold/advertising/_temporary/0/task_202601200447265913148547106034217_0003_m_000012
[2026-01-20T04:47:27.494+0000] {subprocess.py:93} INFO - 26/01/20 04:47:27 INFO SparkHadoopMapRedUtil: attempt_202601200447265913148547106034217_0003_m_000012_41: Committed. Elapsed time: 45 ms.
[2026-01-20T04:47:27.528+0000] {subprocess.py:93} INFO - 26/01/20 04:47:27 INFO Executor: Finished task 12.0 in stage 3.0 (TID 41). 2936 bytes result sent to driver
[2026-01-20T04:47:27.537+0000] {subprocess.py:93} INFO - 26/01/20 04:47:27 INFO TaskSetManager: Finished task 12.0 in stage 3.0 (TID 41) in 934 ms on 519d7d29de3d (executor driver) (1/13)
[2026-01-20T04:47:27.847+0000] {subprocess.py:93} INFO - 26/01/20 04:47:27 INFO FileOutputCommitter: Saved output of task 'attempt_202601200447265913148547106034217_0003_m_000002_31' to file:/opt/spark-data/gold/advertising/_temporary/0/task_202601200447265913148547106034217_0003_m_000002
[2026-01-20T04:47:27.849+0000] {subprocess.py:93} INFO - 26/01/20 04:47:27 INFO SparkHadoopMapRedUtil: attempt_202601200447265913148547106034217_0003_m_000002_31: Committed. Elapsed time: 44 ms.
[2026-01-20T04:47:27.851+0000] {subprocess.py:93} INFO - 26/01/20 04:47:27 INFO Executor: Finished task 2.0 in stage 3.0 (TID 31). 2893 bytes result sent to driver
[2026-01-20T04:47:27.852+0000] {subprocess.py:93} INFO - 26/01/20 04:47:27 INFO FileOutputCommitter: Saved output of task 'attempt_202601200447265913148547106034217_0003_m_000006_35' to file:/opt/spark-data/gold/advertising/_temporary/0/task_202601200447265913148547106034217_0003_m_000006
[2026-01-20T04:47:27.853+0000] {subprocess.py:93} INFO - 26/01/20 04:47:27 INFO SparkHadoopMapRedUtil: attempt_202601200447265913148547106034217_0003_m_000006_35: Committed. Elapsed time: 47 ms.
[2026-01-20T04:47:27.853+0000] {subprocess.py:93} INFO - 26/01/20 04:47:27 INFO TaskSetManager: Finished task 2.0 in stage 3.0 (TID 31) in 1258 ms on 519d7d29de3d (executor driver) (2/13)
[2026-01-20T04:47:27.855+0000] {subprocess.py:93} INFO - 26/01/20 04:47:27 INFO Executor: Finished task 6.0 in stage 3.0 (TID 35). 2936 bytes result sent to driver
[2026-01-20T04:47:27.857+0000] {subprocess.py:93} INFO - 26/01/20 04:47:27 INFO TaskSetManager: Finished task 6.0 in stage 3.0 (TID 35) in 1259 ms on 519d7d29de3d (executor driver) (3/13)
[2026-01-20T04:47:27.857+0000] {subprocess.py:93} INFO - 26/01/20 04:47:27 INFO FileOutputCommitter: Saved output of task 'attempt_202601200447265913148547106034217_0003_m_000004_33' to file:/opt/spark-data/gold/advertising/_temporary/0/task_202601200447265913148547106034217_0003_m_000004
[2026-01-20T04:47:27.858+0000] {subprocess.py:93} INFO - 26/01/20 04:47:27 INFO SparkHadoopMapRedUtil: attempt_202601200447265913148547106034217_0003_m_000004_33: Committed. Elapsed time: 46 ms.
[2026-01-20T04:47:27.858+0000] {subprocess.py:93} INFO - 26/01/20 04:47:27 INFO Executor: Finished task 4.0 in stage 3.0 (TID 33). 2893 bytes result sent to driver
[2026-01-20T04:47:27.859+0000] {subprocess.py:93} INFO - 26/01/20 04:47:27 INFO TaskSetManager: Finished task 4.0 in stage 3.0 (TID 33) in 1263 ms on 519d7d29de3d (executor driver) (4/13)
[2026-01-20T04:47:27.862+0000] {subprocess.py:93} INFO - 26/01/20 04:47:27 INFO FileOutputCommitter: Saved output of task 'attempt_202601200447265913148547106034217_0003_m_000005_34' to file:/opt/spark-data/gold/advertising/_temporary/0/task_202601200447265913148547106034217_0003_m_000005
[2026-01-20T04:47:27.864+0000] {subprocess.py:93} INFO - 26/01/20 04:47:27 INFO SparkHadoopMapRedUtil: attempt_202601200447265913148547106034217_0003_m_000005_34: Committed. Elapsed time: 52 ms.
[2026-01-20T04:47:27.865+0000] {subprocess.py:93} INFO - 26/01/20 04:47:27 INFO Executor: Finished task 5.0 in stage 3.0 (TID 34). 2893 bytes result sent to driver
[2026-01-20T04:47:27.866+0000] {subprocess.py:93} INFO - 26/01/20 04:47:27 INFO TaskSetManager: Finished task 5.0 in stage 3.0 (TID 34) in 1269 ms on 519d7d29de3d (executor driver) (5/13)
[2026-01-20T04:47:27.870+0000] {subprocess.py:93} INFO - 26/01/20 04:47:27 INFO FileOutputCommitter: Saved output of task 'attempt_202601200447265913148547106034217_0003_m_000007_36' to file:/opt/spark-data/gold/advertising/_temporary/0/task_202601200447265913148547106034217_0003_m_000007
[2026-01-20T04:47:27.870+0000] {subprocess.py:93} INFO - 26/01/20 04:47:27 INFO SparkHadoopMapRedUtil: attempt_202601200447265913148547106034217_0003_m_000007_36: Committed. Elapsed time: 60 ms.
[2026-01-20T04:47:27.871+0000] {subprocess.py:93} INFO - 26/01/20 04:47:27 INFO Executor: Finished task 7.0 in stage 3.0 (TID 36). 2893 bytes result sent to driver
[2026-01-20T04:47:27.872+0000] {subprocess.py:93} INFO - 26/01/20 04:47:27 INFO TaskSetManager: Finished task 7.0 in stage 3.0 (TID 36) in 1274 ms on 519d7d29de3d (executor driver) (6/13)
[2026-01-20T04:47:27.875+0000] {subprocess.py:93} INFO - 26/01/20 04:47:27 INFO FileOutputCommitter: Saved output of task 'attempt_202601200447265913148547106034217_0003_m_000000_29' to file:/opt/spark-data/gold/advertising/_temporary/0/task_202601200447265913148547106034217_0003_m_000000
[2026-01-20T04:47:27.876+0000] {subprocess.py:93} INFO - 26/01/20 04:47:27 INFO SparkHadoopMapRedUtil: attempt_202601200447265913148547106034217_0003_m_000000_29: Committed. Elapsed time: 61 ms.
[2026-01-20T04:47:27.877+0000] {subprocess.py:93} INFO - 26/01/20 04:47:27 INFO Executor: Finished task 0.0 in stage 3.0 (TID 29). 2893 bytes result sent to driver
[2026-01-20T04:47:27.878+0000] {subprocess.py:93} INFO - 26/01/20 04:47:27 INFO TaskSetManager: Finished task 0.0 in stage 3.0 (TID 29) in 1285 ms on 519d7d29de3d (executor driver) (7/13)
[2026-01-20T04:47:27.881+0000] {subprocess.py:93} INFO - 26/01/20 04:47:27 INFO FileOutputCommitter: Saved output of task 'attempt_202601200447265913148547106034217_0003_m_000001_30' to file:/opt/spark-data/gold/advertising/_temporary/0/task_202601200447265913148547106034217_0003_m_000001
[2026-01-20T04:47:27.881+0000] {subprocess.py:93} INFO - 26/01/20 04:47:27 INFO SparkHadoopMapRedUtil: attempt_202601200447265913148547106034217_0003_m_000001_30: Committed. Elapsed time: 62 ms.
[2026-01-20T04:47:27.886+0000] {subprocess.py:93} INFO - 26/01/20 04:47:27 INFO Executor: Finished task 1.0 in stage 3.0 (TID 30). 2936 bytes result sent to driver
[2026-01-20T04:47:27.887+0000] {subprocess.py:93} INFO - 26/01/20 04:47:27 INFO FileOutputCommitter: Saved output of task 'attempt_202601200447265913148547106034217_0003_m_000011_40' to file:/opt/spark-data/gold/advertising/_temporary/0/task_202601200447265913148547106034217_0003_m_000011
[2026-01-20T04:47:27.888+0000] {subprocess.py:93} INFO - 26/01/20 04:47:27 INFO SparkHadoopMapRedUtil: attempt_202601200447265913148547106034217_0003_m_000011_40: Committed. Elapsed time: 69 ms.
[2026-01-20T04:47:27.889+0000] {subprocess.py:93} INFO - 26/01/20 04:47:27 INFO TaskSetManager: Finished task 1.0 in stage 3.0 (TID 30) in 1293 ms on 519d7d29de3d (executor driver) (8/13)
[2026-01-20T04:47:27.889+0000] {subprocess.py:93} INFO - 26/01/20 04:47:27 INFO Executor: Finished task 11.0 in stage 3.0 (TID 40). 2893 bytes result sent to driver
[2026-01-20T04:47:27.890+0000] {subprocess.py:93} INFO - 26/01/20 04:47:27 INFO TaskSetManager: Finished task 11.0 in stage 3.0 (TID 40) in 1291 ms on 519d7d29de3d (executor driver) (9/13)
[2026-01-20T04:47:27.893+0000] {subprocess.py:93} INFO - 26/01/20 04:47:27 INFO FileOutputCommitter: Saved output of task 'attempt_202601200447265913148547106034217_0003_m_000003_32' to file:/opt/spark-data/gold/advertising/_temporary/0/task_202601200447265913148547106034217_0003_m_000003
[2026-01-20T04:47:27.894+0000] {subprocess.py:93} INFO - 26/01/20 04:47:27 INFO SparkHadoopMapRedUtil: attempt_202601200447265913148547106034217_0003_m_000003_32: Committed. Elapsed time: 71 ms.
[2026-01-20T04:47:27.894+0000] {subprocess.py:93} INFO - 26/01/20 04:47:27 INFO Executor: Finished task 3.0 in stage 3.0 (TID 32). 2893 bytes result sent to driver
[2026-01-20T04:47:27.895+0000] {subprocess.py:93} INFO - 26/01/20 04:47:27 INFO TaskSetManager: Finished task 3.0 in stage 3.0 (TID 32) in 1300 ms on 519d7d29de3d (executor driver) (10/13)
[2026-01-20T04:47:27.897+0000] {subprocess.py:93} INFO - 26/01/20 04:47:27 INFO FileOutputCommitter: Saved output of task 'attempt_202601200447265913148547106034217_0003_m_000008_37' to file:/opt/spark-data/gold/advertising/_temporary/0/task_202601200447265913148547106034217_0003_m_000008
[2026-01-20T04:47:27.898+0000] {subprocess.py:93} INFO - 26/01/20 04:47:27 INFO SparkHadoopMapRedUtil: attempt_202601200447265913148547106034217_0003_m_000008_37: Committed. Elapsed time: 74 ms.
[2026-01-20T04:47:27.899+0000] {subprocess.py:93} INFO - 26/01/20 04:47:27 INFO Executor: Finished task 8.0 in stage 3.0 (TID 37). 2893 bytes result sent to driver
[2026-01-20T04:47:27.900+0000] {subprocess.py:93} INFO - 26/01/20 04:47:27 INFO TaskSetManager: Finished task 8.0 in stage 3.0 (TID 37) in 1302 ms on 519d7d29de3d (executor driver) (11/13)
[2026-01-20T04:47:27.902+0000] {subprocess.py:93} INFO - 26/01/20 04:47:27 INFO FileOutputCommitter: Saved output of task 'attempt_202601200447265913148547106034217_0003_m_000009_38' to file:/opt/spark-data/gold/advertising/_temporary/0/task_202601200447265913148547106034217_0003_m_000009
[2026-01-20T04:47:27.902+0000] {subprocess.py:93} INFO - 26/01/20 04:47:27 INFO SparkHadoopMapRedUtil: attempt_202601200447265913148547106034217_0003_m_000009_38: Committed. Elapsed time: 74 ms.
[2026-01-20T04:47:27.903+0000] {subprocess.py:93} INFO - 26/01/20 04:47:27 INFO Executor: Finished task 9.0 in stage 3.0 (TID 38). 2893 bytes result sent to driver
[2026-01-20T04:47:27.904+0000] {subprocess.py:93} INFO - 26/01/20 04:47:27 INFO TaskSetManager: Finished task 9.0 in stage 3.0 (TID 38) in 1306 ms on 519d7d29de3d (executor driver) (12/13)
[2026-01-20T04:47:27.907+0000] {subprocess.py:93} INFO - 26/01/20 04:47:27 INFO FileOutputCommitter: Saved output of task 'attempt_202601200447265913148547106034217_0003_m_000010_39' to file:/opt/spark-data/gold/advertising/_temporary/0/task_202601200447265913148547106034217_0003_m_000010
[2026-01-20T04:47:27.908+0000] {subprocess.py:93} INFO - 26/01/20 04:47:27 INFO SparkHadoopMapRedUtil: attempt_202601200447265913148547106034217_0003_m_000010_39: Committed. Elapsed time: 79 ms.
[2026-01-20T04:47:27.909+0000] {subprocess.py:93} INFO - 26/01/20 04:47:27 INFO Executor: Finished task 10.0 in stage 3.0 (TID 39). 2893 bytes result sent to driver
[2026-01-20T04:47:27.911+0000] {subprocess.py:93} INFO - 26/01/20 04:47:27 INFO TaskSetManager: Finished task 10.0 in stage 3.0 (TID 39) in 1311 ms on 519d7d29de3d (executor driver) (13/13)
[2026-01-20T04:47:27.911+0000] {subprocess.py:93} INFO - 26/01/20 04:47:27 INFO TaskSchedulerImpl: Removed TaskSet 3.0, whose tasks have all completed, from pool
[2026-01-20T04:47:27.912+0000] {subprocess.py:93} INFO - 26/01/20 04:47:27 INFO DAGScheduler: ResultStage 3 (csv at NativeMethodAccessorImpl.java:0) finished in 1.374 s
[2026-01-20T04:47:27.913+0000] {subprocess.py:93} INFO - 26/01/20 04:47:27 INFO DAGScheduler: Job 3 is finished. Cancelling potential speculative or zombie tasks for this job
[2026-01-20T04:47:27.913+0000] {subprocess.py:93} INFO - 26/01/20 04:47:27 INFO TaskSchedulerImpl: Killing all running tasks in stage 3: Stage finished
[2026-01-20T04:47:27.914+0000] {subprocess.py:93} INFO - 26/01/20 04:47:27 INFO DAGScheduler: Job 3 finished: csv at NativeMethodAccessorImpl.java:0, took 1.380886 s
[2026-01-20T04:47:27.915+0000] {subprocess.py:93} INFO - 26/01/20 04:47:27 INFO FileFormatWriter: Start to commit write Job e9dad9ed-33a0-4e1f-8a93-c41acb246b2c.
[2026-01-20T04:47:29.851+0000] {subprocess.py:93} INFO - 26/01/20 04:47:29 INFO FileFormatWriter: Write Job e9dad9ed-33a0-4e1f-8a93-c41acb246b2c committed. Elapsed time: 1935 ms.
[2026-01-20T04:47:29.853+0000] {subprocess.py:93} INFO - 26/01/20 04:47:29 INFO FileFormatWriter: Finished processing stats for write job e9dad9ed-33a0-4e1f-8a93-c41acb246b2c.
[2026-01-20T04:47:30.060+0000] {subprocess.py:93} INFO - 26/01/20 04:47:30 INFO FileSourceStrategy: Pushed Filters:
[2026-01-20T04:47:30.062+0000] {subprocess.py:93} INFO - 26/01/20 04:47:30 INFO FileSourceStrategy: Post-Scan Filters:
[2026-01-20T04:47:30.115+0000] {subprocess.py:93} INFO - 26/01/20 04:47:30 INFO CodeGenerator: Code generated in 9.941558 ms
[2026-01-20T04:47:30.118+0000] {subprocess.py:93} INFO - 26/01/20 04:47:30 INFO MemoryStore: Block broadcast_9 stored as values in memory (estimated size 199.1 KiB, free 422.6 MiB)
[2026-01-20T04:47:30.131+0000] {subprocess.py:93} INFO - 26/01/20 04:47:30 INFO MemoryStore: Block broadcast_9_piece0 stored as bytes in memory (estimated size 34.2 KiB, free 422.6 MiB)
[2026-01-20T04:47:30.132+0000] {subprocess.py:93} INFO - 26/01/20 04:47:30 INFO BlockManagerInfo: Added broadcast_9_piece0 in memory on 519d7d29de3d:35271 (size: 34.2 KiB, free: 432.6 MiB)
[2026-01-20T04:47:30.133+0000] {subprocess.py:93} INFO - 26/01/20 04:47:30 INFO SparkContext: Created broadcast 9 from csv at NativeMethodAccessorImpl.java:0
[2026-01-20T04:47:30.134+0000] {subprocess.py:93} INFO - 26/01/20 04:47:30 INFO FileSourceScanExec: Planning scan with bin packing, max size: 4194304 bytes, open cost is considered as scanning 4194304 bytes.
[2026-01-20T04:47:30.169+0000] {subprocess.py:93} INFO - 26/01/20 04:47:30 INFO DAGScheduler: Registering RDD 19 (csv at NativeMethodAccessorImpl.java:0) as input to shuffle 0
[2026-01-20T04:47:30.174+0000] {subprocess.py:93} INFO - 26/01/20 04:47:30 INFO DAGScheduler: Got map stage job 4 (csv at NativeMethodAccessorImpl.java:0) with 13 output partitions
[2026-01-20T04:47:30.175+0000] {subprocess.py:93} INFO - 26/01/20 04:47:30 INFO DAGScheduler: Final stage: ShuffleMapStage 4 (csv at NativeMethodAccessorImpl.java:0)
[2026-01-20T04:47:30.176+0000] {subprocess.py:93} INFO - 26/01/20 04:47:30 INFO DAGScheduler: Parents of final stage: List()
[2026-01-20T04:47:30.177+0000] {subprocess.py:93} INFO - 26/01/20 04:47:30 INFO DAGScheduler: Missing parents: List()
[2026-01-20T04:47:30.178+0000] {subprocess.py:93} INFO - 26/01/20 04:47:30 INFO DAGScheduler: Submitting ShuffleMapStage 4 (MapPartitionsRDD[19] at csv at NativeMethodAccessorImpl.java:0), which has no missing parents
[2026-01-20T04:47:30.199+0000] {subprocess.py:93} INFO - 26/01/20 04:47:30 INFO MemoryStore: Block broadcast_10 stored as values in memory (estimated size 18.5 KiB, free 422.6 MiB)
[2026-01-20T04:47:30.201+0000] {subprocess.py:93} INFO - 26/01/20 04:47:30 INFO MemoryStore: Block broadcast_10_piece0 stored as bytes in memory (estimated size 8.8 KiB, free 422.6 MiB)
[2026-01-20T04:47:30.202+0000] {subprocess.py:93} INFO - 26/01/20 04:47:30 INFO BlockManagerInfo: Added broadcast_10_piece0 in memory on 519d7d29de3d:35271 (size: 8.8 KiB, free: 432.6 MiB)
[2026-01-20T04:47:30.203+0000] {subprocess.py:93} INFO - 26/01/20 04:47:30 INFO SparkContext: Created broadcast 10 from broadcast at DAGScheduler.scala:1580
[2026-01-20T04:47:30.205+0000] {subprocess.py:93} INFO - 26/01/20 04:47:30 INFO DAGScheduler: Submitting 13 missing tasks from ShuffleMapStage 4 (MapPartitionsRDD[19] at csv at NativeMethodAccessorImpl.java:0) (first 15 tasks are for partitions Vector(0, 1, 2, 3, 4, 5, 6, 7, 8, 9, 10, 11, 12))
[2026-01-20T04:47:30.206+0000] {subprocess.py:93} INFO - 26/01/20 04:47:30 INFO TaskSchedulerImpl: Adding task set 4.0 with 13 tasks resource profile 0
[2026-01-20T04:47:30.207+0000] {subprocess.py:93} INFO - 26/01/20 04:47:30 INFO TaskSetManager: Starting task 0.0 in stage 4.0 (TID 42) (519d7d29de3d, executor driver, partition 0, PROCESS_LOCAL, 8240 bytes)
[2026-01-20T04:47:30.208+0000] {subprocess.py:93} INFO - 26/01/20 04:47:30 INFO TaskSetManager: Starting task 1.0 in stage 4.0 (TID 43) (519d7d29de3d, executor driver, partition 1, PROCESS_LOCAL, 8240 bytes)
[2026-01-20T04:47:30.209+0000] {subprocess.py:93} INFO - 26/01/20 04:47:30 INFO TaskSetManager: Starting task 2.0 in stage 4.0 (TID 44) (519d7d29de3d, executor driver, partition 2, PROCESS_LOCAL, 8240 bytes)
[2026-01-20T04:47:30.210+0000] {subprocess.py:93} INFO - 26/01/20 04:47:30 INFO TaskSetManager: Starting task 3.0 in stage 4.0 (TID 45) (519d7d29de3d, executor driver, partition 3, PROCESS_LOCAL, 8240 bytes)
[2026-01-20T04:47:30.210+0000] {subprocess.py:93} INFO - 26/01/20 04:47:30 INFO TaskSetManager: Starting task 4.0 in stage 4.0 (TID 46) (519d7d29de3d, executor driver, partition 4, PROCESS_LOCAL, 8240 bytes)
[2026-01-20T04:47:30.211+0000] {subprocess.py:93} INFO - 26/01/20 04:47:30 INFO TaskSetManager: Starting task 5.0 in stage 4.0 (TID 47) (519d7d29de3d, executor driver, partition 5, PROCESS_LOCAL, 8240 bytes)
[2026-01-20T04:47:30.212+0000] {subprocess.py:93} INFO - 26/01/20 04:47:30 INFO TaskSetManager: Starting task 6.0 in stage 4.0 (TID 48) (519d7d29de3d, executor driver, partition 6, PROCESS_LOCAL, 8240 bytes)
[2026-01-20T04:47:30.213+0000] {subprocess.py:93} INFO - 26/01/20 04:47:30 INFO TaskSetManager: Starting task 7.0 in stage 4.0 (TID 49) (519d7d29de3d, executor driver, partition 7, PROCESS_LOCAL, 8240 bytes)
[2026-01-20T04:47:30.214+0000] {subprocess.py:93} INFO - 26/01/20 04:47:30 INFO TaskSetManager: Starting task 8.0 in stage 4.0 (TID 50) (519d7d29de3d, executor driver, partition 8, PROCESS_LOCAL, 8240 bytes)
[2026-01-20T04:47:30.217+0000] {subprocess.py:93} INFO - 26/01/20 04:47:30 INFO TaskSetManager: Starting task 9.0 in stage 4.0 (TID 51) (519d7d29de3d, executor driver, partition 9, PROCESS_LOCAL, 8240 bytes)
[2026-01-20T04:47:30.218+0000] {subprocess.py:93} INFO - 26/01/20 04:47:30 INFO TaskSetManager: Starting task 10.0 in stage 4.0 (TID 52) (519d7d29de3d, executor driver, partition 10, PROCESS_LOCAL, 8240 bytes)
[2026-01-20T04:47:30.219+0000] {subprocess.py:93} INFO - 26/01/20 04:47:30 INFO TaskSetManager: Starting task 11.0 in stage 4.0 (TID 53) (519d7d29de3d, executor driver, partition 11, PROCESS_LOCAL, 8240 bytes)
[2026-01-20T04:47:30.220+0000] {subprocess.py:93} INFO - 26/01/20 04:47:30 INFO TaskSetManager: Starting task 12.0 in stage 4.0 (TID 54) (519d7d29de3d, executor driver, partition 12, PROCESS_LOCAL, 8240 bytes)
[2026-01-20T04:47:30.221+0000] {subprocess.py:93} INFO - 26/01/20 04:47:30 INFO Executor: Running task 4.0 in stage 4.0 (TID 46)
[2026-01-20T04:47:30.222+0000] {subprocess.py:93} INFO - 26/01/20 04:47:30 INFO Executor: Running task 2.0 in stage 4.0 (TID 44)
[2026-01-20T04:47:30.223+0000] {subprocess.py:93} INFO - 26/01/20 04:47:30 INFO Executor: Running task 3.0 in stage 4.0 (TID 45)
[2026-01-20T04:47:30.224+0000] {subprocess.py:93} INFO - 26/01/20 04:47:30 INFO Executor: Running task 1.0 in stage 4.0 (TID 43)
[2026-01-20T04:47:30.225+0000] {subprocess.py:93} INFO - 26/01/20 04:47:30 INFO Executor: Running task 6.0 in stage 4.0 (TID 48)
[2026-01-20T04:47:30.226+0000] {subprocess.py:93} INFO - 26/01/20 04:47:30 INFO Executor: Running task 5.0 in stage 4.0 (TID 47)
[2026-01-20T04:47:30.228+0000] {subprocess.py:93} INFO - 26/01/20 04:47:30 INFO Executor: Running task 7.0 in stage 4.0 (TID 49)
[2026-01-20T04:47:30.229+0000] {subprocess.py:93} INFO - 26/01/20 04:47:30 INFO Executor: Running task 8.0 in stage 4.0 (TID 50)
[2026-01-20T04:47:30.230+0000] {subprocess.py:93} INFO - 26/01/20 04:47:30 INFO Executor: Running task 10.0 in stage 4.0 (TID 52)
[2026-01-20T04:47:30.231+0000] {subprocess.py:93} INFO - 26/01/20 04:47:30 INFO Executor: Running task 12.0 in stage 4.0 (TID 54)
[2026-01-20T04:47:30.232+0000] {subprocess.py:93} INFO - 26/01/20 04:47:30 INFO Executor: Running task 11.0 in stage 4.0 (TID 53)
[2026-01-20T04:47:30.233+0000] {subprocess.py:93} INFO - 26/01/20 04:47:30 INFO Executor: Running task 0.0 in stage 4.0 (TID 42)
[2026-01-20T04:47:30.234+0000] {subprocess.py:93} INFO - 26/01/20 04:47:30 INFO Executor: Running task 9.0 in stage 4.0 (TID 51)
[2026-01-20T04:47:30.245+0000] {subprocess.py:93} INFO - 26/01/20 04:47:30 INFO CodeGenerator: Code generated in 15.85823 ms
[2026-01-20T04:47:30.272+0000] {subprocess.py:93} INFO - 26/01/20 04:47:30 INFO CodeGenerator: Code generated in 17.140444 ms
[2026-01-20T04:47:30.296+0000] {subprocess.py:93} INFO - 26/01/20 04:47:30 INFO FileScanRDD: Reading File path: file:///opt/spark-data/landing/transaction_events_1768879479.1820476.json, range: 12582912-16777216, partition values: [empty row]
[2026-01-20T04:47:30.297+0000] {subprocess.py:93} INFO - 26/01/20 04:47:30 INFO FileScanRDD: Reading File path: file:///opt/spark-data/landing/transaction_events_1768879479.1820476.json, range: 20971520-25165824, partition values: [empty row]
[2026-01-20T04:47:30.298+0000] {subprocess.py:93} INFO - 26/01/20 04:47:30 INFO FileScanRDD: Reading File path: file:///opt/spark-data/landing/transaction_events_1768879479.1820476.json, range: 0-4194304, partition values: [empty row]
[2026-01-20T04:47:30.299+0000] {subprocess.py:93} INFO - 26/01/20 04:47:30 INFO FileScanRDD: Reading File path: file:///opt/spark-data/landing/transaction_events_1768879479.1820476.json, range: 8388608-12582912, partition values: [empty row]
[2026-01-20T04:47:30.300+0000] {subprocess.py:93} INFO - 26/01/20 04:47:30 INFO FileScanRDD: Reading File path: file:///opt/spark-data/landing/transaction_events_1768879479.1820476.json, range: 25165824-29360128, partition values: [empty row]
[2026-01-20T04:47:30.301+0000] {subprocess.py:93} INFO - 26/01/20 04:47:30 INFO FileScanRDD: Reading File path: file:///opt/spark-data/landing/transaction_events_1768879479.1820476.json, range: 37748736-41943040, partition values: [empty row]
[2026-01-20T04:47:30.302+0000] {subprocess.py:93} INFO - 26/01/20 04:47:30 INFO FileScanRDD: Reading File path: file:///opt/spark-data/landing/transaction_events_1768879479.1820476.json, range: 33554432-37748736, partition values: [empty row]
[2026-01-20T04:47:30.303+0000] {subprocess.py:93} INFO - 26/01/20 04:47:30 INFO FileScanRDD: Reading File path: file:///opt/spark-data/landing/transaction_events_1768879479.1820476.json, range: 46137344-50331648, partition values: [empty row]
[2026-01-20T04:47:30.304+0000] {subprocess.py:93} INFO - 26/01/20 04:47:30 INFO FileScanRDD: Reading File path: file:///opt/spark-data/landing/transaction_events_1768879479.1820476.json, range: 16777216-20971520, partition values: [empty row]
[2026-01-20T04:47:30.305+0000] {subprocess.py:93} INFO - 26/01/20 04:47:30 INFO FileScanRDD: Reading File path: file:///opt/spark-data/landing/transaction_events_1768879479.1820476.json, range: 41943040-46137344, partition values: [empty row]
[2026-01-20T04:47:30.307+0000] {subprocess.py:93} INFO - 26/01/20 04:47:30 INFO FileScanRDD: Reading File path: file:///opt/spark-data/landing/transaction_events_1768879479.1820476.json, range: 4194304-8388608, partition values: [empty row]
[2026-01-20T04:47:30.308+0000] {subprocess.py:93} INFO - 26/01/20 04:47:30 INFO FileScanRDD: Reading File path: file:///opt/spark-data/landing/transaction_events_1768879479.1820476.json, range: 29360128-33554432, partition values: [empty row]
[2026-01-20T04:47:30.308+0000] {subprocess.py:93} INFO - 26/01/20 04:47:30 INFO FileScanRDD: Reading File path: file:///opt/spark-data/landing/transaction_events_1768879479.1820476.json, range: 50331648-51561162, partition values: [empty row]
[2026-01-20T04:47:30.317+0000] {subprocess.py:93} INFO - 26/01/20 04:47:30 INFO CodeGenerator: Code generated in 17.735193 ms
[2026-01-20T04:47:30.747+0000] {subprocess.py:93} INFO - 26/01/20 04:47:30 INFO BlockManagerInfo: Removed broadcast_4_piece0 on 519d7d29de3d:35271 in memory (size: 34.2 KiB, free: 432.7 MiB)
[2026-01-20T04:47:30.777+0000] {subprocess.py:93} INFO - 26/01/20 04:47:30 INFO BlockManagerInfo: Removed broadcast_8_piece0 on 519d7d29de3d:35271 in memory (size: 82.8 KiB, free: 432.7 MiB)
[2026-01-20T04:47:30.828+0000] {subprocess.py:93} INFO - 26/01/20 04:47:30 INFO BlockManagerInfo: Removed broadcast_1_piece0 on 519d7d29de3d:35271 in memory (size: 7.5 KiB, free: 432.8 MiB)
[2026-01-20T04:47:30.854+0000] {subprocess.py:93} INFO - 26/01/20 04:47:30 INFO BlockManagerInfo: Removed broadcast_6_piece0 on 519d7d29de3d:35271 in memory (size: 1578.1 KiB, free: 434.3 MiB)
[2026-01-20T04:47:30.870+0000] {subprocess.py:93} INFO - 26/01/20 04:47:30 INFO BlockManagerInfo: Removed broadcast_7_piece0 on 519d7d29de3d:35271 in memory (size: 34.2 KiB, free: 434.3 MiB)
[2026-01-20T04:47:30.882+0000] {subprocess.py:93} INFO - 26/01/20 04:47:30 INFO BlockManagerInfo: Removed broadcast_0_piece0 on 519d7d29de3d:35271 in memory (size: 34.2 KiB, free: 434.4 MiB)
[2026-01-20T04:47:31.076+0000] {subprocess.py:93} INFO - 26/01/20 04:47:31 INFO Executor: Finished task 12.0 in stage 4.0 (TID 54). 2075 bytes result sent to driver
[2026-01-20T04:47:31.081+0000] {subprocess.py:93} INFO - 26/01/20 04:47:31 INFO TaskSetManager: Finished task 12.0 in stage 4.0 (TID 54) in 869 ms on 519d7d29de3d (executor driver) (1/13)
[2026-01-20T04:47:31.259+0000] {subprocess.py:93} INFO - 26/01/20 04:47:31 INFO Executor: Finished task 7.0 in stage 4.0 (TID 49). 2032 bytes result sent to driver
[2026-01-20T04:47:31.261+0000] {subprocess.py:93} INFO - 26/01/20 04:47:31 INFO TaskSetManager: Finished task 7.0 in stage 4.0 (TID 49) in 1051 ms on 519d7d29de3d (executor driver) (2/13)
[2026-01-20T04:47:31.266+0000] {subprocess.py:93} INFO - 26/01/20 04:47:31 INFO Executor: Finished task 3.0 in stage 4.0 (TID 45). 2032 bytes result sent to driver
[2026-01-20T04:47:31.269+0000] {subprocess.py:93} INFO - 26/01/20 04:47:31 INFO TaskSetManager: Finished task 3.0 in stage 4.0 (TID 45) in 1060 ms on 519d7d29de3d (executor driver) (3/13)
[2026-01-20T04:47:31.270+0000] {subprocess.py:93} INFO - 26/01/20 04:47:31 INFO Executor: Finished task 5.0 in stage 4.0 (TID 47). 2075 bytes result sent to driver
[2026-01-20T04:47:31.271+0000] {subprocess.py:93} INFO - 26/01/20 04:47:31 INFO Executor: Finished task 2.0 in stage 4.0 (TID 44). 2075 bytes result sent to driver
[2026-01-20T04:47:31.272+0000] {subprocess.py:93} INFO - 26/01/20 04:47:31 INFO TaskSetManager: Finished task 5.0 in stage 4.0 (TID 47) in 1062 ms on 519d7d29de3d (executor driver) (4/13)
[2026-01-20T04:47:31.273+0000] {subprocess.py:93} INFO - 26/01/20 04:47:31 INFO TaskSetManager: Finished task 2.0 in stage 4.0 (TID 44) in 1066 ms on 519d7d29de3d (executor driver) (5/13)
[2026-01-20T04:47:31.275+0000] {subprocess.py:93} INFO - 26/01/20 04:47:31 INFO Executor: Finished task 4.0 in stage 4.0 (TID 46). 2032 bytes result sent to driver
[2026-01-20T04:47:31.277+0000] {subprocess.py:93} INFO - 26/01/20 04:47:31 INFO TaskSetManager: Finished task 4.0 in stage 4.0 (TID 46) in 1069 ms on 519d7d29de3d (executor driver) (6/13)
[2026-01-20T04:47:31.279+0000] {subprocess.py:93} INFO - 26/01/20 04:47:31 INFO Executor: Finished task 1.0 in stage 4.0 (TID 43). 2075 bytes result sent to driver
[2026-01-20T04:47:31.280+0000] {subprocess.py:93} INFO - 26/01/20 04:47:31 INFO TaskSetManager: Finished task 1.0 in stage 4.0 (TID 43) in 1073 ms on 519d7d29de3d (executor driver) (7/13)
[2026-01-20T04:47:31.281+0000] {subprocess.py:93} INFO - 26/01/20 04:47:31 INFO Executor: Finished task 6.0 in stage 4.0 (TID 48). 2032 bytes result sent to driver
[2026-01-20T04:47:31.282+0000] {subprocess.py:93} INFO - 26/01/20 04:47:31 INFO TaskSetManager: Finished task 6.0 in stage 4.0 (TID 48) in 1072 ms on 519d7d29de3d (executor driver) (8/13)
[2026-01-20T04:47:31.283+0000] {subprocess.py:93} INFO - 26/01/20 04:47:31 INFO Executor: Finished task 8.0 in stage 4.0 (TID 50). 2032 bytes result sent to driver
[2026-01-20T04:47:31.284+0000] {subprocess.py:93} INFO - 26/01/20 04:47:31 INFO TaskSetManager: Finished task 8.0 in stage 4.0 (TID 50) in 1073 ms on 519d7d29de3d (executor driver) (9/13)
[2026-01-20T04:47:31.285+0000] {subprocess.py:93} INFO - 26/01/20 04:47:31 INFO Executor: Finished task 11.0 in stage 4.0 (TID 53). 2075 bytes result sent to driver
[2026-01-20T04:47:31.286+0000] {subprocess.py:93} INFO - 26/01/20 04:47:31 INFO Executor: Finished task 0.0 in stage 4.0 (TID 42). 2032 bytes result sent to driver
[2026-01-20T04:47:31.289+0000] {subprocess.py:93} INFO - 26/01/20 04:47:31 INFO TaskSetManager: Finished task 0.0 in stage 4.0 (TID 42) in 1083 ms on 519d7d29de3d (executor driver) (10/13)
[2026-01-20T04:47:31.291+0000] {subprocess.py:93} INFO - 26/01/20 04:47:31 INFO TaskSetManager: Finished task 11.0 in stage 4.0 (TID 53) in 1078 ms on 519d7d29de3d (executor driver) (11/13)
[2026-01-20T04:47:31.292+0000] {subprocess.py:93} INFO - 26/01/20 04:47:31 INFO Executor: Finished task 10.0 in stage 4.0 (TID 52). 2075 bytes result sent to driver
[2026-01-20T04:47:31.293+0000] {subprocess.py:93} INFO - 26/01/20 04:47:31 INFO TaskSetManager: Finished task 10.0 in stage 4.0 (TID 52) in 1081 ms on 519d7d29de3d (executor driver) (12/13)
[2026-01-20T04:47:31.294+0000] {subprocess.py:93} INFO - 26/01/20 04:47:31 INFO Executor: Finished task 9.0 in stage 4.0 (TID 51). 2032 bytes result sent to driver
[2026-01-20T04:47:31.294+0000] {subprocess.py:93} INFO - 26/01/20 04:47:31 INFO TaskSetManager: Finished task 9.0 in stage 4.0 (TID 51) in 1084 ms on 519d7d29de3d (executor driver) (13/13)
[2026-01-20T04:47:31.295+0000] {subprocess.py:93} INFO - 26/01/20 04:47:31 INFO TaskSchedulerImpl: Removed TaskSet 4.0, whose tasks have all completed, from pool
[2026-01-20T04:47:31.296+0000] {subprocess.py:93} INFO - 26/01/20 04:47:31 INFO DAGScheduler: ShuffleMapStage 4 (csv at NativeMethodAccessorImpl.java:0) finished in 1.115 s
[2026-01-20T04:47:31.296+0000] {subprocess.py:93} INFO - 26/01/20 04:47:31 INFO DAGScheduler: looking for newly runnable stages
[2026-01-20T04:47:31.297+0000] {subprocess.py:93} INFO - 26/01/20 04:47:31 INFO DAGScheduler: running: Set()
[2026-01-20T04:47:31.297+0000] {subprocess.py:93} INFO - 26/01/20 04:47:31 INFO DAGScheduler: waiting: Set()
[2026-01-20T04:47:31.298+0000] {subprocess.py:93} INFO - 26/01/20 04:47:31 INFO DAGScheduler: failed: Set()
[2026-01-20T04:47:31.320+0000] {subprocess.py:93} INFO - 26/01/20 04:47:31 INFO ShufflePartitionsUtil: For shuffle(0), advisory target size: 67108864, actual target size 1048576, minimum partition size: 1048576
[2026-01-20T04:47:31.407+0000] {subprocess.py:93} INFO - 26/01/20 04:47:31 INFO FileOutputCommitter: File Output Committer Algorithm version is 1
[2026-01-20T04:47:31.408+0000] {subprocess.py:93} INFO - 26/01/20 04:47:31 INFO FileOutputCommitter: FileOutputCommitter skip cleanup _temporary folders under output directory:false, ignore cleanup failures: false
[2026-01-20T04:47:31.408+0000] {subprocess.py:93} INFO - 26/01/20 04:47:31 INFO SQLHadoopMapReduceCommitProtocol: Using output committer class org.apache.hadoop.mapreduce.lib.output.FileOutputCommitter
[2026-01-20T04:47:31.482+0000] {subprocess.py:93} INFO - 26/01/20 04:47:31 INFO CodeGenerator: Code generated in 12.886712 ms
[2026-01-20T04:47:31.494+0000] {subprocess.py:93} INFO - 26/01/20 04:47:31 INFO CodeGenerator: Code generated in 8.320071 ms
[2026-01-20T04:47:31.622+0000] {subprocess.py:93} INFO - 26/01/20 04:47:31 INFO SparkContext: Starting job: csv at NativeMethodAccessorImpl.java:0
[2026-01-20T04:47:31.626+0000] {subprocess.py:93} INFO - 26/01/20 04:47:31 INFO DAGScheduler: Got job 5 (csv at NativeMethodAccessorImpl.java:0) with 1 output partitions
[2026-01-20T04:47:31.627+0000] {subprocess.py:93} INFO - 26/01/20 04:47:31 INFO DAGScheduler: Final stage: ResultStage 6 (csv at NativeMethodAccessorImpl.java:0)
[2026-01-20T04:47:31.629+0000] {subprocess.py:93} INFO - 26/01/20 04:47:31 INFO DAGScheduler: Parents of final stage: List(ShuffleMapStage 5)
[2026-01-20T04:47:31.629+0000] {subprocess.py:93} INFO - 26/01/20 04:47:31 INFO DAGScheduler: Missing parents: List()
[2026-01-20T04:47:31.630+0000] {subprocess.py:93} INFO - 26/01/20 04:47:31 INFO DAGScheduler: Submitting ResultStage 6 (MapPartitionsRDD[26] at csv at NativeMethodAccessorImpl.java:0), which has no missing parents
[2026-01-20T04:47:31.648+0000] {subprocess.py:93} INFO - 26/01/20 04:47:31 INFO MemoryStore: Block broadcast_11 stored as values in memory (estimated size 244.7 KiB, free 433.9 MiB)
[2026-01-20T04:47:31.659+0000] {subprocess.py:93} INFO - 26/01/20 04:47:31 INFO MemoryStore: Block broadcast_11_piece0 stored as bytes in memory (estimated size 91.6 KiB, free 433.8 MiB)
[2026-01-20T04:47:31.660+0000] {subprocess.py:93} INFO - 26/01/20 04:47:31 INFO BlockManagerInfo: Added broadcast_11_piece0 in memory on 519d7d29de3d:35271 (size: 91.6 KiB, free: 434.3 MiB)
[2026-01-20T04:47:31.661+0000] {subprocess.py:93} INFO - 26/01/20 04:47:31 INFO SparkContext: Created broadcast 11 from broadcast at DAGScheduler.scala:1580
[2026-01-20T04:47:31.662+0000] {subprocess.py:93} INFO - 26/01/20 04:47:31 INFO DAGScheduler: Submitting 1 missing tasks from ResultStage 6 (MapPartitionsRDD[26] at csv at NativeMethodAccessorImpl.java:0) (first 15 tasks are for partitions Vector(0))
[2026-01-20T04:47:31.663+0000] {subprocess.py:93} INFO - 26/01/20 04:47:31 INFO TaskSchedulerImpl: Adding task set 6.0 with 1 tasks resource profile 0
[2026-01-20T04:47:31.675+0000] {subprocess.py:93} INFO - 26/01/20 04:47:31 INFO TaskSetManager: Starting task 0.0 in stage 6.0 (TID 55) (519d7d29de3d, executor driver, partition 0, NODE_LOCAL, 7975 bytes)
[2026-01-20T04:47:31.676+0000] {subprocess.py:93} INFO - 26/01/20 04:47:31 INFO Executor: Running task 0.0 in stage 6.0 (TID 55)
[2026-01-20T04:47:31.703+0000] {subprocess.py:93} INFO - 26/01/20 04:47:31 INFO BlockManagerInfo: Removed broadcast_10_piece0 on 519d7d29de3d:35271 in memory (size: 8.8 KiB, free: 434.3 MiB)
[2026-01-20T04:47:31.729+0000] {subprocess.py:93} INFO - 26/01/20 04:47:31 INFO FileOutputCommitter: File Output Committer Algorithm version is 1
[2026-01-20T04:47:31.731+0000] {subprocess.py:93} INFO - 26/01/20 04:47:31 INFO FileOutputCommitter: FileOutputCommitter skip cleanup _temporary folders under output directory:false, ignore cleanup failures: false
[2026-01-20T04:47:31.732+0000] {subprocess.py:93} INFO - 26/01/20 04:47:31 INFO SQLHadoopMapReduceCommitProtocol: Using output committer class org.apache.hadoop.mapreduce.lib.output.FileOutputCommitter
[2026-01-20T04:47:31.908+0000] {subprocess.py:93} INFO - 26/01/20 04:47:31 INFO ShuffleBlockFetcherIterator: Getting 13 (1044.2 KiB) non-empty blocks including 13 (1044.2 KiB) local and 0 (0.0 B) host-local and 0 (0.0 B) push-merged-local and 0 (0.0 B) remote blocks
[2026-01-20T04:47:31.910+0000] {subprocess.py:93} INFO - 26/01/20 04:47:31 INFO ShuffleBlockFetcherIterator: Started 0 remote fetches in 10 ms
[2026-01-20T04:47:31.922+0000] {subprocess.py:93} INFO - 26/01/20 04:47:31 INFO CodeGenerator: Code generated in 7.259337 ms
[2026-01-20T04:47:31.938+0000] {subprocess.py:93} INFO - 26/01/20 04:47:31 INFO CodeGenerator: Code generated in 11.214438 ms
[2026-01-20T04:47:31.953+0000] {subprocess.py:93} INFO - 26/01/20 04:47:31 INFO CodeGenerator: Code generated in 8.453598 ms
[2026-01-20T04:47:31.974+0000] {subprocess.py:93} INFO - 26/01/20 04:47:31 INFO CodeGenerator: Code generated in 8.208433 ms
[2026-01-20T04:47:32.069+0000] {subprocess.py:93} INFO - 26/01/20 04:47:32 INFO CodeGenerator: Code generated in 6.529289 ms
[2026-01-20T04:47:32.087+0000] {subprocess.py:93} INFO - 26/01/20 04:47:32 INFO CodeGenerator: Code generated in 9.587566 ms
[2026-01-20T04:47:32.096+0000] {subprocess.py:93} INFO - 26/01/20 04:47:32 INFO CodeGenerator: Code generated in 6.818722 ms
[2026-01-20T04:47:32.104+0000] {subprocess.py:93} INFO - 26/01/20 04:47:32 INFO CodeGenerator: Code generated in 5.475439 ms
[2026-01-20T04:47:32.114+0000] {subprocess.py:93} INFO - 26/01/20 04:47:32 INFO CodeGenerator: Code generated in 8.635345 ms
[2026-01-20T04:47:32.125+0000] {subprocess.py:93} INFO - 26/01/20 04:47:32 INFO CodeGenerator: Code generated in 8.509749 ms
[2026-01-20T04:47:32.137+0000] {subprocess.py:93} INFO - 26/01/20 04:47:32 INFO CodeGenerator: Code generated in 7.293968 ms
[2026-01-20T04:47:32.208+0000] {subprocess.py:93} INFO - 26/01/20 04:47:32 INFO CodeGenerator: Code generated in 6.309264 ms
[2026-01-20T04:47:32.229+0000] {subprocess.py:93} INFO - 26/01/20 04:47:32 INFO CodeGenerator: Code generated in 12.724889 ms
[2026-01-20T04:47:32.237+0000] {subprocess.py:93} INFO - 26/01/20 04:47:32 INFO CodeGenerator: Code generated in 5.9011 ms
[2026-01-20T04:47:32.368+0000] {subprocess.py:93} INFO - 26/01/20 04:47:32 INFO ShuffleBlockFetcherIterator: Getting 13 (1039.8 KiB) non-empty blocks including 13 (1039.8 KiB) local and 0 (0.0 B) host-local and 0 (0.0 B) push-merged-local and 0 (0.0 B) remote blocks
[2026-01-20T04:47:32.369+0000] {subprocess.py:93} INFO - 26/01/20 04:47:32 INFO ShuffleBlockFetcherIterator: Started 0 remote fetches in 1 ms
[2026-01-20T04:47:32.539+0000] {subprocess.py:93} INFO - 26/01/20 04:47:32 INFO ShuffleBlockFetcherIterator: Getting 13 (1030.5 KiB) non-empty blocks including 13 (1030.5 KiB) local and 0 (0.0 B) host-local and 0 (0.0 B) push-merged-local and 0 (0.0 B) remote blocks
[2026-01-20T04:47:32.540+0000] {subprocess.py:93} INFO - 26/01/20 04:47:32 INFO ShuffleBlockFetcherIterator: Started 0 remote fetches in 1 ms
[2026-01-20T04:47:32.662+0000] {subprocess.py:93} INFO - 26/01/20 04:47:32 INFO ShuffleBlockFetcherIterator: Getting 13 (1283.5 KiB) non-empty blocks including 13 (1283.5 KiB) local and 0 (0.0 B) host-local and 0 (0.0 B) push-merged-local and 0 (0.0 B) remote blocks
[2026-01-20T04:47:32.663+0000] {subprocess.py:93} INFO - 26/01/20 04:47:32 INFO ShuffleBlockFetcherIterator: Started 0 remote fetches in 1 ms
[2026-01-20T04:47:32.840+0000] {subprocess.py:93} INFO - 26/01/20 04:47:32 INFO FileOutputCommitter: Saved output of task 'attempt_20260120044731713385112272017880_0006_m_000000_55' to file:/opt/spark-data/gold/transaction_analytics/_temporary/0/task_20260120044731713385112272017880_0006_m_000000
[2026-01-20T04:47:32.841+0000] {subprocess.py:93} INFO - 26/01/20 04:47:32 INFO SparkHadoopMapRedUtil: attempt_20260120044731713385112272017880_0006_m_000000_55: Committed. Elapsed time: 27 ms.
[2026-01-20T04:47:32.842+0000] {subprocess.py:93} INFO - 26/01/20 04:47:32 INFO Executor: Finished task 0.0 in stage 6.0 (TID 55). 5845 bytes result sent to driver
[2026-01-20T04:47:32.843+0000] {subprocess.py:93} INFO - 26/01/20 04:47:32 INFO TaskSetManager: Finished task 0.0 in stage 6.0 (TID 55) in 1176 ms on 519d7d29de3d (executor driver) (1/1)
[2026-01-20T04:47:32.845+0000] {subprocess.py:93} INFO - 26/01/20 04:47:32 INFO TaskSchedulerImpl: Removed TaskSet 6.0, whose tasks have all completed, from pool
[2026-01-20T04:47:32.847+0000] {subprocess.py:93} INFO - 26/01/20 04:47:32 INFO DAGScheduler: ResultStage 6 (csv at NativeMethodAccessorImpl.java:0) finished in 1.214 s
[2026-01-20T04:47:32.847+0000] {subprocess.py:93} INFO - 26/01/20 04:47:32 INFO DAGScheduler: Job 5 is finished. Cancelling potential speculative or zombie tasks for this job
[2026-01-20T04:47:32.848+0000] {subprocess.py:93} INFO - 26/01/20 04:47:32 INFO TaskSchedulerImpl: Killing all running tasks in stage 6: Stage finished
[2026-01-20T04:47:32.849+0000] {subprocess.py:93} INFO - 26/01/20 04:47:32 INFO DAGScheduler: Job 5 finished: csv at NativeMethodAccessorImpl.java:0, took 1.222646 s
[2026-01-20T04:47:32.850+0000] {subprocess.py:93} INFO - 26/01/20 04:47:32 INFO FileFormatWriter: Start to commit write Job a6b807d5-10ee-411e-adef-61d9fa0e343a.
[2026-01-20T04:47:33.007+0000] {subprocess.py:93} INFO - 26/01/20 04:47:33 INFO FileFormatWriter: Write Job a6b807d5-10ee-411e-adef-61d9fa0e343a committed. Elapsed time: 160 ms.
[2026-01-20T04:47:33.008+0000] {subprocess.py:93} INFO - 26/01/20 04:47:33 INFO FileFormatWriter: Finished processing stats for write job a6b807d5-10ee-411e-adef-61d9fa0e343a.
[2026-01-20T04:47:33.008+0000] {subprocess.py:93} INFO - Analytics Table with Window Functions created successfully.
[2026-01-20T04:47:33.235+0000] {subprocess.py:93} INFO - Traceback (most recent call last):
[2026-01-20T04:47:33.236+0000] {subprocess.py:93} INFO -   File "/opt/spark-jobs/etl_job.py", line 184, in <module>
[2026-01-20T04:47:33.239+0000] {subprocess.py:93} INFO -     run_etl(spark,'/opt/spark-data/landing', '/opt/spark-data/gold')
[2026-01-20T04:47:33.240+0000] {subprocess.py:93} INFO -   File "/opt/spark-jobs/etl_job.py", line 169, in run_etl
[2026-01-20T04:47:33.242+0000] {subprocess.py:93} INFO -     transaction_cleaned(spark, df_topic_transaction, output_path)
[2026-01-20T04:47:33.243+0000] {subprocess.py:93} INFO -   File "/opt/spark-jobs/etl_job.py", line 125, in transaction_cleaned
[2026-01-20T04:47:33.246+0000] {subprocess.py:93} INFO -     .select("*",F.col("billing_address.city").alias("billing_address_city"),
[2026-01-20T04:47:33.247+0000] {subprocess.py:93} INFO -   File "/opt/spark/python/lib/pyspark.zip/pyspark/sql/dataframe.py", line 3223, in select
[2026-01-20T04:47:33.248+0000] {subprocess.py:93} INFO -   File "/opt/spark/python/lib/py4j-0.10.9.7-src.zip/py4j/java_gateway.py", line 1322, in __call__
[2026-01-20T04:47:33.249+0000] {subprocess.py:93} INFO -   File "/opt/spark/python/lib/pyspark.zip/pyspark/errors/exceptions/captured.py", line 185, in deco
[2026-01-20T04:47:33.255+0000] {subprocess.py:93} INFO - pyspark.errors.exceptions.captured.AnalysisException: [FIELD_NOT_FOUND] No such struct field `county` in `city`, `country`, `state`, `street`, `zip_code`.
[2026-01-20T04:47:33.309+0000] {subprocess.py:93} INFO - 26/01/20 04:47:33 INFO SparkContext: Invoking stop() from shutdown hook
[2026-01-20T04:47:33.310+0000] {subprocess.py:93} INFO - 26/01/20 04:47:33 INFO SparkContext: SparkContext is stopping with exitCode 0.
[2026-01-20T04:47:33.320+0000] {subprocess.py:93} INFO - 26/01/20 04:47:33 INFO SparkUI: Stopped Spark web UI at http://519d7d29de3d:4040
[2026-01-20T04:47:33.330+0000] {subprocess.py:93} INFO - 26/01/20 04:47:33 INFO MapOutputTrackerMasterEndpoint: MapOutputTrackerMasterEndpoint stopped!
[2026-01-20T04:47:33.344+0000] {subprocess.py:93} INFO - 26/01/20 04:47:33 INFO MemoryStore: MemoryStore cleared
[2026-01-20T04:47:33.346+0000] {subprocess.py:93} INFO - 26/01/20 04:47:33 INFO BlockManager: BlockManager stopped
[2026-01-20T04:47:33.348+0000] {subprocess.py:93} INFO - 26/01/20 04:47:33 INFO BlockManagerMaster: BlockManagerMaster stopped
[2026-01-20T04:47:33.351+0000] {subprocess.py:93} INFO - 26/01/20 04:47:33 INFO OutputCommitCoordinator$OutputCommitCoordinatorEndpoint: OutputCommitCoordinator stopped!
[2026-01-20T04:47:33.361+0000] {subprocess.py:93} INFO - 26/01/20 04:47:33 INFO SparkContext: Successfully stopped SparkContext
[2026-01-20T04:47:33.362+0000] {subprocess.py:93} INFO - 26/01/20 04:47:33 INFO ShutdownHookManager: Shutdown hook called
[2026-01-20T04:47:33.363+0000] {subprocess.py:93} INFO - 26/01/20 04:47:33 INFO ShutdownHookManager: Deleting directory /tmp/spark-3f1472b1-799f-4ec7-affd-5b6fc4270af5/pyspark-a0bff056-f62d-4614-b2fd-f5f90465298d
[2026-01-20T04:47:33.365+0000] {subprocess.py:93} INFO - 26/01/20 04:47:33 INFO ShutdownHookManager: Deleting directory /tmp/spark-a2ee0003-dbd8-4538-a633-6074ae8c7f38
[2026-01-20T04:47:33.368+0000] {subprocess.py:93} INFO - 26/01/20 04:47:33 INFO ShutdownHookManager: Deleting directory /tmp/spark-3f1472b1-799f-4ec7-affd-5b6fc4270af5
[2026-01-20T04:47:33.422+0000] {subprocess.py:97} INFO - Command exited with return code 1
[2026-01-20T04:47:33.436+0000] {taskinstance.py:2698} ERROR - Task failed with exception
Traceback (most recent call last):
  File "/home/airflow/.local/lib/python3.10/site-packages/airflow/models/taskinstance.py", line 433, in _execute_task
    result = execute_callable(context=context, **execute_callable_kwargs)
  File "/home/airflow/.local/lib/python3.10/site-packages/airflow/operators/bash.py", line 212, in execute
    raise AirflowException(
airflow.exceptions.AirflowException: Bash command failed. The command returned a non-zero exit code 1.
[2026-01-20T04:47:33.441+0000] {taskinstance.py:1138} INFO - Marking task as FAILED. dag_id=streamflow_main, task_id=Spark_Submit, execution_date=20260120T044710, start_date=20260120T044711, end_date=20260120T044733
[2026-01-20T04:47:33.455+0000] {standard_task_runner.py:107} ERROR - Failed to execute job 20 for task Spark_Submit (Bash command failed. The command returned a non-zero exit code 1.; 8894)
[2026-01-20T04:47:33.489+0000] {local_task_job_runner.py:234} INFO - Task exited with return code 1
[2026-01-20T04:47:33.506+0000] {taskinstance.py:3280} INFO - 0 downstream tasks scheduled from follow-on schedule check
