[2026-01-20T04:10:13.272+0000] {taskinstance.py:1956} INFO - Dependencies all met for dep_context=non-requeueable deps ti=<TaskInstance: streamflow_main.Spark_Submit manual__2026-01-20T04:10:11.307177+00:00 [queued]>
[2026-01-20T04:10:13.285+0000] {taskinstance.py:1956} INFO - Dependencies all met for dep_context=requeueable deps ti=<TaskInstance: streamflow_main.Spark_Submit manual__2026-01-20T04:10:11.307177+00:00 [queued]>
[2026-01-20T04:10:13.286+0000] {taskinstance.py:2170} INFO - Starting attempt 1 of 1
[2026-01-20T04:10:13.307+0000] {taskinstance.py:2191} INFO - Executing <Task(BashOperator): Spark_Submit> on 2026-01-20 04:10:11.307177+00:00
[2026-01-20T04:10:13.313+0000] {standard_task_runner.py:60} INFO - Started process 2829 to run task
[2026-01-20T04:10:13.318+0000] {standard_task_runner.py:87} INFO - Running: ['***', 'tasks', 'run', 'streamflow_main', 'Spark_Submit', 'manual__2026-01-20T04:10:11.307177+00:00', '--job-id', '8', '--raw', '--subdir', 'DAGS_FOLDER/dag_streamflow.py', '--cfg-path', '/tmp/tmpqy0oqy5_']
[2026-01-20T04:10:13.323+0000] {standard_task_runner.py:88} INFO - Job 8: Subtask Spark_Submit
[2026-01-20T04:10:13.397+0000] {task_command.py:423} INFO - Running <TaskInstance: streamflow_main.Spark_Submit manual__2026-01-20T04:10:11.307177+00:00 [running]> on host 519d7d29de3d
[2026-01-20T04:10:13.526+0000] {taskinstance.py:2480} INFO - Exporting env vars: AIRFLOW_CTX_DAG_OWNER='student' AIRFLOW_CTX_DAG_ID='streamflow_main' AIRFLOW_CTX_TASK_ID='Spark_Submit' AIRFLOW_CTX_EXECUTION_DATE='2026-01-20T04:10:11.307177+00:00' AIRFLOW_CTX_TRY_NUMBER='1' AIRFLOW_CTX_DAG_RUN_ID='manual__2026-01-20T04:10:11.307177+00:00'
[2026-01-20T04:10:13.529+0000] {subprocess.py:63} INFO - Tmp dir root location: /tmp
[2026-01-20T04:10:13.532+0000] {subprocess.py:75} INFO - Running command: ['/usr/bin/bash', '-c', '\n            spark-submit                 --master spark://spark-master:7077                 /opt/spark-jobs/etl_job.py\n        ']
[2026-01-20T04:10:13.543+0000] {subprocess.py:86} INFO - Output:
[2026-01-20T04:10:13.560+0000] {subprocess.py:93} INFO - /opt/spark/bin/load-spark-env.sh: line 68: ps: command not found
[2026-01-20T04:10:17.316+0000] {subprocess.py:93} INFO - 26/01/20 04:10:17 INFO SparkContext: Running Spark version 3.5.0
[2026-01-20T04:10:17.320+0000] {subprocess.py:93} INFO - 26/01/20 04:10:17 INFO SparkContext: OS info Linux, 5.15.167.4-microsoft-standard-WSL2, amd64
[2026-01-20T04:10:17.321+0000] {subprocess.py:93} INFO - 26/01/20 04:10:17 INFO SparkContext: Java version 17.0.17
[2026-01-20T04:10:17.411+0000] {subprocess.py:93} INFO - 26/01/20 04:10:17 WARN NativeCodeLoader: Unable to load native-hadoop library for your platform... using builtin-java classes where applicable
[2026-01-20T04:10:17.573+0000] {subprocess.py:93} INFO - 26/01/20 04:10:17 INFO ResourceUtils: ==============================================================
[2026-01-20T04:10:17.575+0000] {subprocess.py:93} INFO - 26/01/20 04:10:17 INFO ResourceUtils: No custom resources configured for spark.driver.
[2026-01-20T04:10:17.576+0000] {subprocess.py:93} INFO - 26/01/20 04:10:17 INFO ResourceUtils: ==============================================================
[2026-01-20T04:10:17.577+0000] {subprocess.py:93} INFO - 26/01/20 04:10:17 INFO SparkContext: Submitted application: ETL_job
[2026-01-20T04:10:17.611+0000] {subprocess.py:93} INFO - 26/01/20 04:10:17 INFO ResourceProfile: Default ResourceProfile created, executor resources: Map(cores -> name: cores, amount: 1, script: , vendor: , memory -> name: memory, amount: 1024, script: , vendor: , offHeap -> name: offHeap, amount: 0, script: , vendor: ), task resources: Map(cpus -> name: cpus, amount: 1.0)
[2026-01-20T04:10:17.621+0000] {subprocess.py:93} INFO - 26/01/20 04:10:17 INFO ResourceProfile: Limiting resource is cpu
[2026-01-20T04:10:17.623+0000] {subprocess.py:93} INFO - 26/01/20 04:10:17 INFO ResourceProfileManager: Added ResourceProfile id: 0
[2026-01-20T04:10:17.722+0000] {subprocess.py:93} INFO - 26/01/20 04:10:17 INFO SecurityManager: Changing view acls to: root
[2026-01-20T04:10:17.724+0000] {subprocess.py:93} INFO - 26/01/20 04:10:17 INFO SecurityManager: Changing modify acls to: root
[2026-01-20T04:10:17.726+0000] {subprocess.py:93} INFO - 26/01/20 04:10:17 INFO SecurityManager: Changing view acls groups to:
[2026-01-20T04:10:17.726+0000] {subprocess.py:93} INFO - 26/01/20 04:10:17 INFO SecurityManager: Changing modify acls groups to:
[2026-01-20T04:10:17.727+0000] {subprocess.py:93} INFO - 26/01/20 04:10:17 INFO SecurityManager: SecurityManager: authentication disabled; ui acls disabled; users with view permissions: root; groups with view permissions: EMPTY; users with modify permissions: root; groups with modify permissions: EMPTY
[2026-01-20T04:10:18.102+0000] {subprocess.py:93} INFO - 26/01/20 04:10:18 INFO Utils: Successfully started service 'sparkDriver' on port 45629.
[2026-01-20T04:10:18.146+0000] {subprocess.py:93} INFO - 26/01/20 04:10:18 INFO SparkEnv: Registering MapOutputTracker
[2026-01-20T04:10:18.199+0000] {subprocess.py:93} INFO - 26/01/20 04:10:18 INFO SparkEnv: Registering BlockManagerMaster
[2026-01-20T04:10:18.224+0000] {subprocess.py:93} INFO - 26/01/20 04:10:18 INFO BlockManagerMasterEndpoint: Using org.apache.spark.storage.DefaultTopologyMapper for getting topology information
[2026-01-20T04:10:18.224+0000] {subprocess.py:93} INFO - 26/01/20 04:10:18 INFO BlockManagerMasterEndpoint: BlockManagerMasterEndpoint up
[2026-01-20T04:10:18.229+0000] {subprocess.py:93} INFO - 26/01/20 04:10:18 INFO SparkEnv: Registering BlockManagerMasterHeartbeat
[2026-01-20T04:10:18.263+0000] {subprocess.py:93} INFO - 26/01/20 04:10:18 INFO DiskBlockManager: Created local directory at /tmp/blockmgr-50c59ea2-8e80-4cbb-ab1e-06095ca2d340
[2026-01-20T04:10:18.287+0000] {subprocess.py:93} INFO - 26/01/20 04:10:18 INFO MemoryStore: MemoryStore started with capacity 434.4 MiB
[2026-01-20T04:10:18.312+0000] {subprocess.py:93} INFO - 26/01/20 04:10:18 INFO SparkEnv: Registering OutputCommitCoordinator
[2026-01-20T04:10:18.509+0000] {subprocess.py:93} INFO - 26/01/20 04:10:18 INFO JettyUtils: Start Jetty 0.0.0.0:4040 for SparkUI
[2026-01-20T04:10:18.618+0000] {subprocess.py:93} INFO - 26/01/20 04:10:18 INFO Utils: Successfully started service 'SparkUI' on port 4040.
[2026-01-20T04:10:18.770+0000] {subprocess.py:93} INFO - 26/01/20 04:10:18 INFO Executor: Starting executor ID driver on host 519d7d29de3d
[2026-01-20T04:10:18.771+0000] {subprocess.py:93} INFO - 26/01/20 04:10:18 INFO Executor: OS info Linux, 5.15.167.4-microsoft-standard-WSL2, amd64
[2026-01-20T04:10:18.772+0000] {subprocess.py:93} INFO - 26/01/20 04:10:18 INFO Executor: Java version 17.0.17
[2026-01-20T04:10:18.782+0000] {subprocess.py:93} INFO - 26/01/20 04:10:18 INFO Executor: Starting executor with user classpath (userClassPathFirst = false): ''
[2026-01-20T04:10:18.783+0000] {subprocess.py:93} INFO - 26/01/20 04:10:18 INFO Executor: Created or updated repl class loader org.apache.spark.util.MutableURLClassLoader@552ebc35 for default.
[2026-01-20T04:10:18.809+0000] {subprocess.py:93} INFO - 26/01/20 04:10:18 INFO Utils: Successfully started service 'org.apache.spark.network.netty.NettyBlockTransferService' on port 42183.
[2026-01-20T04:10:18.810+0000] {subprocess.py:93} INFO - 26/01/20 04:10:18 INFO NettyBlockTransferService: Server created on 519d7d29de3d:42183
[2026-01-20T04:10:18.812+0000] {subprocess.py:93} INFO - 26/01/20 04:10:18 INFO BlockManager: Using org.apache.spark.storage.RandomBlockReplicationPolicy for block replication policy
[2026-01-20T04:10:18.819+0000] {subprocess.py:93} INFO - 26/01/20 04:10:18 INFO BlockManagerMaster: Registering BlockManager BlockManagerId(driver, 519d7d29de3d, 42183, None)
[2026-01-20T04:10:18.824+0000] {subprocess.py:93} INFO - 26/01/20 04:10:18 INFO BlockManagerMasterEndpoint: Registering block manager 519d7d29de3d:42183 with 434.4 MiB RAM, BlockManagerId(driver, 519d7d29de3d, 42183, None)
[2026-01-20T04:10:18.830+0000] {subprocess.py:93} INFO - 26/01/20 04:10:18 INFO BlockManagerMaster: Registered BlockManager BlockManagerId(driver, 519d7d29de3d, 42183, None)
[2026-01-20T04:10:18.832+0000] {subprocess.py:93} INFO - 26/01/20 04:10:18 INFO BlockManager: Initialized BlockManager: BlockManagerId(driver, 519d7d29de3d, 42183, None)
[2026-01-20T04:10:19.388+0000] {subprocess.py:93} INFO - 26/01/20 04:10:19 INFO SharedState: Setting hive.metastore.warehouse.dir ('null') to the value of spark.sql.warehouse.dir.
[2026-01-20T04:10:19.400+0000] {subprocess.py:93} INFO - 26/01/20 04:10:19 INFO SharedState: Warehouse path is 'file:/tmp/***tmp6igl3v1g/spark-warehouse'.
[2026-01-20T04:10:20.538+0000] {subprocess.py:93} INFO - 26/01/20 04:10:20 INFO InMemoryFileIndex: It took 76 ms to list leaf files for 1 paths.
[2026-01-20T04:10:20.653+0000] {subprocess.py:93} INFO - 26/01/20 04:10:20 INFO InMemoryFileIndex: It took 14 ms to list leaf files for 1 paths.
[2026-01-20T04:10:23.539+0000] {subprocess.py:93} INFO - 26/01/20 04:10:23 INFO FileSourceStrategy: Pushed Filters:
[2026-01-20T04:10:23.554+0000] {subprocess.py:93} INFO - 26/01/20 04:10:23 INFO FileSourceStrategy: Post-Scan Filters:
[2026-01-20T04:10:23.891+0000] {subprocess.py:93} INFO - 26/01/20 04:10:23 INFO MemoryStore: Block broadcast_0 stored as values in memory (estimated size 199.2 KiB, free 434.2 MiB)
[2026-01-20T04:10:23.967+0000] {subprocess.py:93} INFO - 26/01/20 04:10:23 INFO MemoryStore: Block broadcast_0_piece0 stored as bytes in memory (estimated size 34.2 KiB, free 434.2 MiB)
[2026-01-20T04:10:23.972+0000] {subprocess.py:93} INFO - 26/01/20 04:10:23 INFO BlockManagerInfo: Added broadcast_0_piece0 in memory on 519d7d29de3d:42183 (size: 34.2 KiB, free: 434.4 MiB)
[2026-01-20T04:10:23.978+0000] {subprocess.py:93} INFO - 26/01/20 04:10:23 INFO SparkContext: Created broadcast 0 from json at NativeMethodAccessorImpl.java:0
[2026-01-20T04:10:23.989+0000] {subprocess.py:93} INFO - 26/01/20 04:10:23 INFO FileSourceScanExec: Planning scan with bin packing, max size: 4194304 bytes, open cost is considered as scanning 4194304 bytes.
[2026-01-20T04:10:24.184+0000] {subprocess.py:93} INFO - 26/01/20 04:10:24 INFO SparkContext: Starting job: json at NativeMethodAccessorImpl.java:0
[2026-01-20T04:10:24.216+0000] {subprocess.py:93} INFO - 26/01/20 04:10:24 INFO DAGScheduler: Got job 0 (json at NativeMethodAccessorImpl.java:0) with 13 output partitions
[2026-01-20T04:10:24.217+0000] {subprocess.py:93} INFO - 26/01/20 04:10:24 INFO DAGScheduler: Final stage: ResultStage 0 (json at NativeMethodAccessorImpl.java:0)
[2026-01-20T04:10:24.218+0000] {subprocess.py:93} INFO - 26/01/20 04:10:24 INFO DAGScheduler: Parents of final stage: List()
[2026-01-20T04:10:24.219+0000] {subprocess.py:93} INFO - 26/01/20 04:10:24 INFO DAGScheduler: Missing parents: List()
[2026-01-20T04:10:24.225+0000] {subprocess.py:93} INFO - 26/01/20 04:10:24 INFO DAGScheduler: Submitting ResultStage 0 (MapPartitionsRDD[3] at json at NativeMethodAccessorImpl.java:0), which has no missing parents
[2026-01-20T04:10:24.334+0000] {subprocess.py:93} INFO - 26/01/20 04:10:24 INFO MemoryStore: Block broadcast_1 stored as values in memory (estimated size 16.0 KiB, free 434.2 MiB)
[2026-01-20T04:10:24.337+0000] {subprocess.py:93} INFO - 26/01/20 04:10:24 INFO MemoryStore: Block broadcast_1_piece0 stored as bytes in memory (estimated size 7.5 KiB, free 434.1 MiB)
[2026-01-20T04:10:24.338+0000] {subprocess.py:93} INFO - 26/01/20 04:10:24 INFO BlockManagerInfo: Added broadcast_1_piece0 in memory on 519d7d29de3d:42183 (size: 7.5 KiB, free: 434.4 MiB)
[2026-01-20T04:10:24.338+0000] {subprocess.py:93} INFO - 26/01/20 04:10:24 INFO SparkContext: Created broadcast 1 from broadcast at DAGScheduler.scala:1580
[2026-01-20T04:10:24.358+0000] {subprocess.py:93} INFO - 26/01/20 04:10:24 INFO DAGScheduler: Submitting 13 missing tasks from ResultStage 0 (MapPartitionsRDD[3] at json at NativeMethodAccessorImpl.java:0) (first 15 tasks are for partitions Vector(0, 1, 2, 3, 4, 5, 6, 7, 8, 9, 10, 11, 12))
[2026-01-20T04:10:24.359+0000] {subprocess.py:93} INFO - 26/01/20 04:10:24 INFO TaskSchedulerImpl: Adding task set 0.0 with 13 tasks resource profile 0
[2026-01-20T04:10:24.413+0000] {subprocess.py:93} INFO - 26/01/20 04:10:24 INFO TaskSetManager: Starting task 0.0 in stage 0.0 (TID 0) (519d7d29de3d, executor driver, partition 0, PROCESS_LOCAL, 8251 bytes)
[2026-01-20T04:10:24.417+0000] {subprocess.py:93} INFO - 26/01/20 04:10:24 INFO TaskSetManager: Starting task 1.0 in stage 0.0 (TID 1) (519d7d29de3d, executor driver, partition 1, PROCESS_LOCAL, 8251 bytes)
[2026-01-20T04:10:24.418+0000] {subprocess.py:93} INFO - 26/01/20 04:10:24 INFO TaskSetManager: Starting task 2.0 in stage 0.0 (TID 2) (519d7d29de3d, executor driver, partition 2, PROCESS_LOCAL, 8251 bytes)
[2026-01-20T04:10:24.419+0000] {subprocess.py:93} INFO - 26/01/20 04:10:24 INFO TaskSetManager: Starting task 3.0 in stage 0.0 (TID 3) (519d7d29de3d, executor driver, partition 3, PROCESS_LOCAL, 8251 bytes)
[2026-01-20T04:10:24.420+0000] {subprocess.py:93} INFO - 26/01/20 04:10:24 INFO TaskSetManager: Starting task 4.0 in stage 0.0 (TID 4) (519d7d29de3d, executor driver, partition 4, PROCESS_LOCAL, 8251 bytes)
[2026-01-20T04:10:24.421+0000] {subprocess.py:93} INFO - 26/01/20 04:10:24 INFO TaskSetManager: Starting task 5.0 in stage 0.0 (TID 5) (519d7d29de3d, executor driver, partition 5, PROCESS_LOCAL, 8251 bytes)
[2026-01-20T04:10:24.422+0000] {subprocess.py:93} INFO - 26/01/20 04:10:24 INFO TaskSetManager: Starting task 6.0 in stage 0.0 (TID 6) (519d7d29de3d, executor driver, partition 6, PROCESS_LOCAL, 8251 bytes)
[2026-01-20T04:10:24.422+0000] {subprocess.py:93} INFO - 26/01/20 04:10:24 INFO TaskSetManager: Starting task 7.0 in stage 0.0 (TID 7) (519d7d29de3d, executor driver, partition 7, PROCESS_LOCAL, 8251 bytes)
[2026-01-20T04:10:24.423+0000] {subprocess.py:93} INFO - 26/01/20 04:10:24 INFO TaskSetManager: Starting task 8.0 in stage 0.0 (TID 8) (519d7d29de3d, executor driver, partition 8, PROCESS_LOCAL, 8251 bytes)
[2026-01-20T04:10:24.424+0000] {subprocess.py:93} INFO - 26/01/20 04:10:24 INFO TaskSetManager: Starting task 9.0 in stage 0.0 (TID 9) (519d7d29de3d, executor driver, partition 9, PROCESS_LOCAL, 8251 bytes)
[2026-01-20T04:10:24.425+0000] {subprocess.py:93} INFO - 26/01/20 04:10:24 INFO TaskSetManager: Starting task 10.0 in stage 0.0 (TID 10) (519d7d29de3d, executor driver, partition 10, PROCESS_LOCAL, 8251 bytes)
[2026-01-20T04:10:24.425+0000] {subprocess.py:93} INFO - 26/01/20 04:10:24 INFO TaskSetManager: Starting task 11.0 in stage 0.0 (TID 11) (519d7d29de3d, executor driver, partition 11, PROCESS_LOCAL, 8251 bytes)
[2026-01-20T04:10:24.426+0000] {subprocess.py:93} INFO - 26/01/20 04:10:24 INFO TaskSetManager: Starting task 12.0 in stage 0.0 (TID 12) (519d7d29de3d, executor driver, partition 12, PROCESS_LOCAL, 8251 bytes)
[2026-01-20T04:10:24.443+0000] {subprocess.py:93} INFO - 26/01/20 04:10:24 INFO Executor: Running task 5.0 in stage 0.0 (TID 5)
[2026-01-20T04:10:24.444+0000] {subprocess.py:93} INFO - 26/01/20 04:10:24 INFO Executor: Running task 0.0 in stage 0.0 (TID 0)
[2026-01-20T04:10:24.445+0000] {subprocess.py:93} INFO - 26/01/20 04:10:24 INFO Executor: Running task 2.0 in stage 0.0 (TID 2)
[2026-01-20T04:10:24.446+0000] {subprocess.py:93} INFO - 26/01/20 04:10:24 INFO Executor: Running task 4.0 in stage 0.0 (TID 4)
[2026-01-20T04:10:24.447+0000] {subprocess.py:93} INFO - 26/01/20 04:10:24 INFO Executor: Running task 3.0 in stage 0.0 (TID 3)
[2026-01-20T04:10:24.448+0000] {subprocess.py:93} INFO - 26/01/20 04:10:24 INFO Executor: Running task 6.0 in stage 0.0 (TID 6)
[2026-01-20T04:10:24.449+0000] {subprocess.py:93} INFO - 26/01/20 04:10:24 INFO Executor: Running task 1.0 in stage 0.0 (TID 1)
[2026-01-20T04:10:24.450+0000] {subprocess.py:93} INFO - 26/01/20 04:10:24 INFO Executor: Running task 7.0 in stage 0.0 (TID 7)
[2026-01-20T04:10:24.451+0000] {subprocess.py:93} INFO - 26/01/20 04:10:24 INFO Executor: Running task 8.0 in stage 0.0 (TID 8)
[2026-01-20T04:10:24.451+0000] {subprocess.py:93} INFO - 26/01/20 04:10:24 INFO Executor: Running task 9.0 in stage 0.0 (TID 9)
[2026-01-20T04:10:24.452+0000] {subprocess.py:93} INFO - 26/01/20 04:10:24 INFO Executor: Running task 10.0 in stage 0.0 (TID 10)
[2026-01-20T04:10:24.453+0000] {subprocess.py:93} INFO - 26/01/20 04:10:24 INFO Executor: Running task 11.0 in stage 0.0 (TID 11)
[2026-01-20T04:10:24.454+0000] {subprocess.py:93} INFO - 26/01/20 04:10:24 INFO Executor: Running task 12.0 in stage 0.0 (TID 12)
[2026-01-20T04:10:24.749+0000] {subprocess.py:93} INFO - 26/01/20 04:10:24 INFO FileScanRDD: Reading File path: file:///opt/spark-data/landing/transaction_events_1768879479.1820476.json, range: 37748736-41943040, partition values: [empty row]
[2026-01-20T04:10:24.750+0000] {subprocess.py:93} INFO - 26/01/20 04:10:24 INFO FileScanRDD: Reading File path: file:///opt/spark-data/landing/transaction_events_1768879479.1820476.json, range: 16777216-20971520, partition values: [empty row]
[2026-01-20T04:10:24.751+0000] {subprocess.py:93} INFO - 26/01/20 04:10:24 INFO FileScanRDD: Reading File path: file:///opt/spark-data/landing/transaction_events_1768879479.1820476.json, range: 50331648-51561162, partition values: [empty row]
[2026-01-20T04:10:24.752+0000] {subprocess.py:93} INFO - 26/01/20 04:10:24 INFO FileScanRDD: Reading File path: file:///opt/spark-data/landing/transaction_events_1768879479.1820476.json, range: 20971520-25165824, partition values: [empty row]
[2026-01-20T04:10:24.752+0000] {subprocess.py:93} INFO - 26/01/20 04:10:24 INFO FileScanRDD: Reading File path: file:///opt/spark-data/landing/transaction_events_1768879479.1820476.json, range: 29360128-33554432, partition values: [empty row]
[2026-01-20T04:10:24.753+0000] {subprocess.py:93} INFO - 26/01/20 04:10:24 INFO FileScanRDD: Reading File path: file:///opt/spark-data/landing/transaction_events_1768879479.1820476.json, range: 8388608-12582912, partition values: [empty row]
[2026-01-20T04:10:24.754+0000] {subprocess.py:93} INFO - 26/01/20 04:10:24 INFO FileScanRDD: Reading File path: file:///opt/spark-data/landing/transaction_events_1768879479.1820476.json, range: 41943040-46137344, partition values: [empty row]
[2026-01-20T04:10:24.755+0000] {subprocess.py:93} INFO - 26/01/20 04:10:24 INFO FileScanRDD: Reading File path: file:///opt/spark-data/landing/transaction_events_1768879479.1820476.json, range: 25165824-29360128, partition values: [empty row]
[2026-01-20T04:10:24.756+0000] {subprocess.py:93} INFO - 26/01/20 04:10:24 INFO FileScanRDD: Reading File path: file:///opt/spark-data/landing/transaction_events_1768879479.1820476.json, range: 46137344-50331648, partition values: [empty row]
[2026-01-20T04:10:24.756+0000] {subprocess.py:93} INFO - 26/01/20 04:10:24 INFO FileScanRDD: Reading File path: file:///opt/spark-data/landing/transaction_events_1768879479.1820476.json, range: 4194304-8388608, partition values: [empty row]
[2026-01-20T04:10:24.757+0000] {subprocess.py:93} INFO - 26/01/20 04:10:24 INFO FileScanRDD: Reading File path: file:///opt/spark-data/landing/transaction_events_1768879479.1820476.json, range: 33554432-37748736, partition values: [empty row]
[2026-01-20T04:10:24.758+0000] {subprocess.py:93} INFO - 26/01/20 04:10:24 INFO FileScanRDD: Reading File path: file:///opt/spark-data/landing/transaction_events_1768879479.1820476.json, range: 0-4194304, partition values: [empty row]
[2026-01-20T04:10:24.759+0000] {subprocess.py:93} INFO - 26/01/20 04:10:24 INFO FileScanRDD: Reading File path: file:///opt/spark-data/landing/transaction_events_1768879479.1820476.json, range: 12582912-16777216, partition values: [empty row]
[2026-01-20T04:10:25.090+0000] {subprocess.py:93} INFO - 26/01/20 04:10:25 INFO CodeGenerator: Code generated in 251.872709 ms
[2026-01-20T04:10:25.943+0000] {subprocess.py:93} INFO - 26/01/20 04:10:25 INFO Executor: Finished task 12.0 in stage 0.0 (TID 12). 3067 bytes result sent to driver
[2026-01-20T04:10:25.974+0000] {subprocess.py:93} INFO - 26/01/20 04:10:25 INFO TaskSetManager: Finished task 12.0 in stage 0.0 (TID 12) in 1547 ms on 519d7d29de3d (executor driver) (1/13)
[2026-01-20T04:10:26.195+0000] {subprocess.py:93} INFO - 26/01/20 04:10:26 INFO Executor: Finished task 7.0 in stage 0.0 (TID 7). 3067 bytes result sent to driver
[2026-01-20T04:10:26.197+0000] {subprocess.py:93} INFO - 26/01/20 04:10:26 INFO Executor: Finished task 1.0 in stage 0.0 (TID 1). 3067 bytes result sent to driver
[2026-01-20T04:10:26.199+0000] {subprocess.py:93} INFO - 26/01/20 04:10:26 INFO Executor: Finished task 9.0 in stage 0.0 (TID 9). 3024 bytes result sent to driver
[2026-01-20T04:10:26.204+0000] {subprocess.py:93} INFO - 26/01/20 04:10:26 INFO Executor: Finished task 0.0 in stage 0.0 (TID 0). 3067 bytes result sent to driver
[2026-01-20T04:10:26.209+0000] {subprocess.py:93} INFO - 26/01/20 04:10:26 INFO Executor: Finished task 11.0 in stage 0.0 (TID 11). 3024 bytes result sent to driver
[2026-01-20T04:10:26.210+0000] {subprocess.py:93} INFO - 26/01/20 04:10:26 INFO TaskSetManager: Finished task 1.0 in stage 0.0 (TID 1) in 1793 ms on 519d7d29de3d (executor driver) (2/13)
[2026-01-20T04:10:26.211+0000] {subprocess.py:93} INFO - 26/01/20 04:10:26 INFO Executor: Finished task 5.0 in stage 0.0 (TID 5). 3024 bytes result sent to driver
[2026-01-20T04:10:26.212+0000] {subprocess.py:93} INFO - 26/01/20 04:10:26 INFO Executor: Finished task 6.0 in stage 0.0 (TID 6). 3024 bytes result sent to driver
[2026-01-20T04:10:26.213+0000] {subprocess.py:93} INFO - 26/01/20 04:10:26 INFO TaskSetManager: Finished task 9.0 in stage 0.0 (TID 9) in 1788 ms on 519d7d29de3d (executor driver) (3/13)
[2026-01-20T04:10:26.214+0000] {subprocess.py:93} INFO - 26/01/20 04:10:26 INFO TaskSetManager: Finished task 7.0 in stage 0.0 (TID 7) in 1790 ms on 519d7d29de3d (executor driver) (4/13)
[2026-01-20T04:10:26.216+0000] {subprocess.py:93} INFO - 26/01/20 04:10:26 INFO Executor: Finished task 10.0 in stage 0.0 (TID 10). 3067 bytes result sent to driver
[2026-01-20T04:10:26.217+0000] {subprocess.py:93} INFO - 26/01/20 04:10:26 INFO TaskSetManager: Finished task 11.0 in stage 0.0 (TID 11) in 1792 ms on 519d7d29de3d (executor driver) (5/13)
[2026-01-20T04:10:26.219+0000] {subprocess.py:93} INFO - 26/01/20 04:10:26 INFO Executor: Finished task 2.0 in stage 0.0 (TID 2). 3024 bytes result sent to driver
[2026-01-20T04:10:26.220+0000] {subprocess.py:93} INFO - 26/01/20 04:10:26 INFO Executor: Finished task 4.0 in stage 0.0 (TID 4). 3024 bytes result sent to driver
[2026-01-20T04:10:26.221+0000] {subprocess.py:93} INFO - 26/01/20 04:10:26 INFO Executor: Finished task 3.0 in stage 0.0 (TID 3). 3024 bytes result sent to driver
[2026-01-20T04:10:26.222+0000] {subprocess.py:93} INFO - 26/01/20 04:10:26 INFO TaskSetManager: Finished task 6.0 in stage 0.0 (TID 6) in 1795 ms on 519d7d29de3d (executor driver) (6/13)
[2026-01-20T04:10:26.223+0000] {subprocess.py:93} INFO - 26/01/20 04:10:26 INFO Executor: Finished task 8.0 in stage 0.0 (TID 8). 3024 bytes result sent to driver
[2026-01-20T04:10:26.224+0000] {subprocess.py:93} INFO - 26/01/20 04:10:26 INFO TaskSetManager: Finished task 5.0 in stage 0.0 (TID 5) in 1797 ms on 519d7d29de3d (executor driver) (7/13)
[2026-01-20T04:10:26.226+0000] {subprocess.py:93} INFO - 26/01/20 04:10:26 INFO TaskSetManager: Finished task 0.0 in stage 0.0 (TID 0) in 1820 ms on 519d7d29de3d (executor driver) (8/13)
[2026-01-20T04:10:26.227+0000] {subprocess.py:93} INFO - 26/01/20 04:10:26 INFO TaskSetManager: Finished task 10.0 in stage 0.0 (TID 10) in 1795 ms on 519d7d29de3d (executor driver) (9/13)
[2026-01-20T04:10:26.228+0000] {subprocess.py:93} INFO - 26/01/20 04:10:26 INFO TaskSetManager: Finished task 4.0 in stage 0.0 (TID 4) in 1800 ms on 519d7d29de3d (executor driver) (10/13)
[2026-01-20T04:10:26.229+0000] {subprocess.py:93} INFO - 26/01/20 04:10:26 INFO TaskSetManager: Finished task 2.0 in stage 0.0 (TID 2) in 1803 ms on 519d7d29de3d (executor driver) (11/13)
[2026-01-20T04:10:26.229+0000] {subprocess.py:93} INFO - 26/01/20 04:10:26 INFO TaskSetManager: Finished task 3.0 in stage 0.0 (TID 3) in 1802 ms on 519d7d29de3d (executor driver) (12/13)
[2026-01-20T04:10:26.230+0000] {subprocess.py:93} INFO - 26/01/20 04:10:26 INFO TaskSetManager: Finished task 8.0 in stage 0.0 (TID 8) in 1801 ms on 519d7d29de3d (executor driver) (13/13)
[2026-01-20T04:10:26.231+0000] {subprocess.py:93} INFO - 26/01/20 04:10:26 INFO TaskSchedulerImpl: Removed TaskSet 0.0, whose tasks have all completed, from pool
[2026-01-20T04:10:26.232+0000] {subprocess.py:93} INFO - 26/01/20 04:10:26 INFO DAGScheduler: ResultStage 0 (json at NativeMethodAccessorImpl.java:0) finished in 1.983 s
[2026-01-20T04:10:26.236+0000] {subprocess.py:93} INFO - 26/01/20 04:10:26 INFO DAGScheduler: Job 0 is finished. Cancelling potential speculative or zombie tasks for this job
[2026-01-20T04:10:26.238+0000] {subprocess.py:93} INFO - 26/01/20 04:10:26 INFO TaskSchedulerImpl: Killing all running tasks in stage 0: Stage finished
[2026-01-20T04:10:26.241+0000] {subprocess.py:93} INFO - 26/01/20 04:10:26 INFO DAGScheduler: Job 0 finished: json at NativeMethodAccessorImpl.java:0, took 2.055977 s
[2026-01-20T04:10:26.414+0000] {subprocess.py:93} INFO - 26/01/20 04:10:26 INFO InMemoryFileIndex: It took 16 ms to list leaf files for 1 paths.
[2026-01-20T04:10:26.451+0000] {subprocess.py:93} INFO - 26/01/20 04:10:26 INFO InMemoryFileIndex: It took 16 ms to list leaf files for 1 paths.
[2026-01-20T04:10:26.507+0000] {subprocess.py:93} INFO - 26/01/20 04:10:26 INFO FileSourceStrategy: Pushed Filters:
[2026-01-20T04:10:26.508+0000] {subprocess.py:93} INFO - 26/01/20 04:10:26 INFO FileSourceStrategy: Post-Scan Filters:
[2026-01-20T04:10:26.516+0000] {subprocess.py:93} INFO - 26/01/20 04:10:26 INFO MemoryStore: Block broadcast_2 stored as values in memory (estimated size 199.2 KiB, free 434.0 MiB)
[2026-01-20T04:10:26.533+0000] {subprocess.py:93} INFO - 26/01/20 04:10:26 INFO MemoryStore: Block broadcast_2_piece0 stored as bytes in memory (estimated size 34.2 KiB, free 433.9 MiB)
[2026-01-20T04:10:26.535+0000] {subprocess.py:93} INFO - 26/01/20 04:10:26 INFO BlockManagerInfo: Added broadcast_2_piece0 in memory on 519d7d29de3d:42183 (size: 34.2 KiB, free: 434.3 MiB)
[2026-01-20T04:10:26.537+0000] {subprocess.py:93} INFO - 26/01/20 04:10:26 INFO SparkContext: Created broadcast 2 from json at NativeMethodAccessorImpl.java:0
[2026-01-20T04:10:26.538+0000] {subprocess.py:93} INFO - 26/01/20 04:10:26 INFO FileSourceScanExec: Planning scan with bin packing, max size: 4194304 bytes, open cost is considered as scanning 4194304 bytes.
[2026-01-20T04:10:26.555+0000] {subprocess.py:93} INFO - 26/01/20 04:10:26 INFO SparkContext: Starting job: json at NativeMethodAccessorImpl.java:0
[2026-01-20T04:10:26.557+0000] {subprocess.py:93} INFO - 26/01/20 04:10:26 INFO DAGScheduler: Got job 1 (json at NativeMethodAccessorImpl.java:0) with 8 output partitions
[2026-01-20T04:10:26.558+0000] {subprocess.py:93} INFO - 26/01/20 04:10:26 INFO DAGScheduler: Final stage: ResultStage 1 (json at NativeMethodAccessorImpl.java:0)
[2026-01-20T04:10:26.559+0000] {subprocess.py:93} INFO - 26/01/20 04:10:26 INFO DAGScheduler: Parents of final stage: List()
[2026-01-20T04:10:26.560+0000] {subprocess.py:93} INFO - 26/01/20 04:10:26 INFO DAGScheduler: Missing parents: List()
[2026-01-20T04:10:26.562+0000] {subprocess.py:93} INFO - 26/01/20 04:10:26 INFO DAGScheduler: Submitting ResultStage 1 (MapPartitionsRDD[7] at json at NativeMethodAccessorImpl.java:0), which has no missing parents
[2026-01-20T04:10:26.564+0000] {subprocess.py:93} INFO - 26/01/20 04:10:26 INFO MemoryStore: Block broadcast_3 stored as values in memory (estimated size 16.0 KiB, free 433.9 MiB)
[2026-01-20T04:10:26.567+0000] {subprocess.py:93} INFO - 26/01/20 04:10:26 INFO MemoryStore: Block broadcast_3_piece0 stored as bytes in memory (estimated size 7.5 KiB, free 433.9 MiB)
[2026-01-20T04:10:26.569+0000] {subprocess.py:93} INFO - 26/01/20 04:10:26 INFO BlockManagerInfo: Added broadcast_3_piece0 in memory on 519d7d29de3d:42183 (size: 7.5 KiB, free: 434.3 MiB)
[2026-01-20T04:10:26.570+0000] {subprocess.py:93} INFO - 26/01/20 04:10:26 INFO SparkContext: Created broadcast 3 from broadcast at DAGScheduler.scala:1580
[2026-01-20T04:10:26.571+0000] {subprocess.py:93} INFO - 26/01/20 04:10:26 INFO DAGScheduler: Submitting 8 missing tasks from ResultStage 1 (MapPartitionsRDD[7] at json at NativeMethodAccessorImpl.java:0) (first 15 tasks are for partitions Vector(0, 1, 2, 3, 4, 5, 6, 7))
[2026-01-20T04:10:26.572+0000] {subprocess.py:93} INFO - 26/01/20 04:10:26 INFO TaskSchedulerImpl: Adding task set 1.0 with 8 tasks resource profile 0
[2026-01-20T04:10:26.573+0000] {subprocess.py:93} INFO - 26/01/20 04:10:26 INFO TaskSetManager: Starting task 0.0 in stage 1.0 (TID 13) (519d7d29de3d, executor driver, partition 0, PROCESS_LOCAL, 8244 bytes)
[2026-01-20T04:10:26.574+0000] {subprocess.py:93} INFO - 26/01/20 04:10:26 INFO TaskSetManager: Starting task 1.0 in stage 1.0 (TID 14) (519d7d29de3d, executor driver, partition 1, PROCESS_LOCAL, 8244 bytes)
[2026-01-20T04:10:26.575+0000] {subprocess.py:93} INFO - 26/01/20 04:10:26 INFO TaskSetManager: Starting task 2.0 in stage 1.0 (TID 15) (519d7d29de3d, executor driver, partition 2, PROCESS_LOCAL, 8244 bytes)
[2026-01-20T04:10:26.576+0000] {subprocess.py:93} INFO - 26/01/20 04:10:26 INFO TaskSetManager: Starting task 3.0 in stage 1.0 (TID 16) (519d7d29de3d, executor driver, partition 3, PROCESS_LOCAL, 8244 bytes)
[2026-01-20T04:10:26.577+0000] {subprocess.py:93} INFO - 26/01/20 04:10:26 INFO TaskSetManager: Starting task 4.0 in stage 1.0 (TID 17) (519d7d29de3d, executor driver, partition 4, PROCESS_LOCAL, 8244 bytes)
[2026-01-20T04:10:26.578+0000] {subprocess.py:93} INFO - 26/01/20 04:10:26 INFO TaskSetManager: Starting task 5.0 in stage 1.0 (TID 18) (519d7d29de3d, executor driver, partition 5, PROCESS_LOCAL, 8244 bytes)
[2026-01-20T04:10:26.579+0000] {subprocess.py:93} INFO - 26/01/20 04:10:26 INFO TaskSetManager: Starting task 6.0 in stage 1.0 (TID 19) (519d7d29de3d, executor driver, partition 6, PROCESS_LOCAL, 8244 bytes)
[2026-01-20T04:10:26.580+0000] {subprocess.py:93} INFO - 26/01/20 04:10:26 INFO TaskSetManager: Starting task 7.0 in stage 1.0 (TID 20) (519d7d29de3d, executor driver, partition 7, PROCESS_LOCAL, 8244 bytes)
[2026-01-20T04:10:26.581+0000] {subprocess.py:93} INFO - 26/01/20 04:10:26 INFO Executor: Running task 0.0 in stage 1.0 (TID 13)
[2026-01-20T04:10:26.582+0000] {subprocess.py:93} INFO - 26/01/20 04:10:26 INFO Executor: Running task 3.0 in stage 1.0 (TID 16)
[2026-01-20T04:10:26.583+0000] {subprocess.py:93} INFO - 26/01/20 04:10:26 INFO Executor: Running task 2.0 in stage 1.0 (TID 15)
[2026-01-20T04:10:26.584+0000] {subprocess.py:93} INFO - 26/01/20 04:10:26 INFO Executor: Running task 1.0 in stage 1.0 (TID 14)
[2026-01-20T04:10:26.586+0000] {subprocess.py:93} INFO - 26/01/20 04:10:26 INFO Executor: Running task 5.0 in stage 1.0 (TID 18)
[2026-01-20T04:10:26.587+0000] {subprocess.py:93} INFO - 26/01/20 04:10:26 INFO Executor: Running task 6.0 in stage 1.0 (TID 19)
[2026-01-20T04:10:26.589+0000] {subprocess.py:93} INFO - 26/01/20 04:10:26 INFO Executor: Running task 7.0 in stage 1.0 (TID 20)
[2026-01-20T04:10:26.590+0000] {subprocess.py:93} INFO - 26/01/20 04:10:26 INFO Executor: Running task 4.0 in stage 1.0 (TID 17)
[2026-01-20T04:10:26.591+0000] {subprocess.py:93} INFO - 26/01/20 04:10:26 INFO FileScanRDD: Reading File path: file:///opt/spark-data/landing/user_events_1768879431.2231393.json, range: 8388608-12582912, partition values: [empty row]
[2026-01-20T04:10:26.592+0000] {subprocess.py:93} INFO - 26/01/20 04:10:26 INFO FileScanRDD: Reading File path: file:///opt/spark-data/landing/user_events_1768879431.2231393.json, range: 25165824-29360128, partition values: [empty row]
[2026-01-20T04:10:26.593+0000] {subprocess.py:93} INFO - 26/01/20 04:10:26 INFO FileScanRDD: Reading File path: file:///opt/spark-data/landing/user_events_1768879431.2231393.json, range: 12582912-16777216, partition values: [empty row]
[2026-01-20T04:10:26.594+0000] {subprocess.py:93} INFO - 26/01/20 04:10:26 INFO FileScanRDD: Reading File path: file:///opt/spark-data/landing/user_events_1768879431.2231393.json, range: 16777216-20971520, partition values: [empty row]
[2026-01-20T04:10:26.595+0000] {subprocess.py:93} INFO - 26/01/20 04:10:26 INFO FileScanRDD: Reading File path: file:///opt/spark-data/landing/user_events_1768879431.2231393.json, range: 20971520-25165824, partition values: [empty row]
[2026-01-20T04:10:26.596+0000] {subprocess.py:93} INFO - 26/01/20 04:10:26 INFO FileScanRDD: Reading File path: file:///opt/spark-data/landing/user_events_1768879431.2231393.json, range: 4194304-8388608, partition values: [empty row]
[2026-01-20T04:10:26.598+0000] {subprocess.py:93} INFO - 26/01/20 04:10:26 INFO FileScanRDD: Reading File path: file:///opt/spark-data/landing/user_events_1768879431.2231393.json, range: 0-4194304, partition values: [empty row]
[2026-01-20T04:10:26.599+0000] {subprocess.py:93} INFO - 26/01/20 04:10:26 INFO FileScanRDD: Reading File path: file:///opt/spark-data/landing/user_events_1768879431.2231393.json, range: 29360128-33532706, partition values: [empty row]
[2026-01-20T04:10:29.370+0000] {subprocess.py:93} INFO - 26/01/20 04:10:29 INFO Executor: Finished task 5.0 in stage 1.0 (TID 18). 2401 bytes result sent to driver
[2026-01-20T04:10:29.372+0000] {subprocess.py:93} INFO - 26/01/20 04:10:29 INFO Executor: Finished task 6.0 in stage 1.0 (TID 19). 2401 bytes result sent to driver
[2026-01-20T04:10:29.374+0000] {subprocess.py:93} INFO - 26/01/20 04:10:29 INFO TaskSetManager: Finished task 5.0 in stage 1.0 (TID 18) in 2799 ms on 519d7d29de3d (executor driver) (1/8)
[2026-01-20T04:10:29.375+0000] {subprocess.py:93} INFO - 26/01/20 04:10:29 INFO Executor: Finished task 0.0 in stage 1.0 (TID 13). 2444 bytes result sent to driver
[2026-01-20T04:10:29.377+0000] {subprocess.py:93} INFO - 26/01/20 04:10:29 INFO TaskSetManager: Finished task 6.0 in stage 1.0 (TID 19) in 2799 ms on 519d7d29de3d (executor driver) (2/8)
[2026-01-20T04:10:29.377+0000] {subprocess.py:93} INFO - 26/01/20 04:10:29 INFO Executor: Finished task 2.0 in stage 1.0 (TID 15). 2444 bytes result sent to driver
[2026-01-20T04:10:29.378+0000] {subprocess.py:93} INFO - 26/01/20 04:10:29 INFO Executor: Finished task 7.0 in stage 1.0 (TID 20). 2401 bytes result sent to driver
[2026-01-20T04:10:29.379+0000] {subprocess.py:93} INFO - 26/01/20 04:10:29 INFO TaskSetManager: Finished task 0.0 in stage 1.0 (TID 13) in 2806 ms on 519d7d29de3d (executor driver) (3/8)
[2026-01-20T04:10:29.380+0000] {subprocess.py:93} INFO - 26/01/20 04:10:29 INFO TaskSetManager: Finished task 2.0 in stage 1.0 (TID 15) in 2804 ms on 519d7d29de3d (executor driver) (4/8)
[2026-01-20T04:10:29.381+0000] {subprocess.py:93} INFO - 26/01/20 04:10:29 INFO Executor: Finished task 1.0 in stage 1.0 (TID 14). 2401 bytes result sent to driver
[2026-01-20T04:10:29.382+0000] {subprocess.py:93} INFO - 26/01/20 04:10:29 INFO Executor: Finished task 4.0 in stage 1.0 (TID 17). 2401 bytes result sent to driver
[2026-01-20T04:10:29.383+0000] {subprocess.py:93} INFO - 26/01/20 04:10:29 INFO TaskSetManager: Finished task 7.0 in stage 1.0 (TID 20) in 2804 ms on 519d7d29de3d (executor driver) (5/8)
[2026-01-20T04:10:29.384+0000] {subprocess.py:93} INFO - 26/01/20 04:10:29 INFO Executor: Finished task 3.0 in stage 1.0 (TID 16). 2401 bytes result sent to driver
[2026-01-20T04:10:29.385+0000] {subprocess.py:93} INFO - 26/01/20 04:10:29 INFO TaskSetManager: Finished task 1.0 in stage 1.0 (TID 14) in 2809 ms on 519d7d29de3d (executor driver) (6/8)
[2026-01-20T04:10:29.386+0000] {subprocess.py:93} INFO - 26/01/20 04:10:29 INFO TaskSetManager: Finished task 3.0 in stage 1.0 (TID 16) in 2809 ms on 519d7d29de3d (executor driver) (7/8)
[2026-01-20T04:10:29.387+0000] {subprocess.py:93} INFO - 26/01/20 04:10:29 INFO TaskSetManager: Finished task 4.0 in stage 1.0 (TID 17) in 2808 ms on 519d7d29de3d (executor driver) (8/8)
[2026-01-20T04:10:29.387+0000] {subprocess.py:93} INFO - 26/01/20 04:10:29 INFO TaskSchedulerImpl: Removed TaskSet 1.0, whose tasks have all completed, from pool
[2026-01-20T04:10:29.388+0000] {subprocess.py:93} INFO - 26/01/20 04:10:29 INFO DAGScheduler: ResultStage 1 (json at NativeMethodAccessorImpl.java:0) finished in 2.823 s
[2026-01-20T04:10:29.389+0000] {subprocess.py:93} INFO - 26/01/20 04:10:29 INFO DAGScheduler: Job 1 is finished. Cancelling potential speculative or zombie tasks for this job
[2026-01-20T04:10:29.390+0000] {subprocess.py:93} INFO - 26/01/20 04:10:29 INFO TaskSchedulerImpl: Killing all running tasks in stage 1: Stage finished
[2026-01-20T04:10:29.391+0000] {subprocess.py:93} INFO - 26/01/20 04:10:29 INFO DAGScheduler: Job 1 finished: json at NativeMethodAccessorImpl.java:0, took 0.642689 s
[2026-01-20T04:10:29.987+0000] {subprocess.py:93} INFO - 26/01/20 04:10:29 INFO FileSourceStrategy: Pushed Filters: IsNotNull(line_items),IsNotNull(user_id)
[2026-01-20T04:10:29.989+0000] {subprocess.py:93} INFO - 26/01/20 04:10:29 INFO FileSourceStrategy: Post-Scan Filters: (size(line_items#10, true) > 0),isnotnull(line_items#10),isnotnull(user_id#21)
[2026-01-20T04:10:29.996+0000] {subprocess.py:93} INFO - 26/01/20 04:10:29 INFO FileSourceStrategy: Pushed Filters: IsNotNull(user_id),IsNotNull(product_id)
[2026-01-20T04:10:29.997+0000] {subprocess.py:93} INFO - 26/01/20 04:10:29 INFO FileSourceStrategy: Post-Scan Filters: isnotnull(user_id#58),isnotnull(product_id#53)
[2026-01-20T04:10:30.128+0000] {subprocess.py:93} INFO - 26/01/20 04:10:30 WARN SparkStringUtils: Truncated the string representation of a plan since it was too large. This behavior can be adjusted by setting 'spark.sql.debug.maxToStringFields'.
[2026-01-20T04:10:30.438+0000] {subprocess.py:93} INFO - 26/01/20 04:10:30 INFO CodeGenerator: Code generated in 140.867823 ms
[2026-01-20T04:10:30.444+0000] {subprocess.py:93} INFO - 26/01/20 04:10:30 INFO MemoryStore: Block broadcast_4 stored as values in memory (estimated size 199.1 KiB, free 433.7 MiB)
[2026-01-20T04:10:30.456+0000] {subprocess.py:93} INFO - 26/01/20 04:10:30 INFO MemoryStore: Block broadcast_4_piece0 stored as bytes in memory (estimated size 34.2 KiB, free 433.7 MiB)
[2026-01-20T04:10:30.459+0000] {subprocess.py:93} INFO - 26/01/20 04:10:30 INFO BlockManagerInfo: Added broadcast_4_piece0 in memory on 519d7d29de3d:42183 (size: 34.2 KiB, free: 434.3 MiB)
[2026-01-20T04:10:30.461+0000] {subprocess.py:93} INFO - 26/01/20 04:10:30 INFO SparkContext: Created broadcast 4 from showString at NativeMethodAccessorImpl.java:0
[2026-01-20T04:10:30.467+0000] {subprocess.py:93} INFO - 26/01/20 04:10:30 INFO FileSourceScanExec: Planning scan with bin packing, max size: 4194304 bytes, open cost is considered as scanning 4194304 bytes.
[2026-01-20T04:10:30.512+0000] {subprocess.py:93} INFO - 26/01/20 04:10:30 INFO DAGScheduler: Registering RDD 11 (showString at NativeMethodAccessorImpl.java:0) as input to shuffle 0
[2026-01-20T04:10:30.529+0000] {subprocess.py:93} INFO - 26/01/20 04:10:30 INFO DAGScheduler: Got map stage job 2 (showString at NativeMethodAccessorImpl.java:0) with 13 output partitions
[2026-01-20T04:10:30.530+0000] {subprocess.py:93} INFO - 26/01/20 04:10:30 INFO DAGScheduler: Final stage: ShuffleMapStage 2 (showString at NativeMethodAccessorImpl.java:0)
[2026-01-20T04:10:30.531+0000] {subprocess.py:93} INFO - 26/01/20 04:10:30 INFO DAGScheduler: Parents of final stage: List()
[2026-01-20T04:10:30.532+0000] {subprocess.py:93} INFO - 26/01/20 04:10:30 INFO DAGScheduler: Missing parents: List()
[2026-01-20T04:10:30.533+0000] {subprocess.py:93} INFO - 26/01/20 04:10:30 INFO DAGScheduler: Submitting ShuffleMapStage 2 (MapPartitionsRDD[11] at showString at NativeMethodAccessorImpl.java:0), which has no missing parents
[2026-01-20T04:10:30.561+0000] {subprocess.py:93} INFO - 26/01/20 04:10:30 INFO CodeGenerator: Code generated in 33.045328 ms
[2026-01-20T04:10:30.568+0000] {subprocess.py:93} INFO - 26/01/20 04:10:30 INFO MemoryStore: Block broadcast_5 stored as values in memory (estimated size 199.1 KiB, free 433.5 MiB)
[2026-01-20T04:10:30.569+0000] {subprocess.py:93} INFO - 26/01/20 04:10:30 INFO BlockManagerInfo: Removed broadcast_2_piece0 on 519d7d29de3d:42183 in memory (size: 34.2 KiB, free: 434.3 MiB)
[2026-01-20T04:10:30.584+0000] {subprocess.py:93} INFO - 26/01/20 04:10:30 INFO MemoryStore: Block broadcast_5_piece0 stored as bytes in memory (estimated size 34.2 KiB, free 433.7 MiB)
[2026-01-20T04:10:30.586+0000] {subprocess.py:93} INFO - 26/01/20 04:10:30 INFO BlockManagerInfo: Removed broadcast_3_piece0 on 519d7d29de3d:42183 in memory (size: 7.5 KiB, free: 434.3 MiB)
[2026-01-20T04:10:30.587+0000] {subprocess.py:93} INFO - 26/01/20 04:10:30 INFO BlockManagerInfo: Added broadcast_5_piece0 in memory on 519d7d29de3d:42183 (size: 34.2 KiB, free: 434.3 MiB)
[2026-01-20T04:10:30.588+0000] {subprocess.py:93} INFO - 26/01/20 04:10:30 INFO SparkContext: Created broadcast 5 from showString at NativeMethodAccessorImpl.java:0
[2026-01-20T04:10:30.591+0000] {subprocess.py:93} INFO - 26/01/20 04:10:30 INFO FileSourceScanExec: Planning scan with bin packing, max size: 4194304 bytes, open cost is considered as scanning 4194304 bytes.
[2026-01-20T04:10:30.596+0000] {subprocess.py:93} INFO - 26/01/20 04:10:30 INFO MemoryStore: Block broadcast_6 stored as values in memory (estimated size 44.3 KiB, free 433.7 MiB)
[2026-01-20T04:10:30.599+0000] {subprocess.py:93} INFO - 26/01/20 04:10:30 INFO MemoryStore: Block broadcast_6_piece0 stored as bytes in memory (estimated size 16.6 KiB, free 433.6 MiB)
[2026-01-20T04:10:30.600+0000] {subprocess.py:93} INFO - 26/01/20 04:10:30 INFO BlockManagerInfo: Added broadcast_6_piece0 in memory on 519d7d29de3d:42183 (size: 16.6 KiB, free: 434.3 MiB)
[2026-01-20T04:10:30.602+0000] {subprocess.py:93} INFO - 26/01/20 04:10:30 INFO SparkContext: Created broadcast 6 from broadcast at DAGScheduler.scala:1580
[2026-01-20T04:10:30.605+0000] {subprocess.py:93} INFO - 26/01/20 04:10:30 INFO DAGScheduler: Submitting 13 missing tasks from ShuffleMapStage 2 (MapPartitionsRDD[11] at showString at NativeMethodAccessorImpl.java:0) (first 15 tasks are for partitions Vector(0, 1, 2, 3, 4, 5, 6, 7, 8, 9, 10, 11, 12))
[2026-01-20T04:10:30.606+0000] {subprocess.py:93} INFO - 26/01/20 04:10:30 INFO TaskSchedulerImpl: Adding task set 2.0 with 13 tasks resource profile 0
[2026-01-20T04:10:30.610+0000] {subprocess.py:93} INFO - 26/01/20 04:10:30 INFO DAGScheduler: Registering RDD 15 (showString at NativeMethodAccessorImpl.java:0) as input to shuffle 1
[2026-01-20T04:10:30.611+0000] {subprocess.py:93} INFO - 26/01/20 04:10:30 INFO DAGScheduler: Got map stage job 3 (showString at NativeMethodAccessorImpl.java:0) with 8 output partitions
[2026-01-20T04:10:30.613+0000] {subprocess.py:93} INFO - 26/01/20 04:10:30 INFO TaskSetManager: Starting task 0.0 in stage 2.0 (TID 21) (519d7d29de3d, executor driver, partition 0, PROCESS_LOCAL, 8240 bytes)
[2026-01-20T04:10:30.613+0000] {subprocess.py:93} INFO - 26/01/20 04:10:30 INFO DAGScheduler: Final stage: ShuffleMapStage 3 (showString at NativeMethodAccessorImpl.java:0)
[2026-01-20T04:10:30.614+0000] {subprocess.py:93} INFO - 26/01/20 04:10:30 INFO DAGScheduler: Parents of final stage: List()
[2026-01-20T04:10:30.615+0000] {subprocess.py:93} INFO - 26/01/20 04:10:30 INFO DAGScheduler: Missing parents: List()
[2026-01-20T04:10:30.617+0000] {subprocess.py:93} INFO - 26/01/20 04:10:30 INFO TaskSetManager: Starting task 1.0 in stage 2.0 (TID 22) (519d7d29de3d, executor driver, partition 1, PROCESS_LOCAL, 8240 bytes)
[2026-01-20T04:10:30.618+0000] {subprocess.py:93} INFO - 26/01/20 04:10:30 INFO DAGScheduler: Submitting ShuffleMapStage 3 (MapPartitionsRDD[15] at showString at NativeMethodAccessorImpl.java:0), which has no missing parents
[2026-01-20T04:10:30.619+0000] {subprocess.py:93} INFO - 26/01/20 04:10:30 INFO TaskSetManager: Starting task 2.0 in stage 2.0 (TID 23) (519d7d29de3d, executor driver, partition 2, PROCESS_LOCAL, 8240 bytes)
[2026-01-20T04:10:30.620+0000] {subprocess.py:93} INFO - 26/01/20 04:10:30 INFO TaskSetManager: Starting task 3.0 in stage 2.0 (TID 24) (519d7d29de3d, executor driver, partition 3, PROCESS_LOCAL, 8240 bytes)
[2026-01-20T04:10:30.622+0000] {subprocess.py:93} INFO - 26/01/20 04:10:30 INFO TaskSetManager: Starting task 4.0 in stage 2.0 (TID 25) (519d7d29de3d, executor driver, partition 4, PROCESS_LOCAL, 8240 bytes)
[2026-01-20T04:10:30.623+0000] {subprocess.py:93} INFO - 26/01/20 04:10:30 INFO TaskSetManager: Starting task 5.0 in stage 2.0 (TID 26) (519d7d29de3d, executor driver, partition 5, PROCESS_LOCAL, 8240 bytes)
[2026-01-20T04:10:30.623+0000] {subprocess.py:93} INFO - 26/01/20 04:10:30 INFO TaskSetManager: Starting task 6.0 in stage 2.0 (TID 27) (519d7d29de3d, executor driver, partition 6, PROCESS_LOCAL, 8240 bytes)
[2026-01-20T04:10:30.624+0000] {subprocess.py:93} INFO - 26/01/20 04:10:30 INFO TaskSetManager: Starting task 7.0 in stage 2.0 (TID 28) (519d7d29de3d, executor driver, partition 7, PROCESS_LOCAL, 8240 bytes)
[2026-01-20T04:10:30.625+0000] {subprocess.py:93} INFO - 26/01/20 04:10:30 INFO TaskSetManager: Starting task 8.0 in stage 2.0 (TID 29) (519d7d29de3d, executor driver, partition 8, PROCESS_LOCAL, 8240 bytes)
[2026-01-20T04:10:30.628+0000] {subprocess.py:93} INFO - 26/01/20 04:10:30 INFO MemoryStore: Block broadcast_7 stored as values in memory (estimated size 23.3 KiB, free 433.6 MiB)
[2026-01-20T04:10:30.629+0000] {subprocess.py:93} INFO - 26/01/20 04:10:30 INFO TaskSetManager: Starting task 9.0 in stage 2.0 (TID 30) (519d7d29de3d, executor driver, partition 9, PROCESS_LOCAL, 8240 bytes)
[2026-01-20T04:10:30.630+0000] {subprocess.py:93} INFO - 26/01/20 04:10:30 INFO TaskSetManager: Starting task 10.0 in stage 2.0 (TID 31) (519d7d29de3d, executor driver, partition 10, PROCESS_LOCAL, 8240 bytes)
[2026-01-20T04:10:30.633+0000] {subprocess.py:93} INFO - 26/01/20 04:10:30 INFO TaskSetManager: Starting task 11.0 in stage 2.0 (TID 32) (519d7d29de3d, executor driver, partition 11, PROCESS_LOCAL, 8240 bytes)
[2026-01-20T04:10:30.634+0000] {subprocess.py:93} INFO - 26/01/20 04:10:30 INFO TaskSetManager: Starting task 12.0 in stage 2.0 (TID 33) (519d7d29de3d, executor driver, partition 12, PROCESS_LOCAL, 8240 bytes)
[2026-01-20T04:10:30.635+0000] {subprocess.py:93} INFO - 26/01/20 04:10:30 INFO MemoryStore: Block broadcast_7_piece0 stored as bytes in memory (estimated size 9.8 KiB, free 433.6 MiB)
[2026-01-20T04:10:30.637+0000] {subprocess.py:93} INFO - 26/01/20 04:10:30 INFO Executor: Running task 1.0 in stage 2.0 (TID 22)
[2026-01-20T04:10:30.638+0000] {subprocess.py:93} INFO - 26/01/20 04:10:30 INFO Executor: Running task 3.0 in stage 2.0 (TID 24)
[2026-01-20T04:10:30.639+0000] {subprocess.py:93} INFO - 26/01/20 04:10:30 INFO Executor: Running task 4.0 in stage 2.0 (TID 25)
[2026-01-20T04:10:30.641+0000] {subprocess.py:93} INFO - 26/01/20 04:10:30 INFO Executor: Running task 5.0 in stage 2.0 (TID 26)
[2026-01-20T04:10:30.642+0000] {subprocess.py:93} INFO - 26/01/20 04:10:30 INFO Executor: Running task 6.0 in stage 2.0 (TID 27)
[2026-01-20T04:10:30.644+0000] {subprocess.py:93} INFO - 26/01/20 04:10:30 INFO Executor: Running task 7.0 in stage 2.0 (TID 28)
[2026-01-20T04:10:30.647+0000] {subprocess.py:93} INFO - 26/01/20 04:10:30 INFO BlockManagerInfo: Added broadcast_7_piece0 in memory on 519d7d29de3d:42183 (size: 9.8 KiB, free: 434.3 MiB)
[2026-01-20T04:10:30.650+0000] {subprocess.py:93} INFO - 26/01/20 04:10:30 INFO Executor: Running task 8.0 in stage 2.0 (TID 29)
[2026-01-20T04:10:30.654+0000] {subprocess.py:93} INFO - 26/01/20 04:10:30 INFO Executor: Running task 10.0 in stage 2.0 (TID 31)
[2026-01-20T04:10:30.655+0000] {subprocess.py:93} INFO - 26/01/20 04:10:30 INFO Executor: Running task 11.0 in stage 2.0 (TID 32)
[2026-01-20T04:10:30.657+0000] {subprocess.py:93} INFO - 26/01/20 04:10:30 INFO Executor: Running task 2.0 in stage 2.0 (TID 23)
[2026-01-20T04:10:30.658+0000] {subprocess.py:93} INFO - 26/01/20 04:10:30 INFO Executor: Running task 9.0 in stage 2.0 (TID 30)
[2026-01-20T04:10:30.660+0000] {subprocess.py:93} INFO - 26/01/20 04:10:30 INFO Executor: Running task 0.0 in stage 2.0 (TID 21)
[2026-01-20T04:10:30.661+0000] {subprocess.py:93} INFO - 26/01/20 04:10:30 INFO Executor: Running task 12.0 in stage 2.0 (TID 33)
[2026-01-20T04:10:30.662+0000] {subprocess.py:93} INFO - 26/01/20 04:10:30 INFO SparkContext: Created broadcast 7 from broadcast at DAGScheduler.scala:1580
[2026-01-20T04:10:30.663+0000] {subprocess.py:93} INFO - 26/01/20 04:10:30 INFO DAGScheduler: Submitting 8 missing tasks from ShuffleMapStage 3 (MapPartitionsRDD[15] at showString at NativeMethodAccessorImpl.java:0) (first 15 tasks are for partitions Vector(0, 1, 2, 3, 4, 5, 6, 7))
[2026-01-20T04:10:30.664+0000] {subprocess.py:93} INFO - 26/01/20 04:10:30 INFO TaskSchedulerImpl: Adding task set 3.0 with 8 tasks resource profile 0
[2026-01-20T04:10:30.665+0000] {subprocess.py:93} INFO - 26/01/20 04:10:30 INFO TaskSetManager: Starting task 0.0 in stage 3.0 (TID 34) (519d7d29de3d, executor driver, partition 0, PROCESS_LOCAL, 8233 bytes)
[2026-01-20T04:10:30.666+0000] {subprocess.py:93} INFO - 26/01/20 04:10:30 INFO TaskSetManager: Starting task 1.0 in stage 3.0 (TID 35) (519d7d29de3d, executor driver, partition 1, PROCESS_LOCAL, 8233 bytes)
[2026-01-20T04:10:30.667+0000] {subprocess.py:93} INFO - 26/01/20 04:10:30 INFO TaskSetManager: Starting task 2.0 in stage 3.0 (TID 36) (519d7d29de3d, executor driver, partition 2, PROCESS_LOCAL, 8233 bytes)
[2026-01-20T04:10:30.668+0000] {subprocess.py:93} INFO - 26/01/20 04:10:30 INFO TaskSetManager: Starting task 3.0 in stage 3.0 (TID 37) (519d7d29de3d, executor driver, partition 3, PROCESS_LOCAL, 8233 bytes)
[2026-01-20T04:10:30.669+0000] {subprocess.py:93} INFO - 26/01/20 04:10:30 INFO TaskSetManager: Starting task 4.0 in stage 3.0 (TID 38) (519d7d29de3d, executor driver, partition 4, PROCESS_LOCAL, 8233 bytes)
[2026-01-20T04:10:30.669+0000] {subprocess.py:93} INFO - 26/01/20 04:10:30 INFO TaskSetManager: Starting task 5.0 in stage 3.0 (TID 39) (519d7d29de3d, executor driver, partition 5, PROCESS_LOCAL, 8233 bytes)
[2026-01-20T04:10:30.670+0000] {subprocess.py:93} INFO - 26/01/20 04:10:30 INFO TaskSetManager: Starting task 6.0 in stage 3.0 (TID 40) (519d7d29de3d, executor driver, partition 6, PROCESS_LOCAL, 8233 bytes)
[2026-01-20T04:10:30.671+0000] {subprocess.py:93} INFO - 26/01/20 04:10:30 INFO Executor: Running task 0.0 in stage 3.0 (TID 34)
[2026-01-20T04:10:30.672+0000] {subprocess.py:93} INFO - 26/01/20 04:10:30 INFO Executor: Running task 1.0 in stage 3.0 (TID 35)
[2026-01-20T04:10:30.674+0000] {subprocess.py:93} INFO - 26/01/20 04:10:30 INFO Executor: Running task 2.0 in stage 3.0 (TID 36)
[2026-01-20T04:10:30.675+0000] {subprocess.py:93} INFO - 26/01/20 04:10:30 INFO Executor: Running task 4.0 in stage 3.0 (TID 38)
[2026-01-20T04:10:30.676+0000] {subprocess.py:93} INFO - 26/01/20 04:10:30 INFO Executor: Running task 5.0 in stage 3.0 (TID 39)
[2026-01-20T04:10:30.677+0000] {subprocess.py:93} INFO - 26/01/20 04:10:30 INFO Executor: Running task 3.0 in stage 3.0 (TID 37)
[2026-01-20T04:10:30.678+0000] {subprocess.py:93} INFO - 26/01/20 04:10:30 INFO Executor: Running task 6.0 in stage 3.0 (TID 40)
[2026-01-20T04:10:30.700+0000] {subprocess.py:93} INFO - 26/01/20 04:10:30 INFO CodeGenerator: Code generated in 34.268297 ms
[2026-01-20T04:10:30.745+0000] {subprocess.py:93} INFO - 26/01/20 04:10:30 INFO CodeGenerator: Code generated in 25.766112 ms
[2026-01-20T04:10:30.754+0000] {subprocess.py:93} INFO - 26/01/20 04:10:30 INFO CodeGenerator: Code generated in 87.927315 ms
[2026-01-20T04:10:30.777+0000] {subprocess.py:93} INFO - 26/01/20 04:10:30 INFO FileScanRDD: Reading File path: file:///opt/spark-data/landing/user_events_1768879431.2231393.json, range: 0-4194304, partition values: [empty row]
[2026-01-20T04:10:30.778+0000] {subprocess.py:93} INFO - 26/01/20 04:10:30 INFO FileScanRDD: Reading File path: file:///opt/spark-data/landing/user_events_1768879431.2231393.json, range: 8388608-12582912, partition values: [empty row]
[2026-01-20T04:10:30.781+0000] {subprocess.py:93} INFO - 26/01/20 04:10:30 INFO FileScanRDD: Reading File path: file:///opt/spark-data/landing/user_events_1768879431.2231393.json, range: 20971520-25165824, partition values: [empty row]
[2026-01-20T04:10:30.783+0000] {subprocess.py:93} INFO - 26/01/20 04:10:30 INFO FileScanRDD: Reading File path: file:///opt/spark-data/landing/user_events_1768879431.2231393.json, range: 25165824-29360128, partition values: [empty row]
[2026-01-20T04:10:30.785+0000] {subprocess.py:93} INFO - 26/01/20 04:10:30 INFO FileScanRDD: Reading File path: file:///opt/spark-data/landing/user_events_1768879431.2231393.json, range: 4194304-8388608, partition values: [empty row]
[2026-01-20T04:10:30.786+0000] {subprocess.py:93} INFO - 26/01/20 04:10:30 INFO FileScanRDD: Reading File path: file:///opt/spark-data/landing/user_events_1768879431.2231393.json, range: 16777216-20971520, partition values: [empty row]
[2026-01-20T04:10:30.788+0000] {subprocess.py:93} INFO - 26/01/20 04:10:30 INFO FileScanRDD: Reading File path: file:///opt/spark-data/landing/user_events_1768879431.2231393.json, range: 12582912-16777216, partition values: [empty row]
[2026-01-20T04:10:30.790+0000] {subprocess.py:93} INFO - 26/01/20 04:10:30 INFO CodeGenerator: Code generated in 24.305583 ms
[2026-01-20T04:10:30.797+0000] {subprocess.py:93} INFO - 26/01/20 04:10:30 INFO FileScanRDD: Reading File path: file:///opt/spark-data/landing/transaction_events_1768879479.1820476.json, range: 20971520-25165824, partition values: [empty row]
[2026-01-20T04:10:30.799+0000] {subprocess.py:93} INFO - 26/01/20 04:10:30 INFO FileScanRDD: Reading File path: file:///opt/spark-data/landing/transaction_events_1768879479.1820476.json, range: 8388608-12582912, partition values: [empty row]
[2026-01-20T04:10:30.800+0000] {subprocess.py:93} INFO - 26/01/20 04:10:30 INFO FileScanRDD: Reading File path: file:///opt/spark-data/landing/transaction_events_1768879479.1820476.json, range: 46137344-50331648, partition values: [empty row]
[2026-01-20T04:10:30.802+0000] {subprocess.py:93} INFO - 26/01/20 04:10:30 INFO FileScanRDD: Reading File path: file:///opt/spark-data/landing/transaction_events_1768879479.1820476.json, range: 29360128-33554432, partition values: [empty row]
[2026-01-20T04:10:30.803+0000] {subprocess.py:93} INFO - 26/01/20 04:10:30 INFO FileScanRDD: Reading File path: file:///opt/spark-data/landing/transaction_events_1768879479.1820476.json, range: 25165824-29360128, partition values: [empty row]
[2026-01-20T04:10:30.805+0000] {subprocess.py:93} INFO - 26/01/20 04:10:30 INFO FileScanRDD: Reading File path: file:///opt/spark-data/landing/transaction_events_1768879479.1820476.json, range: 4194304-8388608, partition values: [empty row]
[2026-01-20T04:10:30.809+0000] {subprocess.py:93} INFO - 26/01/20 04:10:30 INFO FileScanRDD: Reading File path: file:///opt/spark-data/landing/transaction_events_1768879479.1820476.json, range: 50331648-51561162, partition values: [empty row]
[2026-01-20T04:10:30.810+0000] {subprocess.py:93} INFO - 26/01/20 04:10:30 INFO FileScanRDD: Reading File path: file:///opt/spark-data/landing/transaction_events_1768879479.1820476.json, range: 12582912-16777216, partition values: [empty row]
[2026-01-20T04:10:30.811+0000] {subprocess.py:93} INFO - 26/01/20 04:10:30 INFO FileScanRDD: Reading File path: file:///opt/spark-data/landing/transaction_events_1768879479.1820476.json, range: 37748736-41943040, partition values: [empty row]
[2026-01-20T04:10:30.813+0000] {subprocess.py:93} INFO - 26/01/20 04:10:30 INFO FileScanRDD: Reading File path: file:///opt/spark-data/landing/transaction_events_1768879479.1820476.json, range: 16777216-20971520, partition values: [empty row]
[2026-01-20T04:10:30.816+0000] {subprocess.py:93} INFO - 26/01/20 04:10:30 INFO FileScanRDD: Reading File path: file:///opt/spark-data/landing/transaction_events_1768879479.1820476.json, range: 41943040-46137344, partition values: [empty row]
[2026-01-20T04:10:30.821+0000] {subprocess.py:93} INFO - 26/01/20 04:10:30 INFO FileScanRDD: Reading File path: file:///opt/spark-data/landing/transaction_events_1768879479.1820476.json, range: 0-4194304, partition values: [empty row]
[2026-01-20T04:10:30.824+0000] {subprocess.py:93} INFO - 26/01/20 04:10:30 INFO FileScanRDD: Reading File path: file:///opt/spark-data/landing/transaction_events_1768879479.1820476.json, range: 33554432-37748736, partition values: [empty row]
[2026-01-20T04:10:30.829+0000] {subprocess.py:93} INFO - 26/01/20 04:10:30 INFO CodeGenerator: Code generated in 37.511657 ms
[2026-01-20T04:10:30.885+0000] {subprocess.py:93} INFO - 26/01/20 04:10:30 INFO CodeGenerator: Code generated in 10.022932 ms
[2026-01-20T04:10:30.899+0000] {subprocess.py:93} INFO - 26/01/20 04:10:30 INFO CodeGenerator: Code generated in 8.474185 ms
[2026-01-20T04:10:30.929+0000] {subprocess.py:93} INFO - 26/01/20 04:10:30 INFO CodeGenerator: Code generated in 95.170933 ms
[2026-01-20T04:10:30.947+0000] {subprocess.py:93} INFO - 26/01/20 04:10:30 INFO CodeGenerator: Code generated in 10.075826 ms
[2026-01-20T04:10:30.963+0000] {subprocess.py:93} INFO - 26/01/20 04:10:30 INFO CodeGenerator: Code generated in 11.576383 ms
[2026-01-20T04:10:31.579+0000] {subprocess.py:93} INFO - 26/01/20 04:10:31 INFO BlockManagerInfo: Removed broadcast_1_piece0 on 519d7d29de3d:42183 in memory (size: 7.5 KiB, free: 434.3 MiB)
[2026-01-20T04:10:31.693+0000] {subprocess.py:93} INFO - 26/01/20 04:10:31 INFO BlockManagerInfo: Removed broadcast_0_piece0 on 519d7d29de3d:42183 in memory (size: 34.2 KiB, free: 434.3 MiB)
[2026-01-20T04:10:33.299+0000] {subprocess.py:93} INFO - 26/01/20 04:10:33 INFO Executor: Finished task 12.0 in stage 2.0 (TID 33). 2243 bytes result sent to driver
[2026-01-20T04:10:33.316+0000] {subprocess.py:93} INFO - 26/01/20 04:10:33 INFO TaskSetManager: Starting task 7.0 in stage 3.0 (TID 41) (519d7d29de3d, executor driver, partition 7, PROCESS_LOCAL, 8233 bytes)
[2026-01-20T04:10:33.326+0000] {subprocess.py:93} INFO - 26/01/20 04:10:33 INFO TaskSetManager: Finished task 12.0 in stage 2.0 (TID 33) in 2687 ms on 519d7d29de3d (executor driver) (1/13)
[2026-01-20T04:10:33.330+0000] {subprocess.py:93} INFO - 26/01/20 04:10:33 INFO Executor: Running task 7.0 in stage 3.0 (TID 41)
[2026-01-20T04:10:33.349+0000] {subprocess.py:93} INFO - 26/01/20 04:10:33 INFO FileScanRDD: Reading File path: file:///opt/spark-data/landing/user_events_1768879431.2231393.json, range: 29360128-33532706, partition values: [empty row]
[2026-01-20T04:10:34.928+0000] {subprocess.py:93} INFO - 26/01/20 04:10:34 INFO Executor: Finished task 0.0 in stage 3.0 (TID 34). 2131 bytes result sent to driver
[2026-01-20T04:10:34.942+0000] {subprocess.py:93} INFO - 26/01/20 04:10:34 INFO Executor: Finished task 3.0 in stage 3.0 (TID 37). 2088 bytes result sent to driver
[2026-01-20T04:10:34.960+0000] {subprocess.py:93} INFO - 26/01/20 04:10:34 INFO Executor: Finished task 5.0 in stage 3.0 (TID 39). 2131 bytes result sent to driver
[2026-01-20T04:10:34.976+0000] {subprocess.py:93} INFO - 26/01/20 04:10:34 INFO TaskSetManager: Finished task 5.0 in stage 3.0 (TID 39) in 4337 ms on 519d7d29de3d (executor driver) (1/8)
[2026-01-20T04:10:34.989+0000] {subprocess.py:93} INFO - 26/01/20 04:10:34 INFO TaskSetManager: Finished task 0.0 in stage 3.0 (TID 34) in 4354 ms on 519d7d29de3d (executor driver) (2/8)
[2026-01-20T04:10:34.993+0000] {subprocess.py:93} INFO - 26/01/20 04:10:34 INFO TaskSetManager: Finished task 3.0 in stage 3.0 (TID 37) in 4352 ms on 519d7d29de3d (executor driver) (3/8)
[2026-01-20T04:10:35.002+0000] {subprocess.py:93} INFO - 26/01/20 04:10:35 INFO Executor: Finished task 4.0 in stage 3.0 (TID 38). 2131 bytes result sent to driver
[2026-01-20T04:10:35.010+0000] {subprocess.py:93} INFO - 26/01/20 04:10:35 INFO TaskSetManager: Finished task 4.0 in stage 3.0 (TID 38) in 4373 ms on 519d7d29de3d (executor driver) (4/8)
[2026-01-20T04:10:35.059+0000] {subprocess.py:93} INFO - 26/01/20 04:10:35 INFO Executor: Finished task 6.0 in stage 3.0 (TID 40). 2088 bytes result sent to driver
[2026-01-20T04:10:35.061+0000] {subprocess.py:93} INFO - 26/01/20 04:10:35 INFO Executor: Finished task 1.0 in stage 3.0 (TID 35). 2131 bytes result sent to driver
[2026-01-20T04:10:35.063+0000] {subprocess.py:93} INFO - 26/01/20 04:10:35 INFO TaskSetManager: Finished task 6.0 in stage 3.0 (TID 40) in 4421 ms on 519d7d29de3d (executor driver) (5/8)
[2026-01-20T04:10:35.067+0000] {subprocess.py:93} INFO - 26/01/20 04:10:35 INFO Executor: Finished task 2.0 in stage 3.0 (TID 36). 2131 bytes result sent to driver
[2026-01-20T04:10:35.069+0000] {subprocess.py:93} INFO - 26/01/20 04:10:35 INFO TaskSetManager: Finished task 1.0 in stage 3.0 (TID 35) in 4435 ms on 519d7d29de3d (executor driver) (6/8)
[2026-01-20T04:10:35.073+0000] {subprocess.py:93} INFO - 26/01/20 04:10:35 INFO TaskSetManager: Finished task 2.0 in stage 3.0 (TID 36) in 4436 ms on 519d7d29de3d (executor driver) (7/8)
[2026-01-20T04:10:35.095+0000] {subprocess.py:93} INFO - 26/01/20 04:10:35 INFO Executor: Finished task 7.0 in stage 2.0 (TID 28). 2200 bytes result sent to driver
[2026-01-20T04:10:35.100+0000] {subprocess.py:93} INFO - 26/01/20 04:10:35 INFO TaskSetManager: Finished task 7.0 in stage 2.0 (TID 28) in 4481 ms on 519d7d29de3d (executor driver) (2/13)
[2026-01-20T04:10:35.261+0000] {subprocess.py:93} INFO - 26/01/20 04:10:35 INFO Executor: Finished task 9.0 in stage 2.0 (TID 30). 2243 bytes result sent to driver
[2026-01-20T04:10:35.266+0000] {subprocess.py:93} INFO - 26/01/20 04:10:35 INFO TaskSetManager: Finished task 9.0 in stage 2.0 (TID 30) in 4645 ms on 519d7d29de3d (executor driver) (3/13)
[2026-01-20T04:10:35.280+0000] {subprocess.py:93} INFO - 26/01/20 04:10:35 INFO Executor: Finished task 11.0 in stage 2.0 (TID 32). 2200 bytes result sent to driver
[2026-01-20T04:10:35.281+0000] {subprocess.py:93} INFO - 26/01/20 04:10:35 INFO Executor: Finished task 8.0 in stage 2.0 (TID 29). 2200 bytes result sent to driver
[2026-01-20T04:10:35.282+0000] {subprocess.py:93} INFO - 26/01/20 04:10:35 INFO Executor: Finished task 3.0 in stage 2.0 (TID 24). 2200 bytes result sent to driver
[2026-01-20T04:10:35.283+0000] {subprocess.py:93} INFO - 26/01/20 04:10:35 INFO TaskSetManager: Finished task 11.0 in stage 2.0 (TID 32) in 4660 ms on 519d7d29de3d (executor driver) (4/13)
[2026-01-20T04:10:35.284+0000] {subprocess.py:93} INFO - 26/01/20 04:10:35 INFO TaskSetManager: Finished task 8.0 in stage 2.0 (TID 29) in 4664 ms on 519d7d29de3d (executor driver) (5/13)
[2026-01-20T04:10:35.286+0000] {subprocess.py:93} INFO - 26/01/20 04:10:35 INFO TaskSetManager: Finished task 3.0 in stage 2.0 (TID 24) in 4671 ms on 519d7d29de3d (executor driver) (6/13)
[2026-01-20T04:10:35.290+0000] {subprocess.py:93} INFO - 26/01/20 04:10:35 INFO Executor: Finished task 5.0 in stage 2.0 (TID 26). 2200 bytes result sent to driver
[2026-01-20T04:10:35.292+0000] {subprocess.py:93} INFO - 26/01/20 04:10:35 INFO Executor: Finished task 6.0 in stage 2.0 (TID 27). 2200 bytes result sent to driver
[2026-01-20T04:10:35.293+0000] {subprocess.py:93} INFO - 26/01/20 04:10:35 INFO TaskSetManager: Finished task 6.0 in stage 2.0 (TID 27) in 4675 ms on 519d7d29de3d (executor driver) (7/13)
[2026-01-20T04:10:35.294+0000] {subprocess.py:93} INFO - 26/01/20 04:10:35 INFO TaskSetManager: Finished task 5.0 in stage 2.0 (TID 26) in 4676 ms on 519d7d29de3d (executor driver) (8/13)
[2026-01-20T04:10:35.298+0000] {subprocess.py:93} INFO - 26/01/20 04:10:35 INFO Executor: Finished task 0.0 in stage 2.0 (TID 21). 2243 bytes result sent to driver
[2026-01-20T04:10:35.300+0000] {subprocess.py:93} INFO - 26/01/20 04:10:35 INFO Executor: Finished task 4.0 in stage 2.0 (TID 25). 2243 bytes result sent to driver
[2026-01-20T04:10:35.301+0000] {subprocess.py:93} INFO - 26/01/20 04:10:35 INFO Executor: Finished task 1.0 in stage 2.0 (TID 22). 2243 bytes result sent to driver
[2026-01-20T04:10:35.302+0000] {subprocess.py:93} INFO - 26/01/20 04:10:35 INFO Executor: Finished task 2.0 in stage 2.0 (TID 23). 2200 bytes result sent to driver
[2026-01-20T04:10:35.304+0000] {subprocess.py:93} INFO - 26/01/20 04:10:35 INFO TaskSetManager: Finished task 0.0 in stage 2.0 (TID 21) in 4693 ms on 519d7d29de3d (executor driver) (9/13)
[2026-01-20T04:10:35.305+0000] {subprocess.py:93} INFO - 26/01/20 04:10:35 INFO TaskSetManager: Finished task 4.0 in stage 2.0 (TID 25) in 4688 ms on 519d7d29de3d (executor driver) (10/13)
[2026-01-20T04:10:35.307+0000] {subprocess.py:93} INFO - 26/01/20 04:10:35 INFO TaskSetManager: Finished task 2.0 in stage 2.0 (TID 23) in 4690 ms on 519d7d29de3d (executor driver) (11/13)
[2026-01-20T04:10:35.308+0000] {subprocess.py:93} INFO - 26/01/20 04:10:35 INFO TaskSetManager: Finished task 1.0 in stage 2.0 (TID 22) in 4691 ms on 519d7d29de3d (executor driver) (12/13)
[2026-01-20T04:10:35.309+0000] {subprocess.py:93} INFO - 26/01/20 04:10:35 INFO Executor: Finished task 10.0 in stage 2.0 (TID 31). 2200 bytes result sent to driver
[2026-01-20T04:10:35.310+0000] {subprocess.py:93} INFO - 26/01/20 04:10:35 INFO TaskSetManager: Finished task 10.0 in stage 2.0 (TID 31) in 4687 ms on 519d7d29de3d (executor driver) (13/13)
[2026-01-20T04:10:35.311+0000] {subprocess.py:93} INFO - 26/01/20 04:10:35 INFO TaskSchedulerImpl: Removed TaskSet 2.0, whose tasks have all completed, from pool
[2026-01-20T04:10:35.312+0000] {subprocess.py:93} INFO - 26/01/20 04:10:35 INFO Executor: Finished task 7.0 in stage 3.0 (TID 41). 2088 bytes result sent to driver
[2026-01-20T04:10:35.313+0000] {subprocess.py:93} INFO - 26/01/20 04:10:35 INFO DAGScheduler: ShuffleMapStage 2 (showString at NativeMethodAccessorImpl.java:0) finished in 4.772 s
[2026-01-20T04:10:35.314+0000] {subprocess.py:93} INFO - 26/01/20 04:10:35 INFO TaskSetManager: Finished task 7.0 in stage 3.0 (TID 41) in 2006 ms on 519d7d29de3d (executor driver) (8/8)
[2026-01-20T04:10:35.315+0000] {subprocess.py:93} INFO - 26/01/20 04:10:35 INFO TaskSchedulerImpl: Removed TaskSet 3.0, whose tasks have all completed, from pool
[2026-01-20T04:10:35.316+0000] {subprocess.py:93} INFO - 26/01/20 04:10:35 INFO DAGScheduler: looking for newly runnable stages
[2026-01-20T04:10:35.317+0000] {subprocess.py:93} INFO - 26/01/20 04:10:35 INFO DAGScheduler: running: Set(ShuffleMapStage 3)
[2026-01-20T04:10:35.318+0000] {subprocess.py:93} INFO - 26/01/20 04:10:35 INFO DAGScheduler: waiting: Set()
[2026-01-20T04:10:35.319+0000] {subprocess.py:93} INFO - 26/01/20 04:10:35 INFO DAGScheduler: failed: Set()
[2026-01-20T04:10:35.328+0000] {subprocess.py:93} INFO - 26/01/20 04:10:35 INFO DAGScheduler: ShuffleMapStage 3 (showString at NativeMethodAccessorImpl.java:0) finished in 4.712 s
[2026-01-20T04:10:35.329+0000] {subprocess.py:93} INFO - 26/01/20 04:10:35 INFO DAGScheduler: looking for newly runnable stages
[2026-01-20T04:10:35.330+0000] {subprocess.py:93} INFO - 26/01/20 04:10:35 INFO DAGScheduler: running: Set()
[2026-01-20T04:10:35.331+0000] {subprocess.py:93} INFO - 26/01/20 04:10:35 INFO DAGScheduler: waiting: Set()
[2026-01-20T04:10:35.333+0000] {subprocess.py:93} INFO - 26/01/20 04:10:35 INFO DAGScheduler: failed: Set()
[2026-01-20T04:10:35.424+0000] {subprocess.py:93} INFO - 26/01/20 04:10:35 INFO ShufflePartitionsUtil: For shuffle(0, 1), advisory target size: 67108864, actual target size 4370154, minimum partition size: 1048576
[2026-01-20T04:10:35.646+0000] {subprocess.py:93} INFO - 26/01/20 04:10:35 INFO CodeGenerator: Code generated in 101.092963 ms
[2026-01-20T04:10:35.670+0000] {subprocess.py:93} INFO - 26/01/20 04:10:35 INFO CodeGenerator: Code generated in 14.706128 ms
[2026-01-20T04:10:35.791+0000] {subprocess.py:93} INFO - 26/01/20 04:10:35 INFO CodeGenerator: Code generated in 13.82198 ms
[2026-01-20T04:10:35.849+0000] {subprocess.py:93} INFO - 26/01/20 04:10:35 INFO SparkContext: Starting job: showString at NativeMethodAccessorImpl.java:0
[2026-01-20T04:10:35.853+0000] {subprocess.py:93} INFO - 26/01/20 04:10:35 INFO DAGScheduler: Got job 4 (showString at NativeMethodAccessorImpl.java:0) with 1 output partitions
[2026-01-20T04:10:35.855+0000] {subprocess.py:93} INFO - 26/01/20 04:10:35 INFO DAGScheduler: Final stage: ResultStage 6 (showString at NativeMethodAccessorImpl.java:0)
[2026-01-20T04:10:35.856+0000] {subprocess.py:93} INFO - 26/01/20 04:10:35 INFO DAGScheduler: Parents of final stage: List(ShuffleMapStage 5, ShuffleMapStage 4)
[2026-01-20T04:10:35.857+0000] {subprocess.py:93} INFO - 26/01/20 04:10:35 INFO DAGScheduler: Missing parents: List()
[2026-01-20T04:10:35.858+0000] {subprocess.py:93} INFO - 26/01/20 04:10:35 INFO DAGScheduler: Submitting ResultStage 6 (MapPartitionsRDD[22] at showString at NativeMethodAccessorImpl.java:0), which has no missing parents
[2026-01-20T04:10:35.879+0000] {subprocess.py:93} INFO - 26/01/20 04:10:35 INFO MemoryStore: Block broadcast_8 stored as values in memory (estimated size 88.1 KiB, free 433.8 MiB)
[2026-01-20T04:10:35.881+0000] {subprocess.py:93} INFO - 26/01/20 04:10:35 INFO MemoryStore: Block broadcast_8_piece0 stored as bytes in memory (estimated size 33.7 KiB, free 433.7 MiB)
[2026-01-20T04:10:35.883+0000] {subprocess.py:93} INFO - 26/01/20 04:10:35 INFO BlockManagerInfo: Added broadcast_8_piece0 in memory on 519d7d29de3d:42183 (size: 33.7 KiB, free: 434.3 MiB)
[2026-01-20T04:10:35.886+0000] {subprocess.py:93} INFO - 26/01/20 04:10:35 INFO SparkContext: Created broadcast 8 from broadcast at DAGScheduler.scala:1580
[2026-01-20T04:10:35.889+0000] {subprocess.py:93} INFO - 26/01/20 04:10:35 INFO DAGScheduler: Submitting 1 missing tasks from ResultStage 6 (MapPartitionsRDD[22] at showString at NativeMethodAccessorImpl.java:0) (first 15 tasks are for partitions Vector(0))
[2026-01-20T04:10:35.890+0000] {subprocess.py:93} INFO - 26/01/20 04:10:35 INFO TaskSchedulerImpl: Adding task set 6.0 with 1 tasks resource profile 0
[2026-01-20T04:10:35.906+0000] {subprocess.py:93} INFO - 26/01/20 04:10:35 INFO TaskSetManager: Starting task 0.0 in stage 6.0 (TID 42) (519d7d29de3d, executor driver, partition 0, NODE_LOCAL, 7897 bytes)
[2026-01-20T04:10:35.908+0000] {subprocess.py:93} INFO - 26/01/20 04:10:35 INFO Executor: Running task 0.0 in stage 6.0 (TID 42)
[2026-01-20T04:10:35.985+0000] {subprocess.py:93} INFO - 26/01/20 04:10:35 INFO ShuffleBlockFetcherIterator: Getting 13 (3.4 MiB) non-empty blocks including 13 (3.4 MiB) local and 0 (0.0 B) host-local and 0 (0.0 B) push-merged-local and 0 (0.0 B) remote blocks
[2026-01-20T04:10:35.989+0000] {subprocess.py:93} INFO - 26/01/20 04:10:35 INFO ShuffleBlockFetcherIterator: Started 0 remote fetches in 23 ms
[2026-01-20T04:10:36.019+0000] {subprocess.py:93} INFO - 26/01/20 04:10:36 INFO CodeGenerator: Code generated in 17.446338 ms
[2026-01-20T04:10:36.058+0000] {subprocess.py:93} INFO - 26/01/20 04:10:36 INFO CodeGenerator: Code generated in 28.224383 ms
[2026-01-20T04:10:36.094+0000] {subprocess.py:93} INFO - 26/01/20 04:10:36 INFO CodeGenerator: Code generated in 19.793021 ms
[2026-01-20T04:10:36.111+0000] {subprocess.py:93} INFO - 26/01/20 04:10:36 INFO ShuffleBlockFetcherIterator: Getting 8 (347.8 KiB) non-empty blocks including 8 (347.8 KiB) local and 0 (0.0 B) host-local and 0 (0.0 B) push-merged-local and 0 (0.0 B) remote blocks
[2026-01-20T04:10:36.112+0000] {subprocess.py:93} INFO - 26/01/20 04:10:36 INFO ShuffleBlockFetcherIterator: Started 0 remote fetches in 1 ms
[2026-01-20T04:10:36.129+0000] {subprocess.py:93} INFO - 26/01/20 04:10:36 INFO CodeGenerator: Code generated in 14.048455 ms
[2026-01-20T04:10:36.142+0000] {subprocess.py:93} INFO - 26/01/20 04:10:36 INFO CodeGenerator: Code generated in 8.949861 ms
[2026-01-20T04:10:36.158+0000] {subprocess.py:93} INFO - 26/01/20 04:10:36 INFO CodeGenerator: Code generated in 12.355274 ms
[2026-01-20T04:10:36.216+0000] {subprocess.py:93} INFO - 26/01/20 04:10:36 INFO CodeGenerator: Code generated in 56.634455 ms
[2026-01-20T04:10:36.399+0000] {subprocess.py:93} INFO - 26/01/20 04:10:36 INFO Executor: Finished task 0.0 in stage 6.0 (TID 42). 19015 bytes result sent to driver
[2026-01-20T04:10:36.402+0000] {subprocess.py:93} INFO - 26/01/20 04:10:36 INFO TaskSetManager: Finished task 0.0 in stage 6.0 (TID 42) in 502 ms on 519d7d29de3d (executor driver) (1/1)
[2026-01-20T04:10:36.403+0000] {subprocess.py:93} INFO - 26/01/20 04:10:36 INFO TaskSchedulerImpl: Removed TaskSet 6.0, whose tasks have all completed, from pool
[2026-01-20T04:10:36.404+0000] {subprocess.py:93} INFO - 26/01/20 04:10:36 INFO DAGScheduler: ResultStage 6 (showString at NativeMethodAccessorImpl.java:0) finished in 0.533 s
[2026-01-20T04:10:36.405+0000] {subprocess.py:93} INFO - 26/01/20 04:10:36 INFO DAGScheduler: Job 4 is finished. Cancelling potential speculative or zombie tasks for this job
[2026-01-20T04:10:36.406+0000] {subprocess.py:93} INFO - 26/01/20 04:10:36 INFO TaskSchedulerImpl: Killing all running tasks in stage 6: Stage finished
[2026-01-20T04:10:36.407+0000] {subprocess.py:93} INFO - 26/01/20 04:10:36 INFO DAGScheduler: Job 4 finished: showString at NativeMethodAccessorImpl.java:0, took 0.556178 s
[2026-01-20T04:10:36.485+0000] {subprocess.py:93} INFO - 26/01/20 04:10:36 INFO CodeGenerator: Code generated in 41.697736 ms
[2026-01-20T04:10:36.575+0000] {subprocess.py:93} INFO - +--------------------+--------+--------------------+-----------------------+--------------+--------------------+---------+--------+------+--------------------+--------+--------------------+----------------+--------+--------------------+-------+----------------+-------+-------+----------+--------------------+----------------+---------------+--------------+----------+--------+------------+------------+--------------------+--------+
[2026-01-20T04:10:36.576+0000] {subprocess.py:93} INFO - |     billing_address|currency|          line_items|original_transaction_id|payment_method|    shipping_address|   status|subtotal|   tax|         t_timestamp|   total|      transaction_id|transaction_type| user_id|           line_item|browser|            city|country| device|element_id|            event_id|      event_type|     ip_address|          page|product_id|quantity|search_query|  session_id|           timestamp| user_id|
[2026-01-20T04:10:36.577+0000] {subprocess.py:93} INFO - +--------------------+--------+--------------------+-----------------------+--------------+--------------------+---------+--------+------+--------------------+--------+--------------------+----------------+--------+--------------------+-------+----------------+-------+-------+----------+--------------------+----------------+---------------+--------------+----------+--------+------------+------------+--------------------+--------+
[2026-01-20T04:10:36.578+0000] {subprocess.py:93} INFO - |{South Frank, US,...|     USD|[{SmartChoice, bo...|                   NULL|    google_pay|{Port Michealhave...|completed| 3442.07|316.88|2026-01-19T17:45:...| 3758.95|64d4b4b0-67a8-41d...|        purchase|03658260|{GreenLife, books...| Safari|   Lake Tinaside|     NR| mobile|      NULL|e19e82c8-6c88-466...|     add_to_cart|   106.1.16.192|          home| PROD_2793|       1|        NULL|d9e5754e-9a6|2026-01-19T17:45:...|03658260|
[2026-01-20T04:10:36.579+0000] {subprocess.py:93} INFO - |{Hansenchester, U...|     USD|[{GreenLife, book...|                   NULL|        paypal|{East Jackberg, U...|completed| 2885.36|186.82|2026-01-19T17:45:...| 3072.18|24efb042-1b1e-489...|        purchase|0946a8ef|{GreenLife, sport...|   Edge|     New Amyberg|     IN| tablet|      NULL|dac65b7c-5b09-400...|     add_to_cart|    153.85.3.68|       profile| PROD_1213|       5|        NULL|2803d6b4-d9c|2026-01-19T17:46:...|0946a8ef|
[2026-01-20T04:10:36.580+0000] {subprocess.py:93} INFO - |{Donnahaven, US, ...|     USD|[{ProGear, toys, ...|                   NULL|     apple_pay|{Carlashire, US, ...|   failed| 2356.35|219.89|2026-01-19T17:40:...| 2576.24|a355d4e3-3371-47b...|        purchase|0a835d70|{SportFlex, food,...| Chrome|      Ronaldland|     CN| tablet|      NULL|c03dda27-db6c-435...|     add_to_cart|    48.7.38.196|          help| PROD_1796|       4|        NULL|d8a670e3-e76|2026-01-19T17:40:...|0a835d70|
[2026-01-20T04:10:36.581+0000] {subprocess.py:93} INFO - |{New Antonioton, ...|     USD|[{PremiumPlus, fo...|                   NULL|        paypal|{Debraside, US, D...|   failed|  455.49| 35.86|2026-01-19T17:42:...|  491.35|c63893e1-47ab-4ae...|        purchase|0ab1bc16|{PremiumPlus, foo...| Chrome|        Woodfurt|     LC|desktop|      NULL|64b2f341-8831-410...|remove_from_cart|  130.37.155.10|product_detail| PROD_1120|       2|        NULL|a3e683ec-a89|2026-01-19T17:46:...|0ab1bc16|
[2026-01-20T04:10:36.582+0000] {subprocess.py:93} INFO - |{South Michael, U...|     USD|[{GreenLife, clot...|                   NULL|        paypal|{Davidfort, US, O...|completed|  4872.3|412.15|2026-01-19T17:45:...| 5284.45|9c48a979-bb45-4a4...|        purchase|0c825438|{ValueBest, beaut...|Firefox|   Brookeborough|     IL|desktop|      NULL|186f983b-4f36-4fa...|     add_to_cart|128.105.228.164|          cart| PROD_1497|       2|        NULL|86163fbe-5c2|2026-01-19T17:45:...|0c825438|
[2026-01-20T04:10:36.583+0000] {subprocess.py:93} INFO - |{Jillchester, US,...|     USD|[{EliteChoice, fo...|   0ec940f9-1595-4f8...|     apple_pay|{East James, US, ...|completed| 5972.98|343.59|2026-01-19T17:40:...|-6316.57|9499b56b-3a20-4ea...|      chargeback|0dab448e|{SmartChoice, clo...| Chrome|  East Heidiberg|     IS| tablet|      NULL|d5b326b5-62e5-41c...|     add_to_cart| 141.220.154.47|      products| PROD_1318|       1|        NULL|1fb7fed6-578|2026-01-19T17:42:...|0dab448e|
[2026-01-20T04:10:36.584+0000] {subprocess.py:93} INFO - |{Annaville, US, M...|     USD|[{GreenLife, home...|                   NULL|    debit_card|{Richardmouth, US...|completed| 3951.83|263.36|2026-01-19T17:47:...| 4215.19|84a2e5c6-856c-405...|        purchase|0e5a4669|{SportFlex, food,...|Firefox|   Hendersonfurt|     IN| mobile|      NULL|f071a286-6dd7-47b...|     add_to_cart| 123.241.228.75|       profile| PROD_1847|       1|        NULL|baa8091e-807|2026-01-19T17:43:...|0e5a4669|
[2026-01-20T04:10:36.585+0000] {subprocess.py:93} INFO - |{Port Samanthache...|     USD|[{SportFlex, food...|                   NULL| bank_transfer|{Lake Jennifer, U...|cancelled|  2144.5|209.99|2026-01-19T17:47:...| 2354.49|6d1ad735-64a1-4b9...|        purchase|0e5a4669|{SportFlex, food,...|Firefox|   Hendersonfurt|     IN| mobile|      NULL|f071a286-6dd7-47b...|     add_to_cart| 123.241.228.75|       profile| PROD_1847|       1|        NULL|baa8091e-807|2026-01-19T17:43:...|0e5a4669|
[2026-01-20T04:10:36.586+0000] {subprocess.py:93} INFO - |{Port Erika, US, ...|     USD|[{EliteChoice, to...|                   NULL|    google_pay|{New Samantha, US...|completed| 3173.85|238.61|2026-01-19T17:47:...| 3412.46|81abec6a-aff8-48d...|        purchase|10296a92|{EliteChoice, toy...| Chrome|West Melissastad|     NO| tablet|      NULL|344df5d0-a6b0-43a...|     add_to_cart|    4.114.98.69|       profile| PROD_2119|       5|        NULL|14dea1cc-99d|2026-01-19T17:47:...|10296a92|
[2026-01-20T04:10:36.587+0000] {subprocess.py:93} INFO - |{Westberg, US, FL...|     USD|[{TechPro, clothi...|                   NULL|     apple_pay|{Meganburgh, US, ...|completed|  4845.1|361.45|2026-01-19T17:40:...| 5206.55|67768b67-a70a-43d...|        purchase|1352bade|{SmartChoice, bea...|   Edge|       Chenshire|     ER| tablet|      NULL|4ff1d144-a456-409...|remove_from_cart|  51.20.208.104|      settings| PROD_2337|       2|        NULL|173f674b-4fb|2026-01-19T17:40:...|1352bade|
[2026-01-20T04:10:36.587+0000] {subprocess.py:93} INFO - |{West Mirandatown...|     USD|[{TechPro, books,...|                   NULL|        paypal|{Nancyborough, US...|completed|   496.2| 40.06|2026-01-19T17:45:...|  536.26|1f95fcb3-5a5a-47c...|        purchase|184a71af|{GreenLife, food,...|   Edge|     Parrishberg|     AT| mobile|      NULL|d6976a73-a50b-436...|     add_to_cart|  80.14.166.198|          cart| PROD_2547|       4|        NULL|b259a546-1d4|2026-01-19T17:42:...|184a71af|
[2026-01-20T04:10:36.588+0000] {subprocess.py:93} INFO - |{Cooperside, US, ...|     USD|[{SportFlex, food...|                   NULL|    google_pay|{Jakefurt, US, TN...|completed| 3689.25|368.04|2026-01-19T17:46:...| 4057.29|8965abfb-96bd-4ce...|        purchase|1884bd2b|{SportFlex, food,...| Chrome|       Fordburgh|     BJ|desktop|      NULL|61ff8145-3b9d-4c3...|     add_to_cart|188.102.143.185|      checkout| PROD_1859|       5|        NULL|4d5bcc2e-da9|2026-01-19T17:41:...|1884bd2b|
[2026-01-20T04:10:36.589+0000] {subprocess.py:93} INFO - |{Emilyport, US, S...|     USD|[{SmartChoice, be...|   7b1ba296-7695-45e...|   credit_card|{Terribury, US, O...|completed|  535.29| 44.84|2026-01-19T17:47:...| -580.13|a55971f3-3cac-4de...|          refund|1898814b|{SportFlex, food,...|   Edge|       Smithfurt|     SG|desktop|      NULL|e8817124-9619-4e4...|remove_from_cart| 107.194.228.28|          cart| PROD_1154|       1|        NULL|bff6aa13-0c3|2026-01-19T17:43:...|1898814b|
[2026-01-20T04:10:36.590+0000] {subprocess.py:93} INFO - |{Deannatown, US, ...|     USD|[{StyleCo, clothi...|                   NULL|    google_pay|{Medinabury, US, ...|completed| 1811.18|149.55|2026-01-19T17:44:...| 1960.73|3d68b145-ebe0-4ab...|        purchase|1925a42f|{SportFlex, books...| Chrome|        Rothfurt|     TJ| tablet|      NULL|85f8539a-2aab-434...|     add_to_cart| 61.139.194.113|product_detail| PROD_2357|       3|        NULL|14363baa-43e|2026-01-19T17:44:...|1925a42f|
[2026-01-20T04:10:36.591+0000] {subprocess.py:93} INFO - |{Millerborough, U...|     USD|[{SmartChoice, sp...|   ef668bb6-c4da-44f...| bank_transfer|{Stephensmouth, U...|completed|  659.61| 41.92|2026-01-19T17:45:...| -701.53|cc7c1756-b050-4b1...|          refund|1afaeca9|{SmartChoice, spo...|   Edge|      Lewisburgh|     MV| mobile|      NULL|f609c567-91a5-450...|     add_to_cart| 136.194.177.12|product_detail| PROD_1470|       2|        NULL|01ea56d1-bd2|2026-01-19T17:47:...|1afaeca9|
[2026-01-20T04:10:36.592+0000] {subprocess.py:93} INFO - |{Mckenziechester,...|     USD|[{GreenLife, book...|                   NULL|    debit_card|{Bradleyberg, US,...|completed| 1278.74| 108.2|2026-01-19T17:41:...| 1386.94|a67f115b-6674-4ad...|        purchase|1b1b020b|{SportFlex, elect...|   Edge|      Kaiserfort|     IS| tablet|      NULL|ccd70d73-0f0e-447...|remove_from_cart|    89.15.54.10|       profile| PROD_1976|       1|        NULL|e27ce892-715|2026-01-19T17:43:...|1b1b020b|
[2026-01-20T04:10:36.593+0000] {subprocess.py:93} INFO - |{Carrollview, US,...|     USD|[{TechPro, toys, ...|                   NULL|    google_pay|{Andersonshire, U...|completed| 1417.74| 96.73|2026-01-19T17:39:...| 1514.47|32e73ca0-1799-4b9...|        purchase|1bdb4efe|{ProGear, food, P...| Safari|     Mirandaport|     ER| tablet|      NULL|67eff63f-30a1-42d...|     add_to_cart|   5.142.36.100|          home| PROD_2058|       3|        NULL|d01104ec-b24|2026-01-19T17:43:...|1bdb4efe|
[2026-01-20T04:10:36.594+0000] {subprocess.py:93} INFO - |{West Jeremy, US,...|     USD|[{HomeMax, sports...|                   NULL|     apple_pay|{Lake Kenneth, US...|completed|  540.89| 32.56|2026-01-19T17:39:...|  573.45|d0eb7c98-885b-4ad...|        purchase|1cb2e55a|{HomeMax, electro...| Safari|      West James|     EC| tablet|      NULL|92ff9440-d0a1-454...|     add_to_cart|   215.0.245.60|      settings| PROD_2988|       1|        NULL|a01c21a8-5fd|2026-01-19T17:40:...|1cb2e55a|
[2026-01-20T04:10:36.594+0000] {subprocess.py:93} INFO - |{Lake Kirk, US, A...|     USD|[{HomeMax, electr...|                   NULL|        paypal|{Amyview, US, IN,...|completed|  363.32| 22.77|2026-01-19T17:44:...|  386.09|8a6b64e7-c540-40b...|        purchase|1cb2e55a|{HomeMax, electro...| Safari|      West James|     EC| tablet|      NULL|92ff9440-d0a1-454...|     add_to_cart|   215.0.245.60|      settings| PROD_2988|       1|        NULL|a01c21a8-5fd|2026-01-19T17:40:...|1cb2e55a|
[2026-01-20T04:10:36.595+0000] {subprocess.py:93} INFO - |{Jennifershire, U...|     USD|[{PremiumPlus, el...|                   NULL|    debit_card|{Port Andrehaven,...|completed| 3350.46|317.77|2026-01-19T17:46:...| 3668.23|83009c3e-f278-47f...|        purchase|25615f4f|{TechPro, food, P...|Firefox|     Robertburgh|     SG| mobile|      NULL|262952a8-8526-4f0...|     add_to_cart| 79.105.156.242|      checkout| PROD_2533|       3|        NULL|808c1f50-a24|2026-01-19T17:44:...|25615f4f|
[2026-01-20T04:10:36.596+0000] {subprocess.py:93} INFO - +--------------------+--------+--------------------+-----------------------+--------------+--------------------+---------+--------+------+--------------------+--------+--------------------+----------------+--------+--------------------+-------+----------------+-------+-------+----------+--------------------+----------------+---------------+--------------+----------+--------+------------+------------+--------------------+--------+
[2026-01-20T04:10:36.597+0000] {subprocess.py:93} INFO - only showing top 20 rows
[2026-01-20T04:10:36.598+0000] {subprocess.py:93} INFO - 
[2026-01-20T04:10:36.599+0000] {subprocess.py:93} INFO - None
[2026-01-20T04:10:37.105+0000] {subprocess.py:93} INFO - 26/01/20 04:10:37 INFO FileSourceStrategy: Pushed Filters: IsNotNull(user_id),IsNotNull(line_items)
[2026-01-20T04:10:37.106+0000] {subprocess.py:93} INFO - 26/01/20 04:10:37 INFO FileSourceStrategy: Post-Scan Filters: isnotnull(user_id#21),(size(line_items#10, true) > 0),isnotnull(line_items#10)
[2026-01-20T04:10:37.107+0000] {subprocess.py:93} INFO - 26/01/20 04:10:37 INFO FileSourceStrategy: Pushed Filters: IsNotNull(user_id),IsNotNull(product_id)
[2026-01-20T04:10:37.108+0000] {subprocess.py:93} INFO - 26/01/20 04:10:37 INFO FileSourceStrategy: Post-Scan Filters: isnotnull(user_id#58),isnotnull(product_id#53)
[2026-01-20T04:10:37.172+0000] {subprocess.py:93} INFO - 26/01/20 04:10:37 INFO CodeGenerator: Code generated in 11.83565 ms
[2026-01-20T04:10:37.176+0000] {subprocess.py:93} INFO - 26/01/20 04:10:37 INFO MemoryStore: Block broadcast_9 stored as values in memory (estimated size 199.1 KiB, free 433.5 MiB)
[2026-01-20T04:10:37.188+0000] {subprocess.py:93} INFO - 26/01/20 04:10:37 INFO MemoryStore: Block broadcast_9_piece0 stored as bytes in memory (estimated size 34.2 KiB, free 433.5 MiB)
[2026-01-20T04:10:37.189+0000] {subprocess.py:93} INFO - 26/01/20 04:10:37 INFO BlockManagerInfo: Added broadcast_9_piece0 in memory on 519d7d29de3d:42183 (size: 34.2 KiB, free: 434.2 MiB)
[2026-01-20T04:10:37.190+0000] {subprocess.py:93} INFO - 26/01/20 04:10:37 INFO SparkContext: Created broadcast 9 from $anonfun$withThreadLocalCaptured$1 at FutureTask.java:264
[2026-01-20T04:10:37.192+0000] {subprocess.py:93} INFO - 26/01/20 04:10:37 INFO FileSourceScanExec: Planning scan with bin packing, max size: 4194304 bytes, open cost is considered as scanning 4194304 bytes.
[2026-01-20T04:10:37.217+0000] {subprocess.py:93} INFO - 26/01/20 04:10:37 INFO SparkContext: Starting job: $anonfun$withThreadLocalCaptured$1 at FutureTask.java:264
[2026-01-20T04:10:37.219+0000] {subprocess.py:93} INFO - 26/01/20 04:10:37 INFO DAGScheduler: Got job 5 ($anonfun$withThreadLocalCaptured$1 at FutureTask.java:264) with 8 output partitions
[2026-01-20T04:10:37.219+0000] {subprocess.py:93} INFO - 26/01/20 04:10:37 INFO DAGScheduler: Final stage: ResultStage 7 ($anonfun$withThreadLocalCaptured$1 at FutureTask.java:264)
[2026-01-20T04:10:37.220+0000] {subprocess.py:93} INFO - 26/01/20 04:10:37 INFO DAGScheduler: Parents of final stage: List()
[2026-01-20T04:10:37.221+0000] {subprocess.py:93} INFO - 26/01/20 04:10:37 INFO DAGScheduler: Missing parents: List()
[2026-01-20T04:10:37.222+0000] {subprocess.py:93} INFO - 26/01/20 04:10:37 INFO DAGScheduler: Submitting ResultStage 7 (MapPartitionsRDD[26] at $anonfun$withThreadLocalCaptured$1 at FutureTask.java:264), which has no missing parents
[2026-01-20T04:10:37.223+0000] {subprocess.py:93} INFO - 26/01/20 04:10:37 INFO MemoryStore: Block broadcast_10 stored as values in memory (estimated size 15.6 KiB, free 433.5 MiB)
[2026-01-20T04:10:37.226+0000] {subprocess.py:93} INFO - 26/01/20 04:10:37 INFO MemoryStore: Block broadcast_10_piece0 stored as bytes in memory (estimated size 7.4 KiB, free 433.5 MiB)
[2026-01-20T04:10:37.228+0000] {subprocess.py:93} INFO - 26/01/20 04:10:37 INFO BlockManagerInfo: Added broadcast_10_piece0 in memory on 519d7d29de3d:42183 (size: 7.4 KiB, free: 434.2 MiB)
[2026-01-20T04:10:37.228+0000] {subprocess.py:93} INFO - 26/01/20 04:10:37 INFO SparkContext: Created broadcast 10 from broadcast at DAGScheduler.scala:1580
[2026-01-20T04:10:37.229+0000] {subprocess.py:93} INFO - 26/01/20 04:10:37 INFO DAGScheduler: Submitting 8 missing tasks from ResultStage 7 (MapPartitionsRDD[26] at $anonfun$withThreadLocalCaptured$1 at FutureTask.java:264) (first 15 tasks are for partitions Vector(0, 1, 2, 3, 4, 5, 6, 7))
[2026-01-20T04:10:37.230+0000] {subprocess.py:93} INFO - 26/01/20 04:10:37 INFO TaskSchedulerImpl: Adding task set 7.0 with 8 tasks resource profile 0
[2026-01-20T04:10:37.232+0000] {subprocess.py:93} INFO - 26/01/20 04:10:37 INFO TaskSetManager: Starting task 0.0 in stage 7.0 (TID 43) (519d7d29de3d, executor driver, partition 0, PROCESS_LOCAL, 8244 bytes)
[2026-01-20T04:10:37.232+0000] {subprocess.py:93} INFO - 26/01/20 04:10:37 INFO TaskSetManager: Starting task 1.0 in stage 7.0 (TID 44) (519d7d29de3d, executor driver, partition 1, PROCESS_LOCAL, 8244 bytes)
[2026-01-20T04:10:37.233+0000] {subprocess.py:93} INFO - 26/01/20 04:10:37 INFO TaskSetManager: Starting task 2.0 in stage 7.0 (TID 45) (519d7d29de3d, executor driver, partition 2, PROCESS_LOCAL, 8244 bytes)
[2026-01-20T04:10:37.234+0000] {subprocess.py:93} INFO - 26/01/20 04:10:37 INFO TaskSetManager: Starting task 3.0 in stage 7.0 (TID 46) (519d7d29de3d, executor driver, partition 3, PROCESS_LOCAL, 8244 bytes)
[2026-01-20T04:10:37.236+0000] {subprocess.py:93} INFO - 26/01/20 04:10:37 INFO TaskSetManager: Starting task 4.0 in stage 7.0 (TID 47) (519d7d29de3d, executor driver, partition 4, PROCESS_LOCAL, 8244 bytes)
[2026-01-20T04:10:37.238+0000] {subprocess.py:93} INFO - 26/01/20 04:10:37 INFO TaskSetManager: Starting task 5.0 in stage 7.0 (TID 48) (519d7d29de3d, executor driver, partition 5, PROCESS_LOCAL, 8244 bytes)
[2026-01-20T04:10:37.239+0000] {subprocess.py:93} INFO - 26/01/20 04:10:37 INFO TaskSetManager: Starting task 6.0 in stage 7.0 (TID 49) (519d7d29de3d, executor driver, partition 6, PROCESS_LOCAL, 8244 bytes)
[2026-01-20T04:10:37.241+0000] {subprocess.py:93} INFO - 26/01/20 04:10:37 INFO TaskSetManager: Starting task 7.0 in stage 7.0 (TID 50) (519d7d29de3d, executor driver, partition 7, PROCESS_LOCAL, 8244 bytes)
[2026-01-20T04:10:37.242+0000] {subprocess.py:93} INFO - 26/01/20 04:10:37 INFO Executor: Running task 4.0 in stage 7.0 (TID 47)
[2026-01-20T04:10:37.242+0000] {subprocess.py:93} INFO - 26/01/20 04:10:37 INFO Executor: Running task 0.0 in stage 7.0 (TID 43)
[2026-01-20T04:10:37.243+0000] {subprocess.py:93} INFO - 26/01/20 04:10:37 INFO Executor: Running task 1.0 in stage 7.0 (TID 44)
[2026-01-20T04:10:37.245+0000] {subprocess.py:93} INFO - 26/01/20 04:10:37 INFO Executor: Running task 5.0 in stage 7.0 (TID 48)
[2026-01-20T04:10:37.246+0000] {subprocess.py:93} INFO - 26/01/20 04:10:37 INFO Executor: Running task 2.0 in stage 7.0 (TID 45)
[2026-01-20T04:10:37.247+0000] {subprocess.py:93} INFO - 26/01/20 04:10:37 INFO Executor: Running task 6.0 in stage 7.0 (TID 49)
[2026-01-20T04:10:37.248+0000] {subprocess.py:93} INFO - 26/01/20 04:10:37 INFO Executor: Running task 7.0 in stage 7.0 (TID 50)
[2026-01-20T04:10:37.249+0000] {subprocess.py:93} INFO - 26/01/20 04:10:37 INFO Executor: Running task 3.0 in stage 7.0 (TID 46)
[2026-01-20T04:10:37.253+0000] {subprocess.py:93} INFO - 26/01/20 04:10:37 INFO CodeGenerator: Code generated in 11.176133 ms
[2026-01-20T04:10:37.256+0000] {subprocess.py:93} INFO - 26/01/20 04:10:37 INFO FileScanRDD: Reading File path: file:///opt/spark-data/landing/user_events_1768879431.2231393.json, range: 29360128-33532706, partition values: [empty row]
[2026-01-20T04:10:37.257+0000] {subprocess.py:93} INFO - 26/01/20 04:10:37 INFO FileScanRDD: Reading File path: file:///opt/spark-data/landing/user_events_1768879431.2231393.json, range: 20971520-25165824, partition values: [empty row]
[2026-01-20T04:10:37.258+0000] {subprocess.py:93} INFO - 26/01/20 04:10:37 INFO FileScanRDD: Reading File path: file:///opt/spark-data/landing/user_events_1768879431.2231393.json, range: 12582912-16777216, partition values: [empty row]
[2026-01-20T04:10:37.259+0000] {subprocess.py:93} INFO - 26/01/20 04:10:37 INFO FileScanRDD: Reading File path: file:///opt/spark-data/landing/user_events_1768879431.2231393.json, range: 16777216-20971520, partition values: [empty row]
[2026-01-20T04:10:37.260+0000] {subprocess.py:93} INFO - 26/01/20 04:10:37 INFO FileScanRDD: Reading File path: file:///opt/spark-data/landing/user_events_1768879431.2231393.json, range: 25165824-29360128, partition values: [empty row]
[2026-01-20T04:10:37.261+0000] {subprocess.py:93} INFO - 26/01/20 04:10:37 INFO FileScanRDD: Reading File path: file:///opt/spark-data/landing/user_events_1768879431.2231393.json, range: 8388608-12582912, partition values: [empty row]
[2026-01-20T04:10:37.262+0000] {subprocess.py:93} INFO - 26/01/20 04:10:37 INFO FileScanRDD: Reading File path: file:///opt/spark-data/landing/user_events_1768879431.2231393.json, range: 4194304-8388608, partition values: [empty row]
[2026-01-20T04:10:37.263+0000] {subprocess.py:93} INFO - 26/01/20 04:10:37 INFO FileScanRDD: Reading File path: file:///opt/spark-data/landing/user_events_1768879431.2231393.json, range: 0-4194304, partition values: [empty row]
[2026-01-20T04:10:37.270+0000] {subprocess.py:93} INFO - 26/01/20 04:10:37 INFO CodeGenerator: Code generated in 11.015866 ms
[2026-01-20T04:10:37.280+0000] {subprocess.py:93} INFO - 26/01/20 04:10:37 INFO CodeGenerator: Code generated in 5.604148 ms
[2026-01-20T04:10:37.287+0000] {subprocess.py:93} INFO - 26/01/20 04:10:37 INFO CodeGenerator: Code generated in 3.896657 ms
[2026-01-20T04:10:37.850+0000] {subprocess.py:93} INFO - 26/01/20 04:10:37 INFO BlockManagerInfo: Removed broadcast_8_piece0 on 519d7d29de3d:42183 in memory (size: 33.7 KiB, free: 434.3 MiB)
[2026-01-20T04:10:37.851+0000] {subprocess.py:93} INFO - 26/01/20 04:10:37 INFO Executor: Finished task 2.0 in stage 7.0 (TID 45). 132137 bytes result sent to driver
[2026-01-20T04:10:37.852+0000] {subprocess.py:93} INFO - 26/01/20 04:10:37 INFO Executor: Finished task 6.0 in stage 7.0 (TID 49). 129991 bytes result sent to driver
[2026-01-20T04:10:37.853+0000] {subprocess.py:93} INFO - 26/01/20 04:10:37 INFO TaskSetManager: Finished task 6.0 in stage 7.0 (TID 49) in 618 ms on 519d7d29de3d (executor driver) (1/8)
[2026-01-20T04:10:37.854+0000] {subprocess.py:93} INFO - 26/01/20 04:10:37 INFO TaskSetManager: Finished task 2.0 in stage 7.0 (TID 45) in 622 ms on 519d7d29de3d (executor driver) (2/8)
[2026-01-20T04:10:37.856+0000] {subprocess.py:93} INFO - 26/01/20 04:10:37 INFO Executor: Finished task 4.0 in stage 7.0 (TID 47). 135408 bytes result sent to driver
[2026-01-20T04:10:37.857+0000] {subprocess.py:93} INFO - 26/01/20 04:10:37 INFO Executor: Finished task 1.0 in stage 7.0 (TID 44). 134096 bytes result sent to driver
[2026-01-20T04:10:37.857+0000] {subprocess.py:93} INFO - 26/01/20 04:10:37 INFO Executor: Finished task 5.0 in stage 7.0 (TID 48). 133763 bytes result sent to driver
[2026-01-20T04:10:37.859+0000] {subprocess.py:93} INFO - 26/01/20 04:10:37 INFO Executor: Finished task 3.0 in stage 7.0 (TID 46). 132601 bytes result sent to driver
[2026-01-20T04:10:37.860+0000] {subprocess.py:93} INFO - 26/01/20 04:10:37 INFO Executor: Finished task 0.0 in stage 7.0 (TID 43). 131277 bytes result sent to driver
[2026-01-20T04:10:37.861+0000] {subprocess.py:93} INFO - 26/01/20 04:10:37 INFO TaskSetManager: Finished task 1.0 in stage 7.0 (TID 44) in 625 ms on 519d7d29de3d (executor driver) (3/8)
[2026-01-20T04:10:37.863+0000] {subprocess.py:93} INFO - 26/01/20 04:10:37 INFO TaskSetManager: Finished task 3.0 in stage 7.0 (TID 46) in 625 ms on 519d7d29de3d (executor driver) (4/8)
[2026-01-20T04:10:37.864+0000] {subprocess.py:93} INFO - 26/01/20 04:10:37 INFO TaskSetManager: Finished task 4.0 in stage 7.0 (TID 47) in 625 ms on 519d7d29de3d (executor driver) (5/8)
[2026-01-20T04:10:37.864+0000] {subprocess.py:93} INFO - 26/01/20 04:10:37 INFO TaskSetManager: Finished task 5.0 in stage 7.0 (TID 48) in 626 ms on 519d7d29de3d (executor driver) (6/8)
[2026-01-20T04:10:37.865+0000] {subprocess.py:93} INFO - 26/01/20 04:10:37 INFO TaskSetManager: Finished task 0.0 in stage 7.0 (TID 43) in 628 ms on 519d7d29de3d (executor driver) (7/8)
[2026-01-20T04:10:37.866+0000] {subprocess.py:93} INFO - 26/01/20 04:10:37 INFO Executor: Finished task 7.0 in stage 7.0 (TID 50). 130533 bytes result sent to driver
[2026-01-20T04:10:37.867+0000] {subprocess.py:93} INFO - 26/01/20 04:10:37 INFO TaskSetManager: Finished task 7.0 in stage 7.0 (TID 50) in 626 ms on 519d7d29de3d (executor driver) (8/8)
[2026-01-20T04:10:37.868+0000] {subprocess.py:93} INFO - 26/01/20 04:10:37 INFO TaskSchedulerImpl: Removed TaskSet 7.0, whose tasks have all completed, from pool
[2026-01-20T04:10:37.869+0000] {subprocess.py:93} INFO - 26/01/20 04:10:37 INFO DAGScheduler: ResultStage 7 ($anonfun$withThreadLocalCaptured$1 at FutureTask.java:264) finished in 0.641 s
[2026-01-20T04:10:37.870+0000] {subprocess.py:93} INFO - 26/01/20 04:10:37 INFO DAGScheduler: Job 5 is finished. Cancelling potential speculative or zombie tasks for this job
[2026-01-20T04:10:37.870+0000] {subprocess.py:93} INFO - 26/01/20 04:10:37 INFO TaskSchedulerImpl: Killing all running tasks in stage 7: Stage finished
[2026-01-20T04:10:37.871+0000] {subprocess.py:93} INFO - 26/01/20 04:10:37 INFO DAGScheduler: Job 5 finished: $anonfun$withThreadLocalCaptured$1 at FutureTask.java:264, took 0.647121 s
[2026-01-20T04:10:37.890+0000] {subprocess.py:93} INFO - 26/01/20 04:10:37 INFO CodeGenerator: Code generated in 5.366334 ms
[2026-01-20T04:10:37.952+0000] {subprocess.py:93} INFO - 26/01/20 04:10:37 INFO MemoryStore: Block broadcast_11 stored as values in memory (estimated size 9.0 MiB, free 424.6 MiB)
[2026-01-20T04:10:37.998+0000] {subprocess.py:93} INFO - 26/01/20 04:10:37 INFO MemoryStore: Block broadcast_11_piece0 stored as bytes in memory (estimated size 1578.1 KiB, free 423.1 MiB)
[2026-01-20T04:10:37.999+0000] {subprocess.py:93} INFO - 26/01/20 04:10:37 INFO BlockManagerInfo: Added broadcast_11_piece0 in memory on 519d7d29de3d:42183 (size: 1578.1 KiB, free: 432.7 MiB)
[2026-01-20T04:10:38.000+0000] {subprocess.py:93} INFO - 26/01/20 04:10:37 INFO SparkContext: Created broadcast 11 from $anonfun$withThreadLocalCaptured$1 at FutureTask.java:264
[2026-01-20T04:10:38.012+0000] {subprocess.py:93} INFO - 26/01/20 04:10:38 INFO FileSourceStrategy: Pushed Filters: IsNotNull(user_id),IsNotNull(line_items)
[2026-01-20T04:10:38.013+0000] {subprocess.py:93} INFO - 26/01/20 04:10:38 INFO FileSourceStrategy: Post-Scan Filters: isnotnull(user_id#21),(size(line_items#10, true) > 0),isnotnull(line_items#10)
[2026-01-20T04:10:38.292+0000] {subprocess.py:93} INFO - 26/01/20 04:10:38 INFO FileOutputCommitter: File Output Committer Algorithm version is 1
[2026-01-20T04:10:38.294+0000] {subprocess.py:93} INFO - 26/01/20 04:10:38 INFO FileOutputCommitter: FileOutputCommitter skip cleanup _temporary folders under output directory:false, ignore cleanup failures: false
[2026-01-20T04:10:38.295+0000] {subprocess.py:93} INFO - 26/01/20 04:10:38 INFO SQLHadoopMapReduceCommitProtocol: Using output committer class org.apache.hadoop.mapreduce.lib.output.FileOutputCommitter
[2026-01-20T04:10:38.430+0000] {subprocess.py:93} INFO - 26/01/20 04:10:38 INFO CodeGenerator: Code generated in 28.793482 ms
[2026-01-20T04:10:38.432+0000] {subprocess.py:93} INFO - 26/01/20 04:10:38 INFO MemoryStore: Block broadcast_12 stored as values in memory (estimated size 199.1 KiB, free 422.9 MiB)
[2026-01-20T04:10:38.441+0000] {subprocess.py:93} INFO - 26/01/20 04:10:38 INFO MemoryStore: Block broadcast_12_piece0 stored as bytes in memory (estimated size 34.2 KiB, free 422.8 MiB)
[2026-01-20T04:10:38.442+0000] {subprocess.py:93} INFO - 26/01/20 04:10:38 INFO BlockManagerInfo: Added broadcast_12_piece0 in memory on 519d7d29de3d:42183 (size: 34.2 KiB, free: 432.7 MiB)
[2026-01-20T04:10:38.443+0000] {subprocess.py:93} INFO - 26/01/20 04:10:38 INFO SparkContext: Created broadcast 12 from csv at NativeMethodAccessorImpl.java:0
[2026-01-20T04:10:38.444+0000] {subprocess.py:93} INFO - 26/01/20 04:10:38 INFO FileSourceScanExec: Planning scan with bin packing, max size: 4194304 bytes, open cost is considered as scanning 4194304 bytes.
[2026-01-20T04:10:38.454+0000] {subprocess.py:93} INFO - 26/01/20 04:10:38 INFO SparkContext: Starting job: csv at NativeMethodAccessorImpl.java:0
[2026-01-20T04:10:38.455+0000] {subprocess.py:93} INFO - 26/01/20 04:10:38 INFO DAGScheduler: Got job 6 (csv at NativeMethodAccessorImpl.java:0) with 13 output partitions
[2026-01-20T04:10:38.456+0000] {subprocess.py:93} INFO - 26/01/20 04:10:38 INFO DAGScheduler: Final stage: ResultStage 8 (csv at NativeMethodAccessorImpl.java:0)
[2026-01-20T04:10:38.457+0000] {subprocess.py:93} INFO - 26/01/20 04:10:38 INFO DAGScheduler: Parents of final stage: List()
[2026-01-20T04:10:38.457+0000] {subprocess.py:93} INFO - 26/01/20 04:10:38 INFO DAGScheduler: Missing parents: List()
[2026-01-20T04:10:38.458+0000] {subprocess.py:93} INFO - 26/01/20 04:10:38 INFO DAGScheduler: Submitting ResultStage 8 (MapPartitionsRDD[30] at csv at NativeMethodAccessorImpl.java:0), which has no missing parents
[2026-01-20T04:10:38.495+0000] {subprocess.py:93} INFO - 26/01/20 04:10:38 INFO MemoryStore: Block broadcast_13 stored as values in memory (estimated size 233.0 KiB, free 422.6 MiB)
[2026-01-20T04:10:38.498+0000] {subprocess.py:93} INFO - 26/01/20 04:10:38 INFO MemoryStore: Block broadcast_13_piece0 stored as bytes in memory (estimated size 82.8 KiB, free 422.5 MiB)
[2026-01-20T04:10:38.499+0000] {subprocess.py:93} INFO - 26/01/20 04:10:38 INFO BlockManagerInfo: Added broadcast_13_piece0 in memory on 519d7d29de3d:42183 (size: 82.8 KiB, free: 432.6 MiB)
[2026-01-20T04:10:38.499+0000] {subprocess.py:93} INFO - 26/01/20 04:10:38 INFO SparkContext: Created broadcast 13 from broadcast at DAGScheduler.scala:1580
[2026-01-20T04:10:38.500+0000] {subprocess.py:93} INFO - 26/01/20 04:10:38 INFO DAGScheduler: Submitting 13 missing tasks from ResultStage 8 (MapPartitionsRDD[30] at csv at NativeMethodAccessorImpl.java:0) (first 15 tasks are for partitions Vector(0, 1, 2, 3, 4, 5, 6, 7, 8, 9, 10, 11, 12))
[2026-01-20T04:10:38.501+0000] {subprocess.py:93} INFO - 26/01/20 04:10:38 INFO TaskSchedulerImpl: Adding task set 8.0 with 13 tasks resource profile 0
[2026-01-20T04:10:38.502+0000] {subprocess.py:93} INFO - 26/01/20 04:10:38 INFO TaskSetManager: Starting task 0.0 in stage 8.0 (TID 51) (519d7d29de3d, executor driver, partition 0, PROCESS_LOCAL, 8251 bytes)
[2026-01-20T04:10:38.503+0000] {subprocess.py:93} INFO - 26/01/20 04:10:38 INFO TaskSetManager: Starting task 1.0 in stage 8.0 (TID 52) (519d7d29de3d, executor driver, partition 1, PROCESS_LOCAL, 8251 bytes)
[2026-01-20T04:10:38.504+0000] {subprocess.py:93} INFO - 26/01/20 04:10:38 INFO TaskSetManager: Starting task 2.0 in stage 8.0 (TID 53) (519d7d29de3d, executor driver, partition 2, PROCESS_LOCAL, 8251 bytes)
[2026-01-20T04:10:38.505+0000] {subprocess.py:93} INFO - 26/01/20 04:10:38 INFO TaskSetManager: Starting task 3.0 in stage 8.0 (TID 54) (519d7d29de3d, executor driver, partition 3, PROCESS_LOCAL, 8251 bytes)
[2026-01-20T04:10:38.505+0000] {subprocess.py:93} INFO - 26/01/20 04:10:38 INFO TaskSetManager: Starting task 4.0 in stage 8.0 (TID 55) (519d7d29de3d, executor driver, partition 4, PROCESS_LOCAL, 8251 bytes)
[2026-01-20T04:10:38.507+0000] {subprocess.py:93} INFO - 26/01/20 04:10:38 INFO TaskSetManager: Starting task 5.0 in stage 8.0 (TID 56) (519d7d29de3d, executor driver, partition 5, PROCESS_LOCAL, 8251 bytes)
[2026-01-20T04:10:38.508+0000] {subprocess.py:93} INFO - 26/01/20 04:10:38 INFO TaskSetManager: Starting task 6.0 in stage 8.0 (TID 57) (519d7d29de3d, executor driver, partition 6, PROCESS_LOCAL, 8251 bytes)
[2026-01-20T04:10:38.509+0000] {subprocess.py:93} INFO - 26/01/20 04:10:38 INFO TaskSetManager: Starting task 7.0 in stage 8.0 (TID 58) (519d7d29de3d, executor driver, partition 7, PROCESS_LOCAL, 8251 bytes)
[2026-01-20T04:10:38.510+0000] {subprocess.py:93} INFO - 26/01/20 04:10:38 INFO TaskSetManager: Starting task 8.0 in stage 8.0 (TID 59) (519d7d29de3d, executor driver, partition 8, PROCESS_LOCAL, 8251 bytes)
[2026-01-20T04:10:38.511+0000] {subprocess.py:93} INFO - 26/01/20 04:10:38 INFO TaskSetManager: Starting task 9.0 in stage 8.0 (TID 60) (519d7d29de3d, executor driver, partition 9, PROCESS_LOCAL, 8251 bytes)
[2026-01-20T04:10:38.513+0000] {subprocess.py:93} INFO - 26/01/20 04:10:38 INFO TaskSetManager: Starting task 10.0 in stage 8.0 (TID 61) (519d7d29de3d, executor driver, partition 10, PROCESS_LOCAL, 8251 bytes)
[2026-01-20T04:10:38.514+0000] {subprocess.py:93} INFO - 26/01/20 04:10:38 INFO TaskSetManager: Starting task 11.0 in stage 8.0 (TID 62) (519d7d29de3d, executor driver, partition 11, PROCESS_LOCAL, 8251 bytes)
[2026-01-20T04:10:38.515+0000] {subprocess.py:93} INFO - 26/01/20 04:10:38 INFO TaskSetManager: Starting task 12.0 in stage 8.0 (TID 63) (519d7d29de3d, executor driver, partition 12, PROCESS_LOCAL, 8251 bytes)
[2026-01-20T04:10:38.516+0000] {subprocess.py:93} INFO - 26/01/20 04:10:38 INFO Executor: Running task 6.0 in stage 8.0 (TID 57)
[2026-01-20T04:10:38.517+0000] {subprocess.py:93} INFO - 26/01/20 04:10:38 INFO Executor: Running task 5.0 in stage 8.0 (TID 56)
[2026-01-20T04:10:38.518+0000] {subprocess.py:93} INFO - 26/01/20 04:10:38 INFO Executor: Running task 0.0 in stage 8.0 (TID 51)
[2026-01-20T04:10:38.519+0000] {subprocess.py:93} INFO - 26/01/20 04:10:38 INFO Executor: Running task 7.0 in stage 8.0 (TID 58)
[2026-01-20T04:10:38.520+0000] {subprocess.py:93} INFO - 26/01/20 04:10:38 INFO Executor: Running task 8.0 in stage 8.0 (TID 59)
[2026-01-20T04:10:38.521+0000] {subprocess.py:93} INFO - 26/01/20 04:10:38 INFO Executor: Running task 10.0 in stage 8.0 (TID 61)
[2026-01-20T04:10:38.522+0000] {subprocess.py:93} INFO - 26/01/20 04:10:38 INFO Executor: Running task 9.0 in stage 8.0 (TID 60)
[2026-01-20T04:10:38.523+0000] {subprocess.py:93} INFO - 26/01/20 04:10:38 INFO Executor: Running task 3.0 in stage 8.0 (TID 54)
[2026-01-20T04:10:38.524+0000] {subprocess.py:93} INFO - 26/01/20 04:10:38 INFO Executor: Running task 11.0 in stage 8.0 (TID 62)
[2026-01-20T04:10:38.525+0000] {subprocess.py:93} INFO - 26/01/20 04:10:38 INFO Executor: Running task 1.0 in stage 8.0 (TID 52)
[2026-01-20T04:10:38.525+0000] {subprocess.py:93} INFO - 26/01/20 04:10:38 INFO Executor: Running task 4.0 in stage 8.0 (TID 55)
[2026-01-20T04:10:38.526+0000] {subprocess.py:93} INFO - 26/01/20 04:10:38 INFO Executor: Running task 12.0 in stage 8.0 (TID 63)
[2026-01-20T04:10:38.527+0000] {subprocess.py:93} INFO - 26/01/20 04:10:38 INFO Executor: Running task 2.0 in stage 8.0 (TID 53)
[2026-01-20T04:10:38.640+0000] {subprocess.py:93} INFO - 26/01/20 04:10:38 INFO CodeGenerator: Code generated in 21.941057 ms
[2026-01-20T04:10:38.643+0000] {subprocess.py:93} INFO - 26/01/20 04:10:38 INFO FileOutputCommitter: File Output Committer Algorithm version is 1
[2026-01-20T04:10:38.647+0000] {subprocess.py:93} INFO - 26/01/20 04:10:38 INFO FileOutputCommitter: FileOutputCommitter skip cleanup _temporary folders under output directory:false, ignore cleanup failures: false
[2026-01-20T04:10:38.648+0000] {subprocess.py:93} INFO - 26/01/20 04:10:38 INFO FileOutputCommitter: File Output Committer Algorithm version is 1
[2026-01-20T04:10:38.651+0000] {subprocess.py:93} INFO - 26/01/20 04:10:38 INFO FileOutputCommitter: FileOutputCommitter skip cleanup _temporary folders under output directory:false, ignore cleanup failures: false
[2026-01-20T04:10:38.652+0000] {subprocess.py:93} INFO - 26/01/20 04:10:38 INFO FileOutputCommitter: File Output Committer Algorithm version is 1
[2026-01-20T04:10:38.653+0000] {subprocess.py:93} INFO - 26/01/20 04:10:38 INFO FileOutputCommitter: FileOutputCommitter skip cleanup _temporary folders under output directory:false, ignore cleanup failures: false
[2026-01-20T04:10:38.654+0000] {subprocess.py:93} INFO - 26/01/20 04:10:38 INFO SQLHadoopMapReduceCommitProtocol: Using output committer class org.apache.hadoop.mapreduce.lib.output.FileOutputCommitter
[2026-01-20T04:10:38.655+0000] {subprocess.py:93} INFO - 26/01/20 04:10:38 INFO FileOutputCommitter: File Output Committer Algorithm version is 1
[2026-01-20T04:10:38.656+0000] {subprocess.py:93} INFO - 26/01/20 04:10:38 INFO SQLHadoopMapReduceCommitProtocol: Using output committer class org.apache.hadoop.mapreduce.lib.output.FileOutputCommitter
[2026-01-20T04:10:38.657+0000] {subprocess.py:93} INFO - 26/01/20 04:10:38 INFO SQLHadoopMapReduceCommitProtocol: Using output committer class org.apache.hadoop.mapreduce.lib.output.FileOutputCommitter
[2026-01-20T04:10:38.658+0000] {subprocess.py:93} INFO - 26/01/20 04:10:38 INFO FileOutputCommitter: FileOutputCommitter skip cleanup _temporary folders under output directory:false, ignore cleanup failures: false
[2026-01-20T04:10:38.659+0000] {subprocess.py:93} INFO - 26/01/20 04:10:38 INFO FileScanRDD: Reading File path: file:///opt/spark-data/landing/transaction_events_1768879479.1820476.json, range: 41943040-46137344, partition values: [empty row]
[2026-01-20T04:10:38.660+0000] {subprocess.py:93} INFO - 26/01/20 04:10:38 INFO FileScanRDD: Reading File path: file:///opt/spark-data/landing/transaction_events_1768879479.1820476.json, range: 12582912-16777216, partition values: [empty row]
[2026-01-20T04:10:38.661+0000] {subprocess.py:93} INFO - 26/01/20 04:10:38 INFO FileScanRDD: Reading File path: file:///opt/spark-data/landing/transaction_events_1768879479.1820476.json, range: 4194304-8388608, partition values: [empty row]
[2026-01-20T04:10:38.662+0000] {subprocess.py:93} INFO - 26/01/20 04:10:38 INFO SQLHadoopMapReduceCommitProtocol: Using output committer class org.apache.hadoop.mapreduce.lib.output.FileOutputCommitter
[2026-01-20T04:10:38.663+0000] {subprocess.py:93} INFO - 26/01/20 04:10:38 INFO FileScanRDD: Reading File path: file:///opt/spark-data/landing/transaction_events_1768879479.1820476.json, range: 46137344-50331648, partition values: [empty row]
[2026-01-20T04:10:38.664+0000] {subprocess.py:93} INFO - 26/01/20 04:10:38 INFO FileOutputCommitter: File Output Committer Algorithm version is 1
[2026-01-20T04:10:38.665+0000] {subprocess.py:93} INFO - 26/01/20 04:10:38 INFO FileOutputCommitter: FileOutputCommitter skip cleanup _temporary folders under output directory:false, ignore cleanup failures: false
[2026-01-20T04:10:38.666+0000] {subprocess.py:93} INFO - 26/01/20 04:10:38 INFO SQLHadoopMapReduceCommitProtocol: Using output committer class org.apache.hadoop.mapreduce.lib.output.FileOutputCommitter
[2026-01-20T04:10:38.667+0000] {subprocess.py:93} INFO - 26/01/20 04:10:38 INFO FileOutputCommitter: File Output Committer Algorithm version is 1
[2026-01-20T04:10:38.668+0000] {subprocess.py:93} INFO - 26/01/20 04:10:38 INFO FileOutputCommitter: FileOutputCommitter skip cleanup _temporary folders under output directory:false, ignore cleanup failures: false
[2026-01-20T04:10:38.669+0000] {subprocess.py:93} INFO - 26/01/20 04:10:38 INFO FileScanRDD: Reading File path: file:///opt/spark-data/landing/transaction_events_1768879479.1820476.json, range: 33554432-37748736, partition values: [empty row]
[2026-01-20T04:10:38.670+0000] {subprocess.py:93} INFO - 26/01/20 04:10:38 INFO FileOutputCommitter: File Output Committer Algorithm version is 1
[2026-01-20T04:10:38.671+0000] {subprocess.py:93} INFO - 26/01/20 04:10:38 INFO FileOutputCommitter: File Output Committer Algorithm version is 1
[2026-01-20T04:10:38.672+0000] {subprocess.py:93} INFO - 26/01/20 04:10:38 INFO FileOutputCommitter: FileOutputCommitter skip cleanup _temporary folders under output directory:false, ignore cleanup failures: false
[2026-01-20T04:10:38.674+0000] {subprocess.py:93} INFO - 26/01/20 04:10:38 INFO FileOutputCommitter: FileOutputCommitter skip cleanup _temporary folders under output directory:false, ignore cleanup failures: false
[2026-01-20T04:10:38.675+0000] {subprocess.py:93} INFO - 26/01/20 04:10:38 INFO FileOutputCommitter: File Output Committer Algorithm version is 1
[2026-01-20T04:10:38.676+0000] {subprocess.py:93} INFO - 26/01/20 04:10:38 INFO FileOutputCommitter: FileOutputCommitter skip cleanup _temporary folders under output directory:false, ignore cleanup failures: false
[2026-01-20T04:10:38.677+0000] {subprocess.py:93} INFO - 26/01/20 04:10:38 INFO FileOutputCommitter: File Output Committer Algorithm version is 1
[2026-01-20T04:10:38.678+0000] {subprocess.py:93} INFO - 26/01/20 04:10:38 INFO SQLHadoopMapReduceCommitProtocol: Using output committer class org.apache.hadoop.mapreduce.lib.output.FileOutputCommitter
[2026-01-20T04:10:38.679+0000] {subprocess.py:93} INFO - 26/01/20 04:10:38 INFO FileOutputCommitter: FileOutputCommitter skip cleanup _temporary folders under output directory:false, ignore cleanup failures: false
[2026-01-20T04:10:38.680+0000] {subprocess.py:93} INFO - 26/01/20 04:10:38 INFO SQLHadoopMapReduceCommitProtocol: Using output committer class org.apache.hadoop.mapreduce.lib.output.FileOutputCommitter
[2026-01-20T04:10:38.680+0000] {subprocess.py:93} INFO - 26/01/20 04:10:38 INFO FileOutputCommitter: File Output Committer Algorithm version is 1
[2026-01-20T04:10:38.681+0000] {subprocess.py:93} INFO - 26/01/20 04:10:38 INFO FileOutputCommitter: File Output Committer Algorithm version is 1
[2026-01-20T04:10:38.682+0000] {subprocess.py:93} INFO - 26/01/20 04:10:38 INFO SQLHadoopMapReduceCommitProtocol: Using output committer class org.apache.hadoop.mapreduce.lib.output.FileOutputCommitter
[2026-01-20T04:10:38.683+0000] {subprocess.py:93} INFO - 26/01/20 04:10:38 INFO FileOutputCommitter: FileOutputCommitter skip cleanup _temporary folders under output directory:false, ignore cleanup failures: false
[2026-01-20T04:10:38.684+0000] {subprocess.py:93} INFO - 26/01/20 04:10:38 INFO FileOutputCommitter: FileOutputCommitter skip cleanup _temporary folders under output directory:false, ignore cleanup failures: false
[2026-01-20T04:10:38.685+0000] {subprocess.py:93} INFO - 26/01/20 04:10:38 INFO FileOutputCommitter: File Output Committer Algorithm version is 1
[2026-01-20T04:10:38.686+0000] {subprocess.py:93} INFO - 26/01/20 04:10:38 INFO FileScanRDD: Reading File path: file:///opt/spark-data/landing/transaction_events_1768879479.1820476.json, range: 50331648-51561162, partition values: [empty row]
[2026-01-20T04:10:38.688+0000] {subprocess.py:93} INFO - 26/01/20 04:10:38 INFO FileScanRDD: Reading File path: file:///opt/spark-data/landing/transaction_events_1768879479.1820476.json, range: 29360128-33554432, partition values: [empty row]
[2026-01-20T04:10:38.689+0000] {subprocess.py:93} INFO - 26/01/20 04:10:38 INFO FileScanRDD: Reading File path: file:///opt/spark-data/landing/transaction_events_1768879479.1820476.json, range: 16777216-20971520, partition values: [empty row]
[2026-01-20T04:10:38.691+0000] {subprocess.py:93} INFO - 26/01/20 04:10:38 INFO FileOutputCommitter: FileOutputCommitter skip cleanup _temporary folders under output directory:false, ignore cleanup failures: false
[2026-01-20T04:10:38.693+0000] {subprocess.py:93} INFO - 26/01/20 04:10:38 INFO SQLHadoopMapReduceCommitProtocol: Using output committer class org.apache.hadoop.mapreduce.lib.output.FileOutputCommitter
[2026-01-20T04:10:38.696+0000] {subprocess.py:93} INFO - 26/01/20 04:10:38 INFO FileScanRDD: Reading File path: file:///opt/spark-data/landing/transaction_events_1768879479.1820476.json, range: 25165824-29360128, partition values: [empty row]
[2026-01-20T04:10:38.698+0000] {subprocess.py:93} INFO - 26/01/20 04:10:38 INFO SQLHadoopMapReduceCommitProtocol: Using output committer class org.apache.hadoop.mapreduce.lib.output.FileOutputCommitter
[2026-01-20T04:10:38.700+0000] {subprocess.py:93} INFO - 26/01/20 04:10:38 INFO SQLHadoopMapReduceCommitProtocol: Using output committer class org.apache.hadoop.mapreduce.lib.output.FileOutputCommitter
[2026-01-20T04:10:38.701+0000] {subprocess.py:93} INFO - 26/01/20 04:10:38 INFO FileScanRDD: Reading File path: file:///opt/spark-data/landing/transaction_events_1768879479.1820476.json, range: 8388608-12582912, partition values: [empty row]
[2026-01-20T04:10:38.703+0000] {subprocess.py:93} INFO - 26/01/20 04:10:38 INFO SQLHadoopMapReduceCommitProtocol: Using output committer class org.apache.hadoop.mapreduce.lib.output.FileOutputCommitter
[2026-01-20T04:10:38.706+0000] {subprocess.py:93} INFO - 26/01/20 04:10:38 INFO FileScanRDD: Reading File path: file:///opt/spark-data/landing/transaction_events_1768879479.1820476.json, range: 20971520-25165824, partition values: [empty row]
[2026-01-20T04:10:38.706+0000] {subprocess.py:93} INFO - 26/01/20 04:10:38 INFO SQLHadoopMapReduceCommitProtocol: Using output committer class org.apache.hadoop.mapreduce.lib.output.FileOutputCommitter
[2026-01-20T04:10:38.709+0000] {subprocess.py:93} INFO - 26/01/20 04:10:38 INFO FileScanRDD: Reading File path: file:///opt/spark-data/landing/transaction_events_1768879479.1820476.json, range: 37748736-41943040, partition values: [empty row]
[2026-01-20T04:10:38.710+0000] {subprocess.py:93} INFO - 26/01/20 04:10:38 INFO CodeGenerator: Code generated in 23.854746 ms
[2026-01-20T04:10:38.712+0000] {subprocess.py:93} INFO - 26/01/20 04:10:38 INFO CodeGenerator: Code generated in 5.179697 ms
[2026-01-20T04:10:38.883+0000] {subprocess.py:93} INFO - 26/01/20 04:10:38 INFO FileScanRDD: Reading File path: file:///opt/spark-data/landing/transaction_events_1768879479.1820476.json, range: 0-4194304, partition values: [empty row]
[2026-01-20T04:10:39.296+0000] {subprocess.py:93} INFO - 26/01/20 04:10:39 INFO FileOutputCommitter: Saved output of task 'attempt_2026012004103868174491857886591_0008_m_000012_63' to file:/opt/spark-data/gold/advertising/_temporary/0/task_2026012004103868174491857886591_0008_m_000012
[2026-01-20T04:10:39.298+0000] {subprocess.py:93} INFO - 26/01/20 04:10:39 INFO SparkHadoopMapRedUtil: attempt_2026012004103868174491857886591_0008_m_000012_63: Committed. Elapsed time: 69 ms.
[2026-01-20T04:10:39.313+0000] {subprocess.py:93} INFO - 26/01/20 04:10:39 INFO Executor: Finished task 12.0 in stage 8.0 (TID 63). 2936 bytes result sent to driver
[2026-01-20T04:10:39.316+0000] {subprocess.py:93} INFO - 26/01/20 04:10:39 INFO TaskSetManager: Finished task 12.0 in stage 8.0 (TID 63) in 811 ms on 519d7d29de3d (executor driver) (1/13)
[2026-01-20T04:10:39.561+0000] {subprocess.py:93} INFO - 26/01/20 04:10:39 INFO FileOutputCommitter: Saved output of task 'attempt_2026012004103868174491857886591_0008_m_000007_58' to file:/opt/spark-data/gold/advertising/_temporary/0/task_2026012004103868174491857886591_0008_m_000007
[2026-01-20T04:10:39.562+0000] {subprocess.py:93} INFO - 26/01/20 04:10:39 INFO SparkHadoopMapRedUtil: attempt_2026012004103868174491857886591_0008_m_000007_58: Committed. Elapsed time: 31 ms.
[2026-01-20T04:10:39.563+0000] {subprocess.py:93} INFO - 26/01/20 04:10:39 INFO Executor: Finished task 7.0 in stage 8.0 (TID 58). 2893 bytes result sent to driver
[2026-01-20T04:10:39.565+0000] {subprocess.py:93} INFO - 26/01/20 04:10:39 INFO TaskSetManager: Finished task 7.0 in stage 8.0 (TID 58) in 1060 ms on 519d7d29de3d (executor driver) (2/13)
[2026-01-20T04:10:39.571+0000] {subprocess.py:93} INFO - 26/01/20 04:10:39 INFO FileOutputCommitter: Saved output of task 'attempt_2026012004103868174491857886591_0008_m_000011_62' to file:/opt/spark-data/gold/advertising/_temporary/0/task_2026012004103868174491857886591_0008_m_000011
[2026-01-20T04:10:39.573+0000] {subprocess.py:93} INFO - 26/01/20 04:10:39 INFO SparkHadoopMapRedUtil: attempt_2026012004103868174491857886591_0008_m_000011_62: Committed. Elapsed time: 37 ms.
[2026-01-20T04:10:39.574+0000] {subprocess.py:93} INFO - 26/01/20 04:10:39 INFO Executor: Finished task 11.0 in stage 8.0 (TID 62). 2893 bytes result sent to driver
[2026-01-20T04:10:39.575+0000] {subprocess.py:93} INFO - 26/01/20 04:10:39 INFO TaskSetManager: Finished task 11.0 in stage 8.0 (TID 62) in 1069 ms on 519d7d29de3d (executor driver) (3/13)
[2026-01-20T04:10:39.578+0000] {subprocess.py:93} INFO - 26/01/20 04:10:39 INFO FileOutputCommitter: Saved output of task 'attempt_2026012004103868174491857886591_0008_m_000006_57' to file:/opt/spark-data/gold/advertising/_temporary/0/task_2026012004103868174491857886591_0008_m_000006
[2026-01-20T04:10:39.579+0000] {subprocess.py:93} INFO - 26/01/20 04:10:39 INFO SparkHadoopMapRedUtil: attempt_2026012004103868174491857886591_0008_m_000006_57: Committed. Elapsed time: 43 ms.
[2026-01-20T04:10:39.580+0000] {subprocess.py:93} INFO - 26/01/20 04:10:39 INFO Executor: Finished task 6.0 in stage 8.0 (TID 57). 2893 bytes result sent to driver
[2026-01-20T04:10:39.580+0000] {subprocess.py:93} INFO - 26/01/20 04:10:39 INFO TaskSetManager: Finished task 6.0 in stage 8.0 (TID 57) in 1076 ms on 519d7d29de3d (executor driver) (4/13)
[2026-01-20T04:10:39.584+0000] {subprocess.py:93} INFO - 26/01/20 04:10:39 INFO FileOutputCommitter: Saved output of task 'attempt_2026012004103868174491857886591_0008_m_000005_56' to file:/opt/spark-data/gold/advertising/_temporary/0/task_2026012004103868174491857886591_0008_m_000005
[2026-01-20T04:10:39.585+0000] {subprocess.py:93} INFO - 26/01/20 04:10:39 INFO SparkHadoopMapRedUtil: attempt_2026012004103868174491857886591_0008_m_000005_56: Committed. Elapsed time: 47 ms.
[2026-01-20T04:10:39.586+0000] {subprocess.py:93} INFO - 26/01/20 04:10:39 INFO Executor: Finished task 5.0 in stage 8.0 (TID 56). 2893 bytes result sent to driver
[2026-01-20T04:10:39.587+0000] {subprocess.py:93} INFO - 26/01/20 04:10:39 INFO TaskSetManager: Finished task 5.0 in stage 8.0 (TID 56) in 1084 ms on 519d7d29de3d (executor driver) (5/13)
[2026-01-20T04:10:39.590+0000] {subprocess.py:93} INFO - 26/01/20 04:10:39 INFO FileOutputCommitter: Saved output of task 'attempt_2026012004103868174491857886591_0008_m_000001_52' to file:/opt/spark-data/gold/advertising/_temporary/0/task_2026012004103868174491857886591_0008_m_000001
[2026-01-20T04:10:39.590+0000] {subprocess.py:93} INFO - 26/01/20 04:10:39 INFO SparkHadoopMapRedUtil: attempt_2026012004103868174491857886591_0008_m_000001_52: Committed. Elapsed time: 51 ms.
[2026-01-20T04:10:39.592+0000] {subprocess.py:93} INFO - 26/01/20 04:10:39 INFO Executor: Finished task 1.0 in stage 8.0 (TID 52). 2893 bytes result sent to driver
[2026-01-20T04:10:39.593+0000] {subprocess.py:93} INFO - 26/01/20 04:10:39 INFO TaskSetManager: Finished task 1.0 in stage 8.0 (TID 52) in 1091 ms on 519d7d29de3d (executor driver) (6/13)
[2026-01-20T04:10:39.596+0000] {subprocess.py:93} INFO - 26/01/20 04:10:39 INFO FileOutputCommitter: Saved output of task 'attempt_2026012004103868174491857886591_0008_m_000000_51' to file:/opt/spark-data/gold/advertising/_temporary/0/task_2026012004103868174491857886591_0008_m_000000
[2026-01-20T04:10:39.596+0000] {subprocess.py:93} INFO - 26/01/20 04:10:39 INFO SparkHadoopMapRedUtil: attempt_2026012004103868174491857886591_0008_m_000000_51: Committed. Elapsed time: 59 ms.
[2026-01-20T04:10:39.597+0000] {subprocess.py:93} INFO - 26/01/20 04:10:39 INFO Executor: Finished task 0.0 in stage 8.0 (TID 51). 2893 bytes result sent to driver
[2026-01-20T04:10:39.598+0000] {subprocess.py:93} INFO - 26/01/20 04:10:39 INFO TaskSetManager: Finished task 0.0 in stage 8.0 (TID 51) in 1097 ms on 519d7d29de3d (executor driver) (7/13)
[2026-01-20T04:10:39.600+0000] {subprocess.py:93} INFO - 26/01/20 04:10:39 INFO FileOutputCommitter: Saved output of task 'attempt_2026012004103868174491857886591_0008_m_000002_53' to file:/opt/spark-data/gold/advertising/_temporary/0/task_2026012004103868174491857886591_0008_m_000002
[2026-01-20T04:10:39.601+0000] {subprocess.py:93} INFO - 26/01/20 04:10:39 INFO SparkHadoopMapRedUtil: attempt_2026012004103868174491857886591_0008_m_000002_53: Committed. Elapsed time: 63 ms.
[2026-01-20T04:10:39.602+0000] {subprocess.py:93} INFO - 26/01/20 04:10:39 INFO Executor: Finished task 2.0 in stage 8.0 (TID 53). 2893 bytes result sent to driver
[2026-01-20T04:10:39.603+0000] {subprocess.py:93} INFO - 26/01/20 04:10:39 INFO TaskSetManager: Finished task 2.0 in stage 8.0 (TID 53) in 1101 ms on 519d7d29de3d (executor driver) (8/13)
[2026-01-20T04:10:39.605+0000] {subprocess.py:93} INFO - 26/01/20 04:10:39 INFO FileOutputCommitter: Saved output of task 'attempt_2026012004103868174491857886591_0008_m_000010_61' to file:/opt/spark-data/gold/advertising/_temporary/0/task_2026012004103868174491857886591_0008_m_000010
[2026-01-20T04:10:39.606+0000] {subprocess.py:93} INFO - 26/01/20 04:10:39 INFO SparkHadoopMapRedUtil: attempt_2026012004103868174491857886591_0008_m_000010_61: Committed. Elapsed time: 68 ms.
[2026-01-20T04:10:39.607+0000] {subprocess.py:93} INFO - 26/01/20 04:10:39 INFO Executor: Finished task 10.0 in stage 8.0 (TID 61). 2893 bytes result sent to driver
[2026-01-20T04:10:39.607+0000] {subprocess.py:93} INFO - 26/01/20 04:10:39 INFO TaskSetManager: Finished task 10.0 in stage 8.0 (TID 61) in 1102 ms on 519d7d29de3d (executor driver) (9/13)
[2026-01-20T04:10:39.609+0000] {subprocess.py:93} INFO - 26/01/20 04:10:39 INFO FileOutputCommitter: Saved output of task 'attempt_2026012004103868174491857886591_0008_m_000009_60' to file:/opt/spark-data/gold/advertising/_temporary/0/task_2026012004103868174491857886591_0008_m_000009
[2026-01-20T04:10:39.610+0000] {subprocess.py:93} INFO - 26/01/20 04:10:39 INFO SparkHadoopMapRedUtil: attempt_2026012004103868174491857886591_0008_m_000009_60: Committed. Elapsed time: 70 ms.
[2026-01-20T04:10:39.611+0000] {subprocess.py:93} INFO - 26/01/20 04:10:39 INFO Executor: Finished task 9.0 in stage 8.0 (TID 60). 2893 bytes result sent to driver
[2026-01-20T04:10:39.612+0000] {subprocess.py:93} INFO - 26/01/20 04:10:39 INFO TaskSetManager: Finished task 9.0 in stage 8.0 (TID 60) in 1108 ms on 519d7d29de3d (executor driver) (10/13)
[2026-01-20T04:10:39.614+0000] {subprocess.py:93} INFO - 26/01/20 04:10:39 INFO FileOutputCommitter: Saved output of task 'attempt_2026012004103868174491857886591_0008_m_000003_54' to file:/opt/spark-data/gold/advertising/_temporary/0/task_2026012004103868174491857886591_0008_m_000003
[2026-01-20T04:10:39.615+0000] {subprocess.py:93} INFO - 26/01/20 04:10:39 INFO SparkHadoopMapRedUtil: attempt_2026012004103868174491857886591_0008_m_000003_54: Committed. Elapsed time: 74 ms.
[2026-01-20T04:10:39.615+0000] {subprocess.py:93} INFO - 26/01/20 04:10:39 INFO Executor: Finished task 3.0 in stage 8.0 (TID 54). 2893 bytes result sent to driver
[2026-01-20T04:10:39.616+0000] {subprocess.py:93} INFO - 26/01/20 04:10:39 INFO TaskSetManager: Finished task 3.0 in stage 8.0 (TID 54) in 1114 ms on 519d7d29de3d (executor driver) (11/13)
[2026-01-20T04:10:39.620+0000] {subprocess.py:93} INFO - 26/01/20 04:10:39 INFO FileOutputCommitter: Saved output of task 'attempt_2026012004103868174491857886591_0008_m_000008_59' to file:/opt/spark-data/gold/advertising/_temporary/0/task_2026012004103868174491857886591_0008_m_000008
[2026-01-20T04:10:39.621+0000] {subprocess.py:93} INFO - 26/01/20 04:10:39 INFO SparkHadoopMapRedUtil: attempt_2026012004103868174491857886591_0008_m_000008_59: Committed. Elapsed time: 78 ms.
[2026-01-20T04:10:39.622+0000] {subprocess.py:93} INFO - 26/01/20 04:10:39 INFO Executor: Finished task 8.0 in stage 8.0 (TID 59). 2893 bytes result sent to driver
[2026-01-20T04:10:39.623+0000] {subprocess.py:93} INFO - 26/01/20 04:10:39 INFO TaskSetManager: Finished task 8.0 in stage 8.0 (TID 59) in 1118 ms on 519d7d29de3d (executor driver) (12/13)
[2026-01-20T04:10:39.628+0000] {subprocess.py:93} INFO - 26/01/20 04:10:39 INFO FileOutputCommitter: Saved output of task 'attempt_2026012004103868174491857886591_0008_m_000004_55' to file:/opt/spark-data/gold/advertising/_temporary/0/task_2026012004103868174491857886591_0008_m_000004
[2026-01-20T04:10:39.629+0000] {subprocess.py:93} INFO - 26/01/20 04:10:39 INFO SparkHadoopMapRedUtil: attempt_2026012004103868174491857886591_0008_m_000004_55: Committed. Elapsed time: 81 ms.
[2026-01-20T04:10:39.630+0000] {subprocess.py:93} INFO - 26/01/20 04:10:39 INFO Executor: Finished task 4.0 in stage 8.0 (TID 55). 2893 bytes result sent to driver
[2026-01-20T04:10:39.632+0000] {subprocess.py:93} INFO - 26/01/20 04:10:39 INFO TaskSetManager: Finished task 4.0 in stage 8.0 (TID 55) in 1128 ms on 519d7d29de3d (executor driver) (13/13)
[2026-01-20T04:10:39.633+0000] {subprocess.py:93} INFO - 26/01/20 04:10:39 INFO TaskSchedulerImpl: Removed TaskSet 8.0, whose tasks have all completed, from pool
[2026-01-20T04:10:39.633+0000] {subprocess.py:93} INFO - 26/01/20 04:10:39 INFO DAGScheduler: ResultStage 8 (csv at NativeMethodAccessorImpl.java:0) finished in 1.175 s
[2026-01-20T04:10:39.634+0000] {subprocess.py:93} INFO - 26/01/20 04:10:39 INFO DAGScheduler: Job 6 is finished. Cancelling potential speculative or zombie tasks for this job
[2026-01-20T04:10:39.635+0000] {subprocess.py:93} INFO - 26/01/20 04:10:39 INFO TaskSchedulerImpl: Killing all running tasks in stage 8: Stage finished
[2026-01-20T04:10:39.635+0000] {subprocess.py:93} INFO - 26/01/20 04:10:39 INFO DAGScheduler: Job 6 finished: csv at NativeMethodAccessorImpl.java:0, took 1.179005 s
[2026-01-20T04:10:39.636+0000] {subprocess.py:93} INFO - 26/01/20 04:10:39 INFO FileFormatWriter: Start to commit write Job 32eeaa8f-27a3-4693-bdd5-0ba7791883d0.
[2026-01-20T04:10:41.577+0000] {subprocess.py:93} INFO - 26/01/20 04:10:41 INFO FileFormatWriter: Write Job 32eeaa8f-27a3-4693-bdd5-0ba7791883d0 committed. Elapsed time: 1942 ms.
[2026-01-20T04:10:41.581+0000] {subprocess.py:93} INFO - 26/01/20 04:10:41 INFO FileFormatWriter: Finished processing stats for write job 32eeaa8f-27a3-4693-bdd5-0ba7791883d0.
[2026-01-20T04:10:41.771+0000] {subprocess.py:93} INFO - 26/01/20 04:10:41 INFO FileSourceStrategy: Pushed Filters:
[2026-01-20T04:10:41.772+0000] {subprocess.py:93} INFO - 26/01/20 04:10:41 INFO FileSourceStrategy: Post-Scan Filters:
[2026-01-20T04:10:41.794+0000] {subprocess.py:93} INFO - 26/01/20 04:10:41 INFO CodeGenerator: Code generated in 6.37592 ms
[2026-01-20T04:10:41.796+0000] {subprocess.py:93} INFO - 26/01/20 04:10:41 INFO MemoryStore: Block broadcast_14 stored as values in memory (estimated size 199.1 KiB, free 422.3 MiB)
[2026-01-20T04:10:41.807+0000] {subprocess.py:93} INFO - 26/01/20 04:10:41 INFO MemoryStore: Block broadcast_14_piece0 stored as bytes in memory (estimated size 34.2 KiB, free 422.3 MiB)
[2026-01-20T04:10:41.809+0000] {subprocess.py:93} INFO - 26/01/20 04:10:41 INFO BlockManagerInfo: Added broadcast_14_piece0 in memory on 519d7d29de3d:42183 (size: 34.2 KiB, free: 432.6 MiB)
[2026-01-20T04:10:41.810+0000] {subprocess.py:93} INFO - 26/01/20 04:10:41 INFO SparkContext: Created broadcast 14 from csv at NativeMethodAccessorImpl.java:0
[2026-01-20T04:10:41.811+0000] {subprocess.py:93} INFO - 26/01/20 04:10:41 INFO FileSourceScanExec: Planning scan with bin packing, max size: 4194304 bytes, open cost is considered as scanning 4194304 bytes.
[2026-01-20T04:10:41.817+0000] {subprocess.py:93} INFO - 26/01/20 04:10:41 INFO DAGScheduler: Registering RDD 34 (csv at NativeMethodAccessorImpl.java:0) as input to shuffle 2
[2026-01-20T04:10:41.818+0000] {subprocess.py:93} INFO - 26/01/20 04:10:41 INFO DAGScheduler: Got map stage job 7 (csv at NativeMethodAccessorImpl.java:0) with 13 output partitions
[2026-01-20T04:10:41.819+0000] {subprocess.py:93} INFO - 26/01/20 04:10:41 INFO DAGScheduler: Final stage: ShuffleMapStage 9 (csv at NativeMethodAccessorImpl.java:0)
[2026-01-20T04:10:41.820+0000] {subprocess.py:93} INFO - 26/01/20 04:10:41 INFO DAGScheduler: Parents of final stage: List()
[2026-01-20T04:10:41.821+0000] {subprocess.py:93} INFO - 26/01/20 04:10:41 INFO DAGScheduler: Missing parents: List()
[2026-01-20T04:10:41.821+0000] {subprocess.py:93} INFO - 26/01/20 04:10:41 INFO DAGScheduler: Submitting ShuffleMapStage 9 (MapPartitionsRDD[34] at csv at NativeMethodAccessorImpl.java:0), which has no missing parents
[2026-01-20T04:10:41.822+0000] {subprocess.py:93} INFO - 26/01/20 04:10:41 INFO MemoryStore: Block broadcast_15 stored as values in memory (estimated size 18.5 KiB, free 422.3 MiB)
[2026-01-20T04:10:41.823+0000] {subprocess.py:93} INFO - 26/01/20 04:10:41 INFO MemoryStore: Block broadcast_15_piece0 stored as bytes in memory (estimated size 8.8 KiB, free 422.3 MiB)
[2026-01-20T04:10:41.824+0000] {subprocess.py:93} INFO - 26/01/20 04:10:41 INFO BlockManagerInfo: Added broadcast_15_piece0 in memory on 519d7d29de3d:42183 (size: 8.8 KiB, free: 432.6 MiB)
[2026-01-20T04:10:41.825+0000] {subprocess.py:93} INFO - 26/01/20 04:10:41 INFO SparkContext: Created broadcast 15 from broadcast at DAGScheduler.scala:1580
[2026-01-20T04:10:41.825+0000] {subprocess.py:93} INFO - 26/01/20 04:10:41 INFO DAGScheduler: Submitting 13 missing tasks from ShuffleMapStage 9 (MapPartitionsRDD[34] at csv at NativeMethodAccessorImpl.java:0) (first 15 tasks are for partitions Vector(0, 1, 2, 3, 4, 5, 6, 7, 8, 9, 10, 11, 12))
[2026-01-20T04:10:41.826+0000] {subprocess.py:93} INFO - 26/01/20 04:10:41 INFO TaskSchedulerImpl: Adding task set 9.0 with 13 tasks resource profile 0
[2026-01-20T04:10:41.827+0000] {subprocess.py:93} INFO - 26/01/20 04:10:41 INFO TaskSetManager: Starting task 0.0 in stage 9.0 (TID 64) (519d7d29de3d, executor driver, partition 0, PROCESS_LOCAL, 8240 bytes)
[2026-01-20T04:10:41.828+0000] {subprocess.py:93} INFO - 26/01/20 04:10:41 INFO TaskSetManager: Starting task 1.0 in stage 9.0 (TID 65) (519d7d29de3d, executor driver, partition 1, PROCESS_LOCAL, 8240 bytes)
[2026-01-20T04:10:41.829+0000] {subprocess.py:93} INFO - 26/01/20 04:10:41 INFO TaskSetManager: Starting task 2.0 in stage 9.0 (TID 66) (519d7d29de3d, executor driver, partition 2, PROCESS_LOCAL, 8240 bytes)
[2026-01-20T04:10:41.832+0000] {subprocess.py:93} INFO - 26/01/20 04:10:41 INFO TaskSetManager: Starting task 3.0 in stage 9.0 (TID 67) (519d7d29de3d, executor driver, partition 3, PROCESS_LOCAL, 8240 bytes)
[2026-01-20T04:10:41.833+0000] {subprocess.py:93} INFO - 26/01/20 04:10:41 INFO TaskSetManager: Starting task 4.0 in stage 9.0 (TID 68) (519d7d29de3d, executor driver, partition 4, PROCESS_LOCAL, 8240 bytes)
[2026-01-20T04:10:41.833+0000] {subprocess.py:93} INFO - 26/01/20 04:10:41 INFO TaskSetManager: Starting task 5.0 in stage 9.0 (TID 69) (519d7d29de3d, executor driver, partition 5, PROCESS_LOCAL, 8240 bytes)
[2026-01-20T04:10:41.834+0000] {subprocess.py:93} INFO - 26/01/20 04:10:41 INFO TaskSetManager: Starting task 6.0 in stage 9.0 (TID 70) (519d7d29de3d, executor driver, partition 6, PROCESS_LOCAL, 8240 bytes)
[2026-01-20T04:10:41.835+0000] {subprocess.py:93} INFO - 26/01/20 04:10:41 INFO TaskSetManager: Starting task 7.0 in stage 9.0 (TID 71) (519d7d29de3d, executor driver, partition 7, PROCESS_LOCAL, 8240 bytes)
[2026-01-20T04:10:41.836+0000] {subprocess.py:93} INFO - 26/01/20 04:10:41 INFO TaskSetManager: Starting task 8.0 in stage 9.0 (TID 72) (519d7d29de3d, executor driver, partition 8, PROCESS_LOCAL, 8240 bytes)
[2026-01-20T04:10:41.837+0000] {subprocess.py:93} INFO - 26/01/20 04:10:41 INFO TaskSetManager: Starting task 9.0 in stage 9.0 (TID 73) (519d7d29de3d, executor driver, partition 9, PROCESS_LOCAL, 8240 bytes)
[2026-01-20T04:10:41.838+0000] {subprocess.py:93} INFO - 26/01/20 04:10:41 INFO TaskSetManager: Starting task 10.0 in stage 9.0 (TID 74) (519d7d29de3d, executor driver, partition 10, PROCESS_LOCAL, 8240 bytes)
[2026-01-20T04:10:41.840+0000] {subprocess.py:93} INFO - 26/01/20 04:10:41 INFO TaskSetManager: Starting task 11.0 in stage 9.0 (TID 75) (519d7d29de3d, executor driver, partition 11, PROCESS_LOCAL, 8240 bytes)
[2026-01-20T04:10:41.840+0000] {subprocess.py:93} INFO - 26/01/20 04:10:41 INFO TaskSetManager: Starting task 12.0 in stage 9.0 (TID 76) (519d7d29de3d, executor driver, partition 12, PROCESS_LOCAL, 8240 bytes)
[2026-01-20T04:10:41.841+0000] {subprocess.py:93} INFO - 26/01/20 04:10:41 INFO Executor: Running task 8.0 in stage 9.0 (TID 72)
[2026-01-20T04:10:41.842+0000] {subprocess.py:93} INFO - 26/01/20 04:10:41 INFO Executor: Running task 7.0 in stage 9.0 (TID 71)
[2026-01-20T04:10:41.842+0000] {subprocess.py:93} INFO - 26/01/20 04:10:41 INFO Executor: Running task 0.0 in stage 9.0 (TID 64)
[2026-01-20T04:10:41.843+0000] {subprocess.py:93} INFO - 26/01/20 04:10:41 INFO Executor: Running task 10.0 in stage 9.0 (TID 74)
[2026-01-20T04:10:41.844+0000] {subprocess.py:93} INFO - 26/01/20 04:10:41 INFO Executor: Running task 9.0 in stage 9.0 (TID 73)
[2026-01-20T04:10:41.845+0000] {subprocess.py:93} INFO - 26/01/20 04:10:41 INFO Executor: Running task 11.0 in stage 9.0 (TID 75)
[2026-01-20T04:10:41.845+0000] {subprocess.py:93} INFO - 26/01/20 04:10:41 INFO Executor: Running task 1.0 in stage 9.0 (TID 65)
[2026-01-20T04:10:41.846+0000] {subprocess.py:93} INFO - 26/01/20 04:10:41 INFO Executor: Running task 2.0 in stage 9.0 (TID 66)
[2026-01-20T04:10:41.847+0000] {subprocess.py:93} INFO - 26/01/20 04:10:41 INFO Executor: Running task 12.0 in stage 9.0 (TID 76)
[2026-01-20T04:10:41.848+0000] {subprocess.py:93} INFO - 26/01/20 04:10:41 INFO Executor: Running task 6.0 in stage 9.0 (TID 70)
[2026-01-20T04:10:41.849+0000] {subprocess.py:93} INFO - 26/01/20 04:10:41 INFO Executor: Running task 3.0 in stage 9.0 (TID 67)
[2026-01-20T04:10:41.850+0000] {subprocess.py:93} INFO - 26/01/20 04:10:41 INFO Executor: Running task 4.0 in stage 9.0 (TID 68)
[2026-01-20T04:10:41.851+0000] {subprocess.py:93} INFO - 26/01/20 04:10:41 INFO Executor: Running task 5.0 in stage 9.0 (TID 69)
[2026-01-20T04:10:41.851+0000] {subprocess.py:93} INFO - 26/01/20 04:10:41 INFO CodeGenerator: Code generated in 6.850851 ms
[2026-01-20T04:10:41.852+0000] {subprocess.py:93} INFO - 26/01/20 04:10:41 INFO CodeGenerator: Code generated in 6.383597 ms
[2026-01-20T04:10:41.853+0000] {subprocess.py:93} INFO - 26/01/20 04:10:41 INFO FileScanRDD: Reading File path: file:///opt/spark-data/landing/transaction_events_1768879479.1820476.json, range: 12582912-16777216, partition values: [empty row]
[2026-01-20T04:10:41.853+0000] {subprocess.py:93} INFO - 26/01/20 04:10:41 INFO FileScanRDD: Reading File path: file:///opt/spark-data/landing/transaction_events_1768879479.1820476.json, range: 8388608-12582912, partition values: [empty row]
[2026-01-20T04:10:41.854+0000] {subprocess.py:93} INFO - 26/01/20 04:10:41 INFO FileScanRDD: Reading File path: file:///opt/spark-data/landing/transaction_events_1768879479.1820476.json, range: 29360128-33554432, partition values: [empty row]
[2026-01-20T04:10:41.855+0000] {subprocess.py:93} INFO - 26/01/20 04:10:41 INFO FileScanRDD: Reading File path: file:///opt/spark-data/landing/transaction_events_1768879479.1820476.json, range: 20971520-25165824, partition values: [empty row]
[2026-01-20T04:10:41.855+0000] {subprocess.py:93} INFO - 26/01/20 04:10:41 INFO FileScanRDD: Reading File path: file:///opt/spark-data/landing/transaction_events_1768879479.1820476.json, range: 0-4194304, partition values: [empty row]
[2026-01-20T04:10:41.856+0000] {subprocess.py:93} INFO - 26/01/20 04:10:41 INFO FileScanRDD: Reading File path: file:///opt/spark-data/landing/transaction_events_1768879479.1820476.json, range: 16777216-20971520, partition values: [empty row]
[2026-01-20T04:10:41.857+0000] {subprocess.py:93} INFO - 26/01/20 04:10:41 INFO FileScanRDD: Reading File path: file:///opt/spark-data/landing/transaction_events_1768879479.1820476.json, range: 4194304-8388608, partition values: [empty row]
[2026-01-20T04:10:41.857+0000] {subprocess.py:93} INFO - 26/01/20 04:10:41 INFO FileScanRDD: Reading File path: file:///opt/spark-data/landing/transaction_events_1768879479.1820476.json, range: 50331648-51561162, partition values: [empty row]
[2026-01-20T04:10:41.858+0000] {subprocess.py:93} INFO - 26/01/20 04:10:41 INFO FileScanRDD: Reading File path: file:///opt/spark-data/landing/transaction_events_1768879479.1820476.json, range: 33554432-37748736, partition values: [empty row]
[2026-01-20T04:10:41.858+0000] {subprocess.py:93} INFO - 26/01/20 04:10:41 INFO FileScanRDD: Reading File path: file:///opt/spark-data/landing/transaction_events_1768879479.1820476.json, range: 37748736-41943040, partition values: [empty row]
[2026-01-20T04:10:41.859+0000] {subprocess.py:93} INFO - 26/01/20 04:10:41 INFO FileScanRDD: Reading File path: file:///opt/spark-data/landing/transaction_events_1768879479.1820476.json, range: 46137344-50331648, partition values: [empty row]
[2026-01-20T04:10:41.860+0000] {subprocess.py:93} INFO - 26/01/20 04:10:41 INFO FileScanRDD: Reading File path: file:///opt/spark-data/landing/transaction_events_1768879479.1820476.json, range: 25165824-29360128, partition values: [empty row]
[2026-01-20T04:10:41.860+0000] {subprocess.py:93} INFO - 26/01/20 04:10:41 INFO FileScanRDD: Reading File path: file:///opt/spark-data/landing/transaction_events_1768879479.1820476.json, range: 41943040-46137344, partition values: [empty row]
[2026-01-20T04:10:41.861+0000] {subprocess.py:93} INFO - 26/01/20 04:10:41 INFO CodeGenerator: Code generated in 6.947929 ms
[2026-01-20T04:10:42.161+0000] {subprocess.py:93} INFO - 26/01/20 04:10:42 INFO Executor: Finished task 12.0 in stage 9.0 (TID 76). 2075 bytes result sent to driver
[2026-01-20T04:10:42.163+0000] {subprocess.py:93} INFO - 26/01/20 04:10:42 INFO TaskSetManager: Finished task 12.0 in stage 9.0 (TID 76) in 335 ms on 519d7d29de3d (executor driver) (1/13)
[2026-01-20T04:10:42.220+0000] {subprocess.py:93} INFO - 26/01/20 04:10:42 INFO BlockManagerInfo: Removed broadcast_13_piece0 on 519d7d29de3d:42183 in memory (size: 82.8 KiB, free: 432.7 MiB)
[2026-01-20T04:10:42.239+0000] {subprocess.py:93} INFO - 26/01/20 04:10:42 INFO BlockManagerInfo: Removed broadcast_4_piece0 on 519d7d29de3d:42183 in memory (size: 34.2 KiB, free: 432.7 MiB)
[2026-01-20T04:10:42.272+0000] {subprocess.py:93} INFO - 26/01/20 04:10:42 INFO BlockManagerInfo: Removed broadcast_6_piece0 on 519d7d29de3d:42183 in memory (size: 16.6 KiB, free: 432.7 MiB)
[2026-01-20T04:10:42.282+0000] {subprocess.py:93} INFO - 26/01/20 04:10:42 INFO BlockManagerInfo: Removed broadcast_10_piece0 on 519d7d29de3d:42183 in memory (size: 7.4 KiB, free: 432.7 MiB)
[2026-01-20T04:10:42.292+0000] {subprocess.py:93} INFO - 26/01/20 04:10:42 INFO BlockManagerInfo: Removed broadcast_5_piece0 on 519d7d29de3d:42183 in memory (size: 34.2 KiB, free: 432.7 MiB)
[2026-01-20T04:10:42.300+0000] {subprocess.py:93} INFO - 26/01/20 04:10:42 INFO BlockManagerInfo: Removed broadcast_7_piece0 on 519d7d29de3d:42183 in memory (size: 9.8 KiB, free: 432.8 MiB)
[2026-01-20T04:10:42.742+0000] {subprocess.py:93} INFO - 26/01/20 04:10:42 INFO Executor: Finished task 11.0 in stage 9.0 (TID 75). 2032 bytes result sent to driver
[2026-01-20T04:10:42.744+0000] {subprocess.py:93} INFO - 26/01/20 04:10:42 INFO TaskSetManager: Finished task 11.0 in stage 9.0 (TID 75) in 917 ms on 519d7d29de3d (executor driver) (2/13)
[2026-01-20T04:10:42.749+0000] {subprocess.py:93} INFO - 26/01/20 04:10:42 INFO Executor: Finished task 3.0 in stage 9.0 (TID 67). 2032 bytes result sent to driver
[2026-01-20T04:10:42.750+0000] {subprocess.py:93} INFO - 26/01/20 04:10:42 INFO TaskSetManager: Finished task 3.0 in stage 9.0 (TID 67) in 926 ms on 519d7d29de3d (executor driver) (3/13)
[2026-01-20T04:10:42.766+0000] {subprocess.py:93} INFO - 26/01/20 04:10:42 INFO Executor: Finished task 4.0 in stage 9.0 (TID 68). 2032 bytes result sent to driver
[2026-01-20T04:10:42.768+0000] {subprocess.py:93} INFO - 26/01/20 04:10:42 INFO Executor: Finished task 10.0 in stage 9.0 (TID 74). 2032 bytes result sent to driver
[2026-01-20T04:10:42.769+0000] {subprocess.py:93} INFO - 26/01/20 04:10:42 INFO TaskSetManager: Finished task 4.0 in stage 9.0 (TID 68) in 942 ms on 519d7d29de3d (executor driver) (4/13)
[2026-01-20T04:10:42.770+0000] {subprocess.py:93} INFO - 26/01/20 04:10:42 INFO TaskSetManager: Finished task 10.0 in stage 9.0 (TID 74) in 942 ms on 519d7d29de3d (executor driver) (5/13)
[2026-01-20T04:10:42.772+0000] {subprocess.py:93} INFO - 26/01/20 04:10:42 INFO Executor: Finished task 2.0 in stage 9.0 (TID 66). 2032 bytes result sent to driver
[2026-01-20T04:10:42.773+0000] {subprocess.py:93} INFO - 26/01/20 04:10:42 INFO Executor: Finished task 0.0 in stage 9.0 (TID 64). 2032 bytes result sent to driver
[2026-01-20T04:10:42.774+0000] {subprocess.py:93} INFO - 26/01/20 04:10:42 INFO Executor: Finished task 5.0 in stage 9.0 (TID 69). 2032 bytes result sent to driver
[2026-01-20T04:10:42.775+0000] {subprocess.py:93} INFO - 26/01/20 04:10:42 INFO Executor: Finished task 7.0 in stage 9.0 (TID 71). 2032 bytes result sent to driver
[2026-01-20T04:10:42.776+0000] {subprocess.py:93} INFO - 26/01/20 04:10:42 INFO TaskSetManager: Finished task 2.0 in stage 9.0 (TID 66) in 950 ms on 519d7d29de3d (executor driver) (6/13)
[2026-01-20T04:10:42.776+0000] {subprocess.py:93} INFO - 26/01/20 04:10:42 INFO TaskSetManager: Finished task 0.0 in stage 9.0 (TID 64) in 951 ms on 519d7d29de3d (executor driver) (7/13)
[2026-01-20T04:10:42.777+0000] {subprocess.py:93} INFO - 26/01/20 04:10:42 INFO Executor: Finished task 8.0 in stage 9.0 (TID 72). 2032 bytes result sent to driver
[2026-01-20T04:10:42.778+0000] {subprocess.py:93} INFO - 26/01/20 04:10:42 INFO TaskSetManager: Finished task 5.0 in stage 9.0 (TID 69) in 950 ms on 519d7d29de3d (executor driver) (8/13)
[2026-01-20T04:10:42.779+0000] {subprocess.py:93} INFO - 26/01/20 04:10:42 INFO Executor: Finished task 1.0 in stage 9.0 (TID 65). 2032 bytes result sent to driver
[2026-01-20T04:10:42.779+0000] {subprocess.py:93} INFO - 26/01/20 04:10:42 INFO TaskSetManager: Finished task 7.0 in stage 9.0 (TID 71) in 950 ms on 519d7d29de3d (executor driver) (9/13)
[2026-01-20T04:10:42.780+0000] {subprocess.py:93} INFO - 26/01/20 04:10:42 INFO Executor: Finished task 6.0 in stage 9.0 (TID 70). 2032 bytes result sent to driver
[2026-01-20T04:10:42.781+0000] {subprocess.py:93} INFO - 26/01/20 04:10:42 INFO TaskSetManager: Finished task 8.0 in stage 9.0 (TID 72) in 950 ms on 519d7d29de3d (executor driver) (10/13)
[2026-01-20T04:10:42.782+0000] {subprocess.py:93} INFO - 26/01/20 04:10:42 INFO TaskSetManager: Finished task 1.0 in stage 9.0 (TID 65) in 953 ms on 519d7d29de3d (executor driver) (11/13)
[2026-01-20T04:10:42.783+0000] {subprocess.py:93} INFO - 26/01/20 04:10:42 INFO TaskSetManager: Finished task 6.0 in stage 9.0 (TID 70) in 952 ms on 519d7d29de3d (executor driver) (12/13)
[2026-01-20T04:10:42.784+0000] {subprocess.py:93} INFO - 26/01/20 04:10:42 INFO Executor: Finished task 9.0 in stage 9.0 (TID 73). 2032 bytes result sent to driver
[2026-01-20T04:10:42.784+0000] {subprocess.py:93} INFO - 26/01/20 04:10:42 INFO TaskSetManager: Finished task 9.0 in stage 9.0 (TID 73) in 952 ms on 519d7d29de3d (executor driver) (13/13)
[2026-01-20T04:10:42.785+0000] {subprocess.py:93} INFO - 26/01/20 04:10:42 INFO TaskSchedulerImpl: Removed TaskSet 9.0, whose tasks have all completed, from pool
[2026-01-20T04:10:42.786+0000] {subprocess.py:93} INFO - 26/01/20 04:10:42 INFO DAGScheduler: ShuffleMapStage 9 (csv at NativeMethodAccessorImpl.java:0) finished in 0.961 s
[2026-01-20T04:10:42.787+0000] {subprocess.py:93} INFO - 26/01/20 04:10:42 INFO DAGScheduler: looking for newly runnable stages
[2026-01-20T04:10:42.787+0000] {subprocess.py:93} INFO - 26/01/20 04:10:42 INFO DAGScheduler: running: Set()
[2026-01-20T04:10:42.788+0000] {subprocess.py:93} INFO - 26/01/20 04:10:42 INFO DAGScheduler: waiting: Set()
[2026-01-20T04:10:42.789+0000] {subprocess.py:93} INFO - 26/01/20 04:10:42 INFO DAGScheduler: failed: Set()
[2026-01-20T04:10:42.790+0000] {subprocess.py:93} INFO - 26/01/20 04:10:42 INFO ShufflePartitionsUtil: For shuffle(2), advisory target size: 67108864, actual target size 1048576, minimum partition size: 1048576
[2026-01-20T04:10:42.849+0000] {subprocess.py:93} INFO - 26/01/20 04:10:42 INFO FileOutputCommitter: File Output Committer Algorithm version is 1
[2026-01-20T04:10:42.849+0000] {subprocess.py:93} INFO - 26/01/20 04:10:42 INFO FileOutputCommitter: FileOutputCommitter skip cleanup _temporary folders under output directory:false, ignore cleanup failures: false
[2026-01-20T04:10:42.850+0000] {subprocess.py:93} INFO - 26/01/20 04:10:42 INFO SQLHadoopMapReduceCommitProtocol: Using output committer class org.apache.hadoop.mapreduce.lib.output.FileOutputCommitter
[2026-01-20T04:10:42.942+0000] {subprocess.py:93} INFO - 26/01/20 04:10:42 INFO CodeGenerator: Code generated in 6.010679 ms
[2026-01-20T04:10:43.014+0000] {subprocess.py:93} INFO - 26/01/20 04:10:43 INFO SparkContext: Starting job: csv at NativeMethodAccessorImpl.java:0
[2026-01-20T04:10:43.018+0000] {subprocess.py:93} INFO - 26/01/20 04:10:43 INFO DAGScheduler: Got job 8 (csv at NativeMethodAccessorImpl.java:0) with 1 output partitions
[2026-01-20T04:10:43.019+0000] {subprocess.py:93} INFO - 26/01/20 04:10:43 INFO DAGScheduler: Final stage: ResultStage 11 (csv at NativeMethodAccessorImpl.java:0)
[2026-01-20T04:10:43.020+0000] {subprocess.py:93} INFO - 26/01/20 04:10:43 INFO DAGScheduler: Parents of final stage: List(ShuffleMapStage 10)
[2026-01-20T04:10:43.021+0000] {subprocess.py:93} INFO - 26/01/20 04:10:43 INFO DAGScheduler: Missing parents: List()
[2026-01-20T04:10:43.022+0000] {subprocess.py:93} INFO - 26/01/20 04:10:43 INFO DAGScheduler: Submitting ResultStage 11 (MapPartitionsRDD[41] at csv at NativeMethodAccessorImpl.java:0), which has no missing parents
[2026-01-20T04:10:43.038+0000] {subprocess.py:93} INFO - 26/01/20 04:10:43 INFO MemoryStore: Block broadcast_16 stored as values in memory (estimated size 244.7 KiB, free 422.9 MiB)
[2026-01-20T04:10:43.041+0000] {subprocess.py:93} INFO - 26/01/20 04:10:43 INFO MemoryStore: Block broadcast_16_piece0 stored as bytes in memory (estimated size 91.7 KiB, free 422.8 MiB)
[2026-01-20T04:10:43.042+0000] {subprocess.py:93} INFO - 26/01/20 04:10:43 INFO BlockManagerInfo: Added broadcast_16_piece0 in memory on 519d7d29de3d:42183 (size: 91.7 KiB, free: 432.7 MiB)
[2026-01-20T04:10:43.043+0000] {subprocess.py:93} INFO - 26/01/20 04:10:43 INFO SparkContext: Created broadcast 16 from broadcast at DAGScheduler.scala:1580
[2026-01-20T04:10:43.043+0000] {subprocess.py:93} INFO - 26/01/20 04:10:43 INFO DAGScheduler: Submitting 1 missing tasks from ResultStage 11 (MapPartitionsRDD[41] at csv at NativeMethodAccessorImpl.java:0) (first 15 tasks are for partitions Vector(0))
[2026-01-20T04:10:43.044+0000] {subprocess.py:93} INFO - 26/01/20 04:10:43 INFO TaskSchedulerImpl: Adding task set 11.0 with 1 tasks resource profile 0
[2026-01-20T04:10:43.046+0000] {subprocess.py:93} INFO - 26/01/20 04:10:43 INFO TaskSetManager: Starting task 0.0 in stage 11.0 (TID 77) (519d7d29de3d, executor driver, partition 0, NODE_LOCAL, 7975 bytes)
[2026-01-20T04:10:43.047+0000] {subprocess.py:93} INFO - 26/01/20 04:10:43 INFO Executor: Running task 0.0 in stage 11.0 (TID 77)
[2026-01-20T04:10:43.072+0000] {subprocess.py:93} INFO - 26/01/20 04:10:43 INFO FileOutputCommitter: File Output Committer Algorithm version is 1
[2026-01-20T04:10:43.073+0000] {subprocess.py:93} INFO - 26/01/20 04:10:43 INFO FileOutputCommitter: FileOutputCommitter skip cleanup _temporary folders under output directory:false, ignore cleanup failures: false
[2026-01-20T04:10:43.074+0000] {subprocess.py:93} INFO - 26/01/20 04:10:43 INFO SQLHadoopMapReduceCommitProtocol: Using output committer class org.apache.hadoop.mapreduce.lib.output.FileOutputCommitter
[2026-01-20T04:10:43.232+0000] {subprocess.py:93} INFO - 26/01/20 04:10:43 INFO ShuffleBlockFetcherIterator: Getting 13 (1044.2 KiB) non-empty blocks including 13 (1044.2 KiB) local and 0 (0.0 B) host-local and 0 (0.0 B) push-merged-local and 0 (0.0 B) remote blocks
[2026-01-20T04:10:43.233+0000] {subprocess.py:93} INFO - 26/01/20 04:10:43 INFO ShuffleBlockFetcherIterator: Started 0 remote fetches in 2 ms
[2026-01-20T04:10:43.240+0000] {subprocess.py:93} INFO - 26/01/20 04:10:43 INFO CodeGenerator: Code generated in 6.618429 ms
[2026-01-20T04:10:43.246+0000] {subprocess.py:93} INFO - 26/01/20 04:10:43 INFO CodeGenerator: Code generated in 4.518382 ms
[2026-01-20T04:10:43.256+0000] {subprocess.py:93} INFO - 26/01/20 04:10:43 INFO CodeGenerator: Code generated in 7.334795 ms
[2026-01-20T04:10:43.270+0000] {subprocess.py:93} INFO - 26/01/20 04:10:43 INFO CodeGenerator: Code generated in 4.889383 ms
[2026-01-20T04:10:43.317+0000] {subprocess.py:93} INFO - 26/01/20 04:10:43 INFO CodeGenerator: Code generated in 5.949685 ms
[2026-01-20T04:10:43.330+0000] {subprocess.py:93} INFO - 26/01/20 04:10:43 INFO CodeGenerator: Code generated in 5.027705 ms
[2026-01-20T04:10:43.336+0000] {subprocess.py:93} INFO - 26/01/20 04:10:43 INFO CodeGenerator: Code generated in 4.827234 ms
[2026-01-20T04:10:43.342+0000] {subprocess.py:93} INFO - 26/01/20 04:10:43 INFO CodeGenerator: Code generated in 4.092729 ms
[2026-01-20T04:10:43.351+0000] {subprocess.py:93} INFO - 26/01/20 04:10:43 INFO CodeGenerator: Code generated in 6.266617 ms
[2026-01-20T04:10:43.360+0000] {subprocess.py:93} INFO - 26/01/20 04:10:43 INFO CodeGenerator: Code generated in 4.637028 ms
[2026-01-20T04:10:43.404+0000] {subprocess.py:93} INFO - 26/01/20 04:10:43 INFO CodeGenerator: Code generated in 4.137544 ms
[2026-01-20T04:10:43.415+0000] {subprocess.py:93} INFO - 26/01/20 04:10:43 INFO CodeGenerator: Code generated in 5.450715 ms
[2026-01-20T04:10:43.420+0000] {subprocess.py:93} INFO - 26/01/20 04:10:43 INFO CodeGenerator: Code generated in 3.608065 ms
[2026-01-20T04:10:43.509+0000] {subprocess.py:93} INFO - 26/01/20 04:10:43 INFO ShuffleBlockFetcherIterator: Getting 13 (1039.8 KiB) non-empty blocks including 13 (1039.8 KiB) local and 0 (0.0 B) host-local and 0 (0.0 B) push-merged-local and 0 (0.0 B) remote blocks
[2026-01-20T04:10:43.511+0000] {subprocess.py:93} INFO - 26/01/20 04:10:43 INFO ShuffleBlockFetcherIterator: Started 0 remote fetches in 1 ms
[2026-01-20T04:10:43.673+0000] {subprocess.py:93} INFO - 26/01/20 04:10:43 INFO ShuffleBlockFetcherIterator: Getting 13 (1030.5 KiB) non-empty blocks including 13 (1030.5 KiB) local and 0 (0.0 B) host-local and 0 (0.0 B) push-merged-local and 0 (0.0 B) remote blocks
[2026-01-20T04:10:43.674+0000] {subprocess.py:93} INFO - 26/01/20 04:10:43 INFO ShuffleBlockFetcherIterator: Started 0 remote fetches in 1 ms
[2026-01-20T04:10:43.807+0000] {subprocess.py:93} INFO - 26/01/20 04:10:43 INFO ShuffleBlockFetcherIterator: Getting 13 (1283.5 KiB) non-empty blocks including 13 (1283.5 KiB) local and 0 (0.0 B) host-local and 0 (0.0 B) push-merged-local and 0 (0.0 B) remote blocks
[2026-01-20T04:10:43.808+0000] {subprocess.py:93} INFO - 26/01/20 04:10:43 INFO ShuffleBlockFetcherIterator: Started 0 remote fetches in 1 ms
[2026-01-20T04:10:44.072+0000] {subprocess.py:93} INFO - 26/01/20 04:10:44 INFO FileOutputCommitter: Saved output of task 'attempt_20260120041043945975055095670386_0011_m_000000_77' to file:/opt/spark-data/gold/transaction_analytics/_temporary/0/task_20260120041043945975055095670386_0011_m_000000
[2026-01-20T04:10:44.073+0000] {subprocess.py:93} INFO - 26/01/20 04:10:44 INFO SparkHadoopMapRedUtil: attempt_20260120041043945975055095670386_0011_m_000000_77: Committed. Elapsed time: 83 ms.
[2026-01-20T04:10:44.073+0000] {subprocess.py:93} INFO - 26/01/20 04:10:44 INFO Executor: Finished task 0.0 in stage 11.0 (TID 77). 5888 bytes result sent to driver
[2026-01-20T04:10:44.074+0000] {subprocess.py:93} INFO - 26/01/20 04:10:44 INFO TaskSetManager: Finished task 0.0 in stage 11.0 (TID 77) in 1030 ms on 519d7d29de3d (executor driver) (1/1)
[2026-01-20T04:10:44.075+0000] {subprocess.py:93} INFO - 26/01/20 04:10:44 INFO TaskSchedulerImpl: Removed TaskSet 11.0, whose tasks have all completed, from pool
[2026-01-20T04:10:44.075+0000] {subprocess.py:93} INFO - 26/01/20 04:10:44 INFO DAGScheduler: ResultStage 11 (csv at NativeMethodAccessorImpl.java:0) finished in 1.056 s
[2026-01-20T04:10:44.076+0000] {subprocess.py:93} INFO - 26/01/20 04:10:44 INFO DAGScheduler: Job 8 is finished. Cancelling potential speculative or zombie tasks for this job
[2026-01-20T04:10:44.077+0000] {subprocess.py:93} INFO - 26/01/20 04:10:44 INFO TaskSchedulerImpl: Killing all running tasks in stage 11: Stage finished
[2026-01-20T04:10:44.077+0000] {subprocess.py:93} INFO - 26/01/20 04:10:44 INFO DAGScheduler: Job 8 finished: csv at NativeMethodAccessorImpl.java:0, took 1.061754 s
[2026-01-20T04:10:44.078+0000] {subprocess.py:93} INFO - 26/01/20 04:10:44 INFO FileFormatWriter: Start to commit write Job 630f2f76-2e1b-453c-b2a0-10a5a98f7844.
[2026-01-20T04:10:44.366+0000] {subprocess.py:93} INFO - 26/01/20 04:10:44 INFO FileFormatWriter: Write Job 630f2f76-2e1b-453c-b2a0-10a5a98f7844 committed. Elapsed time: 288 ms.
[2026-01-20T04:10:44.367+0000] {subprocess.py:93} INFO - 26/01/20 04:10:44 INFO FileFormatWriter: Finished processing stats for write job 630f2f76-2e1b-453c-b2a0-10a5a98f7844.
[2026-01-20T04:10:44.368+0000] {subprocess.py:93} INFO - Analytics Table with Window Functions created successfully.
[2026-01-20T04:10:44.397+0000] {subprocess.py:93} INFO - 26/01/20 04:10:44 INFO FileSourceStrategy: Pushed Filters: IsNotNull(line_items)
[2026-01-20T04:10:44.398+0000] {subprocess.py:93} INFO - 26/01/20 04:10:44 INFO FileSourceStrategy: Post-Scan Filters: (size(line_items#10, true) > 0),isnotnull(line_items#10)
[2026-01-20T04:10:44.413+0000] {subprocess.py:93} INFO - 26/01/20 04:10:44 INFO BlockManagerInfo: Removed broadcast_16_piece0 on 519d7d29de3d:42183 in memory (size: 91.7 KiB, free: 432.8 MiB)
[2026-01-20T04:10:44.527+0000] {subprocess.py:93} INFO - Traceback (most recent call last):
[2026-01-20T04:10:44.528+0000] {subprocess.py:93} INFO -   File "/opt/spark-jobs/etl_job.py", line 175, in <module>
[2026-01-20T04:10:44.532+0000] {subprocess.py:93} INFO -     run_etl(spark,'/opt/spark-data/landing', '/opt/spark-data/gold')
[2026-01-20T04:10:44.533+0000] {subprocess.py:93} INFO -   File "/opt/spark-jobs/etl_job.py", line 160, in run_etl
[2026-01-20T04:10:44.537+0000] {subprocess.py:93} INFO -     transaction_cleaned(spark, df_topic_transaction, output_path)
[2026-01-20T04:10:44.537+0000] {subprocess.py:93} INFO -   File "/opt/spark-jobs/etl_job.py", line 126, in transaction_cleaned
[2026-01-20T04:10:44.540+0000] {subprocess.py:93} INFO -     exploded_topic_transaction.coalesce(1).write.csv(f"{output_path}/transactions_all", mode="overwrite", header=True)
[2026-01-20T04:10:44.541+0000] {subprocess.py:93} INFO -   File "/opt/spark/python/lib/pyspark.zip/pyspark/sql/readwriter.py", line 1864, in csv
[2026-01-20T04:10:44.542+0000] {subprocess.py:93} INFO -   File "/opt/spark/python/lib/py4j-0.10.9.7-src.zip/py4j/java_gateway.py", line 1322, in __call__
[2026-01-20T04:10:44.542+0000] {subprocess.py:93} INFO -   File "/opt/spark/python/lib/pyspark.zip/pyspark/errors/exceptions/captured.py", line 185, in deco
[2026-01-20T04:10:44.548+0000] {subprocess.py:93} INFO - pyspark.errors.exceptions.captured.AnalysisException: [UNSUPPORTED_DATA_TYPE_FOR_DATASOURCE] The CSV datasource doesn't support the column `billing_address` of the type "STRUCT<city: STRING, country: STRING, state: STRING, street: STRING, zip_code: STRING>".
[2026-01-20T04:10:44.617+0000] {subprocess.py:93} INFO - 26/01/20 04:10:44 INFO SparkContext: Invoking stop() from shutdown hook
[2026-01-20T04:10:44.618+0000] {subprocess.py:93} INFO - 26/01/20 04:10:44 INFO SparkContext: SparkContext is stopping with exitCode 0.
[2026-01-20T04:10:44.633+0000] {subprocess.py:93} INFO - 26/01/20 04:10:44 INFO SparkUI: Stopped Spark web UI at http://519d7d29de3d:4040
[2026-01-20T04:10:44.647+0000] {subprocess.py:93} INFO - 26/01/20 04:10:44 INFO MapOutputTrackerMasterEndpoint: MapOutputTrackerMasterEndpoint stopped!
[2026-01-20T04:10:44.673+0000] {subprocess.py:93} INFO - 26/01/20 04:10:44 INFO MemoryStore: MemoryStore cleared
[2026-01-20T04:10:44.674+0000] {subprocess.py:93} INFO - 26/01/20 04:10:44 INFO BlockManager: BlockManager stopped
[2026-01-20T04:10:44.677+0000] {subprocess.py:93} INFO - 26/01/20 04:10:44 INFO BlockManagerMaster: BlockManagerMaster stopped
[2026-01-20T04:10:44.681+0000] {subprocess.py:93} INFO - 26/01/20 04:10:44 INFO OutputCommitCoordinator$OutputCommitCoordinatorEndpoint: OutputCommitCoordinator stopped!
[2026-01-20T04:10:44.695+0000] {subprocess.py:93} INFO - 26/01/20 04:10:44 INFO SparkContext: Successfully stopped SparkContext
[2026-01-20T04:10:44.696+0000] {subprocess.py:93} INFO - 26/01/20 04:10:44 INFO ShutdownHookManager: Shutdown hook called
[2026-01-20T04:10:44.696+0000] {subprocess.py:93} INFO - 26/01/20 04:10:44 INFO ShutdownHookManager: Deleting directory /tmp/spark-2e924b1d-459b-49b9-8120-9ddd6887cb7b
[2026-01-20T04:10:44.700+0000] {subprocess.py:93} INFO - 26/01/20 04:10:44 INFO ShutdownHookManager: Deleting directory /tmp/spark-2cfb1a9b-6ad3-4e0e-9562-6b9893a293a5
[2026-01-20T04:10:44.706+0000] {subprocess.py:93} INFO - 26/01/20 04:10:44 INFO ShutdownHookManager: Deleting directory /tmp/spark-2cfb1a9b-6ad3-4e0e-9562-6b9893a293a5/pyspark-8c4ebdb8-36b6-4374-89c7-944b2a542565
[2026-01-20T04:10:44.772+0000] {subprocess.py:97} INFO - Command exited with return code 1
[2026-01-20T04:10:44.789+0000] {taskinstance.py:2698} ERROR - Task failed with exception
Traceback (most recent call last):
  File "/home/airflow/.local/lib/python3.10/site-packages/airflow/models/taskinstance.py", line 433, in _execute_task
    result = execute_callable(context=context, **execute_callable_kwargs)
  File "/home/airflow/.local/lib/python3.10/site-packages/airflow/operators/bash.py", line 212, in execute
    raise AirflowException(
airflow.exceptions.AirflowException: Bash command failed. The command returned a non-zero exit code 1.
[2026-01-20T04:10:44.795+0000] {taskinstance.py:1138} INFO - Marking task as FAILED. dag_id=streamflow_main, task_id=Spark_Submit, execution_date=20260120T041011, start_date=20260120T041013, end_date=20260120T041044
[2026-01-20T04:10:44.814+0000] {standard_task_runner.py:107} ERROR - Failed to execute job 8 for task Spark_Submit (Bash command failed. The command returned a non-zero exit code 1.; 2829)
[2026-01-20T04:10:44.840+0000] {local_task_job_runner.py:234} INFO - Task exited with return code 1
[2026-01-20T04:10:44.868+0000] {taskinstance.py:3280} INFO - 0 downstream tasks scheduled from follow-on schedule check
