[2026-01-20T05:17:16.398+0000] {taskinstance.py:1956} INFO - Dependencies all met for dep_context=non-requeueable deps ti=<TaskInstance: streamflow_main.Spark_Submit manual__2026-01-20T05:17:14.875391+00:00 [queued]>
[2026-01-20T05:17:16.408+0000] {taskinstance.py:1956} INFO - Dependencies all met for dep_context=requeueable deps ti=<TaskInstance: streamflow_main.Spark_Submit manual__2026-01-20T05:17:14.875391+00:00 [queued]>
[2026-01-20T05:17:16.409+0000] {taskinstance.py:2170} INFO - Starting attempt 1 of 1
[2026-01-20T05:17:16.424+0000] {taskinstance.py:2191} INFO - Executing <Task(BashOperator): Spark_Submit> on 2026-01-20 05:17:14.875391+00:00
[2026-01-20T05:17:16.429+0000] {standard_task_runner.py:60} INFO - Started process 12357 to run task
[2026-01-20T05:17:16.434+0000] {standard_task_runner.py:87} INFO - Running: ['***', 'tasks', 'run', 'streamflow_main', 'Spark_Submit', 'manual__2026-01-20T05:17:14.875391+00:00', '--job-id', '27', '--raw', '--subdir', 'DAGS_FOLDER/dag_streamflow.py', '--cfg-path', '/tmp/tmprwfa_wol']
[2026-01-20T05:17:16.437+0000] {standard_task_runner.py:88} INFO - Job 27: Subtask Spark_Submit
[2026-01-20T05:17:16.494+0000] {task_command.py:423} INFO - Running <TaskInstance: streamflow_main.Spark_Submit manual__2026-01-20T05:17:14.875391+00:00 [running]> on host 519d7d29de3d
[2026-01-20T05:17:16.574+0000] {taskinstance.py:2480} INFO - Exporting env vars: AIRFLOW_CTX_DAG_OWNER='student' AIRFLOW_CTX_DAG_ID='streamflow_main' AIRFLOW_CTX_TASK_ID='Spark_Submit' AIRFLOW_CTX_EXECUTION_DATE='2026-01-20T05:17:14.875391+00:00' AIRFLOW_CTX_TRY_NUMBER='1' AIRFLOW_CTX_DAG_RUN_ID='manual__2026-01-20T05:17:14.875391+00:00'
[2026-01-20T05:17:16.576+0000] {subprocess.py:63} INFO - Tmp dir root location: /tmp
[2026-01-20T05:17:16.577+0000] {subprocess.py:75} INFO - Running command: ['/usr/bin/bash', '-c', '\n            spark-submit                 --master spark://spark-master:7077                 /opt/spark-jobs/etl_job.py\n        ']
[2026-01-20T05:17:16.584+0000] {subprocess.py:86} INFO - Output:
[2026-01-20T05:17:16.590+0000] {subprocess.py:93} INFO - /opt/spark/bin/load-spark-env.sh: line 68: ps: command not found
[2026-01-20T05:17:18.992+0000] {subprocess.py:93} INFO - 26/01/20 05:17:18 INFO SparkContext: Running Spark version 3.5.0
[2026-01-20T05:17:18.994+0000] {subprocess.py:93} INFO - 26/01/20 05:17:18 INFO SparkContext: OS info Linux, 5.15.167.4-microsoft-standard-WSL2, amd64
[2026-01-20T05:17:18.995+0000] {subprocess.py:93} INFO - 26/01/20 05:17:18 INFO SparkContext: Java version 17.0.17
[2026-01-20T05:17:19.036+0000] {subprocess.py:93} INFO - 26/01/20 05:17:19 WARN NativeCodeLoader: Unable to load native-hadoop library for your platform... using builtin-java classes where applicable
[2026-01-20T05:17:19.110+0000] {subprocess.py:93} INFO - 26/01/20 05:17:19 INFO ResourceUtils: ==============================================================
[2026-01-20T05:17:19.111+0000] {subprocess.py:93} INFO - 26/01/20 05:17:19 INFO ResourceUtils: No custom resources configured for spark.driver.
[2026-01-20T05:17:19.112+0000] {subprocess.py:93} INFO - 26/01/20 05:17:19 INFO ResourceUtils: ==============================================================
[2026-01-20T05:17:19.113+0000] {subprocess.py:93} INFO - 26/01/20 05:17:19 INFO SparkContext: Submitted application: ETL_job
[2026-01-20T05:17:19.130+0000] {subprocess.py:93} INFO - 26/01/20 05:17:19 INFO ResourceProfile: Default ResourceProfile created, executor resources: Map(cores -> name: cores, amount: 1, script: , vendor: , memory -> name: memory, amount: 1024, script: , vendor: , offHeap -> name: offHeap, amount: 0, script: , vendor: ), task resources: Map(cpus -> name: cpus, amount: 1.0)
[2026-01-20T05:17:19.138+0000] {subprocess.py:93} INFO - 26/01/20 05:17:19 INFO ResourceProfile: Limiting resource is cpu
[2026-01-20T05:17:19.139+0000] {subprocess.py:93} INFO - 26/01/20 05:17:19 INFO ResourceProfileManager: Added ResourceProfile id: 0
[2026-01-20T05:17:19.187+0000] {subprocess.py:93} INFO - 26/01/20 05:17:19 INFO SecurityManager: Changing view acls to: root
[2026-01-20T05:17:19.188+0000] {subprocess.py:93} INFO - 26/01/20 05:17:19 INFO SecurityManager: Changing modify acls to: root
[2026-01-20T05:17:19.189+0000] {subprocess.py:93} INFO - 26/01/20 05:17:19 INFO SecurityManager: Changing view acls groups to:
[2026-01-20T05:17:19.189+0000] {subprocess.py:93} INFO - 26/01/20 05:17:19 INFO SecurityManager: Changing modify acls groups to:
[2026-01-20T05:17:19.190+0000] {subprocess.py:93} INFO - 26/01/20 05:17:19 INFO SecurityManager: SecurityManager: authentication disabled; ui acls disabled; users with view permissions: root; groups with view permissions: EMPTY; users with modify permissions: root; groups with modify permissions: EMPTY
[2026-01-20T05:17:19.450+0000] {subprocess.py:93} INFO - 26/01/20 05:17:19 INFO Utils: Successfully started service 'sparkDriver' on port 46699.
[2026-01-20T05:17:19.486+0000] {subprocess.py:93} INFO - 26/01/20 05:17:19 INFO SparkEnv: Registering MapOutputTracker
[2026-01-20T05:17:19.522+0000] {subprocess.py:93} INFO - 26/01/20 05:17:19 INFO SparkEnv: Registering BlockManagerMaster
[2026-01-20T05:17:19.535+0000] {subprocess.py:93} INFO - 26/01/20 05:17:19 INFO BlockManagerMasterEndpoint: Using org.apache.spark.storage.DefaultTopologyMapper for getting topology information
[2026-01-20T05:17:19.536+0000] {subprocess.py:93} INFO - 26/01/20 05:17:19 INFO BlockManagerMasterEndpoint: BlockManagerMasterEndpoint up
[2026-01-20T05:17:19.539+0000] {subprocess.py:93} INFO - 26/01/20 05:17:19 INFO SparkEnv: Registering BlockManagerMasterHeartbeat
[2026-01-20T05:17:19.556+0000] {subprocess.py:93} INFO - 26/01/20 05:17:19 INFO DiskBlockManager: Created local directory at /tmp/blockmgr-6306638b-38a1-4dc4-8320-96494aa5a174
[2026-01-20T05:17:19.569+0000] {subprocess.py:93} INFO - 26/01/20 05:17:19 INFO MemoryStore: MemoryStore started with capacity 434.4 MiB
[2026-01-20T05:17:19.587+0000] {subprocess.py:93} INFO - 26/01/20 05:17:19 INFO SparkEnv: Registering OutputCommitCoordinator
[2026-01-20T05:17:19.710+0000] {subprocess.py:93} INFO - 26/01/20 05:17:19 INFO JettyUtils: Start Jetty 0.0.0.0:4040 for SparkUI
[2026-01-20T05:17:19.763+0000] {subprocess.py:93} INFO - 26/01/20 05:17:19 INFO Utils: Successfully started service 'SparkUI' on port 4040.
[2026-01-20T05:17:19.859+0000] {subprocess.py:93} INFO - 26/01/20 05:17:19 INFO Executor: Starting executor ID driver on host 519d7d29de3d
[2026-01-20T05:17:19.860+0000] {subprocess.py:93} INFO - 26/01/20 05:17:19 INFO Executor: OS info Linux, 5.15.167.4-microsoft-standard-WSL2, amd64
[2026-01-20T05:17:19.861+0000] {subprocess.py:93} INFO - 26/01/20 05:17:19 INFO Executor: Java version 17.0.17
[2026-01-20T05:17:19.867+0000] {subprocess.py:93} INFO - 26/01/20 05:17:19 INFO Executor: Starting executor with user classpath (userClassPathFirst = false): ''
[2026-01-20T05:17:19.868+0000] {subprocess.py:93} INFO - 26/01/20 05:17:19 INFO Executor: Created or updated repl class loader org.apache.spark.util.MutableURLClassLoader@272584ff for default.
[2026-01-20T05:17:19.886+0000] {subprocess.py:93} INFO - 26/01/20 05:17:19 INFO Utils: Successfully started service 'org.apache.spark.network.netty.NettyBlockTransferService' on port 39069.
[2026-01-20T05:17:19.886+0000] {subprocess.py:93} INFO - 26/01/20 05:17:19 INFO NettyBlockTransferService: Server created on 519d7d29de3d:39069
[2026-01-20T05:17:19.888+0000] {subprocess.py:93} INFO - 26/01/20 05:17:19 INFO BlockManager: Using org.apache.spark.storage.RandomBlockReplicationPolicy for block replication policy
[2026-01-20T05:17:19.892+0000] {subprocess.py:93} INFO - 26/01/20 05:17:19 INFO BlockManagerMaster: Registering BlockManager BlockManagerId(driver, 519d7d29de3d, 39069, None)
[2026-01-20T05:17:19.895+0000] {subprocess.py:93} INFO - 26/01/20 05:17:19 INFO BlockManagerMasterEndpoint: Registering block manager 519d7d29de3d:39069 with 434.4 MiB RAM, BlockManagerId(driver, 519d7d29de3d, 39069, None)
[2026-01-20T05:17:19.897+0000] {subprocess.py:93} INFO - 26/01/20 05:17:19 INFO BlockManagerMaster: Registered BlockManager BlockManagerId(driver, 519d7d29de3d, 39069, None)
[2026-01-20T05:17:19.897+0000] {subprocess.py:93} INFO - 26/01/20 05:17:19 INFO BlockManager: Initialized BlockManager: BlockManagerId(driver, 519d7d29de3d, 39069, None)
[2026-01-20T05:17:20.254+0000] {subprocess.py:93} INFO - 26/01/20 05:17:20 INFO SharedState: Setting hive.metastore.warehouse.dir ('null') to the value of spark.sql.warehouse.dir.
[2026-01-20T05:17:20.259+0000] {subprocess.py:93} INFO - 26/01/20 05:17:20 INFO SharedState: Warehouse path is 'file:/tmp/***tmpdijum8q2/spark-warehouse'.
[2026-01-20T05:17:23.017+0000] {subprocess.py:93} INFO - 26/01/20 05:17:23 INFO InMemoryFileIndex: It took 47 ms to list leaf files for 1 paths.
[2026-01-20T05:17:23.099+0000] {subprocess.py:93} INFO - 26/01/20 05:17:23 INFO InMemoryFileIndex: It took 10 ms to list leaf files for 1 paths.
[2026-01-20T05:17:24.835+0000] {subprocess.py:93} INFO - 26/01/20 05:17:24 INFO FileSourceStrategy: Pushed Filters:
[2026-01-20T05:17:24.845+0000] {subprocess.py:93} INFO - 26/01/20 05:17:24 INFO FileSourceStrategy: Post-Scan Filters:
[2026-01-20T05:17:25.070+0000] {subprocess.py:93} INFO - 26/01/20 05:17:25 INFO MemoryStore: Block broadcast_0 stored as values in memory (estimated size 199.2 KiB, free 434.2 MiB)
[2026-01-20T05:17:25.129+0000] {subprocess.py:93} INFO - 26/01/20 05:17:25 INFO MemoryStore: Block broadcast_0_piece0 stored as bytes in memory (estimated size 34.2 KiB, free 434.2 MiB)
[2026-01-20T05:17:25.132+0000] {subprocess.py:93} INFO - 26/01/20 05:17:25 INFO BlockManagerInfo: Added broadcast_0_piece0 in memory on 519d7d29de3d:39069 (size: 34.2 KiB, free: 434.4 MiB)
[2026-01-20T05:17:25.136+0000] {subprocess.py:93} INFO - 26/01/20 05:17:25 INFO SparkContext: Created broadcast 0 from json at NativeMethodAccessorImpl.java:0
[2026-01-20T05:17:25.148+0000] {subprocess.py:93} INFO - 26/01/20 05:17:25 INFO FileSourceScanExec: Planning scan with bin packing, max size: 4194304 bytes, open cost is considered as scanning 4194304 bytes.
[2026-01-20T05:17:25.305+0000] {subprocess.py:93} INFO - 26/01/20 05:17:25 INFO SparkContext: Starting job: json at NativeMethodAccessorImpl.java:0
[2026-01-20T05:17:25.321+0000] {subprocess.py:93} INFO - 26/01/20 05:17:25 INFO DAGScheduler: Got job 0 (json at NativeMethodAccessorImpl.java:0) with 13 output partitions
[2026-01-20T05:17:25.322+0000] {subprocess.py:93} INFO - 26/01/20 05:17:25 INFO DAGScheduler: Final stage: ResultStage 0 (json at NativeMethodAccessorImpl.java:0)
[2026-01-20T05:17:25.323+0000] {subprocess.py:93} INFO - 26/01/20 05:17:25 INFO DAGScheduler: Parents of final stage: List()
[2026-01-20T05:17:25.324+0000] {subprocess.py:93} INFO - 26/01/20 05:17:25 INFO DAGScheduler: Missing parents: List()
[2026-01-20T05:17:25.326+0000] {subprocess.py:93} INFO - 26/01/20 05:17:25 INFO DAGScheduler: Submitting ResultStage 0 (MapPartitionsRDD[3] at json at NativeMethodAccessorImpl.java:0), which has no missing parents
[2026-01-20T05:17:25.409+0000] {subprocess.py:93} INFO - 26/01/20 05:17:25 INFO MemoryStore: Block broadcast_1 stored as values in memory (estimated size 16.0 KiB, free 434.2 MiB)
[2026-01-20T05:17:25.412+0000] {subprocess.py:93} INFO - 26/01/20 05:17:25 INFO MemoryStore: Block broadcast_1_piece0 stored as bytes in memory (estimated size 7.5 KiB, free 434.1 MiB)
[2026-01-20T05:17:25.412+0000] {subprocess.py:93} INFO - 26/01/20 05:17:25 INFO BlockManagerInfo: Added broadcast_1_piece0 in memory on 519d7d29de3d:39069 (size: 7.5 KiB, free: 434.4 MiB)
[2026-01-20T05:17:25.413+0000] {subprocess.py:93} INFO - 26/01/20 05:17:25 INFO SparkContext: Created broadcast 1 from broadcast at DAGScheduler.scala:1580
[2026-01-20T05:17:25.427+0000] {subprocess.py:93} INFO - 26/01/20 05:17:25 INFO DAGScheduler: Submitting 13 missing tasks from ResultStage 0 (MapPartitionsRDD[3] at json at NativeMethodAccessorImpl.java:0) (first 15 tasks are for partitions Vector(0, 1, 2, 3, 4, 5, 6, 7, 8, 9, 10, 11, 12))
[2026-01-20T05:17:25.428+0000] {subprocess.py:93} INFO - 26/01/20 05:17:25 INFO TaskSchedulerImpl: Adding task set 0.0 with 13 tasks resource profile 0
[2026-01-20T05:17:25.473+0000] {subprocess.py:93} INFO - 26/01/20 05:17:25 INFO TaskSetManager: Starting task 0.0 in stage 0.0 (TID 0) (519d7d29de3d, executor driver, partition 0, PROCESS_LOCAL, 8251 bytes)
[2026-01-20T05:17:25.477+0000] {subprocess.py:93} INFO - 26/01/20 05:17:25 INFO TaskSetManager: Starting task 1.0 in stage 0.0 (TID 1) (519d7d29de3d, executor driver, partition 1, PROCESS_LOCAL, 8251 bytes)
[2026-01-20T05:17:25.478+0000] {subprocess.py:93} INFO - 26/01/20 05:17:25 INFO TaskSetManager: Starting task 2.0 in stage 0.0 (TID 2) (519d7d29de3d, executor driver, partition 2, PROCESS_LOCAL, 8251 bytes)
[2026-01-20T05:17:25.479+0000] {subprocess.py:93} INFO - 26/01/20 05:17:25 INFO TaskSetManager: Starting task 3.0 in stage 0.0 (TID 3) (519d7d29de3d, executor driver, partition 3, PROCESS_LOCAL, 8251 bytes)
[2026-01-20T05:17:25.480+0000] {subprocess.py:93} INFO - 26/01/20 05:17:25 INFO TaskSetManager: Starting task 4.0 in stage 0.0 (TID 4) (519d7d29de3d, executor driver, partition 4, PROCESS_LOCAL, 8251 bytes)
[2026-01-20T05:17:25.482+0000] {subprocess.py:93} INFO - 26/01/20 05:17:25 INFO TaskSetManager: Starting task 5.0 in stage 0.0 (TID 5) (519d7d29de3d, executor driver, partition 5, PROCESS_LOCAL, 8251 bytes)
[2026-01-20T05:17:25.483+0000] {subprocess.py:93} INFO - 26/01/20 05:17:25 INFO TaskSetManager: Starting task 6.0 in stage 0.0 (TID 6) (519d7d29de3d, executor driver, partition 6, PROCESS_LOCAL, 8251 bytes)
[2026-01-20T05:17:25.484+0000] {subprocess.py:93} INFO - 26/01/20 05:17:25 INFO TaskSetManager: Starting task 7.0 in stage 0.0 (TID 7) (519d7d29de3d, executor driver, partition 7, PROCESS_LOCAL, 8251 bytes)
[2026-01-20T05:17:25.485+0000] {subprocess.py:93} INFO - 26/01/20 05:17:25 INFO TaskSetManager: Starting task 8.0 in stage 0.0 (TID 8) (519d7d29de3d, executor driver, partition 8, PROCESS_LOCAL, 8251 bytes)
[2026-01-20T05:17:25.486+0000] {subprocess.py:93} INFO - 26/01/20 05:17:25 INFO TaskSetManager: Starting task 9.0 in stage 0.0 (TID 9) (519d7d29de3d, executor driver, partition 9, PROCESS_LOCAL, 8251 bytes)
[2026-01-20T05:17:25.486+0000] {subprocess.py:93} INFO - 26/01/20 05:17:25 INFO TaskSetManager: Starting task 10.0 in stage 0.0 (TID 10) (519d7d29de3d, executor driver, partition 10, PROCESS_LOCAL, 8251 bytes)
[2026-01-20T05:17:25.487+0000] {subprocess.py:93} INFO - 26/01/20 05:17:25 INFO TaskSetManager: Starting task 11.0 in stage 0.0 (TID 11) (519d7d29de3d, executor driver, partition 11, PROCESS_LOCAL, 8251 bytes)
[2026-01-20T05:17:25.488+0000] {subprocess.py:93} INFO - 26/01/20 05:17:25 INFO TaskSetManager: Starting task 12.0 in stage 0.0 (TID 12) (519d7d29de3d, executor driver, partition 12, PROCESS_LOCAL, 8251 bytes)
[2026-01-20T05:17:25.498+0000] {subprocess.py:93} INFO - 26/01/20 05:17:25 INFO Executor: Running task 0.0 in stage 0.0 (TID 0)
[2026-01-20T05:17:25.499+0000] {subprocess.py:93} INFO - 26/01/20 05:17:25 INFO Executor: Running task 1.0 in stage 0.0 (TID 1)
[2026-01-20T05:17:25.499+0000] {subprocess.py:93} INFO - 26/01/20 05:17:25 INFO Executor: Running task 3.0 in stage 0.0 (TID 3)
[2026-01-20T05:17:25.502+0000] {subprocess.py:93} INFO - 26/01/20 05:17:25 INFO Executor: Running task 6.0 in stage 0.0 (TID 6)
[2026-01-20T05:17:25.503+0000] {subprocess.py:93} INFO - 26/01/20 05:17:25 INFO Executor: Running task 4.0 in stage 0.0 (TID 4)
[2026-01-20T05:17:25.503+0000] {subprocess.py:93} INFO - 26/01/20 05:17:25 INFO Executor: Running task 2.0 in stage 0.0 (TID 2)
[2026-01-20T05:17:25.504+0000] {subprocess.py:93} INFO - 26/01/20 05:17:25 INFO Executor: Running task 5.0 in stage 0.0 (TID 5)
[2026-01-20T05:17:25.505+0000] {subprocess.py:93} INFO - 26/01/20 05:17:25 INFO Executor: Running task 7.0 in stage 0.0 (TID 7)
[2026-01-20T05:17:25.505+0000] {subprocess.py:93} INFO - 26/01/20 05:17:25 INFO Executor: Running task 8.0 in stage 0.0 (TID 8)
[2026-01-20T05:17:25.506+0000] {subprocess.py:93} INFO - 26/01/20 05:17:25 INFO Executor: Running task 9.0 in stage 0.0 (TID 9)
[2026-01-20T05:17:25.507+0000] {subprocess.py:93} INFO - 26/01/20 05:17:25 INFO Executor: Running task 10.0 in stage 0.0 (TID 10)
[2026-01-20T05:17:25.508+0000] {subprocess.py:93} INFO - 26/01/20 05:17:25 INFO Executor: Running task 12.0 in stage 0.0 (TID 12)
[2026-01-20T05:17:25.509+0000] {subprocess.py:93} INFO - 26/01/20 05:17:25 INFO Executor: Running task 11.0 in stage 0.0 (TID 11)
[2026-01-20T05:17:25.708+0000] {subprocess.py:93} INFO - 26/01/20 05:17:25 INFO FileScanRDD: Reading File path: file:///opt/spark-data/landing/transaction_events_1768879479.1820476.json, range: 46137344-50331648, partition values: [empty row]
[2026-01-20T05:17:25.709+0000] {subprocess.py:93} INFO - 26/01/20 05:17:25 INFO FileScanRDD: Reading File path: file:///opt/spark-data/landing/transaction_events_1768879479.1820476.json, range: 4194304-8388608, partition values: [empty row]
[2026-01-20T05:17:25.710+0000] {subprocess.py:93} INFO - 26/01/20 05:17:25 INFO FileScanRDD: Reading File path: file:///opt/spark-data/landing/transaction_events_1768879479.1820476.json, range: 0-4194304, partition values: [empty row]
[2026-01-20T05:17:25.711+0000] {subprocess.py:93} INFO - 26/01/20 05:17:25 INFO FileScanRDD: Reading File path: file:///opt/spark-data/landing/transaction_events_1768879479.1820476.json, range: 33554432-37748736, partition values: [empty row]
[2026-01-20T05:17:25.711+0000] {subprocess.py:93} INFO - 26/01/20 05:17:25 INFO FileScanRDD: Reading File path: file:///opt/spark-data/landing/transaction_events_1768879479.1820476.json, range: 50331648-51561162, partition values: [empty row]
[2026-01-20T05:17:25.712+0000] {subprocess.py:93} INFO - 26/01/20 05:17:25 INFO FileScanRDD: Reading File path: file:///opt/spark-data/landing/transaction_events_1768879479.1820476.json, range: 29360128-33554432, partition values: [empty row]
[2026-01-20T05:17:25.713+0000] {subprocess.py:93} INFO - 26/01/20 05:17:25 INFO FileScanRDD: Reading File path: file:///opt/spark-data/landing/transaction_events_1768879479.1820476.json, range: 8388608-12582912, partition values: [empty row]
[2026-01-20T05:17:25.714+0000] {subprocess.py:93} INFO - 26/01/20 05:17:25 INFO FileScanRDD: Reading File path: file:///opt/spark-data/landing/transaction_events_1768879479.1820476.json, range: 37748736-41943040, partition values: [empty row]
[2026-01-20T05:17:25.715+0000] {subprocess.py:93} INFO - 26/01/20 05:17:25 INFO FileScanRDD: Reading File path: file:///opt/spark-data/landing/transaction_events_1768879479.1820476.json, range: 25165824-29360128, partition values: [empty row]
[2026-01-20T05:17:25.715+0000] {subprocess.py:93} INFO - 26/01/20 05:17:25 INFO FileScanRDD: Reading File path: file:///opt/spark-data/landing/transaction_events_1768879479.1820476.json, range: 16777216-20971520, partition values: [empty row]
[2026-01-20T05:17:25.716+0000] {subprocess.py:93} INFO - 26/01/20 05:17:25 INFO FileScanRDD: Reading File path: file:///opt/spark-data/landing/transaction_events_1768879479.1820476.json, range: 20971520-25165824, partition values: [empty row]
[2026-01-20T05:17:25.717+0000] {subprocess.py:93} INFO - 26/01/20 05:17:25 INFO FileScanRDD: Reading File path: file:///opt/spark-data/landing/transaction_events_1768879479.1820476.json, range: 41943040-46137344, partition values: [empty row]
[2026-01-20T05:17:25.718+0000] {subprocess.py:93} INFO - 26/01/20 05:17:25 INFO FileScanRDD: Reading File path: file:///opt/spark-data/landing/transaction_events_1768879479.1820476.json, range: 12582912-16777216, partition values: [empty row]
[2026-01-20T05:17:25.916+0000] {subprocess.py:93} INFO - 26/01/20 05:17:25 INFO CodeGenerator: Code generated in 152.166708 ms
[2026-01-20T05:17:26.650+0000] {subprocess.py:93} INFO - 26/01/20 05:17:26 INFO Executor: Finished task 12.0 in stage 0.0 (TID 12). 3067 bytes result sent to driver
[2026-01-20T05:17:26.669+0000] {subprocess.py:93} INFO - 26/01/20 05:17:26 INFO TaskSetManager: Finished task 12.0 in stage 0.0 (TID 12) in 1181 ms on 519d7d29de3d (executor driver) (1/13)
[2026-01-20T05:17:26.809+0000] {subprocess.py:93} INFO - 26/01/20 05:17:26 INFO Executor: Finished task 10.0 in stage 0.0 (TID 10). 3024 bytes result sent to driver
[2026-01-20T05:17:26.810+0000] {subprocess.py:93} INFO - 26/01/20 05:17:26 INFO Executor: Finished task 3.0 in stage 0.0 (TID 3). 3067 bytes result sent to driver
[2026-01-20T05:17:26.811+0000] {subprocess.py:93} INFO - 26/01/20 05:17:26 INFO Executor: Finished task 8.0 in stage 0.0 (TID 8). 3024 bytes result sent to driver
[2026-01-20T05:17:26.812+0000] {subprocess.py:93} INFO - 26/01/20 05:17:26 INFO Executor: Finished task 6.0 in stage 0.0 (TID 6). 3024 bytes result sent to driver
[2026-01-20T05:17:26.813+0000] {subprocess.py:93} INFO - 26/01/20 05:17:26 INFO Executor: Finished task 0.0 in stage 0.0 (TID 0). 3024 bytes result sent to driver
[2026-01-20T05:17:26.814+0000] {subprocess.py:93} INFO - 26/01/20 05:17:26 INFO Executor: Finished task 2.0 in stage 0.0 (TID 2). 3024 bytes result sent to driver
[2026-01-20T05:17:26.815+0000] {subprocess.py:93} INFO - 26/01/20 05:17:26 INFO Executor: Finished task 11.0 in stage 0.0 (TID 11). 3024 bytes result sent to driver
[2026-01-20T05:17:26.816+0000] {subprocess.py:93} INFO - 26/01/20 05:17:26 INFO TaskSetManager: Finished task 3.0 in stage 0.0 (TID 3) in 1335 ms on 519d7d29de3d (executor driver) (2/13)
[2026-01-20T05:17:26.816+0000] {subprocess.py:93} INFO - 26/01/20 05:17:26 INFO TaskSetManager: Finished task 10.0 in stage 0.0 (TID 10) in 1328 ms on 519d7d29de3d (executor driver) (3/13)
[2026-01-20T05:17:26.817+0000] {subprocess.py:93} INFO - 26/01/20 05:17:26 INFO Executor: Finished task 1.0 in stage 0.0 (TID 1). 3024 bytes result sent to driver
[2026-01-20T05:17:26.818+0000] {subprocess.py:93} INFO - 26/01/20 05:17:26 INFO Executor: Finished task 4.0 in stage 0.0 (TID 4). 3024 bytes result sent to driver
[2026-01-20T05:17:26.818+0000] {subprocess.py:93} INFO - 26/01/20 05:17:26 INFO TaskSetManager: Finished task 8.0 in stage 0.0 (TID 8) in 1331 ms on 519d7d29de3d (executor driver) (4/13)
[2026-01-20T05:17:26.819+0000] {subprocess.py:93} INFO - 26/01/20 05:17:26 INFO TaskSetManager: Finished task 0.0 in stage 0.0 (TID 0) in 1361 ms on 519d7d29de3d (executor driver) (5/13)
[2026-01-20T05:17:26.820+0000] {subprocess.py:93} INFO - 26/01/20 05:17:26 INFO TaskSetManager: Finished task 6.0 in stage 0.0 (TID 6) in 1334 ms on 519d7d29de3d (executor driver) (6/13)
[2026-01-20T05:17:26.820+0000] {subprocess.py:93} INFO - 26/01/20 05:17:26 INFO TaskSetManager: Finished task 1.0 in stage 0.0 (TID 1) in 1340 ms on 519d7d29de3d (executor driver) (7/13)
[2026-01-20T05:17:26.821+0000] {subprocess.py:93} INFO - 26/01/20 05:17:26 INFO Executor: Finished task 5.0 in stage 0.0 (TID 5). 3024 bytes result sent to driver
[2026-01-20T05:17:26.822+0000] {subprocess.py:93} INFO - 26/01/20 05:17:26 INFO TaskSetManager: Finished task 11.0 in stage 0.0 (TID 11) in 1331 ms on 519d7d29de3d (executor driver) (8/13)
[2026-01-20T05:17:26.823+0000] {subprocess.py:93} INFO - 26/01/20 05:17:26 INFO Executor: Finished task 7.0 in stage 0.0 (TID 7). 3024 bytes result sent to driver
[2026-01-20T05:17:26.823+0000] {subprocess.py:93} INFO - 26/01/20 05:17:26 INFO TaskSetManager: Finished task 2.0 in stage 0.0 (TID 2) in 1340 ms on 519d7d29de3d (executor driver) (9/13)
[2026-01-20T05:17:26.824+0000] {subprocess.py:93} INFO - 26/01/20 05:17:26 INFO Executor: Finished task 9.0 in stage 0.0 (TID 9). 3024 bytes result sent to driver
[2026-01-20T05:17:26.825+0000] {subprocess.py:93} INFO - 26/01/20 05:17:26 INFO TaskSetManager: Finished task 4.0 in stage 0.0 (TID 4) in 1339 ms on 519d7d29de3d (executor driver) (10/13)
[2026-01-20T05:17:26.825+0000] {subprocess.py:93} INFO - 26/01/20 05:17:26 INFO TaskSetManager: Finished task 7.0 in stage 0.0 (TID 7) in 1336 ms on 519d7d29de3d (executor driver) (11/13)
[2026-01-20T05:17:26.826+0000] {subprocess.py:93} INFO - 26/01/20 05:17:26 INFO TaskSetManager: Finished task 9.0 in stage 0.0 (TID 9) in 1336 ms on 519d7d29de3d (executor driver) (12/13)
[2026-01-20T05:17:26.827+0000] {subprocess.py:93} INFO - 26/01/20 05:17:26 INFO TaskSetManager: Finished task 5.0 in stage 0.0 (TID 5) in 1340 ms on 519d7d29de3d (executor driver) (13/13)
[2026-01-20T05:17:26.828+0000] {subprocess.py:93} INFO - 26/01/20 05:17:26 INFO TaskSchedulerImpl: Removed TaskSet 0.0, whose tasks have all completed, from pool
[2026-01-20T05:17:26.828+0000] {subprocess.py:93} INFO - 26/01/20 05:17:26 INFO DAGScheduler: ResultStage 0 (json at NativeMethodAccessorImpl.java:0) finished in 1.481 s
[2026-01-20T05:17:26.829+0000] {subprocess.py:93} INFO - 26/01/20 05:17:26 INFO DAGScheduler: Job 0 is finished. Cancelling potential speculative or zombie tasks for this job
[2026-01-20T05:17:26.830+0000] {subprocess.py:93} INFO - 26/01/20 05:17:26 INFO TaskSchedulerImpl: Killing all running tasks in stage 0: Stage finished
[2026-01-20T05:17:26.831+0000] {subprocess.py:93} INFO - 26/01/20 05:17:26 INFO DAGScheduler: Job 0 finished: json at NativeMethodAccessorImpl.java:0, took 1.524001 s
[2026-01-20T05:17:26.939+0000] {subprocess.py:93} INFO - 26/01/20 05:17:26 INFO InMemoryFileIndex: It took 5 ms to list leaf files for 1 paths.
[2026-01-20T05:17:26.952+0000] {subprocess.py:93} INFO - 26/01/20 05:17:26 INFO InMemoryFileIndex: It took 4 ms to list leaf files for 1 paths.
[2026-01-20T05:17:26.990+0000] {subprocess.py:93} INFO - 26/01/20 05:17:26 INFO FileSourceStrategy: Pushed Filters:
[2026-01-20T05:17:26.991+0000] {subprocess.py:93} INFO - 26/01/20 05:17:26 INFO FileSourceStrategy: Post-Scan Filters:
[2026-01-20T05:17:26.996+0000] {subprocess.py:93} INFO - 26/01/20 05:17:26 INFO MemoryStore: Block broadcast_2 stored as values in memory (estimated size 199.2 KiB, free 434.0 MiB)
[2026-01-20T05:17:27.014+0000] {subprocess.py:93} INFO - 26/01/20 05:17:27 INFO MemoryStore: Block broadcast_2_piece0 stored as bytes in memory (estimated size 34.2 KiB, free 433.9 MiB)
[2026-01-20T05:17:27.015+0000] {subprocess.py:93} INFO - 26/01/20 05:17:27 INFO BlockManagerInfo: Added broadcast_2_piece0 in memory on 519d7d29de3d:39069 (size: 34.2 KiB, free: 434.3 MiB)
[2026-01-20T05:17:27.017+0000] {subprocess.py:93} INFO - 26/01/20 05:17:27 INFO SparkContext: Created broadcast 2 from json at NativeMethodAccessorImpl.java:0
[2026-01-20T05:17:27.019+0000] {subprocess.py:93} INFO - 26/01/20 05:17:27 INFO FileSourceScanExec: Planning scan with bin packing, max size: 4194304 bytes, open cost is considered as scanning 4194304 bytes.
[2026-01-20T05:17:27.030+0000] {subprocess.py:93} INFO - 26/01/20 05:17:27 INFO SparkContext: Starting job: json at NativeMethodAccessorImpl.java:0
[2026-01-20T05:17:27.031+0000] {subprocess.py:93} INFO - 26/01/20 05:17:27 INFO DAGScheduler: Got job 1 (json at NativeMethodAccessorImpl.java:0) with 8 output partitions
[2026-01-20T05:17:27.032+0000] {subprocess.py:93} INFO - 26/01/20 05:17:27 INFO DAGScheduler: Final stage: ResultStage 1 (json at NativeMethodAccessorImpl.java:0)
[2026-01-20T05:17:27.033+0000] {subprocess.py:93} INFO - 26/01/20 05:17:27 INFO DAGScheduler: Parents of final stage: List()
[2026-01-20T05:17:27.034+0000] {subprocess.py:93} INFO - 26/01/20 05:17:27 INFO DAGScheduler: Missing parents: List()
[2026-01-20T05:17:27.034+0000] {subprocess.py:93} INFO - 26/01/20 05:17:27 INFO DAGScheduler: Submitting ResultStage 1 (MapPartitionsRDD[7] at json at NativeMethodAccessorImpl.java:0), which has no missing parents
[2026-01-20T05:17:27.035+0000] {subprocess.py:93} INFO - 26/01/20 05:17:27 INFO MemoryStore: Block broadcast_3 stored as values in memory (estimated size 16.0 KiB, free 433.9 MiB)
[2026-01-20T05:17:27.037+0000] {subprocess.py:93} INFO - 26/01/20 05:17:27 INFO MemoryStore: Block broadcast_3_piece0 stored as bytes in memory (estimated size 7.5 KiB, free 433.9 MiB)
[2026-01-20T05:17:27.037+0000] {subprocess.py:93} INFO - 26/01/20 05:17:27 INFO BlockManagerInfo: Added broadcast_3_piece0 in memory on 519d7d29de3d:39069 (size: 7.5 KiB, free: 434.3 MiB)
[2026-01-20T05:17:27.038+0000] {subprocess.py:93} INFO - 26/01/20 05:17:27 INFO SparkContext: Created broadcast 3 from broadcast at DAGScheduler.scala:1580
[2026-01-20T05:17:27.039+0000] {subprocess.py:93} INFO - 26/01/20 05:17:27 INFO DAGScheduler: Submitting 8 missing tasks from ResultStage 1 (MapPartitionsRDD[7] at json at NativeMethodAccessorImpl.java:0) (first 15 tasks are for partitions Vector(0, 1, 2, 3, 4, 5, 6, 7))
[2026-01-20T05:17:27.040+0000] {subprocess.py:93} INFO - 26/01/20 05:17:27 INFO TaskSchedulerImpl: Adding task set 1.0 with 8 tasks resource profile 0
[2026-01-20T05:17:27.041+0000] {subprocess.py:93} INFO - 26/01/20 05:17:27 INFO TaskSetManager: Starting task 0.0 in stage 1.0 (TID 13) (519d7d29de3d, executor driver, partition 0, PROCESS_LOCAL, 8244 bytes)
[2026-01-20T05:17:27.042+0000] {subprocess.py:93} INFO - 26/01/20 05:17:27 INFO TaskSetManager: Starting task 1.0 in stage 1.0 (TID 14) (519d7d29de3d, executor driver, partition 1, PROCESS_LOCAL, 8244 bytes)
[2026-01-20T05:17:27.043+0000] {subprocess.py:93} INFO - 26/01/20 05:17:27 INFO TaskSetManager: Starting task 2.0 in stage 1.0 (TID 15) (519d7d29de3d, executor driver, partition 2, PROCESS_LOCAL, 8244 bytes)
[2026-01-20T05:17:27.043+0000] {subprocess.py:93} INFO - 26/01/20 05:17:27 INFO TaskSetManager: Starting task 3.0 in stage 1.0 (TID 16) (519d7d29de3d, executor driver, partition 3, PROCESS_LOCAL, 8244 bytes)
[2026-01-20T05:17:27.044+0000] {subprocess.py:93} INFO - 26/01/20 05:17:27 INFO TaskSetManager: Starting task 4.0 in stage 1.0 (TID 17) (519d7d29de3d, executor driver, partition 4, PROCESS_LOCAL, 8244 bytes)
[2026-01-20T05:17:27.045+0000] {subprocess.py:93} INFO - 26/01/20 05:17:27 INFO TaskSetManager: Starting task 5.0 in stage 1.0 (TID 18) (519d7d29de3d, executor driver, partition 5, PROCESS_LOCAL, 8244 bytes)
[2026-01-20T05:17:27.045+0000] {subprocess.py:93} INFO - 26/01/20 05:17:27 INFO TaskSetManager: Starting task 6.0 in stage 1.0 (TID 19) (519d7d29de3d, executor driver, partition 6, PROCESS_LOCAL, 8244 bytes)
[2026-01-20T05:17:27.046+0000] {subprocess.py:93} INFO - 26/01/20 05:17:27 INFO TaskSetManager: Starting task 7.0 in stage 1.0 (TID 20) (519d7d29de3d, executor driver, partition 7, PROCESS_LOCAL, 8244 bytes)
[2026-01-20T05:17:27.047+0000] {subprocess.py:93} INFO - 26/01/20 05:17:27 INFO Executor: Running task 1.0 in stage 1.0 (TID 14)
[2026-01-20T05:17:27.047+0000] {subprocess.py:93} INFO - 26/01/20 05:17:27 INFO Executor: Running task 0.0 in stage 1.0 (TID 13)
[2026-01-20T05:17:27.048+0000] {subprocess.py:93} INFO - 26/01/20 05:17:27 INFO Executor: Running task 2.0 in stage 1.0 (TID 15)
[2026-01-20T05:17:27.049+0000] {subprocess.py:93} INFO - 26/01/20 05:17:27 INFO Executor: Running task 6.0 in stage 1.0 (TID 19)
[2026-01-20T05:17:27.050+0000] {subprocess.py:93} INFO - 26/01/20 05:17:27 INFO Executor: Running task 4.0 in stage 1.0 (TID 17)
[2026-01-20T05:17:27.050+0000] {subprocess.py:93} INFO - 26/01/20 05:17:27 INFO Executor: Running task 7.0 in stage 1.0 (TID 20)
[2026-01-20T05:17:27.052+0000] {subprocess.py:93} INFO - 26/01/20 05:17:27 INFO Executor: Running task 3.0 in stage 1.0 (TID 16)
[2026-01-20T05:17:27.053+0000] {subprocess.py:93} INFO - 26/01/20 05:17:27 INFO Executor: Running task 5.0 in stage 1.0 (TID 18)
[2026-01-20T05:17:27.054+0000] {subprocess.py:93} INFO - 26/01/20 05:17:27 INFO FileScanRDD: Reading File path: file:///opt/spark-data/landing/user_events_1768879431.2231393.json, range: 25165824-29360128, partition values: [empty row]
[2026-01-20T05:17:27.054+0000] {subprocess.py:93} INFO - 26/01/20 05:17:27 INFO FileScanRDD: Reading File path: file:///opt/spark-data/landing/user_events_1768879431.2231393.json, range: 12582912-16777216, partition values: [empty row]
[2026-01-20T05:17:27.055+0000] {subprocess.py:93} INFO - 26/01/20 05:17:27 INFO FileScanRDD: Reading File path: file:///opt/spark-data/landing/user_events_1768879431.2231393.json, range: 4194304-8388608, partition values: [empty row]
[2026-01-20T05:17:27.056+0000] {subprocess.py:93} INFO - 26/01/20 05:17:27 INFO FileScanRDD: Reading File path: file:///opt/spark-data/landing/user_events_1768879431.2231393.json, range: 8388608-12582912, partition values: [empty row]
[2026-01-20T05:17:27.056+0000] {subprocess.py:93} INFO - 26/01/20 05:17:27 INFO FileScanRDD: Reading File path: file:///opt/spark-data/landing/user_events_1768879431.2231393.json, range: 16777216-20971520, partition values: [empty row]
[2026-01-20T05:17:27.057+0000] {subprocess.py:93} INFO - 26/01/20 05:17:27 INFO FileScanRDD: Reading File path: file:///opt/spark-data/landing/user_events_1768879431.2231393.json, range: 29360128-33532706, partition values: [empty row]
[2026-01-20T05:17:27.058+0000] {subprocess.py:93} INFO - 26/01/20 05:17:27 INFO FileScanRDD: Reading File path: file:///opt/spark-data/landing/user_events_1768879431.2231393.json, range: 0-4194304, partition values: [empty row]
[2026-01-20T05:17:27.059+0000] {subprocess.py:93} INFO - 26/01/20 05:17:27 INFO FileScanRDD: Reading File path: file:///opt/spark-data/landing/user_events_1768879431.2231393.json, range: 20971520-25165824, partition values: [empty row]
[2026-01-20T05:17:27.556+0000] {subprocess.py:93} INFO - 26/01/20 05:17:27 INFO Executor: Finished task 1.0 in stage 1.0 (TID 14). 2401 bytes result sent to driver
[2026-01-20T05:17:27.559+0000] {subprocess.py:93} INFO - 26/01/20 05:17:27 INFO TaskSetManager: Finished task 1.0 in stage 1.0 (TID 14) in 517 ms on 519d7d29de3d (executor driver) (1/8)
[2026-01-20T05:17:27.560+0000] {subprocess.py:93} INFO - 26/01/20 05:17:27 INFO Executor: Finished task 3.0 in stage 1.0 (TID 16). 2401 bytes result sent to driver
[2026-01-20T05:17:27.560+0000] {subprocess.py:93} INFO - 26/01/20 05:17:27 INFO Executor: Finished task 5.0 in stage 1.0 (TID 18). 2401 bytes result sent to driver
[2026-01-20T05:17:27.561+0000] {subprocess.py:93} INFO - 26/01/20 05:17:27 INFO Executor: Finished task 7.0 in stage 1.0 (TID 20). 2401 bytes result sent to driver
[2026-01-20T05:17:27.562+0000] {subprocess.py:93} INFO - 26/01/20 05:17:27 INFO Executor: Finished task 2.0 in stage 1.0 (TID 15). 2401 bytes result sent to driver
[2026-01-20T05:17:27.563+0000] {subprocess.py:93} INFO - 26/01/20 05:17:27 INFO TaskSetManager: Finished task 3.0 in stage 1.0 (TID 16) in 518 ms on 519d7d29de3d (executor driver) (2/8)
[2026-01-20T05:17:27.564+0000] {subprocess.py:93} INFO - 26/01/20 05:17:27 INFO TaskSetManager: Finished task 5.0 in stage 1.0 (TID 18) in 518 ms on 519d7d29de3d (executor driver) (3/8)
[2026-01-20T05:17:27.565+0000] {subprocess.py:93} INFO - 26/01/20 05:17:27 INFO Executor: Finished task 0.0 in stage 1.0 (TID 13). 2401 bytes result sent to driver
[2026-01-20T05:17:27.566+0000] {subprocess.py:93} INFO - 26/01/20 05:17:27 INFO TaskSetManager: Finished task 7.0 in stage 1.0 (TID 20) in 518 ms on 519d7d29de3d (executor driver) (4/8)
[2026-01-20T05:17:27.566+0000] {subprocess.py:93} INFO - 26/01/20 05:17:27 INFO TaskSetManager: Finished task 2.0 in stage 1.0 (TID 15) in 521 ms on 519d7d29de3d (executor driver) (5/8)
[2026-01-20T05:17:27.567+0000] {subprocess.py:93} INFO - 26/01/20 05:17:27 INFO TaskSetManager: Finished task 0.0 in stage 1.0 (TID 13) in 524 ms on 519d7d29de3d (executor driver) (6/8)
[2026-01-20T05:17:27.568+0000] {subprocess.py:93} INFO - 26/01/20 05:17:27 INFO Executor: Finished task 6.0 in stage 1.0 (TID 19). 2401 bytes result sent to driver
[2026-01-20T05:17:27.569+0000] {subprocess.py:93} INFO - 26/01/20 05:17:27 INFO Executor: Finished task 4.0 in stage 1.0 (TID 17). 2401 bytes result sent to driver
[2026-01-20T05:17:27.569+0000] {subprocess.py:93} INFO - 26/01/20 05:17:27 INFO TaskSetManager: Finished task 6.0 in stage 1.0 (TID 19) in 523 ms on 519d7d29de3d (executor driver) (7/8)
[2026-01-20T05:17:27.570+0000] {subprocess.py:93} INFO - 26/01/20 05:17:27 INFO TaskSetManager: Finished task 4.0 in stage 1.0 (TID 17) in 525 ms on 519d7d29de3d (executor driver) (8/8)
[2026-01-20T05:17:27.570+0000] {subprocess.py:93} INFO - 26/01/20 05:17:27 INFO TaskSchedulerImpl: Removed TaskSet 1.0, whose tasks have all completed, from pool
[2026-01-20T05:17:27.571+0000] {subprocess.py:93} INFO - 26/01/20 05:17:27 INFO DAGScheduler: ResultStage 1 (json at NativeMethodAccessorImpl.java:0) finished in 0.535 s
[2026-01-20T05:17:27.572+0000] {subprocess.py:93} INFO - 26/01/20 05:17:27 INFO DAGScheduler: Job 1 is finished. Cancelling potential speculative or zombie tasks for this job
[2026-01-20T05:17:27.572+0000] {subprocess.py:93} INFO - 26/01/20 05:17:27 INFO TaskSchedulerImpl: Killing all running tasks in stage 1: Stage finished
[2026-01-20T05:17:27.573+0000] {subprocess.py:93} INFO - 26/01/20 05:17:27 INFO DAGScheduler: Job 1 finished: json at NativeMethodAccessorImpl.java:0, took 0.538790 s
[2026-01-20T05:17:28.205+0000] {subprocess.py:93} INFO - 26/01/20 05:17:28 INFO FileSourceStrategy: Pushed Filters: IsNotNull(user_id),IsNotNull(timestamp),IsNotNull(line_items)
[2026-01-20T05:17:28.206+0000] {subprocess.py:93} INFO - 26/01/20 05:17:28 INFO FileSourceStrategy: Post-Scan Filters: isnotnull(user_id#21),isnotnull(timestamp#17),(size(line_items#10, true) > 0),isnotnull(line_items#10)
[2026-01-20T05:17:28.209+0000] {subprocess.py:93} INFO - 26/01/20 05:17:28 INFO FileSourceStrategy: Pushed Filters: IsNotNull(user_id),IsNotNull(product_id),IsNotNull(timestamp)
[2026-01-20T05:17:28.210+0000] {subprocess.py:93} INFO - 26/01/20 05:17:28 INFO FileSourceStrategy: Post-Scan Filters: isnotnull(user_id#58),isnotnull(product_id#53),isnotnull(timestamp#57)
[2026-01-20T05:17:28.349+0000] {subprocess.py:93} INFO - 26/01/20 05:17:28 INFO BlockManagerInfo: Removed broadcast_2_piece0 on 519d7d29de3d:39069 in memory (size: 34.2 KiB, free: 434.4 MiB)
[2026-01-20T05:17:28.358+0000] {subprocess.py:93} INFO - 26/01/20 05:17:28 INFO BlockManagerInfo: Removed broadcast_3_piece0 on 519d7d29de3d:39069 in memory (size: 7.5 KiB, free: 434.4 MiB)
[2026-01-20T05:17:28.473+0000] {subprocess.py:93} INFO - 26/01/20 05:17:28 INFO CodeGenerator: Code generated in 65.043192 ms
[2026-01-20T05:17:28.476+0000] {subprocess.py:93} INFO - 26/01/20 05:17:28 INFO MemoryStore: Block broadcast_4 stored as values in memory (estimated size 199.1 KiB, free 434.0 MiB)
[2026-01-20T05:17:28.486+0000] {subprocess.py:93} INFO - 26/01/20 05:17:28 INFO MemoryStore: Block broadcast_4_piece0 stored as bytes in memory (estimated size 34.1 KiB, free 433.9 MiB)
[2026-01-20T05:17:28.487+0000] {subprocess.py:93} INFO - 26/01/20 05:17:28 INFO BlockManagerInfo: Added broadcast_4_piece0 in memory on 519d7d29de3d:39069 (size: 34.1 KiB, free: 434.3 MiB)
[2026-01-20T05:17:28.488+0000] {subprocess.py:93} INFO - 26/01/20 05:17:28 INFO SparkContext: Created broadcast 4 from csv at NativeMethodAccessorImpl.java:0
[2026-01-20T05:17:28.493+0000] {subprocess.py:93} INFO - 26/01/20 05:17:28 INFO FileSourceScanExec: Planning scan with bin packing, max size: 4194304 bytes, open cost is considered as scanning 4194304 bytes.
[2026-01-20T05:17:28.526+0000] {subprocess.py:93} INFO - 26/01/20 05:17:28 INFO DAGScheduler: Registering RDD 11 (csv at NativeMethodAccessorImpl.java:0) as input to shuffle 0
[2026-01-20T05:17:28.535+0000] {subprocess.py:93} INFO - 26/01/20 05:17:28 INFO DAGScheduler: Got map stage job 2 (csv at NativeMethodAccessorImpl.java:0) with 13 output partitions
[2026-01-20T05:17:28.536+0000] {subprocess.py:93} INFO - 26/01/20 05:17:28 INFO DAGScheduler: Final stage: ShuffleMapStage 2 (csv at NativeMethodAccessorImpl.java:0)
[2026-01-20T05:17:28.536+0000] {subprocess.py:93} INFO - 26/01/20 05:17:28 INFO DAGScheduler: Parents of final stage: List()
[2026-01-20T05:17:28.537+0000] {subprocess.py:93} INFO - 26/01/20 05:17:28 INFO DAGScheduler: Missing parents: List()
[2026-01-20T05:17:28.539+0000] {subprocess.py:93} INFO - 26/01/20 05:17:28 INFO DAGScheduler: Submitting ShuffleMapStage 2 (MapPartitionsRDD[11] at csv at NativeMethodAccessorImpl.java:0), which has no missing parents
[2026-01-20T05:17:28.547+0000] {subprocess.py:93} INFO - 26/01/20 05:17:28 INFO CodeGenerator: Code generated in 15.154694 ms
[2026-01-20T05:17:28.550+0000] {subprocess.py:93} INFO - 26/01/20 05:17:28 INFO MemoryStore: Block broadcast_5 stored as values in memory (estimated size 199.1 KiB, free 433.7 MiB)
[2026-01-20T05:17:28.559+0000] {subprocess.py:93} INFO - 26/01/20 05:17:28 INFO MemoryStore: Block broadcast_5_piece0 stored as bytes in memory (estimated size 34.1 KiB, free 433.7 MiB)
[2026-01-20T05:17:28.560+0000] {subprocess.py:93} INFO - 26/01/20 05:17:28 INFO BlockManagerInfo: Added broadcast_5_piece0 in memory on 519d7d29de3d:39069 (size: 34.1 KiB, free: 434.3 MiB)
[2026-01-20T05:17:28.562+0000] {subprocess.py:93} INFO - 26/01/20 05:17:28 INFO SparkContext: Created broadcast 5 from csv at NativeMethodAccessorImpl.java:0
[2026-01-20T05:17:28.564+0000] {subprocess.py:93} INFO - 26/01/20 05:17:28 INFO FileSourceScanExec: Planning scan with bin packing, max size: 4194304 bytes, open cost is considered as scanning 4194304 bytes.
[2026-01-20T05:17:28.565+0000] {subprocess.py:93} INFO - 26/01/20 05:17:28 INFO MemoryStore: Block broadcast_6 stored as values in memory (estimated size 27.8 KiB, free 433.7 MiB)
[2026-01-20T05:17:28.567+0000] {subprocess.py:93} INFO - 26/01/20 05:17:28 INFO MemoryStore: Block broadcast_6_piece0 stored as bytes in memory (estimated size 11.2 KiB, free 433.7 MiB)
[2026-01-20T05:17:28.568+0000] {subprocess.py:93} INFO - 26/01/20 05:17:28 INFO BlockManagerInfo: Added broadcast_6_piece0 in memory on 519d7d29de3d:39069 (size: 11.2 KiB, free: 434.3 MiB)
[2026-01-20T05:17:28.569+0000] {subprocess.py:93} INFO - 26/01/20 05:17:28 INFO SparkContext: Created broadcast 6 from broadcast at DAGScheduler.scala:1580
[2026-01-20T05:17:28.572+0000] {subprocess.py:93} INFO - 26/01/20 05:17:28 INFO DAGScheduler: Submitting 13 missing tasks from ShuffleMapStage 2 (MapPartitionsRDD[11] at csv at NativeMethodAccessorImpl.java:0) (first 15 tasks are for partitions Vector(0, 1, 2, 3, 4, 5, 6, 7, 8, 9, 10, 11, 12))
[2026-01-20T05:17:28.573+0000] {subprocess.py:93} INFO - 26/01/20 05:17:28 INFO TaskSchedulerImpl: Adding task set 2.0 with 13 tasks resource profile 0
[2026-01-20T05:17:28.575+0000] {subprocess.py:93} INFO - 26/01/20 05:17:28 INFO TaskSetManager: Starting task 0.0 in stage 2.0 (TID 21) (519d7d29de3d, executor driver, partition 0, PROCESS_LOCAL, 8240 bytes)
[2026-01-20T05:17:28.576+0000] {subprocess.py:93} INFO - 26/01/20 05:17:28 INFO TaskSetManager: Starting task 1.0 in stage 2.0 (TID 22) (519d7d29de3d, executor driver, partition 1, PROCESS_LOCAL, 8240 bytes)
[2026-01-20T05:17:28.577+0000] {subprocess.py:93} INFO - 26/01/20 05:17:28 INFO DAGScheduler: Registering RDD 15 (csv at NativeMethodAccessorImpl.java:0) as input to shuffle 1
[2026-01-20T05:17:28.577+0000] {subprocess.py:93} INFO - 26/01/20 05:17:28 INFO TaskSetManager: Starting task 2.0 in stage 2.0 (TID 23) (519d7d29de3d, executor driver, partition 2, PROCESS_LOCAL, 8240 bytes)
[2026-01-20T05:17:28.578+0000] {subprocess.py:93} INFO - 26/01/20 05:17:28 INFO TaskSetManager: Starting task 3.0 in stage 2.0 (TID 24) (519d7d29de3d, executor driver, partition 3, PROCESS_LOCAL, 8240 bytes)
[2026-01-20T05:17:28.579+0000] {subprocess.py:93} INFO - 26/01/20 05:17:28 INFO TaskSetManager: Starting task 4.0 in stage 2.0 (TID 25) (519d7d29de3d, executor driver, partition 4, PROCESS_LOCAL, 8240 bytes)
[2026-01-20T05:17:28.580+0000] {subprocess.py:93} INFO - 26/01/20 05:17:28 INFO DAGScheduler: Got map stage job 3 (csv at NativeMethodAccessorImpl.java:0) with 8 output partitions
[2026-01-20T05:17:28.580+0000] {subprocess.py:93} INFO - 26/01/20 05:17:28 INFO DAGScheduler: Final stage: ShuffleMapStage 3 (csv at NativeMethodAccessorImpl.java:0)
[2026-01-20T05:17:28.581+0000] {subprocess.py:93} INFO - 26/01/20 05:17:28 INFO TaskSetManager: Starting task 5.0 in stage 2.0 (TID 26) (519d7d29de3d, executor driver, partition 5, PROCESS_LOCAL, 8240 bytes)
[2026-01-20T05:17:28.582+0000] {subprocess.py:93} INFO - 26/01/20 05:17:28 INFO DAGScheduler: Parents of final stage: List()
[2026-01-20T05:17:28.583+0000] {subprocess.py:93} INFO - 26/01/20 05:17:28 INFO TaskSetManager: Starting task 6.0 in stage 2.0 (TID 27) (519d7d29de3d, executor driver, partition 6, PROCESS_LOCAL, 8240 bytes)
[2026-01-20T05:17:28.584+0000] {subprocess.py:93} INFO - 26/01/20 05:17:28 INFO TaskSetManager: Starting task 7.0 in stage 2.0 (TID 28) (519d7d29de3d, executor driver, partition 7, PROCESS_LOCAL, 8240 bytes)
[2026-01-20T05:17:28.585+0000] {subprocess.py:93} INFO - 26/01/20 05:17:28 INFO DAGScheduler: Missing parents: List()
[2026-01-20T05:17:28.586+0000] {subprocess.py:93} INFO - 26/01/20 05:17:28 INFO TaskSetManager: Starting task 8.0 in stage 2.0 (TID 29) (519d7d29de3d, executor driver, partition 8, PROCESS_LOCAL, 8240 bytes)
[2026-01-20T05:17:28.587+0000] {subprocess.py:93} INFO - 26/01/20 05:17:28 INFO TaskSetManager: Starting task 9.0 in stage 2.0 (TID 30) (519d7d29de3d, executor driver, partition 9, PROCESS_LOCAL, 8240 bytes)
[2026-01-20T05:17:28.588+0000] {subprocess.py:93} INFO - 26/01/20 05:17:28 INFO DAGScheduler: Submitting ShuffleMapStage 3 (MapPartitionsRDD[15] at csv at NativeMethodAccessorImpl.java:0), which has no missing parents
[2026-01-20T05:17:28.589+0000] {subprocess.py:93} INFO - 26/01/20 05:17:28 INFO TaskSetManager: Starting task 10.0 in stage 2.0 (TID 31) (519d7d29de3d, executor driver, partition 10, PROCESS_LOCAL, 8240 bytes)
[2026-01-20T05:17:28.590+0000] {subprocess.py:93} INFO - 26/01/20 05:17:28 INFO TaskSetManager: Starting task 11.0 in stage 2.0 (TID 32) (519d7d29de3d, executor driver, partition 11, PROCESS_LOCAL, 8240 bytes)
[2026-01-20T05:17:28.591+0000] {subprocess.py:93} INFO - 26/01/20 05:17:28 INFO TaskSetManager: Starting task 12.0 in stage 2.0 (TID 33) (519d7d29de3d, executor driver, partition 12, PROCESS_LOCAL, 8240 bytes)
[2026-01-20T05:17:28.592+0000] {subprocess.py:93} INFO - 26/01/20 05:17:28 INFO Executor: Running task 0.0 in stage 2.0 (TID 21)
[2026-01-20T05:17:28.593+0000] {subprocess.py:93} INFO - 26/01/20 05:17:28 INFO Executor: Running task 1.0 in stage 2.0 (TID 22)
[2026-01-20T05:17:28.593+0000] {subprocess.py:93} INFO - 26/01/20 05:17:28 INFO Executor: Running task 2.0 in stage 2.0 (TID 23)
[2026-01-20T05:17:28.595+0000] {subprocess.py:93} INFO - 26/01/20 05:17:28 INFO Executor: Running task 3.0 in stage 2.0 (TID 24)
[2026-01-20T05:17:28.596+0000] {subprocess.py:93} INFO - 26/01/20 05:17:28 INFO Executor: Running task 4.0 in stage 2.0 (TID 25)
[2026-01-20T05:17:28.597+0000] {subprocess.py:93} INFO - 26/01/20 05:17:28 INFO Executor: Running task 6.0 in stage 2.0 (TID 27)
[2026-01-20T05:17:28.598+0000] {subprocess.py:93} INFO - 26/01/20 05:17:28 INFO Executor: Running task 5.0 in stage 2.0 (TID 26)
[2026-01-20T05:17:28.599+0000] {subprocess.py:93} INFO - 26/01/20 05:17:28 INFO Executor: Running task 8.0 in stage 2.0 (TID 29)
[2026-01-20T05:17:28.599+0000] {subprocess.py:93} INFO - 26/01/20 05:17:28 INFO Executor: Running task 9.0 in stage 2.0 (TID 30)
[2026-01-20T05:17:28.601+0000] {subprocess.py:93} INFO - 26/01/20 05:17:28 INFO Executor: Running task 11.0 in stage 2.0 (TID 32)
[2026-01-20T05:17:28.601+0000] {subprocess.py:93} INFO - 26/01/20 05:17:28 INFO Executor: Running task 10.0 in stage 2.0 (TID 31)
[2026-01-20T05:17:28.604+0000] {subprocess.py:93} INFO - 26/01/20 05:17:28 INFO Executor: Running task 7.0 in stage 2.0 (TID 28)
[2026-01-20T05:17:28.607+0000] {subprocess.py:93} INFO - 26/01/20 05:17:28 INFO Executor: Running task 12.0 in stage 2.0 (TID 33)
[2026-01-20T05:17:28.608+0000] {subprocess.py:93} INFO - 26/01/20 05:17:28 INFO MemoryStore: Block broadcast_7 stored as values in memory (estimated size 18.5 KiB, free 433.6 MiB)
[2026-01-20T05:17:28.610+0000] {subprocess.py:93} INFO - 26/01/20 05:17:28 INFO MemoryStore: Block broadcast_7_piece0 stored as bytes in memory (estimated size 8.7 KiB, free 433.6 MiB)
[2026-01-20T05:17:28.611+0000] {subprocess.py:93} INFO - 26/01/20 05:17:28 INFO BlockManagerInfo: Added broadcast_7_piece0 in memory on 519d7d29de3d:39069 (size: 8.7 KiB, free: 434.3 MiB)
[2026-01-20T05:17:28.612+0000] {subprocess.py:93} INFO - 26/01/20 05:17:28 INFO SparkContext: Created broadcast 7 from broadcast at DAGScheduler.scala:1580
[2026-01-20T05:17:28.613+0000] {subprocess.py:93} INFO - 26/01/20 05:17:28 INFO DAGScheduler: Submitting 8 missing tasks from ShuffleMapStage 3 (MapPartitionsRDD[15] at csv at NativeMethodAccessorImpl.java:0) (first 15 tasks are for partitions Vector(0, 1, 2, 3, 4, 5, 6, 7))
[2026-01-20T05:17:28.615+0000] {subprocess.py:93} INFO - 26/01/20 05:17:28 INFO TaskSchedulerImpl: Adding task set 3.0 with 8 tasks resource profile 0
[2026-01-20T05:17:28.617+0000] {subprocess.py:93} INFO - 26/01/20 05:17:28 INFO TaskSetManager: Starting task 0.0 in stage 3.0 (TID 34) (519d7d29de3d, executor driver, partition 0, PROCESS_LOCAL, 8233 bytes)
[2026-01-20T05:17:28.619+0000] {subprocess.py:93} INFO - 26/01/20 05:17:28 INFO TaskSetManager: Starting task 1.0 in stage 3.0 (TID 35) (519d7d29de3d, executor driver, partition 1, PROCESS_LOCAL, 8233 bytes)
[2026-01-20T05:17:28.620+0000] {subprocess.py:93} INFO - 26/01/20 05:17:28 INFO TaskSetManager: Starting task 2.0 in stage 3.0 (TID 36) (519d7d29de3d, executor driver, partition 2, PROCESS_LOCAL, 8233 bytes)
[2026-01-20T05:17:28.622+0000] {subprocess.py:93} INFO - 26/01/20 05:17:28 INFO TaskSetManager: Starting task 3.0 in stage 3.0 (TID 37) (519d7d29de3d, executor driver, partition 3, PROCESS_LOCAL, 8233 bytes)
[2026-01-20T05:17:28.623+0000] {subprocess.py:93} INFO - 26/01/20 05:17:28 INFO TaskSetManager: Starting task 4.0 in stage 3.0 (TID 38) (519d7d29de3d, executor driver, partition 4, PROCESS_LOCAL, 8233 bytes)
[2026-01-20T05:17:28.624+0000] {subprocess.py:93} INFO - 26/01/20 05:17:28 INFO TaskSetManager: Starting task 5.0 in stage 3.0 (TID 39) (519d7d29de3d, executor driver, partition 5, PROCESS_LOCAL, 8233 bytes)
[2026-01-20T05:17:28.625+0000] {subprocess.py:93} INFO - 26/01/20 05:17:28 INFO TaskSetManager: Starting task 6.0 in stage 3.0 (TID 40) (519d7d29de3d, executor driver, partition 6, PROCESS_LOCAL, 8233 bytes)
[2026-01-20T05:17:28.626+0000] {subprocess.py:93} INFO - 26/01/20 05:17:28 INFO Executor: Running task 0.0 in stage 3.0 (TID 34)
[2026-01-20T05:17:28.627+0000] {subprocess.py:93} INFO - 26/01/20 05:17:28 INFO Executor: Running task 1.0 in stage 3.0 (TID 35)
[2026-01-20T05:17:28.628+0000] {subprocess.py:93} INFO - 26/01/20 05:17:28 INFO Executor: Running task 2.0 in stage 3.0 (TID 36)
[2026-01-20T05:17:28.629+0000] {subprocess.py:93} INFO - 26/01/20 05:17:28 INFO Executor: Running task 3.0 in stage 3.0 (TID 37)
[2026-01-20T05:17:28.630+0000] {subprocess.py:93} INFO - 26/01/20 05:17:28 INFO Executor: Running task 4.0 in stage 3.0 (TID 38)
[2026-01-20T05:17:28.632+0000] {subprocess.py:93} INFO - 26/01/20 05:17:28 INFO Executor: Running task 5.0 in stage 3.0 (TID 39)
[2026-01-20T05:17:28.633+0000] {subprocess.py:93} INFO - 26/01/20 05:17:28 INFO Executor: Running task 6.0 in stage 3.0 (TID 40)
[2026-01-20T05:17:28.649+0000] {subprocess.py:93} INFO - 26/01/20 05:17:28 INFO CodeGenerator: Code generated in 27.319638 ms
[2026-01-20T05:17:28.676+0000] {subprocess.py:93} INFO - 26/01/20 05:17:28 INFO CodeGenerator: Code generated in 54.233086 ms
[2026-01-20T05:17:28.688+0000] {subprocess.py:93} INFO - 26/01/20 05:17:28 INFO CodeGenerator: Code generated in 24.52538 ms
[2026-01-20T05:17:28.699+0000] {subprocess.py:93} INFO - 26/01/20 05:17:28 INFO CodeGenerator: Code generated in 14.142795 ms
[2026-01-20T05:17:28.710+0000] {subprocess.py:93} INFO - 26/01/20 05:17:28 INFO FileScanRDD: Reading File path: file:///opt/spark-data/landing/transaction_events_1768879479.1820476.json, range: 41943040-46137344, partition values: [empty row]
[2026-01-20T05:17:28.711+0000] {subprocess.py:93} INFO - 26/01/20 05:17:28 INFO FileScanRDD: Reading File path: file:///opt/spark-data/landing/transaction_events_1768879479.1820476.json, range: 46137344-50331648, partition values: [empty row]
[2026-01-20T05:17:28.713+0000] {subprocess.py:93} INFO - 26/01/20 05:17:28 INFO FileScanRDD: Reading File path: file:///opt/spark-data/landing/transaction_events_1768879479.1820476.json, range: 20971520-25165824, partition values: [empty row]
[2026-01-20T05:17:28.723+0000] {subprocess.py:93} INFO - 26/01/20 05:17:28 INFO FileScanRDD: Reading File path: file:///opt/spark-data/landing/transaction_events_1768879479.1820476.json, range: 12582912-16777216, partition values: [empty row]
[2026-01-20T05:17:28.724+0000] {subprocess.py:93} INFO - 26/01/20 05:17:28 INFO FileScanRDD: Reading File path: file:///opt/spark-data/landing/transaction_events_1768879479.1820476.json, range: 33554432-37748736, partition values: [empty row]
[2026-01-20T05:17:28.725+0000] {subprocess.py:93} INFO - 26/01/20 05:17:28 INFO FileScanRDD: Reading File path: file:///opt/spark-data/landing/transaction_events_1768879479.1820476.json, range: 4194304-8388608, partition values: [empty row]
[2026-01-20T05:17:28.726+0000] {subprocess.py:93} INFO - 26/01/20 05:17:28 INFO FileScanRDD: Reading File path: file:///opt/spark-data/landing/transaction_events_1768879479.1820476.json, range: 50331648-51561162, partition values: [empty row]
[2026-01-20T05:17:28.727+0000] {subprocess.py:93} INFO - 26/01/20 05:17:28 INFO FileScanRDD: Reading File path: file:///opt/spark-data/landing/user_events_1768879431.2231393.json, range: 16777216-20971520, partition values: [empty row]
[2026-01-20T05:17:28.728+0000] {subprocess.py:93} INFO - 26/01/20 05:17:28 INFO FileScanRDD: Reading File path: file:///opt/spark-data/landing/user_events_1768879431.2231393.json, range: 0-4194304, partition values: [empty row]
[2026-01-20T05:17:28.731+0000] {subprocess.py:93} INFO - 26/01/20 05:17:28 INFO FileScanRDD: Reading File path: file:///opt/spark-data/landing/transaction_events_1768879479.1820476.json, range: 37748736-41943040, partition values: [empty row]
[2026-01-20T05:17:28.732+0000] {subprocess.py:93} INFO - 26/01/20 05:17:28 INFO FileScanRDD: Reading File path: file:///opt/spark-data/landing/transaction_events_1768879479.1820476.json, range: 8388608-12582912, partition values: [empty row]
[2026-01-20T05:17:28.733+0000] {subprocess.py:93} INFO - 26/01/20 05:17:28 INFO FileScanRDD: Reading File path: file:///opt/spark-data/landing/user_events_1768879431.2231393.json, range: 4194304-8388608, partition values: [empty row]
[2026-01-20T05:17:28.736+0000] {subprocess.py:93} INFO - 26/01/20 05:17:28 INFO FileScanRDD: Reading File path: file:///opt/spark-data/landing/transaction_events_1768879479.1820476.json, range: 29360128-33554432, partition values: [empty row]
[2026-01-20T05:17:28.736+0000] {subprocess.py:93} INFO - 26/01/20 05:17:28 INFO FileScanRDD: Reading File path: file:///opt/spark-data/landing/transaction_events_1768879479.1820476.json, range: 16777216-20971520, partition values: [empty row]
[2026-01-20T05:17:28.737+0000] {subprocess.py:93} INFO - 26/01/20 05:17:28 INFO FileScanRDD: Reading File path: file:///opt/spark-data/landing/transaction_events_1768879479.1820476.json, range: 25165824-29360128, partition values: [empty row]
[2026-01-20T05:17:28.738+0000] {subprocess.py:93} INFO - 26/01/20 05:17:28 INFO FileScanRDD: Reading File path: file:///opt/spark-data/landing/user_events_1768879431.2231393.json, range: 8388608-12582912, partition values: [empty row]
[2026-01-20T05:17:28.739+0000] {subprocess.py:93} INFO - 26/01/20 05:17:28 INFO FileScanRDD: Reading File path: file:///opt/spark-data/landing/user_events_1768879431.2231393.json, range: 20971520-25165824, partition values: [empty row]
[2026-01-20T05:17:28.740+0000] {subprocess.py:93} INFO - 26/01/20 05:17:28 INFO FileScanRDD: Reading File path: file:///opt/spark-data/landing/user_events_1768879431.2231393.json, range: 25165824-29360128, partition values: [empty row]
[2026-01-20T05:17:28.740+0000] {subprocess.py:93} INFO - 26/01/20 05:17:28 INFO FileScanRDD: Reading File path: file:///opt/spark-data/landing/transaction_events_1768879479.1820476.json, range: 0-4194304, partition values: [empty row]
[2026-01-20T05:17:28.742+0000] {subprocess.py:93} INFO - 26/01/20 05:17:28 INFO FileScanRDD: Reading File path: file:///opt/spark-data/landing/user_events_1768879431.2231393.json, range: 12582912-16777216, partition values: [empty row]
[2026-01-20T05:17:28.754+0000] {subprocess.py:93} INFO - 26/01/20 05:17:28 INFO CodeGenerator: Code generated in 34.41568 ms
[2026-01-20T05:17:28.762+0000] {subprocess.py:93} INFO - 26/01/20 05:17:28 INFO CodeGenerator: Code generated in 36.4065 ms
[2026-01-20T05:17:28.802+0000] {subprocess.py:93} INFO - 26/01/20 05:17:28 INFO CodeGenerator: Code generated in 5.39908 ms
[2026-01-20T05:17:28.803+0000] {subprocess.py:93} INFO - 26/01/20 05:17:28 INFO CodeGenerator: Code generated in 5.515616 ms
[2026-01-20T05:17:28.812+0000] {subprocess.py:93} INFO - 26/01/20 05:17:28 INFO CodeGenerator: Code generated in 5.702172 ms
[2026-01-20T05:17:28.832+0000] {subprocess.py:93} INFO - 26/01/20 05:17:28 INFO CodeGenerator: Code generated in 16.77066 ms
[2026-01-20T05:17:29.273+0000] {subprocess.py:93} INFO - 26/01/20 05:17:29 INFO BlockManagerInfo: Removed broadcast_1_piece0 on 519d7d29de3d:39069 in memory (size: 7.5 KiB, free: 434.3 MiB)
[2026-01-20T05:17:29.281+0000] {subprocess.py:93} INFO - 26/01/20 05:17:29 INFO BlockManagerInfo: Removed broadcast_0_piece0 on 519d7d29de3d:39069 in memory (size: 34.2 KiB, free: 434.3 MiB)
[2026-01-20T05:17:30.319+0000] {subprocess.py:93} INFO - 26/01/20 05:17:30 INFO Executor: Finished task 12.0 in stage 2.0 (TID 33). 2243 bytes result sent to driver
[2026-01-20T05:17:30.323+0000] {subprocess.py:93} INFO - 26/01/20 05:17:30 INFO TaskSetManager: Starting task 7.0 in stage 3.0 (TID 41) (519d7d29de3d, executor driver, partition 7, PROCESS_LOCAL, 8233 bytes)
[2026-01-20T05:17:30.325+0000] {subprocess.py:93} INFO - 26/01/20 05:17:30 INFO Executor: Running task 7.0 in stage 3.0 (TID 41)
[2026-01-20T05:17:30.327+0000] {subprocess.py:93} INFO - 26/01/20 05:17:30 INFO TaskSetManager: Finished task 12.0 in stage 2.0 (TID 33) in 1744 ms on 519d7d29de3d (executor driver) (1/13)
[2026-01-20T05:17:30.338+0000] {subprocess.py:93} INFO - 26/01/20 05:17:30 INFO FileScanRDD: Reading File path: file:///opt/spark-data/landing/user_events_1768879431.2231393.json, range: 29360128-33532706, partition values: [empty row]
[2026-01-20T05:17:30.702+0000] {subprocess.py:93} INFO - 26/01/20 05:17:30 INFO Executor: Finished task 2.0 in stage 3.0 (TID 36). 2131 bytes result sent to driver
[2026-01-20T05:17:30.712+0000] {subprocess.py:93} INFO - 26/01/20 05:17:30 INFO TaskSetManager: Finished task 2.0 in stage 3.0 (TID 36) in 2119 ms on 519d7d29de3d (executor driver) (1/8)
[2026-01-20T05:17:30.752+0000] {subprocess.py:93} INFO - 26/01/20 05:17:30 INFO Executor: Finished task 6.0 in stage 3.0 (TID 40). 2131 bytes result sent to driver
[2026-01-20T05:17:30.758+0000] {subprocess.py:93} INFO - 26/01/20 05:17:30 INFO TaskSetManager: Finished task 6.0 in stage 3.0 (TID 40) in 2160 ms on 519d7d29de3d (executor driver) (2/8)
[2026-01-20T05:17:30.767+0000] {subprocess.py:93} INFO - 26/01/20 05:17:30 INFO Executor: Finished task 4.0 in stage 3.0 (TID 38). 2088 bytes result sent to driver
[2026-01-20T05:17:30.770+0000] {subprocess.py:93} INFO - 26/01/20 05:17:30 INFO TaskSetManager: Finished task 4.0 in stage 3.0 (TID 38) in 2177 ms on 519d7d29de3d (executor driver) (3/8)
[2026-01-20T05:17:30.790+0000] {subprocess.py:93} INFO - 26/01/20 05:17:30 INFO Executor: Finished task 1.0 in stage 3.0 (TID 35). 2088 bytes result sent to driver
[2026-01-20T05:17:30.792+0000] {subprocess.py:93} INFO - 26/01/20 05:17:30 INFO TaskSetManager: Finished task 1.0 in stage 3.0 (TID 35) in 2199 ms on 519d7d29de3d (executor driver) (4/8)
[2026-01-20T05:17:30.808+0000] {subprocess.py:93} INFO - 26/01/20 05:17:30 INFO Executor: Finished task 3.0 in stage 3.0 (TID 37). 2088 bytes result sent to driver
[2026-01-20T05:17:30.812+0000] {subprocess.py:93} INFO - 26/01/20 05:17:30 INFO TaskSetManager: Finished task 3.0 in stage 3.0 (TID 37) in 2218 ms on 519d7d29de3d (executor driver) (5/8)
[2026-01-20T05:17:30.815+0000] {subprocess.py:93} INFO - 26/01/20 05:17:30 INFO Executor: Finished task 0.0 in stage 3.0 (TID 34). 2088 bytes result sent to driver
[2026-01-20T05:17:30.817+0000] {subprocess.py:93} INFO - 26/01/20 05:17:30 INFO TaskSetManager: Finished task 0.0 in stage 3.0 (TID 34) in 2226 ms on 519d7d29de3d (executor driver) (6/8)
[2026-01-20T05:17:30.819+0000] {subprocess.py:93} INFO - 26/01/20 05:17:30 INFO Executor: Finished task 5.0 in stage 3.0 (TID 39). 2088 bytes result sent to driver
[2026-01-20T05:17:30.820+0000] {subprocess.py:93} INFO - 26/01/20 05:17:30 INFO TaskSetManager: Finished task 5.0 in stage 3.0 (TID 39) in 2226 ms on 519d7d29de3d (executor driver) (7/8)
[2026-01-20T05:17:30.867+0000] {subprocess.py:93} INFO - 26/01/20 05:17:30 INFO Executor: Finished task 3.0 in stage 2.0 (TID 24). 2200 bytes result sent to driver
[2026-01-20T05:17:30.868+0000] {subprocess.py:93} INFO - 26/01/20 05:17:30 INFO Executor: Finished task 5.0 in stage 2.0 (TID 26). 2200 bytes result sent to driver
[2026-01-20T05:17:30.870+0000] {subprocess.py:93} INFO - 26/01/20 05:17:30 INFO TaskSetManager: Finished task 3.0 in stage 2.0 (TID 24) in 2293 ms on 519d7d29de3d (executor driver) (2/13)
[2026-01-20T05:17:30.870+0000] {subprocess.py:93} INFO - 26/01/20 05:17:30 INFO TaskSetManager: Finished task 5.0 in stage 2.0 (TID 26) in 2293 ms on 519d7d29de3d (executor driver) (3/13)
[2026-01-20T05:17:30.871+0000] {subprocess.py:93} INFO - 26/01/20 05:17:30 INFO Executor: Finished task 4.0 in stage 2.0 (TID 25). 2200 bytes result sent to driver
[2026-01-20T05:17:30.873+0000] {subprocess.py:93} INFO - 26/01/20 05:17:30 INFO Executor: Finished task 7.0 in stage 2.0 (TID 28). 2200 bytes result sent to driver
[2026-01-20T05:17:30.874+0000] {subprocess.py:93} INFO - 26/01/20 05:17:30 INFO TaskSetManager: Finished task 4.0 in stage 2.0 (TID 25) in 2295 ms on 519d7d29de3d (executor driver) (4/13)
[2026-01-20T05:17:30.874+0000] {subprocess.py:93} INFO - 26/01/20 05:17:30 INFO TaskSetManager: Finished task 7.0 in stage 2.0 (TID 28) in 2295 ms on 519d7d29de3d (executor driver) (5/13)
[2026-01-20T05:17:30.875+0000] {subprocess.py:93} INFO - 26/01/20 05:17:30 INFO Executor: Finished task 2.0 in stage 2.0 (TID 23). 2200 bytes result sent to driver
[2026-01-20T05:17:30.876+0000] {subprocess.py:93} INFO - 26/01/20 05:17:30 INFO Executor: Finished task 6.0 in stage 2.0 (TID 27). 2200 bytes result sent to driver
[2026-01-20T05:17:30.876+0000] {subprocess.py:93} INFO - 26/01/20 05:17:30 INFO TaskSetManager: Finished task 6.0 in stage 2.0 (TID 27) in 2297 ms on 519d7d29de3d (executor driver) (6/13)
[2026-01-20T05:17:30.877+0000] {subprocess.py:93} INFO - 26/01/20 05:17:30 INFO Executor: Finished task 10.0 in stage 2.0 (TID 31). 2200 bytes result sent to driver
[2026-01-20T05:17:30.877+0000] {subprocess.py:93} INFO - 26/01/20 05:17:30 INFO TaskSetManager: Finished task 2.0 in stage 2.0 (TID 23) in 2301 ms on 519d7d29de3d (executor driver) (7/13)
[2026-01-20T05:17:30.878+0000] {subprocess.py:93} INFO - 26/01/20 05:17:30 INFO TaskSetManager: Finished task 10.0 in stage 2.0 (TID 31) in 2299 ms on 519d7d29de3d (executor driver) (8/13)
[2026-01-20T05:17:30.878+0000] {subprocess.py:93} INFO - 26/01/20 05:17:30 INFO Executor: Finished task 9.0 in stage 2.0 (TID 30). 2200 bytes result sent to driver
[2026-01-20T05:17:30.880+0000] {subprocess.py:93} INFO - 26/01/20 05:17:30 INFO TaskSetManager: Finished task 9.0 in stage 2.0 (TID 30) in 2302 ms on 519d7d29de3d (executor driver) (9/13)
[2026-01-20T05:17:30.884+0000] {subprocess.py:93} INFO - 26/01/20 05:17:30 INFO Executor: Finished task 0.0 in stage 2.0 (TID 21). 2243 bytes result sent to driver
[2026-01-20T05:17:30.886+0000] {subprocess.py:93} INFO - 26/01/20 05:17:30 INFO TaskSetManager: Finished task 0.0 in stage 2.0 (TID 21) in 2313 ms on 519d7d29de3d (executor driver) (10/13)
[2026-01-20T05:17:30.888+0000] {subprocess.py:93} INFO - 26/01/20 05:17:30 INFO Executor: Finished task 1.0 in stage 2.0 (TID 22). 2200 bytes result sent to driver
[2026-01-20T05:17:30.889+0000] {subprocess.py:93} INFO - 26/01/20 05:17:30 INFO Executor: Finished task 11.0 in stage 2.0 (TID 32). 2200 bytes result sent to driver
[2026-01-20T05:17:30.890+0000] {subprocess.py:93} INFO - 26/01/20 05:17:30 INFO Executor: Finished task 8.0 in stage 2.0 (TID 29). 2200 bytes result sent to driver
[2026-01-20T05:17:30.891+0000] {subprocess.py:93} INFO - 26/01/20 05:17:30 INFO Executor: Finished task 7.0 in stage 3.0 (TID 41). 2088 bytes result sent to driver
[2026-01-20T05:17:30.892+0000] {subprocess.py:93} INFO - 26/01/20 05:17:30 INFO TaskSetManager: Finished task 11.0 in stage 2.0 (TID 32) in 2312 ms on 519d7d29de3d (executor driver) (11/13)
[2026-01-20T05:17:30.893+0000] {subprocess.py:93} INFO - 26/01/20 05:17:30 INFO TaskSetManager: Finished task 1.0 in stage 2.0 (TID 22) in 2315 ms on 519d7d29de3d (executor driver) (12/13)
[2026-01-20T05:17:30.893+0000] {subprocess.py:93} INFO - 26/01/20 05:17:30 INFO TaskSetManager: Finished task 8.0 in stage 2.0 (TID 29) in 2314 ms on 519d7d29de3d (executor driver) (13/13)
[2026-01-20T05:17:30.894+0000] {subprocess.py:93} INFO - 26/01/20 05:17:30 INFO TaskSchedulerImpl: Removed TaskSet 2.0, whose tasks have all completed, from pool
[2026-01-20T05:17:30.895+0000] {subprocess.py:93} INFO - 26/01/20 05:17:30 INFO DAGScheduler: ShuffleMapStage 2 (csv at NativeMethodAccessorImpl.java:0) finished in 2.350 s
[2026-01-20T05:17:30.896+0000] {subprocess.py:93} INFO - 26/01/20 05:17:30 INFO TaskSetManager: Finished task 7.0 in stage 3.0 (TID 41) in 572 ms on 519d7d29de3d (executor driver) (8/8)
[2026-01-20T05:17:30.897+0000] {subprocess.py:93} INFO - 26/01/20 05:17:30 INFO TaskSchedulerImpl: Removed TaskSet 3.0, whose tasks have all completed, from pool
[2026-01-20T05:17:30.898+0000] {subprocess.py:93} INFO - 26/01/20 05:17:30 INFO DAGScheduler: looking for newly runnable stages
[2026-01-20T05:17:30.898+0000] {subprocess.py:93} INFO - 26/01/20 05:17:30 INFO DAGScheduler: running: Set(ShuffleMapStage 3)
[2026-01-20T05:17:30.899+0000] {subprocess.py:93} INFO - 26/01/20 05:17:30 INFO DAGScheduler: waiting: Set()
[2026-01-20T05:17:30.900+0000] {subprocess.py:93} INFO - 26/01/20 05:17:30 INFO DAGScheduler: failed: Set()
[2026-01-20T05:17:30.903+0000] {subprocess.py:93} INFO - 26/01/20 05:17:30 INFO DAGScheduler: ShuffleMapStage 3 (csv at NativeMethodAccessorImpl.java:0) finished in 2.321 s
[2026-01-20T05:17:30.904+0000] {subprocess.py:93} INFO - 26/01/20 05:17:30 INFO DAGScheduler: looking for newly runnable stages
[2026-01-20T05:17:30.904+0000] {subprocess.py:93} INFO - 26/01/20 05:17:30 INFO DAGScheduler: running: Set()
[2026-01-20T05:17:30.905+0000] {subprocess.py:93} INFO - 26/01/20 05:17:30 INFO DAGScheduler: waiting: Set()
[2026-01-20T05:17:30.906+0000] {subprocess.py:93} INFO - 26/01/20 05:17:30 INFO DAGScheduler: failed: Set()
[2026-01-20T05:17:30.975+0000] {subprocess.py:93} INFO - 26/01/20 05:17:30 INFO ShufflePartitionsUtil: For shuffle(1), advisory target size: 67108864, actual target size 1048576, minimum partition size: 1048576
[2026-01-20T05:17:31.029+0000] {subprocess.py:93} INFO - 26/01/20 05:17:31 INFO SparkContext: Starting job: $anonfun$withThreadLocalCaptured$1 at FutureTask.java:264
[2026-01-20T05:17:31.032+0000] {subprocess.py:93} INFO - 26/01/20 05:17:31 INFO DAGScheduler: Got job 4 ($anonfun$withThreadLocalCaptured$1 at FutureTask.java:264) with 2 output partitions
[2026-01-20T05:17:31.033+0000] {subprocess.py:93} INFO - 26/01/20 05:17:31 INFO DAGScheduler: Final stage: ResultStage 5 ($anonfun$withThreadLocalCaptured$1 at FutureTask.java:264)
[2026-01-20T05:17:31.034+0000] {subprocess.py:93} INFO - 26/01/20 05:17:31 INFO DAGScheduler: Parents of final stage: List(ShuffleMapStage 4)
[2026-01-20T05:17:31.035+0000] {subprocess.py:93} INFO - 26/01/20 05:17:31 INFO DAGScheduler: Missing parents: List()
[2026-01-20T05:17:31.035+0000] {subprocess.py:93} INFO - 26/01/20 05:17:31 INFO DAGScheduler: Submitting ResultStage 5 (MapPartitionsRDD[17] at $anonfun$withThreadLocalCaptured$1 at FutureTask.java:264), which has no missing parents
[2026-01-20T05:17:31.037+0000] {subprocess.py:93} INFO - 26/01/20 05:17:31 INFO MemoryStore: Block broadcast_8 stored as values in memory (estimated size 8.3 KiB, free 433.9 MiB)
[2026-01-20T05:17:31.040+0000] {subprocess.py:93} INFO - 26/01/20 05:17:31 INFO MemoryStore: Block broadcast_8_piece0 stored as bytes in memory (estimated size 4.2 KiB, free 433.9 MiB)
[2026-01-20T05:17:31.041+0000] {subprocess.py:93} INFO - 26/01/20 05:17:31 INFO BlockManagerInfo: Added broadcast_8_piece0 in memory on 519d7d29de3d:39069 (size: 4.2 KiB, free: 434.3 MiB)
[2026-01-20T05:17:31.043+0000] {subprocess.py:93} INFO - 26/01/20 05:17:31 INFO SparkContext: Created broadcast 8 from broadcast at DAGScheduler.scala:1580
[2026-01-20T05:17:31.046+0000] {subprocess.py:93} INFO - 26/01/20 05:17:31 INFO DAGScheduler: Submitting 2 missing tasks from ResultStage 5 (MapPartitionsRDD[17] at $anonfun$withThreadLocalCaptured$1 at FutureTask.java:264) (first 15 tasks are for partitions Vector(0, 1))
[2026-01-20T05:17:31.047+0000] {subprocess.py:93} INFO - 26/01/20 05:17:31 INFO TaskSchedulerImpl: Adding task set 5.0 with 2 tasks resource profile 0
[2026-01-20T05:17:31.055+0000] {subprocess.py:93} INFO - 26/01/20 05:17:31 INFO TaskSetManager: Starting task 0.0 in stage 5.0 (TID 42) (519d7d29de3d, executor driver, partition 0, NODE_LOCAL, 7631 bytes)
[2026-01-20T05:17:31.057+0000] {subprocess.py:93} INFO - 26/01/20 05:17:31 INFO TaskSetManager: Starting task 1.0 in stage 5.0 (TID 43) (519d7d29de3d, executor driver, partition 1, NODE_LOCAL, 7631 bytes)
[2026-01-20T05:17:31.058+0000] {subprocess.py:93} INFO - 26/01/20 05:17:31 INFO Executor: Running task 0.0 in stage 5.0 (TID 42)
[2026-01-20T05:17:31.059+0000] {subprocess.py:93} INFO - 26/01/20 05:17:31 INFO Executor: Running task 1.0 in stage 5.0 (TID 43)
[2026-01-20T05:17:31.124+0000] {subprocess.py:93} INFO - 26/01/20 05:17:31 INFO ShuffleBlockFetcherIterator: Getting 4 (1076.6 KiB) non-empty blocks including 4 (1076.6 KiB) local and 0 (0.0 B) host-local and 0 (0.0 B) push-merged-local and 0 (0.0 B) remote blocks
[2026-01-20T05:17:31.126+0000] {subprocess.py:93} INFO - 26/01/20 05:17:31 INFO ShuffleBlockFetcherIterator: Getting 4 (1085.3 KiB) non-empty blocks including 4 (1085.3 KiB) local and 0 (0.0 B) host-local and 0 (0.0 B) push-merged-local and 0 (0.0 B) remote blocks
[2026-01-20T05:17:31.127+0000] {subprocess.py:93} INFO - 26/01/20 05:17:31 INFO ShuffleBlockFetcherIterator: Started 0 remote fetches in 20 ms
[2026-01-20T05:17:31.128+0000] {subprocess.py:93} INFO - 26/01/20 05:17:31 INFO ShuffleBlockFetcherIterator: Started 0 remote fetches in 20 ms
[2026-01-20T05:17:31.192+0000] {subprocess.py:93} INFO - 26/01/20 05:17:31 INFO Executor: Finished task 1.0 in stage 5.0 (TID 43). 852468 bytes result sent to driver
[2026-01-20T05:17:31.194+0000] {subprocess.py:93} INFO - 26/01/20 05:17:31 INFO Executor: Finished task 0.0 in stage 5.0 (TID 42). 862250 bytes result sent to driver
[2026-01-20T05:17:31.195+0000] {subprocess.py:93} INFO - 26/01/20 05:17:31 INFO TaskSetManager: Finished task 1.0 in stage 5.0 (TID 43) in 139 ms on 519d7d29de3d (executor driver) (1/2)
[2026-01-20T05:17:31.197+0000] {subprocess.py:93} INFO - 26/01/20 05:17:31 INFO TaskSetManager: Finished task 0.0 in stage 5.0 (TID 42) in 145 ms on 519d7d29de3d (executor driver) (2/2)
[2026-01-20T05:17:31.198+0000] {subprocess.py:93} INFO - 26/01/20 05:17:31 INFO TaskSchedulerImpl: Removed TaskSet 5.0, whose tasks have all completed, from pool
[2026-01-20T05:17:31.200+0000] {subprocess.py:93} INFO - 26/01/20 05:17:31 INFO DAGScheduler: ResultStage 5 ($anonfun$withThreadLocalCaptured$1 at FutureTask.java:264) finished in 0.162 s
[2026-01-20T05:17:31.200+0000] {subprocess.py:93} INFO - 26/01/20 05:17:31 INFO DAGScheduler: Job 4 is finished. Cancelling potential speculative or zombie tasks for this job
[2026-01-20T05:17:31.201+0000] {subprocess.py:93} INFO - 26/01/20 05:17:31 INFO TaskSchedulerImpl: Killing all running tasks in stage 5: Stage finished
[2026-01-20T05:17:31.202+0000] {subprocess.py:93} INFO - 26/01/20 05:17:31 INFO DAGScheduler: Job 4 finished: $anonfun$withThreadLocalCaptured$1 at FutureTask.java:264, took 0.171171 s
[2026-01-20T05:17:31.239+0000] {subprocess.py:93} INFO - 26/01/20 05:17:31 INFO CodeGenerator: Code generated in 12.838701 ms
[2026-01-20T05:17:31.310+0000] {subprocess.py:93} INFO - 26/01/20 05:17:31 INFO MemoryStore: Block broadcast_9 stored as values in memory (estimated size 12.0 MiB, free 421.9 MiB)
[2026-01-20T05:17:31.354+0000] {subprocess.py:93} INFO - 26/01/20 05:17:31 INFO MemoryStore: Block broadcast_9_piece0 stored as bytes in memory (estimated size 2.2 MiB, free 419.7 MiB)
[2026-01-20T05:17:31.354+0000] {subprocess.py:93} INFO - 26/01/20 05:17:31 INFO BlockManagerInfo: Added broadcast_9_piece0 in memory on 519d7d29de3d:39069 (size: 2.2 MiB, free: 432.1 MiB)
[2026-01-20T05:17:31.355+0000] {subprocess.py:93} INFO - 26/01/20 05:17:31 INFO SparkContext: Created broadcast 9 from $anonfun$withThreadLocalCaptured$1 at FutureTask.java:264
[2026-01-20T05:17:31.368+0000] {subprocess.py:93} INFO - 26/01/20 05:17:31 INFO ShufflePartitionsUtil: For shuffle(0), advisory target size: 67108864, actual target size 2086170, minimum partition size: 1048576
[2026-01-20T05:17:31.548+0000] {subprocess.py:93} INFO - 26/01/20 05:17:31 INFO FileOutputCommitter: File Output Committer Algorithm version is 1
[2026-01-20T05:17:31.549+0000] {subprocess.py:93} INFO - 26/01/20 05:17:31 INFO FileOutputCommitter: FileOutputCommitter skip cleanup _temporary folders under output directory:false, ignore cleanup failures: false
[2026-01-20T05:17:31.549+0000] {subprocess.py:93} INFO - 26/01/20 05:17:31 INFO SQLHadoopMapReduceCommitProtocol: Using output committer class org.apache.hadoop.mapreduce.lib.output.FileOutputCommitter
[2026-01-20T05:17:31.661+0000] {subprocess.py:93} INFO - 26/01/20 05:17:31 INFO CodeGenerator: Code generated in 35.759108 ms
[2026-01-20T05:17:31.672+0000] {subprocess.py:93} INFO - 26/01/20 05:17:31 INFO SparkContext: Starting job: csv at NativeMethodAccessorImpl.java:0
[2026-01-20T05:17:31.673+0000] {subprocess.py:93} INFO - 26/01/20 05:17:31 INFO DAGScheduler: Got job 5 (csv at NativeMethodAccessorImpl.java:0) with 13 output partitions
[2026-01-20T05:17:31.673+0000] {subprocess.py:93} INFO - 26/01/20 05:17:31 INFO DAGScheduler: Final stage: ResultStage 7 (csv at NativeMethodAccessorImpl.java:0)
[2026-01-20T05:17:31.674+0000] {subprocess.py:93} INFO - 26/01/20 05:17:31 INFO DAGScheduler: Parents of final stage: List(ShuffleMapStage 6)
[2026-01-20T05:17:31.675+0000] {subprocess.py:93} INFO - 26/01/20 05:17:31 INFO DAGScheduler: Missing parents: List()
[2026-01-20T05:17:31.676+0000] {subprocess.py:93} INFO - 26/01/20 05:17:31 INFO DAGScheduler: Submitting ResultStage 7 (MapPartitionsRDD[20] at csv at NativeMethodAccessorImpl.java:0), which has no missing parents
[2026-01-20T05:17:31.707+0000] {subprocess.py:93} INFO - 26/01/20 05:17:31 INFO MemoryStore: Block broadcast_10 stored as values in memory (estimated size 225.4 KiB, free 419.4 MiB)
[2026-01-20T05:17:31.709+0000] {subprocess.py:93} INFO - 26/01/20 05:17:31 INFO MemoryStore: Block broadcast_10_piece0 stored as bytes in memory (estimated size 80.5 KiB, free 419.4 MiB)
[2026-01-20T05:17:31.710+0000] {subprocess.py:93} INFO - 26/01/20 05:17:31 INFO BlockManagerInfo: Added broadcast_10_piece0 in memory on 519d7d29de3d:39069 (size: 80.5 KiB, free: 432.0 MiB)
[2026-01-20T05:17:31.711+0000] {subprocess.py:93} INFO - 26/01/20 05:17:31 INFO SparkContext: Created broadcast 10 from broadcast at DAGScheduler.scala:1580
[2026-01-20T05:17:31.711+0000] {subprocess.py:93} INFO - 26/01/20 05:17:31 INFO DAGScheduler: Submitting 13 missing tasks from ResultStage 7 (MapPartitionsRDD[20] at csv at NativeMethodAccessorImpl.java:0) (first 15 tasks are for partitions Vector(0, 1, 2, 3, 4, 5, 6, 7, 8, 9, 10, 11, 12))
[2026-01-20T05:17:31.712+0000] {subprocess.py:93} INFO - 26/01/20 05:17:31 INFO TaskSchedulerImpl: Adding task set 7.0 with 13 tasks resource profile 0
[2026-01-20T05:17:31.713+0000] {subprocess.py:93} INFO - 26/01/20 05:17:31 INFO TaskSetManager: Starting task 0.0 in stage 7.0 (TID 44) (519d7d29de3d, executor driver, partition 0, NODE_LOCAL, 7634 bytes)
[2026-01-20T05:17:31.713+0000] {subprocess.py:93} INFO - 26/01/20 05:17:31 INFO TaskSetManager: Starting task 1.0 in stage 7.0 (TID 45) (519d7d29de3d, executor driver, partition 1, NODE_LOCAL, 7634 bytes)
[2026-01-20T05:17:31.714+0000] {subprocess.py:93} INFO - 26/01/20 05:17:31 INFO TaskSetManager: Starting task 2.0 in stage 7.0 (TID 46) (519d7d29de3d, executor driver, partition 2, NODE_LOCAL, 7634 bytes)
[2026-01-20T05:17:31.714+0000] {subprocess.py:93} INFO - 26/01/20 05:17:31 INFO TaskSetManager: Starting task 3.0 in stage 7.0 (TID 47) (519d7d29de3d, executor driver, partition 3, NODE_LOCAL, 7634 bytes)
[2026-01-20T05:17:31.715+0000] {subprocess.py:93} INFO - 26/01/20 05:17:31 INFO TaskSetManager: Starting task 4.0 in stage 7.0 (TID 48) (519d7d29de3d, executor driver, partition 4, NODE_LOCAL, 7634 bytes)
[2026-01-20T05:17:31.715+0000] {subprocess.py:93} INFO - 26/01/20 05:17:31 INFO TaskSetManager: Starting task 5.0 in stage 7.0 (TID 49) (519d7d29de3d, executor driver, partition 5, NODE_LOCAL, 7634 bytes)
[2026-01-20T05:17:31.716+0000] {subprocess.py:93} INFO - 26/01/20 05:17:31 INFO TaskSetManager: Starting task 6.0 in stage 7.0 (TID 50) (519d7d29de3d, executor driver, partition 6, NODE_LOCAL, 7634 bytes)
[2026-01-20T05:17:31.718+0000] {subprocess.py:93} INFO - 26/01/20 05:17:31 INFO TaskSetManager: Starting task 7.0 in stage 7.0 (TID 51) (519d7d29de3d, executor driver, partition 7, NODE_LOCAL, 7634 bytes)
[2026-01-20T05:17:31.721+0000] {subprocess.py:93} INFO - 26/01/20 05:17:31 INFO TaskSetManager: Starting task 8.0 in stage 7.0 (TID 52) (519d7d29de3d, executor driver, partition 8, NODE_LOCAL, 7634 bytes)
[2026-01-20T05:17:31.722+0000] {subprocess.py:93} INFO - 26/01/20 05:17:31 INFO TaskSetManager: Starting task 9.0 in stage 7.0 (TID 53) (519d7d29de3d, executor driver, partition 9, NODE_LOCAL, 7634 bytes)
[2026-01-20T05:17:31.724+0000] {subprocess.py:93} INFO - 26/01/20 05:17:31 INFO TaskSetManager: Starting task 10.0 in stage 7.0 (TID 54) (519d7d29de3d, executor driver, partition 10, NODE_LOCAL, 7634 bytes)
[2026-01-20T05:17:31.724+0000] {subprocess.py:93} INFO - 26/01/20 05:17:31 INFO TaskSetManager: Starting task 11.0 in stage 7.0 (TID 55) (519d7d29de3d, executor driver, partition 11, NODE_LOCAL, 7634 bytes)
[2026-01-20T05:17:31.725+0000] {subprocess.py:93} INFO - 26/01/20 05:17:31 INFO TaskSetManager: Starting task 12.0 in stage 7.0 (TID 56) (519d7d29de3d, executor driver, partition 12, NODE_LOCAL, 7634 bytes)
[2026-01-20T05:17:31.726+0000] {subprocess.py:93} INFO - 26/01/20 05:17:31 INFO Executor: Running task 2.0 in stage 7.0 (TID 46)
[2026-01-20T05:17:31.727+0000] {subprocess.py:93} INFO - 26/01/20 05:17:31 INFO Executor: Running task 3.0 in stage 7.0 (TID 47)
[2026-01-20T05:17:31.730+0000] {subprocess.py:93} INFO - 26/01/20 05:17:31 INFO Executor: Running task 6.0 in stage 7.0 (TID 50)
[2026-01-20T05:17:31.731+0000] {subprocess.py:93} INFO - 26/01/20 05:17:31 INFO Executor: Running task 0.0 in stage 7.0 (TID 44)
[2026-01-20T05:17:31.732+0000] {subprocess.py:93} INFO - 26/01/20 05:17:31 INFO Executor: Running task 4.0 in stage 7.0 (TID 48)
[2026-01-20T05:17:31.732+0000] {subprocess.py:93} INFO - 26/01/20 05:17:31 INFO Executor: Running task 7.0 in stage 7.0 (TID 51)
[2026-01-20T05:17:31.733+0000] {subprocess.py:93} INFO - 26/01/20 05:17:31 INFO Executor: Running task 1.0 in stage 7.0 (TID 45)
[2026-01-20T05:17:31.734+0000] {subprocess.py:93} INFO - 26/01/20 05:17:31 INFO Executor: Running task 8.0 in stage 7.0 (TID 52)
[2026-01-20T05:17:31.736+0000] {subprocess.py:93} INFO - 26/01/20 05:17:31 INFO Executor: Running task 11.0 in stage 7.0 (TID 55)
[2026-01-20T05:17:31.737+0000] {subprocess.py:93} INFO - 26/01/20 05:17:31 INFO Executor: Running task 10.0 in stage 7.0 (TID 54)
[2026-01-20T05:17:31.738+0000] {subprocess.py:93} INFO - 26/01/20 05:17:31 INFO Executor: Running task 5.0 in stage 7.0 (TID 49)
[2026-01-20T05:17:31.738+0000] {subprocess.py:93} INFO - 26/01/20 05:17:31 INFO Executor: Running task 12.0 in stage 7.0 (TID 56)
[2026-01-20T05:17:31.741+0000] {subprocess.py:93} INFO - 26/01/20 05:17:31 INFO Executor: Running task 9.0 in stage 7.0 (TID 53)
[2026-01-20T05:17:31.824+0000] {subprocess.py:93} INFO - 26/01/20 05:17:31 INFO ShuffleBlockFetcherIterator: Getting 1 (3.2 MiB) non-empty blocks including 1 (3.2 MiB) local and 0 (0.0 B) host-local and 0 (0.0 B) push-merged-local and 0 (0.0 B) remote blocks
[2026-01-20T05:17:31.825+0000] {subprocess.py:93} INFO - 26/01/20 05:17:31 INFO ShuffleBlockFetcherIterator: Getting 1 (3.2 MiB) non-empty blocks including 1 (3.2 MiB) local and 0 (0.0 B) host-local and 0 (0.0 B) push-merged-local and 0 (0.0 B) remote blocks
[2026-01-20T05:17:31.826+0000] {subprocess.py:93} INFO - 26/01/20 05:17:31 INFO ShuffleBlockFetcherIterator: Started 0 remote fetches in 1 ms
[2026-01-20T05:17:31.827+0000] {subprocess.py:93} INFO - 26/01/20 05:17:31 INFO ShuffleBlockFetcherIterator: Started 0 remote fetches in 0 ms
[2026-01-20T05:17:31.828+0000] {subprocess.py:93} INFO - 26/01/20 05:17:31 INFO ShuffleBlockFetcherIterator: Getting 1 (3.2 MiB) non-empty blocks including 1 (3.2 MiB) local and 0 (0.0 B) host-local and 0 (0.0 B) push-merged-local and 0 (0.0 B) remote blocks
[2026-01-20T05:17:31.829+0000] {subprocess.py:93} INFO - 26/01/20 05:17:31 INFO ShuffleBlockFetcherIterator: Getting 1 (3.2 MiB) non-empty blocks including 1 (3.2 MiB) local and 0 (0.0 B) host-local and 0 (0.0 B) push-merged-local and 0 (0.0 B) remote blocks
[2026-01-20T05:17:31.829+0000] {subprocess.py:93} INFO - 26/01/20 05:17:31 INFO ShuffleBlockFetcherIterator: Getting 1 (1050.3 KiB) non-empty blocks including 1 (1050.3 KiB) local and 0 (0.0 B) host-local and 0 (0.0 B) push-merged-local and 0 (0.0 B) remote blocks
[2026-01-20T05:17:31.830+0000] {subprocess.py:93} INFO - 26/01/20 05:17:31 INFO ShuffleBlockFetcherIterator: Getting 1 (3.2 MiB) non-empty blocks including 1 (3.2 MiB) local and 0 (0.0 B) host-local and 0 (0.0 B) push-merged-local and 0 (0.0 B) remote blocks
[2026-01-20T05:17:31.831+0000] {subprocess.py:93} INFO - 26/01/20 05:17:31 INFO ShuffleBlockFetcherIterator: Getting 1 (3.2 MiB) non-empty blocks including 1 (3.2 MiB) local and 0 (0.0 B) host-local and 0 (0.0 B) push-merged-local and 0 (0.0 B) remote blocks
[2026-01-20T05:17:31.831+0000] {subprocess.py:93} INFO - 26/01/20 05:17:31 INFO ShuffleBlockFetcherIterator: Getting 1 (3.2 MiB) non-empty blocks including 1 (3.2 MiB) local and 0 (0.0 B) host-local and 0 (0.0 B) push-merged-local and 0 (0.0 B) remote blocks
[2026-01-20T05:17:31.832+0000] {subprocess.py:93} INFO - 26/01/20 05:17:31 INFO ShuffleBlockFetcherIterator: Getting 1 (3.2 MiB) non-empty blocks including 1 (3.2 MiB) local and 0 (0.0 B) host-local and 0 (0.0 B) push-merged-local and 0 (0.0 B) remote blocks
[2026-01-20T05:17:31.833+0000] {subprocess.py:93} INFO - 26/01/20 05:17:31 INFO ShuffleBlockFetcherIterator: Getting 1 (3.3 MiB) non-empty blocks including 1 (3.3 MiB) local and 0 (0.0 B) host-local and 0 (0.0 B) push-merged-local and 0 (0.0 B) remote blocks
[2026-01-20T05:17:31.834+0000] {subprocess.py:93} INFO - 26/01/20 05:17:31 INFO ShuffleBlockFetcherIterator: Getting 1 (3.2 MiB) non-empty blocks including 1 (3.2 MiB) local and 0 (0.0 B) host-local and 0 (0.0 B) push-merged-local and 0 (0.0 B) remote blocks
[2026-01-20T05:17:31.834+0000] {subprocess.py:93} INFO - 26/01/20 05:17:31 INFO ShuffleBlockFetcherIterator: Started 0 remote fetches in 2 ms
[2026-01-20T05:17:31.835+0000] {subprocess.py:93} INFO - 26/01/20 05:17:31 INFO ShuffleBlockFetcherIterator: Started 0 remote fetches in 2 ms
[2026-01-20T05:17:31.836+0000] {subprocess.py:93} INFO - 26/01/20 05:17:31 INFO ShuffleBlockFetcherIterator: Started 0 remote fetches in 1 ms
[2026-01-20T05:17:31.837+0000] {subprocess.py:93} INFO - 26/01/20 05:17:31 INFO ShuffleBlockFetcherIterator: Getting 1 (3.2 MiB) non-empty blocks including 1 (3.2 MiB) local and 0 (0.0 B) host-local and 0 (0.0 B) push-merged-local and 0 (0.0 B) remote blocks
[2026-01-20T05:17:31.837+0000] {subprocess.py:93} INFO - 26/01/20 05:17:31 INFO ShuffleBlockFetcherIterator: Started 0 remote fetches in 3 ms
[2026-01-20T05:17:31.838+0000] {subprocess.py:93} INFO - 26/01/20 05:17:31 INFO ShuffleBlockFetcherIterator: Started 0 remote fetches in 1 ms
[2026-01-20T05:17:31.839+0000] {subprocess.py:93} INFO - 26/01/20 05:17:31 INFO ShuffleBlockFetcherIterator: Started 0 remote fetches in 1 ms
[2026-01-20T05:17:31.840+0000] {subprocess.py:93} INFO - 26/01/20 05:17:31 INFO ShuffleBlockFetcherIterator: Started 0 remote fetches in 3 ms
[2026-01-20T05:17:31.840+0000] {subprocess.py:93} INFO - 26/01/20 05:17:31 INFO ShuffleBlockFetcherIterator: Started 0 remote fetches in 2 ms
[2026-01-20T05:17:31.841+0000] {subprocess.py:93} INFO - 26/01/20 05:17:31 INFO ShuffleBlockFetcherIterator: Started 0 remote fetches in 1 ms
[2026-01-20T05:17:31.842+0000] {subprocess.py:93} INFO - 26/01/20 05:17:31 INFO ShuffleBlockFetcherIterator: Started 0 remote fetches in 0 ms
[2026-01-20T05:17:31.842+0000] {subprocess.py:93} INFO - 26/01/20 05:17:31 INFO ShuffleBlockFetcherIterator: Getting 1 (3.3 MiB) non-empty blocks including 1 (3.3 MiB) local and 0 (0.0 B) host-local and 0 (0.0 B) push-merged-local and 0 (0.0 B) remote blocks
[2026-01-20T05:17:31.843+0000] {subprocess.py:93} INFO - 26/01/20 05:17:31 INFO ShuffleBlockFetcherIterator: Started 0 remote fetches in 5 ms
[2026-01-20T05:17:31.861+0000] {subprocess.py:93} INFO - 26/01/20 05:17:31 INFO CodeGenerator: Code generated in 35.604803 ms
[2026-01-20T05:17:31.864+0000] {subprocess.py:93} INFO - 26/01/20 05:17:31 INFO FileOutputCommitter: File Output Committer Algorithm version is 1
[2026-01-20T05:17:31.866+0000] {subprocess.py:93} INFO - 26/01/20 05:17:31 INFO FileOutputCommitter: File Output Committer Algorithm version is 1
[2026-01-20T05:17:31.869+0000] {subprocess.py:93} INFO - 26/01/20 05:17:31 INFO FileOutputCommitter: File Output Committer Algorithm version is 1
[2026-01-20T05:17:31.871+0000] {subprocess.py:93} INFO - 26/01/20 05:17:31 INFO FileOutputCommitter: File Output Committer Algorithm version is 1
[2026-01-20T05:17:31.872+0000] {subprocess.py:93} INFO - 26/01/20 05:17:31 INFO FileOutputCommitter: File Output Committer Algorithm version is 1
[2026-01-20T05:17:31.874+0000] {subprocess.py:93} INFO - 26/01/20 05:17:31 INFO FileOutputCommitter: FileOutputCommitter skip cleanup _temporary folders under output directory:false, ignore cleanup failures: false
[2026-01-20T05:17:31.878+0000] {subprocess.py:93} INFO - 26/01/20 05:17:31 INFO FileOutputCommitter: File Output Committer Algorithm version is 1
[2026-01-20T05:17:31.879+0000] {subprocess.py:93} INFO - 26/01/20 05:17:31 INFO FileOutputCommitter: FileOutputCommitter skip cleanup _temporary folders under output directory:false, ignore cleanup failures: false
[2026-01-20T05:17:31.880+0000] {subprocess.py:93} INFO - 26/01/20 05:17:31 INFO FileOutputCommitter: File Output Committer Algorithm version is 1
[2026-01-20T05:17:31.881+0000] {subprocess.py:93} INFO - 26/01/20 05:17:31 INFO FileOutputCommitter: File Output Committer Algorithm version is 1
[2026-01-20T05:17:31.881+0000] {subprocess.py:93} INFO - 26/01/20 05:17:31 INFO FileOutputCommitter: FileOutputCommitter skip cleanup _temporary folders under output directory:false, ignore cleanup failures: false
[2026-01-20T05:17:31.882+0000] {subprocess.py:93} INFO - 26/01/20 05:17:31 INFO FileOutputCommitter: FileOutputCommitter skip cleanup _temporary folders under output directory:false, ignore cleanup failures: false
[2026-01-20T05:17:31.884+0000] {subprocess.py:93} INFO - 26/01/20 05:17:31 INFO FileOutputCommitter: FileOutputCommitter skip cleanup _temporary folders under output directory:false, ignore cleanup failures: false
[2026-01-20T05:17:31.885+0000] {subprocess.py:93} INFO - 26/01/20 05:17:31 INFO FileOutputCommitter: File Output Committer Algorithm version is 1
[2026-01-20T05:17:31.886+0000] {subprocess.py:93} INFO - 26/01/20 05:17:31 INFO FileOutputCommitter: FileOutputCommitter skip cleanup _temporary folders under output directory:false, ignore cleanup failures: false
[2026-01-20T05:17:31.886+0000] {subprocess.py:93} INFO - 26/01/20 05:17:31 INFO FileOutputCommitter: File Output Committer Algorithm version is 1
[2026-01-20T05:17:31.887+0000] {subprocess.py:93} INFO - 26/01/20 05:17:31 INFO FileOutputCommitter: FileOutputCommitter skip cleanup _temporary folders under output directory:false, ignore cleanup failures: false
[2026-01-20T05:17:31.888+0000] {subprocess.py:93} INFO - 26/01/20 05:17:31 INFO FileOutputCommitter: FileOutputCommitter skip cleanup _temporary folders under output directory:false, ignore cleanup failures: false
[2026-01-20T05:17:31.889+0000] {subprocess.py:93} INFO - 26/01/20 05:17:31 INFO FileOutputCommitter: FileOutputCommitter skip cleanup _temporary folders under output directory:false, ignore cleanup failures: false
[2026-01-20T05:17:31.890+0000] {subprocess.py:93} INFO - 26/01/20 05:17:31 INFO FileOutputCommitter: FileOutputCommitter skip cleanup _temporary folders under output directory:false, ignore cleanup failures: false
[2026-01-20T05:17:31.891+0000] {subprocess.py:93} INFO - 26/01/20 05:17:31 INFO SQLHadoopMapReduceCommitProtocol: Using output committer class org.apache.hadoop.mapreduce.lib.output.FileOutputCommitter
[2026-01-20T05:17:31.892+0000] {subprocess.py:93} INFO - 26/01/20 05:17:31 INFO FileOutputCommitter: File Output Committer Algorithm version is 1
[2026-01-20T05:17:31.893+0000] {subprocess.py:93} INFO - 26/01/20 05:17:31 INFO FileOutputCommitter: FileOutputCommitter skip cleanup _temporary folders under output directory:false, ignore cleanup failures: false
[2026-01-20T05:17:31.894+0000] {subprocess.py:93} INFO - 26/01/20 05:17:31 INFO FileOutputCommitter: File Output Committer Algorithm version is 1
[2026-01-20T05:17:31.895+0000] {subprocess.py:93} INFO - 26/01/20 05:17:31 INFO FileOutputCommitter: FileOutputCommitter skip cleanup _temporary folders under output directory:false, ignore cleanup failures: false
[2026-01-20T05:17:31.897+0000] {subprocess.py:93} INFO - 26/01/20 05:17:31 INFO FileOutputCommitter: File Output Committer Algorithm version is 1
[2026-01-20T05:17:31.898+0000] {subprocess.py:93} INFO - 26/01/20 05:17:31 INFO FileOutputCommitter: FileOutputCommitter skip cleanup _temporary folders under output directory:false, ignore cleanup failures: false
[2026-01-20T05:17:31.899+0000] {subprocess.py:93} INFO - 26/01/20 05:17:31 INFO SQLHadoopMapReduceCommitProtocol: Using output committer class org.apache.hadoop.mapreduce.lib.output.FileOutputCommitter
[2026-01-20T05:17:31.900+0000] {subprocess.py:93} INFO - 26/01/20 05:17:31 INFO SQLHadoopMapReduceCommitProtocol: Using output committer class org.apache.hadoop.mapreduce.lib.output.FileOutputCommitter
[2026-01-20T05:17:31.901+0000] {subprocess.py:93} INFO - 26/01/20 05:17:31 INFO SQLHadoopMapReduceCommitProtocol: Using output committer class org.apache.hadoop.mapreduce.lib.output.FileOutputCommitter
[2026-01-20T05:17:31.902+0000] {subprocess.py:93} INFO - 26/01/20 05:17:31 INFO SQLHadoopMapReduceCommitProtocol: Using output committer class org.apache.hadoop.mapreduce.lib.output.FileOutputCommitter
[2026-01-20T05:17:31.903+0000] {subprocess.py:93} INFO - 26/01/20 05:17:31 INFO SQLHadoopMapReduceCommitProtocol: Using output committer class org.apache.hadoop.mapreduce.lib.output.FileOutputCommitter
[2026-01-20T05:17:31.905+0000] {subprocess.py:93} INFO - 26/01/20 05:17:31 INFO SQLHadoopMapReduceCommitProtocol: Using output committer class org.apache.hadoop.mapreduce.lib.output.FileOutputCommitter
[2026-01-20T05:17:31.909+0000] {subprocess.py:93} INFO - 26/01/20 05:17:31 INFO SQLHadoopMapReduceCommitProtocol: Using output committer class org.apache.hadoop.mapreduce.lib.output.FileOutputCommitter
[2026-01-20T05:17:31.915+0000] {subprocess.py:93} INFO - 26/01/20 05:17:31 INFO SQLHadoopMapReduceCommitProtocol: Using output committer class org.apache.hadoop.mapreduce.lib.output.FileOutputCommitter
[2026-01-20T05:17:31.916+0000] {subprocess.py:93} INFO - 26/01/20 05:17:31 INFO SQLHadoopMapReduceCommitProtocol: Using output committer class org.apache.hadoop.mapreduce.lib.output.FileOutputCommitter
[2026-01-20T05:17:31.920+0000] {subprocess.py:93} INFO - 26/01/20 05:17:31 INFO SQLHadoopMapReduceCommitProtocol: Using output committer class org.apache.hadoop.mapreduce.lib.output.FileOutputCommitter
[2026-01-20T05:17:31.921+0000] {subprocess.py:93} INFO - 26/01/20 05:17:31 INFO SQLHadoopMapReduceCommitProtocol: Using output committer class org.apache.hadoop.mapreduce.lib.output.FileOutputCommitter
[2026-01-20T05:17:31.922+0000] {subprocess.py:93} INFO - 26/01/20 05:17:31 INFO SQLHadoopMapReduceCommitProtocol: Using output committer class org.apache.hadoop.mapreduce.lib.output.FileOutputCommitter
[2026-01-20T05:17:31.923+0000] {subprocess.py:93} INFO - 26/01/20 05:17:31 INFO SparkHadoopMapRedUtil: No need to commit output of task because needsTaskCommit=false: attempt_202601200517316960920246535067970_0007_m_000012_56
[2026-01-20T05:17:31.924+0000] {subprocess.py:93} INFO - 26/01/20 05:17:31 INFO Executor: Finished task 12.0 in stage 7.0 (TID 56). 4945 bytes result sent to driver
[2026-01-20T05:17:31.926+0000] {subprocess.py:93} INFO - 26/01/20 05:17:31 INFO TaskSetManager: Finished task 12.0 in stage 7.0 (TID 56) in 201 ms on 519d7d29de3d (executor driver) (1/13)
[2026-01-20T05:17:31.926+0000] {subprocess.py:93} INFO - 26/01/20 05:17:31 INFO SparkHadoopMapRedUtil: No need to commit output of task because needsTaskCommit=false: attempt_202601200517316960920246535067970_0007_m_000003_47
[2026-01-20T05:17:31.927+0000] {subprocess.py:93} INFO - 26/01/20 05:17:31 INFO SparkHadoopMapRedUtil: No need to commit output of task because needsTaskCommit=false: attempt_202601200517316960920246535067970_0007_m_000004_48
[2026-01-20T05:17:31.929+0000] {subprocess.py:93} INFO - 26/01/20 05:17:31 INFO Executor: Finished task 3.0 in stage 7.0 (TID 47). 4902 bytes result sent to driver
[2026-01-20T05:17:31.932+0000] {subprocess.py:93} INFO - 26/01/20 05:17:31 INFO Executor: Finished task 4.0 in stage 7.0 (TID 48). 4945 bytes result sent to driver
[2026-01-20T05:17:31.933+0000] {subprocess.py:93} INFO - 26/01/20 05:17:31 INFO TaskSetManager: Finished task 4.0 in stage 7.0 (TID 48) in 217 ms on 519d7d29de3d (executor driver) (2/13)
[2026-01-20T05:17:31.937+0000] {subprocess.py:93} INFO - 26/01/20 05:17:31 INFO SparkHadoopMapRedUtil: No need to commit output of task because needsTaskCommit=false: attempt_202601200517316960920246535067970_0007_m_000011_55
[2026-01-20T05:17:31.938+0000] {subprocess.py:93} INFO - 26/01/20 05:17:31 INFO TaskSetManager: Finished task 3.0 in stage 7.0 (TID 47) in 219 ms on 519d7d29de3d (executor driver) (3/13)
[2026-01-20T05:17:31.940+0000] {subprocess.py:93} INFO - 26/01/20 05:17:31 INFO Executor: Finished task 11.0 in stage 7.0 (TID 55). 4902 bytes result sent to driver
[2026-01-20T05:17:31.941+0000] {subprocess.py:93} INFO - 26/01/20 05:17:31 INFO TaskSetManager: Finished task 11.0 in stage 7.0 (TID 55) in 219 ms on 519d7d29de3d (executor driver) (4/13)
[2026-01-20T05:17:31.943+0000] {subprocess.py:93} INFO - 26/01/20 05:17:31 INFO SparkHadoopMapRedUtil: No need to commit output of task because needsTaskCommit=false: attempt_202601200517316960920246535067970_0007_m_000007_51
[2026-01-20T05:17:31.945+0000] {subprocess.py:93} INFO - 26/01/20 05:17:31 INFO SparkHadoopMapRedUtil: No need to commit output of task because needsTaskCommit=false: attempt_202601200517316960920246535067970_0007_m_000005_49
[2026-01-20T05:17:31.946+0000] {subprocess.py:93} INFO - 26/01/20 05:17:31 INFO Executor: Finished task 7.0 in stage 7.0 (TID 51). 4902 bytes result sent to driver
[2026-01-20T05:17:31.947+0000] {subprocess.py:93} INFO - 26/01/20 05:17:31 INFO Executor: Finished task 5.0 in stage 7.0 (TID 49). 4902 bytes result sent to driver
[2026-01-20T05:17:31.948+0000] {subprocess.py:93} INFO - 26/01/20 05:17:31 INFO SparkHadoopMapRedUtil: No need to commit output of task because needsTaskCommit=false: attempt_202601200517316960920246535067970_0007_m_000002_46
[2026-01-20T05:17:31.949+0000] {subprocess.py:93} INFO - 26/01/20 05:17:31 INFO TaskSetManager: Finished task 7.0 in stage 7.0 (TID 51) in 223 ms on 519d7d29de3d (executor driver) (5/13)
[2026-01-20T05:17:31.950+0000] {subprocess.py:93} INFO - 26/01/20 05:17:31 INFO TaskSetManager: Finished task 5.0 in stage 7.0 (TID 49) in 225 ms on 519d7d29de3d (executor driver) (6/13)
[2026-01-20T05:17:31.951+0000] {subprocess.py:93} INFO - 26/01/20 05:17:31 INFO Executor: Finished task 2.0 in stage 7.0 (TID 46). 4902 bytes result sent to driver
[2026-01-20T05:17:31.952+0000] {subprocess.py:93} INFO - 26/01/20 05:17:31 INFO SparkHadoopMapRedUtil: No need to commit output of task because needsTaskCommit=false: attempt_202601200517316960920246535067970_0007_m_000008_52
[2026-01-20T05:17:31.953+0000] {subprocess.py:93} INFO - 26/01/20 05:17:31 INFO TaskSetManager: Finished task 2.0 in stage 7.0 (TID 46) in 227 ms on 519d7d29de3d (executor driver) (7/13)
[2026-01-20T05:17:31.954+0000] {subprocess.py:93} INFO - 26/01/20 05:17:31 INFO SparkHadoopMapRedUtil: No need to commit output of task because needsTaskCommit=false: attempt_202601200517316960920246535067970_0007_m_000006_50
[2026-01-20T05:17:31.955+0000] {subprocess.py:93} INFO - 26/01/20 05:17:31 INFO Executor: Finished task 8.0 in stage 7.0 (TID 52). 4945 bytes result sent to driver
[2026-01-20T05:17:31.956+0000] {subprocess.py:93} INFO - 26/01/20 05:17:31 INFO SparkHadoopMapRedUtil: No need to commit output of task because needsTaskCommit=false: attempt_202601200517316960920246535067970_0007_m_000010_54
[2026-01-20T05:17:31.957+0000] {subprocess.py:93} INFO - 26/01/20 05:17:31 INFO SparkHadoopMapRedUtil: No need to commit output of task because needsTaskCommit=false: attempt_202601200517316960920246535067970_0007_m_000009_53
[2026-01-20T05:17:31.958+0000] {subprocess.py:93} INFO - 26/01/20 05:17:31 INFO SparkHadoopMapRedUtil: No need to commit output of task because needsTaskCommit=false: attempt_202601200517316960920246535067970_0007_m_000001_45
[2026-01-20T05:17:31.959+0000] {subprocess.py:93} INFO - 26/01/20 05:17:31 INFO TaskSetManager: Finished task 8.0 in stage 7.0 (TID 52) in 233 ms on 519d7d29de3d (executor driver) (8/13)
[2026-01-20T05:17:31.960+0000] {subprocess.py:93} INFO - 26/01/20 05:17:31 INFO Executor: Finished task 1.0 in stage 7.0 (TID 45). 4945 bytes result sent to driver
[2026-01-20T05:17:31.961+0000] {subprocess.py:93} INFO - 26/01/20 05:17:31 INFO Executor: Finished task 6.0 in stage 7.0 (TID 50). 4945 bytes result sent to driver
[2026-01-20T05:17:31.962+0000] {subprocess.py:93} INFO - 26/01/20 05:17:31 INFO TaskSetManager: Finished task 1.0 in stage 7.0 (TID 45) in 240 ms on 519d7d29de3d (executor driver) (9/13)
[2026-01-20T05:17:31.963+0000] {subprocess.py:93} INFO - 26/01/20 05:17:31 INFO TaskSetManager: Finished task 6.0 in stage 7.0 (TID 50) in 240 ms on 519d7d29de3d (executor driver) (10/13)
[2026-01-20T05:17:31.964+0000] {subprocess.py:93} INFO - 26/01/20 05:17:31 INFO Executor: Finished task 10.0 in stage 7.0 (TID 54). 4945 bytes result sent to driver
[2026-01-20T05:17:31.965+0000] {subprocess.py:93} INFO - 26/01/20 05:17:31 INFO TaskSetManager: Finished task 10.0 in stage 7.0 (TID 54) in 243 ms on 519d7d29de3d (executor driver) (11/13)
[2026-01-20T05:17:31.965+0000] {subprocess.py:93} INFO - 26/01/20 05:17:31 INFO Executor: Finished task 9.0 in stage 7.0 (TID 53). 4945 bytes result sent to driver
[2026-01-20T05:17:31.966+0000] {subprocess.py:93} INFO - 26/01/20 05:17:31 INFO TaskSetManager: Finished task 9.0 in stage 7.0 (TID 53) in 245 ms on 519d7d29de3d (executor driver) (12/13)
[2026-01-20T05:17:32.225+0000] {subprocess.py:93} INFO - 26/01/20 05:17:32 INFO FileOutputCommitter: Saved output of task 'attempt_202601200517316960920246535067970_0007_m_000000_44' to file:/opt/spark-data/gold/advertising/_temporary/0/task_202601200517316960920246535067970_0007_m_000000
[2026-01-20T05:17:32.226+0000] {subprocess.py:93} INFO - 26/01/20 05:17:32 INFO SparkHadoopMapRedUtil: attempt_202601200517316960920246535067970_0007_m_000000_44: Committed. Elapsed time: 55 ms.
[2026-01-20T05:17:32.229+0000] {subprocess.py:93} INFO - 26/01/20 05:17:32 INFO Executor: Finished task 0.0 in stage 7.0 (TID 44). 4988 bytes result sent to driver
[2026-01-20T05:17:32.230+0000] {subprocess.py:93} INFO - 26/01/20 05:17:32 INFO TaskSetManager: Finished task 0.0 in stage 7.0 (TID 44) in 518 ms on 519d7d29de3d (executor driver) (13/13)
[2026-01-20T05:17:32.231+0000] {subprocess.py:93} INFO - 26/01/20 05:17:32 INFO TaskSchedulerImpl: Removed TaskSet 7.0, whose tasks have all completed, from pool
[2026-01-20T05:17:32.232+0000] {subprocess.py:93} INFO - 26/01/20 05:17:32 INFO DAGScheduler: ResultStage 7 (csv at NativeMethodAccessorImpl.java:0) finished in 0.556 s
[2026-01-20T05:17:32.232+0000] {subprocess.py:93} INFO - 26/01/20 05:17:32 INFO DAGScheduler: Job 5 is finished. Cancelling potential speculative or zombie tasks for this job
[2026-01-20T05:17:32.233+0000] {subprocess.py:93} INFO - 26/01/20 05:17:32 INFO TaskSchedulerImpl: Killing all running tasks in stage 7: Stage finished
[2026-01-20T05:17:32.233+0000] {subprocess.py:93} INFO - 26/01/20 05:17:32 INFO DAGScheduler: Job 5 finished: csv at NativeMethodAccessorImpl.java:0, took 0.559369 s
[2026-01-20T05:17:32.234+0000] {subprocess.py:93} INFO - 26/01/20 05:17:32 INFO FileFormatWriter: Start to commit write Job 3314694c-0638-40d2-9b53-b2b59c703fdb.
[2026-01-20T05:17:32.404+0000] {subprocess.py:93} INFO - 26/01/20 05:17:32 INFO FileFormatWriter: Write Job 3314694c-0638-40d2-9b53-b2b59c703fdb committed. Elapsed time: 170 ms.
[2026-01-20T05:17:32.407+0000] {subprocess.py:93} INFO - 26/01/20 05:17:32 INFO FileFormatWriter: Finished processing stats for write job 3314694c-0638-40d2-9b53-b2b59c703fdb.
[2026-01-20T05:17:32.625+0000] {subprocess.py:93} INFO - 26/01/20 05:17:32 INFO FileSourceStrategy: Pushed Filters:
[2026-01-20T05:17:32.626+0000] {subprocess.py:93} INFO - 26/01/20 05:17:32 INFO FileSourceStrategy: Post-Scan Filters:
[2026-01-20T05:17:32.660+0000] {subprocess.py:93} INFO - 26/01/20 05:17:32 INFO CodeGenerator: Code generated in 10.056593 ms
[2026-01-20T05:17:32.666+0000] {subprocess.py:93} INFO - 26/01/20 05:17:32 INFO MemoryStore: Block broadcast_11 stored as values in memory (estimated size 199.1 KiB, free 419.2 MiB)
[2026-01-20T05:17:32.679+0000] {subprocess.py:93} INFO - 26/01/20 05:17:32 INFO MemoryStore: Block broadcast_11_piece0 stored as bytes in memory (estimated size 34.1 KiB, free 419.1 MiB)
[2026-01-20T05:17:32.680+0000] {subprocess.py:93} INFO - 26/01/20 05:17:32 INFO BlockManagerInfo: Added broadcast_11_piece0 in memory on 519d7d29de3d:39069 (size: 34.1 KiB, free: 432.0 MiB)
[2026-01-20T05:17:32.681+0000] {subprocess.py:93} INFO - 26/01/20 05:17:32 INFO SparkContext: Created broadcast 11 from csv at NativeMethodAccessorImpl.java:0
[2026-01-20T05:17:32.682+0000] {subprocess.py:93} INFO - 26/01/20 05:17:32 INFO FileSourceScanExec: Planning scan with bin packing, max size: 4194304 bytes, open cost is considered as scanning 4194304 bytes.
[2026-01-20T05:17:32.689+0000] {subprocess.py:93} INFO - 26/01/20 05:17:32 INFO DAGScheduler: Registering RDD 24 (csv at NativeMethodAccessorImpl.java:0) as input to shuffle 2
[2026-01-20T05:17:32.693+0000] {subprocess.py:93} INFO - 26/01/20 05:17:32 INFO DAGScheduler: Got map stage job 6 (csv at NativeMethodAccessorImpl.java:0) with 13 output partitions
[2026-01-20T05:17:32.694+0000] {subprocess.py:93} INFO - 26/01/20 05:17:32 INFO DAGScheduler: Final stage: ShuffleMapStage 8 (csv at NativeMethodAccessorImpl.java:0)
[2026-01-20T05:17:32.695+0000] {subprocess.py:93} INFO - 26/01/20 05:17:32 INFO DAGScheduler: Parents of final stage: List()
[2026-01-20T05:17:32.696+0000] {subprocess.py:93} INFO - 26/01/20 05:17:32 INFO DAGScheduler: Missing parents: List()
[2026-01-20T05:17:32.697+0000] {subprocess.py:93} INFO - 26/01/20 05:17:32 INFO DAGScheduler: Submitting ShuffleMapStage 8 (MapPartitionsRDD[24] at csv at NativeMethodAccessorImpl.java:0), which has no missing parents
[2026-01-20T05:17:32.703+0000] {subprocess.py:93} INFO - 26/01/20 05:17:32 INFO MemoryStore: Block broadcast_12 stored as values in memory (estimated size 18.5 KiB, free 419.1 MiB)
[2026-01-20T05:17:32.710+0000] {subprocess.py:93} INFO - 26/01/20 05:17:32 INFO MemoryStore: Block broadcast_12_piece0 stored as bytes in memory (estimated size 8.8 KiB, free 419.1 MiB)
[2026-01-20T05:17:32.711+0000] {subprocess.py:93} INFO - 26/01/20 05:17:32 INFO BlockManagerInfo: Added broadcast_12_piece0 in memory on 519d7d29de3d:39069 (size: 8.8 KiB, free: 432.0 MiB)
[2026-01-20T05:17:32.712+0000] {subprocess.py:93} INFO - 26/01/20 05:17:32 INFO SparkContext: Created broadcast 12 from broadcast at DAGScheduler.scala:1580
[2026-01-20T05:17:32.712+0000] {subprocess.py:93} INFO - 26/01/20 05:17:32 INFO DAGScheduler: Submitting 13 missing tasks from ShuffleMapStage 8 (MapPartitionsRDD[24] at csv at NativeMethodAccessorImpl.java:0) (first 15 tasks are for partitions Vector(0, 1, 2, 3, 4, 5, 6, 7, 8, 9, 10, 11, 12))
[2026-01-20T05:17:32.713+0000] {subprocess.py:93} INFO - 26/01/20 05:17:32 INFO TaskSchedulerImpl: Adding task set 8.0 with 13 tasks resource profile 0
[2026-01-20T05:17:32.714+0000] {subprocess.py:93} INFO - 26/01/20 05:17:32 INFO TaskSetManager: Starting task 0.0 in stage 8.0 (TID 57) (519d7d29de3d, executor driver, partition 0, PROCESS_LOCAL, 8240 bytes)
[2026-01-20T05:17:32.715+0000] {subprocess.py:93} INFO - 26/01/20 05:17:32 INFO TaskSetManager: Starting task 1.0 in stage 8.0 (TID 58) (519d7d29de3d, executor driver, partition 1, PROCESS_LOCAL, 8240 bytes)
[2026-01-20T05:17:32.716+0000] {subprocess.py:93} INFO - 26/01/20 05:17:32 INFO TaskSetManager: Starting task 2.0 in stage 8.0 (TID 59) (519d7d29de3d, executor driver, partition 2, PROCESS_LOCAL, 8240 bytes)
[2026-01-20T05:17:32.717+0000] {subprocess.py:93} INFO - 26/01/20 05:17:32 INFO TaskSetManager: Starting task 3.0 in stage 8.0 (TID 60) (519d7d29de3d, executor driver, partition 3, PROCESS_LOCAL, 8240 bytes)
[2026-01-20T05:17:32.718+0000] {subprocess.py:93} INFO - 26/01/20 05:17:32 INFO TaskSetManager: Starting task 4.0 in stage 8.0 (TID 61) (519d7d29de3d, executor driver, partition 4, PROCESS_LOCAL, 8240 bytes)
[2026-01-20T05:17:32.719+0000] {subprocess.py:93} INFO - 26/01/20 05:17:32 INFO TaskSetManager: Starting task 5.0 in stage 8.0 (TID 62) (519d7d29de3d, executor driver, partition 5, PROCESS_LOCAL, 8240 bytes)
[2026-01-20T05:17:32.719+0000] {subprocess.py:93} INFO - 26/01/20 05:17:32 INFO TaskSetManager: Starting task 6.0 in stage 8.0 (TID 63) (519d7d29de3d, executor driver, partition 6, PROCESS_LOCAL, 8240 bytes)
[2026-01-20T05:17:32.720+0000] {subprocess.py:93} INFO - 26/01/20 05:17:32 INFO TaskSetManager: Starting task 7.0 in stage 8.0 (TID 64) (519d7d29de3d, executor driver, partition 7, PROCESS_LOCAL, 8240 bytes)
[2026-01-20T05:17:32.721+0000] {subprocess.py:93} INFO - 26/01/20 05:17:32 INFO TaskSetManager: Starting task 8.0 in stage 8.0 (TID 65) (519d7d29de3d, executor driver, partition 8, PROCESS_LOCAL, 8240 bytes)
[2026-01-20T05:17:32.722+0000] {subprocess.py:93} INFO - 26/01/20 05:17:32 INFO TaskSetManager: Starting task 9.0 in stage 8.0 (TID 66) (519d7d29de3d, executor driver, partition 9, PROCESS_LOCAL, 8240 bytes)
[2026-01-20T05:17:32.723+0000] {subprocess.py:93} INFO - 26/01/20 05:17:32 INFO TaskSetManager: Starting task 10.0 in stage 8.0 (TID 67) (519d7d29de3d, executor driver, partition 10, PROCESS_LOCAL, 8240 bytes)
[2026-01-20T05:17:32.725+0000] {subprocess.py:93} INFO - 26/01/20 05:17:32 INFO TaskSetManager: Starting task 11.0 in stage 8.0 (TID 68) (519d7d29de3d, executor driver, partition 11, PROCESS_LOCAL, 8240 bytes)
[2026-01-20T05:17:32.726+0000] {subprocess.py:93} INFO - 26/01/20 05:17:32 INFO TaskSetManager: Starting task 12.0 in stage 8.0 (TID 69) (519d7d29de3d, executor driver, partition 12, PROCESS_LOCAL, 8240 bytes)
[2026-01-20T05:17:32.728+0000] {subprocess.py:93} INFO - 26/01/20 05:17:32 INFO Executor: Running task 0.0 in stage 8.0 (TID 57)
[2026-01-20T05:17:32.729+0000] {subprocess.py:93} INFO - 26/01/20 05:17:32 INFO Executor: Running task 2.0 in stage 8.0 (TID 59)
[2026-01-20T05:17:32.730+0000] {subprocess.py:93} INFO - 26/01/20 05:17:32 INFO Executor: Running task 1.0 in stage 8.0 (TID 58)
[2026-01-20T05:17:32.731+0000] {subprocess.py:93} INFO - 26/01/20 05:17:32 INFO Executor: Running task 4.0 in stage 8.0 (TID 61)
[2026-01-20T05:17:32.732+0000] {subprocess.py:93} INFO - 26/01/20 05:17:32 INFO Executor: Running task 6.0 in stage 8.0 (TID 63)
[2026-01-20T05:17:32.733+0000] {subprocess.py:93} INFO - 26/01/20 05:17:32 INFO Executor: Running task 7.0 in stage 8.0 (TID 64)
[2026-01-20T05:17:32.734+0000] {subprocess.py:93} INFO - 26/01/20 05:17:32 INFO Executor: Running task 8.0 in stage 8.0 (TID 65)
[2026-01-20T05:17:32.734+0000] {subprocess.py:93} INFO - 26/01/20 05:17:32 INFO Executor: Running task 9.0 in stage 8.0 (TID 66)
[2026-01-20T05:17:32.736+0000] {subprocess.py:93} INFO - 26/01/20 05:17:32 INFO Executor: Running task 10.0 in stage 8.0 (TID 67)
[2026-01-20T05:17:32.737+0000] {subprocess.py:93} INFO - 26/01/20 05:17:32 INFO Executor: Running task 5.0 in stage 8.0 (TID 62)
[2026-01-20T05:17:32.738+0000] {subprocess.py:93} INFO - 26/01/20 05:17:32 INFO Executor: Running task 11.0 in stage 8.0 (TID 68)
[2026-01-20T05:17:32.739+0000] {subprocess.py:93} INFO - 26/01/20 05:17:32 INFO Executor: Running task 12.0 in stage 8.0 (TID 69)
[2026-01-20T05:17:32.740+0000] {subprocess.py:93} INFO - 26/01/20 05:17:32 INFO Executor: Running task 3.0 in stage 8.0 (TID 60)
[2026-01-20T05:17:32.742+0000] {subprocess.py:93} INFO - 26/01/20 05:17:32 INFO CodeGenerator: Code generated in 14.981864 ms
[2026-01-20T05:17:32.757+0000] {subprocess.py:93} INFO - 26/01/20 05:17:32 INFO CodeGenerator: Code generated in 11.860287 ms
[2026-01-20T05:17:32.760+0000] {subprocess.py:93} INFO - 26/01/20 05:17:32 INFO FileScanRDD: Reading File path: file:///opt/spark-data/landing/transaction_events_1768879479.1820476.json, range: 37748736-41943040, partition values: [empty row]
[2026-01-20T05:17:32.761+0000] {subprocess.py:93} INFO - 26/01/20 05:17:32 INFO FileScanRDD: Reading File path: file:///opt/spark-data/landing/transaction_events_1768879479.1820476.json, range: 12582912-16777216, partition values: [empty row]
[2026-01-20T05:17:32.762+0000] {subprocess.py:93} INFO - 26/01/20 05:17:32 INFO FileScanRDD: Reading File path: file:///opt/spark-data/landing/transaction_events_1768879479.1820476.json, range: 4194304-8388608, partition values: [empty row]
[2026-01-20T05:17:32.763+0000] {subprocess.py:93} INFO - 26/01/20 05:17:32 INFO FileScanRDD: Reading File path: file:///opt/spark-data/landing/transaction_events_1768879479.1820476.json, range: 46137344-50331648, partition values: [empty row]
[2026-01-20T05:17:32.764+0000] {subprocess.py:93} INFO - 26/01/20 05:17:32 INFO FileScanRDD: Reading File path: file:///opt/spark-data/landing/transaction_events_1768879479.1820476.json, range: 50331648-51561162, partition values: [empty row]
[2026-01-20T05:17:32.765+0000] {subprocess.py:93} INFO - 26/01/20 05:17:32 INFO FileScanRDD: Reading File path: file:///opt/spark-data/landing/transaction_events_1768879479.1820476.json, range: 0-4194304, partition values: [empty row]
[2026-01-20T05:17:32.766+0000] {subprocess.py:93} INFO - 26/01/20 05:17:32 INFO FileScanRDD: Reading File path: file:///opt/spark-data/landing/transaction_events_1768879479.1820476.json, range: 33554432-37748736, partition values: [empty row]
[2026-01-20T05:17:32.768+0000] {subprocess.py:93} INFO - 26/01/20 05:17:32 INFO FileScanRDD: Reading File path: file:///opt/spark-data/landing/transaction_events_1768879479.1820476.json, range: 8388608-12582912, partition values: [empty row]
[2026-01-20T05:17:32.769+0000] {subprocess.py:93} INFO - 26/01/20 05:17:32 INFO FileScanRDD: Reading File path: file:///opt/spark-data/landing/transaction_events_1768879479.1820476.json, range: 41943040-46137344, partition values: [empty row]
[2026-01-20T05:17:32.770+0000] {subprocess.py:93} INFO - 26/01/20 05:17:32 INFO FileScanRDD: Reading File path: file:///opt/spark-data/landing/transaction_events_1768879479.1820476.json, range: 16777216-20971520, partition values: [empty row]
[2026-01-20T05:17:32.771+0000] {subprocess.py:93} INFO - 26/01/20 05:17:32 INFO FileScanRDD: Reading File path: file:///opt/spark-data/landing/transaction_events_1768879479.1820476.json, range: 20971520-25165824, partition values: [empty row]
[2026-01-20T05:17:32.772+0000] {subprocess.py:93} INFO - 26/01/20 05:17:32 INFO FileScanRDD: Reading File path: file:///opt/spark-data/landing/transaction_events_1768879479.1820476.json, range: 29360128-33554432, partition values: [empty row]
[2026-01-20T05:17:32.773+0000] {subprocess.py:93} INFO - 26/01/20 05:17:32 INFO FileScanRDD: Reading File path: file:///opt/spark-data/landing/transaction_events_1768879479.1820476.json, range: 25165824-29360128, partition values: [empty row]
[2026-01-20T05:17:32.778+0000] {subprocess.py:93} INFO - 26/01/20 05:17:32 INFO CodeGenerator: Code generated in 14.066192 ms
[2026-01-20T05:17:32.935+0000] {subprocess.py:93} INFO - 26/01/20 05:17:32 INFO BlockManagerInfo: Removed broadcast_10_piece0 on 519d7d29de3d:39069 in memory (size: 80.5 KiB, free: 432.1 MiB)
[2026-01-20T05:17:32.963+0000] {subprocess.py:93} INFO - 26/01/20 05:17:32 INFO BlockManagerInfo: Removed broadcast_8_piece0 on 519d7d29de3d:39069 in memory (size: 4.2 KiB, free: 432.1 MiB)
[2026-01-20T05:17:33.140+0000] {subprocess.py:93} INFO - 26/01/20 05:17:33 INFO Executor: Finished task 12.0 in stage 8.0 (TID 69). 2075 bytes result sent to driver
[2026-01-20T05:17:33.145+0000] {subprocess.py:93} INFO - 26/01/20 05:17:33 INFO TaskSetManager: Finished task 12.0 in stage 8.0 (TID 69) in 423 ms on 519d7d29de3d (executor driver) (1/13)
[2026-01-20T05:17:33.199+0000] {subprocess.py:93} INFO - 26/01/20 05:17:33 INFO BlockManagerInfo: Removed broadcast_9_piece0 on 519d7d29de3d:39069 in memory (size: 2.2 MiB, free: 434.3 MiB)
[2026-01-20T05:17:33.208+0000] {subprocess.py:93} INFO - 26/01/20 05:17:33 INFO BlockManagerInfo: Removed broadcast_7_piece0 on 519d7d29de3d:39069 in memory (size: 8.7 KiB, free: 434.3 MiB)
[2026-01-20T05:17:33.233+0000] {subprocess.py:93} INFO - 26/01/20 05:17:33 INFO BlockManagerInfo: Removed broadcast_5_piece0 on 519d7d29de3d:39069 in memory (size: 34.1 KiB, free: 434.3 MiB)
[2026-01-20T05:17:33.244+0000] {subprocess.py:93} INFO - 26/01/20 05:17:33 INFO BlockManagerInfo: Removed broadcast_4_piece0 on 519d7d29de3d:39069 in memory (size: 34.1 KiB, free: 434.3 MiB)
[2026-01-20T05:17:33.260+0000] {subprocess.py:93} INFO - 26/01/20 05:17:33 INFO BlockManagerInfo: Removed broadcast_6_piece0 on 519d7d29de3d:39069 in memory (size: 11.2 KiB, free: 434.4 MiB)
[2026-01-20T05:17:33.406+0000] {subprocess.py:93} INFO - 26/01/20 05:17:33 INFO Executor: Finished task 11.0 in stage 8.0 (TID 68). 2032 bytes result sent to driver
[2026-01-20T05:17:33.408+0000] {subprocess.py:93} INFO - 26/01/20 05:17:33 INFO TaskSetManager: Finished task 11.0 in stage 8.0 (TID 68) in 688 ms on 519d7d29de3d (executor driver) (2/13)
[2026-01-20T05:17:33.459+0000] {subprocess.py:93} INFO - 26/01/20 05:17:33 INFO Executor: Finished task 7.0 in stage 8.0 (TID 64). 2032 bytes result sent to driver
[2026-01-20T05:17:33.461+0000] {subprocess.py:93} INFO - 26/01/20 05:17:33 INFO TaskSetManager: Finished task 7.0 in stage 8.0 (TID 64) in 744 ms on 519d7d29de3d (executor driver) (3/13)
[2026-01-20T05:17:33.472+0000] {subprocess.py:93} INFO - 26/01/20 05:17:33 INFO Executor: Finished task 6.0 in stage 8.0 (TID 63). 2032 bytes result sent to driver
[2026-01-20T05:17:33.474+0000] {subprocess.py:93} INFO - 26/01/20 05:17:33 INFO TaskSetManager: Finished task 6.0 in stage 8.0 (TID 63) in 757 ms on 519d7d29de3d (executor driver) (4/13)
[2026-01-20T05:17:33.475+0000] {subprocess.py:93} INFO - 26/01/20 05:17:33 INFO Executor: Finished task 5.0 in stage 8.0 (TID 62). 2032 bytes result sent to driver
[2026-01-20T05:17:33.476+0000] {subprocess.py:93} INFO - 26/01/20 05:17:33 INFO TaskSetManager: Finished task 5.0 in stage 8.0 (TID 62) in 758 ms on 519d7d29de3d (executor driver) (5/13)
[2026-01-20T05:17:33.480+0000] {subprocess.py:93} INFO - 26/01/20 05:17:33 INFO Executor: Finished task 8.0 in stage 8.0 (TID 65). 2032 bytes result sent to driver
[2026-01-20T05:17:33.482+0000] {subprocess.py:93} INFO - 26/01/20 05:17:33 INFO TaskSetManager: Finished task 8.0 in stage 8.0 (TID 65) in 763 ms on 519d7d29de3d (executor driver) (6/13)
[2026-01-20T05:17:33.493+0000] {subprocess.py:93} INFO - 26/01/20 05:17:33 INFO Executor: Finished task 10.0 in stage 8.0 (TID 67). 2032 bytes result sent to driver
[2026-01-20T05:17:33.494+0000] {subprocess.py:93} INFO - 26/01/20 05:17:33 INFO Executor: Finished task 3.0 in stage 8.0 (TID 60). 2032 bytes result sent to driver
[2026-01-20T05:17:33.495+0000] {subprocess.py:93} INFO - 26/01/20 05:17:33 INFO Executor: Finished task 2.0 in stage 8.0 (TID 59). 2032 bytes result sent to driver
[2026-01-20T05:17:33.496+0000] {subprocess.py:93} INFO - 26/01/20 05:17:33 INFO Executor: Finished task 1.0 in stage 8.0 (TID 58). 2032 bytes result sent to driver
[2026-01-20T05:17:33.497+0000] {subprocess.py:93} INFO - 26/01/20 05:17:33 INFO TaskSetManager: Finished task 3.0 in stage 8.0 (TID 60) in 780 ms on 519d7d29de3d (executor driver) (7/13)
[2026-01-20T05:17:33.498+0000] {subprocess.py:93} INFO - 26/01/20 05:17:33 INFO TaskSetManager: Finished task 2.0 in stage 8.0 (TID 59) in 780 ms on 519d7d29de3d (executor driver) (8/13)
[2026-01-20T05:17:33.499+0000] {subprocess.py:93} INFO - 26/01/20 05:17:33 INFO TaskSetManager: Finished task 1.0 in stage 8.0 (TID 58) in 782 ms on 519d7d29de3d (executor driver) (9/13)
[2026-01-20T05:17:33.500+0000] {subprocess.py:93} INFO - 26/01/20 05:17:33 INFO TaskSetManager: Finished task 10.0 in stage 8.0 (TID 67) in 776 ms on 519d7d29de3d (executor driver) (10/13)
[2026-01-20T05:17:33.500+0000] {subprocess.py:93} INFO - 26/01/20 05:17:33 INFO Executor: Finished task 4.0 in stage 8.0 (TID 61). 2032 bytes result sent to driver
[2026-01-20T05:17:33.501+0000] {subprocess.py:93} INFO - 26/01/20 05:17:33 INFO TaskSetManager: Finished task 4.0 in stage 8.0 (TID 61) in 783 ms on 519d7d29de3d (executor driver) (11/13)
[2026-01-20T05:17:33.501+0000] {subprocess.py:93} INFO - 26/01/20 05:17:33 INFO Executor: Finished task 0.0 in stage 8.0 (TID 57). 2032 bytes result sent to driver
[2026-01-20T05:17:33.502+0000] {subprocess.py:93} INFO - 26/01/20 05:17:33 INFO TaskSetManager: Finished task 0.0 in stage 8.0 (TID 57) in 787 ms on 519d7d29de3d (executor driver) (12/13)
[2026-01-20T05:17:33.503+0000] {subprocess.py:93} INFO - 26/01/20 05:17:33 INFO Executor: Finished task 9.0 in stage 8.0 (TID 66). 2032 bytes result sent to driver
[2026-01-20T05:17:33.504+0000] {subprocess.py:93} INFO - 26/01/20 05:17:33 INFO TaskSetManager: Finished task 9.0 in stage 8.0 (TID 66) in 784 ms on 519d7d29de3d (executor driver) (13/13)
[2026-01-20T05:17:33.504+0000] {subprocess.py:93} INFO - 26/01/20 05:17:33 INFO TaskSchedulerImpl: Removed TaskSet 8.0, whose tasks have all completed, from pool
[2026-01-20T05:17:33.505+0000] {subprocess.py:93} INFO - 26/01/20 05:17:33 INFO DAGScheduler: ShuffleMapStage 8 (csv at NativeMethodAccessorImpl.java:0) finished in 0.810 s
[2026-01-20T05:17:33.505+0000] {subprocess.py:93} INFO - 26/01/20 05:17:33 INFO DAGScheduler: looking for newly runnable stages
[2026-01-20T05:17:33.506+0000] {subprocess.py:93} INFO - 26/01/20 05:17:33 INFO DAGScheduler: running: Set()
[2026-01-20T05:17:33.506+0000] {subprocess.py:93} INFO - 26/01/20 05:17:33 INFO DAGScheduler: waiting: Set()
[2026-01-20T05:17:33.507+0000] {subprocess.py:93} INFO - 26/01/20 05:17:33 INFO DAGScheduler: failed: Set()
[2026-01-20T05:17:33.510+0000] {subprocess.py:93} INFO - 26/01/20 05:17:33 INFO ShufflePartitionsUtil: For shuffle(2), advisory target size: 67108864, actual target size 1048576, minimum partition size: 1048576
[2026-01-20T05:17:33.588+0000] {subprocess.py:93} INFO - 26/01/20 05:17:33 INFO FileOutputCommitter: File Output Committer Algorithm version is 1
[2026-01-20T05:17:33.589+0000] {subprocess.py:93} INFO - 26/01/20 05:17:33 INFO FileOutputCommitter: FileOutputCommitter skip cleanup _temporary folders under output directory:false, ignore cleanup failures: false
[2026-01-20T05:17:33.590+0000] {subprocess.py:93} INFO - 26/01/20 05:17:33 INFO SQLHadoopMapReduceCommitProtocol: Using output committer class org.apache.hadoop.mapreduce.lib.output.FileOutputCommitter
[2026-01-20T05:17:33.666+0000] {subprocess.py:93} INFO - 26/01/20 05:17:33 INFO CodeGenerator: Code generated in 12.556533 ms
[2026-01-20T05:17:33.688+0000] {subprocess.py:93} INFO - 26/01/20 05:17:33 INFO CodeGenerator: Code generated in 19.012075 ms
[2026-01-20T05:17:33.780+0000] {subprocess.py:93} INFO - 26/01/20 05:17:33 INFO SparkContext: Starting job: csv at NativeMethodAccessorImpl.java:0
[2026-01-20T05:17:33.782+0000] {subprocess.py:93} INFO - 26/01/20 05:17:33 INFO DAGScheduler: Got job 7 (csv at NativeMethodAccessorImpl.java:0) with 1 output partitions
[2026-01-20T05:17:33.782+0000] {subprocess.py:93} INFO - 26/01/20 05:17:33 INFO DAGScheduler: Final stage: ResultStage 10 (csv at NativeMethodAccessorImpl.java:0)
[2026-01-20T05:17:33.783+0000] {subprocess.py:93} INFO - 26/01/20 05:17:33 INFO DAGScheduler: Parents of final stage: List(ShuffleMapStage 9)
[2026-01-20T05:17:33.784+0000] {subprocess.py:93} INFO - 26/01/20 05:17:33 INFO DAGScheduler: Missing parents: List()
[2026-01-20T05:17:33.785+0000] {subprocess.py:93} INFO - 26/01/20 05:17:33 INFO DAGScheduler: Submitting ResultStage 10 (MapPartitionsRDD[31] at csv at NativeMethodAccessorImpl.java:0), which has no missing parents
[2026-01-20T05:17:33.802+0000] {subprocess.py:93} INFO - 26/01/20 05:17:33 INFO MemoryStore: Block broadcast_13 stored as values in memory (estimated size 244.7 KiB, free 433.9 MiB)
[2026-01-20T05:17:33.804+0000] {subprocess.py:93} INFO - 26/01/20 05:17:33 INFO MemoryStore: Block broadcast_13_piece0 stored as bytes in memory (estimated size 91.6 KiB, free 433.8 MiB)
[2026-01-20T05:17:33.805+0000] {subprocess.py:93} INFO - 26/01/20 05:17:33 INFO BlockManagerInfo: Added broadcast_13_piece0 in memory on 519d7d29de3d:39069 (size: 91.6 KiB, free: 434.3 MiB)
[2026-01-20T05:17:33.806+0000] {subprocess.py:93} INFO - 26/01/20 05:17:33 INFO SparkContext: Created broadcast 13 from broadcast at DAGScheduler.scala:1580
[2026-01-20T05:17:33.807+0000] {subprocess.py:93} INFO - 26/01/20 05:17:33 INFO DAGScheduler: Submitting 1 missing tasks from ResultStage 10 (MapPartitionsRDD[31] at csv at NativeMethodAccessorImpl.java:0) (first 15 tasks are for partitions Vector(0))
[2026-01-20T05:17:33.808+0000] {subprocess.py:93} INFO - 26/01/20 05:17:33 INFO TaskSchedulerImpl: Adding task set 10.0 with 1 tasks resource profile 0
[2026-01-20T05:17:33.813+0000] {subprocess.py:93} INFO - 26/01/20 05:17:33 INFO TaskSetManager: Starting task 0.0 in stage 10.0 (TID 70) (519d7d29de3d, executor driver, partition 0, NODE_LOCAL, 7975 bytes)
[2026-01-20T05:17:33.814+0000] {subprocess.py:93} INFO - 26/01/20 05:17:33 INFO Executor: Running task 0.0 in stage 10.0 (TID 70)
[2026-01-20T05:17:33.839+0000] {subprocess.py:93} INFO - 26/01/20 05:17:33 INFO FileOutputCommitter: File Output Committer Algorithm version is 1
[2026-01-20T05:17:33.840+0000] {subprocess.py:93} INFO - 26/01/20 05:17:33 INFO FileOutputCommitter: FileOutputCommitter skip cleanup _temporary folders under output directory:false, ignore cleanup failures: false
[2026-01-20T05:17:33.841+0000] {subprocess.py:93} INFO - 26/01/20 05:17:33 INFO SQLHadoopMapReduceCommitProtocol: Using output committer class org.apache.hadoop.mapreduce.lib.output.FileOutputCommitter
[2026-01-20T05:17:33.966+0000] {subprocess.py:93} INFO - 26/01/20 05:17:33 INFO ShuffleBlockFetcherIterator: Getting 13 (1044.2 KiB) non-empty blocks including 13 (1044.2 KiB) local and 0 (0.0 B) host-local and 0 (0.0 B) push-merged-local and 0 (0.0 B) remote blocks
[2026-01-20T05:17:33.967+0000] {subprocess.py:93} INFO - 26/01/20 05:17:33 INFO ShuffleBlockFetcherIterator: Started 0 remote fetches in 0 ms
[2026-01-20T05:17:33.976+0000] {subprocess.py:93} INFO - 26/01/20 05:17:33 INFO CodeGenerator: Code generated in 9.162179 ms
[2026-01-20T05:17:33.993+0000] {subprocess.py:93} INFO - 26/01/20 05:17:33 INFO CodeGenerator: Code generated in 11.461063 ms
[2026-01-20T05:17:34.008+0000] {subprocess.py:93} INFO - 26/01/20 05:17:34 INFO CodeGenerator: Code generated in 8.392937 ms
[2026-01-20T05:17:34.031+0000] {subprocess.py:93} INFO - 26/01/20 05:17:34 INFO CodeGenerator: Code generated in 10.330385 ms
[2026-01-20T05:17:34.092+0000] {subprocess.py:93} INFO - 26/01/20 05:17:34 INFO CodeGenerator: Code generated in 4.405502 ms
[2026-01-20T05:17:34.104+0000] {subprocess.py:93} INFO - 26/01/20 05:17:34 INFO CodeGenerator: Code generated in 6.138876 ms
[2026-01-20T05:17:34.113+0000] {subprocess.py:93} INFO - 26/01/20 05:17:34 INFO CodeGenerator: Code generated in 7.460881 ms
[2026-01-20T05:17:34.121+0000] {subprocess.py:93} INFO - 26/01/20 05:17:34 INFO CodeGenerator: Code generated in 5.806828 ms
[2026-01-20T05:17:34.130+0000] {subprocess.py:93} INFO - 26/01/20 05:17:34 INFO CodeGenerator: Code generated in 7.854332 ms
[2026-01-20T05:17:34.138+0000] {subprocess.py:93} INFO - 26/01/20 05:17:34 INFO CodeGenerator: Code generated in 7.007449 ms
[2026-01-20T05:17:34.151+0000] {subprocess.py:93} INFO - 26/01/20 05:17:34 INFO CodeGenerator: Code generated in 9.149526 ms
[2026-01-20T05:17:34.202+0000] {subprocess.py:93} INFO - 26/01/20 05:17:34 INFO CodeGenerator: Code generated in 5.349575 ms
[2026-01-20T05:17:34.214+0000] {subprocess.py:93} INFO - 26/01/20 05:17:34 INFO CodeGenerator: Code generated in 7.372143 ms
[2026-01-20T05:17:34.219+0000] {subprocess.py:93} INFO - 26/01/20 05:17:34 INFO CodeGenerator: Code generated in 3.61267 ms
[2026-01-20T05:17:34.352+0000] {subprocess.py:93} INFO - 26/01/20 05:17:34 INFO ShuffleBlockFetcherIterator: Getting 13 (1039.8 KiB) non-empty blocks including 13 (1039.8 KiB) local and 0 (0.0 B) host-local and 0 (0.0 B) push-merged-local and 0 (0.0 B) remote blocks
[2026-01-20T05:17:34.353+0000] {subprocess.py:93} INFO - 26/01/20 05:17:34 INFO ShuffleBlockFetcherIterator: Started 0 remote fetches in 1 ms
[2026-01-20T05:17:34.485+0000] {subprocess.py:93} INFO - 26/01/20 05:17:34 INFO ShuffleBlockFetcherIterator: Getting 13 (1030.5 KiB) non-empty blocks including 13 (1030.5 KiB) local and 0 (0.0 B) host-local and 0 (0.0 B) push-merged-local and 0 (0.0 B) remote blocks
[2026-01-20T05:17:34.486+0000] {subprocess.py:93} INFO - 26/01/20 05:17:34 INFO ShuffleBlockFetcherIterator: Started 0 remote fetches in 1 ms
[2026-01-20T05:17:34.601+0000] {subprocess.py:93} INFO - 26/01/20 05:17:34 INFO ShuffleBlockFetcherIterator: Getting 13 (1283.5 KiB) non-empty blocks including 13 (1283.5 KiB) local and 0 (0.0 B) host-local and 0 (0.0 B) push-merged-local and 0 (0.0 B) remote blocks
[2026-01-20T05:17:34.603+0000] {subprocess.py:93} INFO - 26/01/20 05:17:34 INFO ShuffleBlockFetcherIterator: Started 0 remote fetches in 3 ms
[2026-01-20T05:17:34.835+0000] {subprocess.py:93} INFO - 26/01/20 05:17:34 INFO FileOutputCommitter: Saved output of task 'attempt_202601200517333610332522489355295_0010_m_000000_70' to file:/opt/spark-data/gold/transaction_analytics/_temporary/0/task_202601200517333610332522489355295_0010_m_000000
[2026-01-20T05:17:34.836+0000] {subprocess.py:93} INFO - 26/01/20 05:17:34 INFO SparkHadoopMapRedUtil: attempt_202601200517333610332522489355295_0010_m_000000_70: Committed. Elapsed time: 38 ms.
[2026-01-20T05:17:34.837+0000] {subprocess.py:93} INFO - 26/01/20 05:17:34 INFO Executor: Finished task 0.0 in stage 10.0 (TID 70). 5888 bytes result sent to driver
[2026-01-20T05:17:34.838+0000] {subprocess.py:93} INFO - 26/01/20 05:17:34 INFO TaskSetManager: Finished task 0.0 in stage 10.0 (TID 70) in 1027 ms on 519d7d29de3d (executor driver) (1/1)
[2026-01-20T05:17:34.839+0000] {subprocess.py:93} INFO - 26/01/20 05:17:34 INFO TaskSchedulerImpl: Removed TaskSet 10.0, whose tasks have all completed, from pool
[2026-01-20T05:17:34.840+0000] {subprocess.py:93} INFO - 26/01/20 05:17:34 INFO DAGScheduler: ResultStage 10 (csv at NativeMethodAccessorImpl.java:0) finished in 1.053 s
[2026-01-20T05:17:34.841+0000] {subprocess.py:93} INFO - 26/01/20 05:17:34 INFO DAGScheduler: Job 7 is finished. Cancelling potential speculative or zombie tasks for this job
[2026-01-20T05:17:34.842+0000] {subprocess.py:93} INFO - 26/01/20 05:17:34 INFO TaskSchedulerImpl: Killing all running tasks in stage 10: Stage finished
[2026-01-20T05:17:34.843+0000] {subprocess.py:93} INFO - 26/01/20 05:17:34 INFO DAGScheduler: Job 7 finished: csv at NativeMethodAccessorImpl.java:0, took 1.058218 s
[2026-01-20T05:17:34.843+0000] {subprocess.py:93} INFO - 26/01/20 05:17:34 INFO FileFormatWriter: Start to commit write Job 0bb4ee71-5f83-49f3-b834-771f2cb24bcd.
[2026-01-20T05:17:35.089+0000] {subprocess.py:93} INFO - 26/01/20 05:17:35 INFO FileFormatWriter: Write Job 0bb4ee71-5f83-49f3-b834-771f2cb24bcd committed. Elapsed time: 249 ms.
[2026-01-20T05:17:35.092+0000] {subprocess.py:93} INFO - 26/01/20 05:17:35 INFO FileFormatWriter: Finished processing stats for write job 0bb4ee71-5f83-49f3-b834-771f2cb24bcd.
[2026-01-20T05:17:35.093+0000] {subprocess.py:93} INFO - Analytics Table with Window Functions created successfully.
[2026-01-20T05:17:35.174+0000] {subprocess.py:93} INFO - Transactions All Of them!
[2026-01-20T05:17:35.230+0000] {subprocess.py:93} INFO - 26/01/20 05:17:35 INFO FileSourceStrategy: Pushed Filters: IsNotNull(line_items)
[2026-01-20T05:17:35.231+0000] {subprocess.py:93} INFO - 26/01/20 05:17:35 INFO FileSourceStrategy: Post-Scan Filters: (size(line_items#10, true) > 0),isnotnull(line_items#10)
[2026-01-20T05:17:35.242+0000] {subprocess.py:93} INFO - 26/01/20 05:17:35 WARN SparkStringUtils: Truncated the string representation of a plan since it was too large. This behavior can be adjusted by setting 'spark.sql.debug.maxToStringFields'.
[2026-01-20T05:17:35.293+0000] {subprocess.py:93} INFO - 26/01/20 05:17:35 INFO CodeGenerator: Code generated in 23.499576 ms
[2026-01-20T05:17:35.296+0000] {subprocess.py:93} INFO - 26/01/20 05:17:35 INFO MemoryStore: Block broadcast_14 stored as values in memory (estimated size 199.1 KiB, free 433.6 MiB)
[2026-01-20T05:17:35.306+0000] {subprocess.py:93} INFO - 26/01/20 05:17:35 INFO MemoryStore: Block broadcast_14_piece0 stored as bytes in memory (estimated size 34.1 KiB, free 433.6 MiB)
[2026-01-20T05:17:35.308+0000] {subprocess.py:93} INFO - 26/01/20 05:17:35 INFO BlockManagerInfo: Added broadcast_14_piece0 in memory on 519d7d29de3d:39069 (size: 34.1 KiB, free: 434.2 MiB)
[2026-01-20T05:17:35.308+0000] {subprocess.py:93} INFO - 26/01/20 05:17:35 INFO SparkContext: Created broadcast 14 from showString at NativeMethodAccessorImpl.java:0
[2026-01-20T05:17:35.310+0000] {subprocess.py:93} INFO - 26/01/20 05:17:35 INFO FileSourceScanExec: Planning scan with bin packing, max size: 4194304 bytes, open cost is considered as scanning 4194304 bytes.
[2026-01-20T05:17:35.323+0000] {subprocess.py:93} INFO - 26/01/20 05:17:35 INFO SparkContext: Starting job: showString at NativeMethodAccessorImpl.java:0
[2026-01-20T05:17:35.324+0000] {subprocess.py:93} INFO - 26/01/20 05:17:35 INFO DAGScheduler: Got job 8 (showString at NativeMethodAccessorImpl.java:0) with 1 output partitions
[2026-01-20T05:17:35.326+0000] {subprocess.py:93} INFO - 26/01/20 05:17:35 INFO DAGScheduler: Final stage: ResultStage 11 (showString at NativeMethodAccessorImpl.java:0)
[2026-01-20T05:17:35.326+0000] {subprocess.py:93} INFO - 26/01/20 05:17:35 INFO DAGScheduler: Parents of final stage: List()
[2026-01-20T05:17:35.327+0000] {subprocess.py:93} INFO - 26/01/20 05:17:35 INFO DAGScheduler: Missing parents: List()
[2026-01-20T05:17:35.328+0000] {subprocess.py:93} INFO - 26/01/20 05:17:35 INFO DAGScheduler: Submitting ResultStage 11 (MapPartitionsRDD[35] at showString at NativeMethodAccessorImpl.java:0), which has no missing parents
[2026-01-20T05:17:35.329+0000] {subprocess.py:93} INFO - 26/01/20 05:17:35 INFO MemoryStore: Block broadcast_15 stored as values in memory (estimated size 32.3 KiB, free 433.6 MiB)
[2026-01-20T05:17:35.336+0000] {subprocess.py:93} INFO - 26/01/20 05:17:35 INFO MemoryStore: Block broadcast_15_piece0 stored as bytes in memory (estimated size 11.2 KiB, free 433.5 MiB)
[2026-01-20T05:17:35.338+0000] {subprocess.py:93} INFO - 26/01/20 05:17:35 INFO BlockManagerInfo: Added broadcast_15_piece0 in memory on 519d7d29de3d:39069 (size: 11.2 KiB, free: 434.2 MiB)
[2026-01-20T05:17:35.339+0000] {subprocess.py:93} INFO - 26/01/20 05:17:35 INFO BlockManagerInfo: Removed broadcast_13_piece0 on 519d7d29de3d:39069 in memory (size: 91.6 KiB, free: 434.3 MiB)
[2026-01-20T05:17:35.340+0000] {subprocess.py:93} INFO - 26/01/20 05:17:35 INFO SparkContext: Created broadcast 15 from broadcast at DAGScheduler.scala:1580
[2026-01-20T05:17:35.340+0000] {subprocess.py:93} INFO - 26/01/20 05:17:35 INFO DAGScheduler: Submitting 1 missing tasks from ResultStage 11 (MapPartitionsRDD[35] at showString at NativeMethodAccessorImpl.java:0) (first 15 tasks are for partitions Vector(0))
[2026-01-20T05:17:35.341+0000] {subprocess.py:93} INFO - 26/01/20 05:17:35 INFO TaskSchedulerImpl: Adding task set 11.0 with 1 tasks resource profile 0
[2026-01-20T05:17:35.342+0000] {subprocess.py:93} INFO - 26/01/20 05:17:35 INFO TaskSetManager: Starting task 0.0 in stage 11.0 (TID 71) (519d7d29de3d, executor driver, partition 0, PROCESS_LOCAL, 8251 bytes)
[2026-01-20T05:17:35.343+0000] {subprocess.py:93} INFO - 26/01/20 05:17:35 INFO Executor: Running task 0.0 in stage 11.0 (TID 71)
[2026-01-20T05:17:35.367+0000] {subprocess.py:93} INFO - 26/01/20 05:17:35 INFO CodeGenerator: Code generated in 22.423071 ms
[2026-01-20T05:17:35.369+0000] {subprocess.py:93} INFO - 26/01/20 05:17:35 INFO FileScanRDD: Reading File path: file:///opt/spark-data/landing/transaction_events_1768879479.1820476.json, range: 0-4194304, partition values: [empty row]
[2026-01-20T05:17:35.389+0000] {subprocess.py:93} INFO - 26/01/20 05:17:35 INFO CodeGenerator: Code generated in 15.14556 ms
[2026-01-20T05:17:35.399+0000] {subprocess.py:93} INFO - 26/01/20 05:17:35 INFO CodeGenerator: Code generated in 6.184677 ms
[2026-01-20T05:17:35.447+0000] {subprocess.py:93} INFO - 26/01/20 05:17:35 INFO Executor: Finished task 0.0 in stage 11.0 (TID 71). 5901 bytes result sent to driver
[2026-01-20T05:17:35.449+0000] {subprocess.py:93} INFO - 26/01/20 05:17:35 INFO TaskSetManager: Finished task 0.0 in stage 11.0 (TID 71) in 108 ms on 519d7d29de3d (executor driver) (1/1)
[2026-01-20T05:17:35.449+0000] {subprocess.py:93} INFO - 26/01/20 05:17:35 INFO TaskSchedulerImpl: Removed TaskSet 11.0, whose tasks have all completed, from pool
[2026-01-20T05:17:35.450+0000] {subprocess.py:93} INFO - 26/01/20 05:17:35 INFO DAGScheduler: ResultStage 11 (showString at NativeMethodAccessorImpl.java:0) finished in 0.123 s
[2026-01-20T05:17:35.451+0000] {subprocess.py:93} INFO - 26/01/20 05:17:35 INFO DAGScheduler: Job 8 is finished. Cancelling potential speculative or zombie tasks for this job
[2026-01-20T05:17:35.452+0000] {subprocess.py:93} INFO - 26/01/20 05:17:35 INFO TaskSchedulerImpl: Killing all running tasks in stage 11: Stage finished
[2026-01-20T05:17:35.453+0000] {subprocess.py:93} INFO - 26/01/20 05:17:35 INFO DAGScheduler: Job 8 finished: showString at NativeMethodAccessorImpl.java:0, took 0.126990 s
[2026-01-20T05:17:35.484+0000] {subprocess.py:93} INFO - 26/01/20 05:17:35 INFO BlockManagerInfo: Removed broadcast_12_piece0 on 519d7d29de3d:39069 in memory (size: 8.8 KiB, free: 434.3 MiB)
[2026-01-20T05:17:35.492+0000] {subprocess.py:93} INFO - 26/01/20 05:17:35 INFO CodeGenerator: Code generated in 24.357241 ms
[2026-01-20T05:17:35.553+0000] {subprocess.py:93} INFO - +--------+------------------------------------+--------------+---------+--------+------+---------------------------+--------+------------------------------------+----------------+--------+---------------------+------------------------+----------------------+---------------------------------+-------------------------+--------------------+-----------------------+---------------------+------------------------------+------------------------+-----------+-----------+----------------------------+----------+--------+----------+
[2026-01-20T05:17:35.554+0000] {subprocess.py:93} INFO - |currency|original_transaction_id             |payment_method|status   |subtotal|tax   |timestamp                  |total   |transaction_id                      |transaction_type|user_id |shipping_address_city|shipping_address_country|shipping_address_state|shipping_address_street          |shipping_address_zip_code|billing_address_city|billing_address_country|billing_address_state|billing_address_street        |billing_address_zip_code|brand      |category   |product_name                |product_id|quantity|unit_price|
[2026-01-20T05:17:35.555+0000] {subprocess.py:93} INFO - +--------+------------------------------------+--------------+---------+--------+------+---------------------------+--------+------------------------------------+----------------+--------+---------------------+------------------------+----------------------+---------------------------------+-------------------------+--------------------+-----------------------+---------------------+------------------------------+------------------------+-----------+-----------+----------------------------+----------+--------+----------+
[2026-01-20T05:17:35.556+0000] {subprocess.py:93} INFO - |USD     |NULL                                |google_pay    |completed|2191.48 |207.86|2026-01-19T17:38:50.066404Z|2399.34 |348310ad-5cb7-4825-b3ca-7cf7ccff0be9|purchase        |e771ed48|Paulhaven            |US                      |NV                    |4407 Dennis River                |25427                    |Kellerberg          |US                     |KY                   |94532 Samantha Landing        |37817                   |GreenLife  |beauty     |Essential Beauty Collection |PROD_2668 |4       |54.92     |
[2026-01-20T05:17:35.557+0000] {subprocess.py:93} INFO - |USD     |NULL                                |google_pay    |completed|2191.48 |207.86|2026-01-19T17:38:50.066404Z|2399.34 |348310ad-5cb7-4825-b3ca-7cf7ccff0be9|purchase        |e771ed48|Paulhaven            |US                      |NV                    |4407 Dennis River                |25427                    |Kellerberg          |US                     |KY                   |94532 Samantha Landing        |37817                   |HomeMax    |clothing   |Compact Clothing Collection |PROD_2041 |5       |394.36    |
[2026-01-20T05:17:35.558+0000] {subprocess.py:93} INFO - |USD     |NULL                                |paypal        |completed|2335.54 |152.15|2026-01-19T17:38:54.422514Z|2487.69 |7e29cc86-961b-442e-bfe5-58a085808589|purchase        |234a1570|Medinamouth          |US                      |ND                    |1006 Julie Landing               |24973                    |Kentville           |US                     |TN                   |386 Cody Avenue Suite 938     |42478                   |GreenLife  |books      |Elite Books Model           |PROD_2272 |5       |408.48    |
[2026-01-20T05:17:35.559+0000] {subprocess.py:93} INFO - |USD     |NULL                                |paypal        |completed|2335.54 |152.15|2026-01-19T17:38:54.422514Z|2487.69 |7e29cc86-961b-442e-bfe5-58a085808589|purchase        |234a1570|Medinamouth          |US                      |ND                    |1006 Julie Landing               |24973                    |Kentville           |US                     |TN                   |386 Cody Avenue Suite 938     |42478                   |TechPro    |clothing   |Ultra Clothing Series       |PROD_2782 |1       |293.14    |
[2026-01-20T05:17:35.560+0000] {subprocess.py:93} INFO - |USD     |a50574ae-6d1e-49bd-b0ee-42434f95452b|debit_card    |completed|394.75  |36.72 |2026-01-19T17:38:54.473993Z|-431.47 |299e5a97-a02a-46ed-98d5-67a2c78e216a|refund          |3982940f|Joshuafurt           |US                      |TN                    |59792 Newton Gateway Apt. 880    |42245                    |Wilsonland          |US                     |OK                   |4090 Townsend Island          |78458                   |ProGear    |clothing   |Elite Clothing Edition      |PROD_1926 |3       |16.22     |
[2026-01-20T05:17:35.561+0000] {subprocess.py:93} INFO - |USD     |a50574ae-6d1e-49bd-b0ee-42434f95452b|debit_card    |completed|394.75  |36.72 |2026-01-19T17:38:54.473993Z|-431.47 |299e5a97-a02a-46ed-98d5-67a2c78e216a|refund          |3982940f|Joshuafurt           |US                      |TN                    |59792 Newton Gateway Apt. 880    |42245                    |Wilsonland          |US                     |OK                   |4090 Townsend Island          |78458                   |EliteChoice|toys       |Ultimate Toys Line          |PROD_2518 |1       |346.09    |
[2026-01-20T05:17:35.562+0000] {subprocess.py:93} INFO - |USD     |NULL                                |paypal        |completed|671.2   |45.49 |2026-01-19T17:38:54.494470Z|716.69  |d4a66c43-e2cb-4bfe-bf45-1b5c54d128fd|purchase        |445fabcf|New Tony             |US                      |IL                    |445 Christopher Harbors Suite 080|38683                    |Tinashire           |US                     |OR                   |79732 Long Manors             |28680                   |SmartChoice|beauty     |Smart Beauty Line           |PROD_2733 |3       |180.48    |
[2026-01-20T05:17:35.563+0000] {subprocess.py:93} INFO - |USD     |NULL                                |paypal        |completed|671.2   |45.49 |2026-01-19T17:38:54.494470Z|716.69  |d4a66c43-e2cb-4bfe-bf45-1b5c54d128fd|purchase        |445fabcf|New Tony             |US                      |IL                    |445 Christopher Harbors Suite 080|38683                    |Tinashire           |US                     |OR                   |79732 Long Manors             |28680                   |HomeMax    |beauty     |Pro Beauty Pack             |PROD_1580 |1       |129.76    |
[2026-01-20T05:17:35.564+0000] {subprocess.py:93} INFO - |USD     |e9975ea1-9a22-438d-a03b-87c4e417b1b5|credit_card   |completed|929.18  |88.21 |2026-01-19T17:38:54.501649Z|-1017.39|f55f83d0-554e-4a03-a51e-70e4c00dfc7e|refund          |406ee2f1|West Dawnhaven       |US                      |MP                    |816 Morrow Crossroad Suite 398   |60906                    |Stoneburgh          |US                     |OH                   |7654 Selena Junctions Apt. 671|25996                   |EliteChoice|electronics|Basic Electronics Collection|PROD_2919 |2       |160.43    |
[2026-01-20T05:17:35.565+0000] {subprocess.py:93} INFO - |USD     |e9975ea1-9a22-438d-a03b-87c4e417b1b5|credit_card   |completed|929.18  |88.21 |2026-01-19T17:38:54.501649Z|-1017.39|f55f83d0-554e-4a03-a51e-70e4c00dfc7e|refund          |406ee2f1|West Dawnhaven       |US                      |MP                    |816 Morrow Crossroad Suite 398   |60906                    |Stoneburgh          |US                     |OH                   |7654 Selena Junctions Apt. 671|25996                   |EliteChoice|beauty     |Elite Beauty Line           |PROD_2894 |1       |299.1     |
[2026-01-20T05:17:35.566+0000] {subprocess.py:93} INFO - |USD     |e9975ea1-9a22-438d-a03b-87c4e417b1b5|credit_card   |completed|929.18  |88.21 |2026-01-19T17:38:54.501649Z|-1017.39|f55f83d0-554e-4a03-a51e-70e4c00dfc7e|refund          |406ee2f1|West Dawnhaven       |US                      |MP                    |816 Morrow Crossroad Suite 398   |60906                    |Stoneburgh          |US                     |OH                   |7654 Selena Junctions Apt. 671|25996                   |StyleCo    |beauty     |Compact Beauty Series       |PROD_1330 |2       |154.61    |
[2026-01-20T05:17:35.567+0000] {subprocess.py:93} INFO - |USD     |NULL                                |credit_card   |failed   |3604.62 |195.31|2026-01-19T17:38:54.507017Z|3799.93 |7f8b6d50-4aa4-4bd6-8616-f95c80d59c22|purchase        |f1f4c996|Lake Ashleyview      |US                      |MA                    |11214 Julie Dam                  |95558                    |Michellefort        |US                     |ND                   |507 Curtis Lodge Suite 318    |70153                   |HomeMax    |food       |Compact Food Series         |PROD_1165 |5       |289.98    |
[2026-01-20T05:17:35.567+0000] {subprocess.py:93} INFO - |USD     |NULL                                |credit_card   |failed   |3604.62 |195.31|2026-01-19T17:38:54.507017Z|3799.93 |7f8b6d50-4aa4-4bd6-8616-f95c80d59c22|purchase        |f1f4c996|Lake Ashleyview      |US                      |MA                    |11214 Julie Dam                  |95558                    |Michellefort        |US                     |ND                   |507 Curtis Lodge Suite 318    |70153                   |StyleCo    |home       |Modern Home Kit             |PROD_1008 |4       |351.11    |
[2026-01-20T05:17:35.568+0000] {subprocess.py:93} INFO - |USD     |NULL                                |credit_card   |failed   |3604.62 |195.31|2026-01-19T17:38:54.507017Z|3799.93 |7f8b6d50-4aa4-4bd6-8616-f95c80d59c22|purchase        |f1f4c996|Lake Ashleyview      |US                      |MA                    |11214 Julie Dam                  |95558                    |Michellefort        |US                     |ND                   |507 Curtis Lodge Suite 318    |70153                   |SmartChoice|toys       |Compact Toys Version        |PROD_1056 |2       |375.14    |
[2026-01-20T05:17:35.569+0000] {subprocess.py:93} INFO - |USD     |NULL                                |google_pay    |completed|3837.46 |361.72|2026-01-19T17:38:54.514401Z|4199.18 |61b112fa-c6a8-4eec-940f-5726da602d65|purchase        |a0846826|Gardnermouth         |US                      |VA                    |30340 Ronnie Knoll Suite 428     |31323                    |West Kelsey         |US                     |KS                   |76305 Amanda Ramp Apt. 310    |59142                   |SportFlex  |beauty     |Advanced Beauty Pack        |PROD_2223 |5       |150.93    |
[2026-01-20T05:17:35.570+0000] {subprocess.py:93} INFO - |USD     |NULL                                |google_pay    |completed|3837.46 |361.72|2026-01-19T17:38:54.514401Z|4199.18 |61b112fa-c6a8-4eec-940f-5726da602d65|purchase        |a0846826|Gardnermouth         |US                      |VA                    |30340 Ronnie Knoll Suite 428     |31323                    |West Kelsey         |US                     |KS                   |76305 Amanda Ramp Apt. 310    |59142                   |TechPro    |food       |Smart Food Collection       |PROD_1114 |1       |393.98    |
[2026-01-20T05:17:35.572+0000] {subprocess.py:93} INFO - |USD     |NULL                                |google_pay    |completed|3837.46 |361.72|2026-01-19T17:38:54.514401Z|4199.18 |61b112fa-c6a8-4eec-940f-5726da602d65|purchase        |a0846826|Gardnermouth         |US                      |VA                    |30340 Ronnie Knoll Suite 428     |31323                    |West Kelsey         |US                     |KS                   |76305 Amanda Ramp Apt. 310    |59142                   |GreenLife  |food       |Professional Food Collection|PROD_2835 |5       |339.27    |
[2026-01-20T05:17:35.573+0000] {subprocess.py:93} INFO - |USD     |NULL                                |google_pay    |completed|3837.46 |361.72|2026-01-19T17:38:54.514401Z|4199.18 |61b112fa-c6a8-4eec-940f-5726da602d65|purchase        |a0846826|Gardnermouth         |US                      |VA                    |30340 Ronnie Knoll Suite 428     |31323                    |West Kelsey         |US                     |KS                   |76305 Amanda Ramp Apt. 310    |59142                   |EliteChoice|electronics|Ultra Electronics Edition   |PROD_2922 |4       |248.12    |
[2026-01-20T05:17:35.574+0000] {subprocess.py:93} INFO - |USD     |NULL                                |google_pay    |completed|4177.21 |365.45|2026-01-19T17:38:54.551107Z|4542.66 |94c0f5c3-431e-4785-8eb8-7eecf7ab6f3c|purchase        |a0846826|Danamouth            |US                      |GU                    |2102 Dennis Rue                  |45882                    |Wilsonbury          |US                     |IL                   |5749 Kevin Harbor             |80292                   |SmartChoice|sports     |Ultra Sports Edition        |PROD_2300 |5       |372.83    |
[2026-01-20T05:17:35.575+0000] {subprocess.py:93} INFO - |USD     |NULL                                |google_pay    |completed|4177.21 |365.45|2026-01-19T17:38:54.551107Z|4542.66 |94c0f5c3-431e-4785-8eb8-7eecf7ab6f3c|purchase        |a0846826|Danamouth            |US                      |GU                    |2102 Dennis Rue                  |45882                    |Wilsonbury          |US                     |IL                   |5749 Kevin Harbor             |80292                   |StyleCo    |books      |Professional Books Pack     |PROD_2770 |1       |422.54    |
[2026-01-20T05:17:35.576+0000] {subprocess.py:93} INFO - +--------+------------------------------------+--------------+---------+--------+------+---------------------------+--------+------------------------------------+----------------+--------+---------------------+------------------------+----------------------+---------------------------------+-------------------------+--------------------+-----------------------+---------------------+------------------------------+------------------------+-----------+-----------+----------------------------+----------+--------+----------+
[2026-01-20T05:17:35.577+0000] {subprocess.py:93} INFO - only showing top 20 rows
[2026-01-20T05:17:35.578+0000] {subprocess.py:93} INFO - 
[2026-01-20T05:17:35.579+0000] {subprocess.py:93} INFO - root
[2026-01-20T05:17:35.580+0000] {subprocess.py:93} INFO -  |-- currency: string (nullable = true)
[2026-01-20T05:17:35.581+0000] {subprocess.py:93} INFO -  |-- original_transaction_id: string (nullable = true)
[2026-01-20T05:17:35.582+0000] {subprocess.py:93} INFO -  |-- payment_method: string (nullable = true)
[2026-01-20T05:17:35.583+0000] {subprocess.py:93} INFO -  |-- status: string (nullable = true)
[2026-01-20T05:17:35.584+0000] {subprocess.py:93} INFO -  |-- subtotal: double (nullable = true)
[2026-01-20T05:17:35.585+0000] {subprocess.py:93} INFO -  |-- tax: double (nullable = true)
[2026-01-20T05:17:35.586+0000] {subprocess.py:93} INFO -  |-- timestamp: string (nullable = true)
[2026-01-20T05:17:35.587+0000] {subprocess.py:93} INFO -  |-- total: double (nullable = true)
[2026-01-20T05:17:35.588+0000] {subprocess.py:93} INFO -  |-- transaction_id: string (nullable = true)
[2026-01-20T05:17:35.589+0000] {subprocess.py:93} INFO -  |-- transaction_type: string (nullable = true)
[2026-01-20T05:17:35.589+0000] {subprocess.py:93} INFO -  |-- user_id: string (nullable = true)
[2026-01-20T05:17:35.590+0000] {subprocess.py:93} INFO -  |-- shipping_address_city: string (nullable = true)
[2026-01-20T05:17:35.592+0000] {subprocess.py:93} INFO -  |-- shipping_address_country: string (nullable = true)
[2026-01-20T05:17:35.593+0000] {subprocess.py:93} INFO -  |-- shipping_address_state: string (nullable = true)
[2026-01-20T05:17:35.593+0000] {subprocess.py:93} INFO -  |-- shipping_address_street: string (nullable = true)
[2026-01-20T05:17:35.594+0000] {subprocess.py:93} INFO -  |-- shipping_address_zip_code: string (nullable = true)
[2026-01-20T05:17:35.595+0000] {subprocess.py:93} INFO -  |-- billing_address_city: string (nullable = true)
[2026-01-20T05:17:35.596+0000] {subprocess.py:93} INFO -  |-- billing_address_country: string (nullable = true)
[2026-01-20T05:17:35.597+0000] {subprocess.py:93} INFO -  |-- billing_address_state: string (nullable = true)
[2026-01-20T05:17:35.598+0000] {subprocess.py:93} INFO -  |-- billing_address_street: string (nullable = true)
[2026-01-20T05:17:35.599+0000] {subprocess.py:93} INFO -  |-- billing_address_zip_code: string (nullable = true)
[2026-01-20T05:17:35.600+0000] {subprocess.py:93} INFO -  |-- brand: string (nullable = true)
[2026-01-20T05:17:35.601+0000] {subprocess.py:93} INFO -  |-- category: string (nullable = true)
[2026-01-20T05:17:35.602+0000] {subprocess.py:93} INFO -  |-- product_name: string (nullable = true)
[2026-01-20T05:17:35.603+0000] {subprocess.py:93} INFO -  |-- product_id: string (nullable = true)
[2026-01-20T05:17:35.604+0000] {subprocess.py:93} INFO -  |-- quantity: long (nullable = true)
[2026-01-20T05:17:35.605+0000] {subprocess.py:93} INFO -  |-- unit_price: double (nullable = true)
[2026-01-20T05:17:35.606+0000] {subprocess.py:93} INFO - 
[2026-01-20T05:17:35.607+0000] {subprocess.py:93} INFO - 26/01/20 05:17:35 INFO FileSourceStrategy: Pushed Filters: IsNotNull(line_items)
[2026-01-20T05:17:35.608+0000] {subprocess.py:93} INFO - 26/01/20 05:17:35 INFO FileSourceStrategy: Post-Scan Filters: (size(line_items#10, true) > 0),isnotnull(line_items#10)
[2026-01-20T05:17:35.769+0000] {subprocess.py:93} INFO - 26/01/20 05:17:35 INFO FileOutputCommitter: File Output Committer Algorithm version is 1
[2026-01-20T05:17:35.771+0000] {subprocess.py:93} INFO - 26/01/20 05:17:35 INFO FileOutputCommitter: FileOutputCommitter skip cleanup _temporary folders under output directory:false, ignore cleanup failures: false
[2026-01-20T05:17:35.775+0000] {subprocess.py:93} INFO - 26/01/20 05:17:35 INFO SQLHadoopMapReduceCommitProtocol: Using output committer class org.apache.hadoop.mapreduce.lib.output.FileOutputCommitter
[2026-01-20T05:17:35.914+0000] {subprocess.py:93} INFO - 26/01/20 05:17:35 INFO CodeGenerator: Code generated in 23.843851 ms
[2026-01-20T05:17:35.918+0000] {subprocess.py:93} INFO - 26/01/20 05:17:35 INFO MemoryStore: Block broadcast_16 stored as values in memory (estimated size 199.1 KiB, free 433.7 MiB)
[2026-01-20T05:17:35.930+0000] {subprocess.py:93} INFO - 26/01/20 05:17:35 INFO MemoryStore: Block broadcast_16_piece0 stored as bytes in memory (estimated size 34.1 KiB, free 433.7 MiB)
[2026-01-20T05:17:35.931+0000] {subprocess.py:93} INFO - 26/01/20 05:17:35 INFO BlockManagerInfo: Added broadcast_16_piece0 in memory on 519d7d29de3d:39069 (size: 34.1 KiB, free: 434.3 MiB)
[2026-01-20T05:17:35.932+0000] {subprocess.py:93} INFO - 26/01/20 05:17:35 INFO SparkContext: Created broadcast 16 from csv at NativeMethodAccessorImpl.java:0
[2026-01-20T05:17:35.933+0000] {subprocess.py:93} INFO - 26/01/20 05:17:35 INFO FileSourceScanExec: Planning scan with bin packing, max size: 4194304 bytes, open cost is considered as scanning 4194304 bytes.
[2026-01-20T05:17:35.946+0000] {subprocess.py:93} INFO - 26/01/20 05:17:35 INFO SparkContext: Starting job: csv at NativeMethodAccessorImpl.java:0
[2026-01-20T05:17:35.947+0000] {subprocess.py:93} INFO - 26/01/20 05:17:35 INFO DAGScheduler: Got job 9 (csv at NativeMethodAccessorImpl.java:0) with 1 output partitions
[2026-01-20T05:17:35.948+0000] {subprocess.py:93} INFO - 26/01/20 05:17:35 INFO DAGScheduler: Final stage: ResultStage 12 (csv at NativeMethodAccessorImpl.java:0)
[2026-01-20T05:17:35.949+0000] {subprocess.py:93} INFO - 26/01/20 05:17:35 INFO DAGScheduler: Parents of final stage: List()
[2026-01-20T05:17:35.950+0000] {subprocess.py:93} INFO - 26/01/20 05:17:35 INFO DAGScheduler: Missing parents: List()
[2026-01-20T05:17:35.951+0000] {subprocess.py:93} INFO - 26/01/20 05:17:35 INFO DAGScheduler: Submitting ResultStage 12 (MapPartitionsRDD[40] at csv at NativeMethodAccessorImpl.java:0), which has no missing parents
[2026-01-20T05:17:35.969+0000] {subprocess.py:93} INFO - 26/01/20 05:17:35 INFO MemoryStore: Block broadcast_17 stored as values in memory (estimated size 233.4 KiB, free 433.4 MiB)
[2026-01-20T05:17:35.971+0000] {subprocess.py:93} INFO - 26/01/20 05:17:35 INFO MemoryStore: Block broadcast_17_piece0 stored as bytes in memory (estimated size 82.3 KiB, free 433.4 MiB)
[2026-01-20T05:17:35.972+0000] {subprocess.py:93} INFO - 26/01/20 05:17:35 INFO BlockManagerInfo: Added broadcast_17_piece0 in memory on 519d7d29de3d:39069 (size: 82.3 KiB, free: 434.2 MiB)
[2026-01-20T05:17:35.973+0000] {subprocess.py:93} INFO - 26/01/20 05:17:35 INFO SparkContext: Created broadcast 17 from broadcast at DAGScheduler.scala:1580
[2026-01-20T05:17:35.974+0000] {subprocess.py:93} INFO - 26/01/20 05:17:35 INFO DAGScheduler: Submitting 1 missing tasks from ResultStage 12 (MapPartitionsRDD[40] at csv at NativeMethodAccessorImpl.java:0) (first 15 tasks are for partitions Vector(0))
[2026-01-20T05:17:35.974+0000] {subprocess.py:93} INFO - 26/01/20 05:17:35 INFO TaskSchedulerImpl: Adding task set 12.0 with 1 tasks resource profile 0
[2026-01-20T05:17:35.975+0000] {subprocess.py:93} INFO - 26/01/20 05:17:35 INFO TaskSetManager: Starting task 0.0 in stage 12.0 (TID 72) (519d7d29de3d, executor driver, partition 0, PROCESS_LOCAL, 9476 bytes)
[2026-01-20T05:17:35.976+0000] {subprocess.py:93} INFO - 26/01/20 05:17:35 INFO Executor: Running task 0.0 in stage 12.0 (TID 72)
[2026-01-20T05:17:35.986+0000] {subprocess.py:93} INFO - 26/01/20 05:17:35 INFO FileOutputCommitter: File Output Committer Algorithm version is 1
[2026-01-20T05:17:35.988+0000] {subprocess.py:93} INFO - 26/01/20 05:17:35 INFO FileOutputCommitter: FileOutputCommitter skip cleanup _temporary folders under output directory:false, ignore cleanup failures: false
[2026-01-20T05:17:35.989+0000] {subprocess.py:93} INFO - 26/01/20 05:17:35 INFO SQLHadoopMapReduceCommitProtocol: Using output committer class org.apache.hadoop.mapreduce.lib.output.FileOutputCommitter
[2026-01-20T05:17:36.198+0000] {subprocess.py:93} INFO - 26/01/20 05:17:36 INFO CodeGenerator: Code generated in 16.514734 ms
[2026-01-20T05:17:36.200+0000] {subprocess.py:93} INFO - 26/01/20 05:17:36 INFO FileScanRDD: Reading File path: file:///opt/spark-data/landing/transaction_events_1768879479.1820476.json, range: 0-4194304, partition values: [empty row]
[2026-01-20T05:17:36.690+0000] {subprocess.py:93} INFO - 26/01/20 05:17:36 INFO FileScanRDD: Reading File path: file:///opt/spark-data/landing/transaction_events_1768879479.1820476.json, range: 4194304-8388608, partition values: [empty row]
[2026-01-20T05:17:37.047+0000] {subprocess.py:93} INFO - 26/01/20 05:17:37 INFO FileScanRDD: Reading File path: file:///opt/spark-data/landing/transaction_events_1768879479.1820476.json, range: 8388608-12582912, partition values: [empty row]
[2026-01-20T05:17:37.381+0000] {subprocess.py:93} INFO - 26/01/20 05:17:37 INFO FileScanRDD: Reading File path: file:///opt/spark-data/landing/transaction_events_1768879479.1820476.json, range: 12582912-16777216, partition values: [empty row]
[2026-01-20T05:17:37.482+0000] {subprocess.py:93} INFO - 26/01/20 05:17:37 INFO BlockManagerInfo: Removed broadcast_15_piece0 on 519d7d29de3d:39069 in memory (size: 11.2 KiB, free: 434.2 MiB)
[2026-01-20T05:17:37.486+0000] {subprocess.py:93} INFO - 26/01/20 05:17:37 INFO BlockManagerInfo: Removed broadcast_14_piece0 on 519d7d29de3d:39069 in memory (size: 34.1 KiB, free: 434.3 MiB)
[2026-01-20T05:17:37.685+0000] {subprocess.py:93} INFO - 26/01/20 05:17:37 INFO FileScanRDD: Reading File path: file:///opt/spark-data/landing/transaction_events_1768879479.1820476.json, range: 16777216-20971520, partition values: [empty row]
[2026-01-20T05:17:38.059+0000] {subprocess.py:93} INFO - 26/01/20 05:17:38 INFO FileScanRDD: Reading File path: file:///opt/spark-data/landing/transaction_events_1768879479.1820476.json, range: 20971520-25165824, partition values: [empty row]
[2026-01-20T05:17:38.347+0000] {subprocess.py:93} INFO - 26/01/20 05:17:38 INFO FileScanRDD: Reading File path: file:///opt/spark-data/landing/transaction_events_1768879479.1820476.json, range: 25165824-29360128, partition values: [empty row]
[2026-01-20T05:17:38.650+0000] {subprocess.py:93} INFO - 26/01/20 05:17:38 INFO FileScanRDD: Reading File path: file:///opt/spark-data/landing/transaction_events_1768879479.1820476.json, range: 29360128-33554432, partition values: [empty row]
[2026-01-20T05:17:38.902+0000] {subprocess.py:93} INFO - 26/01/20 05:17:38 INFO FileScanRDD: Reading File path: file:///opt/spark-data/landing/transaction_events_1768879479.1820476.json, range: 33554432-37748736, partition values: [empty row]
[2026-01-20T05:17:39.081+0000] {subprocess.py:93} INFO - 26/01/20 05:17:39 INFO FileScanRDD: Reading File path: file:///opt/spark-data/landing/transaction_events_1768879479.1820476.json, range: 37748736-41943040, partition values: [empty row]
[2026-01-20T05:17:39.262+0000] {subprocess.py:93} INFO - 26/01/20 05:17:39 INFO FileScanRDD: Reading File path: file:///opt/spark-data/landing/transaction_events_1768879479.1820476.json, range: 41943040-46137344, partition values: [empty row]
[2026-01-20T05:17:39.448+0000] {subprocess.py:93} INFO - 26/01/20 05:17:39 INFO FileScanRDD: Reading File path: file:///opt/spark-data/landing/transaction_events_1768879479.1820476.json, range: 46137344-50331648, partition values: [empty row]
[2026-01-20T05:17:39.720+0000] {subprocess.py:93} INFO - 26/01/20 05:17:39 INFO FileScanRDD: Reading File path: file:///opt/spark-data/landing/transaction_events_1768879479.1820476.json, range: 50331648-51561162, partition values: [empty row]
[2026-01-20T05:17:39.849+0000] {subprocess.py:93} INFO - 26/01/20 05:17:39 INFO FileOutputCommitter: Saved output of task 'attempt_202601200517358690340649346117895_0012_m_000000_72' to file:/opt/spark-data/gold/transactions_all/_temporary/0/task_202601200517358690340649346117895_0012_m_000000
[2026-01-20T05:17:39.850+0000] {subprocess.py:93} INFO - 26/01/20 05:17:39 INFO SparkHadoopMapRedUtil: attempt_202601200517358690340649346117895_0012_m_000000_72: Committed. Elapsed time: 28 ms.
[2026-01-20T05:17:39.853+0000] {subprocess.py:93} INFO - 26/01/20 05:17:39 INFO Executor: Finished task 0.0 in stage 12.0 (TID 72). 2725 bytes result sent to driver
[2026-01-20T05:17:39.857+0000] {subprocess.py:93} INFO - 26/01/20 05:17:39 INFO TaskSetManager: Finished task 0.0 in stage 12.0 (TID 72) in 3880 ms on 519d7d29de3d (executor driver) (1/1)
[2026-01-20T05:17:39.859+0000] {subprocess.py:93} INFO - 26/01/20 05:17:39 INFO TaskSchedulerImpl: Removed TaskSet 12.0, whose tasks have all completed, from pool
[2026-01-20T05:17:39.860+0000] {subprocess.py:93} INFO - 26/01/20 05:17:39 INFO DAGScheduler: ResultStage 12 (csv at NativeMethodAccessorImpl.java:0) finished in 3.905 s
[2026-01-20T05:17:39.861+0000] {subprocess.py:93} INFO - 26/01/20 05:17:39 INFO DAGScheduler: Job 9 is finished. Cancelling potential speculative or zombie tasks for this job
[2026-01-20T05:17:39.861+0000] {subprocess.py:93} INFO - 26/01/20 05:17:39 INFO TaskSchedulerImpl: Killing all running tasks in stage 12: Stage finished
[2026-01-20T05:17:39.862+0000] {subprocess.py:93} INFO - 26/01/20 05:17:39 INFO DAGScheduler: Job 9 finished: csv at NativeMethodAccessorImpl.java:0, took 3.909958 s
[2026-01-20T05:17:39.863+0000] {subprocess.py:93} INFO - 26/01/20 05:17:39 INFO FileFormatWriter: Start to commit write Job 05f357de-b276-466c-936f-8fbf0a0fe2fe.
[2026-01-20T05:17:39.887+0000] {subprocess.py:93} INFO - 26/01/20 05:17:39 INFO BlockManagerInfo: Removed broadcast_11_piece0 on 519d7d29de3d:39069 in memory (size: 34.1 KiB, free: 434.3 MiB)
[2026-01-20T05:17:40.051+0000] {subprocess.py:93} INFO - 26/01/20 05:17:40 INFO FileFormatWriter: Write Job 05f357de-b276-466c-936f-8fbf0a0fe2fe committed. Elapsed time: 194 ms.
[2026-01-20T05:17:40.053+0000] {subprocess.py:93} INFO - 26/01/20 05:17:40 INFO FileFormatWriter: Finished processing stats for write job 05f357de-b276-466c-936f-8fbf0a0fe2fe.
[2026-01-20T05:17:40.065+0000] {subprocess.py:93} INFO - 26/01/20 05:17:40 INFO FileSourceStrategy: Pushed Filters:
[2026-01-20T05:17:40.066+0000] {subprocess.py:93} INFO - 26/01/20 05:17:40 INFO FileSourceStrategy: Post-Scan Filters:
[2026-01-20T05:17:40.119+0000] {subprocess.py:93} INFO - 26/01/20 05:17:40 INFO FileOutputCommitter: File Output Committer Algorithm version is 1
[2026-01-20T05:17:40.120+0000] {subprocess.py:93} INFO - 26/01/20 05:17:40 INFO FileOutputCommitter: FileOutputCommitter skip cleanup _temporary folders under output directory:false, ignore cleanup failures: false
[2026-01-20T05:17:40.120+0000] {subprocess.py:93} INFO - 26/01/20 05:17:40 INFO SQLHadoopMapReduceCommitProtocol: Using output committer class org.apache.hadoop.mapreduce.lib.output.FileOutputCommitter
[2026-01-20T05:17:40.158+0000] {subprocess.py:93} INFO - 26/01/20 05:17:40 INFO MemoryStore: Block broadcast_18 stored as values in memory (estimated size 199.1 KiB, free 433.7 MiB)
[2026-01-20T05:17:40.165+0000] {subprocess.py:93} INFO - 26/01/20 05:17:40 INFO MemoryStore: Block broadcast_18_piece0 stored as bytes in memory (estimated size 34.1 KiB, free 433.6 MiB)
[2026-01-20T05:17:40.166+0000] {subprocess.py:93} INFO - 26/01/20 05:17:40 INFO BlockManagerInfo: Added broadcast_18_piece0 in memory on 519d7d29de3d:39069 (size: 34.1 KiB, free: 434.3 MiB)
[2026-01-20T05:17:40.166+0000] {subprocess.py:93} INFO - 26/01/20 05:17:40 INFO SparkContext: Created broadcast 18 from csv at NativeMethodAccessorImpl.java:0
[2026-01-20T05:17:40.166+0000] {subprocess.py:93} INFO - 26/01/20 05:17:40 INFO FileSourceScanExec: Planning scan with bin packing, max size: 4194304 bytes, open cost is considered as scanning 4194304 bytes.
[2026-01-20T05:17:40.168+0000] {subprocess.py:93} INFO - 26/01/20 05:17:40 INFO SparkContext: Starting job: csv at NativeMethodAccessorImpl.java:0
[2026-01-20T05:17:40.168+0000] {subprocess.py:93} INFO - 26/01/20 05:17:40 INFO DAGScheduler: Got job 10 (csv at NativeMethodAccessorImpl.java:0) with 1 output partitions
[2026-01-20T05:17:40.169+0000] {subprocess.py:93} INFO - 26/01/20 05:17:40 INFO DAGScheduler: Final stage: ResultStage 13 (csv at NativeMethodAccessorImpl.java:0)
[2026-01-20T05:17:40.169+0000] {subprocess.py:93} INFO - 26/01/20 05:17:40 INFO DAGScheduler: Parents of final stage: List()
[2026-01-20T05:17:40.170+0000] {subprocess.py:93} INFO - 26/01/20 05:17:40 INFO DAGScheduler: Missing parents: List()
[2026-01-20T05:17:40.170+0000] {subprocess.py:93} INFO - 26/01/20 05:17:40 INFO DAGScheduler: Submitting ResultStage 13 (MapPartitionsRDD[44] at csv at NativeMethodAccessorImpl.java:0), which has no missing parents
[2026-01-20T05:17:40.181+0000] {subprocess.py:93} INFO - 26/01/20 05:17:40 INFO MemoryStore: Block broadcast_19 stored as values in memory (estimated size 214.3 KiB, free 433.4 MiB)
[2026-01-20T05:17:40.182+0000] {subprocess.py:93} INFO - 26/01/20 05:17:40 INFO MemoryStore: Block broadcast_19_piece0 stored as bytes in memory (estimated size 77.2 KiB, free 433.4 MiB)
[2026-01-20T05:17:40.183+0000] {subprocess.py:93} INFO - 26/01/20 05:17:40 INFO BlockManagerInfo: Added broadcast_19_piece0 in memory on 519d7d29de3d:39069 (size: 77.2 KiB, free: 434.2 MiB)
[2026-01-20T05:17:40.183+0000] {subprocess.py:93} INFO - 26/01/20 05:17:40 INFO SparkContext: Created broadcast 19 from broadcast at DAGScheduler.scala:1580
[2026-01-20T05:17:40.184+0000] {subprocess.py:93} INFO - 26/01/20 05:17:40 INFO DAGScheduler: Submitting 1 missing tasks from ResultStage 13 (MapPartitionsRDD[44] at csv at NativeMethodAccessorImpl.java:0) (first 15 tasks are for partitions Vector(0))
[2026-01-20T05:17:40.184+0000] {subprocess.py:93} INFO - 26/01/20 05:17:40 INFO TaskSchedulerImpl: Adding task set 13.0 with 1 tasks resource profile 0
[2026-01-20T05:17:40.185+0000] {subprocess.py:93} INFO - 26/01/20 05:17:40 INFO TaskSetManager: Starting task 0.0 in stage 13.0 (TID 73) (519d7d29de3d, executor driver, partition 0, PROCESS_LOCAL, 9054 bytes)
[2026-01-20T05:17:40.185+0000] {subprocess.py:93} INFO - 26/01/20 05:17:40 INFO Executor: Running task 0.0 in stage 13.0 (TID 73)
[2026-01-20T05:17:40.192+0000] {subprocess.py:93} INFO - 26/01/20 05:17:40 INFO FileOutputCommitter: File Output Committer Algorithm version is 1
[2026-01-20T05:17:40.193+0000] {subprocess.py:93} INFO - 26/01/20 05:17:40 INFO FileOutputCommitter: FileOutputCommitter skip cleanup _temporary folders under output directory:false, ignore cleanup failures: false
[2026-01-20T05:17:40.194+0000] {subprocess.py:93} INFO - 26/01/20 05:17:40 INFO SQLHadoopMapReduceCommitProtocol: Using output committer class org.apache.hadoop.mapreduce.lib.output.FileOutputCommitter
[2026-01-20T05:17:40.313+0000] {subprocess.py:93} INFO - 26/01/20 05:17:40 INFO FileScanRDD: Reading File path: file:///opt/spark-data/landing/user_events_1768879431.2231393.json, range: 0-4194304, partition values: [empty row]
[2026-01-20T05:17:40.321+0000] {subprocess.py:93} INFO - 26/01/20 05:17:40 INFO CodeGenerator: Code generated in 5.954038 ms
[2026-01-20T05:17:40.530+0000] {subprocess.py:93} INFO - 26/01/20 05:17:40 INFO FileScanRDD: Reading File path: file:///opt/spark-data/landing/user_events_1768879431.2231393.json, range: 4194304-8388608, partition values: [empty row]
[2026-01-20T05:17:40.741+0000] {subprocess.py:93} INFO - 26/01/20 05:17:40 INFO FileScanRDD: Reading File path: file:///opt/spark-data/landing/user_events_1768879431.2231393.json, range: 8388608-12582912, partition values: [empty row]
[2026-01-20T05:17:40.856+0000] {subprocess.py:93} INFO - 26/01/20 05:17:40 INFO BlockManagerInfo: Removed broadcast_16_piece0 on 519d7d29de3d:39069 in memory (size: 34.1 KiB, free: 434.2 MiB)
[2026-01-20T05:17:40.858+0000] {subprocess.py:93} INFO - 26/01/20 05:17:40 INFO BlockManagerInfo: Removed broadcast_17_piece0 on 519d7d29de3d:39069 in memory (size: 82.3 KiB, free: 434.3 MiB)
[2026-01-20T05:17:40.897+0000] {subprocess.py:93} INFO - 26/01/20 05:17:40 INFO FileScanRDD: Reading File path: file:///opt/spark-data/landing/user_events_1768879431.2231393.json, range: 12582912-16777216, partition values: [empty row]
[2026-01-20T05:17:41.032+0000] {subprocess.py:93} INFO - 26/01/20 05:17:41 INFO FileScanRDD: Reading File path: file:///opt/spark-data/landing/user_events_1768879431.2231393.json, range: 16777216-20971520, partition values: [empty row]
[2026-01-20T05:17:41.158+0000] {subprocess.py:93} INFO - 26/01/20 05:17:41 INFO FileScanRDD: Reading File path: file:///opt/spark-data/landing/user_events_1768879431.2231393.json, range: 20971520-25165824, partition values: [empty row]
[2026-01-20T05:17:41.330+0000] {subprocess.py:93} INFO - 26/01/20 05:17:41 INFO FileScanRDD: Reading File path: file:///opt/spark-data/landing/user_events_1768879431.2231393.json, range: 25165824-29360128, partition values: [empty row]
[2026-01-20T05:17:41.486+0000] {subprocess.py:93} INFO - 26/01/20 05:17:41 INFO FileScanRDD: Reading File path: file:///opt/spark-data/landing/user_events_1768879431.2231393.json, range: 29360128-33532706, partition values: [empty row]
[2026-01-20T05:17:41.709+0000] {subprocess.py:93} INFO - 26/01/20 05:17:41 INFO FileOutputCommitter: Saved output of task 'attempt_202601200517403841174681106962873_0013_m_000000_73' to file:/opt/spark-data/gold/user_events_all/_temporary/0/task_202601200517403841174681106962873_0013_m_000000
[2026-01-20T05:17:41.709+0000] {subprocess.py:93} INFO - 26/01/20 05:17:41 INFO SparkHadoopMapRedUtil: attempt_202601200517403841174681106962873_0013_m_000000_73: Committed. Elapsed time: 41 ms.
[2026-01-20T05:17:41.710+0000] {subprocess.py:93} INFO - 26/01/20 05:17:41 INFO Executor: Finished task 0.0 in stage 13.0 (TID 73). 2502 bytes result sent to driver
[2026-01-20T05:17:41.711+0000] {subprocess.py:93} INFO - 26/01/20 05:17:41 INFO TaskSetManager: Finished task 0.0 in stage 13.0 (TID 73) in 1527 ms on 519d7d29de3d (executor driver) (1/1)
[2026-01-20T05:17:41.711+0000] {subprocess.py:93} INFO - 26/01/20 05:17:41 INFO TaskSchedulerImpl: Removed TaskSet 13.0, whose tasks have all completed, from pool
[2026-01-20T05:17:41.712+0000] {subprocess.py:93} INFO - 26/01/20 05:17:41 INFO DAGScheduler: ResultStage 13 (csv at NativeMethodAccessorImpl.java:0) finished in 1.542 s
[2026-01-20T05:17:41.712+0000] {subprocess.py:93} INFO - 26/01/20 05:17:41 INFO DAGScheduler: Job 10 is finished. Cancelling potential speculative or zombie tasks for this job
[2026-01-20T05:17:41.713+0000] {subprocess.py:93} INFO - 26/01/20 05:17:41 INFO TaskSchedulerImpl: Killing all running tasks in stage 13: Stage finished
[2026-01-20T05:17:41.713+0000] {subprocess.py:93} INFO - 26/01/20 05:17:41 INFO DAGScheduler: Job 10 finished: csv at NativeMethodAccessorImpl.java:0, took 1.543573 s
[2026-01-20T05:17:41.713+0000] {subprocess.py:93} INFO - 26/01/20 05:17:41 INFO FileFormatWriter: Start to commit write Job 7bc95581-13a6-4bfa-9245-6df8947505c6.
[2026-01-20T05:17:41.930+0000] {subprocess.py:93} INFO - 26/01/20 05:17:41 INFO FileFormatWriter: Write Job 7bc95581-13a6-4bfa-9245-6df8947505c6 committed. Elapsed time: 218 ms.
[2026-01-20T05:17:41.931+0000] {subprocess.py:93} INFO - 26/01/20 05:17:41 INFO FileFormatWriter: Finished processing stats for write job 7bc95581-13a6-4bfa-9245-6df8947505c6.
[2026-01-20T05:17:41.936+0000] {subprocess.py:93} INFO - 26/01/20 05:17:41 INFO SparkContext: SparkContext is stopping with exitCode 0.
[2026-01-20T05:17:41.941+0000] {subprocess.py:93} INFO - 26/01/20 05:17:41 INFO SparkUI: Stopped Spark web UI at http://519d7d29de3d:4040
[2026-01-20T05:17:41.949+0000] {subprocess.py:93} INFO - 26/01/20 05:17:41 INFO MapOutputTrackerMasterEndpoint: MapOutputTrackerMasterEndpoint stopped!
[2026-01-20T05:17:41.964+0000] {subprocess.py:93} INFO - 26/01/20 05:17:41 INFO MemoryStore: MemoryStore cleared
[2026-01-20T05:17:41.965+0000] {subprocess.py:93} INFO - 26/01/20 05:17:41 INFO BlockManager: BlockManager stopped
[2026-01-20T05:17:41.966+0000] {subprocess.py:93} INFO - 26/01/20 05:17:41 INFO BlockManagerMaster: BlockManagerMaster stopped
[2026-01-20T05:17:41.970+0000] {subprocess.py:93} INFO - 26/01/20 05:17:41 INFO OutputCommitCoordinator$OutputCommitCoordinatorEndpoint: OutputCommitCoordinator stopped!
[2026-01-20T05:17:41.985+0000] {subprocess.py:93} INFO - 26/01/20 05:17:41 INFO SparkContext: Successfully stopped SparkContext
[2026-01-20T05:17:42.192+0000] {subprocess.py:93} INFO - 26/01/20 05:17:42 INFO ShutdownHookManager: Shutdown hook called
[2026-01-20T05:17:42.193+0000] {subprocess.py:93} INFO - 26/01/20 05:17:42 INFO ShutdownHookManager: Deleting directory /tmp/spark-d4ec3e75-ba4d-4653-9abc-3275216f2a86
[2026-01-20T05:17:42.196+0000] {subprocess.py:93} INFO - 26/01/20 05:17:42 INFO ShutdownHookManager: Deleting directory /tmp/spark-87a98630-0116-472d-8e82-d028cae95996
[2026-01-20T05:17:42.199+0000] {subprocess.py:93} INFO - 26/01/20 05:17:42 INFO ShutdownHookManager: Deleting directory /tmp/spark-87a98630-0116-472d-8e82-d028cae95996/pyspark-f6075882-04d1-4fdc-b873-94b5979a5bbe
[2026-01-20T05:17:42.258+0000] {subprocess.py:97} INFO - Command exited with return code 0
[2026-01-20T05:17:42.287+0000] {taskinstance.py:1138} INFO - Marking task as SUCCESS. dag_id=streamflow_main, task_id=Spark_Submit, execution_date=20260120T051714, start_date=20260120T051716, end_date=20260120T051742
[2026-01-20T05:17:42.311+0000] {local_task_job_runner.py:234} INFO - Task exited with return code 0
[2026-01-20T05:17:42.328+0000] {taskinstance.py:3280} INFO - 0 downstream tasks scheduled from follow-on schedule check
