[2026-01-20T03:48:22.867+0000] {taskinstance.py:1956} INFO - Dependencies all met for dep_context=non-requeueable deps ti=<TaskInstance: streamflow_main.Spark_Submit manual__2026-01-20T03:48:19.698074+00:00 [queued]>
[2026-01-20T03:48:22.888+0000] {taskinstance.py:1956} INFO - Dependencies all met for dep_context=requeueable deps ti=<TaskInstance: streamflow_main.Spark_Submit manual__2026-01-20T03:48:19.698074+00:00 [queued]>
[2026-01-20T03:48:22.889+0000] {taskinstance.py:2170} INFO - Starting attempt 1 of 1
[2026-01-20T03:48:22.918+0000] {taskinstance.py:2191} INFO - Executing <Task(BashOperator): Spark_Submit> on 2026-01-20 03:48:19.698074+00:00
[2026-01-20T03:48:22.929+0000] {standard_task_runner.py:60} INFO - Started process 1887 to run task
[2026-01-20T03:48:22.933+0000] {standard_task_runner.py:87} INFO - Running: ['***', 'tasks', 'run', 'streamflow_main', 'Spark_Submit', 'manual__2026-01-20T03:48:19.698074+00:00', '--job-id', '7', '--raw', '--subdir', 'DAGS_FOLDER/dag_streamflow.py', '--cfg-path', '/tmp/tmpxmc8ivgb']
[2026-01-20T03:48:22.938+0000] {standard_task_runner.py:88} INFO - Job 7: Subtask Spark_Submit
[2026-01-20T03:48:23.020+0000] {task_command.py:423} INFO - Running <TaskInstance: streamflow_main.Spark_Submit manual__2026-01-20T03:48:19.698074+00:00 [running]> on host 519d7d29de3d
[2026-01-20T03:48:23.159+0000] {taskinstance.py:2480} INFO - Exporting env vars: AIRFLOW_CTX_DAG_OWNER='student' AIRFLOW_CTX_DAG_ID='streamflow_main' AIRFLOW_CTX_TASK_ID='Spark_Submit' AIRFLOW_CTX_EXECUTION_DATE='2026-01-20T03:48:19.698074+00:00' AIRFLOW_CTX_TRY_NUMBER='1' AIRFLOW_CTX_DAG_RUN_ID='manual__2026-01-20T03:48:19.698074+00:00'
[2026-01-20T03:48:23.163+0000] {subprocess.py:63} INFO - Tmp dir root location: /tmp
[2026-01-20T03:48:23.165+0000] {subprocess.py:75} INFO - Running command: ['/usr/bin/bash', '-c', '\n            spark-submit                 --master spark://spark-master:7077                 /opt/spark-jobs/etl_job.py\n        ']
[2026-01-20T03:48:23.177+0000] {subprocess.py:86} INFO - Output:
[2026-01-20T03:48:23.189+0000] {subprocess.py:93} INFO - /opt/spark/bin/load-spark-env.sh: line 68: ps: command not found
[2026-01-20T03:48:26.839+0000] {subprocess.py:93} INFO - 26/01/20 03:48:26 INFO SparkContext: Running Spark version 3.5.0
[2026-01-20T03:48:26.842+0000] {subprocess.py:93} INFO - 26/01/20 03:48:26 INFO SparkContext: OS info Linux, 5.15.167.4-microsoft-standard-WSL2, amd64
[2026-01-20T03:48:26.843+0000] {subprocess.py:93} INFO - 26/01/20 03:48:26 INFO SparkContext: Java version 17.0.17
[2026-01-20T03:48:26.914+0000] {subprocess.py:93} INFO - 26/01/20 03:48:26 WARN NativeCodeLoader: Unable to load native-hadoop library for your platform... using builtin-java classes where applicable
[2026-01-20T03:48:27.051+0000] {subprocess.py:93} INFO - 26/01/20 03:48:27 INFO ResourceUtils: ==============================================================
[2026-01-20T03:48:27.052+0000] {subprocess.py:93} INFO - 26/01/20 03:48:27 INFO ResourceUtils: No custom resources configured for spark.driver.
[2026-01-20T03:48:27.053+0000] {subprocess.py:93} INFO - 26/01/20 03:48:27 INFO ResourceUtils: ==============================================================
[2026-01-20T03:48:27.054+0000] {subprocess.py:93} INFO - 26/01/20 03:48:27 INFO SparkContext: Submitted application: ETL_job
[2026-01-20T03:48:27.079+0000] {subprocess.py:93} INFO - 26/01/20 03:48:27 INFO ResourceProfile: Default ResourceProfile created, executor resources: Map(cores -> name: cores, amount: 1, script: , vendor: , memory -> name: memory, amount: 1024, script: , vendor: , offHeap -> name: offHeap, amount: 0, script: , vendor: ), task resources: Map(cpus -> name: cpus, amount: 1.0)
[2026-01-20T03:48:27.090+0000] {subprocess.py:93} INFO - 26/01/20 03:48:27 INFO ResourceProfile: Limiting resource is cpu
[2026-01-20T03:48:27.090+0000] {subprocess.py:93} INFO - 26/01/20 03:48:27 INFO ResourceProfileManager: Added ResourceProfile id: 0
[2026-01-20T03:48:27.160+0000] {subprocess.py:93} INFO - 26/01/20 03:48:27 INFO SecurityManager: Changing view acls to: root
[2026-01-20T03:48:27.161+0000] {subprocess.py:93} INFO - 26/01/20 03:48:27 INFO SecurityManager: Changing modify acls to: root
[2026-01-20T03:48:27.162+0000] {subprocess.py:93} INFO - 26/01/20 03:48:27 INFO SecurityManager: Changing view acls groups to:
[2026-01-20T03:48:27.163+0000] {subprocess.py:93} INFO - 26/01/20 03:48:27 INFO SecurityManager: Changing modify acls groups to:
[2026-01-20T03:48:27.163+0000] {subprocess.py:93} INFO - 26/01/20 03:48:27 INFO SecurityManager: SecurityManager: authentication disabled; ui acls disabled; users with view permissions: root; groups with view permissions: EMPTY; users with modify permissions: root; groups with modify permissions: EMPTY
[2026-01-20T03:48:27.484+0000] {subprocess.py:93} INFO - 26/01/20 03:48:27 INFO Utils: Successfully started service 'sparkDriver' on port 33655.
[2026-01-20T03:48:27.535+0000] {subprocess.py:93} INFO - 26/01/20 03:48:27 INFO SparkEnv: Registering MapOutputTracker
[2026-01-20T03:48:27.587+0000] {subprocess.py:93} INFO - 26/01/20 03:48:27 INFO SparkEnv: Registering BlockManagerMaster
[2026-01-20T03:48:27.608+0000] {subprocess.py:93} INFO - 26/01/20 03:48:27 INFO BlockManagerMasterEndpoint: Using org.apache.spark.storage.DefaultTopologyMapper for getting topology information
[2026-01-20T03:48:27.610+0000] {subprocess.py:93} INFO - 26/01/20 03:48:27 INFO BlockManagerMasterEndpoint: BlockManagerMasterEndpoint up
[2026-01-20T03:48:27.615+0000] {subprocess.py:93} INFO - 26/01/20 03:48:27 INFO SparkEnv: Registering BlockManagerMasterHeartbeat
[2026-01-20T03:48:27.651+0000] {subprocess.py:93} INFO - 26/01/20 03:48:27 INFO DiskBlockManager: Created local directory at /tmp/blockmgr-b35a43ce-6d48-48a3-bf49-ad595f8014c2
[2026-01-20T03:48:27.675+0000] {subprocess.py:93} INFO - 26/01/20 03:48:27 INFO MemoryStore: MemoryStore started with capacity 434.4 MiB
[2026-01-20T03:48:27.704+0000] {subprocess.py:93} INFO - 26/01/20 03:48:27 INFO SparkEnv: Registering OutputCommitCoordinator
[2026-01-20T03:48:28.939+0000] {subprocess.py:93} INFO - 26/01/20 03:48:28 INFO JettyUtils: Start Jetty 0.0.0.0:4040 for SparkUI
[2026-01-20T03:48:30.253+0000] {subprocess.py:93} INFO - 26/01/20 03:48:30 INFO Utils: Successfully started service 'SparkUI' on port 4040.
[2026-01-20T03:48:30.402+0000] {subprocess.py:93} INFO - 26/01/20 03:48:30 INFO Executor: Starting executor ID driver on host 519d7d29de3d
[2026-01-20T03:48:30.403+0000] {subprocess.py:93} INFO - 26/01/20 03:48:30 INFO Executor: OS info Linux, 5.15.167.4-microsoft-standard-WSL2, amd64
[2026-01-20T03:48:30.404+0000] {subprocess.py:93} INFO - 26/01/20 03:48:30 INFO Executor: Java version 17.0.17
[2026-01-20T03:48:30.415+0000] {subprocess.py:93} INFO - 26/01/20 03:48:30 INFO Executor: Starting executor with user classpath (userClassPathFirst = false): ''
[2026-01-20T03:48:30.416+0000] {subprocess.py:93} INFO - 26/01/20 03:48:30 INFO Executor: Created or updated repl class loader org.apache.spark.util.MutableURLClassLoader@272584ff for default.
[2026-01-20T03:48:30.448+0000] {subprocess.py:93} INFO - 26/01/20 03:48:30 INFO Utils: Successfully started service 'org.apache.spark.network.netty.NettyBlockTransferService' on port 36629.
[2026-01-20T03:48:30.449+0000] {subprocess.py:93} INFO - 26/01/20 03:48:30 INFO NettyBlockTransferService: Server created on 519d7d29de3d:36629
[2026-01-20T03:48:30.451+0000] {subprocess.py:93} INFO - 26/01/20 03:48:30 INFO BlockManager: Using org.apache.spark.storage.RandomBlockReplicationPolicy for block replication policy
[2026-01-20T03:48:30.459+0000] {subprocess.py:93} INFO - 26/01/20 03:48:30 INFO BlockManagerMaster: Registering BlockManager BlockManagerId(driver, 519d7d29de3d, 36629, None)
[2026-01-20T03:48:30.463+0000] {subprocess.py:93} INFO - 26/01/20 03:48:30 INFO BlockManagerMasterEndpoint: Registering block manager 519d7d29de3d:36629 with 434.4 MiB RAM, BlockManagerId(driver, 519d7d29de3d, 36629, None)
[2026-01-20T03:48:30.465+0000] {subprocess.py:93} INFO - 26/01/20 03:48:30 INFO BlockManagerMaster: Registered BlockManager BlockManagerId(driver, 519d7d29de3d, 36629, None)
[2026-01-20T03:48:30.467+0000] {subprocess.py:93} INFO - 26/01/20 03:48:30 INFO BlockManager: Initialized BlockManager: BlockManagerId(driver, 519d7d29de3d, 36629, None)
[2026-01-20T03:48:31.077+0000] {subprocess.py:93} INFO - 26/01/20 03:48:31 INFO SharedState: Setting hive.metastore.warehouse.dir ('null') to the value of spark.sql.warehouse.dir.
[2026-01-20T03:48:31.087+0000] {subprocess.py:93} INFO - 26/01/20 03:48:31 INFO SharedState: Warehouse path is 'file:/tmp/***tmpnw3m0v60/spark-warehouse'.
[2026-01-20T03:48:32.102+0000] {subprocess.py:93} INFO - 26/01/20 03:48:32 INFO InMemoryFileIndex: It took 81 ms to list leaf files for 1 paths.
[2026-01-20T03:48:32.207+0000] {subprocess.py:93} INFO - 26/01/20 03:48:32 INFO InMemoryFileIndex: It took 11 ms to list leaf files for 1 paths.
[2026-01-20T03:48:34.446+0000] {subprocess.py:93} INFO - 26/01/20 03:48:34 INFO FileSourceStrategy: Pushed Filters:
[2026-01-20T03:48:34.466+0000] {subprocess.py:93} INFO - 26/01/20 03:48:34 INFO FileSourceStrategy: Post-Scan Filters:
[2026-01-20T03:48:34.745+0000] {subprocess.py:93} INFO - 26/01/20 03:48:34 INFO MemoryStore: Block broadcast_0 stored as values in memory (estimated size 199.2 KiB, free 434.2 MiB)
[2026-01-20T03:48:34.811+0000] {subprocess.py:93} INFO - 26/01/20 03:48:34 INFO MemoryStore: Block broadcast_0_piece0 stored as bytes in memory (estimated size 34.2 KiB, free 434.2 MiB)
[2026-01-20T03:48:34.815+0000] {subprocess.py:93} INFO - 26/01/20 03:48:34 INFO BlockManagerInfo: Added broadcast_0_piece0 in memory on 519d7d29de3d:36629 (size: 34.2 KiB, free: 434.4 MiB)
[2026-01-20T03:48:34.821+0000] {subprocess.py:93} INFO - 26/01/20 03:48:34 INFO SparkContext: Created broadcast 0 from json at NativeMethodAccessorImpl.java:0
[2026-01-20T03:48:34.833+0000] {subprocess.py:93} INFO - 26/01/20 03:48:34 INFO FileSourceScanExec: Planning scan with bin packing, max size: 4194304 bytes, open cost is considered as scanning 4194304 bytes.
[2026-01-20T03:48:35.049+0000] {subprocess.py:93} INFO - 26/01/20 03:48:35 INFO SparkContext: Starting job: json at NativeMethodAccessorImpl.java:0
[2026-01-20T03:48:35.074+0000] {subprocess.py:93} INFO - 26/01/20 03:48:35 INFO DAGScheduler: Got job 0 (json at NativeMethodAccessorImpl.java:0) with 13 output partitions
[2026-01-20T03:48:35.075+0000] {subprocess.py:93} INFO - 26/01/20 03:48:35 INFO DAGScheduler: Final stage: ResultStage 0 (json at NativeMethodAccessorImpl.java:0)
[2026-01-20T03:48:35.076+0000] {subprocess.py:93} INFO - 26/01/20 03:48:35 INFO DAGScheduler: Parents of final stage: List()
[2026-01-20T03:48:35.077+0000] {subprocess.py:93} INFO - 26/01/20 03:48:35 INFO DAGScheduler: Missing parents: List()
[2026-01-20T03:48:35.082+0000] {subprocess.py:93} INFO - 26/01/20 03:48:35 INFO DAGScheduler: Submitting ResultStage 0 (MapPartitionsRDD[3] at json at NativeMethodAccessorImpl.java:0), which has no missing parents
[2026-01-20T03:48:35.197+0000] {subprocess.py:93} INFO - 26/01/20 03:48:35 INFO MemoryStore: Block broadcast_1 stored as values in memory (estimated size 16.0 KiB, free 434.2 MiB)
[2026-01-20T03:48:35.206+0000] {subprocess.py:93} INFO - 26/01/20 03:48:35 INFO MemoryStore: Block broadcast_1_piece0 stored as bytes in memory (estimated size 7.5 KiB, free 434.1 MiB)
[2026-01-20T03:48:35.208+0000] {subprocess.py:93} INFO - 26/01/20 03:48:35 INFO BlockManagerInfo: Added broadcast_1_piece0 in memory on 519d7d29de3d:36629 (size: 7.5 KiB, free: 434.4 MiB)
[2026-01-20T03:48:35.209+0000] {subprocess.py:93} INFO - 26/01/20 03:48:35 INFO SparkContext: Created broadcast 1 from broadcast at DAGScheduler.scala:1580
[2026-01-20T03:48:35.241+0000] {subprocess.py:93} INFO - 26/01/20 03:48:35 INFO DAGScheduler: Submitting 13 missing tasks from ResultStage 0 (MapPartitionsRDD[3] at json at NativeMethodAccessorImpl.java:0) (first 15 tasks are for partitions Vector(0, 1, 2, 3, 4, 5, 6, 7, 8, 9, 10, 11, 12))
[2026-01-20T03:48:35.243+0000] {subprocess.py:93} INFO - 26/01/20 03:48:35 INFO TaskSchedulerImpl: Adding task set 0.0 with 13 tasks resource profile 0
[2026-01-20T03:48:35.302+0000] {subprocess.py:93} INFO - 26/01/20 03:48:35 INFO TaskSetManager: Starting task 0.0 in stage 0.0 (TID 0) (519d7d29de3d, executor driver, partition 0, PROCESS_LOCAL, 8251 bytes)
[2026-01-20T03:48:35.307+0000] {subprocess.py:93} INFO - 26/01/20 03:48:35 INFO TaskSetManager: Starting task 1.0 in stage 0.0 (TID 1) (519d7d29de3d, executor driver, partition 1, PROCESS_LOCAL, 8251 bytes)
[2026-01-20T03:48:35.308+0000] {subprocess.py:93} INFO - 26/01/20 03:48:35 INFO TaskSetManager: Starting task 2.0 in stage 0.0 (TID 2) (519d7d29de3d, executor driver, partition 2, PROCESS_LOCAL, 8251 bytes)
[2026-01-20T03:48:35.308+0000] {subprocess.py:93} INFO - 26/01/20 03:48:35 INFO TaskSetManager: Starting task 3.0 in stage 0.0 (TID 3) (519d7d29de3d, executor driver, partition 3, PROCESS_LOCAL, 8251 bytes)
[2026-01-20T03:48:35.309+0000] {subprocess.py:93} INFO - 26/01/20 03:48:35 INFO TaskSetManager: Starting task 4.0 in stage 0.0 (TID 4) (519d7d29de3d, executor driver, partition 4, PROCESS_LOCAL, 8251 bytes)
[2026-01-20T03:48:35.310+0000] {subprocess.py:93} INFO - 26/01/20 03:48:35 INFO TaskSetManager: Starting task 5.0 in stage 0.0 (TID 5) (519d7d29de3d, executor driver, partition 5, PROCESS_LOCAL, 8251 bytes)
[2026-01-20T03:48:35.313+0000] {subprocess.py:93} INFO - 26/01/20 03:48:35 INFO TaskSetManager: Starting task 6.0 in stage 0.0 (TID 6) (519d7d29de3d, executor driver, partition 6, PROCESS_LOCAL, 8251 bytes)
[2026-01-20T03:48:35.315+0000] {subprocess.py:93} INFO - 26/01/20 03:48:35 INFO TaskSetManager: Starting task 7.0 in stage 0.0 (TID 7) (519d7d29de3d, executor driver, partition 7, PROCESS_LOCAL, 8251 bytes)
[2026-01-20T03:48:35.316+0000] {subprocess.py:93} INFO - 26/01/20 03:48:35 INFO TaskSetManager: Starting task 8.0 in stage 0.0 (TID 8) (519d7d29de3d, executor driver, partition 8, PROCESS_LOCAL, 8251 bytes)
[2026-01-20T03:48:35.317+0000] {subprocess.py:93} INFO - 26/01/20 03:48:35 INFO TaskSetManager: Starting task 9.0 in stage 0.0 (TID 9) (519d7d29de3d, executor driver, partition 9, PROCESS_LOCAL, 8251 bytes)
[2026-01-20T03:48:35.318+0000] {subprocess.py:93} INFO - 26/01/20 03:48:35 INFO TaskSetManager: Starting task 10.0 in stage 0.0 (TID 10) (519d7d29de3d, executor driver, partition 10, PROCESS_LOCAL, 8251 bytes)
[2026-01-20T03:48:35.319+0000] {subprocess.py:93} INFO - 26/01/20 03:48:35 INFO TaskSetManager: Starting task 11.0 in stage 0.0 (TID 11) (519d7d29de3d, executor driver, partition 11, PROCESS_LOCAL, 8251 bytes)
[2026-01-20T03:48:35.320+0000] {subprocess.py:93} INFO - 26/01/20 03:48:35 INFO TaskSetManager: Starting task 12.0 in stage 0.0 (TID 12) (519d7d29de3d, executor driver, partition 12, PROCESS_LOCAL, 8251 bytes)
[2026-01-20T03:48:35.336+0000] {subprocess.py:93} INFO - 26/01/20 03:48:35 INFO Executor: Running task 4.0 in stage 0.0 (TID 4)
[2026-01-20T03:48:35.337+0000] {subprocess.py:93} INFO - 26/01/20 03:48:35 INFO Executor: Running task 2.0 in stage 0.0 (TID 2)
[2026-01-20T03:48:35.338+0000] {subprocess.py:93} INFO - 26/01/20 03:48:35 INFO Executor: Running task 6.0 in stage 0.0 (TID 6)
[2026-01-20T03:48:35.340+0000] {subprocess.py:93} INFO - 26/01/20 03:48:35 INFO Executor: Running task 3.0 in stage 0.0 (TID 3)
[2026-01-20T03:48:35.342+0000] {subprocess.py:93} INFO - 26/01/20 03:48:35 INFO Executor: Running task 7.0 in stage 0.0 (TID 7)
[2026-01-20T03:48:35.343+0000] {subprocess.py:93} INFO - 26/01/20 03:48:35 INFO Executor: Running task 1.0 in stage 0.0 (TID 1)
[2026-01-20T03:48:35.344+0000] {subprocess.py:93} INFO - 26/01/20 03:48:35 INFO Executor: Running task 5.0 in stage 0.0 (TID 5)
[2026-01-20T03:48:35.344+0000] {subprocess.py:93} INFO - 26/01/20 03:48:35 INFO Executor: Running task 0.0 in stage 0.0 (TID 0)
[2026-01-20T03:48:35.345+0000] {subprocess.py:93} INFO - 26/01/20 03:48:35 INFO Executor: Running task 8.0 in stage 0.0 (TID 8)
[2026-01-20T03:48:35.346+0000] {subprocess.py:93} INFO - 26/01/20 03:48:35 INFO Executor: Running task 9.0 in stage 0.0 (TID 9)
[2026-01-20T03:48:35.347+0000] {subprocess.py:93} INFO - 26/01/20 03:48:35 INFO Executor: Running task 10.0 in stage 0.0 (TID 10)
[2026-01-20T03:48:35.347+0000] {subprocess.py:93} INFO - 26/01/20 03:48:35 INFO Executor: Running task 11.0 in stage 0.0 (TID 11)
[2026-01-20T03:48:35.348+0000] {subprocess.py:93} INFO - 26/01/20 03:48:35 INFO Executor: Running task 12.0 in stage 0.0 (TID 12)
[2026-01-20T03:48:35.619+0000] {subprocess.py:93} INFO - 26/01/20 03:48:35 INFO FileScanRDD: Reading File path: file:///opt/spark-data/landing/transaction_events_1768879479.1820476.json, range: 37748736-41943040, partition values: [empty row]
[2026-01-20T03:48:35.620+0000] {subprocess.py:93} INFO - 26/01/20 03:48:35 INFO FileScanRDD: Reading File path: file:///opt/spark-data/landing/transaction_events_1768879479.1820476.json, range: 29360128-33554432, partition values: [empty row]
[2026-01-20T03:48:35.622+0000] {subprocess.py:93} INFO - 26/01/20 03:48:35 INFO FileScanRDD: Reading File path: file:///opt/spark-data/landing/transaction_events_1768879479.1820476.json, range: 25165824-29360128, partition values: [empty row]
[2026-01-20T03:48:35.623+0000] {subprocess.py:93} INFO - 26/01/20 03:48:35 INFO FileScanRDD: Reading File path: file:///opt/spark-data/landing/transaction_events_1768879479.1820476.json, range: 12582912-16777216, partition values: [empty row]
[2026-01-20T03:48:35.624+0000] {subprocess.py:93} INFO - 26/01/20 03:48:35 INFO FileScanRDD: Reading File path: file:///opt/spark-data/landing/transaction_events_1768879479.1820476.json, range: 16777216-20971520, partition values: [empty row]
[2026-01-20T03:48:35.624+0000] {subprocess.py:93} INFO - 26/01/20 03:48:35 INFO FileScanRDD: Reading File path: file:///opt/spark-data/landing/transaction_events_1768879479.1820476.json, range: 33554432-37748736, partition values: [empty row]
[2026-01-20T03:48:35.625+0000] {subprocess.py:93} INFO - 26/01/20 03:48:35 INFO FileScanRDD: Reading File path: file:///opt/spark-data/landing/transaction_events_1768879479.1820476.json, range: 50331648-51561162, partition values: [empty row]
[2026-01-20T03:48:35.626+0000] {subprocess.py:93} INFO - 26/01/20 03:48:35 INFO FileScanRDD: Reading File path: file:///opt/spark-data/landing/transaction_events_1768879479.1820476.json, range: 8388608-12582912, partition values: [empty row]
[2026-01-20T03:48:35.626+0000] {subprocess.py:93} INFO - 26/01/20 03:48:35 INFO FileScanRDD: Reading File path: file:///opt/spark-data/landing/transaction_events_1768879479.1820476.json, range: 0-4194304, partition values: [empty row]
[2026-01-20T03:48:35.627+0000] {subprocess.py:93} INFO - 26/01/20 03:48:35 INFO FileScanRDD: Reading File path: file:///opt/spark-data/landing/transaction_events_1768879479.1820476.json, range: 46137344-50331648, partition values: [empty row]
[2026-01-20T03:48:35.628+0000] {subprocess.py:93} INFO - 26/01/20 03:48:35 INFO FileScanRDD: Reading File path: file:///opt/spark-data/landing/transaction_events_1768879479.1820476.json, range: 20971520-25165824, partition values: [empty row]
[2026-01-20T03:48:35.629+0000] {subprocess.py:93} INFO - 26/01/20 03:48:35 INFO FileScanRDD: Reading File path: file:///opt/spark-data/landing/transaction_events_1768879479.1820476.json, range: 4194304-8388608, partition values: [empty row]
[2026-01-20T03:48:35.629+0000] {subprocess.py:93} INFO - 26/01/20 03:48:35 INFO FileScanRDD: Reading File path: file:///opt/spark-data/landing/transaction_events_1768879479.1820476.json, range: 41943040-46137344, partition values: [empty row]
[2026-01-20T03:48:35.940+0000] {subprocess.py:93} INFO - 26/01/20 03:48:35 INFO CodeGenerator: Code generated in 253.919914 ms
[2026-01-20T03:48:36.814+0000] {subprocess.py:93} INFO - 26/01/20 03:48:36 INFO Executor: Finished task 12.0 in stage 0.0 (TID 12). 3067 bytes result sent to driver
[2026-01-20T03:48:36.837+0000] {subprocess.py:93} INFO - 26/01/20 03:48:36 INFO TaskSetManager: Finished task 12.0 in stage 0.0 (TID 12) in 1516 ms on 519d7d29de3d (executor driver) (1/13)
[2026-01-20T03:48:37.060+0000] {subprocess.py:93} INFO - 26/01/20 03:48:37 INFO Executor: Finished task 8.0 in stage 0.0 (TID 8). 3067 bytes result sent to driver
[2026-01-20T03:48:37.062+0000] {subprocess.py:93} INFO - 26/01/20 03:48:37 INFO Executor: Finished task 2.0 in stage 0.0 (TID 2). 3024 bytes result sent to driver
[2026-01-20T03:48:37.062+0000] {subprocess.py:93} INFO - 26/01/20 03:48:37 INFO Executor: Finished task 5.0 in stage 0.0 (TID 5). 3067 bytes result sent to driver
[2026-01-20T03:48:37.066+0000] {subprocess.py:93} INFO - 26/01/20 03:48:37 INFO TaskSetManager: Finished task 2.0 in stage 0.0 (TID 2) in 1759 ms on 519d7d29de3d (executor driver) (2/13)
[2026-01-20T03:48:37.068+0000] {subprocess.py:93} INFO - 26/01/20 03:48:37 INFO TaskSetManager: Finished task 8.0 in stage 0.0 (TID 8) in 1751 ms on 519d7d29de3d (executor driver) (3/13)
[2026-01-20T03:48:37.069+0000] {subprocess.py:93} INFO - 26/01/20 03:48:37 INFO Executor: Finished task 7.0 in stage 0.0 (TID 7). 3024 bytes result sent to driver
[2026-01-20T03:48:37.070+0000] {subprocess.py:93} INFO - 26/01/20 03:48:37 INFO TaskSetManager: Finished task 5.0 in stage 0.0 (TID 5) in 1759 ms on 519d7d29de3d (executor driver) (4/13)
[2026-01-20T03:48:37.071+0000] {subprocess.py:93} INFO - 26/01/20 03:48:37 INFO TaskSetManager: Finished task 7.0 in stage 0.0 (TID 7) in 1755 ms on 519d7d29de3d (executor driver) (5/13)
[2026-01-20T03:48:37.073+0000] {subprocess.py:93} INFO - 26/01/20 03:48:37 INFO Executor: Finished task 9.0 in stage 0.0 (TID 9). 3024 bytes result sent to driver
[2026-01-20T03:48:37.077+0000] {subprocess.py:93} INFO - 26/01/20 03:48:37 INFO TaskSetManager: Finished task 9.0 in stage 0.0 (TID 9) in 1760 ms on 519d7d29de3d (executor driver) (6/13)
[2026-01-20T03:48:37.079+0000] {subprocess.py:93} INFO - 26/01/20 03:48:37 INFO Executor: Finished task 10.0 in stage 0.0 (TID 10). 3024 bytes result sent to driver
[2026-01-20T03:48:37.080+0000] {subprocess.py:93} INFO - 26/01/20 03:48:37 INFO Executor: Finished task 11.0 in stage 0.0 (TID 11). 3024 bytes result sent to driver
[2026-01-20T03:48:37.081+0000] {subprocess.py:93} INFO - 26/01/20 03:48:37 INFO Executor: Finished task 6.0 in stage 0.0 (TID 6). 3024 bytes result sent to driver
[2026-01-20T03:48:37.082+0000] {subprocess.py:93} INFO - 26/01/20 03:48:37 INFO Executor: Finished task 1.0 in stage 0.0 (TID 1). 3024 bytes result sent to driver
[2026-01-20T03:48:37.084+0000] {subprocess.py:93} INFO - 26/01/20 03:48:37 INFO Executor: Finished task 3.0 in stage 0.0 (TID 3). 3024 bytes result sent to driver
[2026-01-20T03:48:37.085+0000] {subprocess.py:93} INFO - 26/01/20 03:48:37 INFO TaskSetManager: Finished task 10.0 in stage 0.0 (TID 10) in 1763 ms on 519d7d29de3d (executor driver) (7/13)
[2026-01-20T03:48:37.086+0000] {subprocess.py:93} INFO - 26/01/20 03:48:37 INFO Executor: Finished task 0.0 in stage 0.0 (TID 0). 3024 bytes result sent to driver
[2026-01-20T03:48:37.087+0000] {subprocess.py:93} INFO - 26/01/20 03:48:37 INFO Executor: Finished task 4.0 in stage 0.0 (TID 4). 3024 bytes result sent to driver
[2026-01-20T03:48:37.088+0000] {subprocess.py:93} INFO - 26/01/20 03:48:37 INFO TaskSetManager: Finished task 6.0 in stage 0.0 (TID 6) in 1770 ms on 519d7d29de3d (executor driver) (8/13)
[2026-01-20T03:48:37.088+0000] {subprocess.py:93} INFO - 26/01/20 03:48:37 INFO TaskSetManager: Finished task 11.0 in stage 0.0 (TID 11) in 1764 ms on 519d7d29de3d (executor driver) (9/13)
[2026-01-20T03:48:37.089+0000] {subprocess.py:93} INFO - 26/01/20 03:48:37 INFO TaskSetManager: Finished task 1.0 in stage 0.0 (TID 1) in 1777 ms on 519d7d29de3d (executor driver) (10/13)
[2026-01-20T03:48:37.090+0000] {subprocess.py:93} INFO - 26/01/20 03:48:37 INFO TaskSetManager: Finished task 3.0 in stage 0.0 (TID 3) in 1778 ms on 519d7d29de3d (executor driver) (11/13)
[2026-01-20T03:48:37.091+0000] {subprocess.py:93} INFO - 26/01/20 03:48:37 INFO TaskSetManager: Finished task 0.0 in stage 0.0 (TID 0) in 1803 ms on 519d7d29de3d (executor driver) (12/13)
[2026-01-20T03:48:37.092+0000] {subprocess.py:93} INFO - 26/01/20 03:48:37 INFO TaskSetManager: Finished task 4.0 in stage 0.0 (TID 4) in 1781 ms on 519d7d29de3d (executor driver) (13/13)
[2026-01-20T03:48:37.093+0000] {subprocess.py:93} INFO - 26/01/20 03:48:37 INFO TaskSchedulerImpl: Removed TaskSet 0.0, whose tasks have all completed, from pool
[2026-01-20T03:48:37.093+0000] {subprocess.py:93} INFO - 26/01/20 03:48:37 INFO DAGScheduler: ResultStage 0 (json at NativeMethodAccessorImpl.java:0) finished in 1.989 s
[2026-01-20T03:48:37.096+0000] {subprocess.py:93} INFO - 26/01/20 03:48:37 INFO DAGScheduler: Job 0 is finished. Cancelling potential speculative or zombie tasks for this job
[2026-01-20T03:48:37.097+0000] {subprocess.py:93} INFO - 26/01/20 03:48:37 INFO TaskSchedulerImpl: Killing all running tasks in stage 0: Stage finished
[2026-01-20T03:48:37.101+0000] {subprocess.py:93} INFO - 26/01/20 03:48:37 INFO DAGScheduler: Job 0 finished: json at NativeMethodAccessorImpl.java:0, took 2.050443 s
[2026-01-20T03:48:37.237+0000] {subprocess.py:93} INFO - 26/01/20 03:48:37 INFO InMemoryFileIndex: It took 7 ms to list leaf files for 1 paths.
[2026-01-20T03:48:37.272+0000] {subprocess.py:93} INFO - 26/01/20 03:48:37 INFO InMemoryFileIndex: It took 17 ms to list leaf files for 1 paths.
[2026-01-20T03:48:37.334+0000] {subprocess.py:93} INFO - 26/01/20 03:48:37 INFO FileSourceStrategy: Pushed Filters:
[2026-01-20T03:48:37.336+0000] {subprocess.py:93} INFO - 26/01/20 03:48:37 INFO FileSourceStrategy: Post-Scan Filters:
[2026-01-20T03:48:37.343+0000] {subprocess.py:93} INFO - 26/01/20 03:48:37 INFO MemoryStore: Block broadcast_2 stored as values in memory (estimated size 199.2 KiB, free 434.0 MiB)
[2026-01-20T03:48:37.358+0000] {subprocess.py:93} INFO - 26/01/20 03:48:37 INFO MemoryStore: Block broadcast_2_piece0 stored as bytes in memory (estimated size 34.2 KiB, free 433.9 MiB)
[2026-01-20T03:48:37.360+0000] {subprocess.py:93} INFO - 26/01/20 03:48:37 INFO BlockManagerInfo: Added broadcast_2_piece0 in memory on 519d7d29de3d:36629 (size: 34.2 KiB, free: 434.3 MiB)
[2026-01-20T03:48:37.362+0000] {subprocess.py:93} INFO - 26/01/20 03:48:37 INFO SparkContext: Created broadcast 2 from json at NativeMethodAccessorImpl.java:0
[2026-01-20T03:48:37.364+0000] {subprocess.py:93} INFO - 26/01/20 03:48:37 INFO FileSourceScanExec: Planning scan with bin packing, max size: 4194304 bytes, open cost is considered as scanning 4194304 bytes.
[2026-01-20T03:48:37.378+0000] {subprocess.py:93} INFO - 26/01/20 03:48:37 INFO SparkContext: Starting job: json at NativeMethodAccessorImpl.java:0
[2026-01-20T03:48:37.379+0000] {subprocess.py:93} INFO - 26/01/20 03:48:37 INFO DAGScheduler: Got job 1 (json at NativeMethodAccessorImpl.java:0) with 8 output partitions
[2026-01-20T03:48:37.380+0000] {subprocess.py:93} INFO - 26/01/20 03:48:37 INFO DAGScheduler: Final stage: ResultStage 1 (json at NativeMethodAccessorImpl.java:0)
[2026-01-20T03:48:37.381+0000] {subprocess.py:93} INFO - 26/01/20 03:48:37 INFO DAGScheduler: Parents of final stage: List()
[2026-01-20T03:48:37.381+0000] {subprocess.py:93} INFO - 26/01/20 03:48:37 INFO DAGScheduler: Missing parents: List()
[2026-01-20T03:48:37.382+0000] {subprocess.py:93} INFO - 26/01/20 03:48:37 INFO DAGScheduler: Submitting ResultStage 1 (MapPartitionsRDD[7] at json at NativeMethodAccessorImpl.java:0), which has no missing parents
[2026-01-20T03:48:37.384+0000] {subprocess.py:93} INFO - 26/01/20 03:48:37 INFO MemoryStore: Block broadcast_3 stored as values in memory (estimated size 16.0 KiB, free 433.9 MiB)
[2026-01-20T03:48:37.386+0000] {subprocess.py:93} INFO - 26/01/20 03:48:37 INFO MemoryStore: Block broadcast_3_piece0 stored as bytes in memory (estimated size 7.5 KiB, free 433.9 MiB)
[2026-01-20T03:48:37.387+0000] {subprocess.py:93} INFO - 26/01/20 03:48:37 INFO BlockManagerInfo: Added broadcast_3_piece0 in memory on 519d7d29de3d:36629 (size: 7.5 KiB, free: 434.3 MiB)
[2026-01-20T03:48:37.388+0000] {subprocess.py:93} INFO - 26/01/20 03:48:37 INFO SparkContext: Created broadcast 3 from broadcast at DAGScheduler.scala:1580
[2026-01-20T03:48:37.389+0000] {subprocess.py:93} INFO - 26/01/20 03:48:37 INFO DAGScheduler: Submitting 8 missing tasks from ResultStage 1 (MapPartitionsRDD[7] at json at NativeMethodAccessorImpl.java:0) (first 15 tasks are for partitions Vector(0, 1, 2, 3, 4, 5, 6, 7))
[2026-01-20T03:48:37.390+0000] {subprocess.py:93} INFO - 26/01/20 03:48:37 INFO TaskSchedulerImpl: Adding task set 1.0 with 8 tasks resource profile 0
[2026-01-20T03:48:37.393+0000] {subprocess.py:93} INFO - 26/01/20 03:48:37 INFO TaskSetManager: Starting task 0.0 in stage 1.0 (TID 13) (519d7d29de3d, executor driver, partition 0, PROCESS_LOCAL, 8244 bytes)
[2026-01-20T03:48:37.394+0000] {subprocess.py:93} INFO - 26/01/20 03:48:37 INFO TaskSetManager: Starting task 1.0 in stage 1.0 (TID 14) (519d7d29de3d, executor driver, partition 1, PROCESS_LOCAL, 8244 bytes)
[2026-01-20T03:48:37.395+0000] {subprocess.py:93} INFO - 26/01/20 03:48:37 INFO TaskSetManager: Starting task 2.0 in stage 1.0 (TID 15) (519d7d29de3d, executor driver, partition 2, PROCESS_LOCAL, 8244 bytes)
[2026-01-20T03:48:37.395+0000] {subprocess.py:93} INFO - 26/01/20 03:48:37 INFO TaskSetManager: Starting task 3.0 in stage 1.0 (TID 16) (519d7d29de3d, executor driver, partition 3, PROCESS_LOCAL, 8244 bytes)
[2026-01-20T03:48:37.396+0000] {subprocess.py:93} INFO - 26/01/20 03:48:37 INFO TaskSetManager: Starting task 4.0 in stage 1.0 (TID 17) (519d7d29de3d, executor driver, partition 4, PROCESS_LOCAL, 8244 bytes)
[2026-01-20T03:48:37.397+0000] {subprocess.py:93} INFO - 26/01/20 03:48:37 INFO TaskSetManager: Starting task 5.0 in stage 1.0 (TID 18) (519d7d29de3d, executor driver, partition 5, PROCESS_LOCAL, 8244 bytes)
[2026-01-20T03:48:37.398+0000] {subprocess.py:93} INFO - 26/01/20 03:48:37 INFO TaskSetManager: Starting task 6.0 in stage 1.0 (TID 19) (519d7d29de3d, executor driver, partition 6, PROCESS_LOCAL, 8244 bytes)
[2026-01-20T03:48:37.398+0000] {subprocess.py:93} INFO - 26/01/20 03:48:37 INFO TaskSetManager: Starting task 7.0 in stage 1.0 (TID 20) (519d7d29de3d, executor driver, partition 7, PROCESS_LOCAL, 8244 bytes)
[2026-01-20T03:48:37.399+0000] {subprocess.py:93} INFO - 26/01/20 03:48:37 INFO Executor: Running task 1.0 in stage 1.0 (TID 14)
[2026-01-20T03:48:37.400+0000] {subprocess.py:93} INFO - 26/01/20 03:48:37 INFO Executor: Running task 0.0 in stage 1.0 (TID 13)
[2026-01-20T03:48:37.401+0000] {subprocess.py:93} INFO - 26/01/20 03:48:37 INFO Executor: Running task 2.0 in stage 1.0 (TID 15)
[2026-01-20T03:48:37.404+0000] {subprocess.py:93} INFO - 26/01/20 03:48:37 INFO Executor: Running task 4.0 in stage 1.0 (TID 17)
[2026-01-20T03:48:37.405+0000] {subprocess.py:93} INFO - 26/01/20 03:48:37 INFO Executor: Running task 5.0 in stage 1.0 (TID 18)
[2026-01-20T03:48:37.406+0000] {subprocess.py:93} INFO - 26/01/20 03:48:37 INFO Executor: Running task 6.0 in stage 1.0 (TID 19)
[2026-01-20T03:48:37.407+0000] {subprocess.py:93} INFO - 26/01/20 03:48:37 INFO Executor: Running task 7.0 in stage 1.0 (TID 20)
[2026-01-20T03:48:37.408+0000] {subprocess.py:93} INFO - 26/01/20 03:48:37 INFO Executor: Running task 3.0 in stage 1.0 (TID 16)
[2026-01-20T03:48:37.409+0000] {subprocess.py:93} INFO - 26/01/20 03:48:37 INFO FileScanRDD: Reading File path: file:///opt/spark-data/landing/user_events_1768879431.2231393.json, range: 25165824-29360128, partition values: [empty row]
[2026-01-20T03:48:37.410+0000] {subprocess.py:93} INFO - 26/01/20 03:48:37 INFO FileScanRDD: Reading File path: file:///opt/spark-data/landing/user_events_1768879431.2231393.json, range: 0-4194304, partition values: [empty row]
[2026-01-20T03:48:37.411+0000] {subprocess.py:93} INFO - 26/01/20 03:48:37 INFO FileScanRDD: Reading File path: file:///opt/spark-data/landing/user_events_1768879431.2231393.json, range: 8388608-12582912, partition values: [empty row]
[2026-01-20T03:48:37.412+0000] {subprocess.py:93} INFO - 26/01/20 03:48:37 INFO FileScanRDD: Reading File path: file:///opt/spark-data/landing/user_events_1768879431.2231393.json, range: 20971520-25165824, partition values: [empty row]
[2026-01-20T03:48:37.414+0000] {subprocess.py:93} INFO - 26/01/20 03:48:37 INFO FileScanRDD: Reading File path: file:///opt/spark-data/landing/user_events_1768879431.2231393.json, range: 29360128-33532706, partition values: [empty row]
[2026-01-20T03:48:37.414+0000] {subprocess.py:93} INFO - 26/01/20 03:48:37 INFO FileScanRDD: Reading File path: file:///opt/spark-data/landing/user_events_1768879431.2231393.json, range: 12582912-16777216, partition values: [empty row]
[2026-01-20T03:48:37.415+0000] {subprocess.py:93} INFO - 26/01/20 03:48:37 INFO FileScanRDD: Reading File path: file:///opt/spark-data/landing/user_events_1768879431.2231393.json, range: 16777216-20971520, partition values: [empty row]
[2026-01-20T03:48:37.417+0000] {subprocess.py:93} INFO - 26/01/20 03:48:37 INFO FileScanRDD: Reading File path: file:///opt/spark-data/landing/user_events_1768879431.2231393.json, range: 4194304-8388608, partition values: [empty row]
[2026-01-20T03:48:38.006+0000] {subprocess.py:93} INFO - 26/01/20 03:48:38 INFO Executor: Finished task 4.0 in stage 1.0 (TID 17). 2401 bytes result sent to driver
[2026-01-20T03:48:38.008+0000] {subprocess.py:93} INFO - 26/01/20 03:48:38 INFO Executor: Finished task 2.0 in stage 1.0 (TID 15). 2401 bytes result sent to driver
[2026-01-20T03:48:38.009+0000] {subprocess.py:93} INFO - 26/01/20 03:48:38 INFO Executor: Finished task 0.0 in stage 1.0 (TID 13). 2401 bytes result sent to driver
[2026-01-20T03:48:38.011+0000] {subprocess.py:93} INFO - 26/01/20 03:48:38 INFO TaskSetManager: Finished task 4.0 in stage 1.0 (TID 17) in 615 ms on 519d7d29de3d (executor driver) (1/8)
[2026-01-20T03:48:38.011+0000] {subprocess.py:93} INFO - 26/01/20 03:48:38 INFO Executor: Finished task 6.0 in stage 1.0 (TID 19). 2401 bytes result sent to driver
[2026-01-20T03:48:38.013+0000] {subprocess.py:93} INFO - 26/01/20 03:48:38 INFO Executor: Finished task 5.0 in stage 1.0 (TID 18). 2401 bytes result sent to driver
[2026-01-20T03:48:38.014+0000] {subprocess.py:93} INFO - 26/01/20 03:48:38 INFO TaskSetManager: Finished task 2.0 in stage 1.0 (TID 15) in 617 ms on 519d7d29de3d (executor driver) (2/8)
[2026-01-20T03:48:38.015+0000] {subprocess.py:93} INFO - 26/01/20 03:48:38 INFO Executor: Finished task 3.0 in stage 1.0 (TID 16). 2401 bytes result sent to driver
[2026-01-20T03:48:38.016+0000] {subprocess.py:93} INFO - 26/01/20 03:48:38 INFO TaskSetManager: Finished task 0.0 in stage 1.0 (TID 13) in 620 ms on 519d7d29de3d (executor driver) (3/8)
[2026-01-20T03:48:38.017+0000] {subprocess.py:93} INFO - 26/01/20 03:48:38 INFO TaskSetManager: Finished task 6.0 in stage 1.0 (TID 19) in 617 ms on 519d7d29de3d (executor driver) (4/8)
[2026-01-20T03:48:38.018+0000] {subprocess.py:93} INFO - 26/01/20 03:48:38 INFO Executor: Finished task 1.0 in stage 1.0 (TID 14). 2401 bytes result sent to driver
[2026-01-20T03:48:38.019+0000] {subprocess.py:93} INFO - 26/01/20 03:48:38 INFO TaskSetManager: Finished task 3.0 in stage 1.0 (TID 16) in 619 ms on 519d7d29de3d (executor driver) (5/8)
[2026-01-20T03:48:38.020+0000] {subprocess.py:93} INFO - 26/01/20 03:48:38 INFO Executor: Finished task 7.0 in stage 1.0 (TID 20). 2401 bytes result sent to driver
[2026-01-20T03:48:38.021+0000] {subprocess.py:93} INFO - 26/01/20 03:48:38 INFO TaskSetManager: Finished task 5.0 in stage 1.0 (TID 18) in 619 ms on 519d7d29de3d (executor driver) (6/8)
[2026-01-20T03:48:38.022+0000] {subprocess.py:93} INFO - 26/01/20 03:48:38 INFO TaskSetManager: Finished task 7.0 in stage 1.0 (TID 20) in 620 ms on 519d7d29de3d (executor driver) (7/8)
[2026-01-20T03:48:38.023+0000] {subprocess.py:93} INFO - 26/01/20 03:48:38 INFO TaskSetManager: Finished task 1.0 in stage 1.0 (TID 14) in 623 ms on 519d7d29de3d (executor driver) (8/8)
[2026-01-20T03:48:38.023+0000] {subprocess.py:93} INFO - 26/01/20 03:48:38 INFO TaskSchedulerImpl: Removed TaskSet 1.0, whose tasks have all completed, from pool
[2026-01-20T03:48:38.024+0000] {subprocess.py:93} INFO - 26/01/20 03:48:38 INFO DAGScheduler: ResultStage 1 (json at NativeMethodAccessorImpl.java:0) finished in 0.637 s
[2026-01-20T03:48:38.025+0000] {subprocess.py:93} INFO - 26/01/20 03:48:38 INFO DAGScheduler: Job 1 is finished. Cancelling potential speculative or zombie tasks for this job
[2026-01-20T03:48:38.026+0000] {subprocess.py:93} INFO - 26/01/20 03:48:38 INFO TaskSchedulerImpl: Killing all running tasks in stage 1: Stage finished
[2026-01-20T03:48:38.026+0000] {subprocess.py:93} INFO - 26/01/20 03:48:38 INFO DAGScheduler: Job 1 finished: json at NativeMethodAccessorImpl.java:0, took 0.641699 s
[2026-01-20T03:48:38.573+0000] {subprocess.py:93} INFO - 26/01/20 03:48:38 INFO FileSourceStrategy: Pushed Filters: IsNotNull(line_items),IsNotNull(user_id)
[2026-01-20T03:48:38.574+0000] {subprocess.py:93} INFO - 26/01/20 03:48:38 INFO FileSourceStrategy: Post-Scan Filters: (size(line_items#10, true) > 0),isnotnull(line_items#10),isnotnull(user_id#21)
[2026-01-20T03:48:38.579+0000] {subprocess.py:93} INFO - 26/01/20 03:48:38 INFO FileSourceStrategy: Pushed Filters: IsNotNull(user_id),IsNotNull(product_id)
[2026-01-20T03:48:38.580+0000] {subprocess.py:93} INFO - 26/01/20 03:48:38 INFO FileSourceStrategy: Post-Scan Filters: isnotnull(user_id#58),isnotnull(product_id#53)
[2026-01-20T03:48:38.623+0000] {subprocess.py:93} INFO - 26/01/20 03:48:38 INFO BlockManagerInfo: Removed broadcast_2_piece0 on 519d7d29de3d:36629 in memory (size: 34.2 KiB, free: 434.4 MiB)
[2026-01-20T03:48:38.630+0000] {subprocess.py:93} INFO - 26/01/20 03:48:38 INFO BlockManagerInfo: Removed broadcast_3_piece0 on 519d7d29de3d:36629 in memory (size: 7.5 KiB, free: 434.4 MiB)
[2026-01-20T03:48:38.707+0000] {subprocess.py:93} INFO - 26/01/20 03:48:38 WARN SparkStringUtils: Truncated the string representation of a plan since it was too large. This behavior can be adjusted by setting 'spark.sql.debug.maxToStringFields'.
[2026-01-20T03:48:39.004+0000] {subprocess.py:93} INFO - 26/01/20 03:48:39 INFO CodeGenerator: Code generated in 127.786228 ms
[2026-01-20T03:48:39.009+0000] {subprocess.py:93} INFO - 26/01/20 03:48:39 INFO MemoryStore: Block broadcast_4 stored as values in memory (estimated size 199.1 KiB, free 434.0 MiB)
[2026-01-20T03:48:39.024+0000] {subprocess.py:93} INFO - 26/01/20 03:48:39 INFO MemoryStore: Block broadcast_4_piece0 stored as bytes in memory (estimated size 34.2 KiB, free 433.9 MiB)
[2026-01-20T03:48:39.025+0000] {subprocess.py:93} INFO - 26/01/20 03:48:39 INFO BlockManagerInfo: Added broadcast_4_piece0 in memory on 519d7d29de3d:36629 (size: 34.2 KiB, free: 434.3 MiB)
[2026-01-20T03:48:39.026+0000] {subprocess.py:93} INFO - 26/01/20 03:48:39 INFO SparkContext: Created broadcast 4 from showString at NativeMethodAccessorImpl.java:0
[2026-01-20T03:48:39.031+0000] {subprocess.py:93} INFO - 26/01/20 03:48:39 INFO FileSourceScanExec: Planning scan with bin packing, max size: 4194304 bytes, open cost is considered as scanning 4194304 bytes.
[2026-01-20T03:48:39.071+0000] {subprocess.py:93} INFO - 26/01/20 03:48:39 INFO DAGScheduler: Registering RDD 11 (showString at NativeMethodAccessorImpl.java:0) as input to shuffle 0
[2026-01-20T03:48:39.078+0000] {subprocess.py:93} INFO - 26/01/20 03:48:39 INFO DAGScheduler: Got map stage job 2 (showString at NativeMethodAccessorImpl.java:0) with 13 output partitions
[2026-01-20T03:48:39.079+0000] {subprocess.py:93} INFO - 26/01/20 03:48:39 INFO DAGScheduler: Final stage: ShuffleMapStage 2 (showString at NativeMethodAccessorImpl.java:0)
[2026-01-20T03:48:39.080+0000] {subprocess.py:93} INFO - 26/01/20 03:48:39 INFO DAGScheduler: Parents of final stage: List()
[2026-01-20T03:48:39.081+0000] {subprocess.py:93} INFO - 26/01/20 03:48:39 INFO DAGScheduler: Missing parents: List()
[2026-01-20T03:48:39.083+0000] {subprocess.py:93} INFO - 26/01/20 03:48:39 INFO DAGScheduler: Submitting ShuffleMapStage 2 (MapPartitionsRDD[11] at showString at NativeMethodAccessorImpl.java:0), which has no missing parents
[2026-01-20T03:48:39.098+0000] {subprocess.py:93} INFO - 26/01/20 03:48:39 INFO CodeGenerator: Code generated in 22.394815 ms
[2026-01-20T03:48:39.101+0000] {subprocess.py:93} INFO - 26/01/20 03:48:39 INFO MemoryStore: Block broadcast_5 stored as values in memory (estimated size 199.1 KiB, free 433.7 MiB)
[2026-01-20T03:48:39.115+0000] {subprocess.py:93} INFO - 26/01/20 03:48:39 INFO MemoryStore: Block broadcast_5_piece0 stored as bytes in memory (estimated size 34.2 KiB, free 433.7 MiB)
[2026-01-20T03:48:39.117+0000] {subprocess.py:93} INFO - 26/01/20 03:48:39 INFO BlockManagerInfo: Added broadcast_5_piece0 in memory on 519d7d29de3d:36629 (size: 34.2 KiB, free: 434.3 MiB)
[2026-01-20T03:48:39.118+0000] {subprocess.py:93} INFO - 26/01/20 03:48:39 INFO SparkContext: Created broadcast 5 from showString at NativeMethodAccessorImpl.java:0
[2026-01-20T03:48:39.120+0000] {subprocess.py:93} INFO - 26/01/20 03:48:39 INFO FileSourceScanExec: Planning scan with bin packing, max size: 4194304 bytes, open cost is considered as scanning 4194304 bytes.
[2026-01-20T03:48:39.124+0000] {subprocess.py:93} INFO - 26/01/20 03:48:39 INFO MemoryStore: Block broadcast_6 stored as values in memory (estimated size 44.3 KiB, free 433.7 MiB)
[2026-01-20T03:48:39.128+0000] {subprocess.py:93} INFO - 26/01/20 03:48:39 INFO MemoryStore: Block broadcast_6_piece0 stored as bytes in memory (estimated size 16.6 KiB, free 433.6 MiB)
[2026-01-20T03:48:39.129+0000] {subprocess.py:93} INFO - 26/01/20 03:48:39 INFO BlockManagerInfo: Added broadcast_6_piece0 in memory on 519d7d29de3d:36629 (size: 16.6 KiB, free: 434.3 MiB)
[2026-01-20T03:48:39.130+0000] {subprocess.py:93} INFO - 26/01/20 03:48:39 INFO SparkContext: Created broadcast 6 from broadcast at DAGScheduler.scala:1580
[2026-01-20T03:48:39.135+0000] {subprocess.py:93} INFO - 26/01/20 03:48:39 INFO DAGScheduler: Submitting 13 missing tasks from ShuffleMapStage 2 (MapPartitionsRDD[11] at showString at NativeMethodAccessorImpl.java:0) (first 15 tasks are for partitions Vector(0, 1, 2, 3, 4, 5, 6, 7, 8, 9, 10, 11, 12))
[2026-01-20T03:48:39.136+0000] {subprocess.py:93} INFO - 26/01/20 03:48:39 INFO TaskSchedulerImpl: Adding task set 2.0 with 13 tasks resource profile 0
[2026-01-20T03:48:39.139+0000] {subprocess.py:93} INFO - 26/01/20 03:48:39 INFO DAGScheduler: Registering RDD 15 (showString at NativeMethodAccessorImpl.java:0) as input to shuffle 1
[2026-01-20T03:48:39.141+0000] {subprocess.py:93} INFO - 26/01/20 03:48:39 INFO TaskSetManager: Starting task 0.0 in stage 2.0 (TID 21) (519d7d29de3d, executor driver, partition 0, PROCESS_LOCAL, 8240 bytes)
[2026-01-20T03:48:39.141+0000] {subprocess.py:93} INFO - 26/01/20 03:48:39 INFO DAGScheduler: Got map stage job 3 (showString at NativeMethodAccessorImpl.java:0) with 8 output partitions
[2026-01-20T03:48:39.142+0000] {subprocess.py:93} INFO - 26/01/20 03:48:39 INFO DAGScheduler: Final stage: ShuffleMapStage 3 (showString at NativeMethodAccessorImpl.java:0)
[2026-01-20T03:48:39.143+0000] {subprocess.py:93} INFO - 26/01/20 03:48:39 INFO DAGScheduler: Parents of final stage: List()
[2026-01-20T03:48:39.146+0000] {subprocess.py:93} INFO - 26/01/20 03:48:39 INFO DAGScheduler: Missing parents: List()
[2026-01-20T03:48:39.147+0000] {subprocess.py:93} INFO - 26/01/20 03:48:39 INFO TaskSetManager: Starting task 1.0 in stage 2.0 (TID 22) (519d7d29de3d, executor driver, partition 1, PROCESS_LOCAL, 8240 bytes)
[2026-01-20T03:48:39.148+0000] {subprocess.py:93} INFO - 26/01/20 03:48:39 INFO DAGScheduler: Submitting ShuffleMapStage 3 (MapPartitionsRDD[15] at showString at NativeMethodAccessorImpl.java:0), which has no missing parents
[2026-01-20T03:48:39.149+0000] {subprocess.py:93} INFO - 26/01/20 03:48:39 INFO TaskSetManager: Starting task 2.0 in stage 2.0 (TID 23) (519d7d29de3d, executor driver, partition 2, PROCESS_LOCAL, 8240 bytes)
[2026-01-20T03:48:39.150+0000] {subprocess.py:93} INFO - 26/01/20 03:48:39 INFO TaskSetManager: Starting task 3.0 in stage 2.0 (TID 24) (519d7d29de3d, executor driver, partition 3, PROCESS_LOCAL, 8240 bytes)
[2026-01-20T03:48:39.150+0000] {subprocess.py:93} INFO - 26/01/20 03:48:39 INFO TaskSetManager: Starting task 4.0 in stage 2.0 (TID 25) (519d7d29de3d, executor driver, partition 4, PROCESS_LOCAL, 8240 bytes)
[2026-01-20T03:48:39.151+0000] {subprocess.py:93} INFO - 26/01/20 03:48:39 INFO TaskSetManager: Starting task 5.0 in stage 2.0 (TID 26) (519d7d29de3d, executor driver, partition 5, PROCESS_LOCAL, 8240 bytes)
[2026-01-20T03:48:39.152+0000] {subprocess.py:93} INFO - 26/01/20 03:48:39 INFO TaskSetManager: Starting task 6.0 in stage 2.0 (TID 27) (519d7d29de3d, executor driver, partition 6, PROCESS_LOCAL, 8240 bytes)
[2026-01-20T03:48:39.154+0000] {subprocess.py:93} INFO - 26/01/20 03:48:39 INFO TaskSetManager: Starting task 7.0 in stage 2.0 (TID 28) (519d7d29de3d, executor driver, partition 7, PROCESS_LOCAL, 8240 bytes)
[2026-01-20T03:48:39.155+0000] {subprocess.py:93} INFO - 26/01/20 03:48:39 INFO TaskSetManager: Starting task 8.0 in stage 2.0 (TID 29) (519d7d29de3d, executor driver, partition 8, PROCESS_LOCAL, 8240 bytes)
[2026-01-20T03:48:39.156+0000] {subprocess.py:93} INFO - 26/01/20 03:48:39 INFO TaskSetManager: Starting task 9.0 in stage 2.0 (TID 30) (519d7d29de3d, executor driver, partition 9, PROCESS_LOCAL, 8240 bytes)
[2026-01-20T03:48:39.158+0000] {subprocess.py:93} INFO - 26/01/20 03:48:39 INFO MemoryStore: Block broadcast_7 stored as values in memory (estimated size 23.3 KiB, free 433.6 MiB)
[2026-01-20T03:48:39.159+0000] {subprocess.py:93} INFO - 26/01/20 03:48:39 INFO TaskSetManager: Starting task 10.0 in stage 2.0 (TID 31) (519d7d29de3d, executor driver, partition 10, PROCESS_LOCAL, 8240 bytes)
[2026-01-20T03:48:39.159+0000] {subprocess.py:93} INFO - 26/01/20 03:48:39 INFO TaskSetManager: Starting task 11.0 in stage 2.0 (TID 32) (519d7d29de3d, executor driver, partition 11, PROCESS_LOCAL, 8240 bytes)
[2026-01-20T03:48:39.162+0000] {subprocess.py:93} INFO - 26/01/20 03:48:39 INFO MemoryStore: Block broadcast_7_piece0 stored as bytes in memory (estimated size 9.7 KiB, free 433.6 MiB)
[2026-01-20T03:48:39.164+0000] {subprocess.py:93} INFO - 26/01/20 03:48:39 INFO TaskSetManager: Starting task 12.0 in stage 2.0 (TID 33) (519d7d29de3d, executor driver, partition 12, PROCESS_LOCAL, 8240 bytes)
[2026-01-20T03:48:39.165+0000] {subprocess.py:93} INFO - 26/01/20 03:48:39 INFO BlockManagerInfo: Added broadcast_7_piece0 in memory on 519d7d29de3d:36629 (size: 9.7 KiB, free: 434.3 MiB)
[2026-01-20T03:48:39.166+0000] {subprocess.py:93} INFO - 26/01/20 03:48:39 INFO Executor: Running task 1.0 in stage 2.0 (TID 22)
[2026-01-20T03:48:39.168+0000] {subprocess.py:93} INFO - 26/01/20 03:48:39 INFO Executor: Running task 0.0 in stage 2.0 (TID 21)
[2026-01-20T03:48:39.169+0000] {subprocess.py:93} INFO - 26/01/20 03:48:39 INFO Executor: Running task 4.0 in stage 2.0 (TID 25)
[2026-01-20T03:48:39.170+0000] {subprocess.py:93} INFO - 26/01/20 03:48:39 INFO Executor: Running task 2.0 in stage 2.0 (TID 23)
[2026-01-20T03:48:39.173+0000] {subprocess.py:93} INFO - 26/01/20 03:48:39 INFO Executor: Running task 3.0 in stage 2.0 (TID 24)
[2026-01-20T03:48:39.175+0000] {subprocess.py:93} INFO - 26/01/20 03:48:39 INFO Executor: Running task 5.0 in stage 2.0 (TID 26)
[2026-01-20T03:48:39.176+0000] {subprocess.py:93} INFO - 26/01/20 03:48:39 INFO SparkContext: Created broadcast 7 from broadcast at DAGScheduler.scala:1580
[2026-01-20T03:48:39.177+0000] {subprocess.py:93} INFO - 26/01/20 03:48:39 INFO Executor: Running task 6.0 in stage 2.0 (TID 27)
[2026-01-20T03:48:39.178+0000] {subprocess.py:93} INFO - 26/01/20 03:48:39 INFO Executor: Running task 7.0 in stage 2.0 (TID 28)
[2026-01-20T03:48:39.179+0000] {subprocess.py:93} INFO - 26/01/20 03:48:39 INFO Executor: Running task 10.0 in stage 2.0 (TID 31)
[2026-01-20T03:48:39.180+0000] {subprocess.py:93} INFO - 26/01/20 03:48:39 INFO Executor: Running task 11.0 in stage 2.0 (TID 32)
[2026-01-20T03:48:39.181+0000] {subprocess.py:93} INFO - 26/01/20 03:48:39 INFO Executor: Running task 8.0 in stage 2.0 (TID 29)
[2026-01-20T03:48:39.182+0000] {subprocess.py:93} INFO - 26/01/20 03:48:39 INFO Executor: Running task 9.0 in stage 2.0 (TID 30)
[2026-01-20T03:48:39.183+0000] {subprocess.py:93} INFO - 26/01/20 03:48:39 INFO Executor: Running task 12.0 in stage 2.0 (TID 33)
[2026-01-20T03:48:39.184+0000] {subprocess.py:93} INFO - 26/01/20 03:48:39 INFO DAGScheduler: Submitting 8 missing tasks from ShuffleMapStage 3 (MapPartitionsRDD[15] at showString at NativeMethodAccessorImpl.java:0) (first 15 tasks are for partitions Vector(0, 1, 2, 3, 4, 5, 6, 7))
[2026-01-20T03:48:39.185+0000] {subprocess.py:93} INFO - 26/01/20 03:48:39 INFO TaskSchedulerImpl: Adding task set 3.0 with 8 tasks resource profile 0
[2026-01-20T03:48:39.186+0000] {subprocess.py:93} INFO - 26/01/20 03:48:39 INFO TaskSetManager: Starting task 0.0 in stage 3.0 (TID 34) (519d7d29de3d, executor driver, partition 0, PROCESS_LOCAL, 8233 bytes)
[2026-01-20T03:48:39.187+0000] {subprocess.py:93} INFO - 26/01/20 03:48:39 INFO TaskSetManager: Starting task 1.0 in stage 3.0 (TID 35) (519d7d29de3d, executor driver, partition 1, PROCESS_LOCAL, 8233 bytes)
[2026-01-20T03:48:39.188+0000] {subprocess.py:93} INFO - 26/01/20 03:48:39 INFO TaskSetManager: Starting task 2.0 in stage 3.0 (TID 36) (519d7d29de3d, executor driver, partition 2, PROCESS_LOCAL, 8233 bytes)
[2026-01-20T03:48:39.189+0000] {subprocess.py:93} INFO - 26/01/20 03:48:39 INFO TaskSetManager: Starting task 3.0 in stage 3.0 (TID 37) (519d7d29de3d, executor driver, partition 3, PROCESS_LOCAL, 8233 bytes)
[2026-01-20T03:48:39.190+0000] {subprocess.py:93} INFO - 26/01/20 03:48:39 INFO TaskSetManager: Starting task 4.0 in stage 3.0 (TID 38) (519d7d29de3d, executor driver, partition 4, PROCESS_LOCAL, 8233 bytes)
[2026-01-20T03:48:39.191+0000] {subprocess.py:93} INFO - 26/01/20 03:48:39 INFO TaskSetManager: Starting task 5.0 in stage 3.0 (TID 39) (519d7d29de3d, executor driver, partition 5, PROCESS_LOCAL, 8233 bytes)
[2026-01-20T03:48:39.192+0000] {subprocess.py:93} INFO - 26/01/20 03:48:39 INFO TaskSetManager: Starting task 6.0 in stage 3.0 (TID 40) (519d7d29de3d, executor driver, partition 6, PROCESS_LOCAL, 8233 bytes)
[2026-01-20T03:48:39.193+0000] {subprocess.py:93} INFO - 26/01/20 03:48:39 INFO Executor: Running task 0.0 in stage 3.0 (TID 34)
[2026-01-20T03:48:39.194+0000] {subprocess.py:93} INFO - 26/01/20 03:48:39 INFO Executor: Running task 1.0 in stage 3.0 (TID 35)
[2026-01-20T03:48:39.195+0000] {subprocess.py:93} INFO - 26/01/20 03:48:39 INFO Executor: Running task 2.0 in stage 3.0 (TID 36)
[2026-01-20T03:48:39.196+0000] {subprocess.py:93} INFO - 26/01/20 03:48:39 INFO Executor: Running task 4.0 in stage 3.0 (TID 38)
[2026-01-20T03:48:39.197+0000] {subprocess.py:93} INFO - 26/01/20 03:48:39 INFO Executor: Running task 3.0 in stage 3.0 (TID 37)
[2026-01-20T03:48:39.198+0000] {subprocess.py:93} INFO - 26/01/20 03:48:39 INFO Executor: Running task 5.0 in stage 3.0 (TID 39)
[2026-01-20T03:48:39.199+0000] {subprocess.py:93} INFO - 26/01/20 03:48:39 INFO Executor: Running task 6.0 in stage 3.0 (TID 40)
[2026-01-20T03:48:39.209+0000] {subprocess.py:93} INFO - 26/01/20 03:48:39 INFO CodeGenerator: Code generated in 26.082374 ms
[2026-01-20T03:48:39.241+0000] {subprocess.py:93} INFO - 26/01/20 03:48:39 INFO CodeGenerator: Code generated in 17.558176 ms
[2026-01-20T03:48:39.251+0000] {subprocess.py:93} INFO - 26/01/20 03:48:39 INFO CodeGenerator: Code generated in 68.764176 ms
[2026-01-20T03:48:39.260+0000] {subprocess.py:93} INFO - 26/01/20 03:48:39 INFO FileScanRDD: Reading File path: file:///opt/spark-data/landing/user_events_1768879431.2231393.json, range: 16777216-20971520, partition values: [empty row]
[2026-01-20T03:48:39.262+0000] {subprocess.py:93} INFO - 26/01/20 03:48:39 INFO FileScanRDD: Reading File path: file:///opt/spark-data/landing/user_events_1768879431.2231393.json, range: 12582912-16777216, partition values: [empty row]
[2026-01-20T03:48:39.263+0000] {subprocess.py:93} INFO - 26/01/20 03:48:39 INFO FileScanRDD: Reading File path: file:///opt/spark-data/landing/user_events_1768879431.2231393.json, range: 4194304-8388608, partition values: [empty row]
[2026-01-20T03:48:39.266+0000] {subprocess.py:93} INFO - 26/01/20 03:48:39 INFO FileScanRDD: Reading File path: file:///opt/spark-data/landing/user_events_1768879431.2231393.json, range: 20971520-25165824, partition values: [empty row]
[2026-01-20T03:48:39.268+0000] {subprocess.py:93} INFO - 26/01/20 03:48:39 INFO FileScanRDD: Reading File path: file:///opt/spark-data/landing/user_events_1768879431.2231393.json, range: 0-4194304, partition values: [empty row]
[2026-01-20T03:48:39.269+0000] {subprocess.py:93} INFO - 26/01/20 03:48:39 INFO FileScanRDD: Reading File path: file:///opt/spark-data/landing/user_events_1768879431.2231393.json, range: 25165824-29360128, partition values: [empty row]
[2026-01-20T03:48:39.270+0000] {subprocess.py:93} INFO - 26/01/20 03:48:39 INFO FileScanRDD: Reading File path: file:///opt/spark-data/landing/user_events_1768879431.2231393.json, range: 8388608-12582912, partition values: [empty row]
[2026-01-20T03:48:39.281+0000] {subprocess.py:93} INFO - 26/01/20 03:48:39 INFO CodeGenerator: Code generated in 20.863844 ms
[2026-01-20T03:48:39.285+0000] {subprocess.py:93} INFO - 26/01/20 03:48:39 INFO FileScanRDD: Reading File path: file:///opt/spark-data/landing/transaction_events_1768879479.1820476.json, range: 37748736-41943040, partition values: [empty row]
[2026-01-20T03:48:39.286+0000] {subprocess.py:93} INFO - 26/01/20 03:48:39 INFO FileScanRDD: Reading File path: file:///opt/spark-data/landing/transaction_events_1768879479.1820476.json, range: 25165824-29360128, partition values: [empty row]
[2026-01-20T03:48:39.306+0000] {subprocess.py:93} INFO - 26/01/20 03:48:39 INFO FileScanRDD: Reading File path: file:///opt/spark-data/landing/transaction_events_1768879479.1820476.json, range: 41943040-46137344, partition values: [empty row]
[2026-01-20T03:48:39.307+0000] {subprocess.py:93} INFO - 26/01/20 03:48:39 INFO FileScanRDD: Reading File path: file:///opt/spark-data/landing/transaction_events_1768879479.1820476.json, range: 16777216-20971520, partition values: [empty row]
[2026-01-20T03:48:39.308+0000] {subprocess.py:93} INFO - 26/01/20 03:48:39 INFO FileScanRDD: Reading File path: file:///opt/spark-data/landing/transaction_events_1768879479.1820476.json, range: 20971520-25165824, partition values: [empty row]
[2026-01-20T03:48:39.309+0000] {subprocess.py:93} INFO - 26/01/20 03:48:39 INFO FileScanRDD: Reading File path: file:///opt/spark-data/landing/transaction_events_1768879479.1820476.json, range: 50331648-51561162, partition values: [empty row]
[2026-01-20T03:48:39.311+0000] {subprocess.py:93} INFO - 26/01/20 03:48:39 INFO FileScanRDD: Reading File path: file:///opt/spark-data/landing/transaction_events_1768879479.1820476.json, range: 29360128-33554432, partition values: [empty row]
[2026-01-20T03:48:39.312+0000] {subprocess.py:93} INFO - 26/01/20 03:48:39 INFO FileScanRDD: Reading File path: file:///opt/spark-data/landing/transaction_events_1768879479.1820476.json, range: 8388608-12582912, partition values: [empty row]
[2026-01-20T03:48:39.314+0000] {subprocess.py:93} INFO - 26/01/20 03:48:39 INFO FileScanRDD: Reading File path: file:///opt/spark-data/landing/transaction_events_1768879479.1820476.json, range: 4194304-8388608, partition values: [empty row]
[2026-01-20T03:48:39.315+0000] {subprocess.py:93} INFO - 26/01/20 03:48:39 INFO FileScanRDD: Reading File path: file:///opt/spark-data/landing/transaction_events_1768879479.1820476.json, range: 46137344-50331648, partition values: [empty row]
[2026-01-20T03:48:39.316+0000] {subprocess.py:93} INFO - 26/01/20 03:48:39 INFO FileScanRDD: Reading File path: file:///opt/spark-data/landing/transaction_events_1768879479.1820476.json, range: 33554432-37748736, partition values: [empty row]
[2026-01-20T03:48:39.317+0000] {subprocess.py:93} INFO - 26/01/20 03:48:39 INFO FileScanRDD: Reading File path: file:///opt/spark-data/landing/transaction_events_1768879479.1820476.json, range: 0-4194304, partition values: [empty row]
[2026-01-20T03:48:39.318+0000] {subprocess.py:93} INFO - 26/01/20 03:48:39 INFO FileScanRDD: Reading File path: file:///opt/spark-data/landing/transaction_events_1768879479.1820476.json, range: 12582912-16777216, partition values: [empty row]
[2026-01-20T03:48:39.319+0000] {subprocess.py:93} INFO - 26/01/20 03:48:39 INFO CodeGenerator: Code generated in 34.095577 ms
[2026-01-20T03:48:39.379+0000] {subprocess.py:93} INFO - 26/01/20 03:48:39 INFO CodeGenerator: Code generated in 5.537289 ms
[2026-01-20T03:48:39.384+0000] {subprocess.py:93} INFO - 26/01/20 03:48:39 INFO CodeGenerator: Code generated in 29.037987 ms
[2026-01-20T03:48:39.388+0000] {subprocess.py:93} INFO - 26/01/20 03:48:39 INFO CodeGenerator: Code generated in 5.382698 ms
[2026-01-20T03:48:39.397+0000] {subprocess.py:93} INFO - 26/01/20 03:48:39 INFO CodeGenerator: Code generated in 6.682286 ms
[2026-01-20T03:48:39.407+0000] {subprocess.py:93} INFO - 26/01/20 03:48:39 INFO CodeGenerator: Code generated in 5.899893 ms
[2026-01-20T03:48:39.901+0000] {subprocess.py:93} INFO - 26/01/20 03:48:39 INFO BlockManagerInfo: Removed broadcast_1_piece0 on 519d7d29de3d:36629 in memory (size: 7.5 KiB, free: 434.3 MiB)
[2026-01-20T03:48:40.003+0000] {subprocess.py:93} INFO - 26/01/20 03:48:39 INFO BlockManagerInfo: Removed broadcast_0_piece0 on 519d7d29de3d:36629 in memory (size: 34.2 KiB, free: 434.3 MiB)
[2026-01-20T03:48:41.276+0000] {subprocess.py:93} INFO - 26/01/20 03:48:41 INFO Executor: Finished task 12.0 in stage 2.0 (TID 33). 2243 bytes result sent to driver
[2026-01-20T03:48:41.286+0000] {subprocess.py:93} INFO - 26/01/20 03:48:41 INFO TaskSetManager: Starting task 7.0 in stage 3.0 (TID 41) (519d7d29de3d, executor driver, partition 7, PROCESS_LOCAL, 8233 bytes)
[2026-01-20T03:48:41.300+0000] {subprocess.py:93} INFO - 26/01/20 03:48:41 INFO TaskSetManager: Finished task 12.0 in stage 2.0 (TID 33) in 2144 ms on 519d7d29de3d (executor driver) (1/13)
[2026-01-20T03:48:41.302+0000] {subprocess.py:93} INFO - 26/01/20 03:48:41 INFO Executor: Running task 7.0 in stage 3.0 (TID 41)
[2026-01-20T03:48:41.330+0000] {subprocess.py:93} INFO - 26/01/20 03:48:41 INFO FileScanRDD: Reading File path: file:///opt/spark-data/landing/user_events_1768879431.2231393.json, range: 29360128-33532706, partition values: [empty row]
[2026-01-20T03:48:42.005+0000] {subprocess.py:93} INFO - 26/01/20 03:48:42 INFO Executor: Finished task 2.0 in stage 3.0 (TID 36). 2088 bytes result sent to driver
[2026-01-20T03:48:42.023+0000] {subprocess.py:93} INFO - 26/01/20 03:48:42 INFO TaskSetManager: Finished task 2.0 in stage 3.0 (TID 36) in 2863 ms on 519d7d29de3d (executor driver) (1/8)
[2026-01-20T03:48:42.059+0000] {subprocess.py:93} INFO - 26/01/20 03:48:42 INFO Executor: Finished task 1.0 in stage 3.0 (TID 35). 2131 bytes result sent to driver
[2026-01-20T03:48:42.069+0000] {subprocess.py:93} INFO - 26/01/20 03:48:42 INFO TaskSetManager: Finished task 1.0 in stage 3.0 (TID 35) in 2911 ms on 519d7d29de3d (executor driver) (2/8)
[2026-01-20T03:48:42.117+0000] {subprocess.py:93} INFO - 26/01/20 03:48:42 INFO Executor: Finished task 6.0 in stage 3.0 (TID 40). 2088 bytes result sent to driver
[2026-01-20T03:48:42.122+0000] {subprocess.py:93} INFO - 26/01/20 03:48:42 INFO TaskSetManager: Finished task 6.0 in stage 3.0 (TID 40) in 2961 ms on 519d7d29de3d (executor driver) (3/8)
[2026-01-20T03:48:42.127+0000] {subprocess.py:93} INFO - 26/01/20 03:48:42 INFO Executor: Finished task 0.0 in stage 3.0 (TID 34). 2088 bytes result sent to driver
[2026-01-20T03:48:42.132+0000] {subprocess.py:93} INFO - 26/01/20 03:48:42 INFO TaskSetManager: Finished task 0.0 in stage 3.0 (TID 34) in 2974 ms on 519d7d29de3d (executor driver) (4/8)
[2026-01-20T03:48:42.188+0000] {subprocess.py:93} INFO - 26/01/20 03:48:42 INFO Executor: Finished task 4.0 in stage 3.0 (TID 38). 2088 bytes result sent to driver
[2026-01-20T03:48:42.192+0000] {subprocess.py:93} INFO - 26/01/20 03:48:42 INFO TaskSetManager: Finished task 4.0 in stage 3.0 (TID 38) in 3031 ms on 519d7d29de3d (executor driver) (5/8)
[2026-01-20T03:48:42.294+0000] {subprocess.py:93} INFO - 26/01/20 03:48:42 INFO Executor: Finished task 4.0 in stage 2.0 (TID 25). 2200 bytes result sent to driver
[2026-01-20T03:48:42.295+0000] {subprocess.py:93} INFO - 26/01/20 03:48:42 INFO Executor: Finished task 1.0 in stage 2.0 (TID 22). 2200 bytes result sent to driver
[2026-01-20T03:48:42.296+0000] {subprocess.py:93} INFO - 26/01/20 03:48:42 INFO TaskSetManager: Finished task 4.0 in stage 2.0 (TID 25) in 3154 ms on 519d7d29de3d (executor driver) (2/13)
[2026-01-20T03:48:42.299+0000] {subprocess.py:93} INFO - 26/01/20 03:48:42 INFO TaskSetManager: Finished task 1.0 in stage 2.0 (TID 22) in 3158 ms on 519d7d29de3d (executor driver) (3/13)
[2026-01-20T03:48:42.310+0000] {subprocess.py:93} INFO - 26/01/20 03:48:42 INFO Executor: Finished task 3.0 in stage 2.0 (TID 24). 2200 bytes result sent to driver
[2026-01-20T03:48:42.314+0000] {subprocess.py:93} INFO - 26/01/20 03:48:42 INFO TaskSetManager: Finished task 3.0 in stage 2.0 (TID 24) in 3171 ms on 519d7d29de3d (executor driver) (4/13)
[2026-01-20T03:48:42.315+0000] {subprocess.py:93} INFO - 26/01/20 03:48:42 INFO Executor: Finished task 9.0 in stage 2.0 (TID 30). 2200 bytes result sent to driver
[2026-01-20T03:48:42.315+0000] {subprocess.py:93} INFO - 26/01/20 03:48:42 INFO TaskSetManager: Finished task 9.0 in stage 2.0 (TID 30) in 3168 ms on 519d7d29de3d (executor driver) (5/13)
[2026-01-20T03:48:42.316+0000] {subprocess.py:93} INFO - 26/01/20 03:48:42 INFO Executor: Finished task 8.0 in stage 2.0 (TID 29). 2200 bytes result sent to driver
[2026-01-20T03:48:42.320+0000] {subprocess.py:93} INFO - 26/01/20 03:48:42 INFO Executor: Finished task 5.0 in stage 2.0 (TID 26). 2200 bytes result sent to driver
[2026-01-20T03:48:42.321+0000] {subprocess.py:93} INFO - 26/01/20 03:48:42 INFO TaskSetManager: Finished task 8.0 in stage 2.0 (TID 29) in 3174 ms on 519d7d29de3d (executor driver) (6/13)
[2026-01-20T03:48:42.323+0000] {subprocess.py:93} INFO - 26/01/20 03:48:42 INFO Executor: Finished task 6.0 in stage 2.0 (TID 27). 2200 bytes result sent to driver
[2026-01-20T03:48:42.324+0000] {subprocess.py:93} INFO - 26/01/20 03:48:42 INFO Executor: Finished task 2.0 in stage 2.0 (TID 23). 2200 bytes result sent to driver
[2026-01-20T03:48:42.325+0000] {subprocess.py:93} INFO - 26/01/20 03:48:42 INFO TaskSetManager: Finished task 5.0 in stage 2.0 (TID 26) in 3179 ms on 519d7d29de3d (executor driver) (7/13)
[2026-01-20T03:48:42.326+0000] {subprocess.py:93} INFO - 26/01/20 03:48:42 INFO TaskSetManager: Finished task 6.0 in stage 2.0 (TID 27) in 3179 ms on 519d7d29de3d (executor driver) (8/13)
[2026-01-20T03:48:42.327+0000] {subprocess.py:93} INFO - 26/01/20 03:48:42 INFO TaskSetManager: Finished task 2.0 in stage 2.0 (TID 23) in 3182 ms on 519d7d29de3d (executor driver) (9/13)
[2026-01-20T03:48:42.329+0000] {subprocess.py:93} INFO - 26/01/20 03:48:42 INFO Executor: Finished task 0.0 in stage 2.0 (TID 21). 2243 bytes result sent to driver
[2026-01-20T03:48:42.331+0000] {subprocess.py:93} INFO - 26/01/20 03:48:42 INFO TaskSetManager: Finished task 0.0 in stage 2.0 (TID 21) in 3194 ms on 519d7d29de3d (executor driver) (10/13)
[2026-01-20T03:48:42.332+0000] {subprocess.py:93} INFO - 26/01/20 03:48:42 INFO Executor: Finished task 7.0 in stage 3.0 (TID 41). 2131 bytes result sent to driver
[2026-01-20T03:48:42.336+0000] {subprocess.py:93} INFO - 26/01/20 03:48:42 INFO TaskSetManager: Finished task 7.0 in stage 3.0 (TID 41) in 1052 ms on 519d7d29de3d (executor driver) (6/8)
[2026-01-20T03:48:42.352+0000] {subprocess.py:93} INFO - 26/01/20 03:48:42 INFO Executor: Finished task 7.0 in stage 2.0 (TID 28). 2243 bytes result sent to driver
[2026-01-20T03:48:42.353+0000] {subprocess.py:93} INFO - 26/01/20 03:48:42 INFO TaskSetManager: Finished task 7.0 in stage 2.0 (TID 28) in 3208 ms on 519d7d29de3d (executor driver) (11/13)
[2026-01-20T03:48:42.355+0000] {subprocess.py:93} INFO - 26/01/20 03:48:42 INFO Executor: Finished task 10.0 in stage 2.0 (TID 31). 2243 bytes result sent to driver
[2026-01-20T03:48:42.358+0000] {subprocess.py:93} INFO - 26/01/20 03:48:42 INFO TaskSetManager: Finished task 10.0 in stage 2.0 (TID 31) in 3210 ms on 519d7d29de3d (executor driver) (12/13)
[2026-01-20T03:48:42.372+0000] {subprocess.py:93} INFO - 26/01/20 03:48:42 INFO Executor: Finished task 11.0 in stage 2.0 (TID 32). 2243 bytes result sent to driver
[2026-01-20T03:48:42.374+0000] {subprocess.py:93} INFO - 26/01/20 03:48:42 INFO TaskSetManager: Finished task 11.0 in stage 2.0 (TID 32) in 3225 ms on 519d7d29de3d (executor driver) (13/13)
[2026-01-20T03:48:42.375+0000] {subprocess.py:93} INFO - 26/01/20 03:48:42 INFO TaskSchedulerImpl: Removed TaskSet 2.0, whose tasks have all completed, from pool
[2026-01-20T03:48:42.376+0000] {subprocess.py:93} INFO - 26/01/20 03:48:42 INFO DAGScheduler: ShuffleMapStage 2 (showString at NativeMethodAccessorImpl.java:0) finished in 3.288 s
[2026-01-20T03:48:42.376+0000] {subprocess.py:93} INFO - 26/01/20 03:48:42 INFO DAGScheduler: looking for newly runnable stages
[2026-01-20T03:48:42.377+0000] {subprocess.py:93} INFO - 26/01/20 03:48:42 INFO DAGScheduler: running: Set(ShuffleMapStage 3)
[2026-01-20T03:48:42.378+0000] {subprocess.py:93} INFO - 26/01/20 03:48:42 INFO DAGScheduler: waiting: Set()
[2026-01-20T03:48:42.379+0000] {subprocess.py:93} INFO - 26/01/20 03:48:42 INFO DAGScheduler: failed: Set()
[2026-01-20T03:48:42.570+0000] {subprocess.py:93} INFO - 26/01/20 03:48:42 INFO Executor: Finished task 3.0 in stage 3.0 (TID 37). 2131 bytes result sent to driver
[2026-01-20T03:48:42.572+0000] {subprocess.py:93} INFO - 26/01/20 03:48:42 INFO TaskSetManager: Finished task 3.0 in stage 3.0 (TID 37) in 3411 ms on 519d7d29de3d (executor driver) (7/8)
[2026-01-20T03:48:43.287+0000] {subprocess.py:93} INFO - 26/01/20 03:48:43 INFO Executor: Finished task 5.0 in stage 3.0 (TID 39). 2131 bytes result sent to driver
[2026-01-20T03:48:43.288+0000] {subprocess.py:93} INFO - 26/01/20 03:48:43 INFO TaskSetManager: Finished task 5.0 in stage 3.0 (TID 39) in 4127 ms on 519d7d29de3d (executor driver) (8/8)
[2026-01-20T03:48:43.290+0000] {subprocess.py:93} INFO - 26/01/20 03:48:43 INFO TaskSchedulerImpl: Removed TaskSet 3.0, whose tasks have all completed, from pool
[2026-01-20T03:48:43.293+0000] {subprocess.py:93} INFO - 26/01/20 03:48:43 INFO DAGScheduler: ShuffleMapStage 3 (showString at NativeMethodAccessorImpl.java:0) finished in 4.144 s
[2026-01-20T03:48:43.295+0000] {subprocess.py:93} INFO - 26/01/20 03:48:43 INFO DAGScheduler: looking for newly runnable stages
[2026-01-20T03:48:43.299+0000] {subprocess.py:93} INFO - 26/01/20 03:48:43 INFO DAGScheduler: running: Set()
[2026-01-20T03:48:43.299+0000] {subprocess.py:93} INFO - 26/01/20 03:48:43 INFO DAGScheduler: waiting: Set()
[2026-01-20T03:48:43.300+0000] {subprocess.py:93} INFO - 26/01/20 03:48:43 INFO DAGScheduler: failed: Set()
[2026-01-20T03:48:43.318+0000] {subprocess.py:93} INFO - 26/01/20 03:48:43 INFO ShufflePartitionsUtil: For shuffle(0, 1), advisory target size: 67108864, actual target size 4370154, minimum partition size: 1048576
[2026-01-20T03:48:43.473+0000] {subprocess.py:93} INFO - 26/01/20 03:48:43 INFO CodeGenerator: Code generated in 77.573047 ms
[2026-01-20T03:48:43.493+0000] {subprocess.py:93} INFO - 26/01/20 03:48:43 INFO CodeGenerator: Code generated in 13.283448 ms
[2026-01-20T03:48:43.573+0000] {subprocess.py:93} INFO - 26/01/20 03:48:43 INFO CodeGenerator: Code generated in 12.792089 ms
[2026-01-20T03:48:43.625+0000] {subprocess.py:93} INFO - 26/01/20 03:48:43 INFO SparkContext: Starting job: showString at NativeMethodAccessorImpl.java:0
[2026-01-20T03:48:43.628+0000] {subprocess.py:93} INFO - 26/01/20 03:48:43 INFO DAGScheduler: Got job 4 (showString at NativeMethodAccessorImpl.java:0) with 1 output partitions
[2026-01-20T03:48:43.630+0000] {subprocess.py:93} INFO - 26/01/20 03:48:43 INFO DAGScheduler: Final stage: ResultStage 6 (showString at NativeMethodAccessorImpl.java:0)
[2026-01-20T03:48:43.631+0000] {subprocess.py:93} INFO - 26/01/20 03:48:43 INFO DAGScheduler: Parents of final stage: List(ShuffleMapStage 5, ShuffleMapStage 4)
[2026-01-20T03:48:43.631+0000] {subprocess.py:93} INFO - 26/01/20 03:48:43 INFO DAGScheduler: Missing parents: List()
[2026-01-20T03:48:43.632+0000] {subprocess.py:93} INFO - 26/01/20 03:48:43 INFO DAGScheduler: Submitting ResultStage 6 (MapPartitionsRDD[22] at showString at NativeMethodAccessorImpl.java:0), which has no missing parents
[2026-01-20T03:48:43.654+0000] {subprocess.py:93} INFO - 26/01/20 03:48:43 INFO MemoryStore: Block broadcast_8 stored as values in memory (estimated size 88.1 KiB, free 433.8 MiB)
[2026-01-20T03:48:43.693+0000] {subprocess.py:93} INFO - 26/01/20 03:48:43 INFO MemoryStore: Block broadcast_8_piece0 stored as bytes in memory (estimated size 33.7 KiB, free 433.7 MiB)
[2026-01-20T03:48:43.695+0000] {subprocess.py:93} INFO - 26/01/20 03:48:43 INFO BlockManagerInfo: Added broadcast_8_piece0 in memory on 519d7d29de3d:36629 (size: 33.7 KiB, free: 434.3 MiB)
[2026-01-20T03:48:43.696+0000] {subprocess.py:93} INFO - 26/01/20 03:48:43 INFO SparkContext: Created broadcast 8 from broadcast at DAGScheduler.scala:1580
[2026-01-20T03:48:43.698+0000] {subprocess.py:93} INFO - 26/01/20 03:48:43 INFO DAGScheduler: Submitting 1 missing tasks from ResultStage 6 (MapPartitionsRDD[22] at showString at NativeMethodAccessorImpl.java:0) (first 15 tasks are for partitions Vector(0))
[2026-01-20T03:48:43.699+0000] {subprocess.py:93} INFO - 26/01/20 03:48:43 INFO TaskSchedulerImpl: Adding task set 6.0 with 1 tasks resource profile 0
[2026-01-20T03:48:43.707+0000] {subprocess.py:93} INFO - 26/01/20 03:48:43 INFO TaskSetManager: Starting task 0.0 in stage 6.0 (TID 42) (519d7d29de3d, executor driver, partition 0, NODE_LOCAL, 7897 bytes)
[2026-01-20T03:48:43.708+0000] {subprocess.py:93} INFO - 26/01/20 03:48:43 INFO Executor: Running task 0.0 in stage 6.0 (TID 42)
[2026-01-20T03:48:43.768+0000] {subprocess.py:93} INFO - 26/01/20 03:48:43 INFO ShuffleBlockFetcherIterator: Getting 13 (3.4 MiB) non-empty blocks including 13 (3.4 MiB) local and 0 (0.0 B) host-local and 0 (0.0 B) push-merged-local and 0 (0.0 B) remote blocks
[2026-01-20T03:48:43.776+0000] {subprocess.py:93} INFO - 26/01/20 03:48:43 INFO ShuffleBlockFetcherIterator: Started 0 remote fetches in 25 ms
[2026-01-20T03:48:43.805+0000] {subprocess.py:93} INFO - 26/01/20 03:48:43 INFO CodeGenerator: Code generated in 16.116236 ms
[2026-01-20T03:48:43.833+0000] {subprocess.py:93} INFO - 26/01/20 03:48:43 INFO CodeGenerator: Code generated in 18.836635 ms
[2026-01-20T03:48:43.855+0000] {subprocess.py:93} INFO - 26/01/20 03:48:43 INFO CodeGenerator: Code generated in 11.797993 ms
[2026-01-20T03:48:43.869+0000] {subprocess.py:93} INFO - 26/01/20 03:48:43 INFO ShuffleBlockFetcherIterator: Getting 8 (347.8 KiB) non-empty blocks including 8 (347.8 KiB) local and 0 (0.0 B) host-local and 0 (0.0 B) push-merged-local and 0 (0.0 B) remote blocks
[2026-01-20T03:48:43.870+0000] {subprocess.py:93} INFO - 26/01/20 03:48:43 INFO ShuffleBlockFetcherIterator: Started 0 remote fetches in 1 ms
[2026-01-20T03:48:43.881+0000] {subprocess.py:93} INFO - 26/01/20 03:48:43 INFO CodeGenerator: Code generated in 10.693 ms
[2026-01-20T03:48:43.890+0000] {subprocess.py:93} INFO - 26/01/20 03:48:43 INFO CodeGenerator: Code generated in 5.503324 ms
[2026-01-20T03:48:43.900+0000] {subprocess.py:93} INFO - 26/01/20 03:48:43 INFO CodeGenerator: Code generated in 6.892659 ms
[2026-01-20T03:48:43.938+0000] {subprocess.py:93} INFO - 26/01/20 03:48:43 INFO CodeGenerator: Code generated in 36.185411 ms
[2026-01-20T03:48:44.098+0000] {subprocess.py:93} INFO - 26/01/20 03:48:44 INFO Executor: Finished task 0.0 in stage 6.0 (TID 42). 19015 bytes result sent to driver
[2026-01-20T03:48:44.099+0000] {subprocess.py:93} INFO - 26/01/20 03:48:44 INFO TaskSetManager: Finished task 0.0 in stage 6.0 (TID 42) in 396 ms on 519d7d29de3d (executor driver) (1/1)
[2026-01-20T03:48:44.100+0000] {subprocess.py:93} INFO - 26/01/20 03:48:44 INFO TaskSchedulerImpl: Removed TaskSet 6.0, whose tasks have all completed, from pool
[2026-01-20T03:48:44.101+0000] {subprocess.py:93} INFO - 26/01/20 03:48:44 INFO DAGScheduler: ResultStage 6 (showString at NativeMethodAccessorImpl.java:0) finished in 0.453 s
[2026-01-20T03:48:44.102+0000] {subprocess.py:93} INFO - 26/01/20 03:48:44 INFO DAGScheduler: Job 4 is finished. Cancelling potential speculative or zombie tasks for this job
[2026-01-20T03:48:44.103+0000] {subprocess.py:93} INFO - 26/01/20 03:48:44 INFO TaskSchedulerImpl: Killing all running tasks in stage 6: Stage finished
[2026-01-20T03:48:44.104+0000] {subprocess.py:93} INFO - 26/01/20 03:48:44 INFO DAGScheduler: Job 4 finished: showString at NativeMethodAccessorImpl.java:0, took 0.476336 s
[2026-01-20T03:48:44.147+0000] {subprocess.py:93} INFO - 26/01/20 03:48:44 INFO CodeGenerator: Code generated in 19.040938 ms
[2026-01-20T03:48:44.219+0000] {subprocess.py:93} INFO - +--------------------+--------+--------------------+-----------------------+--------------+--------------------+---------+--------+------+--------------------+--------+--------------------+----------------+--------+--------------------+-------+----------------+-------+-------+----------+--------------------+----------------+---------------+--------------+----------+--------+------------+------------+--------------------+--------+
[2026-01-20T03:48:44.220+0000] {subprocess.py:93} INFO - |     billing_address|currency|          line_items|original_transaction_id|payment_method|    shipping_address|   status|subtotal|   tax|         t_timestamp|   total|      transaction_id|transaction_type| user_id|           line_item|browser|            city|country| device|element_id|            event_id|      event_type|     ip_address|          page|product_id|quantity|search_query|  session_id|           timestamp| user_id|
[2026-01-20T03:48:44.221+0000] {subprocess.py:93} INFO - +--------------------+--------+--------------------+-----------------------+--------------+--------------------+---------+--------+------+--------------------+--------+--------------------+----------------+--------+--------------------+-------+----------------+-------+-------+----------+--------------------+----------------+---------------+--------------+----------+--------+------------+------------+--------------------+--------+
[2026-01-20T03:48:44.222+0000] {subprocess.py:93} INFO - |{South Frank, US,...|     USD|[{SmartChoice, bo...|                   NULL|    google_pay|{Port Michealhave...|completed| 3442.07|316.88|2026-01-19T17:45:...| 3758.95|64d4b4b0-67a8-41d...|        purchase|03658260|{GreenLife, books...| Safari|   Lake Tinaside|     NR| mobile|      NULL|e19e82c8-6c88-466...|     add_to_cart|   106.1.16.192|          home| PROD_2793|       1|        NULL|d9e5754e-9a6|2026-01-19T17:45:...|03658260|
[2026-01-20T03:48:44.223+0000] {subprocess.py:93} INFO - |{Hansenchester, U...|     USD|[{GreenLife, book...|                   NULL|        paypal|{East Jackberg, U...|completed| 2885.36|186.82|2026-01-19T17:45:...| 3072.18|24efb042-1b1e-489...|        purchase|0946a8ef|{GreenLife, sport...|   Edge|     New Amyberg|     IN| tablet|      NULL|dac65b7c-5b09-400...|     add_to_cart|    153.85.3.68|       profile| PROD_1213|       5|        NULL|2803d6b4-d9c|2026-01-19T17:46:...|0946a8ef|
[2026-01-20T03:48:44.223+0000] {subprocess.py:93} INFO - |{Donnahaven, US, ...|     USD|[{ProGear, toys, ...|                   NULL|     apple_pay|{Carlashire, US, ...|   failed| 2356.35|219.89|2026-01-19T17:40:...| 2576.24|a355d4e3-3371-47b...|        purchase|0a835d70|{SportFlex, food,...| Chrome|      Ronaldland|     CN| tablet|      NULL|c03dda27-db6c-435...|     add_to_cart|    48.7.38.196|          help| PROD_1796|       4|        NULL|d8a670e3-e76|2026-01-19T17:40:...|0a835d70|
[2026-01-20T03:48:44.224+0000] {subprocess.py:93} INFO - |{New Antonioton, ...|     USD|[{PremiumPlus, fo...|                   NULL|        paypal|{Debraside, US, D...|   failed|  455.49| 35.86|2026-01-19T17:42:...|  491.35|c63893e1-47ab-4ae...|        purchase|0ab1bc16|{PremiumPlus, foo...| Chrome|        Woodfurt|     LC|desktop|      NULL|64b2f341-8831-410...|remove_from_cart|  130.37.155.10|product_detail| PROD_1120|       2|        NULL|a3e683ec-a89|2026-01-19T17:46:...|0ab1bc16|
[2026-01-20T03:48:44.225+0000] {subprocess.py:93} INFO - |{South Michael, U...|     USD|[{GreenLife, clot...|                   NULL|        paypal|{Davidfort, US, O...|completed|  4872.3|412.15|2026-01-19T17:45:...| 5284.45|9c48a979-bb45-4a4...|        purchase|0c825438|{ValueBest, beaut...|Firefox|   Brookeborough|     IL|desktop|      NULL|186f983b-4f36-4fa...|     add_to_cart|128.105.228.164|          cart| PROD_1497|       2|        NULL|86163fbe-5c2|2026-01-19T17:45:...|0c825438|
[2026-01-20T03:48:44.225+0000] {subprocess.py:93} INFO - |{Jillchester, US,...|     USD|[{EliteChoice, fo...|   0ec940f9-1595-4f8...|     apple_pay|{East James, US, ...|completed| 5972.98|343.59|2026-01-19T17:40:...|-6316.57|9499b56b-3a20-4ea...|      chargeback|0dab448e|{SmartChoice, clo...| Chrome|  East Heidiberg|     IS| tablet|      NULL|d5b326b5-62e5-41c...|     add_to_cart| 141.220.154.47|      products| PROD_1318|       1|        NULL|1fb7fed6-578|2026-01-19T17:42:...|0dab448e|
[2026-01-20T03:48:44.227+0000] {subprocess.py:93} INFO - |{Annaville, US, M...|     USD|[{GreenLife, home...|                   NULL|    debit_card|{Richardmouth, US...|completed| 3951.83|263.36|2026-01-19T17:47:...| 4215.19|84a2e5c6-856c-405...|        purchase|0e5a4669|{SportFlex, food,...|Firefox|   Hendersonfurt|     IN| mobile|      NULL|f071a286-6dd7-47b...|     add_to_cart| 123.241.228.75|       profile| PROD_1847|       1|        NULL|baa8091e-807|2026-01-19T17:43:...|0e5a4669|
[2026-01-20T03:48:44.228+0000] {subprocess.py:93} INFO - |{Port Samanthache...|     USD|[{SportFlex, food...|                   NULL| bank_transfer|{Lake Jennifer, U...|cancelled|  2144.5|209.99|2026-01-19T17:47:...| 2354.49|6d1ad735-64a1-4b9...|        purchase|0e5a4669|{SportFlex, food,...|Firefox|   Hendersonfurt|     IN| mobile|      NULL|f071a286-6dd7-47b...|     add_to_cart| 123.241.228.75|       profile| PROD_1847|       1|        NULL|baa8091e-807|2026-01-19T17:43:...|0e5a4669|
[2026-01-20T03:48:44.229+0000] {subprocess.py:93} INFO - |{Port Erika, US, ...|     USD|[{EliteChoice, to...|                   NULL|    google_pay|{New Samantha, US...|completed| 3173.85|238.61|2026-01-19T17:47:...| 3412.46|81abec6a-aff8-48d...|        purchase|10296a92|{EliteChoice, toy...| Chrome|West Melissastad|     NO| tablet|      NULL|344df5d0-a6b0-43a...|     add_to_cart|    4.114.98.69|       profile| PROD_2119|       5|        NULL|14dea1cc-99d|2026-01-19T17:47:...|10296a92|
[2026-01-20T03:48:44.229+0000] {subprocess.py:93} INFO - |{Westberg, US, FL...|     USD|[{TechPro, clothi...|                   NULL|     apple_pay|{Meganburgh, US, ...|completed|  4845.1|361.45|2026-01-19T17:40:...| 5206.55|67768b67-a70a-43d...|        purchase|1352bade|{SmartChoice, bea...|   Edge|       Chenshire|     ER| tablet|      NULL|4ff1d144-a456-409...|remove_from_cart|  51.20.208.104|      settings| PROD_2337|       2|        NULL|173f674b-4fb|2026-01-19T17:40:...|1352bade|
[2026-01-20T03:48:44.230+0000] {subprocess.py:93} INFO - |{West Mirandatown...|     USD|[{TechPro, books,...|                   NULL|        paypal|{Nancyborough, US...|completed|   496.2| 40.06|2026-01-19T17:45:...|  536.26|1f95fcb3-5a5a-47c...|        purchase|184a71af|{GreenLife, food,...|   Edge|     Parrishberg|     AT| mobile|      NULL|d6976a73-a50b-436...|     add_to_cart|  80.14.166.198|          cart| PROD_2547|       4|        NULL|b259a546-1d4|2026-01-19T17:42:...|184a71af|
[2026-01-20T03:48:44.231+0000] {subprocess.py:93} INFO - |{Cooperside, US, ...|     USD|[{SportFlex, food...|                   NULL|    google_pay|{Jakefurt, US, TN...|completed| 3689.25|368.04|2026-01-19T17:46:...| 4057.29|8965abfb-96bd-4ce...|        purchase|1884bd2b|{SportFlex, food,...| Chrome|       Fordburgh|     BJ|desktop|      NULL|61ff8145-3b9d-4c3...|     add_to_cart|188.102.143.185|      checkout| PROD_1859|       5|        NULL|4d5bcc2e-da9|2026-01-19T17:41:...|1884bd2b|
[2026-01-20T03:48:44.232+0000] {subprocess.py:93} INFO - |{Emilyport, US, S...|     USD|[{SmartChoice, be...|   7b1ba296-7695-45e...|   credit_card|{Terribury, US, O...|completed|  535.29| 44.84|2026-01-19T17:47:...| -580.13|a55971f3-3cac-4de...|          refund|1898814b|{SportFlex, food,...|   Edge|       Smithfurt|     SG|desktop|      NULL|e8817124-9619-4e4...|remove_from_cart| 107.194.228.28|          cart| PROD_1154|       1|        NULL|bff6aa13-0c3|2026-01-19T17:43:...|1898814b|
[2026-01-20T03:48:44.233+0000] {subprocess.py:93} INFO - |{Deannatown, US, ...|     USD|[{StyleCo, clothi...|                   NULL|    google_pay|{Medinabury, US, ...|completed| 1811.18|149.55|2026-01-19T17:44:...| 1960.73|3d68b145-ebe0-4ab...|        purchase|1925a42f|{SportFlex, books...| Chrome|        Rothfurt|     TJ| tablet|      NULL|85f8539a-2aab-434...|     add_to_cart| 61.139.194.113|product_detail| PROD_2357|       3|        NULL|14363baa-43e|2026-01-19T17:44:...|1925a42f|
[2026-01-20T03:48:44.233+0000] {subprocess.py:93} INFO - |{Millerborough, U...|     USD|[{SmartChoice, sp...|   ef668bb6-c4da-44f...| bank_transfer|{Stephensmouth, U...|completed|  659.61| 41.92|2026-01-19T17:45:...| -701.53|cc7c1756-b050-4b1...|          refund|1afaeca9|{SmartChoice, spo...|   Edge|      Lewisburgh|     MV| mobile|      NULL|f609c567-91a5-450...|     add_to_cart| 136.194.177.12|product_detail| PROD_1470|       2|        NULL|01ea56d1-bd2|2026-01-19T17:47:...|1afaeca9|
[2026-01-20T03:48:44.234+0000] {subprocess.py:93} INFO - |{Mckenziechester,...|     USD|[{GreenLife, book...|                   NULL|    debit_card|{Bradleyberg, US,...|completed| 1278.74| 108.2|2026-01-19T17:41:...| 1386.94|a67f115b-6674-4ad...|        purchase|1b1b020b|{SportFlex, elect...|   Edge|      Kaiserfort|     IS| tablet|      NULL|ccd70d73-0f0e-447...|remove_from_cart|    89.15.54.10|       profile| PROD_1976|       1|        NULL|e27ce892-715|2026-01-19T17:43:...|1b1b020b|
[2026-01-20T03:48:44.235+0000] {subprocess.py:93} INFO - |{Carrollview, US,...|     USD|[{TechPro, toys, ...|                   NULL|    google_pay|{Andersonshire, U...|completed| 1417.74| 96.73|2026-01-19T17:39:...| 1514.47|32e73ca0-1799-4b9...|        purchase|1bdb4efe|{ProGear, food, P...| Safari|     Mirandaport|     ER| tablet|      NULL|67eff63f-30a1-42d...|     add_to_cart|   5.142.36.100|          home| PROD_2058|       3|        NULL|d01104ec-b24|2026-01-19T17:43:...|1bdb4efe|
[2026-01-20T03:48:44.236+0000] {subprocess.py:93} INFO - |{West Jeremy, US,...|     USD|[{HomeMax, sports...|                   NULL|     apple_pay|{Lake Kenneth, US...|completed|  540.89| 32.56|2026-01-19T17:39:...|  573.45|d0eb7c98-885b-4ad...|        purchase|1cb2e55a|{HomeMax, electro...| Safari|      West James|     EC| tablet|      NULL|92ff9440-d0a1-454...|     add_to_cart|   215.0.245.60|      settings| PROD_2988|       1|        NULL|a01c21a8-5fd|2026-01-19T17:40:...|1cb2e55a|
[2026-01-20T03:48:44.237+0000] {subprocess.py:93} INFO - |{Lake Kirk, US, A...|     USD|[{HomeMax, electr...|                   NULL|        paypal|{Amyview, US, IN,...|completed|  363.32| 22.77|2026-01-19T17:44:...|  386.09|8a6b64e7-c540-40b...|        purchase|1cb2e55a|{HomeMax, electro...| Safari|      West James|     EC| tablet|      NULL|92ff9440-d0a1-454...|     add_to_cart|   215.0.245.60|      settings| PROD_2988|       1|        NULL|a01c21a8-5fd|2026-01-19T17:40:...|1cb2e55a|
[2026-01-20T03:48:44.238+0000] {subprocess.py:93} INFO - |{Jennifershire, U...|     USD|[{PremiumPlus, el...|                   NULL|    debit_card|{Port Andrehaven,...|completed| 3350.46|317.77|2026-01-19T17:46:...| 3668.23|83009c3e-f278-47f...|        purchase|25615f4f|{TechPro, food, P...|Firefox|     Robertburgh|     SG| mobile|      NULL|262952a8-8526-4f0...|     add_to_cart| 79.105.156.242|      checkout| PROD_2533|       3|        NULL|808c1f50-a24|2026-01-19T17:44:...|25615f4f|
[2026-01-20T03:48:44.239+0000] {subprocess.py:93} INFO - +--------------------+--------+--------------------+-----------------------+--------------+--------------------+---------+--------+------+--------------------+--------+--------------------+----------------+--------+--------------------+-------+----------------+-------+-------+----------+--------------------+----------------+---------------+--------------+----------+--------+------------+------------+--------------------+--------+
[2026-01-20T03:48:44.240+0000] {subprocess.py:93} INFO - only showing top 20 rows
[2026-01-20T03:48:44.240+0000] {subprocess.py:93} INFO - 
[2026-01-20T03:48:44.241+0000] {subprocess.py:93} INFO - None
[2026-01-20T03:48:44.682+0000] {subprocess.py:93} INFO - 26/01/20 03:48:44 INFO FileSourceStrategy: Pushed Filters: IsNotNull(user_id),IsNotNull(line_items)
[2026-01-20T03:48:44.682+0000] {subprocess.py:93} INFO - 26/01/20 03:48:44 INFO FileSourceStrategy: Post-Scan Filters: isnotnull(user_id#21),(size(line_items#10, true) > 0),isnotnull(line_items#10)
[2026-01-20T03:48:44.684+0000] {subprocess.py:93} INFO - 26/01/20 03:48:44 INFO FileSourceStrategy: Pushed Filters: IsNotNull(user_id),IsNotNull(product_id)
[2026-01-20T03:48:44.685+0000] {subprocess.py:93} INFO - 26/01/20 03:48:44 INFO FileSourceStrategy: Post-Scan Filters: isnotnull(user_id#58),isnotnull(product_id#53)
[2026-01-20T03:48:44.737+0000] {subprocess.py:93} INFO - 26/01/20 03:48:44 INFO CodeGenerator: Code generated in 8.529766 ms
[2026-01-20T03:48:44.741+0000] {subprocess.py:93} INFO - 26/01/20 03:48:44 INFO MemoryStore: Block broadcast_9 stored as values in memory (estimated size 199.1 KiB, free 433.5 MiB)
[2026-01-20T03:48:44.757+0000] {subprocess.py:93} INFO - 26/01/20 03:48:44 INFO MemoryStore: Block broadcast_9_piece0 stored as bytes in memory (estimated size 34.2 KiB, free 433.5 MiB)
[2026-01-20T03:48:44.758+0000] {subprocess.py:93} INFO - 26/01/20 03:48:44 INFO BlockManagerInfo: Added broadcast_9_piece0 in memory on 519d7d29de3d:36629 (size: 34.2 KiB, free: 434.2 MiB)
[2026-01-20T03:48:44.759+0000] {subprocess.py:93} INFO - 26/01/20 03:48:44 INFO SparkContext: Created broadcast 9 from $anonfun$withThreadLocalCaptured$1 at FutureTask.java:264
[2026-01-20T03:48:44.761+0000] {subprocess.py:93} INFO - 26/01/20 03:48:44 INFO FileSourceScanExec: Planning scan with bin packing, max size: 4194304 bytes, open cost is considered as scanning 4194304 bytes.
[2026-01-20T03:48:44.781+0000] {subprocess.py:93} INFO - 26/01/20 03:48:44 INFO SparkContext: Starting job: $anonfun$withThreadLocalCaptured$1 at FutureTask.java:264
[2026-01-20T03:48:44.782+0000] {subprocess.py:93} INFO - 26/01/20 03:48:44 INFO DAGScheduler: Got job 5 ($anonfun$withThreadLocalCaptured$1 at FutureTask.java:264) with 8 output partitions
[2026-01-20T03:48:44.783+0000] {subprocess.py:93} INFO - 26/01/20 03:48:44 INFO DAGScheduler: Final stage: ResultStage 7 ($anonfun$withThreadLocalCaptured$1 at FutureTask.java:264)
[2026-01-20T03:48:44.784+0000] {subprocess.py:93} INFO - 26/01/20 03:48:44 INFO DAGScheduler: Parents of final stage: List()
[2026-01-20T03:48:44.785+0000] {subprocess.py:93} INFO - 26/01/20 03:48:44 INFO DAGScheduler: Missing parents: List()
[2026-01-20T03:48:44.786+0000] {subprocess.py:93} INFO - 26/01/20 03:48:44 INFO DAGScheduler: Submitting ResultStage 7 (MapPartitionsRDD[26] at $anonfun$withThreadLocalCaptured$1 at FutureTask.java:264), which has no missing parents
[2026-01-20T03:48:44.789+0000] {subprocess.py:93} INFO - 26/01/20 03:48:44 INFO MemoryStore: Block broadcast_10 stored as values in memory (estimated size 15.6 KiB, free 433.5 MiB)
[2026-01-20T03:48:44.818+0000] {subprocess.py:93} INFO - 26/01/20 03:48:44 INFO MemoryStore: Block broadcast_10_piece0 stored as bytes in memory (estimated size 7.4 KiB, free 433.5 MiB)
[2026-01-20T03:48:44.819+0000] {subprocess.py:93} INFO - 26/01/20 03:48:44 INFO BlockManagerInfo: Added broadcast_10_piece0 in memory on 519d7d29de3d:36629 (size: 7.4 KiB, free: 434.2 MiB)
[2026-01-20T03:48:44.820+0000] {subprocess.py:93} INFO - 26/01/20 03:48:44 INFO SparkContext: Created broadcast 10 from broadcast at DAGScheduler.scala:1580
[2026-01-20T03:48:44.821+0000] {subprocess.py:93} INFO - 26/01/20 03:48:44 INFO DAGScheduler: Submitting 8 missing tasks from ResultStage 7 (MapPartitionsRDD[26] at $anonfun$withThreadLocalCaptured$1 at FutureTask.java:264) (first 15 tasks are for partitions Vector(0, 1, 2, 3, 4, 5, 6, 7))
[2026-01-20T03:48:44.822+0000] {subprocess.py:93} INFO - 26/01/20 03:48:44 INFO TaskSchedulerImpl: Adding task set 7.0 with 8 tasks resource profile 0
[2026-01-20T03:48:44.822+0000] {subprocess.py:93} INFO - 26/01/20 03:48:44 INFO TaskSetManager: Starting task 0.0 in stage 7.0 (TID 43) (519d7d29de3d, executor driver, partition 0, PROCESS_LOCAL, 8244 bytes)
[2026-01-20T03:48:44.823+0000] {subprocess.py:93} INFO - 26/01/20 03:48:44 INFO TaskSetManager: Starting task 1.0 in stage 7.0 (TID 44) (519d7d29de3d, executor driver, partition 1, PROCESS_LOCAL, 8244 bytes)
[2026-01-20T03:48:44.824+0000] {subprocess.py:93} INFO - 26/01/20 03:48:44 INFO TaskSetManager: Starting task 2.0 in stage 7.0 (TID 45) (519d7d29de3d, executor driver, partition 2, PROCESS_LOCAL, 8244 bytes)
[2026-01-20T03:48:44.825+0000] {subprocess.py:93} INFO - 26/01/20 03:48:44 INFO TaskSetManager: Starting task 3.0 in stage 7.0 (TID 46) (519d7d29de3d, executor driver, partition 3, PROCESS_LOCAL, 8244 bytes)
[2026-01-20T03:48:44.825+0000] {subprocess.py:93} INFO - 26/01/20 03:48:44 INFO TaskSetManager: Starting task 4.0 in stage 7.0 (TID 47) (519d7d29de3d, executor driver, partition 4, PROCESS_LOCAL, 8244 bytes)
[2026-01-20T03:48:44.826+0000] {subprocess.py:93} INFO - 26/01/20 03:48:44 INFO TaskSetManager: Starting task 5.0 in stage 7.0 (TID 48) (519d7d29de3d, executor driver, partition 5, PROCESS_LOCAL, 8244 bytes)
[2026-01-20T03:48:44.826+0000] {subprocess.py:93} INFO - 26/01/20 03:48:44 INFO TaskSetManager: Starting task 6.0 in stage 7.0 (TID 49) (519d7d29de3d, executor driver, partition 6, PROCESS_LOCAL, 8244 bytes)
[2026-01-20T03:48:44.827+0000] {subprocess.py:93} INFO - 26/01/20 03:48:44 INFO TaskSetManager: Starting task 7.0 in stage 7.0 (TID 50) (519d7d29de3d, executor driver, partition 7, PROCESS_LOCAL, 8244 bytes)
[2026-01-20T03:48:44.828+0000] {subprocess.py:93} INFO - 26/01/20 03:48:44 INFO Executor: Running task 0.0 in stage 7.0 (TID 43)
[2026-01-20T03:48:44.829+0000] {subprocess.py:93} INFO - 26/01/20 03:48:44 INFO Executor: Running task 2.0 in stage 7.0 (TID 45)
[2026-01-20T03:48:44.830+0000] {subprocess.py:93} INFO - 26/01/20 03:48:44 INFO Executor: Running task 1.0 in stage 7.0 (TID 44)
[2026-01-20T03:48:44.830+0000] {subprocess.py:93} INFO - 26/01/20 03:48:44 INFO Executor: Running task 3.0 in stage 7.0 (TID 46)
[2026-01-20T03:48:44.831+0000] {subprocess.py:93} INFO - 26/01/20 03:48:44 INFO Executor: Running task 4.0 in stage 7.0 (TID 47)
[2026-01-20T03:48:44.832+0000] {subprocess.py:93} INFO - 26/01/20 03:48:44 INFO Executor: Running task 5.0 in stage 7.0 (TID 48)
[2026-01-20T03:48:44.832+0000] {subprocess.py:93} INFO - 26/01/20 03:48:44 INFO Executor: Running task 6.0 in stage 7.0 (TID 49)
[2026-01-20T03:48:44.833+0000] {subprocess.py:93} INFO - 26/01/20 03:48:44 INFO Executor: Running task 7.0 in stage 7.0 (TID 50)
[2026-01-20T03:48:44.835+0000] {subprocess.py:93} INFO - 26/01/20 03:48:44 INFO CodeGenerator: Code generated in 5.989931 ms
[2026-01-20T03:48:44.837+0000] {subprocess.py:93} INFO - 26/01/20 03:48:44 INFO FileScanRDD: Reading File path: file:///opt/spark-data/landing/user_events_1768879431.2231393.json, range: 4194304-8388608, partition values: [empty row]
[2026-01-20T03:48:44.838+0000] {subprocess.py:93} INFO - 26/01/20 03:48:44 INFO FileScanRDD: Reading File path: file:///opt/spark-data/landing/user_events_1768879431.2231393.json, range: 25165824-29360128, partition values: [empty row]
[2026-01-20T03:48:44.838+0000] {subprocess.py:93} INFO - 26/01/20 03:48:44 INFO FileScanRDD: Reading File path: file:///opt/spark-data/landing/user_events_1768879431.2231393.json, range: 20971520-25165824, partition values: [empty row]
[2026-01-20T03:48:44.839+0000] {subprocess.py:93} INFO - 26/01/20 03:48:44 INFO FileScanRDD: Reading File path: file:///opt/spark-data/landing/user_events_1768879431.2231393.json, range: 29360128-33532706, partition values: [empty row]
[2026-01-20T03:48:44.840+0000] {subprocess.py:93} INFO - 26/01/20 03:48:44 INFO FileScanRDD: Reading File path: file:///opt/spark-data/landing/user_events_1768879431.2231393.json, range: 16777216-20971520, partition values: [empty row]
[2026-01-20T03:48:44.841+0000] {subprocess.py:93} INFO - 26/01/20 03:48:44 INFO FileScanRDD: Reading File path: file:///opt/spark-data/landing/user_events_1768879431.2231393.json, range: 0-4194304, partition values: [empty row]
[2026-01-20T03:48:44.841+0000] {subprocess.py:93} INFO - 26/01/20 03:48:44 INFO FileScanRDD: Reading File path: file:///opt/spark-data/landing/user_events_1768879431.2231393.json, range: 12582912-16777216, partition values: [empty row]
[2026-01-20T03:48:44.843+0000] {subprocess.py:93} INFO - 26/01/20 03:48:44 INFO FileScanRDD: Reading File path: file:///opt/spark-data/landing/user_events_1768879431.2231393.json, range: 8388608-12582912, partition values: [empty row]
[2026-01-20T03:48:44.843+0000] {subprocess.py:93} INFO - 26/01/20 03:48:44 INFO CodeGenerator: Code generated in 5.080304 ms
[2026-01-20T03:48:44.851+0000] {subprocess.py:93} INFO - 26/01/20 03:48:44 INFO CodeGenerator: Code generated in 5.539625 ms
[2026-01-20T03:48:44.859+0000] {subprocess.py:93} INFO - 26/01/20 03:48:44 INFO CodeGenerator: Code generated in 4.159983 ms
[2026-01-20T03:48:45.152+0000] {subprocess.py:93} INFO - 26/01/20 03:48:45 INFO BlockManagerInfo: Removed broadcast_8_piece0 on 519d7d29de3d:36629 in memory (size: 33.7 KiB, free: 434.3 MiB)
[2026-01-20T03:48:45.276+0000] {subprocess.py:93} INFO - 26/01/20 03:48:45 INFO Executor: Finished task 2.0 in stage 7.0 (TID 45). 132180 bytes result sent to driver
[2026-01-20T03:48:45.288+0000] {subprocess.py:93} INFO - 26/01/20 03:48:45 INFO Executor: Finished task 5.0 in stage 7.0 (TID 48). 133806 bytes result sent to driver
[2026-01-20T03:48:45.290+0000] {subprocess.py:93} INFO - 26/01/20 03:48:45 INFO Executor: Finished task 1.0 in stage 7.0 (TID 44). 134053 bytes result sent to driver
[2026-01-20T03:48:45.291+0000] {subprocess.py:93} INFO - 26/01/20 03:48:45 INFO Executor: Finished task 3.0 in stage 7.0 (TID 46). 132558 bytes result sent to driver
[2026-01-20T03:48:45.292+0000] {subprocess.py:93} INFO - 26/01/20 03:48:45 INFO TaskSetManager: Finished task 5.0 in stage 7.0 (TID 48) in 453 ms on 519d7d29de3d (executor driver) (1/8)
[2026-01-20T03:48:45.294+0000] {subprocess.py:93} INFO - 26/01/20 03:48:45 INFO Executor: Finished task 4.0 in stage 7.0 (TID 47). 135365 bytes result sent to driver
[2026-01-20T03:48:45.295+0000] {subprocess.py:93} INFO - 26/01/20 03:48:45 INFO TaskSetManager: Finished task 2.0 in stage 7.0 (TID 45) in 454 ms on 519d7d29de3d (executor driver) (2/8)
[2026-01-20T03:48:45.296+0000] {subprocess.py:93} INFO - 26/01/20 03:48:45 INFO TaskSetManager: Finished task 1.0 in stage 7.0 (TID 44) in 456 ms on 519d7d29de3d (executor driver) (3/8)
[2026-01-20T03:48:45.297+0000] {subprocess.py:93} INFO - 26/01/20 03:48:45 INFO TaskSetManager: Finished task 4.0 in stage 7.0 (TID 47) in 456 ms on 519d7d29de3d (executor driver) (4/8)
[2026-01-20T03:48:45.298+0000] {subprocess.py:93} INFO - 26/01/20 03:48:45 INFO TaskSetManager: Finished task 3.0 in stage 7.0 (TID 46) in 456 ms on 519d7d29de3d (executor driver) (5/8)
[2026-01-20T03:48:45.300+0000] {subprocess.py:93} INFO - 26/01/20 03:48:45 INFO Executor: Finished task 7.0 in stage 7.0 (TID 50). 130533 bytes result sent to driver
[2026-01-20T03:48:45.301+0000] {subprocess.py:93} INFO - 26/01/20 03:48:45 INFO Executor: Finished task 6.0 in stage 7.0 (TID 49). 129991 bytes result sent to driver
[2026-01-20T03:48:45.302+0000] {subprocess.py:93} INFO - 26/01/20 03:48:45 INFO Executor: Finished task 0.0 in stage 7.0 (TID 43). 131277 bytes result sent to driver
[2026-01-20T03:48:45.303+0000] {subprocess.py:93} INFO - 26/01/20 03:48:45 INFO TaskSetManager: Finished task 7.0 in stage 7.0 (TID 50) in 468 ms on 519d7d29de3d (executor driver) (6/8)
[2026-01-20T03:48:45.304+0000] {subprocess.py:93} INFO - 26/01/20 03:48:45 INFO TaskSetManager: Finished task 6.0 in stage 7.0 (TID 49) in 468 ms on 519d7d29de3d (executor driver) (7/8)
[2026-01-20T03:48:45.305+0000] {subprocess.py:93} INFO - 26/01/20 03:48:45 INFO TaskSetManager: Finished task 0.0 in stage 7.0 (TID 43) in 472 ms on 519d7d29de3d (executor driver) (8/8)
[2026-01-20T03:48:45.306+0000] {subprocess.py:93} INFO - 26/01/20 03:48:45 INFO TaskSchedulerImpl: Removed TaskSet 7.0, whose tasks have all completed, from pool
[2026-01-20T03:48:45.306+0000] {subprocess.py:93} INFO - 26/01/20 03:48:45 INFO DAGScheduler: ResultStage 7 ($anonfun$withThreadLocalCaptured$1 at FutureTask.java:264) finished in 0.509 s
[2026-01-20T03:48:45.307+0000] {subprocess.py:93} INFO - 26/01/20 03:48:45 INFO DAGScheduler: Job 5 is finished. Cancelling potential speculative or zombie tasks for this job
[2026-01-20T03:48:45.308+0000] {subprocess.py:93} INFO - 26/01/20 03:48:45 INFO TaskSchedulerImpl: Killing all running tasks in stage 7: Stage finished
[2026-01-20T03:48:45.311+0000] {subprocess.py:93} INFO - 26/01/20 03:48:45 INFO DAGScheduler: Job 5 finished: $anonfun$withThreadLocalCaptured$1 at FutureTask.java:264, took 0.514532 s
[2026-01-20T03:48:45.317+0000] {subprocess.py:93} INFO - 26/01/20 03:48:45 INFO BlockManagerInfo: Removed broadcast_6_piece0 on 519d7d29de3d:36629 in memory (size: 16.6 KiB, free: 434.3 MiB)
[2026-01-20T03:48:45.331+0000] {subprocess.py:93} INFO - 26/01/20 03:48:45 INFO BlockManagerInfo: Removed broadcast_4_piece0 on 519d7d29de3d:36629 in memory (size: 34.2 KiB, free: 434.3 MiB)
[2026-01-20T03:48:45.338+0000] {subprocess.py:93} INFO - 26/01/20 03:48:45 INFO CodeGenerator: Code generated in 6.216993 ms
[2026-01-20T03:48:45.340+0000] {subprocess.py:93} INFO - 26/01/20 03:48:45 INFO BlockManagerInfo: Removed broadcast_5_piece0 on 519d7d29de3d:36629 in memory (size: 34.2 KiB, free: 434.3 MiB)
[2026-01-20T03:48:45.356+0000] {subprocess.py:93} INFO - 26/01/20 03:48:45 INFO BlockManagerInfo: Removed broadcast_7_piece0 on 519d7d29de3d:36629 in memory (size: 9.7 KiB, free: 434.4 MiB)
[2026-01-20T03:48:45.409+0000] {subprocess.py:93} INFO - 26/01/20 03:48:45 INFO MemoryStore: Block broadcast_11 stored as values in memory (estimated size 9.0 MiB, free 425.1 MiB)
[2026-01-20T03:48:45.450+0000] {subprocess.py:93} INFO - 26/01/20 03:48:45 INFO MemoryStore: Block broadcast_11_piece0 stored as bytes in memory (estimated size 1578.1 KiB, free 423.6 MiB)
[2026-01-20T03:48:45.451+0000] {subprocess.py:93} INFO - 26/01/20 03:48:45 INFO BlockManagerInfo: Added broadcast_11_piece0 in memory on 519d7d29de3d:36629 (size: 1578.1 KiB, free: 432.8 MiB)
[2026-01-20T03:48:45.451+0000] {subprocess.py:93} INFO - 26/01/20 03:48:45 INFO SparkContext: Created broadcast 11 from $anonfun$withThreadLocalCaptured$1 at FutureTask.java:264
[2026-01-20T03:48:45.459+0000] {subprocess.py:93} INFO - 26/01/20 03:48:45 INFO FileSourceStrategy: Pushed Filters: IsNotNull(user_id),IsNotNull(line_items)
[2026-01-20T03:48:45.460+0000] {subprocess.py:93} INFO - 26/01/20 03:48:45 INFO FileSourceStrategy: Post-Scan Filters: isnotnull(user_id#21),(size(line_items#10, true) > 0),isnotnull(line_items#10)
[2026-01-20T03:48:45.604+0000] {subprocess.py:93} INFO - 26/01/20 03:48:45 INFO FileOutputCommitter: File Output Committer Algorithm version is 1
[2026-01-20T03:48:45.604+0000] {subprocess.py:93} INFO - 26/01/20 03:48:45 INFO FileOutputCommitter: FileOutputCommitter skip cleanup _temporary folders under output directory:false, ignore cleanup failures: false
[2026-01-20T03:48:45.605+0000] {subprocess.py:93} INFO - 26/01/20 03:48:45 INFO SQLHadoopMapReduceCommitProtocol: Using output committer class org.apache.hadoop.mapreduce.lib.output.FileOutputCommitter
[2026-01-20T03:48:45.716+0000] {subprocess.py:93} INFO - 26/01/20 03:48:45 INFO CodeGenerator: Code generated in 27.445543 ms
[2026-01-20T03:48:45.720+0000] {subprocess.py:93} INFO - 26/01/20 03:48:45 INFO MemoryStore: Block broadcast_12 stored as values in memory (estimated size 199.1 KiB, free 423.4 MiB)
[2026-01-20T03:48:45.729+0000] {subprocess.py:93} INFO - 26/01/20 03:48:45 INFO MemoryStore: Block broadcast_12_piece0 stored as bytes in memory (estimated size 34.2 KiB, free 423.4 MiB)
[2026-01-20T03:48:45.730+0000] {subprocess.py:93} INFO - 26/01/20 03:48:45 INFO BlockManagerInfo: Added broadcast_12_piece0 in memory on 519d7d29de3d:36629 (size: 34.2 KiB, free: 432.8 MiB)
[2026-01-20T03:48:45.731+0000] {subprocess.py:93} INFO - 26/01/20 03:48:45 INFO SparkContext: Created broadcast 12 from csv at NativeMethodAccessorImpl.java:0
[2026-01-20T03:48:45.732+0000] {subprocess.py:93} INFO - 26/01/20 03:48:45 INFO FileSourceScanExec: Planning scan with bin packing, max size: 4194304 bytes, open cost is considered as scanning 4194304 bytes.
[2026-01-20T03:48:45.744+0000] {subprocess.py:93} INFO - 26/01/20 03:48:45 INFO SparkContext: Starting job: csv at NativeMethodAccessorImpl.java:0
[2026-01-20T03:48:45.745+0000] {subprocess.py:93} INFO - 26/01/20 03:48:45 INFO DAGScheduler: Got job 6 (csv at NativeMethodAccessorImpl.java:0) with 13 output partitions
[2026-01-20T03:48:45.746+0000] {subprocess.py:93} INFO - 26/01/20 03:48:45 INFO DAGScheduler: Final stage: ResultStage 8 (csv at NativeMethodAccessorImpl.java:0)
[2026-01-20T03:48:45.747+0000] {subprocess.py:93} INFO - 26/01/20 03:48:45 INFO DAGScheduler: Parents of final stage: List()
[2026-01-20T03:48:45.748+0000] {subprocess.py:93} INFO - 26/01/20 03:48:45 INFO DAGScheduler: Missing parents: List()
[2026-01-20T03:48:45.749+0000] {subprocess.py:93} INFO - 26/01/20 03:48:45 INFO DAGScheduler: Submitting ResultStage 8 (MapPartitionsRDD[30] at csv at NativeMethodAccessorImpl.java:0), which has no missing parents
[2026-01-20T03:48:45.788+0000] {subprocess.py:93} INFO - 26/01/20 03:48:45 INFO MemoryStore: Block broadcast_13 stored as values in memory (estimated size 233.0 KiB, free 423.2 MiB)
[2026-01-20T03:48:45.790+0000] {subprocess.py:93} INFO - 26/01/20 03:48:45 INFO MemoryStore: Block broadcast_13_piece0 stored as bytes in memory (estimated size 82.8 KiB, free 423.1 MiB)
[2026-01-20T03:48:45.791+0000] {subprocess.py:93} INFO - 26/01/20 03:48:45 INFO BlockManagerInfo: Added broadcast_13_piece0 in memory on 519d7d29de3d:36629 (size: 82.8 KiB, free: 432.7 MiB)
[2026-01-20T03:48:45.792+0000] {subprocess.py:93} INFO - 26/01/20 03:48:45 INFO SparkContext: Created broadcast 13 from broadcast at DAGScheduler.scala:1580
[2026-01-20T03:48:45.792+0000] {subprocess.py:93} INFO - 26/01/20 03:48:45 INFO DAGScheduler: Submitting 13 missing tasks from ResultStage 8 (MapPartitionsRDD[30] at csv at NativeMethodAccessorImpl.java:0) (first 15 tasks are for partitions Vector(0, 1, 2, 3, 4, 5, 6, 7, 8, 9, 10, 11, 12))
[2026-01-20T03:48:45.793+0000] {subprocess.py:93} INFO - 26/01/20 03:48:45 INFO TaskSchedulerImpl: Adding task set 8.0 with 13 tasks resource profile 0
[2026-01-20T03:48:45.794+0000] {subprocess.py:93} INFO - 26/01/20 03:48:45 INFO TaskSetManager: Starting task 0.0 in stage 8.0 (TID 51) (519d7d29de3d, executor driver, partition 0, PROCESS_LOCAL, 8251 bytes)
[2026-01-20T03:48:45.795+0000] {subprocess.py:93} INFO - 26/01/20 03:48:45 INFO TaskSetManager: Starting task 1.0 in stage 8.0 (TID 52) (519d7d29de3d, executor driver, partition 1, PROCESS_LOCAL, 8251 bytes)
[2026-01-20T03:48:45.796+0000] {subprocess.py:93} INFO - 26/01/20 03:48:45 INFO TaskSetManager: Starting task 2.0 in stage 8.0 (TID 53) (519d7d29de3d, executor driver, partition 2, PROCESS_LOCAL, 8251 bytes)
[2026-01-20T03:48:45.797+0000] {subprocess.py:93} INFO - 26/01/20 03:48:45 INFO TaskSetManager: Starting task 3.0 in stage 8.0 (TID 54) (519d7d29de3d, executor driver, partition 3, PROCESS_LOCAL, 8251 bytes)
[2026-01-20T03:48:45.797+0000] {subprocess.py:93} INFO - 26/01/20 03:48:45 INFO TaskSetManager: Starting task 4.0 in stage 8.0 (TID 55) (519d7d29de3d, executor driver, partition 4, PROCESS_LOCAL, 8251 bytes)
[2026-01-20T03:48:45.798+0000] {subprocess.py:93} INFO - 26/01/20 03:48:45 INFO TaskSetManager: Starting task 5.0 in stage 8.0 (TID 56) (519d7d29de3d, executor driver, partition 5, PROCESS_LOCAL, 8251 bytes)
[2026-01-20T03:48:45.799+0000] {subprocess.py:93} INFO - 26/01/20 03:48:45 INFO TaskSetManager: Starting task 6.0 in stage 8.0 (TID 57) (519d7d29de3d, executor driver, partition 6, PROCESS_LOCAL, 8251 bytes)
[2026-01-20T03:48:45.800+0000] {subprocess.py:93} INFO - 26/01/20 03:48:45 INFO TaskSetManager: Starting task 7.0 in stage 8.0 (TID 58) (519d7d29de3d, executor driver, partition 7, PROCESS_LOCAL, 8251 bytes)
[2026-01-20T03:48:45.801+0000] {subprocess.py:93} INFO - 26/01/20 03:48:45 INFO TaskSetManager: Starting task 8.0 in stage 8.0 (TID 59) (519d7d29de3d, executor driver, partition 8, PROCESS_LOCAL, 8251 bytes)
[2026-01-20T03:48:45.802+0000] {subprocess.py:93} INFO - 26/01/20 03:48:45 INFO TaskSetManager: Starting task 9.0 in stage 8.0 (TID 60) (519d7d29de3d, executor driver, partition 9, PROCESS_LOCAL, 8251 bytes)
[2026-01-20T03:48:45.804+0000] {subprocess.py:93} INFO - 26/01/20 03:48:45 INFO TaskSetManager: Starting task 10.0 in stage 8.0 (TID 61) (519d7d29de3d, executor driver, partition 10, PROCESS_LOCAL, 8251 bytes)
[2026-01-20T03:48:45.805+0000] {subprocess.py:93} INFO - 26/01/20 03:48:45 INFO TaskSetManager: Starting task 11.0 in stage 8.0 (TID 62) (519d7d29de3d, executor driver, partition 11, PROCESS_LOCAL, 8251 bytes)
[2026-01-20T03:48:45.806+0000] {subprocess.py:93} INFO - 26/01/20 03:48:45 INFO TaskSetManager: Starting task 12.0 in stage 8.0 (TID 63) (519d7d29de3d, executor driver, partition 12, PROCESS_LOCAL, 8251 bytes)
[2026-01-20T03:48:45.807+0000] {subprocess.py:93} INFO - 26/01/20 03:48:45 INFO Executor: Running task 0.0 in stage 8.0 (TID 51)
[2026-01-20T03:48:45.808+0000] {subprocess.py:93} INFO - 26/01/20 03:48:45 INFO Executor: Running task 5.0 in stage 8.0 (TID 56)
[2026-01-20T03:48:45.809+0000] {subprocess.py:93} INFO - 26/01/20 03:48:45 INFO Executor: Running task 1.0 in stage 8.0 (TID 52)
[2026-01-20T03:48:45.810+0000] {subprocess.py:93} INFO - 26/01/20 03:48:45 INFO Executor: Running task 6.0 in stage 8.0 (TID 57)
[2026-01-20T03:48:45.810+0000] {subprocess.py:93} INFO - 26/01/20 03:48:45 INFO Executor: Running task 7.0 in stage 8.0 (TID 58)
[2026-01-20T03:48:45.811+0000] {subprocess.py:93} INFO - 26/01/20 03:48:45 INFO Executor: Running task 2.0 in stage 8.0 (TID 53)
[2026-01-20T03:48:45.813+0000] {subprocess.py:93} INFO - 26/01/20 03:48:45 INFO Executor: Running task 3.0 in stage 8.0 (TID 54)
[2026-01-20T03:48:45.814+0000] {subprocess.py:93} INFO - 26/01/20 03:48:45 INFO Executor: Running task 8.0 in stage 8.0 (TID 59)
[2026-01-20T03:48:45.816+0000] {subprocess.py:93} INFO - 26/01/20 03:48:45 INFO Executor: Running task 10.0 in stage 8.0 (TID 61)
[2026-01-20T03:48:45.816+0000] {subprocess.py:93} INFO - 26/01/20 03:48:45 INFO Executor: Running task 4.0 in stage 8.0 (TID 55)
[2026-01-20T03:48:45.818+0000] {subprocess.py:93} INFO - 26/01/20 03:48:45 INFO Executor: Running task 11.0 in stage 8.0 (TID 62)
[2026-01-20T03:48:45.818+0000] {subprocess.py:93} INFO - 26/01/20 03:48:45 INFO Executor: Running task 12.0 in stage 8.0 (TID 63)
[2026-01-20T03:48:45.822+0000] {subprocess.py:93} INFO - 26/01/20 03:48:45 INFO Executor: Running task 9.0 in stage 8.0 (TID 60)
[2026-01-20T03:48:45.939+0000] {subprocess.py:93} INFO - 26/01/20 03:48:45 INFO CodeGenerator: Code generated in 25.838228 ms
[2026-01-20T03:48:45.945+0000] {subprocess.py:93} INFO - 26/01/20 03:48:45 INFO FileOutputCommitter: File Output Committer Algorithm version is 1
[2026-01-20T03:48:45.946+0000] {subprocess.py:93} INFO - 26/01/20 03:48:45 INFO FileOutputCommitter: FileOutputCommitter skip cleanup _temporary folders under output directory:false, ignore cleanup failures: false
[2026-01-20T03:48:45.948+0000] {subprocess.py:93} INFO - 26/01/20 03:48:45 INFO SQLHadoopMapReduceCommitProtocol: Using output committer class org.apache.hadoop.mapreduce.lib.output.FileOutputCommitter
[2026-01-20T03:48:45.949+0000] {subprocess.py:93} INFO - 26/01/20 03:48:45 INFO FileOutputCommitter: File Output Committer Algorithm version is 1
[2026-01-20T03:48:45.950+0000] {subprocess.py:93} INFO - 26/01/20 03:48:45 INFO FileOutputCommitter: FileOutputCommitter skip cleanup _temporary folders under output directory:false, ignore cleanup failures: false
[2026-01-20T03:48:45.951+0000] {subprocess.py:93} INFO - 26/01/20 03:48:45 INFO FileOutputCommitter: File Output Committer Algorithm version is 1
[2026-01-20T03:48:45.952+0000] {subprocess.py:93} INFO - 26/01/20 03:48:45 INFO FileOutputCommitter: FileOutputCommitter skip cleanup _temporary folders under output directory:false, ignore cleanup failures: false
[2026-01-20T03:48:45.953+0000] {subprocess.py:93} INFO - 26/01/20 03:48:45 INFO SQLHadoopMapReduceCommitProtocol: Using output committer class org.apache.hadoop.mapreduce.lib.output.FileOutputCommitter
[2026-01-20T03:48:45.954+0000] {subprocess.py:93} INFO - 26/01/20 03:48:45 INFO FileScanRDD: Reading File path: file:///opt/spark-data/landing/transaction_events_1768879479.1820476.json, range: 33554432-37748736, partition values: [empty row]
[2026-01-20T03:48:45.955+0000] {subprocess.py:93} INFO - 26/01/20 03:48:45 INFO SQLHadoopMapReduceCommitProtocol: Using output committer class org.apache.hadoop.mapreduce.lib.output.FileOutputCommitter
[2026-01-20T03:48:45.956+0000] {subprocess.py:93} INFO - 26/01/20 03:48:45 INFO FileScanRDD: Reading File path: file:///opt/spark-data/landing/transaction_events_1768879479.1820476.json, range: 29360128-33554432, partition values: [empty row]
[2026-01-20T03:48:45.956+0000] {subprocess.py:93} INFO - 26/01/20 03:48:45 INFO FileOutputCommitter: File Output Committer Algorithm version is 1
[2026-01-20T03:48:45.957+0000] {subprocess.py:93} INFO - 26/01/20 03:48:45 INFO FileOutputCommitter: FileOutputCommitter skip cleanup _temporary folders under output directory:false, ignore cleanup failures: false
[2026-01-20T03:48:45.958+0000] {subprocess.py:93} INFO - 26/01/20 03:48:45 INFO SQLHadoopMapReduceCommitProtocol: Using output committer class org.apache.hadoop.mapreduce.lib.output.FileOutputCommitter
[2026-01-20T03:48:45.959+0000] {subprocess.py:93} INFO - 26/01/20 03:48:45 INFO FileOutputCommitter: File Output Committer Algorithm version is 1
[2026-01-20T03:48:45.960+0000] {subprocess.py:93} INFO - 26/01/20 03:48:45 INFO FileOutputCommitter: FileOutputCommitter skip cleanup _temporary folders under output directory:false, ignore cleanup failures: false
[2026-01-20T03:48:45.961+0000] {subprocess.py:93} INFO - 26/01/20 03:48:45 INFO FileScanRDD: Reading File path: file:///opt/spark-data/landing/transaction_events_1768879479.1820476.json, range: 37748736-41943040, partition values: [empty row]
[2026-01-20T03:48:45.962+0000] {subprocess.py:93} INFO - 26/01/20 03:48:45 INFO SQLHadoopMapReduceCommitProtocol: Using output committer class org.apache.hadoop.mapreduce.lib.output.FileOutputCommitter
[2026-01-20T03:48:45.963+0000] {subprocess.py:93} INFO - 26/01/20 03:48:45 INFO FileOutputCommitter: File Output Committer Algorithm version is 1
[2026-01-20T03:48:45.964+0000] {subprocess.py:93} INFO - 26/01/20 03:48:45 INFO FileOutputCommitter: FileOutputCommitter skip cleanup _temporary folders under output directory:false, ignore cleanup failures: false
[2026-01-20T03:48:45.966+0000] {subprocess.py:93} INFO - 26/01/20 03:48:45 INFO FileScanRDD: Reading File path: file:///opt/spark-data/landing/transaction_events_1768879479.1820476.json, range: 46137344-50331648, partition values: [empty row]
[2026-01-20T03:48:45.967+0000] {subprocess.py:93} INFO - 26/01/20 03:48:45 INFO FileOutputCommitter: File Output Committer Algorithm version is 1
[2026-01-20T03:48:45.968+0000] {subprocess.py:93} INFO - 26/01/20 03:48:45 INFO FileOutputCommitter: FileOutputCommitter skip cleanup _temporary folders under output directory:false, ignore cleanup failures: false
[2026-01-20T03:48:45.969+0000] {subprocess.py:93} INFO - 26/01/20 03:48:45 INFO FileOutputCommitter: File Output Committer Algorithm version is 1
[2026-01-20T03:48:45.969+0000] {subprocess.py:93} INFO - 26/01/20 03:48:45 INFO SQLHadoopMapReduceCommitProtocol: Using output committer class org.apache.hadoop.mapreduce.lib.output.FileOutputCommitter
[2026-01-20T03:48:45.971+0000] {subprocess.py:93} INFO - 26/01/20 03:48:45 INFO FileOutputCommitter: FileOutputCommitter skip cleanup _temporary folders under output directory:false, ignore cleanup failures: false
[2026-01-20T03:48:45.972+0000] {subprocess.py:93} INFO - 26/01/20 03:48:45 INFO FileScanRDD: Reading File path: file:///opt/spark-data/landing/transaction_events_1768879479.1820476.json, range: 16777216-20971520, partition values: [empty row]
[2026-01-20T03:48:45.973+0000] {subprocess.py:93} INFO - 26/01/20 03:48:45 INFO FileOutputCommitter: File Output Committer Algorithm version is 1
[2026-01-20T03:48:45.974+0000] {subprocess.py:93} INFO - 26/01/20 03:48:45 INFO FileOutputCommitter: File Output Committer Algorithm version is 1
[2026-01-20T03:48:45.975+0000] {subprocess.py:93} INFO - 26/01/20 03:48:45 INFO FileOutputCommitter: File Output Committer Algorithm version is 1
[2026-01-20T03:48:45.976+0000] {subprocess.py:93} INFO - 26/01/20 03:48:45 INFO FileOutputCommitter: FileOutputCommitter skip cleanup _temporary folders under output directory:false, ignore cleanup failures: false
[2026-01-20T03:48:45.977+0000] {subprocess.py:93} INFO - 26/01/20 03:48:45 INFO FileOutputCommitter: FileOutputCommitter skip cleanup _temporary folders under output directory:false, ignore cleanup failures: false
[2026-01-20T03:48:45.978+0000] {subprocess.py:93} INFO - 26/01/20 03:48:45 INFO FileOutputCommitter: FileOutputCommitter skip cleanup _temporary folders under output directory:false, ignore cleanup failures: false
[2026-01-20T03:48:45.980+0000] {subprocess.py:93} INFO - 26/01/20 03:48:45 INFO FileOutputCommitter: File Output Committer Algorithm version is 1
[2026-01-20T03:48:45.982+0000] {subprocess.py:93} INFO - 26/01/20 03:48:45 INFO SQLHadoopMapReduceCommitProtocol: Using output committer class org.apache.hadoop.mapreduce.lib.output.FileOutputCommitter
[2026-01-20T03:48:45.984+0000] {subprocess.py:93} INFO - 26/01/20 03:48:45 INFO FileOutputCommitter: FileOutputCommitter skip cleanup _temporary folders under output directory:false, ignore cleanup failures: false
[2026-01-20T03:48:45.985+0000] {subprocess.py:93} INFO - 26/01/20 03:48:45 INFO FileOutputCommitter: File Output Committer Algorithm version is 1
[2026-01-20T03:48:45.987+0000] {subprocess.py:93} INFO - 26/01/20 03:48:45 INFO FileScanRDD: Reading File path: file:///opt/spark-data/landing/transaction_events_1768879479.1820476.json, range: 25165824-29360128, partition values: [empty row]
[2026-01-20T03:48:45.989+0000] {subprocess.py:93} INFO - 26/01/20 03:48:45 INFO FileOutputCommitter: FileOutputCommitter skip cleanup _temporary folders under output directory:false, ignore cleanup failures: false
[2026-01-20T03:48:45.991+0000] {subprocess.py:93} INFO - 26/01/20 03:48:45 INFO SQLHadoopMapReduceCommitProtocol: Using output committer class org.apache.hadoop.mapreduce.lib.output.FileOutputCommitter
[2026-01-20T03:48:45.993+0000] {subprocess.py:93} INFO - 26/01/20 03:48:45 INFO FileScanRDD: Reading File path: file:///opt/spark-data/landing/transaction_events_1768879479.1820476.json, range: 50331648-51561162, partition values: [empty row]
[2026-01-20T03:48:45.994+0000] {subprocess.py:93} INFO - 26/01/20 03:48:45 INFO SQLHadoopMapReduceCommitProtocol: Using output committer class org.apache.hadoop.mapreduce.lib.output.FileOutputCommitter
[2026-01-20T03:48:45.996+0000] {subprocess.py:93} INFO - 26/01/20 03:48:45 INFO FileScanRDD: Reading File path: file:///opt/spark-data/landing/transaction_events_1768879479.1820476.json, range: 20971520-25165824, partition values: [empty row]
[2026-01-20T03:48:46.000+0000] {subprocess.py:93} INFO - 26/01/20 03:48:45 INFO SQLHadoopMapReduceCommitProtocol: Using output committer class org.apache.hadoop.mapreduce.lib.output.FileOutputCommitter
[2026-01-20T03:48:46.002+0000] {subprocess.py:93} INFO - 26/01/20 03:48:45 INFO SQLHadoopMapReduceCommitProtocol: Using output committer class org.apache.hadoop.mapreduce.lib.output.FileOutputCommitter
[2026-01-20T03:48:46.004+0000] {subprocess.py:93} INFO - 26/01/20 03:48:45 INFO FileScanRDD: Reading File path: file:///opt/spark-data/landing/transaction_events_1768879479.1820476.json, range: 8388608-12582912, partition values: [empty row]
[2026-01-20T03:48:46.004+0000] {subprocess.py:93} INFO - 26/01/20 03:48:45 INFO SQLHadoopMapReduceCommitProtocol: Using output committer class org.apache.hadoop.mapreduce.lib.output.FileOutputCommitter
[2026-01-20T03:48:46.006+0000] {subprocess.py:93} INFO - 26/01/20 03:48:45 INFO SQLHadoopMapReduceCommitProtocol: Using output committer class org.apache.hadoop.mapreduce.lib.output.FileOutputCommitter
[2026-01-20T03:48:46.007+0000] {subprocess.py:93} INFO - 26/01/20 03:48:45 INFO FileScanRDD: Reading File path: file:///opt/spark-data/landing/transaction_events_1768879479.1820476.json, range: 4194304-8388608, partition values: [empty row]
[2026-01-20T03:48:46.008+0000] {subprocess.py:93} INFO - 26/01/20 03:48:45 INFO FileScanRDD: Reading File path: file:///opt/spark-data/landing/transaction_events_1768879479.1820476.json, range: 41943040-46137344, partition values: [empty row]
[2026-01-20T03:48:46.009+0000] {subprocess.py:93} INFO - 26/01/20 03:48:45 INFO FileScanRDD: Reading File path: file:///opt/spark-data/landing/transaction_events_1768879479.1820476.json, range: 12582912-16777216, partition values: [empty row]
[2026-01-20T03:48:46.010+0000] {subprocess.py:93} INFO - 26/01/20 03:48:45 INFO CodeGenerator: Code generated in 10.007771 ms
[2026-01-20T03:48:46.011+0000] {subprocess.py:93} INFO - 26/01/20 03:48:45 INFO CodeGenerator: Code generated in 4.209047 ms
[2026-01-20T03:48:46.197+0000] {subprocess.py:93} INFO - 26/01/20 03:48:46 INFO FileScanRDD: Reading File path: file:///opt/spark-data/landing/transaction_events_1768879479.1820476.json, range: 0-4194304, partition values: [empty row]
[2026-01-20T03:48:46.585+0000] {subprocess.py:93} INFO - 26/01/20 03:48:46 INFO FileOutputCommitter: Saved output of task 'attempt_202601200348458384836711188802484_0008_m_000012_63' to file:/opt/spark-data/gold/advertising/_temporary/0/task_202601200348458384836711188802484_0008_m_000012
[2026-01-20T03:48:46.588+0000] {subprocess.py:93} INFO - 26/01/20 03:48:46 INFO SparkHadoopMapRedUtil: attempt_202601200348458384836711188802484_0008_m_000012_63: Committed. Elapsed time: 37 ms.
[2026-01-20T03:48:46.607+0000] {subprocess.py:93} INFO - 26/01/20 03:48:46 INFO Executor: Finished task 12.0 in stage 8.0 (TID 63). 2893 bytes result sent to driver
[2026-01-20T03:48:46.609+0000] {subprocess.py:93} INFO - 26/01/20 03:48:46 INFO TaskSetManager: Finished task 12.0 in stage 8.0 (TID 63) in 811 ms on 519d7d29de3d (executor driver) (1/13)
[2026-01-20T03:48:47.162+0000] {subprocess.py:93} INFO - 26/01/20 03:48:47 INFO FileOutputCommitter: Saved output of task 'attempt_202601200348458384836711188802484_0008_m_000007_58' to file:/opt/spark-data/gold/advertising/_temporary/0/task_202601200348458384836711188802484_0008_m_000007
[2026-01-20T03:48:47.164+0000] {subprocess.py:93} INFO - 26/01/20 03:48:47 INFO SparkHadoopMapRedUtil: attempt_202601200348458384836711188802484_0008_m_000007_58: Committed. Elapsed time: 47 ms.
[2026-01-20T03:48:47.170+0000] {subprocess.py:93} INFO - 26/01/20 03:48:47 INFO Executor: Finished task 7.0 in stage 8.0 (TID 58). 2936 bytes result sent to driver
[2026-01-20T03:48:47.171+0000] {subprocess.py:93} INFO - 26/01/20 03:48:47 INFO TaskSetManager: Finished task 7.0 in stage 8.0 (TID 58) in 1375 ms on 519d7d29de3d (executor driver) (2/13)
[2026-01-20T03:48:47.195+0000] {subprocess.py:93} INFO - 26/01/20 03:48:47 INFO FileOutputCommitter: Saved output of task 'attempt_202601200348458384836711188802484_0008_m_000004_55' to file:/opt/spark-data/gold/advertising/_temporary/0/task_202601200348458384836711188802484_0008_m_000004
[2026-01-20T03:48:47.198+0000] {subprocess.py:93} INFO - 26/01/20 03:48:47 INFO SparkHadoopMapRedUtil: attempt_202601200348458384836711188802484_0008_m_000004_55: Committed. Elapsed time: 62 ms.
[2026-01-20T03:48:47.200+0000] {subprocess.py:93} INFO - 26/01/20 03:48:47 INFO Executor: Finished task 4.0 in stage 8.0 (TID 55). 2893 bytes result sent to driver
[2026-01-20T03:48:47.202+0000] {subprocess.py:93} INFO - 26/01/20 03:48:47 INFO TaskSetManager: Finished task 4.0 in stage 8.0 (TID 55) in 1404 ms on 519d7d29de3d (executor driver) (3/13)
[2026-01-20T03:48:47.230+0000] {subprocess.py:93} INFO - 26/01/20 03:48:47 INFO BlockManagerInfo: Removed broadcast_10_piece0 on 519d7d29de3d:36629 in memory (size: 7.4 KiB, free: 432.7 MiB)
[2026-01-20T03:48:47.241+0000] {subprocess.py:93} INFO - 26/01/20 03:48:47 INFO FileOutputCommitter: Saved output of task 'attempt_202601200348458384836711188802484_0008_m_000003_54' to file:/opt/spark-data/gold/advertising/_temporary/0/task_202601200348458384836711188802484_0008_m_000003
[2026-01-20T03:48:47.243+0000] {subprocess.py:93} INFO - 26/01/20 03:48:47 INFO SparkHadoopMapRedUtil: attempt_202601200348458384836711188802484_0008_m_000003_54: Committed. Elapsed time: 93 ms.
[2026-01-20T03:48:47.245+0000] {subprocess.py:93} INFO - 26/01/20 03:48:47 INFO Executor: Finished task 3.0 in stage 8.0 (TID 54). 2893 bytes result sent to driver
[2026-01-20T03:48:47.247+0000] {subprocess.py:93} INFO - 26/01/20 03:48:47 INFO TaskSetManager: Finished task 3.0 in stage 8.0 (TID 54) in 1451 ms on 519d7d29de3d (executor driver) (4/13)
[2026-01-20T03:48:47.264+0000] {subprocess.py:93} INFO - 26/01/20 03:48:47 INFO FileOutputCommitter: Saved output of task 'attempt_202601200348458384836711188802484_0008_m_000006_57' to file:/opt/spark-data/gold/advertising/_temporary/0/task_202601200348458384836711188802484_0008_m_000006
[2026-01-20T03:48:47.265+0000] {subprocess.py:93} INFO - 26/01/20 03:48:47 INFO FileOutputCommitter: Saved output of task 'attempt_202601200348458384836711188802484_0008_m_000009_60' to file:/opt/spark-data/gold/advertising/_temporary/0/task_202601200348458384836711188802484_0008_m_000009
[2026-01-20T03:48:47.269+0000] {subprocess.py:93} INFO - 26/01/20 03:48:47 INFO SparkHadoopMapRedUtil: attempt_202601200348458384836711188802484_0008_m_000006_57: Committed. Elapsed time: 121 ms.
[2026-01-20T03:48:47.270+0000] {subprocess.py:93} INFO - 26/01/20 03:48:47 INFO SparkHadoopMapRedUtil: attempt_202601200348458384836711188802484_0008_m_000009_60: Committed. Elapsed time: 122 ms.
[2026-01-20T03:48:47.271+0000] {subprocess.py:93} INFO - 26/01/20 03:48:47 INFO FileOutputCommitter: Saved output of task 'attempt_202601200348458384836711188802484_0008_m_000010_61' to file:/opt/spark-data/gold/advertising/_temporary/0/task_202601200348458384836711188802484_0008_m_000010
[2026-01-20T03:48:47.272+0000] {subprocess.py:93} INFO - 26/01/20 03:48:47 INFO SparkHadoopMapRedUtil: attempt_202601200348458384836711188802484_0008_m_000010_61: Committed. Elapsed time: 124 ms.
[2026-01-20T03:48:47.273+0000] {subprocess.py:93} INFO - 26/01/20 03:48:47 INFO Executor: Finished task 6.0 in stage 8.0 (TID 57). 2893 bytes result sent to driver
[2026-01-20T03:48:47.273+0000] {subprocess.py:93} INFO - 26/01/20 03:48:47 INFO Executor: Finished task 9.0 in stage 8.0 (TID 60). 2893 bytes result sent to driver
[2026-01-20T03:48:47.274+0000] {subprocess.py:93} INFO - 26/01/20 03:48:47 INFO Executor: Finished task 10.0 in stage 8.0 (TID 61). 2893 bytes result sent to driver
[2026-01-20T03:48:47.275+0000] {subprocess.py:93} INFO - 26/01/20 03:48:47 INFO TaskSetManager: Finished task 6.0 in stage 8.0 (TID 57) in 1472 ms on 519d7d29de3d (executor driver) (5/13)
[2026-01-20T03:48:47.276+0000] {subprocess.py:93} INFO - 26/01/20 03:48:47 INFO TaskSetManager: Finished task 9.0 in stage 8.0 (TID 60) in 1472 ms on 519d7d29de3d (executor driver) (6/13)
[2026-01-20T03:48:47.277+0000] {subprocess.py:93} INFO - 26/01/20 03:48:47 INFO TaskSetManager: Finished task 10.0 in stage 8.0 (TID 61) in 1473 ms on 519d7d29de3d (executor driver) (7/13)
[2026-01-20T03:48:47.278+0000] {subprocess.py:93} INFO - 26/01/20 03:48:47 INFO FileOutputCommitter: Saved output of task 'attempt_202601200348458384836711188802484_0008_m_000001_52' to file:/opt/spark-data/gold/advertising/_temporary/0/task_202601200348458384836711188802484_0008_m_000001
[2026-01-20T03:48:47.280+0000] {subprocess.py:93} INFO - 26/01/20 03:48:47 INFO SparkHadoopMapRedUtil: attempt_202601200348458384836711188802484_0008_m_000001_52: Committed. Elapsed time: 134 ms.
[2026-01-20T03:48:47.280+0000] {subprocess.py:93} INFO - 26/01/20 03:48:47 INFO Executor: Finished task 1.0 in stage 8.0 (TID 52). 2893 bytes result sent to driver
[2026-01-20T03:48:47.281+0000] {subprocess.py:93} INFO - 26/01/20 03:48:47 INFO TaskSetManager: Finished task 1.0 in stage 8.0 (TID 52) in 1485 ms on 519d7d29de3d (executor driver) (8/13)
[2026-01-20T03:48:47.283+0000] {subprocess.py:93} INFO - 26/01/20 03:48:47 INFO FileOutputCommitter: Saved output of task 'attempt_202601200348458384836711188802484_0008_m_000011_62' to file:/opt/spark-data/gold/advertising/_temporary/0/task_202601200348458384836711188802484_0008_m_000011
[2026-01-20T03:48:47.284+0000] {subprocess.py:93} INFO - 26/01/20 03:48:47 INFO SparkHadoopMapRedUtil: attempt_202601200348458384836711188802484_0008_m_000011_62: Committed. Elapsed time: 141 ms.
[2026-01-20T03:48:47.285+0000] {subprocess.py:93} INFO - 26/01/20 03:48:47 INFO Executor: Finished task 11.0 in stage 8.0 (TID 62). 2893 bytes result sent to driver
[2026-01-20T03:48:47.287+0000] {subprocess.py:93} INFO - 26/01/20 03:48:47 INFO TaskSetManager: Finished task 11.0 in stage 8.0 (TID 62) in 1490 ms on 519d7d29de3d (executor driver) (9/13)
[2026-01-20T03:48:47.290+0000] {subprocess.py:93} INFO - 26/01/20 03:48:47 INFO FileOutputCommitter: Saved output of task 'attempt_202601200348458384836711188802484_0008_m_000008_59' to file:/opt/spark-data/gold/advertising/_temporary/0/task_202601200348458384836711188802484_0008_m_000008
[2026-01-20T03:48:47.290+0000] {subprocess.py:93} INFO - 26/01/20 03:48:47 INFO SparkHadoopMapRedUtil: attempt_202601200348458384836711188802484_0008_m_000008_59: Committed. Elapsed time: 111 ms.
[2026-01-20T03:48:47.294+0000] {subprocess.py:93} INFO - 26/01/20 03:48:47 INFO Executor: Finished task 8.0 in stage 8.0 (TID 59). 2893 bytes result sent to driver
[2026-01-20T03:48:47.296+0000] {subprocess.py:93} INFO - 26/01/20 03:48:47 INFO TaskSetManager: Finished task 8.0 in stage 8.0 (TID 59) in 1498 ms on 519d7d29de3d (executor driver) (10/13)
[2026-01-20T03:48:47.297+0000] {subprocess.py:93} INFO - 26/01/20 03:48:47 INFO FileOutputCommitter: Saved output of task 'attempt_202601200348458384836711188802484_0008_m_000000_51' to file:/opt/spark-data/gold/advertising/_temporary/0/task_202601200348458384836711188802484_0008_m_000000
[2026-01-20T03:48:47.298+0000] {subprocess.py:93} INFO - 26/01/20 03:48:47 INFO SparkHadoopMapRedUtil: attempt_202601200348458384836711188802484_0008_m_000000_51: Committed. Elapsed time: 117 ms.
[2026-01-20T03:48:47.300+0000] {subprocess.py:93} INFO - 26/01/20 03:48:47 INFO Executor: Finished task 0.0 in stage 8.0 (TID 51). 2893 bytes result sent to driver
[2026-01-20T03:48:47.301+0000] {subprocess.py:93} INFO - 26/01/20 03:48:47 INFO TaskSetManager: Finished task 0.0 in stage 8.0 (TID 51) in 1507 ms on 519d7d29de3d (executor driver) (11/13)
[2026-01-20T03:48:47.305+0000] {subprocess.py:93} INFO - 26/01/20 03:48:47 INFO FileOutputCommitter: Saved output of task 'attempt_202601200348458384836711188802484_0008_m_000005_56' to file:/opt/spark-data/gold/advertising/_temporary/0/task_202601200348458384836711188802484_0008_m_000005
[2026-01-20T03:48:47.306+0000] {subprocess.py:93} INFO - 26/01/20 03:48:47 INFO SparkHadoopMapRedUtil: attempt_202601200348458384836711188802484_0008_m_000005_56: Committed. Elapsed time: 125 ms.
[2026-01-20T03:48:47.308+0000] {subprocess.py:93} INFO - 26/01/20 03:48:47 INFO Executor: Finished task 5.0 in stage 8.0 (TID 56). 2893 bytes result sent to driver
[2026-01-20T03:48:47.309+0000] {subprocess.py:93} INFO - 26/01/20 03:48:47 INFO TaskSetManager: Finished task 5.0 in stage 8.0 (TID 56) in 1514 ms on 519d7d29de3d (executor driver) (12/13)
[2026-01-20T03:48:47.315+0000] {subprocess.py:93} INFO - 26/01/20 03:48:47 INFO FileOutputCommitter: Saved output of task 'attempt_202601200348458384836711188802484_0008_m_000002_53' to file:/opt/spark-data/gold/advertising/_temporary/0/task_202601200348458384836711188802484_0008_m_000002
[2026-01-20T03:48:47.316+0000] {subprocess.py:93} INFO - 26/01/20 03:48:47 INFO SparkHadoopMapRedUtil: attempt_202601200348458384836711188802484_0008_m_000002_53: Committed. Elapsed time: 129 ms.
[2026-01-20T03:48:47.318+0000] {subprocess.py:93} INFO - 26/01/20 03:48:47 INFO Executor: Finished task 2.0 in stage 8.0 (TID 53). 2893 bytes result sent to driver
[2026-01-20T03:48:47.319+0000] {subprocess.py:93} INFO - 26/01/20 03:48:47 INFO TaskSetManager: Finished task 2.0 in stage 8.0 (TID 53) in 1525 ms on 519d7d29de3d (executor driver) (13/13)
[2026-01-20T03:48:47.320+0000] {subprocess.py:93} INFO - 26/01/20 03:48:47 INFO TaskSchedulerImpl: Removed TaskSet 8.0, whose tasks have all completed, from pool
[2026-01-20T03:48:47.321+0000] {subprocess.py:93} INFO - 26/01/20 03:48:47 INFO DAGScheduler: ResultStage 8 (csv at NativeMethodAccessorImpl.java:0) finished in 1.572 s
[2026-01-20T03:48:47.321+0000] {subprocess.py:93} INFO - 26/01/20 03:48:47 INFO DAGScheduler: Job 6 is finished. Cancelling potential speculative or zombie tasks for this job
[2026-01-20T03:48:47.322+0000] {subprocess.py:93} INFO - 26/01/20 03:48:47 INFO TaskSchedulerImpl: Killing all running tasks in stage 8: Stage finished
[2026-01-20T03:48:47.323+0000] {subprocess.py:93} INFO - 26/01/20 03:48:47 INFO DAGScheduler: Job 6 finished: csv at NativeMethodAccessorImpl.java:0, took 1.576891 s
[2026-01-20T03:48:47.324+0000] {subprocess.py:93} INFO - 26/01/20 03:48:47 INFO FileFormatWriter: Start to commit write Job 15d2718c-3de9-404e-9f87-ca093a30b6dd.
[2026-01-20T03:48:49.463+0000] {subprocess.py:93} INFO - 26/01/20 03:48:49 INFO FileFormatWriter: Write Job 15d2718c-3de9-404e-9f87-ca093a30b6dd committed. Elapsed time: 2139 ms.
[2026-01-20T03:48:49.466+0000] {subprocess.py:93} INFO - 26/01/20 03:48:49 INFO FileFormatWriter: Finished processing stats for write job 15d2718c-3de9-404e-9f87-ca093a30b6dd.
[2026-01-20T03:48:49.668+0000] {subprocess.py:93} INFO - 26/01/20 03:48:49 INFO FileSourceStrategy: Pushed Filters:
[2026-01-20T03:48:49.669+0000] {subprocess.py:93} INFO - 26/01/20 03:48:49 INFO FileSourceStrategy: Post-Scan Filters:
[2026-01-20T03:48:49.694+0000] {subprocess.py:93} INFO - 26/01/20 03:48:49 INFO CodeGenerator: Code generated in 6.844332 ms
[2026-01-20T03:48:49.697+0000] {subprocess.py:93} INFO - 26/01/20 03:48:49 INFO MemoryStore: Block broadcast_14 stored as values in memory (estimated size 199.1 KiB, free 422.9 MiB)
[2026-01-20T03:48:49.706+0000] {subprocess.py:93} INFO - 26/01/20 03:48:49 INFO MemoryStore: Block broadcast_14_piece0 stored as bytes in memory (estimated size 34.2 KiB, free 422.9 MiB)
[2026-01-20T03:48:49.707+0000] {subprocess.py:93} INFO - 26/01/20 03:48:49 INFO BlockManagerInfo: Added broadcast_14_piece0 in memory on 519d7d29de3d:36629 (size: 34.2 KiB, free: 432.7 MiB)
[2026-01-20T03:48:49.708+0000] {subprocess.py:93} INFO - 26/01/20 03:48:49 INFO SparkContext: Created broadcast 14 from csv at NativeMethodAccessorImpl.java:0
[2026-01-20T03:48:49.709+0000] {subprocess.py:93} INFO - 26/01/20 03:48:49 INFO FileSourceScanExec: Planning scan with bin packing, max size: 4194304 bytes, open cost is considered as scanning 4194304 bytes.
[2026-01-20T03:48:49.716+0000] {subprocess.py:93} INFO - 26/01/20 03:48:49 INFO DAGScheduler: Registering RDD 34 (csv at NativeMethodAccessorImpl.java:0) as input to shuffle 2
[2026-01-20T03:48:49.717+0000] {subprocess.py:93} INFO - 26/01/20 03:48:49 INFO DAGScheduler: Got map stage job 7 (csv at NativeMethodAccessorImpl.java:0) with 13 output partitions
[2026-01-20T03:48:49.717+0000] {subprocess.py:93} INFO - 26/01/20 03:48:49 INFO DAGScheduler: Final stage: ShuffleMapStage 9 (csv at NativeMethodAccessorImpl.java:0)
[2026-01-20T03:48:49.718+0000] {subprocess.py:93} INFO - 26/01/20 03:48:49 INFO DAGScheduler: Parents of final stage: List()
[2026-01-20T03:48:49.719+0000] {subprocess.py:93} INFO - 26/01/20 03:48:49 INFO DAGScheduler: Missing parents: List()
[2026-01-20T03:48:49.720+0000] {subprocess.py:93} INFO - 26/01/20 03:48:49 INFO DAGScheduler: Submitting ShuffleMapStage 9 (MapPartitionsRDD[34] at csv at NativeMethodAccessorImpl.java:0), which has no missing parents
[2026-01-20T03:48:49.721+0000] {subprocess.py:93} INFO - 26/01/20 03:48:49 INFO MemoryStore: Block broadcast_15 stored as values in memory (estimated size 18.5 KiB, free 422.8 MiB)
[2026-01-20T03:48:49.722+0000] {subprocess.py:93} INFO - 26/01/20 03:48:49 INFO MemoryStore: Block broadcast_15_piece0 stored as bytes in memory (estimated size 8.8 KiB, free 422.8 MiB)
[2026-01-20T03:48:49.722+0000] {subprocess.py:93} INFO - 26/01/20 03:48:49 INFO BlockManagerInfo: Added broadcast_15_piece0 in memory on 519d7d29de3d:36629 (size: 8.8 KiB, free: 432.7 MiB)
[2026-01-20T03:48:49.723+0000] {subprocess.py:93} INFO - 26/01/20 03:48:49 INFO SparkContext: Created broadcast 15 from broadcast at DAGScheduler.scala:1580
[2026-01-20T03:48:49.724+0000] {subprocess.py:93} INFO - 26/01/20 03:48:49 INFO DAGScheduler: Submitting 13 missing tasks from ShuffleMapStage 9 (MapPartitionsRDD[34] at csv at NativeMethodAccessorImpl.java:0) (first 15 tasks are for partitions Vector(0, 1, 2, 3, 4, 5, 6, 7, 8, 9, 10, 11, 12))
[2026-01-20T03:48:49.725+0000] {subprocess.py:93} INFO - 26/01/20 03:48:49 INFO TaskSchedulerImpl: Adding task set 9.0 with 13 tasks resource profile 0
[2026-01-20T03:48:49.725+0000] {subprocess.py:93} INFO - 26/01/20 03:48:49 INFO TaskSetManager: Starting task 0.0 in stage 9.0 (TID 64) (519d7d29de3d, executor driver, partition 0, PROCESS_LOCAL, 8240 bytes)
[2026-01-20T03:48:49.726+0000] {subprocess.py:93} INFO - 26/01/20 03:48:49 INFO TaskSetManager: Starting task 1.0 in stage 9.0 (TID 65) (519d7d29de3d, executor driver, partition 1, PROCESS_LOCAL, 8240 bytes)
[2026-01-20T03:48:49.727+0000] {subprocess.py:93} INFO - 26/01/20 03:48:49 INFO TaskSetManager: Starting task 2.0 in stage 9.0 (TID 66) (519d7d29de3d, executor driver, partition 2, PROCESS_LOCAL, 8240 bytes)
[2026-01-20T03:48:49.727+0000] {subprocess.py:93} INFO - 26/01/20 03:48:49 INFO TaskSetManager: Starting task 3.0 in stage 9.0 (TID 67) (519d7d29de3d, executor driver, partition 3, PROCESS_LOCAL, 8240 bytes)
[2026-01-20T03:48:49.728+0000] {subprocess.py:93} INFO - 26/01/20 03:48:49 INFO TaskSetManager: Starting task 4.0 in stage 9.0 (TID 68) (519d7d29de3d, executor driver, partition 4, PROCESS_LOCAL, 8240 bytes)
[2026-01-20T03:48:49.734+0000] {subprocess.py:93} INFO - 26/01/20 03:48:49 INFO TaskSetManager: Starting task 5.0 in stage 9.0 (TID 69) (519d7d29de3d, executor driver, partition 5, PROCESS_LOCAL, 8240 bytes)
[2026-01-20T03:48:49.735+0000] {subprocess.py:93} INFO - 26/01/20 03:48:49 INFO TaskSetManager: Starting task 6.0 in stage 9.0 (TID 70) (519d7d29de3d, executor driver, partition 6, PROCESS_LOCAL, 8240 bytes)
[2026-01-20T03:48:49.737+0000] {subprocess.py:93} INFO - 26/01/20 03:48:49 INFO TaskSetManager: Starting task 7.0 in stage 9.0 (TID 71) (519d7d29de3d, executor driver, partition 7, PROCESS_LOCAL, 8240 bytes)
[2026-01-20T03:48:49.737+0000] {subprocess.py:93} INFO - 26/01/20 03:48:49 INFO TaskSetManager: Starting task 8.0 in stage 9.0 (TID 72) (519d7d29de3d, executor driver, partition 8, PROCESS_LOCAL, 8240 bytes)
[2026-01-20T03:48:49.738+0000] {subprocess.py:93} INFO - 26/01/20 03:48:49 INFO TaskSetManager: Starting task 9.0 in stage 9.0 (TID 73) (519d7d29de3d, executor driver, partition 9, PROCESS_LOCAL, 8240 bytes)
[2026-01-20T03:48:49.739+0000] {subprocess.py:93} INFO - 26/01/20 03:48:49 INFO TaskSetManager: Starting task 10.0 in stage 9.0 (TID 74) (519d7d29de3d, executor driver, partition 10, PROCESS_LOCAL, 8240 bytes)
[2026-01-20T03:48:49.740+0000] {subprocess.py:93} INFO - 26/01/20 03:48:49 INFO TaskSetManager: Starting task 11.0 in stage 9.0 (TID 75) (519d7d29de3d, executor driver, partition 11, PROCESS_LOCAL, 8240 bytes)
[2026-01-20T03:48:49.742+0000] {subprocess.py:93} INFO - 26/01/20 03:48:49 INFO TaskSetManager: Starting task 12.0 in stage 9.0 (TID 76) (519d7d29de3d, executor driver, partition 12, PROCESS_LOCAL, 8240 bytes)
[2026-01-20T03:48:49.743+0000] {subprocess.py:93} INFO - 26/01/20 03:48:49 INFO Executor: Running task 0.0 in stage 9.0 (TID 64)
[2026-01-20T03:48:49.744+0000] {subprocess.py:93} INFO - 26/01/20 03:48:49 INFO Executor: Running task 2.0 in stage 9.0 (TID 66)
[2026-01-20T03:48:49.745+0000] {subprocess.py:93} INFO - 26/01/20 03:48:49 INFO Executor: Running task 5.0 in stage 9.0 (TID 69)
[2026-01-20T03:48:49.746+0000] {subprocess.py:93} INFO - 26/01/20 03:48:49 INFO Executor: Running task 4.0 in stage 9.0 (TID 68)
[2026-01-20T03:48:49.747+0000] {subprocess.py:93} INFO - 26/01/20 03:48:49 INFO Executor: Running task 1.0 in stage 9.0 (TID 65)
[2026-01-20T03:48:49.747+0000] {subprocess.py:93} INFO - 26/01/20 03:48:49 INFO Executor: Running task 6.0 in stage 9.0 (TID 70)
[2026-01-20T03:48:49.748+0000] {subprocess.py:93} INFO - 26/01/20 03:48:49 INFO Executor: Running task 10.0 in stage 9.0 (TID 74)
[2026-01-20T03:48:49.749+0000] {subprocess.py:93} INFO - 26/01/20 03:48:49 INFO Executor: Running task 8.0 in stage 9.0 (TID 72)
[2026-01-20T03:48:49.750+0000] {subprocess.py:93} INFO - 26/01/20 03:48:49 INFO Executor: Running task 12.0 in stage 9.0 (TID 76)
[2026-01-20T03:48:49.751+0000] {subprocess.py:93} INFO - 26/01/20 03:48:49 INFO Executor: Running task 11.0 in stage 9.0 (TID 75)
[2026-01-20T03:48:49.752+0000] {subprocess.py:93} INFO - 26/01/20 03:48:49 INFO Executor: Running task 9.0 in stage 9.0 (TID 73)
[2026-01-20T03:48:49.753+0000] {subprocess.py:93} INFO - 26/01/20 03:48:49 INFO Executor: Running task 7.0 in stage 9.0 (TID 71)
[2026-01-20T03:48:49.754+0000] {subprocess.py:93} INFO - 26/01/20 03:48:49 INFO Executor: Running task 3.0 in stage 9.0 (TID 67)
[2026-01-20T03:48:49.755+0000] {subprocess.py:93} INFO - 26/01/20 03:48:49 INFO CodeGenerator: Code generated in 7.013354 ms
[2026-01-20T03:48:49.756+0000] {subprocess.py:93} INFO - 26/01/20 03:48:49 INFO CodeGenerator: Code generated in 7.639038 ms
[2026-01-20T03:48:49.756+0000] {subprocess.py:93} INFO - 26/01/20 03:48:49 INFO FileScanRDD: Reading File path: file:///opt/spark-data/landing/transaction_events_1768879479.1820476.json, range: 16777216-20971520, partition values: [empty row]
[2026-01-20T03:48:49.757+0000] {subprocess.py:93} INFO - 26/01/20 03:48:49 INFO FileScanRDD: Reading File path: file:///opt/spark-data/landing/transaction_events_1768879479.1820476.json, range: 0-4194304, partition values: [empty row]
[2026-01-20T03:48:49.758+0000] {subprocess.py:93} INFO - 26/01/20 03:48:49 INFO FileScanRDD: Reading File path: file:///opt/spark-data/landing/transaction_events_1768879479.1820476.json, range: 33554432-37748736, partition values: [empty row]
[2026-01-20T03:48:49.759+0000] {subprocess.py:93} INFO - 26/01/20 03:48:49 INFO FileScanRDD: Reading File path: file:///opt/spark-data/landing/transaction_events_1768879479.1820476.json, range: 37748736-41943040, partition values: [empty row]
[2026-01-20T03:48:49.760+0000] {subprocess.py:93} INFO - 26/01/20 03:48:49 INFO FileScanRDD: Reading File path: file:///opt/spark-data/landing/transaction_events_1768879479.1820476.json, range: 8388608-12582912, partition values: [empty row]
[2026-01-20T03:48:49.761+0000] {subprocess.py:93} INFO - 26/01/20 03:48:49 INFO FileScanRDD: Reading File path: file:///opt/spark-data/landing/transaction_events_1768879479.1820476.json, range: 12582912-16777216, partition values: [empty row]
[2026-01-20T03:48:49.762+0000] {subprocess.py:93} INFO - 26/01/20 03:48:49 INFO FileScanRDD: Reading File path: file:///opt/spark-data/landing/transaction_events_1768879479.1820476.json, range: 4194304-8388608, partition values: [empty row]
[2026-01-20T03:48:49.763+0000] {subprocess.py:93} INFO - 26/01/20 03:48:49 INFO FileScanRDD: Reading File path: file:///opt/spark-data/landing/transaction_events_1768879479.1820476.json, range: 41943040-46137344, partition values: [empty row]
[2026-01-20T03:48:49.763+0000] {subprocess.py:93} INFO - 26/01/20 03:48:49 INFO FileScanRDD: Reading File path: file:///opt/spark-data/landing/transaction_events_1768879479.1820476.json, range: 50331648-51561162, partition values: [empty row]
[2026-01-20T03:48:49.764+0000] {subprocess.py:93} INFO - 26/01/20 03:48:49 INFO FileScanRDD: Reading File path: file:///opt/spark-data/landing/transaction_events_1768879479.1820476.json, range: 25165824-29360128, partition values: [empty row]
[2026-01-20T03:48:49.766+0000] {subprocess.py:93} INFO - 26/01/20 03:48:49 INFO FileScanRDD: Reading File path: file:///opt/spark-data/landing/transaction_events_1768879479.1820476.json, range: 46137344-50331648, partition values: [empty row]
[2026-01-20T03:48:49.767+0000] {subprocess.py:93} INFO - 26/01/20 03:48:49 INFO FileScanRDD: Reading File path: file:///opt/spark-data/landing/transaction_events_1768879479.1820476.json, range: 29360128-33554432, partition values: [empty row]
[2026-01-20T03:48:49.767+0000] {subprocess.py:93} INFO - 26/01/20 03:48:49 INFO FileScanRDD: Reading File path: file:///opt/spark-data/landing/transaction_events_1768879479.1820476.json, range: 20971520-25165824, partition values: [empty row]
[2026-01-20T03:48:49.768+0000] {subprocess.py:93} INFO - 26/01/20 03:48:49 INFO CodeGenerator: Code generated in 8.313182 ms
[2026-01-20T03:48:50.207+0000] {subprocess.py:93} INFO - 26/01/20 03:48:50 INFO Executor: Finished task 12.0 in stage 9.0 (TID 76). 2075 bytes result sent to driver
[2026-01-20T03:48:50.210+0000] {subprocess.py:93} INFO - 26/01/20 03:48:50 INFO TaskSetManager: Finished task 12.0 in stage 9.0 (TID 76) in 481 ms on 519d7d29de3d (executor driver) (1/13)
[2026-01-20T03:48:50.267+0000] {subprocess.py:93} INFO - 26/01/20 03:48:50 INFO BlockManagerInfo: Removed broadcast_12_piece0 on 519d7d29de3d:36629 in memory (size: 34.2 KiB, free: 432.7 MiB)
[2026-01-20T03:48:50.284+0000] {subprocess.py:93} INFO - 26/01/20 03:48:50 INFO BlockManagerInfo: Removed broadcast_13_piece0 on 519d7d29de3d:36629 in memory (size: 82.8 KiB, free: 432.8 MiB)
[2026-01-20T03:48:50.296+0000] {subprocess.py:93} INFO - 26/01/20 03:48:50 INFO BlockManagerInfo: Removed broadcast_11_piece0 on 519d7d29de3d:36629 in memory (size: 1578.1 KiB, free: 434.3 MiB)
[2026-01-20T03:48:50.306+0000] {subprocess.py:93} INFO - 26/01/20 03:48:50 INFO BlockManagerInfo: Removed broadcast_9_piece0 on 519d7d29de3d:36629 in memory (size: 34.2 KiB, free: 434.4 MiB)
[2026-01-20T03:48:50.557+0000] {subprocess.py:93} INFO - 26/01/20 03:48:50 INFO Executor: Finished task 0.0 in stage 9.0 (TID 64). 2032 bytes result sent to driver
[2026-01-20T03:48:50.559+0000] {subprocess.py:93} INFO - 26/01/20 03:48:50 INFO TaskSetManager: Finished task 0.0 in stage 9.0 (TID 64) in 834 ms on 519d7d29de3d (executor driver) (2/13)
[2026-01-20T03:48:50.642+0000] {subprocess.py:93} INFO - 26/01/20 03:48:50 INFO Executor: Finished task 6.0 in stage 9.0 (TID 70). 2032 bytes result sent to driver
[2026-01-20T03:48:50.643+0000] {subprocess.py:93} INFO - 26/01/20 03:48:50 INFO TaskSetManager: Finished task 6.0 in stage 9.0 (TID 70) in 916 ms on 519d7d29de3d (executor driver) (3/13)
[2026-01-20T03:48:50.647+0000] {subprocess.py:93} INFO - 26/01/20 03:48:50 INFO Executor: Finished task 1.0 in stage 9.0 (TID 65). 2032 bytes result sent to driver
[2026-01-20T03:48:50.648+0000] {subprocess.py:93} INFO - 26/01/20 03:48:50 INFO Executor: Finished task 5.0 in stage 9.0 (TID 69). 2032 bytes result sent to driver
[2026-01-20T03:48:50.649+0000] {subprocess.py:93} INFO - 26/01/20 03:48:50 INFO TaskSetManager: Finished task 1.0 in stage 9.0 (TID 65) in 923 ms on 519d7d29de3d (executor driver) (4/13)
[2026-01-20T03:48:50.650+0000] {subprocess.py:93} INFO - 26/01/20 03:48:50 INFO Executor: Finished task 4.0 in stage 9.0 (TID 68). 2032 bytes result sent to driver
[2026-01-20T03:48:50.651+0000] {subprocess.py:93} INFO - 26/01/20 03:48:50 INFO TaskSetManager: Finished task 5.0 in stage 9.0 (TID 69) in 924 ms on 519d7d29de3d (executor driver) (5/13)
[2026-01-20T03:48:50.651+0000] {subprocess.py:93} INFO - 26/01/20 03:48:50 INFO TaskSetManager: Finished task 4.0 in stage 9.0 (TID 68) in 924 ms on 519d7d29de3d (executor driver) (6/13)
[2026-01-20T03:48:50.655+0000] {subprocess.py:93} INFO - 26/01/20 03:48:50 INFO Executor: Finished task 2.0 in stage 9.0 (TID 66). 2032 bytes result sent to driver
[2026-01-20T03:48:50.656+0000] {subprocess.py:93} INFO - 26/01/20 03:48:50 INFO TaskSetManager: Finished task 2.0 in stage 9.0 (TID 66) in 931 ms on 519d7d29de3d (executor driver) (7/13)
[2026-01-20T03:48:50.658+0000] {subprocess.py:93} INFO - 26/01/20 03:48:50 INFO Executor: Finished task 3.0 in stage 9.0 (TID 67). 2032 bytes result sent to driver
[2026-01-20T03:48:50.660+0000] {subprocess.py:93} INFO - 26/01/20 03:48:50 INFO TaskSetManager: Finished task 3.0 in stage 9.0 (TID 67) in 933 ms on 519d7d29de3d (executor driver) (8/13)
[2026-01-20T03:48:50.661+0000] {subprocess.py:93} INFO - 26/01/20 03:48:50 INFO Executor: Finished task 7.0 in stage 9.0 (TID 71). 2032 bytes result sent to driver
[2026-01-20T03:48:50.663+0000] {subprocess.py:93} INFO - 26/01/20 03:48:50 INFO Executor: Finished task 9.0 in stage 9.0 (TID 73). 2032 bytes result sent to driver
[2026-01-20T03:48:50.665+0000] {subprocess.py:93} INFO - 26/01/20 03:48:50 INFO TaskSetManager: Finished task 7.0 in stage 9.0 (TID 71) in 933 ms on 519d7d29de3d (executor driver) (9/13)
[2026-01-20T03:48:50.666+0000] {subprocess.py:93} INFO - 26/01/20 03:48:50 INFO Executor: Finished task 8.0 in stage 9.0 (TID 72). 2032 bytes result sent to driver
[2026-01-20T03:48:50.668+0000] {subprocess.py:93} INFO - 26/01/20 03:48:50 INFO TaskSetManager: Finished task 9.0 in stage 9.0 (TID 73) in 934 ms on 519d7d29de3d (executor driver) (10/13)
[2026-01-20T03:48:50.669+0000] {subprocess.py:93} INFO - 26/01/20 03:48:50 INFO TaskSetManager: Finished task 8.0 in stage 9.0 (TID 72) in 935 ms on 519d7d29de3d (executor driver) (11/13)
[2026-01-20T03:48:50.670+0000] {subprocess.py:93} INFO - 26/01/20 03:48:50 INFO Executor: Finished task 11.0 in stage 9.0 (TID 75). 2032 bytes result sent to driver
[2026-01-20T03:48:50.671+0000] {subprocess.py:93} INFO - 26/01/20 03:48:50 INFO TaskSetManager: Finished task 11.0 in stage 9.0 (TID 75) in 937 ms on 519d7d29de3d (executor driver) (12/13)
[2026-01-20T03:48:50.672+0000] {subprocess.py:93} INFO - 26/01/20 03:48:50 INFO Executor: Finished task 10.0 in stage 9.0 (TID 74). 2032 bytes result sent to driver
[2026-01-20T03:48:50.672+0000] {subprocess.py:93} INFO - 26/01/20 03:48:50 INFO TaskSetManager: Finished task 10.0 in stage 9.0 (TID 74) in 944 ms on 519d7d29de3d (executor driver) (13/13)
[2026-01-20T03:48:50.673+0000] {subprocess.py:93} INFO - 26/01/20 03:48:50 INFO TaskSchedulerImpl: Removed TaskSet 9.0, whose tasks have all completed, from pool
[2026-01-20T03:48:50.674+0000] {subprocess.py:93} INFO - 26/01/20 03:48:50 INFO DAGScheduler: ShuffleMapStage 9 (csv at NativeMethodAccessorImpl.java:0) finished in 0.954 s
[2026-01-20T03:48:50.675+0000] {subprocess.py:93} INFO - 26/01/20 03:48:50 INFO DAGScheduler: looking for newly runnable stages
[2026-01-20T03:48:50.676+0000] {subprocess.py:93} INFO - 26/01/20 03:48:50 INFO DAGScheduler: running: Set()
[2026-01-20T03:48:50.677+0000] {subprocess.py:93} INFO - 26/01/20 03:48:50 INFO DAGScheduler: waiting: Set()
[2026-01-20T03:48:50.678+0000] {subprocess.py:93} INFO - 26/01/20 03:48:50 INFO DAGScheduler: failed: Set()
[2026-01-20T03:48:50.679+0000] {subprocess.py:93} INFO - 26/01/20 03:48:50 INFO ShufflePartitionsUtil: For shuffle(2), advisory target size: 67108864, actual target size 1048576, minimum partition size: 1048576
[2026-01-20T03:48:50.773+0000] {subprocess.py:93} INFO - 26/01/20 03:48:50 INFO FileOutputCommitter: File Output Committer Algorithm version is 1
[2026-01-20T03:48:50.774+0000] {subprocess.py:93} INFO - 26/01/20 03:48:50 INFO FileOutputCommitter: FileOutputCommitter skip cleanup _temporary folders under output directory:false, ignore cleanup failures: false
[2026-01-20T03:48:50.775+0000] {subprocess.py:93} INFO - 26/01/20 03:48:50 INFO SQLHadoopMapReduceCommitProtocol: Using output committer class org.apache.hadoop.mapreduce.lib.output.FileOutputCommitter
[2026-01-20T03:48:50.899+0000] {subprocess.py:93} INFO - 26/01/20 03:48:50 INFO CodeGenerator: Code generated in 12.392557 ms
[2026-01-20T03:48:50.988+0000] {subprocess.py:93} INFO - 26/01/20 03:48:50 INFO SparkContext: Starting job: csv at NativeMethodAccessorImpl.java:0
[2026-01-20T03:48:50.993+0000] {subprocess.py:93} INFO - 26/01/20 03:48:50 INFO DAGScheduler: Got job 8 (csv at NativeMethodAccessorImpl.java:0) with 1 output partitions
[2026-01-20T03:48:50.995+0000] {subprocess.py:93} INFO - 26/01/20 03:48:50 INFO DAGScheduler: Final stage: ResultStage 11 (csv at NativeMethodAccessorImpl.java:0)
[2026-01-20T03:48:50.995+0000] {subprocess.py:93} INFO - 26/01/20 03:48:50 INFO DAGScheduler: Parents of final stage: List(ShuffleMapStage 10)
[2026-01-20T03:48:50.996+0000] {subprocess.py:93} INFO - 26/01/20 03:48:50 INFO DAGScheduler: Missing parents: List()
[2026-01-20T03:48:50.997+0000] {subprocess.py:93} INFO - 26/01/20 03:48:50 INFO DAGScheduler: Submitting ResultStage 11 (MapPartitionsRDD[41] at csv at NativeMethodAccessorImpl.java:0), which has no missing parents
[2026-01-20T03:48:51.013+0000] {subprocess.py:93} INFO - 26/01/20 03:48:51 INFO MemoryStore: Block broadcast_16 stored as values in memory (estimated size 244.7 KiB, free 433.9 MiB)
[2026-01-20T03:48:51.015+0000] {subprocess.py:93} INFO - 26/01/20 03:48:51 INFO MemoryStore: Block broadcast_16_piece0 stored as bytes in memory (estimated size 91.6 KiB, free 433.8 MiB)
[2026-01-20T03:48:51.015+0000] {subprocess.py:93} INFO - 26/01/20 03:48:51 INFO BlockManagerInfo: Added broadcast_16_piece0 in memory on 519d7d29de3d:36629 (size: 91.6 KiB, free: 434.3 MiB)
[2026-01-20T03:48:51.016+0000] {subprocess.py:93} INFO - 26/01/20 03:48:51 INFO SparkContext: Created broadcast 16 from broadcast at DAGScheduler.scala:1580
[2026-01-20T03:48:51.017+0000] {subprocess.py:93} INFO - 26/01/20 03:48:51 INFO DAGScheduler: Submitting 1 missing tasks from ResultStage 11 (MapPartitionsRDD[41] at csv at NativeMethodAccessorImpl.java:0) (first 15 tasks are for partitions Vector(0))
[2026-01-20T03:48:51.018+0000] {subprocess.py:93} INFO - 26/01/20 03:48:51 INFO TaskSchedulerImpl: Adding task set 11.0 with 1 tasks resource profile 0
[2026-01-20T03:48:51.021+0000] {subprocess.py:93} INFO - 26/01/20 03:48:51 INFO TaskSetManager: Starting task 0.0 in stage 11.0 (TID 77) (519d7d29de3d, executor driver, partition 0, NODE_LOCAL, 7975 bytes)
[2026-01-20T03:48:51.022+0000] {subprocess.py:93} INFO - 26/01/20 03:48:51 INFO Executor: Running task 0.0 in stage 11.0 (TID 77)
[2026-01-20T03:48:51.056+0000] {subprocess.py:93} INFO - 26/01/20 03:48:51 INFO FileOutputCommitter: File Output Committer Algorithm version is 1
[2026-01-20T03:48:51.057+0000] {subprocess.py:93} INFO - 26/01/20 03:48:51 INFO FileOutputCommitter: FileOutputCommitter skip cleanup _temporary folders under output directory:false, ignore cleanup failures: false
[2026-01-20T03:48:51.058+0000] {subprocess.py:93} INFO - 26/01/20 03:48:51 INFO SQLHadoopMapReduceCommitProtocol: Using output committer class org.apache.hadoop.mapreduce.lib.output.FileOutputCommitter
[2026-01-20T03:48:51.227+0000] {subprocess.py:93} INFO - 26/01/20 03:48:51 INFO ShuffleBlockFetcherIterator: Getting 13 (1044.2 KiB) non-empty blocks including 13 (1044.2 KiB) local and 0 (0.0 B) host-local and 0 (0.0 B) push-merged-local and 0 (0.0 B) remote blocks
[2026-01-20T03:48:51.228+0000] {subprocess.py:93} INFO - 26/01/20 03:48:51 INFO ShuffleBlockFetcherIterator: Started 0 remote fetches in 2 ms
[2026-01-20T03:48:51.235+0000] {subprocess.py:93} INFO - 26/01/20 03:48:51 INFO CodeGenerator: Code generated in 6.454081 ms
[2026-01-20T03:48:51.241+0000] {subprocess.py:93} INFO - 26/01/20 03:48:51 INFO CodeGenerator: Code generated in 4.464434 ms
[2026-01-20T03:48:51.249+0000] {subprocess.py:93} INFO - 26/01/20 03:48:51 INFO CodeGenerator: Code generated in 6.003017 ms
[2026-01-20T03:48:51.265+0000] {subprocess.py:93} INFO - 26/01/20 03:48:51 INFO CodeGenerator: Code generated in 5.614505 ms
[2026-01-20T03:48:51.310+0000] {subprocess.py:93} INFO - 26/01/20 03:48:51 INFO CodeGenerator: Code generated in 5.277538 ms
[2026-01-20T03:48:51.322+0000] {subprocess.py:93} INFO - 26/01/20 03:48:51 INFO CodeGenerator: Code generated in 5.793839 ms
[2026-01-20T03:48:51.329+0000] {subprocess.py:93} INFO - 26/01/20 03:48:51 INFO CodeGenerator: Code generated in 4.802244 ms
[2026-01-20T03:48:51.336+0000] {subprocess.py:93} INFO - 26/01/20 03:48:51 INFO CodeGenerator: Code generated in 4.520353 ms
[2026-01-20T03:48:51.344+0000] {subprocess.py:93} INFO - 26/01/20 03:48:51 INFO CodeGenerator: Code generated in 5.851987 ms
[2026-01-20T03:48:51.355+0000] {subprocess.py:93} INFO - 26/01/20 03:48:51 INFO CodeGenerator: Code generated in 5.955219 ms
[2026-01-20T03:48:51.400+0000] {subprocess.py:93} INFO - 26/01/20 03:48:51 INFO CodeGenerator: Code generated in 4.41154 ms
[2026-01-20T03:48:51.420+0000] {subprocess.py:93} INFO - 26/01/20 03:48:51 INFO CodeGenerator: Code generated in 6.666678 ms
[2026-01-20T03:48:51.426+0000] {subprocess.py:93} INFO - 26/01/20 03:48:51 INFO CodeGenerator: Code generated in 4.038819 ms
[2026-01-20T03:48:51.508+0000] {subprocess.py:93} INFO - 26/01/20 03:48:51 INFO ShuffleBlockFetcherIterator: Getting 13 (1039.8 KiB) non-empty blocks including 13 (1039.8 KiB) local and 0 (0.0 B) host-local and 0 (0.0 B) push-merged-local and 0 (0.0 B) remote blocks
[2026-01-20T03:48:51.509+0000] {subprocess.py:93} INFO - 26/01/20 03:48:51 INFO ShuffleBlockFetcherIterator: Started 0 remote fetches in 1 ms
[2026-01-20T03:48:51.554+0000] {subprocess.py:93} INFO - 26/01/20 03:48:51 INFO BlockManagerInfo: Removed broadcast_15_piece0 on 519d7d29de3d:36629 in memory (size: 8.8 KiB, free: 434.3 MiB)
[2026-01-20T03:48:51.659+0000] {subprocess.py:93} INFO - 26/01/20 03:48:51 INFO ShuffleBlockFetcherIterator: Getting 13 (1030.5 KiB) non-empty blocks including 13 (1030.5 KiB) local and 0 (0.0 B) host-local and 0 (0.0 B) push-merged-local and 0 (0.0 B) remote blocks
[2026-01-20T03:48:51.660+0000] {subprocess.py:93} INFO - 26/01/20 03:48:51 INFO ShuffleBlockFetcherIterator: Started 0 remote fetches in 1 ms
[2026-01-20T03:48:51.764+0000] {subprocess.py:93} INFO - 26/01/20 03:48:51 INFO ShuffleBlockFetcherIterator: Getting 13 (1283.5 KiB) non-empty blocks including 13 (1283.5 KiB) local and 0 (0.0 B) host-local and 0 (0.0 B) push-merged-local and 0 (0.0 B) remote blocks
[2026-01-20T03:48:51.765+0000] {subprocess.py:93} INFO - 26/01/20 03:48:51 INFO ShuffleBlockFetcherIterator: Started 0 remote fetches in 1 ms
[2026-01-20T03:48:52.024+0000] {subprocess.py:93} INFO - 26/01/20 03:48:52 INFO FileOutputCommitter: Saved output of task 'attempt_202601200348508634935090169795974_0011_m_000000_77' to file:/opt/spark-data/gold/transaction_analytics/_temporary/0/task_202601200348508634935090169795974_0011_m_000000
[2026-01-20T03:48:52.025+0000] {subprocess.py:93} INFO - 26/01/20 03:48:52 INFO SparkHadoopMapRedUtil: attempt_202601200348508634935090169795974_0011_m_000000_77: Committed. Elapsed time: 63 ms.
[2026-01-20T03:48:52.026+0000] {subprocess.py:93} INFO - 26/01/20 03:48:52 INFO Executor: Finished task 0.0 in stage 11.0 (TID 77). 5888 bytes result sent to driver
[2026-01-20T03:48:52.027+0000] {subprocess.py:93} INFO - 26/01/20 03:48:52 INFO TaskSetManager: Finished task 0.0 in stage 11.0 (TID 77) in 1010 ms on 519d7d29de3d (executor driver) (1/1)
[2026-01-20T03:48:52.028+0000] {subprocess.py:93} INFO - 26/01/20 03:48:52 INFO TaskSchedulerImpl: Removed TaskSet 11.0, whose tasks have all completed, from pool
[2026-01-20T03:48:52.028+0000] {subprocess.py:93} INFO - 26/01/20 03:48:52 INFO DAGScheduler: ResultStage 11 (csv at NativeMethodAccessorImpl.java:0) finished in 1.032 s
[2026-01-20T03:48:52.029+0000] {subprocess.py:93} INFO - 26/01/20 03:48:52 INFO DAGScheduler: Job 8 is finished. Cancelling potential speculative or zombie tasks for this job
[2026-01-20T03:48:52.030+0000] {subprocess.py:93} INFO - 26/01/20 03:48:52 INFO TaskSchedulerImpl: Killing all running tasks in stage 11: Stage finished
[2026-01-20T03:48:52.031+0000] {subprocess.py:93} INFO - 26/01/20 03:48:52 INFO DAGScheduler: Job 8 finished: csv at NativeMethodAccessorImpl.java:0, took 1.039909 s
[2026-01-20T03:48:52.031+0000] {subprocess.py:93} INFO - 26/01/20 03:48:52 INFO FileFormatWriter: Start to commit write Job cc63b6dd-9ee4-4308-ba7d-40e360a78c0b.
[2026-01-20T03:48:52.340+0000] {subprocess.py:93} INFO - 26/01/20 03:48:52 INFO FileFormatWriter: Write Job cc63b6dd-9ee4-4308-ba7d-40e360a78c0b committed. Elapsed time: 309 ms.
[2026-01-20T03:48:52.341+0000] {subprocess.py:93} INFO - 26/01/20 03:48:52 INFO FileFormatWriter: Finished processing stats for write job cc63b6dd-9ee4-4308-ba7d-40e360a78c0b.
[2026-01-20T03:48:52.342+0000] {subprocess.py:93} INFO - Analytics Table with Window Functions created successfully.
[2026-01-20T03:48:52.344+0000] {subprocess.py:93} INFO - 26/01/20 03:48:52 INFO SparkContext: SparkContext is stopping with exitCode 0.
[2026-01-20T03:48:52.358+0000] {subprocess.py:93} INFO - 26/01/20 03:48:52 INFO SparkUI: Stopped Spark web UI at http://519d7d29de3d:4040
[2026-01-20T03:48:52.373+0000] {subprocess.py:93} INFO - 26/01/20 03:48:52 INFO MapOutputTrackerMasterEndpoint: MapOutputTrackerMasterEndpoint stopped!
[2026-01-20T03:48:52.400+0000] {subprocess.py:93} INFO - 26/01/20 03:48:52 INFO MemoryStore: MemoryStore cleared
[2026-01-20T03:48:52.401+0000] {subprocess.py:93} INFO - 26/01/20 03:48:52 INFO BlockManager: BlockManager stopped
[2026-01-20T03:48:52.406+0000] {subprocess.py:93} INFO - 26/01/20 03:48:52 INFO BlockManagerMaster: BlockManagerMaster stopped
[2026-01-20T03:48:52.412+0000] {subprocess.py:93} INFO - 26/01/20 03:48:52 INFO OutputCommitCoordinator$OutputCommitCoordinatorEndpoint: OutputCommitCoordinator stopped!
[2026-01-20T03:48:52.430+0000] {subprocess.py:93} INFO - 26/01/20 03:48:52 INFO SparkContext: Successfully stopped SparkContext
[2026-01-20T03:48:52.830+0000] {subprocess.py:93} INFO - 26/01/20 03:48:52 INFO ShutdownHookManager: Shutdown hook called
[2026-01-20T03:48:52.831+0000] {subprocess.py:93} INFO - 26/01/20 03:48:52 INFO ShutdownHookManager: Deleting directory /tmp/spark-d9c7d382-7d4d-4cd8-bf17-f14610c2088b
[2026-01-20T03:48:52.835+0000] {subprocess.py:93} INFO - 26/01/20 03:48:52 INFO ShutdownHookManager: Deleting directory /tmp/spark-ba45bc8b-1095-4ade-a98f-d67190933e0d/pyspark-1077d35f-a3e5-4670-b317-eb1aa55f2dc3
[2026-01-20T03:48:52.838+0000] {subprocess.py:93} INFO - 26/01/20 03:48:52 INFO ShutdownHookManager: Deleting directory /tmp/spark-ba45bc8b-1095-4ade-a98f-d67190933e0d
[2026-01-20T03:48:52.916+0000] {subprocess.py:97} INFO - Command exited with return code 0
[2026-01-20T03:48:52.962+0000] {taskinstance.py:1138} INFO - Marking task as SUCCESS. dag_id=streamflow_main, task_id=Spark_Submit, execution_date=20260120T034819, start_date=20260120T034822, end_date=20260120T034852
[2026-01-20T03:48:53.007+0000] {local_task_job_runner.py:234} INFO - Task exited with return code 0
[2026-01-20T03:48:53.028+0000] {taskinstance.py:3280} INFO - 0 downstream tasks scheduled from follow-on schedule check
