[2026-01-20T03:05:41.755+0000] {processor.py:161} INFO - Started process (PID=256) to work on /opt/airflow/dags/dag_streamflow.py
[2026-01-20T03:05:41.758+0000] {processor.py:830} INFO - Processing file /opt/airflow/dags/dag_streamflow.py for tasks to queue
[2026-01-20T03:05:41.760+0000] {logging_mixin.py:188} INFO - [2026-01-20T03:05:41.759+0000] {dagbag.py:538} INFO - Filling up the DagBag from /opt/airflow/dags/dag_streamflow.py
[2026-01-20T03:05:41.796+0000] {processor.py:840} INFO - DAG(s) 'streamflow_main' retrieved from /opt/airflow/dags/dag_streamflow.py
[2026-01-20T03:05:41.844+0000] {logging_mixin.py:188} INFO - [2026-01-20T03:05:41.844+0000] {dag.py:3036} INFO - Sync 1 DAGs
[2026-01-20T03:05:41.865+0000] {logging_mixin.py:188} INFO - [2026-01-20T03:05:41.865+0000] {dag.py:3823} INFO - Setting next_dagrun for streamflow_main to None, run_after=None
[2026-01-20T03:05:41.901+0000] {processor.py:183} INFO - Processing /opt/airflow/dags/dag_streamflow.py took 0.152 seconds
[2026-01-20T03:06:12.193+0000] {processor.py:161} INFO - Started process (PID=273) to work on /opt/airflow/dags/dag_streamflow.py
[2026-01-20T03:06:12.195+0000] {processor.py:830} INFO - Processing file /opt/airflow/dags/dag_streamflow.py for tasks to queue
[2026-01-20T03:06:12.197+0000] {logging_mixin.py:188} INFO - [2026-01-20T03:06:12.196+0000] {dagbag.py:538} INFO - Filling up the DagBag from /opt/airflow/dags/dag_streamflow.py
[2026-01-20T03:06:12.232+0000] {processor.py:840} INFO - DAG(s) 'streamflow_main' retrieved from /opt/airflow/dags/dag_streamflow.py
[2026-01-20T03:06:12.374+0000] {logging_mixin.py:188} INFO - [2026-01-20T03:06:12.373+0000] {dag.py:3036} INFO - Sync 1 DAGs
[2026-01-20T03:06:12.390+0000] {logging_mixin.py:188} INFO - [2026-01-20T03:06:12.390+0000] {dag.py:3823} INFO - Setting next_dagrun for streamflow_main to None, run_after=None
[2026-01-20T03:06:12.418+0000] {processor.py:183} INFO - Processing /opt/airflow/dags/dag_streamflow.py took 0.233 seconds
[2026-01-20T03:06:42.614+0000] {processor.py:161} INFO - Started process (PID=278) to work on /opt/airflow/dags/dag_streamflow.py
[2026-01-20T03:06:42.617+0000] {processor.py:830} INFO - Processing file /opt/airflow/dags/dag_streamflow.py for tasks to queue
[2026-01-20T03:06:42.620+0000] {logging_mixin.py:188} INFO - [2026-01-20T03:06:42.619+0000] {dagbag.py:538} INFO - Filling up the DagBag from /opt/airflow/dags/dag_streamflow.py
[2026-01-20T03:06:42.666+0000] {processor.py:840} INFO - DAG(s) 'streamflow_main' retrieved from /opt/airflow/dags/dag_streamflow.py
[2026-01-20T03:06:42.718+0000] {logging_mixin.py:188} INFO - [2026-01-20T03:06:42.718+0000] {dag.py:3036} INFO - Sync 1 DAGs
[2026-01-20T03:06:42.744+0000] {logging_mixin.py:188} INFO - [2026-01-20T03:06:42.744+0000] {dag.py:3823} INFO - Setting next_dagrun for streamflow_main to None, run_after=None
[2026-01-20T03:06:42.779+0000] {processor.py:183} INFO - Processing /opt/airflow/dags/dag_streamflow.py took 0.172 seconds
[2026-01-20T03:07:13.162+0000] {processor.py:161} INFO - Started process (PID=290) to work on /opt/airflow/dags/dag_streamflow.py
[2026-01-20T03:07:13.163+0000] {processor.py:830} INFO - Processing file /opt/airflow/dags/dag_streamflow.py for tasks to queue
[2026-01-20T03:07:13.165+0000] {logging_mixin.py:188} INFO - [2026-01-20T03:07:13.165+0000] {dagbag.py:538} INFO - Filling up the DagBag from /opt/airflow/dags/dag_streamflow.py
[2026-01-20T03:07:13.216+0000] {processor.py:840} INFO - DAG(s) 'streamflow_main' retrieved from /opt/airflow/dags/dag_streamflow.py
[2026-01-20T03:07:13.270+0000] {logging_mixin.py:188} INFO - [2026-01-20T03:07:13.269+0000] {dag.py:3036} INFO - Sync 1 DAGs
[2026-01-20T03:07:13.292+0000] {logging_mixin.py:188} INFO - [2026-01-20T03:07:13.291+0000] {dag.py:3823} INFO - Setting next_dagrun for streamflow_main to None, run_after=None
[2026-01-20T03:07:13.335+0000] {processor.py:183} INFO - Processing /opt/airflow/dags/dag_streamflow.py took 0.180 seconds
[2026-01-20T03:07:43.583+0000] {processor.py:161} INFO - Started process (PID=302) to work on /opt/airflow/dags/dag_streamflow.py
[2026-01-20T03:07:43.585+0000] {processor.py:830} INFO - Processing file /opt/airflow/dags/dag_streamflow.py for tasks to queue
[2026-01-20T03:07:43.586+0000] {logging_mixin.py:188} INFO - [2026-01-20T03:07:43.585+0000] {dagbag.py:538} INFO - Filling up the DagBag from /opt/airflow/dags/dag_streamflow.py
[2026-01-20T03:07:43.605+0000] {processor.py:840} INFO - DAG(s) 'streamflow_main' retrieved from /opt/airflow/dags/dag_streamflow.py
[2026-01-20T03:07:43.644+0000] {logging_mixin.py:188} INFO - [2026-01-20T03:07:43.644+0000] {dag.py:3036} INFO - Sync 1 DAGs
[2026-01-20T03:07:43.665+0000] {logging_mixin.py:188} INFO - [2026-01-20T03:07:43.665+0000] {dag.py:3823} INFO - Setting next_dagrun for streamflow_main to None, run_after=None
[2026-01-20T03:07:43.705+0000] {processor.py:183} INFO - Processing /opt/airflow/dags/dag_streamflow.py took 0.127 seconds
[2026-01-20T03:08:29.787+0000] {processor.py:161} INFO - Started process (PID=255) to work on /opt/airflow/dags/dag_streamflow.py
[2026-01-20T03:08:29.789+0000] {processor.py:830} INFO - Processing file /opt/airflow/dags/dag_streamflow.py for tasks to queue
[2026-01-20T03:08:29.790+0000] {logging_mixin.py:188} INFO - [2026-01-20T03:08:29.790+0000] {dagbag.py:538} INFO - Filling up the DagBag from /opt/airflow/dags/dag_streamflow.py
[2026-01-20T03:08:29.815+0000] {processor.py:840} INFO - DAG(s) 'streamflow_main' retrieved from /opt/airflow/dags/dag_streamflow.py
[2026-01-20T03:08:29.853+0000] {logging_mixin.py:188} INFO - [2026-01-20T03:08:29.853+0000] {dag.py:3036} INFO - Sync 1 DAGs
[2026-01-20T03:08:29.868+0000] {logging_mixin.py:188} INFO - [2026-01-20T03:08:29.868+0000] {dag.py:3823} INFO - Setting next_dagrun for streamflow_main to None, run_after=None
[2026-01-20T03:08:29.891+0000] {processor.py:183} INFO - Processing /opt/airflow/dags/dag_streamflow.py took 0.107 seconds
[2026-01-20T03:09:00.129+0000] {processor.py:161} INFO - Started process (PID=264) to work on /opt/airflow/dags/dag_streamflow.py
[2026-01-20T03:09:00.131+0000] {processor.py:830} INFO - Processing file /opt/airflow/dags/dag_streamflow.py for tasks to queue
[2026-01-20T03:09:00.132+0000] {logging_mixin.py:188} INFO - [2026-01-20T03:09:00.132+0000] {dagbag.py:538} INFO - Filling up the DagBag from /opt/airflow/dags/dag_streamflow.py
[2026-01-20T03:09:00.158+0000] {processor.py:840} INFO - DAG(s) 'streamflow_main' retrieved from /opt/airflow/dags/dag_streamflow.py
[2026-01-20T03:09:00.280+0000] {logging_mixin.py:188} INFO - [2026-01-20T03:09:00.279+0000] {dag.py:3036} INFO - Sync 1 DAGs
[2026-01-20T03:09:00.293+0000] {logging_mixin.py:188} INFO - [2026-01-20T03:09:00.292+0000] {dag.py:3823} INFO - Setting next_dagrun for streamflow_main to None, run_after=None
[2026-01-20T03:09:00.316+0000] {processor.py:183} INFO - Processing /opt/airflow/dags/dag_streamflow.py took 0.191 seconds
[2026-01-20T03:09:30.540+0000] {processor.py:161} INFO - Started process (PID=276) to work on /opt/airflow/dags/dag_streamflow.py
[2026-01-20T03:09:30.541+0000] {processor.py:830} INFO - Processing file /opt/airflow/dags/dag_streamflow.py for tasks to queue
[2026-01-20T03:09:30.542+0000] {logging_mixin.py:188} INFO - [2026-01-20T03:09:30.542+0000] {dagbag.py:538} INFO - Filling up the DagBag from /opt/airflow/dags/dag_streamflow.py
[2026-01-20T03:09:30.560+0000] {processor.py:840} INFO - DAG(s) 'streamflow_main' retrieved from /opt/airflow/dags/dag_streamflow.py
[2026-01-20T03:09:30.586+0000] {logging_mixin.py:188} INFO - [2026-01-20T03:09:30.586+0000] {dag.py:3036} INFO - Sync 1 DAGs
[2026-01-20T03:09:30.599+0000] {logging_mixin.py:188} INFO - [2026-01-20T03:09:30.599+0000] {dag.py:3823} INFO - Setting next_dagrun for streamflow_main to None, run_after=None
[2026-01-20T03:09:30.619+0000] {processor.py:183} INFO - Processing /opt/airflow/dags/dag_streamflow.py took 0.082 seconds
[2026-01-20T03:10:00.921+0000] {processor.py:161} INFO - Started process (PID=288) to work on /opt/airflow/dags/dag_streamflow.py
[2026-01-20T03:10:00.922+0000] {processor.py:830} INFO - Processing file /opt/airflow/dags/dag_streamflow.py for tasks to queue
[2026-01-20T03:10:00.924+0000] {logging_mixin.py:188} INFO - [2026-01-20T03:10:00.924+0000] {dagbag.py:538} INFO - Filling up the DagBag from /opt/airflow/dags/dag_streamflow.py
[2026-01-20T03:10:00.952+0000] {processor.py:840} INFO - DAG(s) 'streamflow_main' retrieved from /opt/airflow/dags/dag_streamflow.py
[2026-01-20T03:10:00.983+0000] {logging_mixin.py:188} INFO - [2026-01-20T03:10:00.982+0000] {dag.py:3036} INFO - Sync 1 DAGs
[2026-01-20T03:10:00.997+0000] {logging_mixin.py:188} INFO - [2026-01-20T03:10:00.997+0000] {dag.py:3823} INFO - Setting next_dagrun for streamflow_main to None, run_after=None
[2026-01-20T03:10:01.022+0000] {processor.py:183} INFO - Processing /opt/airflow/dags/dag_streamflow.py took 0.107 seconds
[2026-01-20T03:10:31.455+0000] {processor.py:161} INFO - Started process (PID=300) to work on /opt/airflow/dags/dag_streamflow.py
[2026-01-20T03:10:31.456+0000] {processor.py:830} INFO - Processing file /opt/airflow/dags/dag_streamflow.py for tasks to queue
[2026-01-20T03:10:31.457+0000] {logging_mixin.py:188} INFO - [2026-01-20T03:10:31.457+0000] {dagbag.py:538} INFO - Filling up the DagBag from /opt/airflow/dags/dag_streamflow.py
[2026-01-20T03:10:31.481+0000] {processor.py:840} INFO - DAG(s) 'streamflow_main' retrieved from /opt/airflow/dags/dag_streamflow.py
[2026-01-20T03:10:31.512+0000] {logging_mixin.py:188} INFO - [2026-01-20T03:10:31.512+0000] {dag.py:3036} INFO - Sync 1 DAGs
[2026-01-20T03:10:31.526+0000] {logging_mixin.py:188} INFO - [2026-01-20T03:10:31.526+0000] {dag.py:3823} INFO - Setting next_dagrun for streamflow_main to None, run_after=None
[2026-01-20T03:10:31.551+0000] {processor.py:183} INFO - Processing /opt/airflow/dags/dag_streamflow.py took 0.100 seconds
[2026-01-20T03:11:01.735+0000] {processor.py:161} INFO - Started process (PID=312) to work on /opt/airflow/dags/dag_streamflow.py
[2026-01-20T03:11:01.736+0000] {processor.py:830} INFO - Processing file /opt/airflow/dags/dag_streamflow.py for tasks to queue
[2026-01-20T03:11:01.737+0000] {logging_mixin.py:188} INFO - [2026-01-20T03:11:01.737+0000] {dagbag.py:538} INFO - Filling up the DagBag from /opt/airflow/dags/dag_streamflow.py
[2026-01-20T03:11:01.758+0000] {processor.py:840} INFO - DAG(s) 'streamflow_main' retrieved from /opt/airflow/dags/dag_streamflow.py
[2026-01-20T03:11:01.787+0000] {logging_mixin.py:188} INFO - [2026-01-20T03:11:01.787+0000] {dag.py:3036} INFO - Sync 1 DAGs
[2026-01-20T03:11:01.801+0000] {logging_mixin.py:188} INFO - [2026-01-20T03:11:01.801+0000] {dag.py:3823} INFO - Setting next_dagrun for streamflow_main to None, run_after=None
[2026-01-20T03:11:01.826+0000] {processor.py:183} INFO - Processing /opt/airflow/dags/dag_streamflow.py took 0.095 seconds
[2026-01-20T03:11:32.217+0000] {processor.py:161} INFO - Started process (PID=324) to work on /opt/airflow/dags/dag_streamflow.py
[2026-01-20T03:11:32.218+0000] {processor.py:830} INFO - Processing file /opt/airflow/dags/dag_streamflow.py for tasks to queue
[2026-01-20T03:11:32.219+0000] {logging_mixin.py:188} INFO - [2026-01-20T03:11:32.219+0000] {dagbag.py:538} INFO - Filling up the DagBag from /opt/airflow/dags/dag_streamflow.py
[2026-01-20T03:11:32.236+0000] {processor.py:840} INFO - DAG(s) 'streamflow_main' retrieved from /opt/airflow/dags/dag_streamflow.py
[2026-01-20T03:11:32.261+0000] {logging_mixin.py:188} INFO - [2026-01-20T03:11:32.260+0000] {dag.py:3036} INFO - Sync 1 DAGs
[2026-01-20T03:11:32.273+0000] {logging_mixin.py:188} INFO - [2026-01-20T03:11:32.273+0000] {dag.py:3823} INFO - Setting next_dagrun for streamflow_main to None, run_after=None
[2026-01-20T03:11:32.293+0000] {processor.py:183} INFO - Processing /opt/airflow/dags/dag_streamflow.py took 0.079 seconds
[2026-01-20T03:12:02.601+0000] {processor.py:161} INFO - Started process (PID=336) to work on /opt/airflow/dags/dag_streamflow.py
[2026-01-20T03:12:02.602+0000] {processor.py:830} INFO - Processing file /opt/airflow/dags/dag_streamflow.py for tasks to queue
[2026-01-20T03:12:02.603+0000] {logging_mixin.py:188} INFO - [2026-01-20T03:12:02.603+0000] {dagbag.py:538} INFO - Filling up the DagBag from /opt/airflow/dags/dag_streamflow.py
[2026-01-20T03:12:02.626+0000] {processor.py:840} INFO - DAG(s) 'streamflow_main' retrieved from /opt/airflow/dags/dag_streamflow.py
[2026-01-20T03:12:02.655+0000] {logging_mixin.py:188} INFO - [2026-01-20T03:12:02.655+0000] {dag.py:3036} INFO - Sync 1 DAGs
[2026-01-20T03:12:02.671+0000] {logging_mixin.py:188} INFO - [2026-01-20T03:12:02.670+0000] {dag.py:3823} INFO - Setting next_dagrun for streamflow_main to None, run_after=None
[2026-01-20T03:12:02.697+0000] {processor.py:183} INFO - Processing /opt/airflow/dags/dag_streamflow.py took 0.100 seconds
[2026-01-20T03:12:33.094+0000] {processor.py:161} INFO - Started process (PID=348) to work on /opt/airflow/dags/dag_streamflow.py
[2026-01-20T03:12:33.095+0000] {processor.py:830} INFO - Processing file /opt/airflow/dags/dag_streamflow.py for tasks to queue
[2026-01-20T03:12:33.097+0000] {logging_mixin.py:188} INFO - [2026-01-20T03:12:33.096+0000] {dagbag.py:538} INFO - Filling up the DagBag from /opt/airflow/dags/dag_streamflow.py
[2026-01-20T03:12:33.124+0000] {processor.py:840} INFO - DAG(s) 'streamflow_main' retrieved from /opt/airflow/dags/dag_streamflow.py
[2026-01-20T03:12:33.154+0000] {logging_mixin.py:188} INFO - [2026-01-20T03:12:33.154+0000] {dag.py:3036} INFO - Sync 1 DAGs
[2026-01-20T03:12:33.168+0000] {logging_mixin.py:188} INFO - [2026-01-20T03:12:33.168+0000] {dag.py:3823} INFO - Setting next_dagrun for streamflow_main to None, run_after=None
[2026-01-20T03:12:33.202+0000] {processor.py:183} INFO - Processing /opt/airflow/dags/dag_streamflow.py took 0.111 seconds
[2026-01-20T03:13:05.392+0000] {processor.py:161} INFO - Started process (PID=360) to work on /opt/airflow/dags/dag_streamflow.py
[2026-01-20T03:13:05.394+0000] {processor.py:830} INFO - Processing file /opt/airflow/dags/dag_streamflow.py for tasks to queue
[2026-01-20T03:13:05.395+0000] {logging_mixin.py:188} INFO - [2026-01-20T03:13:05.395+0000] {dagbag.py:538} INFO - Filling up the DagBag from /opt/airflow/dags/dag_streamflow.py
[2026-01-20T03:13:05.419+0000] {processor.py:840} INFO - DAG(s) 'streamflow_main' retrieved from /opt/airflow/dags/dag_streamflow.py
[2026-01-20T03:13:05.448+0000] {logging_mixin.py:188} INFO - [2026-01-20T03:13:05.448+0000] {dag.py:3036} INFO - Sync 1 DAGs
[2026-01-20T03:13:05.460+0000] {logging_mixin.py:188} INFO - [2026-01-20T03:13:05.460+0000] {dag.py:3823} INFO - Setting next_dagrun for streamflow_main to None, run_after=None
[2026-01-20T03:13:05.482+0000] {processor.py:183} INFO - Processing /opt/airflow/dags/dag_streamflow.py took 0.093 seconds
[2026-01-20T03:13:37.854+0000] {processor.py:161} INFO - Started process (PID=372) to work on /opt/airflow/dags/dag_streamflow.py
[2026-01-20T03:13:37.856+0000] {processor.py:830} INFO - Processing file /opt/airflow/dags/dag_streamflow.py for tasks to queue
[2026-01-20T03:13:37.857+0000] {logging_mixin.py:188} INFO - [2026-01-20T03:13:37.856+0000] {dagbag.py:538} INFO - Filling up the DagBag from /opt/airflow/dags/dag_streamflow.py
[2026-01-20T03:13:37.872+0000] {processor.py:840} INFO - DAG(s) 'streamflow_main' retrieved from /opt/airflow/dags/dag_streamflow.py
[2026-01-20T03:13:37.896+0000] {logging_mixin.py:188} INFO - [2026-01-20T03:13:37.896+0000] {dag.py:3036} INFO - Sync 1 DAGs
[2026-01-20T03:13:37.908+0000] {logging_mixin.py:188} INFO - [2026-01-20T03:13:37.908+0000] {dag.py:3823} INFO - Setting next_dagrun for streamflow_main to None, run_after=None
[2026-01-20T03:13:37.930+0000] {processor.py:183} INFO - Processing /opt/airflow/dags/dag_streamflow.py took 0.079 seconds
[2026-01-20T03:14:10.265+0000] {processor.py:161} INFO - Started process (PID=384) to work on /opt/airflow/dags/dag_streamflow.py
[2026-01-20T03:14:10.267+0000] {processor.py:830} INFO - Processing file /opt/airflow/dags/dag_streamflow.py for tasks to queue
[2026-01-20T03:14:10.268+0000] {logging_mixin.py:188} INFO - [2026-01-20T03:14:10.268+0000] {dagbag.py:538} INFO - Filling up the DagBag from /opt/airflow/dags/dag_streamflow.py
[2026-01-20T03:14:10.297+0000] {processor.py:840} INFO - DAG(s) 'streamflow_main' retrieved from /opt/airflow/dags/dag_streamflow.py
[2026-01-20T03:14:10.340+0000] {logging_mixin.py:188} INFO - [2026-01-20T03:14:10.340+0000] {dag.py:3036} INFO - Sync 1 DAGs
[2026-01-20T03:14:10.358+0000] {logging_mixin.py:188} INFO - [2026-01-20T03:14:10.358+0000] {dag.py:3823} INFO - Setting next_dagrun for streamflow_main to None, run_after=None
[2026-01-20T03:14:10.390+0000] {processor.py:183} INFO - Processing /opt/airflow/dags/dag_streamflow.py took 0.130 seconds
[2026-01-20T03:14:41.766+0000] {processor.py:161} INFO - Started process (PID=396) to work on /opt/airflow/dags/dag_streamflow.py
[2026-01-20T03:14:41.768+0000] {processor.py:830} INFO - Processing file /opt/airflow/dags/dag_streamflow.py for tasks to queue
[2026-01-20T03:14:41.769+0000] {logging_mixin.py:188} INFO - [2026-01-20T03:14:41.769+0000] {dagbag.py:538} INFO - Filling up the DagBag from /opt/airflow/dags/dag_streamflow.py
[2026-01-20T03:14:41.786+0000] {processor.py:840} INFO - DAG(s) 'streamflow_main' retrieved from /opt/airflow/dags/dag_streamflow.py
[2026-01-20T03:14:41.810+0000] {logging_mixin.py:188} INFO - [2026-01-20T03:14:41.810+0000] {dag.py:3036} INFO - Sync 1 DAGs
[2026-01-20T03:14:41.821+0000] {logging_mixin.py:188} INFO - [2026-01-20T03:14:41.820+0000] {dag.py:3823} INFO - Setting next_dagrun for streamflow_main to None, run_after=None
[2026-01-20T03:14:41.847+0000] {processor.py:183} INFO - Processing /opt/airflow/dags/dag_streamflow.py took 0.084 seconds
[2026-01-20T03:15:14.120+0000] {processor.py:161} INFO - Started process (PID=408) to work on /opt/airflow/dags/dag_streamflow.py
[2026-01-20T03:15:14.121+0000] {processor.py:830} INFO - Processing file /opt/airflow/dags/dag_streamflow.py for tasks to queue
[2026-01-20T03:15:14.122+0000] {logging_mixin.py:188} INFO - [2026-01-20T03:15:14.122+0000] {dagbag.py:538} INFO - Filling up the DagBag from /opt/airflow/dags/dag_streamflow.py
[2026-01-20T03:15:14.139+0000] {processor.py:840} INFO - DAG(s) 'streamflow_main' retrieved from /opt/airflow/dags/dag_streamflow.py
[2026-01-20T03:15:14.165+0000] {logging_mixin.py:188} INFO - [2026-01-20T03:15:14.165+0000] {dag.py:3036} INFO - Sync 1 DAGs
[2026-01-20T03:15:14.176+0000] {logging_mixin.py:188} INFO - [2026-01-20T03:15:14.175+0000] {dag.py:3823} INFO - Setting next_dagrun for streamflow_main to None, run_after=None
[2026-01-20T03:15:14.197+0000] {processor.py:183} INFO - Processing /opt/airflow/dags/dag_streamflow.py took 0.082 seconds
[2026-01-20T03:15:46.582+0000] {processor.py:161} INFO - Started process (PID=420) to work on /opt/airflow/dags/dag_streamflow.py
[2026-01-20T03:15:46.583+0000] {processor.py:830} INFO - Processing file /opt/airflow/dags/dag_streamflow.py for tasks to queue
[2026-01-20T03:15:46.584+0000] {logging_mixin.py:188} INFO - [2026-01-20T03:15:46.584+0000] {dagbag.py:538} INFO - Filling up the DagBag from /opt/airflow/dags/dag_streamflow.py
[2026-01-20T03:15:46.611+0000] {processor.py:840} INFO - DAG(s) 'streamflow_main' retrieved from /opt/airflow/dags/dag_streamflow.py
[2026-01-20T03:15:46.638+0000] {logging_mixin.py:188} INFO - [2026-01-20T03:15:46.638+0000] {dag.py:3036} INFO - Sync 1 DAGs
[2026-01-20T03:15:46.651+0000] {logging_mixin.py:188} INFO - [2026-01-20T03:15:46.651+0000] {dag.py:3823} INFO - Setting next_dagrun for streamflow_main to None, run_after=None
[2026-01-20T03:15:46.671+0000] {processor.py:183} INFO - Processing /opt/airflow/dags/dag_streamflow.py took 0.092 seconds
[2026-01-20T03:16:18.982+0000] {processor.py:161} INFO - Started process (PID=432) to work on /opt/airflow/dags/dag_streamflow.py
[2026-01-20T03:16:18.984+0000] {processor.py:830} INFO - Processing file /opt/airflow/dags/dag_streamflow.py for tasks to queue
[2026-01-20T03:16:18.985+0000] {logging_mixin.py:188} INFO - [2026-01-20T03:16:18.985+0000] {dagbag.py:538} INFO - Filling up the DagBag from /opt/airflow/dags/dag_streamflow.py
[2026-01-20T03:16:19.012+0000] {processor.py:840} INFO - DAG(s) 'streamflow_main' retrieved from /opt/airflow/dags/dag_streamflow.py
[2026-01-20T03:16:19.042+0000] {logging_mixin.py:188} INFO - [2026-01-20T03:16:19.041+0000] {dag.py:3036} INFO - Sync 1 DAGs
[2026-01-20T03:16:19.057+0000] {logging_mixin.py:188} INFO - [2026-01-20T03:16:19.056+0000] {dag.py:3823} INFO - Setting next_dagrun for streamflow_main to None, run_after=None
[2026-01-20T03:16:19.082+0000] {processor.py:183} INFO - Processing /opt/airflow/dags/dag_streamflow.py took 0.104 seconds
[2026-01-20T03:16:49.226+0000] {processor.py:161} INFO - Started process (PID=444) to work on /opt/airflow/dags/dag_streamflow.py
[2026-01-20T03:16:49.228+0000] {processor.py:830} INFO - Processing file /opt/airflow/dags/dag_streamflow.py for tasks to queue
[2026-01-20T03:16:49.229+0000] {logging_mixin.py:188} INFO - [2026-01-20T03:16:49.229+0000] {dagbag.py:538} INFO - Filling up the DagBag from /opt/airflow/dags/dag_streamflow.py
[2026-01-20T03:16:50.505+0000] {processor.py:840} INFO - DAG(s) 'streamflow_main' retrieved from /opt/airflow/dags/dag_streamflow.py
[2026-01-20T03:16:50.538+0000] {logging_mixin.py:188} INFO - [2026-01-20T03:16:50.538+0000] {dag.py:3036} INFO - Sync 1 DAGs
[2026-01-20T03:16:50.552+0000] {logging_mixin.py:188} INFO - [2026-01-20T03:16:50.552+0000] {dag.py:3823} INFO - Setting next_dagrun for streamflow_main to None, run_after=None
[2026-01-20T03:16:50.583+0000] {processor.py:183} INFO - Processing /opt/airflow/dags/dag_streamflow.py took 0.110 seconds
[2026-01-20T03:17:22.794+0000] {processor.py:161} INFO - Started process (PID=456) to work on /opt/airflow/dags/dag_streamflow.py
[2026-01-20T03:17:22.797+0000] {processor.py:830} INFO - Processing file /opt/airflow/dags/dag_streamflow.py for tasks to queue
[2026-01-20T03:17:22.799+0000] {logging_mixin.py:188} INFO - [2026-01-20T03:17:22.798+0000] {dagbag.py:538} INFO - Filling up the DagBag from /opt/airflow/dags/dag_streamflow.py
[2026-01-20T03:17:22.821+0000] {processor.py:840} INFO - DAG(s) 'streamflow_main' retrieved from /opt/airflow/dags/dag_streamflow.py
[2026-01-20T03:17:22.852+0000] {logging_mixin.py:188} INFO - [2026-01-20T03:17:22.852+0000] {dag.py:3036} INFO - Sync 1 DAGs
[2026-01-20T03:17:22.865+0000] {logging_mixin.py:188} INFO - [2026-01-20T03:17:22.865+0000] {dag.py:3823} INFO - Setting next_dagrun for streamflow_main to None, run_after=None
[2026-01-20T03:17:22.889+0000] {processor.py:183} INFO - Processing /opt/airflow/dags/dag_streamflow.py took 0.099 seconds
[2026-01-20T03:17:55.314+0000] {processor.py:161} INFO - Started process (PID=468) to work on /opt/airflow/dags/dag_streamflow.py
[2026-01-20T03:17:55.315+0000] {processor.py:830} INFO - Processing file /opt/airflow/dags/dag_streamflow.py for tasks to queue
[2026-01-20T03:17:55.316+0000] {logging_mixin.py:188} INFO - [2026-01-20T03:17:55.316+0000] {dagbag.py:538} INFO - Filling up the DagBag from /opt/airflow/dags/dag_streamflow.py
[2026-01-20T03:17:55.337+0000] {processor.py:840} INFO - DAG(s) 'streamflow_main' retrieved from /opt/airflow/dags/dag_streamflow.py
[2026-01-20T03:17:55.367+0000] {logging_mixin.py:188} INFO - [2026-01-20T03:17:55.367+0000] {dag.py:3036} INFO - Sync 1 DAGs
[2026-01-20T03:17:55.378+0000] {logging_mixin.py:188} INFO - [2026-01-20T03:17:55.378+0000] {dag.py:3823} INFO - Setting next_dagrun for streamflow_main to None, run_after=None
[2026-01-20T03:17:55.398+0000] {processor.py:183} INFO - Processing /opt/airflow/dags/dag_streamflow.py took 0.088 seconds
[2026-01-20T03:18:27.740+0000] {processor.py:161} INFO - Started process (PID=480) to work on /opt/airflow/dags/dag_streamflow.py
[2026-01-20T03:18:27.742+0000] {processor.py:830} INFO - Processing file /opt/airflow/dags/dag_streamflow.py for tasks to queue
[2026-01-20T03:18:27.745+0000] {logging_mixin.py:188} INFO - [2026-01-20T03:18:27.744+0000] {dagbag.py:538} INFO - Filling up the DagBag from /opt/airflow/dags/dag_streamflow.py
[2026-01-20T03:18:27.771+0000] {processor.py:840} INFO - DAG(s) 'streamflow_main' retrieved from /opt/airflow/dags/dag_streamflow.py
[2026-01-20T03:18:27.802+0000] {logging_mixin.py:188} INFO - [2026-01-20T03:18:27.802+0000] {dag.py:3036} INFO - Sync 1 DAGs
[2026-01-20T03:18:27.817+0000] {logging_mixin.py:188} INFO - [2026-01-20T03:18:27.817+0000] {dag.py:3823} INFO - Setting next_dagrun for streamflow_main to None, run_after=None
[2026-01-20T03:18:27.842+0000] {processor.py:183} INFO - Processing /opt/airflow/dags/dag_streamflow.py took 0.106 seconds
[2026-01-20T03:18:57.956+0000] {processor.py:161} INFO - Started process (PID=492) to work on /opt/airflow/dags/dag_streamflow.py
[2026-01-20T03:18:57.957+0000] {processor.py:830} INFO - Processing file /opt/airflow/dags/dag_streamflow.py for tasks to queue
[2026-01-20T03:18:57.958+0000] {logging_mixin.py:188} INFO - [2026-01-20T03:18:57.958+0000] {dagbag.py:538} INFO - Filling up the DagBag from /opt/airflow/dags/dag_streamflow.py
[2026-01-20T03:18:57.978+0000] {processor.py:840} INFO - DAG(s) 'streamflow_main' retrieved from /opt/airflow/dags/dag_streamflow.py
[2026-01-20T03:18:58.002+0000] {logging_mixin.py:188} INFO - [2026-01-20T03:18:58.001+0000] {dag.py:3036} INFO - Sync 1 DAGs
[2026-01-20T03:18:58.014+0000] {logging_mixin.py:188} INFO - [2026-01-20T03:18:58.013+0000] {dag.py:3823} INFO - Setting next_dagrun for streamflow_main to None, run_after=None
[2026-01-20T03:18:58.033+0000] {processor.py:183} INFO - Processing /opt/airflow/dags/dag_streamflow.py took 0.081 seconds
[2026-01-20T03:19:28.408+0000] {processor.py:161} INFO - Started process (PID=504) to work on /opt/airflow/dags/dag_streamflow.py
[2026-01-20T03:19:28.409+0000] {processor.py:830} INFO - Processing file /opt/airflow/dags/dag_streamflow.py for tasks to queue
[2026-01-20T03:19:28.410+0000] {logging_mixin.py:188} INFO - [2026-01-20T03:19:28.410+0000] {dagbag.py:538} INFO - Filling up the DagBag from /opt/airflow/dags/dag_streamflow.py
[2026-01-20T03:19:28.433+0000] {processor.py:840} INFO - DAG(s) 'streamflow_main' retrieved from /opt/airflow/dags/dag_streamflow.py
[2026-01-20T03:19:28.464+0000] {logging_mixin.py:188} INFO - [2026-01-20T03:19:28.464+0000] {dag.py:3036} INFO - Sync 1 DAGs
[2026-01-20T03:19:28.476+0000] {logging_mixin.py:188} INFO - [2026-01-20T03:19:28.476+0000] {dag.py:3823} INFO - Setting next_dagrun for streamflow_main to None, run_after=None
[2026-01-20T03:19:28.512+0000] {processor.py:183} INFO - Processing /opt/airflow/dags/dag_streamflow.py took 0.109 seconds
[2026-01-20T03:19:58.797+0000] {processor.py:161} INFO - Started process (PID=516) to work on /opt/airflow/dags/dag_streamflow.py
[2026-01-20T03:19:58.799+0000] {processor.py:830} INFO - Processing file /opt/airflow/dags/dag_streamflow.py for tasks to queue
[2026-01-20T03:19:58.800+0000] {logging_mixin.py:188} INFO - [2026-01-20T03:19:58.800+0000] {dagbag.py:538} INFO - Filling up the DagBag from /opt/airflow/dags/dag_streamflow.py
[2026-01-20T03:19:58.838+0000] {processor.py:840} INFO - DAG(s) 'streamflow_main' retrieved from /opt/airflow/dags/dag_streamflow.py
[2026-01-20T03:19:58.874+0000] {logging_mixin.py:188} INFO - [2026-01-20T03:19:58.874+0000] {dag.py:3036} INFO - Sync 1 DAGs
[2026-01-20T03:19:58.893+0000] {logging_mixin.py:188} INFO - [2026-01-20T03:19:58.893+0000] {dag.py:3823} INFO - Setting next_dagrun for streamflow_main to None, run_after=None
[2026-01-20T03:19:58.919+0000] {processor.py:183} INFO - Processing /opt/airflow/dags/dag_streamflow.py took 0.127 seconds
[2026-01-20T03:20:29.210+0000] {processor.py:161} INFO - Started process (PID=528) to work on /opt/airflow/dags/dag_streamflow.py
[2026-01-20T03:20:29.212+0000] {processor.py:830} INFO - Processing file /opt/airflow/dags/dag_streamflow.py for tasks to queue
[2026-01-20T03:20:29.213+0000] {logging_mixin.py:188} INFO - [2026-01-20T03:20:29.212+0000] {dagbag.py:538} INFO - Filling up the DagBag from /opt/airflow/dags/dag_streamflow.py
[2026-01-20T03:20:29.235+0000] {processor.py:840} INFO - DAG(s) 'streamflow_main' retrieved from /opt/airflow/dags/dag_streamflow.py
[2026-01-20T03:20:29.264+0000] {logging_mixin.py:188} INFO - [2026-01-20T03:20:29.263+0000] {dag.py:3036} INFO - Sync 1 DAGs
[2026-01-20T03:20:29.277+0000] {logging_mixin.py:188} INFO - [2026-01-20T03:20:29.277+0000] {dag.py:3823} INFO - Setting next_dagrun for streamflow_main to None, run_after=None
[2026-01-20T03:20:29.303+0000] {processor.py:183} INFO - Processing /opt/airflow/dags/dag_streamflow.py took 0.096 seconds
[2026-01-20T03:20:59.710+0000] {processor.py:161} INFO - Started process (PID=540) to work on /opt/airflow/dags/dag_streamflow.py
[2026-01-20T03:20:59.712+0000] {processor.py:830} INFO - Processing file /opt/airflow/dags/dag_streamflow.py for tasks to queue
[2026-01-20T03:20:59.717+0000] {logging_mixin.py:188} INFO - [2026-01-20T03:20:59.717+0000] {dagbag.py:538} INFO - Filling up the DagBag from /opt/airflow/dags/dag_streamflow.py
[2026-01-20T03:20:59.753+0000] {processor.py:840} INFO - DAG(s) 'streamflow_main' retrieved from /opt/airflow/dags/dag_streamflow.py
[2026-01-20T03:20:59.792+0000] {logging_mixin.py:188} INFO - [2026-01-20T03:20:59.791+0000] {dag.py:3036} INFO - Sync 1 DAGs
[2026-01-20T03:20:59.806+0000] {logging_mixin.py:188} INFO - [2026-01-20T03:20:59.806+0000] {dag.py:3823} INFO - Setting next_dagrun for streamflow_main to None, run_after=None
[2026-01-20T03:20:59.831+0000] {processor.py:183} INFO - Processing /opt/airflow/dags/dag_streamflow.py took 0.124 seconds
[2026-01-20T03:21:30.080+0000] {processor.py:161} INFO - Started process (PID=552) to work on /opt/airflow/dags/dag_streamflow.py
[2026-01-20T03:21:30.081+0000] {processor.py:830} INFO - Processing file /opt/airflow/dags/dag_streamflow.py for tasks to queue
[2026-01-20T03:21:30.082+0000] {logging_mixin.py:188} INFO - [2026-01-20T03:21:30.082+0000] {dagbag.py:538} INFO - Filling up the DagBag from /opt/airflow/dags/dag_streamflow.py
[2026-01-20T03:21:30.105+0000] {processor.py:840} INFO - DAG(s) 'streamflow_main' retrieved from /opt/airflow/dags/dag_streamflow.py
[2026-01-20T03:21:30.139+0000] {logging_mixin.py:188} INFO - [2026-01-20T03:21:30.138+0000] {dag.py:3036} INFO - Sync 1 DAGs
[2026-01-20T03:21:30.156+0000] {logging_mixin.py:188} INFO - [2026-01-20T03:21:30.156+0000] {dag.py:3823} INFO - Setting next_dagrun for streamflow_main to None, run_after=None
[2026-01-20T03:21:30.193+0000] {processor.py:183} INFO - Processing /opt/airflow/dags/dag_streamflow.py took 0.116 seconds
[2026-01-20T03:22:00.632+0000] {processor.py:161} INFO - Started process (PID=564) to work on /opt/airflow/dags/dag_streamflow.py
[2026-01-20T03:22:00.634+0000] {processor.py:830} INFO - Processing file /opt/airflow/dags/dag_streamflow.py for tasks to queue
[2026-01-20T03:22:00.636+0000] {logging_mixin.py:188} INFO - [2026-01-20T03:22:00.635+0000] {dagbag.py:538} INFO - Filling up the DagBag from /opt/airflow/dags/dag_streamflow.py
[2026-01-20T03:22:00.679+0000] {processor.py:840} INFO - DAG(s) 'streamflow_main' retrieved from /opt/airflow/dags/dag_streamflow.py
[2026-01-20T03:22:00.736+0000] {logging_mixin.py:188} INFO - [2026-01-20T03:22:00.735+0000] {dag.py:3036} INFO - Sync 1 DAGs
[2026-01-20T03:22:00.757+0000] {logging_mixin.py:188} INFO - [2026-01-20T03:22:00.756+0000] {dag.py:3823} INFO - Setting next_dagrun for streamflow_main to None, run_after=None
[2026-01-20T03:22:00.807+0000] {processor.py:183} INFO - Processing /opt/airflow/dags/dag_streamflow.py took 0.184 seconds
[2026-01-20T03:22:31.053+0000] {processor.py:161} INFO - Started process (PID=576) to work on /opt/airflow/dags/dag_streamflow.py
[2026-01-20T03:22:31.055+0000] {processor.py:830} INFO - Processing file /opt/airflow/dags/dag_streamflow.py for tasks to queue
[2026-01-20T03:22:31.057+0000] {logging_mixin.py:188} INFO - [2026-01-20T03:22:31.057+0000] {dagbag.py:538} INFO - Filling up the DagBag from /opt/airflow/dags/dag_streamflow.py
[2026-01-20T03:22:31.099+0000] {processor.py:840} INFO - DAG(s) 'streamflow_main' retrieved from /opt/airflow/dags/dag_streamflow.py
[2026-01-20T03:22:31.147+0000] {logging_mixin.py:188} INFO - [2026-01-20T03:22:31.147+0000] {dag.py:3036} INFO - Sync 1 DAGs
[2026-01-20T03:22:31.167+0000] {logging_mixin.py:188} INFO - [2026-01-20T03:22:31.166+0000] {dag.py:3823} INFO - Setting next_dagrun for streamflow_main to None, run_after=None
[2026-01-20T03:22:31.204+0000] {processor.py:183} INFO - Processing /opt/airflow/dags/dag_streamflow.py took 0.157 seconds
[2026-01-20T03:23:01.433+0000] {processor.py:161} INFO - Started process (PID=588) to work on /opt/airflow/dags/dag_streamflow.py
[2026-01-20T03:23:01.435+0000] {processor.py:830} INFO - Processing file /opt/airflow/dags/dag_streamflow.py for tasks to queue
[2026-01-20T03:23:01.438+0000] {logging_mixin.py:188} INFO - [2026-01-20T03:23:01.437+0000] {dagbag.py:538} INFO - Filling up the DagBag from /opt/airflow/dags/dag_streamflow.py
[2026-01-20T03:23:01.482+0000] {processor.py:840} INFO - DAG(s) 'streamflow_main' retrieved from /opt/airflow/dags/dag_streamflow.py
[2026-01-20T03:23:01.533+0000] {logging_mixin.py:188} INFO - [2026-01-20T03:23:01.533+0000] {dag.py:3036} INFO - Sync 1 DAGs
[2026-01-20T03:23:01.555+0000] {logging_mixin.py:188} INFO - [2026-01-20T03:23:01.554+0000] {dag.py:3823} INFO - Setting next_dagrun for streamflow_main to None, run_after=None
[2026-01-20T03:23:01.594+0000] {processor.py:183} INFO - Processing /opt/airflow/dags/dag_streamflow.py took 0.167 seconds
[2026-01-20T03:23:32.043+0000] {processor.py:161} INFO - Started process (PID=593) to work on /opt/airflow/dags/dag_streamflow.py
[2026-01-20T03:23:32.044+0000] {processor.py:830} INFO - Processing file /opt/airflow/dags/dag_streamflow.py for tasks to queue
[2026-01-20T03:23:32.046+0000] {logging_mixin.py:188} INFO - [2026-01-20T03:23:32.045+0000] {dagbag.py:538} INFO - Filling up the DagBag from /opt/airflow/dags/dag_streamflow.py
[2026-01-20T03:23:32.075+0000] {processor.py:840} INFO - DAG(s) 'streamflow_main' retrieved from /opt/airflow/dags/dag_streamflow.py
[2026-01-20T03:23:32.111+0000] {logging_mixin.py:188} INFO - [2026-01-20T03:23:32.111+0000] {dag.py:3036} INFO - Sync 1 DAGs
[2026-01-20T03:23:32.137+0000] {logging_mixin.py:188} INFO - [2026-01-20T03:23:32.136+0000] {dag.py:3823} INFO - Setting next_dagrun for streamflow_main to None, run_after=None
[2026-01-20T03:23:32.171+0000] {processor.py:183} INFO - Processing /opt/airflow/dags/dag_streamflow.py took 0.132 seconds
[2026-01-20T03:24:02.516+0000] {processor.py:161} INFO - Started process (PID=605) to work on /opt/airflow/dags/dag_streamflow.py
[2026-01-20T03:24:02.518+0000] {processor.py:830} INFO - Processing file /opt/airflow/dags/dag_streamflow.py for tasks to queue
[2026-01-20T03:24:02.519+0000] {logging_mixin.py:188} INFO - [2026-01-20T03:24:02.519+0000] {dagbag.py:538} INFO - Filling up the DagBag from /opt/airflow/dags/dag_streamflow.py
[2026-01-20T03:24:02.550+0000] {processor.py:840} INFO - DAG(s) 'streamflow_main' retrieved from /opt/airflow/dags/dag_streamflow.py
[2026-01-20T03:24:02.593+0000] {logging_mixin.py:188} INFO - [2026-01-20T03:24:02.593+0000] {dag.py:3036} INFO - Sync 1 DAGs
[2026-01-20T03:24:02.610+0000] {logging_mixin.py:188} INFO - [2026-01-20T03:24:02.609+0000] {dag.py:3823} INFO - Setting next_dagrun for streamflow_main to None, run_after=None
[2026-01-20T03:24:02.636+0000] {processor.py:183} INFO - Processing /opt/airflow/dags/dag_streamflow.py took 0.123 seconds
[2026-01-20T03:24:33.036+0000] {processor.py:161} INFO - Started process (PID=617) to work on /opt/airflow/dags/dag_streamflow.py
[2026-01-20T03:24:33.038+0000] {processor.py:830} INFO - Processing file /opt/airflow/dags/dag_streamflow.py for tasks to queue
[2026-01-20T03:24:33.040+0000] {logging_mixin.py:188} INFO - [2026-01-20T03:24:33.039+0000] {dagbag.py:538} INFO - Filling up the DagBag from /opt/airflow/dags/dag_streamflow.py
[2026-01-20T03:24:33.076+0000] {processor.py:840} INFO - DAG(s) 'streamflow_main' retrieved from /opt/airflow/dags/dag_streamflow.py
[2026-01-20T03:24:33.113+0000] {logging_mixin.py:188} INFO - [2026-01-20T03:24:33.112+0000] {dag.py:3036} INFO - Sync 1 DAGs
[2026-01-20T03:24:33.130+0000] {logging_mixin.py:188} INFO - [2026-01-20T03:24:33.129+0000] {dag.py:3823} INFO - Setting next_dagrun for streamflow_main to None, run_after=None
[2026-01-20T03:24:33.157+0000] {processor.py:183} INFO - Processing /opt/airflow/dags/dag_streamflow.py took 0.125 seconds
[2026-01-20T03:25:03.371+0000] {processor.py:161} INFO - Started process (PID=629) to work on /opt/airflow/dags/dag_streamflow.py
[2026-01-20T03:25:03.372+0000] {processor.py:830} INFO - Processing file /opt/airflow/dags/dag_streamflow.py for tasks to queue
[2026-01-20T03:25:03.373+0000] {logging_mixin.py:188} INFO - [2026-01-20T03:25:03.373+0000] {dagbag.py:538} INFO - Filling up the DagBag from /opt/airflow/dags/dag_streamflow.py
[2026-01-20T03:25:03.392+0000] {processor.py:840} INFO - DAG(s) 'streamflow_main' retrieved from /opt/airflow/dags/dag_streamflow.py
[2026-01-20T03:25:03.419+0000] {logging_mixin.py:188} INFO - [2026-01-20T03:25:03.419+0000] {dag.py:3036} INFO - Sync 1 DAGs
[2026-01-20T03:25:03.435+0000] {logging_mixin.py:188} INFO - [2026-01-20T03:25:03.434+0000] {dag.py:3823} INFO - Setting next_dagrun for streamflow_main to None, run_after=None
[2026-01-20T03:25:03.458+0000] {processor.py:183} INFO - Processing /opt/airflow/dags/dag_streamflow.py took 0.091 seconds
[2026-01-20T03:25:33.763+0000] {processor.py:161} INFO - Started process (PID=641) to work on /opt/airflow/dags/dag_streamflow.py
[2026-01-20T03:25:33.765+0000] {processor.py:830} INFO - Processing file /opt/airflow/dags/dag_streamflow.py for tasks to queue
[2026-01-20T03:25:33.767+0000] {logging_mixin.py:188} INFO - [2026-01-20T03:25:33.766+0000] {dagbag.py:538} INFO - Filling up the DagBag from /opt/airflow/dags/dag_streamflow.py
[2026-01-20T03:25:33.792+0000] {processor.py:840} INFO - DAG(s) 'streamflow_main' retrieved from /opt/airflow/dags/dag_streamflow.py
[2026-01-20T03:25:33.821+0000] {logging_mixin.py:188} INFO - [2026-01-20T03:25:33.821+0000] {dag.py:3036} INFO - Sync 1 DAGs
[2026-01-20T03:25:33.834+0000] {logging_mixin.py:188} INFO - [2026-01-20T03:25:33.833+0000] {dag.py:3823} INFO - Setting next_dagrun for streamflow_main to None, run_after=None
[2026-01-20T03:25:33.854+0000] {processor.py:183} INFO - Processing /opt/airflow/dags/dag_streamflow.py took 0.101 seconds
[2026-01-20T03:26:04.288+0000] {processor.py:161} INFO - Started process (PID=653) to work on /opt/airflow/dags/dag_streamflow.py
[2026-01-20T03:26:04.289+0000] {processor.py:830} INFO - Processing file /opt/airflow/dags/dag_streamflow.py for tasks to queue
[2026-01-20T03:26:04.290+0000] {logging_mixin.py:188} INFO - [2026-01-20T03:26:04.290+0000] {dagbag.py:538} INFO - Filling up the DagBag from /opt/airflow/dags/dag_streamflow.py
[2026-01-20T03:26:04.314+0000] {processor.py:840} INFO - DAG(s) 'streamflow_main' retrieved from /opt/airflow/dags/dag_streamflow.py
[2026-01-20T03:26:04.350+0000] {logging_mixin.py:188} INFO - [2026-01-20T03:26:04.350+0000] {dag.py:3036} INFO - Sync 1 DAGs
[2026-01-20T03:26:04.367+0000] {logging_mixin.py:188} INFO - [2026-01-20T03:26:04.366+0000] {dag.py:3823} INFO - Setting next_dagrun for streamflow_main to None, run_after=None
[2026-01-20T03:26:04.393+0000] {processor.py:183} INFO - Processing /opt/airflow/dags/dag_streamflow.py took 0.109 seconds
[2026-01-20T03:26:34.774+0000] {processor.py:161} INFO - Started process (PID=665) to work on /opt/airflow/dags/dag_streamflow.py
[2026-01-20T03:26:34.776+0000] {processor.py:830} INFO - Processing file /opt/airflow/dags/dag_streamflow.py for tasks to queue
[2026-01-20T03:26:34.779+0000] {logging_mixin.py:188} INFO - [2026-01-20T03:26:34.778+0000] {dagbag.py:538} INFO - Filling up the DagBag from /opt/airflow/dags/dag_streamflow.py
[2026-01-20T03:26:34.826+0000] {processor.py:840} INFO - DAG(s) 'streamflow_main' retrieved from /opt/airflow/dags/dag_streamflow.py
[2026-01-20T03:26:34.874+0000] {logging_mixin.py:188} INFO - [2026-01-20T03:26:34.873+0000] {dag.py:3036} INFO - Sync 1 DAGs
[2026-01-20T03:26:34.896+0000] {logging_mixin.py:188} INFO - [2026-01-20T03:26:34.896+0000] {dag.py:3823} INFO - Setting next_dagrun for streamflow_main to None, run_after=None
[2026-01-20T03:26:34.936+0000] {processor.py:183} INFO - Processing /opt/airflow/dags/dag_streamflow.py took 0.167 seconds
[2026-01-20T03:27:05.203+0000] {processor.py:161} INFO - Started process (PID=677) to work on /opt/airflow/dags/dag_streamflow.py
[2026-01-20T03:27:05.205+0000] {processor.py:830} INFO - Processing file /opt/airflow/dags/dag_streamflow.py for tasks to queue
[2026-01-20T03:27:05.208+0000] {logging_mixin.py:188} INFO - [2026-01-20T03:27:05.207+0000] {dagbag.py:538} INFO - Filling up the DagBag from /opt/airflow/dags/dag_streamflow.py
[2026-01-20T03:27:05.247+0000] {processor.py:840} INFO - DAG(s) 'streamflow_main' retrieved from /opt/airflow/dags/dag_streamflow.py
[2026-01-20T03:27:05.290+0000] {logging_mixin.py:188} INFO - [2026-01-20T03:27:05.290+0000] {dag.py:3036} INFO - Sync 1 DAGs
[2026-01-20T03:27:05.309+0000] {logging_mixin.py:188} INFO - [2026-01-20T03:27:05.308+0000] {dag.py:3823} INFO - Setting next_dagrun for streamflow_main to None, run_after=None
[2026-01-20T03:27:05.344+0000] {processor.py:183} INFO - Processing /opt/airflow/dags/dag_streamflow.py took 0.147 seconds
[2026-01-20T03:27:35.669+0000] {processor.py:161} INFO - Started process (PID=689) to work on /opt/airflow/dags/dag_streamflow.py
[2026-01-20T03:27:35.671+0000] {processor.py:830} INFO - Processing file /opt/airflow/dags/dag_streamflow.py for tasks to queue
[2026-01-20T03:27:35.673+0000] {logging_mixin.py:188} INFO - [2026-01-20T03:27:35.672+0000] {dagbag.py:538} INFO - Filling up the DagBag from /opt/airflow/dags/dag_streamflow.py
[2026-01-20T03:27:35.711+0000] {processor.py:840} INFO - DAG(s) 'streamflow_main' retrieved from /opt/airflow/dags/dag_streamflow.py
[2026-01-20T03:27:35.755+0000] {logging_mixin.py:188} INFO - [2026-01-20T03:27:35.755+0000] {dag.py:3036} INFO - Sync 1 DAGs
[2026-01-20T03:27:35.775+0000] {logging_mixin.py:188} INFO - [2026-01-20T03:27:35.774+0000] {dag.py:3823} INFO - Setting next_dagrun for streamflow_main to None, run_after=None
[2026-01-20T03:27:35.814+0000] {processor.py:183} INFO - Processing /opt/airflow/dags/dag_streamflow.py took 0.149 seconds
[2026-01-20T03:28:07.178+0000] {processor.py:161} INFO - Started process (PID=701) to work on /opt/airflow/dags/dag_streamflow.py
[2026-01-20T03:28:07.180+0000] {processor.py:830} INFO - Processing file /opt/airflow/dags/dag_streamflow.py for tasks to queue
[2026-01-20T03:28:07.181+0000] {logging_mixin.py:188} INFO - [2026-01-20T03:28:07.181+0000] {dagbag.py:538} INFO - Filling up the DagBag from /opt/airflow/dags/dag_streamflow.py
[2026-01-20T03:28:07.215+0000] {processor.py:840} INFO - DAG(s) 'streamflow_main' retrieved from /opt/airflow/dags/dag_streamflow.py
[2026-01-20T03:28:07.259+0000] {logging_mixin.py:188} INFO - [2026-01-20T03:28:07.259+0000] {dag.py:3036} INFO - Sync 1 DAGs
[2026-01-20T03:28:07.279+0000] {logging_mixin.py:188} INFO - [2026-01-20T03:28:07.279+0000] {dag.py:3823} INFO - Setting next_dagrun for streamflow_main to None, run_after=None
[2026-01-20T03:28:07.316+0000] {processor.py:183} INFO - Processing /opt/airflow/dags/dag_streamflow.py took 0.142 seconds
[2026-01-20T03:28:39.734+0000] {processor.py:161} INFO - Started process (PID=713) to work on /opt/airflow/dags/dag_streamflow.py
[2026-01-20T03:28:39.735+0000] {processor.py:830} INFO - Processing file /opt/airflow/dags/dag_streamflow.py for tasks to queue
[2026-01-20T03:28:39.735+0000] {logging_mixin.py:188} INFO - [2026-01-20T03:28:39.735+0000] {dagbag.py:538} INFO - Filling up the DagBag from /opt/airflow/dags/dag_streamflow.py
[2026-01-20T03:28:39.752+0000] {processor.py:840} INFO - DAG(s) 'streamflow_main' retrieved from /opt/airflow/dags/dag_streamflow.py
[2026-01-20T03:28:39.777+0000] {logging_mixin.py:188} INFO - [2026-01-20T03:28:39.777+0000] {dag.py:3036} INFO - Sync 1 DAGs
[2026-01-20T03:28:39.788+0000] {logging_mixin.py:188} INFO - [2026-01-20T03:28:39.787+0000] {dag.py:3823} INFO - Setting next_dagrun for streamflow_main to None, run_after=None
[2026-01-20T03:28:39.808+0000] {processor.py:183} INFO - Processing /opt/airflow/dags/dag_streamflow.py took 0.077 seconds
[2026-01-20T03:29:12.109+0000] {processor.py:161} INFO - Started process (PID=725) to work on /opt/airflow/dags/dag_streamflow.py
[2026-01-20T03:29:12.111+0000] {processor.py:830} INFO - Processing file /opt/airflow/dags/dag_streamflow.py for tasks to queue
[2026-01-20T03:29:12.113+0000] {logging_mixin.py:188} INFO - [2026-01-20T03:29:12.112+0000] {dagbag.py:538} INFO - Filling up the DagBag from /opt/airflow/dags/dag_streamflow.py
[2026-01-20T03:29:12.137+0000] {processor.py:840} INFO - DAG(s) 'streamflow_main' retrieved from /opt/airflow/dags/dag_streamflow.py
[2026-01-20T03:29:12.172+0000] {logging_mixin.py:188} INFO - [2026-01-20T03:29:12.172+0000] {dag.py:3036} INFO - Sync 1 DAGs
[2026-01-20T03:29:12.188+0000] {logging_mixin.py:188} INFO - [2026-01-20T03:29:12.187+0000] {dag.py:3823} INFO - Setting next_dagrun for streamflow_main to None, run_after=None
[2026-01-20T03:29:12.218+0000] {processor.py:183} INFO - Processing /opt/airflow/dags/dag_streamflow.py took 0.112 seconds
[2026-01-20T03:29:43.579+0000] {processor.py:161} INFO - Started process (PID=737) to work on /opt/airflow/dags/dag_streamflow.py
[2026-01-20T03:29:43.581+0000] {processor.py:830} INFO - Processing file /opt/airflow/dags/dag_streamflow.py for tasks to queue
[2026-01-20T03:29:43.582+0000] {logging_mixin.py:188} INFO - [2026-01-20T03:29:43.582+0000] {dagbag.py:538} INFO - Filling up the DagBag from /opt/airflow/dags/dag_streamflow.py
[2026-01-20T03:29:43.621+0000] {processor.py:840} INFO - DAG(s) 'streamflow_main' retrieved from /opt/airflow/dags/dag_streamflow.py
[2026-01-20T03:29:43.659+0000] {logging_mixin.py:188} INFO - [2026-01-20T03:29:43.659+0000] {dag.py:3036} INFO - Sync 1 DAGs
[2026-01-20T03:29:43.676+0000] {logging_mixin.py:188} INFO - [2026-01-20T03:29:43.675+0000] {dag.py:3823} INFO - Setting next_dagrun for streamflow_main to None, run_after=None
[2026-01-20T03:29:43.706+0000] {processor.py:183} INFO - Processing /opt/airflow/dags/dag_streamflow.py took 0.131 seconds
[2026-01-20T03:30:16.072+0000] {processor.py:161} INFO - Started process (PID=749) to work on /opt/airflow/dags/dag_streamflow.py
[2026-01-20T03:30:16.073+0000] {processor.py:830} INFO - Processing file /opt/airflow/dags/dag_streamflow.py for tasks to queue
[2026-01-20T03:30:16.075+0000] {logging_mixin.py:188} INFO - [2026-01-20T03:30:16.075+0000] {dagbag.py:538} INFO - Filling up the DagBag from /opt/airflow/dags/dag_streamflow.py
[2026-01-20T03:30:16.107+0000] {processor.py:840} INFO - DAG(s) 'streamflow_main' retrieved from /opt/airflow/dags/dag_streamflow.py
[2026-01-20T03:30:16.145+0000] {logging_mixin.py:188} INFO - [2026-01-20T03:30:16.145+0000] {dag.py:3036} INFO - Sync 1 DAGs
[2026-01-20T03:30:16.160+0000] {logging_mixin.py:188} INFO - [2026-01-20T03:30:16.160+0000] {dag.py:3823} INFO - Setting next_dagrun for streamflow_main to None, run_after=None
[2026-01-20T03:30:16.190+0000] {processor.py:183} INFO - Processing /opt/airflow/dags/dag_streamflow.py took 0.123 seconds
[2026-01-20T03:30:48.620+0000] {processor.py:161} INFO - Started process (PID=761) to work on /opt/airflow/dags/dag_streamflow.py
[2026-01-20T03:30:48.622+0000] {processor.py:830} INFO - Processing file /opt/airflow/dags/dag_streamflow.py for tasks to queue
[2026-01-20T03:30:48.624+0000] {logging_mixin.py:188} INFO - [2026-01-20T03:30:48.623+0000] {dagbag.py:538} INFO - Filling up the DagBag from /opt/airflow/dags/dag_streamflow.py
[2026-01-20T03:30:48.666+0000] {processor.py:840} INFO - DAG(s) 'streamflow_main' retrieved from /opt/airflow/dags/dag_streamflow.py
[2026-01-20T03:30:48.718+0000] {logging_mixin.py:188} INFO - [2026-01-20T03:30:48.717+0000] {dag.py:3036} INFO - Sync 1 DAGs
[2026-01-20T03:30:48.741+0000] {logging_mixin.py:188} INFO - [2026-01-20T03:30:48.740+0000] {dag.py:3823} INFO - Setting next_dagrun for streamflow_main to None, run_after=None
[2026-01-20T03:30:48.774+0000] {processor.py:183} INFO - Processing /opt/airflow/dags/dag_streamflow.py took 0.159 seconds
[2026-01-20T03:31:20.152+0000] {processor.py:161} INFO - Started process (PID=773) to work on /opt/airflow/dags/dag_streamflow.py
[2026-01-20T03:31:20.154+0000] {processor.py:830} INFO - Processing file /opt/airflow/dags/dag_streamflow.py for tasks to queue
[2026-01-20T03:31:20.156+0000] {logging_mixin.py:188} INFO - [2026-01-20T03:31:20.155+0000] {dagbag.py:538} INFO - Filling up the DagBag from /opt/airflow/dags/dag_streamflow.py
[2026-01-20T03:31:20.184+0000] {processor.py:840} INFO - DAG(s) 'streamflow_main' retrieved from /opt/airflow/dags/dag_streamflow.py
[2026-01-20T03:31:20.223+0000] {logging_mixin.py:188} INFO - [2026-01-20T03:31:20.222+0000] {dag.py:3036} INFO - Sync 1 DAGs
[2026-01-20T03:31:20.240+0000] {logging_mixin.py:188} INFO - [2026-01-20T03:31:20.240+0000] {dag.py:3823} INFO - Setting next_dagrun for streamflow_main to None, run_after=None
[2026-01-20T03:31:20.271+0000] {processor.py:183} INFO - Processing /opt/airflow/dags/dag_streamflow.py took 0.123 seconds
[2026-01-20T03:31:52.562+0000] {processor.py:161} INFO - Started process (PID=785) to work on /opt/airflow/dags/dag_streamflow.py
[2026-01-20T03:31:52.564+0000] {processor.py:830} INFO - Processing file /opt/airflow/dags/dag_streamflow.py for tasks to queue
[2026-01-20T03:31:52.565+0000] {logging_mixin.py:188} INFO - [2026-01-20T03:31:52.565+0000] {dagbag.py:538} INFO - Filling up the DagBag from /opt/airflow/dags/dag_streamflow.py
[2026-01-20T03:31:52.600+0000] {processor.py:840} INFO - DAG(s) 'streamflow_main' retrieved from /opt/airflow/dags/dag_streamflow.py
[2026-01-20T03:31:52.638+0000] {logging_mixin.py:188} INFO - [2026-01-20T03:31:52.638+0000] {dag.py:3036} INFO - Sync 1 DAGs
[2026-01-20T03:31:52.654+0000] {logging_mixin.py:188} INFO - [2026-01-20T03:31:52.654+0000] {dag.py:3823} INFO - Setting next_dagrun for streamflow_main to None, run_after=None
[2026-01-20T03:31:52.685+0000] {processor.py:183} INFO - Processing /opt/airflow/dags/dag_streamflow.py took 0.127 seconds
[2026-01-20T03:32:25.102+0000] {processor.py:161} INFO - Started process (PID=797) to work on /opt/airflow/dags/dag_streamflow.py
[2026-01-20T03:32:25.108+0000] {processor.py:830} INFO - Processing file /opt/airflow/dags/dag_streamflow.py for tasks to queue
[2026-01-20T03:32:25.109+0000] {logging_mixin.py:188} INFO - [2026-01-20T03:32:25.109+0000] {dagbag.py:538} INFO - Filling up the DagBag from /opt/airflow/dags/dag_streamflow.py
[2026-01-20T03:32:25.142+0000] {processor.py:840} INFO - DAG(s) 'streamflow_main' retrieved from /opt/airflow/dags/dag_streamflow.py
[2026-01-20T03:32:25.179+0000] {logging_mixin.py:188} INFO - [2026-01-20T03:32:25.178+0000] {dag.py:3036} INFO - Sync 1 DAGs
[2026-01-20T03:32:25.194+0000] {logging_mixin.py:188} INFO - [2026-01-20T03:32:25.194+0000] {dag.py:3823} INFO - Setting next_dagrun for streamflow_main to None, run_after=None
[2026-01-20T03:32:25.225+0000] {processor.py:183} INFO - Processing /opt/airflow/dags/dag_streamflow.py took 0.128 seconds
[2026-01-20T03:32:57.534+0000] {processor.py:161} INFO - Started process (PID=809) to work on /opt/airflow/dags/dag_streamflow.py
[2026-01-20T03:32:57.535+0000] {processor.py:830} INFO - Processing file /opt/airflow/dags/dag_streamflow.py for tasks to queue
[2026-01-20T03:32:57.536+0000] {logging_mixin.py:188} INFO - [2026-01-20T03:32:57.535+0000] {dagbag.py:538} INFO - Filling up the DagBag from /opt/airflow/dags/dag_streamflow.py
[2026-01-20T03:32:57.553+0000] {processor.py:840} INFO - DAG(s) 'streamflow_main' retrieved from /opt/airflow/dags/dag_streamflow.py
[2026-01-20T03:32:57.579+0000] {logging_mixin.py:188} INFO - [2026-01-20T03:32:57.578+0000] {dag.py:3036} INFO - Sync 1 DAGs
[2026-01-20T03:32:57.592+0000] {logging_mixin.py:188} INFO - [2026-01-20T03:32:57.592+0000] {dag.py:3823} INFO - Setting next_dagrun for streamflow_main to None, run_after=None
[2026-01-20T03:32:57.614+0000] {processor.py:183} INFO - Processing /opt/airflow/dags/dag_streamflow.py took 0.084 seconds
[2026-01-20T03:33:28.965+0000] {processor.py:161} INFO - Started process (PID=821) to work on /opt/airflow/dags/dag_streamflow.py
[2026-01-20T03:33:28.967+0000] {processor.py:830} INFO - Processing file /opt/airflow/dags/dag_streamflow.py for tasks to queue
[2026-01-20T03:33:28.968+0000] {logging_mixin.py:188} INFO - [2026-01-20T03:33:28.968+0000] {dagbag.py:538} INFO - Filling up the DagBag from /opt/airflow/dags/dag_streamflow.py
[2026-01-20T03:33:28.989+0000] {processor.py:840} INFO - DAG(s) 'streamflow_main' retrieved from /opt/airflow/dags/dag_streamflow.py
[2026-01-20T03:33:29.021+0000] {logging_mixin.py:188} INFO - [2026-01-20T03:33:29.021+0000] {dag.py:3036} INFO - Sync 1 DAGs
[2026-01-20T03:33:29.034+0000] {logging_mixin.py:188} INFO - [2026-01-20T03:33:29.034+0000] {dag.py:3823} INFO - Setting next_dagrun for streamflow_main to None, run_after=None
[2026-01-20T03:33:29.054+0000] {processor.py:183} INFO - Processing /opt/airflow/dags/dag_streamflow.py took 0.093 seconds
[2026-01-20T03:34:01.390+0000] {processor.py:161} INFO - Started process (PID=833) to work on /opt/airflow/dags/dag_streamflow.py
[2026-01-20T03:34:01.391+0000] {processor.py:830} INFO - Processing file /opt/airflow/dags/dag_streamflow.py for tasks to queue
[2026-01-20T03:34:01.393+0000] {logging_mixin.py:188} INFO - [2026-01-20T03:34:01.392+0000] {dagbag.py:538} INFO - Filling up the DagBag from /opt/airflow/dags/dag_streamflow.py
[2026-01-20T03:34:01.417+0000] {processor.py:840} INFO - DAG(s) 'streamflow_main' retrieved from /opt/airflow/dags/dag_streamflow.py
[2026-01-20T03:34:01.454+0000] {logging_mixin.py:188} INFO - [2026-01-20T03:34:01.454+0000] {dag.py:3036} INFO - Sync 1 DAGs
[2026-01-20T03:34:01.475+0000] {logging_mixin.py:188} INFO - [2026-01-20T03:34:01.474+0000] {dag.py:3823} INFO - Setting next_dagrun for streamflow_main to None, run_after=None
[2026-01-20T03:34:01.511+0000] {processor.py:183} INFO - Processing /opt/airflow/dags/dag_streamflow.py took 0.124 seconds
[2026-01-20T03:34:33.791+0000] {processor.py:161} INFO - Started process (PID=845) to work on /opt/airflow/dags/dag_streamflow.py
[2026-01-20T03:34:33.793+0000] {processor.py:830} INFO - Processing file /opt/airflow/dags/dag_streamflow.py for tasks to queue
[2026-01-20T03:34:33.794+0000] {logging_mixin.py:188} INFO - [2026-01-20T03:34:33.794+0000] {dagbag.py:538} INFO - Filling up the DagBag from /opt/airflow/dags/dag_streamflow.py
[2026-01-20T03:34:33.815+0000] {processor.py:840} INFO - DAG(s) 'streamflow_main' retrieved from /opt/airflow/dags/dag_streamflow.py
[2026-01-20T03:34:33.842+0000] {logging_mixin.py:188} INFO - [2026-01-20T03:34:33.842+0000] {dag.py:3036} INFO - Sync 1 DAGs
[2026-01-20T03:34:33.853+0000] {logging_mixin.py:188} INFO - [2026-01-20T03:34:33.853+0000] {dag.py:3823} INFO - Setting next_dagrun for streamflow_main to None, run_after=None
[2026-01-20T03:34:33.873+0000] {processor.py:183} INFO - Processing /opt/airflow/dags/dag_streamflow.py took 0.085 seconds
[2026-01-20T03:35:06.202+0000] {processor.py:161} INFO - Started process (PID=857) to work on /opt/airflow/dags/dag_streamflow.py
[2026-01-20T03:35:06.203+0000] {processor.py:830} INFO - Processing file /opt/airflow/dags/dag_streamflow.py for tasks to queue
[2026-01-20T03:35:06.204+0000] {logging_mixin.py:188} INFO - [2026-01-20T03:35:06.204+0000] {dagbag.py:538} INFO - Filling up the DagBag from /opt/airflow/dags/dag_streamflow.py
[2026-01-20T03:35:06.221+0000] {processor.py:840} INFO - DAG(s) 'streamflow_main' retrieved from /opt/airflow/dags/dag_streamflow.py
[2026-01-20T03:35:06.249+0000] {logging_mixin.py:188} INFO - [2026-01-20T03:35:06.249+0000] {dag.py:3036} INFO - Sync 1 DAGs
[2026-01-20T03:35:06.261+0000] {logging_mixin.py:188} INFO - [2026-01-20T03:35:06.261+0000] {dag.py:3823} INFO - Setting next_dagrun for streamflow_main to None, run_after=None
[2026-01-20T03:35:06.285+0000] {processor.py:183} INFO - Processing /opt/airflow/dags/dag_streamflow.py took 0.087 seconds
[2026-01-20T03:35:38.635+0000] {processor.py:161} INFO - Started process (PID=869) to work on /opt/airflow/dags/dag_streamflow.py
[2026-01-20T03:35:38.636+0000] {processor.py:830} INFO - Processing file /opt/airflow/dags/dag_streamflow.py for tasks to queue
[2026-01-20T03:35:38.638+0000] {logging_mixin.py:188} INFO - [2026-01-20T03:35:38.637+0000] {dagbag.py:538} INFO - Filling up the DagBag from /opt/airflow/dags/dag_streamflow.py
[2026-01-20T03:35:38.657+0000] {processor.py:840} INFO - DAG(s) 'streamflow_main' retrieved from /opt/airflow/dags/dag_streamflow.py
[2026-01-20T03:35:38.683+0000] {logging_mixin.py:188} INFO - [2026-01-20T03:35:38.682+0000] {dag.py:3036} INFO - Sync 1 DAGs
[2026-01-20T03:35:38.694+0000] {logging_mixin.py:188} INFO - [2026-01-20T03:35:38.694+0000] {dag.py:3823} INFO - Setting next_dagrun for streamflow_main to None, run_after=None
[2026-01-20T03:35:38.715+0000] {processor.py:183} INFO - Processing /opt/airflow/dags/dag_streamflow.py took 0.084 seconds
[2026-01-20T03:36:09.971+0000] {processor.py:161} INFO - Started process (PID=881) to work on /opt/airflow/dags/dag_streamflow.py
[2026-01-20T03:36:09.973+0000] {processor.py:830} INFO - Processing file /opt/airflow/dags/dag_streamflow.py for tasks to queue
[2026-01-20T03:36:09.974+0000] {logging_mixin.py:188} INFO - [2026-01-20T03:36:09.973+0000] {dagbag.py:538} INFO - Filling up the DagBag from /opt/airflow/dags/dag_streamflow.py
[2026-01-20T03:36:09.994+0000] {processor.py:840} INFO - DAG(s) 'streamflow_main' retrieved from /opt/airflow/dags/dag_streamflow.py
[2026-01-20T03:36:10.023+0000] {logging_mixin.py:188} INFO - [2026-01-20T03:36:10.023+0000] {dag.py:3036} INFO - Sync 1 DAGs
[2026-01-20T03:36:10.038+0000] {logging_mixin.py:188} INFO - [2026-01-20T03:36:10.038+0000] {dag.py:3823} INFO - Setting next_dagrun for streamflow_main to None, run_after=None
[2026-01-20T03:36:10.059+0000] {processor.py:183} INFO - Processing /opt/airflow/dags/dag_streamflow.py took 0.092 seconds
[2026-01-20T03:36:42.412+0000] {processor.py:161} INFO - Started process (PID=893) to work on /opt/airflow/dags/dag_streamflow.py
[2026-01-20T03:36:42.413+0000] {processor.py:830} INFO - Processing file /opt/airflow/dags/dag_streamflow.py for tasks to queue
[2026-01-20T03:36:42.415+0000] {logging_mixin.py:188} INFO - [2026-01-20T03:36:42.414+0000] {dagbag.py:538} INFO - Filling up the DagBag from /opt/airflow/dags/dag_streamflow.py
[2026-01-20T03:36:42.438+0000] {processor.py:840} INFO - DAG(s) 'streamflow_main' retrieved from /opt/airflow/dags/dag_streamflow.py
[2026-01-20T03:36:42.466+0000] {logging_mixin.py:188} INFO - [2026-01-20T03:36:42.466+0000] {dag.py:3036} INFO - Sync 1 DAGs
[2026-01-20T03:36:42.477+0000] {logging_mixin.py:188} INFO - [2026-01-20T03:36:42.476+0000] {dag.py:3823} INFO - Setting next_dagrun for streamflow_main to None, run_after=None
[2026-01-20T03:36:42.498+0000] {processor.py:183} INFO - Processing /opt/airflow/dags/dag_streamflow.py took 0.089 seconds
[2026-01-20T03:37:14.853+0000] {processor.py:161} INFO - Started process (PID=906) to work on /opt/airflow/dags/dag_streamflow.py
[2026-01-20T03:37:14.854+0000] {processor.py:830} INFO - Processing file /opt/airflow/dags/dag_streamflow.py for tasks to queue
[2026-01-20T03:37:14.856+0000] {logging_mixin.py:188} INFO - [2026-01-20T03:37:14.855+0000] {dagbag.py:538} INFO - Filling up the DagBag from /opt/airflow/dags/dag_streamflow.py
[2026-01-20T03:37:14.875+0000] {processor.py:840} INFO - DAG(s) 'streamflow_main' retrieved from /opt/airflow/dags/dag_streamflow.py
[2026-01-20T03:37:14.903+0000] {logging_mixin.py:188} INFO - [2026-01-20T03:37:14.903+0000] {dag.py:3036} INFO - Sync 1 DAGs
[2026-01-20T03:37:14.915+0000] {logging_mixin.py:188} INFO - [2026-01-20T03:37:14.915+0000] {dag.py:3823} INFO - Setting next_dagrun for streamflow_main to None, run_after=None
[2026-01-20T03:37:14.938+0000] {processor.py:183} INFO - Processing /opt/airflow/dags/dag_streamflow.py took 0.089 seconds
[2026-01-20T03:37:47.225+0000] {processor.py:161} INFO - Started process (PID=918) to work on /opt/airflow/dags/dag_streamflow.py
[2026-01-20T03:37:47.226+0000] {processor.py:830} INFO - Processing file /opt/airflow/dags/dag_streamflow.py for tasks to queue
[2026-01-20T03:37:47.227+0000] {logging_mixin.py:188} INFO - [2026-01-20T03:37:47.227+0000] {dagbag.py:538} INFO - Filling up the DagBag from /opt/airflow/dags/dag_streamflow.py
[2026-01-20T03:37:47.242+0000] {processor.py:840} INFO - DAG(s) 'streamflow_main' retrieved from /opt/airflow/dags/dag_streamflow.py
[2026-01-20T03:37:47.270+0000] {logging_mixin.py:188} INFO - [2026-01-20T03:37:47.270+0000] {dag.py:3036} INFO - Sync 1 DAGs
[2026-01-20T03:37:47.283+0000] {logging_mixin.py:188} INFO - [2026-01-20T03:37:47.282+0000] {dag.py:3823} INFO - Setting next_dagrun for streamflow_main to None, run_after=None
[2026-01-20T03:37:47.304+0000] {processor.py:183} INFO - Processing /opt/airflow/dags/dag_streamflow.py took 0.082 seconds
[2026-01-20T03:38:17.398+0000] {processor.py:161} INFO - Started process (PID=930) to work on /opt/airflow/dags/dag_streamflow.py
[2026-01-20T03:38:17.399+0000] {processor.py:830} INFO - Processing file /opt/airflow/dags/dag_streamflow.py for tasks to queue
[2026-01-20T03:38:17.400+0000] {logging_mixin.py:188} INFO - [2026-01-20T03:38:17.399+0000] {dagbag.py:538} INFO - Filling up the DagBag from /opt/airflow/dags/dag_streamflow.py
[2026-01-20T03:38:17.415+0000] {processor.py:840} INFO - DAG(s) 'streamflow_main' retrieved from /opt/airflow/dags/dag_streamflow.py
[2026-01-20T03:38:17.443+0000] {logging_mixin.py:188} INFO - [2026-01-20T03:38:17.442+0000] {dag.py:3036} INFO - Sync 1 DAGs
[2026-01-20T03:38:17.455+0000] {logging_mixin.py:188} INFO - [2026-01-20T03:38:17.455+0000] {dag.py:3823} INFO - Setting next_dagrun for streamflow_main to None, run_after=None
[2026-01-20T03:38:18.704+0000] {processor.py:183} INFO - Processing /opt/airflow/dags/dag_streamflow.py took 0.083 seconds
[2026-01-20T03:38:51.077+0000] {processor.py:161} INFO - Started process (PID=942) to work on /opt/airflow/dags/dag_streamflow.py
[2026-01-20T03:38:51.079+0000] {processor.py:830} INFO - Processing file /opt/airflow/dags/dag_streamflow.py for tasks to queue
[2026-01-20T03:38:51.080+0000] {logging_mixin.py:188} INFO - [2026-01-20T03:38:51.080+0000] {dagbag.py:538} INFO - Filling up the DagBag from /opt/airflow/dags/dag_streamflow.py
[2026-01-20T03:38:51.113+0000] {processor.py:840} INFO - DAG(s) 'streamflow_main' retrieved from /opt/airflow/dags/dag_streamflow.py
[2026-01-20T03:38:51.146+0000] {logging_mixin.py:188} INFO - [2026-01-20T03:38:51.146+0000] {dag.py:3036} INFO - Sync 1 DAGs
[2026-01-20T03:38:51.159+0000] {logging_mixin.py:188} INFO - [2026-01-20T03:38:51.159+0000] {dag.py:3823} INFO - Setting next_dagrun for streamflow_main to None, run_after=None
[2026-01-20T03:38:51.179+0000] {processor.py:183} INFO - Processing /opt/airflow/dags/dag_streamflow.py took 0.106 seconds
[2026-01-20T03:39:08.236+0000] {processor.py:161} INFO - Started process (PID=947) to work on /opt/airflow/dags/dag_streamflow.py
[2026-01-20T03:39:08.238+0000] {processor.py:830} INFO - Processing file /opt/airflow/dags/dag_streamflow.py for tasks to queue
[2026-01-20T03:39:08.239+0000] {logging_mixin.py:188} INFO - [2026-01-20T03:39:08.239+0000] {dagbag.py:538} INFO - Filling up the DagBag from /opt/airflow/dags/dag_streamflow.py
[2026-01-20T03:39:08.275+0000] {logging_mixin.py:188} INFO - [2026-01-20T03:39:08.264+0000] {dagbag.py:348} ERROR - Failed to import: /opt/airflow/dags/dag_streamflow.py
Traceback (most recent call last):
  File "/home/airflow/.local/lib/python3.10/site-packages/airflow/models/dagbag.py", line 344, in parse
    loader.exec_module(new_module)
  File "<frozen importlib._bootstrap_external>", line 883, in exec_module
  File "<frozen importlib._bootstrap>", line 241, in _call_with_frames_removed
  File "/opt/airflow/dags/dag_streamflow.py", line 105, in <module>
    start >> [kafka_consumers_transaction, kafka_consumers_user] >> submit_spark_job >> end
NameError: name 'kafka_consumers_transaction' is not defined
[2026-01-20T03:39:08.277+0000] {processor.py:842} WARNING - No viable dags retrieved from /opt/airflow/dags/dag_streamflow.py
[2026-01-20T03:39:08.313+0000] {processor.py:183} INFO - Processing /opt/airflow/dags/dag_streamflow.py took 0.081 seconds
[2026-01-20T03:39:13.357+0000] {processor.py:161} INFO - Started process (PID=959) to work on /opt/airflow/dags/dag_streamflow.py
[2026-01-20T03:39:13.358+0000] {processor.py:830} INFO - Processing file /opt/airflow/dags/dag_streamflow.py for tasks to queue
[2026-01-20T03:39:13.360+0000] {logging_mixin.py:188} INFO - [2026-01-20T03:39:13.359+0000] {dagbag.py:538} INFO - Filling up the DagBag from /opt/airflow/dags/dag_streamflow.py
[2026-01-20T03:39:13.409+0000] {logging_mixin.py:188} INFO - [2026-01-20T03:39:13.402+0000] {dagbag.py:348} ERROR - Failed to import: /opt/airflow/dags/dag_streamflow.py
Traceback (most recent call last):
  File "/home/airflow/.local/lib/python3.10/site-packages/airflow/models/dagbag.py", line 344, in parse
    loader.exec_module(new_module)
  File "<frozen importlib._bootstrap_external>", line 883, in exec_module
  File "<frozen importlib._bootstrap>", line 241, in _call_with_frames_removed
  File "/opt/airflow/dags/dag_streamflow.py", line 105, in <module>
    start >> [kafka_consumers_transaction, kafka_consumers_user] >> submit_spark_job >> end
NameError: name 'kafka_consumers_transaction' is not defined
[2026-01-20T03:39:13.411+0000] {processor.py:842} WARNING - No viable dags retrieved from /opt/airflow/dags/dag_streamflow.py
[2026-01-20T03:39:13.435+0000] {processor.py:183} INFO - Processing /opt/airflow/dags/dag_streamflow.py took 0.081 seconds
[2026-01-20T03:39:23.670+0000] {processor.py:161} INFO - Started process (PID=964) to work on /opt/airflow/dags/dag_streamflow.py
[2026-01-20T03:39:23.671+0000] {processor.py:830} INFO - Processing file /opt/airflow/dags/dag_streamflow.py for tasks to queue
[2026-01-20T03:39:23.673+0000] {logging_mixin.py:188} INFO - [2026-01-20T03:39:23.673+0000] {dagbag.py:538} INFO - Filling up the DagBag from /opt/airflow/dags/dag_streamflow.py
[2026-01-20T03:39:23.713+0000] {processor.py:840} INFO - DAG(s) 'streamflow_main' retrieved from /opt/airflow/dags/dag_streamflow.py
[2026-01-20T03:39:23.900+0000] {logging_mixin.py:188} INFO - [2026-01-20T03:39:23.899+0000] {dag.py:3036} INFO - Sync 1 DAGs
[2026-01-20T03:39:23.916+0000] {logging_mixin.py:188} INFO - [2026-01-20T03:39:23.916+0000] {dag.py:3823} INFO - Setting next_dagrun for streamflow_main to None, run_after=None
[2026-01-20T03:39:23.968+0000] {processor.py:183} INFO - Processing /opt/airflow/dags/dag_streamflow.py took 0.302 seconds
[2026-01-20T03:39:26.035+0000] {processor.py:161} INFO - Started process (PID=969) to work on /opt/airflow/dags/dag_streamflow.py
[2026-01-20T03:39:26.036+0000] {processor.py:830} INFO - Processing file /opt/airflow/dags/dag_streamflow.py for tasks to queue
[2026-01-20T03:39:26.037+0000] {logging_mixin.py:188} INFO - [2026-01-20T03:39:26.037+0000] {dagbag.py:538} INFO - Filling up the DagBag from /opt/airflow/dags/dag_streamflow.py
[2026-01-20T03:39:26.095+0000] {logging_mixin.py:188} INFO - [2026-01-20T03:39:26.089+0000] {dagbag.py:348} ERROR - Failed to import: /opt/airflow/dags/dag_streamflow.py
Traceback (most recent call last):
  File "/home/airflow/.local/lib/python3.10/site-packages/airflow/models/dagbag.py", line 344, in parse
    loader.exec_module(new_module)
  File "<frozen importlib._bootstrap_external>", line 883, in exec_module
  File "<frozen importlib._bootstrap>", line 241, in _call_with_frames_removed
  File "/opt/airflow/dags/dag_streamflow.py", line 104, in <module>
    [kafka_consumers_transaction, kafka_consumers_user]
NameError: name 'kafka_consumers_transaction' is not defined
[2026-01-20T03:39:26.097+0000] {processor.py:842} WARNING - No viable dags retrieved from /opt/airflow/dags/dag_streamflow.py
[2026-01-20T03:39:26.125+0000] {processor.py:183} INFO - Processing /opt/airflow/dags/dag_streamflow.py took 0.095 seconds
[2026-01-20T03:39:28.060+0000] {processor.py:161} INFO - Started process (PID=974) to work on /opt/airflow/dags/dag_streamflow.py
[2026-01-20T03:39:28.062+0000] {processor.py:830} INFO - Processing file /opt/airflow/dags/dag_streamflow.py for tasks to queue
[2026-01-20T03:39:28.064+0000] {logging_mixin.py:188} INFO - [2026-01-20T03:39:28.063+0000] {dagbag.py:538} INFO - Filling up the DagBag from /opt/airflow/dags/dag_streamflow.py
[2026-01-20T03:39:28.095+0000] {processor.py:840} INFO - DAG(s) 'streamflow_main' retrieved from /opt/airflow/dags/dag_streamflow.py
[2026-01-20T03:39:28.111+0000] {logging_mixin.py:188} INFO - [2026-01-20T03:39:28.111+0000] {dag.py:3036} INFO - Sync 1 DAGs
[2026-01-20T03:39:28.130+0000] {logging_mixin.py:188} INFO - [2026-01-20T03:39:28.130+0000] {dag.py:3823} INFO - Setting next_dagrun for streamflow_main to None, run_after=None
[2026-01-20T03:39:28.167+0000] {processor.py:183} INFO - Processing /opt/airflow/dags/dag_streamflow.py took 0.111 seconds
[2026-01-20T03:39:58.546+0000] {processor.py:161} INFO - Started process (PID=1034) to work on /opt/airflow/dags/dag_streamflow.py
[2026-01-20T03:39:58.548+0000] {processor.py:830} INFO - Processing file /opt/airflow/dags/dag_streamflow.py for tasks to queue
[2026-01-20T03:39:58.551+0000] {logging_mixin.py:188} INFO - [2026-01-20T03:39:58.550+0000] {dagbag.py:538} INFO - Filling up the DagBag from /opt/airflow/dags/dag_streamflow.py
[2026-01-20T03:39:58.593+0000] {processor.py:840} INFO - DAG(s) 'streamflow_main' retrieved from /opt/airflow/dags/dag_streamflow.py
[2026-01-20T03:39:58.643+0000] {logging_mixin.py:188} INFO - [2026-01-20T03:39:58.642+0000] {dag.py:3036} INFO - Sync 1 DAGs
[2026-01-20T03:39:58.664+0000] {logging_mixin.py:188} INFO - [2026-01-20T03:39:58.664+0000] {dag.py:3823} INFO - Setting next_dagrun for streamflow_main to None, run_after=None
[2026-01-20T03:39:58.701+0000] {processor.py:183} INFO - Processing /opt/airflow/dags/dag_streamflow.py took 0.160 seconds
[2026-01-20T03:40:28.857+0000] {processor.py:161} INFO - Started process (PID=1220) to work on /opt/airflow/dags/dag_streamflow.py
[2026-01-20T03:40:28.858+0000] {processor.py:830} INFO - Processing file /opt/airflow/dags/dag_streamflow.py for tasks to queue
[2026-01-20T03:40:28.859+0000] {logging_mixin.py:188} INFO - [2026-01-20T03:40:28.859+0000] {dagbag.py:538} INFO - Filling up the DagBag from /opt/airflow/dags/dag_streamflow.py
[2026-01-20T03:40:28.876+0000] {processor.py:840} INFO - DAG(s) 'streamflow_main' retrieved from /opt/airflow/dags/dag_streamflow.py
[2026-01-20T03:40:28.912+0000] {logging_mixin.py:188} INFO - [2026-01-20T03:40:28.912+0000] {dag.py:3036} INFO - Sync 1 DAGs
[2026-01-20T03:40:28.928+0000] {logging_mixin.py:188} INFO - [2026-01-20T03:40:28.927+0000] {dag.py:3823} INFO - Setting next_dagrun for streamflow_main to None, run_after=None
[2026-01-20T03:40:28.963+0000] {processor.py:183} INFO - Processing /opt/airflow/dags/dag_streamflow.py took 0.109 seconds
[2026-01-20T03:40:40.946+0000] {processor.py:161} INFO - Started process (PID=1225) to work on /opt/airflow/dags/dag_streamflow.py
[2026-01-20T03:40:40.947+0000] {processor.py:830} INFO - Processing file /opt/airflow/dags/dag_streamflow.py for tasks to queue
[2026-01-20T03:40:40.949+0000] {logging_mixin.py:188} INFO - [2026-01-20T03:40:40.948+0000] {dagbag.py:538} INFO - Filling up the DagBag from /opt/airflow/dags/dag_streamflow.py
[2026-01-20T03:40:40.982+0000] {processor.py:840} INFO - DAG(s) 'streamflow_main' retrieved from /opt/airflow/dags/dag_streamflow.py
[2026-01-20T03:40:41.012+0000] {logging_mixin.py:188} INFO - [2026-01-20T03:40:41.012+0000] {dag.py:3036} INFO - Sync 1 DAGs
[2026-01-20T03:40:41.033+0000] {logging_mixin.py:188} INFO - [2026-01-20T03:40:41.033+0000] {dag.py:3823} INFO - Setting next_dagrun for streamflow_main to None, run_after=None
[2026-01-20T03:40:41.064+0000] {processor.py:183} INFO - Processing /opt/airflow/dags/dag_streamflow.py took 0.123 seconds
[2026-01-20T03:41:11.416+0000] {processor.py:161} INFO - Started process (PID=1237) to work on /opt/airflow/dags/dag_streamflow.py
[2026-01-20T03:41:11.417+0000] {processor.py:830} INFO - Processing file /opt/airflow/dags/dag_streamflow.py for tasks to queue
[2026-01-20T03:41:11.418+0000] {logging_mixin.py:188} INFO - [2026-01-20T03:41:11.417+0000] {dagbag.py:538} INFO - Filling up the DagBag from /opt/airflow/dags/dag_streamflow.py
[2026-01-20T03:41:11.432+0000] {processor.py:840} INFO - DAG(s) 'streamflow_main' retrieved from /opt/airflow/dags/dag_streamflow.py
[2026-01-20T03:41:11.458+0000] {logging_mixin.py:188} INFO - [2026-01-20T03:41:11.458+0000] {dag.py:3036} INFO - Sync 1 DAGs
[2026-01-20T03:41:11.469+0000] {logging_mixin.py:188} INFO - [2026-01-20T03:41:11.468+0000] {dag.py:3823} INFO - Setting next_dagrun for streamflow_main to None, run_after=None
[2026-01-20T03:41:11.487+0000] {processor.py:183} INFO - Processing /opt/airflow/dags/dag_streamflow.py took 0.075 seconds
[2026-01-20T03:41:41.808+0000] {processor.py:161} INFO - Started process (PID=1249) to work on /opt/airflow/dags/dag_streamflow.py
[2026-01-20T03:41:41.809+0000] {processor.py:830} INFO - Processing file /opt/airflow/dags/dag_streamflow.py for tasks to queue
[2026-01-20T03:41:41.813+0000] {logging_mixin.py:188} INFO - [2026-01-20T03:41:41.810+0000] {dagbag.py:538} INFO - Filling up the DagBag from /opt/airflow/dags/dag_streamflow.py
[2026-01-20T03:41:41.849+0000] {processor.py:840} INFO - DAG(s) 'streamflow_main' retrieved from /opt/airflow/dags/dag_streamflow.py
[2026-01-20T03:41:41.887+0000] {logging_mixin.py:188} INFO - [2026-01-20T03:41:41.886+0000] {dag.py:3036} INFO - Sync 1 DAGs
[2026-01-20T03:41:41.903+0000] {logging_mixin.py:188} INFO - [2026-01-20T03:41:41.903+0000] {dag.py:3823} INFO - Setting next_dagrun for streamflow_main to None, run_after=None
[2026-01-20T03:41:41.932+0000] {processor.py:183} INFO - Processing /opt/airflow/dags/dag_streamflow.py took 0.129 seconds
[2026-01-20T03:42:12.194+0000] {processor.py:161} INFO - Started process (PID=1261) to work on /opt/airflow/dags/dag_streamflow.py
[2026-01-20T03:42:12.195+0000] {processor.py:830} INFO - Processing file /opt/airflow/dags/dag_streamflow.py for tasks to queue
[2026-01-20T03:42:12.196+0000] {logging_mixin.py:188} INFO - [2026-01-20T03:42:12.196+0000] {dagbag.py:538} INFO - Filling up the DagBag from /opt/airflow/dags/dag_streamflow.py
[2026-01-20T03:42:12.214+0000] {processor.py:840} INFO - DAG(s) 'streamflow_main' retrieved from /opt/airflow/dags/dag_streamflow.py
[2026-01-20T03:42:12.245+0000] {logging_mixin.py:188} INFO - [2026-01-20T03:42:12.244+0000] {dag.py:3036} INFO - Sync 1 DAGs
[2026-01-20T03:42:12.258+0000] {logging_mixin.py:188} INFO - [2026-01-20T03:42:12.257+0000] {dag.py:3823} INFO - Setting next_dagrun for streamflow_main to None, run_after=None
[2026-01-20T03:42:12.277+0000] {processor.py:183} INFO - Processing /opt/airflow/dags/dag_streamflow.py took 0.088 seconds
[2026-01-20T03:42:42.571+0000] {processor.py:161} INFO - Started process (PID=1273) to work on /opt/airflow/dags/dag_streamflow.py
[2026-01-20T03:42:42.573+0000] {processor.py:830} INFO - Processing file /opt/airflow/dags/dag_streamflow.py for tasks to queue
[2026-01-20T03:42:42.574+0000] {logging_mixin.py:188} INFO - [2026-01-20T03:42:42.574+0000] {dagbag.py:538} INFO - Filling up the DagBag from /opt/airflow/dags/dag_streamflow.py
[2026-01-20T03:42:42.606+0000] {processor.py:840} INFO - DAG(s) 'streamflow_main' retrieved from /opt/airflow/dags/dag_streamflow.py
[2026-01-20T03:42:42.641+0000] {logging_mixin.py:188} INFO - [2026-01-20T03:42:42.641+0000] {dag.py:3036} INFO - Sync 1 DAGs
[2026-01-20T03:42:42.656+0000] {logging_mixin.py:188} INFO - [2026-01-20T03:42:42.656+0000] {dag.py:3823} INFO - Setting next_dagrun for streamflow_main to None, run_after=None
[2026-01-20T03:42:42.687+0000] {processor.py:183} INFO - Processing /opt/airflow/dags/dag_streamflow.py took 0.121 seconds
[2026-01-20T03:43:12.976+0000] {processor.py:161} INFO - Started process (PID=1285) to work on /opt/airflow/dags/dag_streamflow.py
[2026-01-20T03:43:12.979+0000] {processor.py:830} INFO - Processing file /opt/airflow/dags/dag_streamflow.py for tasks to queue
[2026-01-20T03:43:12.981+0000] {logging_mixin.py:188} INFO - [2026-01-20T03:43:12.981+0000] {dagbag.py:538} INFO - Filling up the DagBag from /opt/airflow/dags/dag_streamflow.py
[2026-01-20T03:43:13.021+0000] {processor.py:840} INFO - DAG(s) 'streamflow_main' retrieved from /opt/airflow/dags/dag_streamflow.py
[2026-01-20T03:43:13.060+0000] {logging_mixin.py:188} INFO - [2026-01-20T03:43:13.060+0000] {dag.py:3036} INFO - Sync 1 DAGs
[2026-01-20T03:43:13.079+0000] {logging_mixin.py:188} INFO - [2026-01-20T03:43:13.078+0000] {dag.py:3823} INFO - Setting next_dagrun for streamflow_main to None, run_after=None
[2026-01-20T03:43:13.106+0000] {processor.py:183} INFO - Processing /opt/airflow/dags/dag_streamflow.py took 0.134 seconds
[2026-01-20T03:43:43.488+0000] {processor.py:161} INFO - Started process (PID=1297) to work on /opt/airflow/dags/dag_streamflow.py
[2026-01-20T03:43:43.489+0000] {processor.py:830} INFO - Processing file /opt/airflow/dags/dag_streamflow.py for tasks to queue
[2026-01-20T03:43:43.490+0000] {logging_mixin.py:188} INFO - [2026-01-20T03:43:43.490+0000] {dagbag.py:538} INFO - Filling up the DagBag from /opt/airflow/dags/dag_streamflow.py
[2026-01-20T03:43:43.507+0000] {processor.py:840} INFO - DAG(s) 'streamflow_main' retrieved from /opt/airflow/dags/dag_streamflow.py
[2026-01-20T03:43:43.530+0000] {logging_mixin.py:188} INFO - [2026-01-20T03:43:43.530+0000] {dag.py:3036} INFO - Sync 1 DAGs
[2026-01-20T03:43:43.540+0000] {logging_mixin.py:188} INFO - [2026-01-20T03:43:43.540+0000] {dag.py:3823} INFO - Setting next_dagrun for streamflow_main to None, run_after=None
[2026-01-20T03:43:43.558+0000] {processor.py:183} INFO - Processing /opt/airflow/dags/dag_streamflow.py took 0.073 seconds
[2026-01-20T03:44:13.839+0000] {processor.py:161} INFO - Started process (PID=1469) to work on /opt/airflow/dags/dag_streamflow.py
[2026-01-20T03:44:13.841+0000] {processor.py:830} INFO - Processing file /opt/airflow/dags/dag_streamflow.py for tasks to queue
[2026-01-20T03:44:13.842+0000] {logging_mixin.py:188} INFO - [2026-01-20T03:44:13.842+0000] {dagbag.py:538} INFO - Filling up the DagBag from /opt/airflow/dags/dag_streamflow.py
[2026-01-20T03:44:13.864+0000] {processor.py:840} INFO - DAG(s) 'streamflow_main' retrieved from /opt/airflow/dags/dag_streamflow.py
[2026-01-20T03:44:13.898+0000] {logging_mixin.py:188} INFO - [2026-01-20T03:44:13.898+0000] {dag.py:3036} INFO - Sync 1 DAGs
[2026-01-20T03:44:13.917+0000] {logging_mixin.py:188} INFO - [2026-01-20T03:44:13.917+0000] {dag.py:3823} INFO - Setting next_dagrun for streamflow_main to None, run_after=None
[2026-01-20T03:44:13.953+0000] {processor.py:183} INFO - Processing /opt/airflow/dags/dag_streamflow.py took 0.118 seconds
[2026-01-20T03:44:45.199+0000] {processor.py:161} INFO - Started process (PID=1540) to work on /opt/airflow/dags/dag_streamflow.py
[2026-01-20T03:44:45.201+0000] {processor.py:830} INFO - Processing file /opt/airflow/dags/dag_streamflow.py for tasks to queue
[2026-01-20T03:44:45.202+0000] {logging_mixin.py:188} INFO - [2026-01-20T03:44:45.202+0000] {dagbag.py:538} INFO - Filling up the DagBag from /opt/airflow/dags/dag_streamflow.py
[2026-01-20T03:44:45.241+0000] {processor.py:840} INFO - DAG(s) 'streamflow_main' retrieved from /opt/airflow/dags/dag_streamflow.py
[2026-01-20T03:44:45.271+0000] {logging_mixin.py:188} INFO - [2026-01-20T03:44:45.271+0000] {dag.py:3036} INFO - Sync 1 DAGs
[2026-01-20T03:44:45.284+0000] {logging_mixin.py:188} INFO - [2026-01-20T03:44:45.284+0000] {dag.py:3823} INFO - Setting next_dagrun for streamflow_main to None, run_after=None
[2026-01-20T03:44:45.307+0000] {processor.py:183} INFO - Processing /opt/airflow/dags/dag_streamflow.py took 0.111 seconds
[2026-01-20T03:45:17.620+0000] {processor.py:161} INFO - Started process (PID=1553) to work on /opt/airflow/dags/dag_streamflow.py
[2026-01-20T03:45:17.621+0000] {processor.py:830} INFO - Processing file /opt/airflow/dags/dag_streamflow.py for tasks to queue
[2026-01-20T03:45:17.623+0000] {logging_mixin.py:188} INFO - [2026-01-20T03:45:17.622+0000] {dagbag.py:538} INFO - Filling up the DagBag from /opt/airflow/dags/dag_streamflow.py
[2026-01-20T03:45:17.647+0000] {processor.py:840} INFO - DAG(s) 'streamflow_main' retrieved from /opt/airflow/dags/dag_streamflow.py
[2026-01-20T03:45:17.688+0000] {logging_mixin.py:188} INFO - [2026-01-20T03:45:17.688+0000] {dag.py:3036} INFO - Sync 1 DAGs
[2026-01-20T03:45:17.708+0000] {logging_mixin.py:188} INFO - [2026-01-20T03:45:17.708+0000] {dag.py:3823} INFO - Setting next_dagrun for streamflow_main to None, run_after=None
[2026-01-20T03:45:17.737+0000] {processor.py:183} INFO - Processing /opt/airflow/dags/dag_streamflow.py took 0.121 seconds
[2026-01-20T03:45:50.136+0000] {processor.py:161} INFO - Started process (PID=1826) to work on /opt/airflow/dags/dag_streamflow.py
[2026-01-20T03:45:50.137+0000] {processor.py:830} INFO - Processing file /opt/airflow/dags/dag_streamflow.py for tasks to queue
[2026-01-20T03:45:50.140+0000] {logging_mixin.py:188} INFO - [2026-01-20T03:45:50.139+0000] {dagbag.py:538} INFO - Filling up the DagBag from /opt/airflow/dags/dag_streamflow.py
[2026-01-20T03:45:50.192+0000] {processor.py:840} INFO - DAG(s) 'streamflow_main' retrieved from /opt/airflow/dags/dag_streamflow.py
[2026-01-20T03:45:50.257+0000] {logging_mixin.py:188} INFO - [2026-01-20T03:45:50.257+0000] {dag.py:3036} INFO - Sync 1 DAGs
[2026-01-20T03:45:50.308+0000] {logging_mixin.py:188} INFO - [2026-01-20T03:45:50.308+0000] {dag.py:3823} INFO - Setting next_dagrun for streamflow_main to None, run_after=None
[2026-01-20T03:45:50.349+0000] {processor.py:183} INFO - Processing /opt/airflow/dags/dag_streamflow.py took 0.216 seconds
[2026-01-20T03:46:21.542+0000] {processor.py:161} INFO - Started process (PID=1838) to work on /opt/airflow/dags/dag_streamflow.py
[2026-01-20T03:46:21.543+0000] {processor.py:830} INFO - Processing file /opt/airflow/dags/dag_streamflow.py for tasks to queue
[2026-01-20T03:46:21.544+0000] {logging_mixin.py:188} INFO - [2026-01-20T03:46:21.544+0000] {dagbag.py:538} INFO - Filling up the DagBag from /opt/airflow/dags/dag_streamflow.py
[2026-01-20T03:46:21.566+0000] {processor.py:840} INFO - DAG(s) 'streamflow_main' retrieved from /opt/airflow/dags/dag_streamflow.py
[2026-01-20T03:46:21.595+0000] {logging_mixin.py:188} INFO - [2026-01-20T03:46:21.595+0000] {dag.py:3036} INFO - Sync 1 DAGs
[2026-01-20T03:46:21.612+0000] {logging_mixin.py:188} INFO - [2026-01-20T03:46:21.611+0000] {dag.py:3823} INFO - Setting next_dagrun for streamflow_main to None, run_after=None
[2026-01-20T03:46:21.642+0000] {processor.py:183} INFO - Processing /opt/airflow/dags/dag_streamflow.py took 0.105 seconds
[2026-01-20T03:46:53.824+0000] {processor.py:161} INFO - Started process (PID=1850) to work on /opt/airflow/dags/dag_streamflow.py
[2026-01-20T03:46:53.826+0000] {processor.py:830} INFO - Processing file /opt/airflow/dags/dag_streamflow.py for tasks to queue
[2026-01-20T03:46:53.828+0000] {logging_mixin.py:188} INFO - [2026-01-20T03:46:53.827+0000] {dagbag.py:538} INFO - Filling up the DagBag from /opt/airflow/dags/dag_streamflow.py
[2026-01-20T03:46:53.853+0000] {processor.py:840} INFO - DAG(s) 'streamflow_main' retrieved from /opt/airflow/dags/dag_streamflow.py
[2026-01-20T03:46:53.886+0000] {logging_mixin.py:188} INFO - [2026-01-20T03:46:53.885+0000] {dag.py:3036} INFO - Sync 1 DAGs
[2026-01-20T03:46:53.902+0000] {logging_mixin.py:188} INFO - [2026-01-20T03:46:53.901+0000] {dag.py:3823} INFO - Setting next_dagrun for streamflow_main to None, run_after=None
[2026-01-20T03:46:53.926+0000] {processor.py:183} INFO - Processing /opt/airflow/dags/dag_streamflow.py took 0.108 seconds
[2026-01-20T03:47:26.279+0000] {processor.py:161} INFO - Started process (PID=1862) to work on /opt/airflow/dags/dag_streamflow.py
[2026-01-20T03:47:26.281+0000] {processor.py:830} INFO - Processing file /opt/airflow/dags/dag_streamflow.py for tasks to queue
[2026-01-20T03:47:26.283+0000] {logging_mixin.py:188} INFO - [2026-01-20T03:47:26.282+0000] {dagbag.py:538} INFO - Filling up the DagBag from /opt/airflow/dags/dag_streamflow.py
[2026-01-20T03:47:26.310+0000] {processor.py:840} INFO - DAG(s) 'streamflow_main' retrieved from /opt/airflow/dags/dag_streamflow.py
[2026-01-20T03:47:26.345+0000] {logging_mixin.py:188} INFO - [2026-01-20T03:47:26.344+0000] {dag.py:3036} INFO - Sync 1 DAGs
[2026-01-20T03:47:26.360+0000] {logging_mixin.py:188} INFO - [2026-01-20T03:47:26.360+0000] {dag.py:3823} INFO - Setting next_dagrun for streamflow_main to None, run_after=None
[2026-01-20T03:47:26.388+0000] {processor.py:183} INFO - Processing /opt/airflow/dags/dag_streamflow.py took 0.114 seconds
[2026-01-20T03:47:58.683+0000] {processor.py:161} INFO - Started process (PID=1874) to work on /opt/airflow/dags/dag_streamflow.py
[2026-01-20T03:47:58.684+0000] {processor.py:830} INFO - Processing file /opt/airflow/dags/dag_streamflow.py for tasks to queue
[2026-01-20T03:47:58.685+0000] {logging_mixin.py:188} INFO - [2026-01-20T03:47:58.685+0000] {dagbag.py:538} INFO - Filling up the DagBag from /opt/airflow/dags/dag_streamflow.py
[2026-01-20T03:47:58.705+0000] {processor.py:840} INFO - DAG(s) 'streamflow_main' retrieved from /opt/airflow/dags/dag_streamflow.py
[2026-01-20T03:47:58.729+0000] {logging_mixin.py:188} INFO - [2026-01-20T03:47:58.728+0000] {dag.py:3036} INFO - Sync 1 DAGs
[2026-01-20T03:47:58.739+0000] {logging_mixin.py:188} INFO - [2026-01-20T03:47:58.739+0000] {dag.py:3823} INFO - Setting next_dagrun for streamflow_main to None, run_after=None
[2026-01-20T03:47:58.758+0000] {processor.py:183} INFO - Processing /opt/airflow/dags/dag_streamflow.py took 0.079 seconds
[2026-01-20T03:48:28.940+0000] {processor.py:161} INFO - Started process (PID=2017) to work on /opt/airflow/dags/dag_streamflow.py
[2026-01-20T03:48:28.941+0000] {processor.py:830} INFO - Processing file /opt/airflow/dags/dag_streamflow.py for tasks to queue
[2026-01-20T03:48:28.942+0000] {logging_mixin.py:188} INFO - [2026-01-20T03:48:28.942+0000] {dagbag.py:538} INFO - Filling up the DagBag from /opt/airflow/dags/dag_streamflow.py
[2026-01-20T03:48:30.184+0000] {processor.py:840} INFO - DAG(s) 'streamflow_main' retrieved from /opt/airflow/dags/dag_streamflow.py
[2026-01-20T03:48:30.226+0000] {logging_mixin.py:188} INFO - [2026-01-20T03:48:30.226+0000] {dag.py:3036} INFO - Sync 1 DAGs
[2026-01-20T03:48:30.248+0000] {logging_mixin.py:188} INFO - [2026-01-20T03:48:30.247+0000] {dag.py:3823} INFO - Setting next_dagrun for streamflow_main to None, run_after=None
[2026-01-20T03:48:30.279+0000] {processor.py:183} INFO - Processing /opt/airflow/dags/dag_streamflow.py took 0.129 seconds
[2026-01-20T03:49:02.467+0000] {processor.py:161} INFO - Started process (PID=2354) to work on /opt/airflow/dags/dag_streamflow.py
[2026-01-20T03:49:02.468+0000] {processor.py:830} INFO - Processing file /opt/airflow/dags/dag_streamflow.py for tasks to queue
[2026-01-20T03:49:02.470+0000] {logging_mixin.py:188} INFO - [2026-01-20T03:49:02.469+0000] {dagbag.py:538} INFO - Filling up the DagBag from /opt/airflow/dags/dag_streamflow.py
[2026-01-20T03:49:02.488+0000] {processor.py:840} INFO - DAG(s) 'streamflow_main' retrieved from /opt/airflow/dags/dag_streamflow.py
[2026-01-20T03:49:02.519+0000] {logging_mixin.py:188} INFO - [2026-01-20T03:49:02.519+0000] {dag.py:3036} INFO - Sync 1 DAGs
[2026-01-20T03:49:02.537+0000] {logging_mixin.py:188} INFO - [2026-01-20T03:49:02.537+0000] {dag.py:3823} INFO - Setting next_dagrun for streamflow_main to None, run_after=None
[2026-01-20T03:49:02.559+0000] {processor.py:183} INFO - Processing /opt/airflow/dags/dag_streamflow.py took 0.099 seconds
[2026-01-20T03:49:34.849+0000] {processor.py:161} INFO - Started process (PID=2366) to work on /opt/airflow/dags/dag_streamflow.py
[2026-01-20T03:49:34.850+0000] {processor.py:830} INFO - Processing file /opt/airflow/dags/dag_streamflow.py for tasks to queue
[2026-01-20T03:49:34.852+0000] {logging_mixin.py:188} INFO - [2026-01-20T03:49:34.851+0000] {dagbag.py:538} INFO - Filling up the DagBag from /opt/airflow/dags/dag_streamflow.py
[2026-01-20T03:49:34.873+0000] {processor.py:840} INFO - DAG(s) 'streamflow_main' retrieved from /opt/airflow/dags/dag_streamflow.py
[2026-01-20T03:49:34.907+0000] {logging_mixin.py:188} INFO - [2026-01-20T03:49:34.907+0000] {dag.py:3036} INFO - Sync 1 DAGs
[2026-01-20T03:49:34.928+0000] {logging_mixin.py:188} INFO - [2026-01-20T03:49:34.928+0000] {dag.py:3823} INFO - Setting next_dagrun for streamflow_main to None, run_after=None
[2026-01-20T03:49:34.955+0000] {processor.py:183} INFO - Processing /opt/airflow/dags/dag_streamflow.py took 0.110 seconds
[2026-01-20T03:50:07.282+0000] {processor.py:161} INFO - Started process (PID=2378) to work on /opt/airflow/dags/dag_streamflow.py
[2026-01-20T03:50:07.283+0000] {processor.py:830} INFO - Processing file /opt/airflow/dags/dag_streamflow.py for tasks to queue
[2026-01-20T03:50:07.284+0000] {logging_mixin.py:188} INFO - [2026-01-20T03:50:07.284+0000] {dagbag.py:538} INFO - Filling up the DagBag from /opt/airflow/dags/dag_streamflow.py
[2026-01-20T03:50:07.305+0000] {processor.py:840} INFO - DAG(s) 'streamflow_main' retrieved from /opt/airflow/dags/dag_streamflow.py
[2026-01-20T03:50:07.329+0000] {logging_mixin.py:188} INFO - [2026-01-20T03:50:07.329+0000] {dag.py:3036} INFO - Sync 1 DAGs
[2026-01-20T03:50:07.341+0000] {logging_mixin.py:188} INFO - [2026-01-20T03:50:07.341+0000] {dag.py:3823} INFO - Setting next_dagrun for streamflow_main to None, run_after=None
[2026-01-20T03:50:07.362+0000] {processor.py:183} INFO - Processing /opt/airflow/dags/dag_streamflow.py took 0.084 seconds
[2026-01-20T03:50:39.768+0000] {processor.py:161} INFO - Started process (PID=2390) to work on /opt/airflow/dags/dag_streamflow.py
[2026-01-20T03:50:39.770+0000] {processor.py:830} INFO - Processing file /opt/airflow/dags/dag_streamflow.py for tasks to queue
[2026-01-20T03:50:39.771+0000] {logging_mixin.py:188} INFO - [2026-01-20T03:50:39.771+0000] {dagbag.py:538} INFO - Filling up the DagBag from /opt/airflow/dags/dag_streamflow.py
[2026-01-20T03:50:39.791+0000] {processor.py:840} INFO - DAG(s) 'streamflow_main' retrieved from /opt/airflow/dags/dag_streamflow.py
[2026-01-20T03:50:39.820+0000] {logging_mixin.py:188} INFO - [2026-01-20T03:50:39.820+0000] {dag.py:3036} INFO - Sync 1 DAGs
[2026-01-20T03:50:39.834+0000] {logging_mixin.py:188} INFO - [2026-01-20T03:50:39.833+0000] {dag.py:3823} INFO - Setting next_dagrun for streamflow_main to None, run_after=None
[2026-01-20T03:50:39.855+0000] {processor.py:183} INFO - Processing /opt/airflow/dags/dag_streamflow.py took 0.091 seconds
[2026-01-20T03:51:11.057+0000] {processor.py:161} INFO - Started process (PID=2402) to work on /opt/airflow/dags/dag_streamflow.py
[2026-01-20T03:51:11.059+0000] {processor.py:830} INFO - Processing file /opt/airflow/dags/dag_streamflow.py for tasks to queue
[2026-01-20T03:51:11.060+0000] {logging_mixin.py:188} INFO - [2026-01-20T03:51:11.060+0000] {dagbag.py:538} INFO - Filling up the DagBag from /opt/airflow/dags/dag_streamflow.py
[2026-01-20T03:51:11.079+0000] {processor.py:840} INFO - DAG(s) 'streamflow_main' retrieved from /opt/airflow/dags/dag_streamflow.py
[2026-01-20T03:51:11.107+0000] {logging_mixin.py:188} INFO - [2026-01-20T03:51:11.107+0000] {dag.py:3036} INFO - Sync 1 DAGs
[2026-01-20T03:51:11.124+0000] {logging_mixin.py:188} INFO - [2026-01-20T03:51:11.124+0000] {dag.py:3823} INFO - Setting next_dagrun for streamflow_main to None, run_after=None
[2026-01-20T03:51:11.145+0000] {processor.py:183} INFO - Processing /opt/airflow/dags/dag_streamflow.py took 0.092 seconds
[2026-01-20T03:51:43.500+0000] {processor.py:161} INFO - Started process (PID=2414) to work on /opt/airflow/dags/dag_streamflow.py
[2026-01-20T03:51:43.502+0000] {processor.py:830} INFO - Processing file /opt/airflow/dags/dag_streamflow.py for tasks to queue
[2026-01-20T03:51:43.504+0000] {logging_mixin.py:188} INFO - [2026-01-20T03:51:43.504+0000] {dagbag.py:538} INFO - Filling up the DagBag from /opt/airflow/dags/dag_streamflow.py
[2026-01-20T03:51:43.550+0000] {processor.py:840} INFO - DAG(s) 'streamflow_main' retrieved from /opt/airflow/dags/dag_streamflow.py
[2026-01-20T03:51:43.603+0000] {logging_mixin.py:188} INFO - [2026-01-20T03:51:43.603+0000] {dag.py:3036} INFO - Sync 1 DAGs
[2026-01-20T03:51:43.628+0000] {logging_mixin.py:188} INFO - [2026-01-20T03:51:43.627+0000] {dag.py:3823} INFO - Setting next_dagrun for streamflow_main to None, run_after=None
[2026-01-20T03:51:43.668+0000] {processor.py:183} INFO - Processing /opt/airflow/dags/dag_streamflow.py took 0.172 seconds
[2026-01-20T03:52:15.893+0000] {processor.py:161} INFO - Started process (PID=2426) to work on /opt/airflow/dags/dag_streamflow.py
[2026-01-20T03:52:15.895+0000] {processor.py:830} INFO - Processing file /opt/airflow/dags/dag_streamflow.py for tasks to queue
[2026-01-20T03:52:15.896+0000] {logging_mixin.py:188} INFO - [2026-01-20T03:52:15.896+0000] {dagbag.py:538} INFO - Filling up the DagBag from /opt/airflow/dags/dag_streamflow.py
[2026-01-20T03:52:15.917+0000] {processor.py:840} INFO - DAG(s) 'streamflow_main' retrieved from /opt/airflow/dags/dag_streamflow.py
[2026-01-20T03:52:15.944+0000] {logging_mixin.py:188} INFO - [2026-01-20T03:52:15.944+0000] {dag.py:3036} INFO - Sync 1 DAGs
[2026-01-20T03:52:15.957+0000] {logging_mixin.py:188} INFO - [2026-01-20T03:52:15.956+0000] {dag.py:3823} INFO - Setting next_dagrun for streamflow_main to None, run_after=None
[2026-01-20T03:52:15.979+0000] {processor.py:183} INFO - Processing /opt/airflow/dags/dag_streamflow.py took 0.090 seconds
[2026-01-20T03:52:48.316+0000] {processor.py:161} INFO - Started process (PID=2439) to work on /opt/airflow/dags/dag_streamflow.py
[2026-01-20T03:52:48.317+0000] {processor.py:830} INFO - Processing file /opt/airflow/dags/dag_streamflow.py for tasks to queue
[2026-01-20T03:52:48.318+0000] {logging_mixin.py:188} INFO - [2026-01-20T03:52:48.318+0000] {dagbag.py:538} INFO - Filling up the DagBag from /opt/airflow/dags/dag_streamflow.py
[2026-01-20T03:52:48.341+0000] {processor.py:840} INFO - DAG(s) 'streamflow_main' retrieved from /opt/airflow/dags/dag_streamflow.py
[2026-01-20T03:52:48.371+0000] {logging_mixin.py:188} INFO - [2026-01-20T03:52:48.371+0000] {dag.py:3036} INFO - Sync 1 DAGs
[2026-01-20T03:52:48.385+0000] {logging_mixin.py:188} INFO - [2026-01-20T03:52:48.385+0000] {dag.py:3823} INFO - Setting next_dagrun for streamflow_main to None, run_after=None
[2026-01-20T03:52:48.415+0000] {processor.py:183} INFO - Processing /opt/airflow/dags/dag_streamflow.py took 0.104 seconds
[2026-01-20T03:53:18.463+0000] {processor.py:161} INFO - Started process (PID=2452) to work on /opt/airflow/dags/dag_streamflow.py
[2026-01-20T03:53:18.465+0000] {processor.py:830} INFO - Processing file /opt/airflow/dags/dag_streamflow.py for tasks to queue
[2026-01-20T03:53:18.466+0000] {logging_mixin.py:188} INFO - [2026-01-20T03:53:18.465+0000] {dagbag.py:538} INFO - Filling up the DagBag from /opt/airflow/dags/dag_streamflow.py
[2026-01-20T03:53:19.691+0000] {processor.py:840} INFO - DAG(s) 'streamflow_main' retrieved from /opt/airflow/dags/dag_streamflow.py
[2026-01-20T03:53:19.723+0000] {logging_mixin.py:188} INFO - [2026-01-20T03:53:19.723+0000] {dag.py:3036} INFO - Sync 1 DAGs
[2026-01-20T03:53:19.738+0000] {logging_mixin.py:188} INFO - [2026-01-20T03:53:19.737+0000] {dag.py:3823} INFO - Setting next_dagrun for streamflow_main to None, run_after=None
[2026-01-20T03:53:19.762+0000] {processor.py:183} INFO - Processing /opt/airflow/dags/dag_streamflow.py took 0.094 seconds
[2026-01-20T03:53:52.117+0000] {processor.py:161} INFO - Started process (PID=2464) to work on /opt/airflow/dags/dag_streamflow.py
[2026-01-20T03:53:52.118+0000] {processor.py:830} INFO - Processing file /opt/airflow/dags/dag_streamflow.py for tasks to queue
[2026-01-20T03:53:52.119+0000] {logging_mixin.py:188} INFO - [2026-01-20T03:53:52.119+0000] {dagbag.py:538} INFO - Filling up the DagBag from /opt/airflow/dags/dag_streamflow.py
[2026-01-20T03:53:52.150+0000] {processor.py:840} INFO - DAG(s) 'streamflow_main' retrieved from /opt/airflow/dags/dag_streamflow.py
[2026-01-20T03:53:52.186+0000] {logging_mixin.py:188} INFO - [2026-01-20T03:53:52.186+0000] {dag.py:3036} INFO - Sync 1 DAGs
[2026-01-20T03:53:52.201+0000] {logging_mixin.py:188} INFO - [2026-01-20T03:53:52.201+0000] {dag.py:3823} INFO - Setting next_dagrun for streamflow_main to None, run_after=None
[2026-01-20T03:53:52.229+0000] {processor.py:183} INFO - Processing /opt/airflow/dags/dag_streamflow.py took 0.116 seconds
[2026-01-20T03:54:24.525+0000] {processor.py:161} INFO - Started process (PID=2476) to work on /opt/airflow/dags/dag_streamflow.py
[2026-01-20T03:54:24.527+0000] {processor.py:830} INFO - Processing file /opt/airflow/dags/dag_streamflow.py for tasks to queue
[2026-01-20T03:54:24.529+0000] {logging_mixin.py:188} INFO - [2026-01-20T03:54:24.528+0000] {dagbag.py:538} INFO - Filling up the DagBag from /opt/airflow/dags/dag_streamflow.py
[2026-01-20T03:54:24.578+0000] {processor.py:840} INFO - DAG(s) 'streamflow_main' retrieved from /opt/airflow/dags/dag_streamflow.py
[2026-01-20T03:54:24.634+0000] {logging_mixin.py:188} INFO - [2026-01-20T03:54:24.634+0000] {dag.py:3036} INFO - Sync 1 DAGs
[2026-01-20T03:54:24.655+0000] {logging_mixin.py:188} INFO - [2026-01-20T03:54:24.654+0000] {dag.py:3823} INFO - Setting next_dagrun for streamflow_main to None, run_after=None
[2026-01-20T03:54:24.693+0000] {processor.py:183} INFO - Processing /opt/airflow/dags/dag_streamflow.py took 0.173 seconds
[2026-01-20T03:54:56.995+0000] {processor.py:161} INFO - Started process (PID=2488) to work on /opt/airflow/dags/dag_streamflow.py
[2026-01-20T03:54:56.997+0000] {processor.py:830} INFO - Processing file /opt/airflow/dags/dag_streamflow.py for tasks to queue
[2026-01-20T03:54:56.998+0000] {logging_mixin.py:188} INFO - [2026-01-20T03:54:56.998+0000] {dagbag.py:538} INFO - Filling up the DagBag from /opt/airflow/dags/dag_streamflow.py
[2026-01-20T03:54:57.017+0000] {processor.py:840} INFO - DAG(s) 'streamflow_main' retrieved from /opt/airflow/dags/dag_streamflow.py
[2026-01-20T03:54:57.048+0000] {logging_mixin.py:188} INFO - [2026-01-20T03:54:57.047+0000] {dag.py:3036} INFO - Sync 1 DAGs
[2026-01-20T03:54:57.060+0000] {logging_mixin.py:188} INFO - [2026-01-20T03:54:57.059+0000] {dag.py:3823} INFO - Setting next_dagrun for streamflow_main to None, run_after=None
[2026-01-20T03:54:57.080+0000] {processor.py:183} INFO - Processing /opt/airflow/dags/dag_streamflow.py took 0.089 seconds
[2026-01-20T03:55:28.388+0000] {processor.py:161} INFO - Started process (PID=2500) to work on /opt/airflow/dags/dag_streamflow.py
[2026-01-20T03:55:28.391+0000] {processor.py:830} INFO - Processing file /opt/airflow/dags/dag_streamflow.py for tasks to queue
[2026-01-20T03:55:28.393+0000] {logging_mixin.py:188} INFO - [2026-01-20T03:55:28.393+0000] {dagbag.py:538} INFO - Filling up the DagBag from /opt/airflow/dags/dag_streamflow.py
[2026-01-20T03:55:28.436+0000] {processor.py:840} INFO - DAG(s) 'streamflow_main' retrieved from /opt/airflow/dags/dag_streamflow.py
[2026-01-20T03:55:28.484+0000] {logging_mixin.py:188} INFO - [2026-01-20T03:55:28.484+0000] {dag.py:3036} INFO - Sync 1 DAGs
[2026-01-20T03:55:28.506+0000] {logging_mixin.py:188} INFO - [2026-01-20T03:55:28.505+0000] {dag.py:3823} INFO - Setting next_dagrun for streamflow_main to None, run_after=None
[2026-01-20T03:55:28.538+0000] {processor.py:183} INFO - Processing /opt/airflow/dags/dag_streamflow.py took 0.154 seconds
[2026-01-20T03:56:00.755+0000] {processor.py:161} INFO - Started process (PID=2512) to work on /opt/airflow/dags/dag_streamflow.py
[2026-01-20T03:56:00.756+0000] {processor.py:830} INFO - Processing file /opt/airflow/dags/dag_streamflow.py for tasks to queue
[2026-01-20T03:56:00.758+0000] {logging_mixin.py:188} INFO - [2026-01-20T03:56:00.757+0000] {dagbag.py:538} INFO - Filling up the DagBag from /opt/airflow/dags/dag_streamflow.py
[2026-01-20T03:56:00.786+0000] {processor.py:840} INFO - DAG(s) 'streamflow_main' retrieved from /opt/airflow/dags/dag_streamflow.py
[2026-01-20T03:56:00.824+0000] {logging_mixin.py:188} INFO - [2026-01-20T03:56:00.824+0000] {dag.py:3036} INFO - Sync 1 DAGs
[2026-01-20T03:56:00.840+0000] {logging_mixin.py:188} INFO - [2026-01-20T03:56:00.840+0000] {dag.py:3823} INFO - Setting next_dagrun for streamflow_main to None, run_after=None
[2026-01-20T03:56:00.867+0000] {processor.py:183} INFO - Processing /opt/airflow/dags/dag_streamflow.py took 0.117 seconds
[2026-01-20T03:56:33.119+0000] {processor.py:161} INFO - Started process (PID=2524) to work on /opt/airflow/dags/dag_streamflow.py
[2026-01-20T03:56:33.120+0000] {processor.py:830} INFO - Processing file /opt/airflow/dags/dag_streamflow.py for tasks to queue
[2026-01-20T03:56:33.121+0000] {logging_mixin.py:188} INFO - [2026-01-20T03:56:33.121+0000] {dagbag.py:538} INFO - Filling up the DagBag from /opt/airflow/dags/dag_streamflow.py
[2026-01-20T03:56:33.142+0000] {processor.py:840} INFO - DAG(s) 'streamflow_main' retrieved from /opt/airflow/dags/dag_streamflow.py
[2026-01-20T03:56:33.169+0000] {logging_mixin.py:188} INFO - [2026-01-20T03:56:33.169+0000] {dag.py:3036} INFO - Sync 1 DAGs
[2026-01-20T03:56:33.181+0000] {logging_mixin.py:188} INFO - [2026-01-20T03:56:33.181+0000] {dag.py:3823} INFO - Setting next_dagrun for streamflow_main to None, run_after=None
[2026-01-20T03:56:33.203+0000] {processor.py:183} INFO - Processing /opt/airflow/dags/dag_streamflow.py took 0.088 seconds
[2026-01-20T03:57:05.457+0000] {processor.py:161} INFO - Started process (PID=2536) to work on /opt/airflow/dags/dag_streamflow.py
[2026-01-20T03:57:05.458+0000] {processor.py:830} INFO - Processing file /opt/airflow/dags/dag_streamflow.py for tasks to queue
[2026-01-20T03:57:05.459+0000] {logging_mixin.py:188} INFO - [2026-01-20T03:57:05.459+0000] {dagbag.py:538} INFO - Filling up the DagBag from /opt/airflow/dags/dag_streamflow.py
[2026-01-20T03:57:05.488+0000] {processor.py:840} INFO - DAG(s) 'streamflow_main' retrieved from /opt/airflow/dags/dag_streamflow.py
[2026-01-20T03:57:05.521+0000] {logging_mixin.py:188} INFO - [2026-01-20T03:57:05.521+0000] {dag.py:3036} INFO - Sync 1 DAGs
[2026-01-20T03:57:05.538+0000] {logging_mixin.py:188} INFO - [2026-01-20T03:57:05.537+0000] {dag.py:3823} INFO - Setting next_dagrun for streamflow_main to None, run_after=None
[2026-01-20T03:57:05.568+0000] {processor.py:183} INFO - Processing /opt/airflow/dags/dag_streamflow.py took 0.116 seconds
[2026-01-20T03:57:37.827+0000] {processor.py:161} INFO - Started process (PID=2548) to work on /opt/airflow/dags/dag_streamflow.py
[2026-01-20T03:57:37.828+0000] {processor.py:830} INFO - Processing file /opt/airflow/dags/dag_streamflow.py for tasks to queue
[2026-01-20T03:57:37.829+0000] {logging_mixin.py:188} INFO - [2026-01-20T03:57:37.829+0000] {dagbag.py:538} INFO - Filling up the DagBag from /opt/airflow/dags/dag_streamflow.py
[2026-01-20T03:57:37.845+0000] {processor.py:840} INFO - DAG(s) 'streamflow_main' retrieved from /opt/airflow/dags/dag_streamflow.py
[2026-01-20T03:57:37.878+0000] {logging_mixin.py:188} INFO - [2026-01-20T03:57:37.877+0000] {dag.py:3036} INFO - Sync 1 DAGs
[2026-01-20T03:57:37.890+0000] {logging_mixin.py:188} INFO - [2026-01-20T03:57:37.889+0000] {dag.py:3823} INFO - Setting next_dagrun for streamflow_main to None, run_after=None
[2026-01-20T03:57:37.910+0000] {processor.py:183} INFO - Processing /opt/airflow/dags/dag_streamflow.py took 0.087 seconds
[2026-01-20T03:58:09.219+0000] {processor.py:161} INFO - Started process (PID=2560) to work on /opt/airflow/dags/dag_streamflow.py
[2026-01-20T03:58:09.221+0000] {processor.py:830} INFO - Processing file /opt/airflow/dags/dag_streamflow.py for tasks to queue
[2026-01-20T03:58:09.223+0000] {logging_mixin.py:188} INFO - [2026-01-20T03:58:09.222+0000] {dagbag.py:538} INFO - Filling up the DagBag from /opt/airflow/dags/dag_streamflow.py
[2026-01-20T03:58:09.258+0000] {processor.py:840} INFO - DAG(s) 'streamflow_main' retrieved from /opt/airflow/dags/dag_streamflow.py
[2026-01-20T03:58:09.290+0000] {logging_mixin.py:188} INFO - [2026-01-20T03:58:09.289+0000] {dag.py:3036} INFO - Sync 1 DAGs
[2026-01-20T03:58:09.302+0000] {logging_mixin.py:188} INFO - [2026-01-20T03:58:09.302+0000] {dag.py:3823} INFO - Setting next_dagrun for streamflow_main to None, run_after=None
[2026-01-20T03:58:09.330+0000] {processor.py:183} INFO - Processing /opt/airflow/dags/dag_streamflow.py took 0.115 seconds
[2026-01-20T03:58:41.675+0000] {processor.py:161} INFO - Started process (PID=2572) to work on /opt/airflow/dags/dag_streamflow.py
[2026-01-20T03:58:41.677+0000] {processor.py:830} INFO - Processing file /opt/airflow/dags/dag_streamflow.py for tasks to queue
[2026-01-20T03:58:41.678+0000] {logging_mixin.py:188} INFO - [2026-01-20T03:58:41.678+0000] {dagbag.py:538} INFO - Filling up the DagBag from /opt/airflow/dags/dag_streamflow.py
[2026-01-20T03:58:41.697+0000] {processor.py:840} INFO - DAG(s) 'streamflow_main' retrieved from /opt/airflow/dags/dag_streamflow.py
[2026-01-20T03:58:41.723+0000] {logging_mixin.py:188} INFO - [2026-01-20T03:58:41.723+0000] {dag.py:3036} INFO - Sync 1 DAGs
[2026-01-20T03:58:41.739+0000] {logging_mixin.py:188} INFO - [2026-01-20T03:58:41.739+0000] {dag.py:3823} INFO - Setting next_dagrun for streamflow_main to None, run_after=None
[2026-01-20T03:58:41.762+0000] {processor.py:183} INFO - Processing /opt/airflow/dags/dag_streamflow.py took 0.091 seconds
[2026-01-20T03:59:14.034+0000] {processor.py:161} INFO - Started process (PID=2584) to work on /opt/airflow/dags/dag_streamflow.py
[2026-01-20T03:59:14.036+0000] {processor.py:830} INFO - Processing file /opt/airflow/dags/dag_streamflow.py for tasks to queue
[2026-01-20T03:59:14.037+0000] {logging_mixin.py:188} INFO - [2026-01-20T03:59:14.036+0000] {dagbag.py:538} INFO - Filling up the DagBag from /opt/airflow/dags/dag_streamflow.py
[2026-01-20T03:59:14.059+0000] {processor.py:840} INFO - DAG(s) 'streamflow_main' retrieved from /opt/airflow/dags/dag_streamflow.py
[2026-01-20T03:59:14.089+0000] {logging_mixin.py:188} INFO - [2026-01-20T03:59:14.089+0000] {dag.py:3036} INFO - Sync 1 DAGs
[2026-01-20T03:59:14.100+0000] {logging_mixin.py:188} INFO - [2026-01-20T03:59:14.100+0000] {dag.py:3823} INFO - Setting next_dagrun for streamflow_main to None, run_after=None
[2026-01-20T03:59:14.121+0000] {processor.py:183} INFO - Processing /opt/airflow/dags/dag_streamflow.py took 0.090 seconds
[2026-01-20T03:59:46.415+0000] {processor.py:161} INFO - Started process (PID=2596) to work on /opt/airflow/dags/dag_streamflow.py
[2026-01-20T03:59:46.416+0000] {processor.py:830} INFO - Processing file /opt/airflow/dags/dag_streamflow.py for tasks to queue
[2026-01-20T03:59:46.417+0000] {logging_mixin.py:188} INFO - [2026-01-20T03:59:46.417+0000] {dagbag.py:538} INFO - Filling up the DagBag from /opt/airflow/dags/dag_streamflow.py
[2026-01-20T03:59:46.435+0000] {processor.py:840} INFO - DAG(s) 'streamflow_main' retrieved from /opt/airflow/dags/dag_streamflow.py
[2026-01-20T03:59:46.463+0000] {logging_mixin.py:188} INFO - [2026-01-20T03:59:46.462+0000] {dag.py:3036} INFO - Sync 1 DAGs
[2026-01-20T03:59:46.476+0000] {logging_mixin.py:188} INFO - [2026-01-20T03:59:46.476+0000] {dag.py:3823} INFO - Setting next_dagrun for streamflow_main to None, run_after=None
[2026-01-20T03:59:46.499+0000] {processor.py:183} INFO - Processing /opt/airflow/dags/dag_streamflow.py took 0.087 seconds
[2026-01-20T04:00:16.626+0000] {processor.py:161} INFO - Started process (PID=2608) to work on /opt/airflow/dags/dag_streamflow.py
[2026-01-20T04:00:16.627+0000] {processor.py:830} INFO - Processing file /opt/airflow/dags/dag_streamflow.py for tasks to queue
[2026-01-20T04:00:16.628+0000] {logging_mixin.py:188} INFO - [2026-01-20T04:00:16.628+0000] {dagbag.py:538} INFO - Filling up the DagBag from /opt/airflow/dags/dag_streamflow.py
[2026-01-20T04:00:16.648+0000] {processor.py:840} INFO - DAG(s) 'streamflow_main' retrieved from /opt/airflow/dags/dag_streamflow.py
[2026-01-20T04:00:16.677+0000] {logging_mixin.py:188} INFO - [2026-01-20T04:00:16.677+0000] {dag.py:3036} INFO - Sync 1 DAGs
[2026-01-20T04:00:16.691+0000] {logging_mixin.py:188} INFO - [2026-01-20T04:00:16.690+0000] {dag.py:3823} INFO - Setting next_dagrun for streamflow_main to None, run_after=None
[2026-01-20T04:00:17.914+0000] {processor.py:183} INFO - Processing /opt/airflow/dags/dag_streamflow.py took 0.094 seconds
[2026-01-20T04:00:50.162+0000] {processor.py:161} INFO - Started process (PID=2620) to work on /opt/airflow/dags/dag_streamflow.py
[2026-01-20T04:00:50.164+0000] {processor.py:830} INFO - Processing file /opt/airflow/dags/dag_streamflow.py for tasks to queue
[2026-01-20T04:00:50.165+0000] {logging_mixin.py:188} INFO - [2026-01-20T04:00:50.164+0000] {dagbag.py:538} INFO - Filling up the DagBag from /opt/airflow/dags/dag_streamflow.py
[2026-01-20T04:00:50.180+0000] {processor.py:840} INFO - DAG(s) 'streamflow_main' retrieved from /opt/airflow/dags/dag_streamflow.py
[2026-01-20T04:00:50.210+0000] {logging_mixin.py:188} INFO - [2026-01-20T04:00:50.210+0000] {dag.py:3036} INFO - Sync 1 DAGs
[2026-01-20T04:00:50.224+0000] {logging_mixin.py:188} INFO - [2026-01-20T04:00:50.223+0000] {dag.py:3823} INFO - Setting next_dagrun for streamflow_main to None, run_after=None
[2026-01-20T04:00:50.246+0000] {processor.py:183} INFO - Processing /opt/airflow/dags/dag_streamflow.py took 0.087 seconds
[2026-01-20T04:01:22.529+0000] {processor.py:161} INFO - Started process (PID=2632) to work on /opt/airflow/dags/dag_streamflow.py
[2026-01-20T04:01:22.530+0000] {processor.py:830} INFO - Processing file /opt/airflow/dags/dag_streamflow.py for tasks to queue
[2026-01-20T04:01:22.531+0000] {logging_mixin.py:188} INFO - [2026-01-20T04:01:22.531+0000] {dagbag.py:538} INFO - Filling up the DagBag from /opt/airflow/dags/dag_streamflow.py
[2026-01-20T04:01:22.549+0000] {processor.py:840} INFO - DAG(s) 'streamflow_main' retrieved from /opt/airflow/dags/dag_streamflow.py
[2026-01-20T04:01:22.578+0000] {logging_mixin.py:188} INFO - [2026-01-20T04:01:22.578+0000] {dag.py:3036} INFO - Sync 1 DAGs
[2026-01-20T04:01:22.590+0000] {logging_mixin.py:188} INFO - [2026-01-20T04:01:22.589+0000] {dag.py:3823} INFO - Setting next_dagrun for streamflow_main to None, run_after=None
[2026-01-20T04:01:22.612+0000] {processor.py:183} INFO - Processing /opt/airflow/dags/dag_streamflow.py took 0.086 seconds
[2026-01-20T04:01:54.958+0000] {processor.py:161} INFO - Started process (PID=2644) to work on /opt/airflow/dags/dag_streamflow.py
[2026-01-20T04:01:54.960+0000] {processor.py:830} INFO - Processing file /opt/airflow/dags/dag_streamflow.py for tasks to queue
[2026-01-20T04:01:54.961+0000] {logging_mixin.py:188} INFO - [2026-01-20T04:01:54.960+0000] {dagbag.py:538} INFO - Filling up the DagBag from /opt/airflow/dags/dag_streamflow.py
[2026-01-20T04:01:54.983+0000] {processor.py:840} INFO - DAG(s) 'streamflow_main' retrieved from /opt/airflow/dags/dag_streamflow.py
[2026-01-20T04:01:55.017+0000] {logging_mixin.py:188} INFO - [2026-01-20T04:01:55.017+0000] {dag.py:3036} INFO - Sync 1 DAGs
[2026-01-20T04:01:55.031+0000] {logging_mixin.py:188} INFO - [2026-01-20T04:01:55.031+0000] {dag.py:3823} INFO - Setting next_dagrun for streamflow_main to None, run_after=None
[2026-01-20T04:01:55.053+0000] {processor.py:183} INFO - Processing /opt/airflow/dags/dag_streamflow.py took 0.099 seconds
[2026-01-20T04:02:27.368+0000] {processor.py:161} INFO - Started process (PID=2656) to work on /opt/airflow/dags/dag_streamflow.py
[2026-01-20T04:02:27.370+0000] {processor.py:830} INFO - Processing file /opt/airflow/dags/dag_streamflow.py for tasks to queue
[2026-01-20T04:02:27.372+0000] {logging_mixin.py:188} INFO - [2026-01-20T04:02:27.371+0000] {dagbag.py:538} INFO - Filling up the DagBag from /opt/airflow/dags/dag_streamflow.py
[2026-01-20T04:02:27.403+0000] {processor.py:840} INFO - DAG(s) 'streamflow_main' retrieved from /opt/airflow/dags/dag_streamflow.py
[2026-01-20T04:02:27.432+0000] {logging_mixin.py:188} INFO - [2026-01-20T04:02:27.431+0000] {dag.py:3036} INFO - Sync 1 DAGs
[2026-01-20T04:02:27.444+0000] {logging_mixin.py:188} INFO - [2026-01-20T04:02:27.444+0000] {dag.py:3823} INFO - Setting next_dagrun for streamflow_main to None, run_after=None
[2026-01-20T04:02:27.465+0000] {processor.py:183} INFO - Processing /opt/airflow/dags/dag_streamflow.py took 0.101 seconds
[2026-01-20T04:02:58.803+0000] {processor.py:161} INFO - Started process (PID=2668) to work on /opt/airflow/dags/dag_streamflow.py
[2026-01-20T04:02:58.804+0000] {processor.py:830} INFO - Processing file /opt/airflow/dags/dag_streamflow.py for tasks to queue
[2026-01-20T04:02:58.805+0000] {logging_mixin.py:188} INFO - [2026-01-20T04:02:58.805+0000] {dagbag.py:538} INFO - Filling up the DagBag from /opt/airflow/dags/dag_streamflow.py
[2026-01-20T04:02:58.834+0000] {processor.py:840} INFO - DAG(s) 'streamflow_main' retrieved from /opt/airflow/dags/dag_streamflow.py
[2026-01-20T04:02:58.868+0000] {logging_mixin.py:188} INFO - [2026-01-20T04:02:58.867+0000] {dag.py:3036} INFO - Sync 1 DAGs
[2026-01-20T04:02:58.885+0000] {logging_mixin.py:188} INFO - [2026-01-20T04:02:58.884+0000] {dag.py:3823} INFO - Setting next_dagrun for streamflow_main to None, run_after=None
[2026-01-20T04:02:58.912+0000] {processor.py:183} INFO - Processing /opt/airflow/dags/dag_streamflow.py took 0.113 seconds
[2026-01-20T04:03:31.150+0000] {processor.py:161} INFO - Started process (PID=2680) to work on /opt/airflow/dags/dag_streamflow.py
[2026-01-20T04:03:31.151+0000] {processor.py:830} INFO - Processing file /opt/airflow/dags/dag_streamflow.py for tasks to queue
[2026-01-20T04:03:31.152+0000] {logging_mixin.py:188} INFO - [2026-01-20T04:03:31.152+0000] {dagbag.py:538} INFO - Filling up the DagBag from /opt/airflow/dags/dag_streamflow.py
[2026-01-20T04:03:31.169+0000] {processor.py:840} INFO - DAG(s) 'streamflow_main' retrieved from /opt/airflow/dags/dag_streamflow.py
[2026-01-20T04:03:31.196+0000] {logging_mixin.py:188} INFO - [2026-01-20T04:03:31.196+0000] {dag.py:3036} INFO - Sync 1 DAGs
[2026-01-20T04:03:31.209+0000] {logging_mixin.py:188} INFO - [2026-01-20T04:03:31.209+0000] {dag.py:3823} INFO - Setting next_dagrun for streamflow_main to None, run_after=None
[2026-01-20T04:03:31.229+0000] {processor.py:183} INFO - Processing /opt/airflow/dags/dag_streamflow.py took 0.083 seconds
[2026-01-20T04:04:03.575+0000] {processor.py:161} INFO - Started process (PID=2692) to work on /opt/airflow/dags/dag_streamflow.py
[2026-01-20T04:04:03.577+0000] {processor.py:830} INFO - Processing file /opt/airflow/dags/dag_streamflow.py for tasks to queue
[2026-01-20T04:04:03.578+0000] {logging_mixin.py:188} INFO - [2026-01-20T04:04:03.578+0000] {dagbag.py:538} INFO - Filling up the DagBag from /opt/airflow/dags/dag_streamflow.py
[2026-01-20T04:04:03.596+0000] {processor.py:840} INFO - DAG(s) 'streamflow_main' retrieved from /opt/airflow/dags/dag_streamflow.py
[2026-01-20T04:04:03.621+0000] {logging_mixin.py:188} INFO - [2026-01-20T04:04:03.621+0000] {dag.py:3036} INFO - Sync 1 DAGs
[2026-01-20T04:04:03.633+0000] {logging_mixin.py:188} INFO - [2026-01-20T04:04:03.633+0000] {dag.py:3823} INFO - Setting next_dagrun for streamflow_main to None, run_after=None
[2026-01-20T04:04:03.655+0000] {processor.py:183} INFO - Processing /opt/airflow/dags/dag_streamflow.py took 0.083 seconds
[2026-01-20T04:04:35.994+0000] {processor.py:161} INFO - Started process (PID=2704) to work on /opt/airflow/dags/dag_streamflow.py
[2026-01-20T04:04:35.996+0000] {processor.py:830} INFO - Processing file /opt/airflow/dags/dag_streamflow.py for tasks to queue
[2026-01-20T04:04:35.997+0000] {logging_mixin.py:188} INFO - [2026-01-20T04:04:35.997+0000] {dagbag.py:538} INFO - Filling up the DagBag from /opt/airflow/dags/dag_streamflow.py
[2026-01-20T04:04:36.016+0000] {processor.py:840} INFO - DAG(s) 'streamflow_main' retrieved from /opt/airflow/dags/dag_streamflow.py
[2026-01-20T04:04:36.037+0000] {logging_mixin.py:188} INFO - [2026-01-20T04:04:36.037+0000] {dag.py:3036} INFO - Sync 1 DAGs
[2026-01-20T04:04:36.047+0000] {logging_mixin.py:188} INFO - [2026-01-20T04:04:36.047+0000] {dag.py:3823} INFO - Setting next_dagrun for streamflow_main to None, run_after=None
[2026-01-20T04:04:36.066+0000] {processor.py:183} INFO - Processing /opt/airflow/dags/dag_streamflow.py took 0.075 seconds
[2026-01-20T04:05:06.163+0000] {processor.py:161} INFO - Started process (PID=2716) to work on /opt/airflow/dags/dag_streamflow.py
[2026-01-20T04:05:06.164+0000] {processor.py:830} INFO - Processing file /opt/airflow/dags/dag_streamflow.py for tasks to queue
[2026-01-20T04:05:06.166+0000] {logging_mixin.py:188} INFO - [2026-01-20T04:05:06.165+0000] {dagbag.py:538} INFO - Filling up the DagBag from /opt/airflow/dags/dag_streamflow.py
[2026-01-20T04:05:06.190+0000] {processor.py:840} INFO - DAG(s) 'streamflow_main' retrieved from /opt/airflow/dags/dag_streamflow.py
[2026-01-20T04:05:06.222+0000] {logging_mixin.py:188} INFO - [2026-01-20T04:05:06.222+0000] {dag.py:3036} INFO - Sync 1 DAGs
[2026-01-20T04:05:06.236+0000] {logging_mixin.py:188} INFO - [2026-01-20T04:05:06.236+0000] {dag.py:3823} INFO - Setting next_dagrun for streamflow_main to None, run_after=None
[2026-01-20T04:05:07.455+0000] {processor.py:183} INFO - Processing /opt/airflow/dags/dag_streamflow.py took 0.105 seconds
[2026-01-20T04:05:39.759+0000] {processor.py:161} INFO - Started process (PID=2728) to work on /opt/airflow/dags/dag_streamflow.py
[2026-01-20T04:05:39.760+0000] {processor.py:830} INFO - Processing file /opt/airflow/dags/dag_streamflow.py for tasks to queue
[2026-01-20T04:05:39.761+0000] {logging_mixin.py:188} INFO - [2026-01-20T04:05:39.760+0000] {dagbag.py:538} INFO - Filling up the DagBag from /opt/airflow/dags/dag_streamflow.py
[2026-01-20T04:05:39.777+0000] {processor.py:840} INFO - DAG(s) 'streamflow_main' retrieved from /opt/airflow/dags/dag_streamflow.py
[2026-01-20T04:05:39.803+0000] {logging_mixin.py:188} INFO - [2026-01-20T04:05:39.802+0000] {dag.py:3036} INFO - Sync 1 DAGs
[2026-01-20T04:05:39.815+0000] {logging_mixin.py:188} INFO - [2026-01-20T04:05:39.815+0000] {dag.py:3823} INFO - Setting next_dagrun for streamflow_main to None, run_after=None
[2026-01-20T04:05:39.834+0000] {processor.py:183} INFO - Processing /opt/airflow/dags/dag_streamflow.py took 0.079 seconds
[2026-01-20T04:06:12.229+0000] {processor.py:161} INFO - Started process (PID=2740) to work on /opt/airflow/dags/dag_streamflow.py
[2026-01-20T04:06:12.230+0000] {processor.py:830} INFO - Processing file /opt/airflow/dags/dag_streamflow.py for tasks to queue
[2026-01-20T04:06:12.232+0000] {logging_mixin.py:188} INFO - [2026-01-20T04:06:12.231+0000] {dagbag.py:538} INFO - Filling up the DagBag from /opt/airflow/dags/dag_streamflow.py
[2026-01-20T04:06:12.257+0000] {processor.py:840} INFO - DAG(s) 'streamflow_main' retrieved from /opt/airflow/dags/dag_streamflow.py
[2026-01-20T04:06:12.287+0000] {logging_mixin.py:188} INFO - [2026-01-20T04:06:12.286+0000] {dag.py:3036} INFO - Sync 1 DAGs
[2026-01-20T04:06:12.300+0000] {logging_mixin.py:188} INFO - [2026-01-20T04:06:12.300+0000] {dag.py:3823} INFO - Setting next_dagrun for streamflow_main to None, run_after=None
[2026-01-20T04:06:12.325+0000] {processor.py:183} INFO - Processing /opt/airflow/dags/dag_streamflow.py took 0.100 seconds
[2026-01-20T04:06:44.780+0000] {processor.py:161} INFO - Started process (PID=2751) to work on /opt/airflow/dags/dag_streamflow.py
[2026-01-20T04:06:44.781+0000] {processor.py:830} INFO - Processing file /opt/airflow/dags/dag_streamflow.py for tasks to queue
[2026-01-20T04:06:44.782+0000] {logging_mixin.py:188} INFO - [2026-01-20T04:06:44.782+0000] {dagbag.py:538} INFO - Filling up the DagBag from /opt/airflow/dags/dag_streamflow.py
[2026-01-20T04:06:44.810+0000] {processor.py:840} INFO - DAG(s) 'streamflow_main' retrieved from /opt/airflow/dags/dag_streamflow.py
[2026-01-20T04:06:44.839+0000] {logging_mixin.py:188} INFO - [2026-01-20T04:06:44.839+0000] {dag.py:3036} INFO - Sync 1 DAGs
[2026-01-20T04:06:44.864+0000] {logging_mixin.py:188} INFO - [2026-01-20T04:06:44.864+0000] {dag.py:3823} INFO - Setting next_dagrun for streamflow_main to None, run_after=None
[2026-01-20T04:06:44.916+0000] {processor.py:183} INFO - Processing /opt/airflow/dags/dag_streamflow.py took 0.140 seconds
[2026-01-20T04:07:16.262+0000] {processor.py:161} INFO - Started process (PID=2763) to work on /opt/airflow/dags/dag_streamflow.py
[2026-01-20T04:07:16.263+0000] {processor.py:830} INFO - Processing file /opt/airflow/dags/dag_streamflow.py for tasks to queue
[2026-01-20T04:07:16.264+0000] {logging_mixin.py:188} INFO - [2026-01-20T04:07:16.264+0000] {dagbag.py:538} INFO - Filling up the DagBag from /opt/airflow/dags/dag_streamflow.py
[2026-01-20T04:07:16.283+0000] {processor.py:840} INFO - DAG(s) 'streamflow_main' retrieved from /opt/airflow/dags/dag_streamflow.py
[2026-01-20T04:07:16.311+0000] {logging_mixin.py:188} INFO - [2026-01-20T04:07:16.310+0000] {dag.py:3036} INFO - Sync 1 DAGs
[2026-01-20T04:07:16.323+0000] {logging_mixin.py:188} INFO - [2026-01-20T04:07:16.323+0000] {dag.py:3823} INFO - Setting next_dagrun for streamflow_main to None, run_after=None
[2026-01-20T04:07:16.346+0000] {processor.py:183} INFO - Processing /opt/airflow/dags/dag_streamflow.py took 0.086 seconds
[2026-01-20T04:07:48.600+0000] {processor.py:161} INFO - Started process (PID=2775) to work on /opt/airflow/dags/dag_streamflow.py
[2026-01-20T04:07:48.601+0000] {processor.py:830} INFO - Processing file /opt/airflow/dags/dag_streamflow.py for tasks to queue
[2026-01-20T04:07:48.602+0000] {logging_mixin.py:188} INFO - [2026-01-20T04:07:48.602+0000] {dagbag.py:538} INFO - Filling up the DagBag from /opt/airflow/dags/dag_streamflow.py
[2026-01-20T04:07:48.621+0000] {processor.py:840} INFO - DAG(s) 'streamflow_main' retrieved from /opt/airflow/dags/dag_streamflow.py
[2026-01-20T04:07:48.654+0000] {logging_mixin.py:188} INFO - [2026-01-20T04:07:48.653+0000] {dag.py:3036} INFO - Sync 1 DAGs
[2026-01-20T04:07:48.668+0000] {logging_mixin.py:188} INFO - [2026-01-20T04:07:48.668+0000] {dag.py:3823} INFO - Setting next_dagrun for streamflow_main to None, run_after=None
[2026-01-20T04:07:48.693+0000] {processor.py:183} INFO - Processing /opt/airflow/dags/dag_streamflow.py took 0.097 seconds
[2026-01-20T04:08:21.059+0000] {processor.py:161} INFO - Started process (PID=2787) to work on /opt/airflow/dags/dag_streamflow.py
[2026-01-20T04:08:21.060+0000] {processor.py:830} INFO - Processing file /opt/airflow/dags/dag_streamflow.py for tasks to queue
[2026-01-20T04:08:21.061+0000] {logging_mixin.py:188} INFO - [2026-01-20T04:08:21.060+0000] {dagbag.py:538} INFO - Filling up the DagBag from /opt/airflow/dags/dag_streamflow.py
[2026-01-20T04:08:21.077+0000] {processor.py:840} INFO - DAG(s) 'streamflow_main' retrieved from /opt/airflow/dags/dag_streamflow.py
[2026-01-20T04:08:21.102+0000] {logging_mixin.py:188} INFO - [2026-01-20T04:08:21.102+0000] {dag.py:3036} INFO - Sync 1 DAGs
[2026-01-20T04:08:21.113+0000] {logging_mixin.py:188} INFO - [2026-01-20T04:08:21.113+0000] {dag.py:3823} INFO - Setting next_dagrun for streamflow_main to None, run_after=None
[2026-01-20T04:08:21.130+0000] {processor.py:183} INFO - Processing /opt/airflow/dags/dag_streamflow.py took 0.074 seconds
[2026-01-20T04:08:53.428+0000] {processor.py:161} INFO - Started process (PID=2799) to work on /opt/airflow/dags/dag_streamflow.py
[2026-01-20T04:08:53.429+0000] {processor.py:830} INFO - Processing file /opt/airflow/dags/dag_streamflow.py for tasks to queue
[2026-01-20T04:08:53.430+0000] {logging_mixin.py:188} INFO - [2026-01-20T04:08:53.430+0000] {dagbag.py:538} INFO - Filling up the DagBag from /opt/airflow/dags/dag_streamflow.py
[2026-01-20T04:08:53.448+0000] {processor.py:840} INFO - DAG(s) 'streamflow_main' retrieved from /opt/airflow/dags/dag_streamflow.py
[2026-01-20T04:08:53.478+0000] {logging_mixin.py:188} INFO - [2026-01-20T04:08:53.478+0000] {dag.py:3036} INFO - Sync 1 DAGs
[2026-01-20T04:08:53.491+0000] {logging_mixin.py:188} INFO - [2026-01-20T04:08:53.491+0000] {dag.py:3823} INFO - Setting next_dagrun for streamflow_main to None, run_after=None
[2026-01-20T04:08:53.512+0000] {processor.py:183} INFO - Processing /opt/airflow/dags/dag_streamflow.py took 0.087 seconds
[2026-01-20T04:09:24.831+0000] {processor.py:161} INFO - Started process (PID=2811) to work on /opt/airflow/dags/dag_streamflow.py
[2026-01-20T04:09:24.832+0000] {processor.py:830} INFO - Processing file /opt/airflow/dags/dag_streamflow.py for tasks to queue
[2026-01-20T04:09:24.834+0000] {logging_mixin.py:188} INFO - [2026-01-20T04:09:24.833+0000] {dagbag.py:538} INFO - Filling up the DagBag from /opt/airflow/dags/dag_streamflow.py
[2026-01-20T04:09:24.854+0000] {processor.py:840} INFO - DAG(s) 'streamflow_main' retrieved from /opt/airflow/dags/dag_streamflow.py
[2026-01-20T04:09:24.878+0000] {logging_mixin.py:188} INFO - [2026-01-20T04:09:24.878+0000] {dag.py:3036} INFO - Sync 1 DAGs
[2026-01-20T04:09:24.889+0000] {logging_mixin.py:188} INFO - [2026-01-20T04:09:24.889+0000] {dag.py:3823} INFO - Setting next_dagrun for streamflow_main to None, run_after=None
[2026-01-20T04:09:24.910+0000] {processor.py:183} INFO - Processing /opt/airflow/dags/dag_streamflow.py took 0.083 seconds
[2026-01-20T04:09:57.165+0000] {processor.py:161} INFO - Started process (PID=2823) to work on /opt/airflow/dags/dag_streamflow.py
[2026-01-20T04:09:57.169+0000] {processor.py:830} INFO - Processing file /opt/airflow/dags/dag_streamflow.py for tasks to queue
[2026-01-20T04:09:57.171+0000] {logging_mixin.py:188} INFO - [2026-01-20T04:09:57.170+0000] {dagbag.py:538} INFO - Filling up the DagBag from /opt/airflow/dags/dag_streamflow.py
[2026-01-20T04:09:57.204+0000] {processor.py:840} INFO - DAG(s) 'streamflow_main' retrieved from /opt/airflow/dags/dag_streamflow.py
[2026-01-20T04:09:57.235+0000] {logging_mixin.py:188} INFO - [2026-01-20T04:09:57.235+0000] {dag.py:3036} INFO - Sync 1 DAGs
[2026-01-20T04:09:57.250+0000] {logging_mixin.py:188} INFO - [2026-01-20T04:09:57.250+0000] {dag.py:3823} INFO - Setting next_dagrun for streamflow_main to None, run_after=None
[2026-01-20T04:09:57.281+0000] {processor.py:183} INFO - Processing /opt/airflow/dags/dag_streamflow.py took 0.120 seconds
[2026-01-20T04:10:29.675+0000] {processor.py:161} INFO - Started process (PID=3024) to work on /opt/airflow/dags/dag_streamflow.py
[2026-01-20T04:10:29.678+0000] {processor.py:830} INFO - Processing file /opt/airflow/dags/dag_streamflow.py for tasks to queue
[2026-01-20T04:10:29.681+0000] {logging_mixin.py:188} INFO - [2026-01-20T04:10:29.680+0000] {dagbag.py:538} INFO - Filling up the DagBag from /opt/airflow/dags/dag_streamflow.py
[2026-01-20T04:10:29.738+0000] {processor.py:840} INFO - DAG(s) 'streamflow_main' retrieved from /opt/airflow/dags/dag_streamflow.py
[2026-01-20T04:10:29.794+0000] {logging_mixin.py:188} INFO - [2026-01-20T04:10:29.794+0000] {dag.py:3036} INFO - Sync 1 DAGs
[2026-01-20T04:10:29.817+0000] {logging_mixin.py:188} INFO - [2026-01-20T04:10:29.817+0000] {dag.py:3823} INFO - Setting next_dagrun for streamflow_main to None, run_after=None
[2026-01-20T04:10:29.852+0000] {processor.py:183} INFO - Processing /opt/airflow/dags/dag_streamflow.py took 0.185 seconds
[2026-01-20T04:11:00.122+0000] {processor.py:161} INFO - Started process (PID=3285) to work on /opt/airflow/dags/dag_streamflow.py
[2026-01-20T04:11:00.123+0000] {processor.py:830} INFO - Processing file /opt/airflow/dags/dag_streamflow.py for tasks to queue
[2026-01-20T04:11:00.124+0000] {logging_mixin.py:188} INFO - [2026-01-20T04:11:00.124+0000] {dagbag.py:538} INFO - Filling up the DagBag from /opt/airflow/dags/dag_streamflow.py
[2026-01-20T04:11:00.149+0000] {processor.py:840} INFO - DAG(s) 'streamflow_main' retrieved from /opt/airflow/dags/dag_streamflow.py
[2026-01-20T04:11:01.366+0000] {logging_mixin.py:188} INFO - [2026-01-20T04:11:01.366+0000] {dag.py:3036} INFO - Sync 1 DAGs
[2026-01-20T04:11:01.382+0000] {logging_mixin.py:188} INFO - [2026-01-20T04:11:01.382+0000] {dag.py:3823} INFO - Setting next_dagrun for streamflow_main to None, run_after=None
[2026-01-20T04:11:01.405+0000] {processor.py:183} INFO - Processing /opt/airflow/dags/dag_streamflow.py took 0.104 seconds
[2026-01-20T04:11:33.579+0000] {processor.py:161} INFO - Started process (PID=3297) to work on /opt/airflow/dags/dag_streamflow.py
[2026-01-20T04:11:33.580+0000] {processor.py:830} INFO - Processing file /opt/airflow/dags/dag_streamflow.py for tasks to queue
[2026-01-20T04:11:33.581+0000] {logging_mixin.py:188} INFO - [2026-01-20T04:11:33.581+0000] {dagbag.py:538} INFO - Filling up the DagBag from /opt/airflow/dags/dag_streamflow.py
[2026-01-20T04:11:33.602+0000] {processor.py:840} INFO - DAG(s) 'streamflow_main' retrieved from /opt/airflow/dags/dag_streamflow.py
[2026-01-20T04:11:33.630+0000] {logging_mixin.py:188} INFO - [2026-01-20T04:11:33.630+0000] {dag.py:3036} INFO - Sync 1 DAGs
[2026-01-20T04:11:33.641+0000] {logging_mixin.py:188} INFO - [2026-01-20T04:11:33.641+0000] {dag.py:3823} INFO - Setting next_dagrun for streamflow_main to None, run_after=None
[2026-01-20T04:11:33.662+0000] {processor.py:183} INFO - Processing /opt/airflow/dags/dag_streamflow.py took 0.088 seconds
[2026-01-20T04:12:05.919+0000] {processor.py:161} INFO - Started process (PID=3309) to work on /opt/airflow/dags/dag_streamflow.py
[2026-01-20T04:12:05.921+0000] {processor.py:830} INFO - Processing file /opt/airflow/dags/dag_streamflow.py for tasks to queue
[2026-01-20T04:12:05.924+0000] {logging_mixin.py:188} INFO - [2026-01-20T04:12:05.923+0000] {dagbag.py:538} INFO - Filling up the DagBag from /opt/airflow/dags/dag_streamflow.py
[2026-01-20T04:12:05.950+0000] {processor.py:840} INFO - DAG(s) 'streamflow_main' retrieved from /opt/airflow/dags/dag_streamflow.py
[2026-01-20T04:12:05.988+0000] {logging_mixin.py:188} INFO - [2026-01-20T04:12:05.988+0000] {dag.py:3036} INFO - Sync 1 DAGs
[2026-01-20T04:12:06.005+0000] {logging_mixin.py:188} INFO - [2026-01-20T04:12:06.005+0000] {dag.py:3823} INFO - Setting next_dagrun for streamflow_main to None, run_after=None
[2026-01-20T04:12:06.033+0000] {processor.py:183} INFO - Processing /opt/airflow/dags/dag_streamflow.py took 0.119 seconds
[2026-01-20T04:12:12.032+0000] {processor.py:161} INFO - Started process (PID=3314) to work on /opt/airflow/dags/dag_streamflow.py
[2026-01-20T04:12:12.034+0000] {processor.py:830} INFO - Processing file /opt/airflow/dags/dag_streamflow.py for tasks to queue
[2026-01-20T04:12:12.036+0000] {logging_mixin.py:188} INFO - [2026-01-20T04:12:12.036+0000] {dagbag.py:538} INFO - Filling up the DagBag from /opt/airflow/dags/dag_streamflow.py
[2026-01-20T04:12:12.084+0000] {processor.py:840} INFO - DAG(s) 'streamflow_main' retrieved from /opt/airflow/dags/dag_streamflow.py
[2026-01-20T04:12:12.122+0000] {logging_mixin.py:188} INFO - [2026-01-20T04:12:12.121+0000] {dag.py:3036} INFO - Sync 1 DAGs
[2026-01-20T04:12:12.141+0000] {logging_mixin.py:188} INFO - [2026-01-20T04:12:12.141+0000] {dag.py:3823} INFO - Setting next_dagrun for streamflow_main to None, run_after=None
[2026-01-20T04:12:12.178+0000] {processor.py:183} INFO - Processing /opt/airflow/dags/dag_streamflow.py took 0.151 seconds
[2026-01-20T04:12:42.487+0000] {processor.py:161} INFO - Started process (PID=3493) to work on /opt/airflow/dags/dag_streamflow.py
[2026-01-20T04:12:42.490+0000] {processor.py:830} INFO - Processing file /opt/airflow/dags/dag_streamflow.py for tasks to queue
[2026-01-20T04:12:42.492+0000] {logging_mixin.py:188} INFO - [2026-01-20T04:12:42.491+0000] {dagbag.py:538} INFO - Filling up the DagBag from /opt/airflow/dags/dag_streamflow.py
[2026-01-20T04:12:42.526+0000] {processor.py:840} INFO - DAG(s) 'streamflow_main' retrieved from /opt/airflow/dags/dag_streamflow.py
[2026-01-20T04:12:42.565+0000] {logging_mixin.py:188} INFO - [2026-01-20T04:12:42.564+0000] {dag.py:3036} INFO - Sync 1 DAGs
[2026-01-20T04:12:42.584+0000] {logging_mixin.py:188} INFO - [2026-01-20T04:12:42.583+0000] {dag.py:3823} INFO - Setting next_dagrun for streamflow_main to None, run_after=None
[2026-01-20T04:12:42.617+0000] {processor.py:183} INFO - Processing /opt/airflow/dags/dag_streamflow.py took 0.135 seconds
[2026-01-20T04:13:12.946+0000] {processor.py:161} INFO - Started process (PID=3804) to work on /opt/airflow/dags/dag_streamflow.py
[2026-01-20T04:13:12.947+0000] {processor.py:830} INFO - Processing file /opt/airflow/dags/dag_streamflow.py for tasks to queue
[2026-01-20T04:13:12.948+0000] {logging_mixin.py:188} INFO - [2026-01-20T04:13:12.948+0000] {dagbag.py:538} INFO - Filling up the DagBag from /opt/airflow/dags/dag_streamflow.py
[2026-01-20T04:13:12.971+0000] {processor.py:840} INFO - DAG(s) 'streamflow_main' retrieved from /opt/airflow/dags/dag_streamflow.py
[2026-01-20T04:13:13.001+0000] {logging_mixin.py:188} INFO - [2026-01-20T04:13:13.001+0000] {dag.py:3036} INFO - Sync 1 DAGs
[2026-01-20T04:13:13.016+0000] {logging_mixin.py:188} INFO - [2026-01-20T04:13:13.016+0000] {dag.py:3823} INFO - Setting next_dagrun for streamflow_main to None, run_after=None
[2026-01-20T04:13:13.040+0000] {processor.py:183} INFO - Processing /opt/airflow/dags/dag_streamflow.py took 0.099 seconds
[2026-01-20T04:13:43.373+0000] {processor.py:161} INFO - Started process (PID=3816) to work on /opt/airflow/dags/dag_streamflow.py
[2026-01-20T04:13:43.374+0000] {processor.py:830} INFO - Processing file /opt/airflow/dags/dag_streamflow.py for tasks to queue
[2026-01-20T04:13:43.376+0000] {logging_mixin.py:188} INFO - [2026-01-20T04:13:43.375+0000] {dagbag.py:538} INFO - Filling up the DagBag from /opt/airflow/dags/dag_streamflow.py
[2026-01-20T04:13:43.408+0000] {processor.py:840} INFO - DAG(s) 'streamflow_main' retrieved from /opt/airflow/dags/dag_streamflow.py
[2026-01-20T04:13:43.440+0000] {logging_mixin.py:188} INFO - [2026-01-20T04:13:43.439+0000] {dag.py:3036} INFO - Sync 1 DAGs
[2026-01-20T04:13:43.455+0000] {logging_mixin.py:188} INFO - [2026-01-20T04:13:43.454+0000] {dag.py:3823} INFO - Setting next_dagrun for streamflow_main to None, run_after=None
[2026-01-20T04:13:43.476+0000] {processor.py:183} INFO - Processing /opt/airflow/dags/dag_streamflow.py took 0.107 seconds
[2026-01-20T04:14:14.696+0000] {processor.py:161} INFO - Started process (PID=3828) to work on /opt/airflow/dags/dag_streamflow.py
[2026-01-20T04:14:14.697+0000] {processor.py:830} INFO - Processing file /opt/airflow/dags/dag_streamflow.py for tasks to queue
[2026-01-20T04:14:14.699+0000] {logging_mixin.py:188} INFO - [2026-01-20T04:14:14.698+0000] {dagbag.py:538} INFO - Filling up the DagBag from /opt/airflow/dags/dag_streamflow.py
[2026-01-20T04:14:14.722+0000] {processor.py:840} INFO - DAG(s) 'streamflow_main' retrieved from /opt/airflow/dags/dag_streamflow.py
[2026-01-20T04:14:14.750+0000] {logging_mixin.py:188} INFO - [2026-01-20T04:14:14.750+0000] {dag.py:3036} INFO - Sync 1 DAGs
[2026-01-20T04:14:14.763+0000] {logging_mixin.py:188} INFO - [2026-01-20T04:14:14.762+0000] {dag.py:3823} INFO - Setting next_dagrun for streamflow_main to None, run_after=None
[2026-01-20T04:14:14.786+0000] {processor.py:183} INFO - Processing /opt/airflow/dags/dag_streamflow.py took 0.094 seconds
[2026-01-20T04:14:47.119+0000] {processor.py:161} INFO - Started process (PID=3840) to work on /opt/airflow/dags/dag_streamflow.py
[2026-01-20T04:14:47.120+0000] {processor.py:830} INFO - Processing file /opt/airflow/dags/dag_streamflow.py for tasks to queue
[2026-01-20T04:14:47.122+0000] {logging_mixin.py:188} INFO - [2026-01-20T04:14:47.121+0000] {dagbag.py:538} INFO - Filling up the DagBag from /opt/airflow/dags/dag_streamflow.py
[2026-01-20T04:14:47.148+0000] {processor.py:840} INFO - DAG(s) 'streamflow_main' retrieved from /opt/airflow/dags/dag_streamflow.py
[2026-01-20T04:14:47.178+0000] {logging_mixin.py:188} INFO - [2026-01-20T04:14:47.177+0000] {dag.py:3036} INFO - Sync 1 DAGs
[2026-01-20T04:14:47.194+0000] {logging_mixin.py:188} INFO - [2026-01-20T04:14:47.194+0000] {dag.py:3823} INFO - Setting next_dagrun for streamflow_main to None, run_after=None
[2026-01-20T04:14:47.222+0000] {processor.py:183} INFO - Processing /opt/airflow/dags/dag_streamflow.py took 0.106 seconds
[2026-01-20T04:15:18.593+0000] {processor.py:161} INFO - Started process (PID=3852) to work on /opt/airflow/dags/dag_streamflow.py
[2026-01-20T04:15:18.594+0000] {processor.py:830} INFO - Processing file /opt/airflow/dags/dag_streamflow.py for tasks to queue
[2026-01-20T04:15:18.595+0000] {logging_mixin.py:188} INFO - [2026-01-20T04:15:18.595+0000] {dagbag.py:538} INFO - Filling up the DagBag from /opt/airflow/dags/dag_streamflow.py
[2026-01-20T04:15:18.609+0000] {processor.py:840} INFO - DAG(s) 'streamflow_main' retrieved from /opt/airflow/dags/dag_streamflow.py
[2026-01-20T04:15:18.632+0000] {logging_mixin.py:188} INFO - [2026-01-20T04:15:18.632+0000] {dag.py:3036} INFO - Sync 1 DAGs
[2026-01-20T04:15:18.644+0000] {logging_mixin.py:188} INFO - [2026-01-20T04:15:18.644+0000] {dag.py:3823} INFO - Setting next_dagrun for streamflow_main to None, run_after=None
[2026-01-20T04:15:18.665+0000] {processor.py:183} INFO - Processing /opt/airflow/dags/dag_streamflow.py took 0.076 seconds
[2026-01-20T04:15:50.987+0000] {processor.py:161} INFO - Started process (PID=3863) to work on /opt/airflow/dags/dag_streamflow.py
[2026-01-20T04:15:50.988+0000] {processor.py:830} INFO - Processing file /opt/airflow/dags/dag_streamflow.py for tasks to queue
[2026-01-20T04:15:50.990+0000] {logging_mixin.py:188} INFO - [2026-01-20T04:15:50.989+0000] {dagbag.py:538} INFO - Filling up the DagBag from /opt/airflow/dags/dag_streamflow.py
[2026-01-20T04:15:51.019+0000] {processor.py:840} INFO - DAG(s) 'streamflow_main' retrieved from /opt/airflow/dags/dag_streamflow.py
[2026-01-20T04:15:51.048+0000] {logging_mixin.py:188} INFO - [2026-01-20T04:15:51.048+0000] {dag.py:3036} INFO - Sync 1 DAGs
[2026-01-20T04:15:51.060+0000] {logging_mixin.py:188} INFO - [2026-01-20T04:15:51.060+0000] {dag.py:3823} INFO - Setting next_dagrun for streamflow_main to None, run_after=None
[2026-01-20T04:15:51.083+0000] {processor.py:183} INFO - Processing /opt/airflow/dags/dag_streamflow.py took 0.099 seconds
[2026-01-20T04:16:23.263+0000] {processor.py:161} INFO - Started process (PID=3875) to work on /opt/airflow/dags/dag_streamflow.py
[2026-01-20T04:16:23.264+0000] {processor.py:830} INFO - Processing file /opt/airflow/dags/dag_streamflow.py for tasks to queue
[2026-01-20T04:16:23.266+0000] {logging_mixin.py:188} INFO - [2026-01-20T04:16:23.265+0000] {dagbag.py:538} INFO - Filling up the DagBag from /opt/airflow/dags/dag_streamflow.py
[2026-01-20T04:16:23.287+0000] {processor.py:840} INFO - DAG(s) 'streamflow_main' retrieved from /opt/airflow/dags/dag_streamflow.py
[2026-01-20T04:16:23.322+0000] {logging_mixin.py:188} INFO - [2026-01-20T04:16:23.322+0000] {dag.py:3036} INFO - Sync 1 DAGs
[2026-01-20T04:16:23.337+0000] {logging_mixin.py:188} INFO - [2026-01-20T04:16:23.337+0000] {dag.py:3823} INFO - Setting next_dagrun for streamflow_main to None, run_after=None
[2026-01-20T04:16:23.365+0000] {processor.py:183} INFO - Processing /opt/airflow/dags/dag_streamflow.py took 0.105 seconds
[2026-01-20T04:16:55.694+0000] {processor.py:161} INFO - Started process (PID=3887) to work on /opt/airflow/dags/dag_streamflow.py
[2026-01-20T04:16:55.695+0000] {processor.py:830} INFO - Processing file /opt/airflow/dags/dag_streamflow.py for tasks to queue
[2026-01-20T04:16:55.696+0000] {logging_mixin.py:188} INFO - [2026-01-20T04:16:55.696+0000] {dagbag.py:538} INFO - Filling up the DagBag from /opt/airflow/dags/dag_streamflow.py
[2026-01-20T04:16:55.730+0000] {processor.py:840} INFO - DAG(s) 'streamflow_main' retrieved from /opt/airflow/dags/dag_streamflow.py
[2026-01-20T04:16:55.757+0000] {logging_mixin.py:188} INFO - [2026-01-20T04:16:55.757+0000] {dag.py:3036} INFO - Sync 1 DAGs
[2026-01-20T04:16:55.769+0000] {logging_mixin.py:188} INFO - [2026-01-20T04:16:55.768+0000] {dag.py:3823} INFO - Setting next_dagrun for streamflow_main to None, run_after=None
[2026-01-20T04:16:55.789+0000] {processor.py:183} INFO - Processing /opt/airflow/dags/dag_streamflow.py took 0.098 seconds
[2026-01-20T04:17:25.916+0000] {processor.py:161} INFO - Started process (PID=4362) to work on /opt/airflow/dags/dag_streamflow.py
[2026-01-20T04:17:25.918+0000] {processor.py:830} INFO - Processing file /opt/airflow/dags/dag_streamflow.py for tasks to queue
[2026-01-20T04:17:25.919+0000] {logging_mixin.py:188} INFO - [2026-01-20T04:17:25.919+0000] {dagbag.py:538} INFO - Filling up the DagBag from /opt/airflow/dags/dag_streamflow.py
[2026-01-20T04:17:25.945+0000] {processor.py:840} INFO - DAG(s) 'streamflow_main' retrieved from /opt/airflow/dags/dag_streamflow.py
[2026-01-20T04:17:27.154+0000] {logging_mixin.py:188} INFO - [2026-01-20T04:17:27.154+0000] {dag.py:3036} INFO - Sync 1 DAGs
[2026-01-20T04:17:27.169+0000] {logging_mixin.py:188} INFO - [2026-01-20T04:17:27.169+0000] {dag.py:3823} INFO - Setting next_dagrun for streamflow_main to None, run_after=None
[2026-01-20T04:17:27.199+0000] {processor.py:183} INFO - Processing /opt/airflow/dags/dag_streamflow.py took 0.111 seconds
[2026-01-20T04:17:59.456+0000] {processor.py:161} INFO - Started process (PID=4374) to work on /opt/airflow/dags/dag_streamflow.py
[2026-01-20T04:17:59.457+0000] {processor.py:830} INFO - Processing file /opt/airflow/dags/dag_streamflow.py for tasks to queue
[2026-01-20T04:17:59.459+0000] {logging_mixin.py:188} INFO - [2026-01-20T04:17:59.458+0000] {dagbag.py:538} INFO - Filling up the DagBag from /opt/airflow/dags/dag_streamflow.py
[2026-01-20T04:17:59.485+0000] {processor.py:840} INFO - DAG(s) 'streamflow_main' retrieved from /opt/airflow/dags/dag_streamflow.py
[2026-01-20T04:17:59.517+0000] {logging_mixin.py:188} INFO - [2026-01-20T04:17:59.517+0000] {dag.py:3036} INFO - Sync 1 DAGs
[2026-01-20T04:17:59.531+0000] {logging_mixin.py:188} INFO - [2026-01-20T04:17:59.530+0000] {dag.py:3823} INFO - Setting next_dagrun for streamflow_main to None, run_after=None
[2026-01-20T04:17:59.562+0000] {processor.py:183} INFO - Processing /opt/airflow/dags/dag_streamflow.py took 0.111 seconds
[2026-01-20T04:18:31.760+0000] {processor.py:161} INFO - Started process (PID=4386) to work on /opt/airflow/dags/dag_streamflow.py
[2026-01-20T04:18:31.761+0000] {processor.py:830} INFO - Processing file /opt/airflow/dags/dag_streamflow.py for tasks to queue
[2026-01-20T04:18:31.762+0000] {logging_mixin.py:188} INFO - [2026-01-20T04:18:31.762+0000] {dagbag.py:538} INFO - Filling up the DagBag from /opt/airflow/dags/dag_streamflow.py
[2026-01-20T04:18:31.779+0000] {processor.py:840} INFO - DAG(s) 'streamflow_main' retrieved from /opt/airflow/dags/dag_streamflow.py
[2026-01-20T04:18:31.799+0000] {logging_mixin.py:188} INFO - [2026-01-20T04:18:31.799+0000] {dag.py:3036} INFO - Sync 1 DAGs
[2026-01-20T04:18:31.809+0000] {logging_mixin.py:188} INFO - [2026-01-20T04:18:31.809+0000] {dag.py:3823} INFO - Setting next_dagrun for streamflow_main to None, run_after=None
[2026-01-20T04:18:31.829+0000] {processor.py:183} INFO - Processing /opt/airflow/dags/dag_streamflow.py took 0.072 seconds
[2026-01-20T04:19:04.179+0000] {processor.py:161} INFO - Started process (PID=4398) to work on /opt/airflow/dags/dag_streamflow.py
[2026-01-20T04:19:04.180+0000] {processor.py:830} INFO - Processing file /opt/airflow/dags/dag_streamflow.py for tasks to queue
[2026-01-20T04:19:04.181+0000] {logging_mixin.py:188} INFO - [2026-01-20T04:19:04.181+0000] {dagbag.py:538} INFO - Filling up the DagBag from /opt/airflow/dags/dag_streamflow.py
[2026-01-20T04:19:04.200+0000] {processor.py:840} INFO - DAG(s) 'streamflow_main' retrieved from /opt/airflow/dags/dag_streamflow.py
[2026-01-20T04:19:04.230+0000] {logging_mixin.py:188} INFO - [2026-01-20T04:19:04.230+0000] {dag.py:3036} INFO - Sync 1 DAGs
[2026-01-20T04:19:04.243+0000] {logging_mixin.py:188} INFO - [2026-01-20T04:19:04.243+0000] {dag.py:3823} INFO - Setting next_dagrun for streamflow_main to None, run_after=None
[2026-01-20T04:19:04.267+0000] {processor.py:183} INFO - Processing /opt/airflow/dags/dag_streamflow.py took 0.091 seconds
[2026-01-20T04:19:34.471+0000] {processor.py:161} INFO - Started process (PID=4410) to work on /opt/airflow/dags/dag_streamflow.py
[2026-01-20T04:19:34.473+0000] {processor.py:830} INFO - Processing file /opt/airflow/dags/dag_streamflow.py for tasks to queue
[2026-01-20T04:19:34.474+0000] {logging_mixin.py:188} INFO - [2026-01-20T04:19:34.474+0000] {dagbag.py:538} INFO - Filling up the DagBag from /opt/airflow/dags/dag_streamflow.py
[2026-01-20T04:19:34.511+0000] {processor.py:840} INFO - DAG(s) 'streamflow_main' retrieved from /opt/airflow/dags/dag_streamflow.py
[2026-01-20T04:19:35.724+0000] {logging_mixin.py:188} INFO - [2026-01-20T04:19:35.724+0000] {dag.py:3036} INFO - Sync 1 DAGs
[2026-01-20T04:19:35.739+0000] {logging_mixin.py:188} INFO - [2026-01-20T04:19:35.739+0000] {dag.py:3823} INFO - Setting next_dagrun for streamflow_main to None, run_after=None
[2026-01-20T04:19:35.768+0000] {processor.py:183} INFO - Processing /opt/airflow/dags/dag_streamflow.py took 0.126 seconds
[2026-01-20T04:20:07.893+0000] {processor.py:161} INFO - Started process (PID=4422) to work on /opt/airflow/dags/dag_streamflow.py
[2026-01-20T04:20:07.894+0000] {processor.py:830} INFO - Processing file /opt/airflow/dags/dag_streamflow.py for tasks to queue
[2026-01-20T04:20:07.895+0000] {logging_mixin.py:188} INFO - [2026-01-20T04:20:07.895+0000] {dagbag.py:538} INFO - Filling up the DagBag from /opt/airflow/dags/dag_streamflow.py
[2026-01-20T04:20:07.912+0000] {processor.py:840} INFO - DAG(s) 'streamflow_main' retrieved from /opt/airflow/dags/dag_streamflow.py
[2026-01-20T04:20:07.946+0000] {logging_mixin.py:188} INFO - [2026-01-20T04:20:07.945+0000] {dag.py:3036} INFO - Sync 1 DAGs
[2026-01-20T04:20:07.962+0000] {logging_mixin.py:188} INFO - [2026-01-20T04:20:07.962+0000] {dag.py:3823} INFO - Setting next_dagrun for streamflow_main to None, run_after=None
[2026-01-20T04:20:07.991+0000] {processor.py:183} INFO - Processing /opt/airflow/dags/dag_streamflow.py took 0.101 seconds
[2026-01-20T04:20:40.147+0000] {processor.py:161} INFO - Started process (PID=4434) to work on /opt/airflow/dags/dag_streamflow.py
[2026-01-20T04:20:40.147+0000] {processor.py:830} INFO - Processing file /opt/airflow/dags/dag_streamflow.py for tasks to queue
[2026-01-20T04:20:40.148+0000] {logging_mixin.py:188} INFO - [2026-01-20T04:20:40.148+0000] {dagbag.py:538} INFO - Filling up the DagBag from /opt/airflow/dags/dag_streamflow.py
[2026-01-20T04:20:40.161+0000] {processor.py:840} INFO - DAG(s) 'streamflow_main' retrieved from /opt/airflow/dags/dag_streamflow.py
[2026-01-20T04:20:40.181+0000] {logging_mixin.py:188} INFO - [2026-01-20T04:20:40.181+0000] {dag.py:3036} INFO - Sync 1 DAGs
[2026-01-20T04:20:40.189+0000] {logging_mixin.py:188} INFO - [2026-01-20T04:20:40.189+0000] {dag.py:3823} INFO - Setting next_dagrun for streamflow_main to None, run_after=None
[2026-01-20T04:20:40.206+0000] {processor.py:183} INFO - Processing /opt/airflow/dags/dag_streamflow.py took 0.062 seconds
[2026-01-20T04:21:12.448+0000] {processor.py:161} INFO - Started process (PID=4446) to work on /opt/airflow/dags/dag_streamflow.py
[2026-01-20T04:21:12.449+0000] {processor.py:830} INFO - Processing file /opt/airflow/dags/dag_streamflow.py for tasks to queue
[2026-01-20T04:21:12.450+0000] {logging_mixin.py:188} INFO - [2026-01-20T04:21:12.450+0000] {dagbag.py:538} INFO - Filling up the DagBag from /opt/airflow/dags/dag_streamflow.py
[2026-01-20T04:21:12.464+0000] {processor.py:840} INFO - DAG(s) 'streamflow_main' retrieved from /opt/airflow/dags/dag_streamflow.py
[2026-01-20T04:21:12.485+0000] {logging_mixin.py:188} INFO - [2026-01-20T04:21:12.485+0000] {dag.py:3036} INFO - Sync 1 DAGs
[2026-01-20T04:21:12.495+0000] {logging_mixin.py:188} INFO - [2026-01-20T04:21:12.495+0000] {dag.py:3823} INFO - Setting next_dagrun for streamflow_main to None, run_after=None
[2026-01-20T04:21:12.514+0000] {processor.py:183} INFO - Processing /opt/airflow/dags/dag_streamflow.py took 0.068 seconds
[2026-01-20T04:21:44.865+0000] {processor.py:161} INFO - Started process (PID=4458) to work on /opt/airflow/dags/dag_streamflow.py
[2026-01-20T04:21:44.866+0000] {processor.py:830} INFO - Processing file /opt/airflow/dags/dag_streamflow.py for tasks to queue
[2026-01-20T04:21:44.867+0000] {logging_mixin.py:188} INFO - [2026-01-20T04:21:44.867+0000] {dagbag.py:538} INFO - Filling up the DagBag from /opt/airflow/dags/dag_streamflow.py
[2026-01-20T04:21:44.882+0000] {processor.py:840} INFO - DAG(s) 'streamflow_main' retrieved from /opt/airflow/dags/dag_streamflow.py
[2026-01-20T04:21:44.906+0000] {logging_mixin.py:188} INFO - [2026-01-20T04:21:44.906+0000] {dag.py:3036} INFO - Sync 1 DAGs
[2026-01-20T04:21:44.919+0000] {logging_mixin.py:188} INFO - [2026-01-20T04:21:44.918+0000] {dag.py:3823} INFO - Setting next_dagrun for streamflow_main to None, run_after=None
[2026-01-20T04:21:44.940+0000] {processor.py:183} INFO - Processing /opt/airflow/dags/dag_streamflow.py took 0.077 seconds
[2026-01-20T04:22:17.156+0000] {processor.py:161} INFO - Started process (PID=4470) to work on /opt/airflow/dags/dag_streamflow.py
[2026-01-20T04:22:17.158+0000] {processor.py:830} INFO - Processing file /opt/airflow/dags/dag_streamflow.py for tasks to queue
[2026-01-20T04:22:17.159+0000] {logging_mixin.py:188} INFO - [2026-01-20T04:22:17.159+0000] {dagbag.py:538} INFO - Filling up the DagBag from /opt/airflow/dags/dag_streamflow.py
[2026-01-20T04:22:17.184+0000] {processor.py:840} INFO - DAG(s) 'streamflow_main' retrieved from /opt/airflow/dags/dag_streamflow.py
[2026-01-20T04:22:17.214+0000] {logging_mixin.py:188} INFO - [2026-01-20T04:22:17.214+0000] {dag.py:3036} INFO - Sync 1 DAGs
[2026-01-20T04:22:17.227+0000] {logging_mixin.py:188} INFO - [2026-01-20T04:22:17.227+0000] {dag.py:3823} INFO - Setting next_dagrun for streamflow_main to None, run_after=None
[2026-01-20T04:22:17.251+0000] {processor.py:183} INFO - Processing /opt/airflow/dags/dag_streamflow.py took 0.098 seconds
[2026-01-20T04:22:48.464+0000] {processor.py:161} INFO - Started process (PID=4482) to work on /opt/airflow/dags/dag_streamflow.py
[2026-01-20T04:22:48.464+0000] {processor.py:830} INFO - Processing file /opt/airflow/dags/dag_streamflow.py for tasks to queue
[2026-01-20T04:22:48.465+0000] {logging_mixin.py:188} INFO - [2026-01-20T04:22:48.465+0000] {dagbag.py:538} INFO - Filling up the DagBag from /opt/airflow/dags/dag_streamflow.py
[2026-01-20T04:22:48.476+0000] {processor.py:840} INFO - DAG(s) 'streamflow_main' retrieved from /opt/airflow/dags/dag_streamflow.py
[2026-01-20T04:22:48.495+0000] {logging_mixin.py:188} INFO - [2026-01-20T04:22:48.495+0000] {dag.py:3036} INFO - Sync 1 DAGs
[2026-01-20T04:22:48.507+0000] {logging_mixin.py:188} INFO - [2026-01-20T04:22:48.506+0000] {dag.py:3823} INFO - Setting next_dagrun for streamflow_main to None, run_after=None
[2026-01-20T04:22:48.528+0000] {processor.py:183} INFO - Processing /opt/airflow/dags/dag_streamflow.py took 0.066 seconds
[2026-01-20T04:23:20.857+0000] {processor.py:161} INFO - Started process (PID=4494) to work on /opt/airflow/dags/dag_streamflow.py
[2026-01-20T04:23:20.858+0000] {processor.py:830} INFO - Processing file /opt/airflow/dags/dag_streamflow.py for tasks to queue
[2026-01-20T04:23:20.860+0000] {logging_mixin.py:188} INFO - [2026-01-20T04:23:20.859+0000] {dagbag.py:538} INFO - Filling up the DagBag from /opt/airflow/dags/dag_streamflow.py
[2026-01-20T04:23:20.875+0000] {processor.py:840} INFO - DAG(s) 'streamflow_main' retrieved from /opt/airflow/dags/dag_streamflow.py
[2026-01-20T04:23:20.896+0000] {logging_mixin.py:188} INFO - [2026-01-20T04:23:20.895+0000] {dag.py:3036} INFO - Sync 1 DAGs
[2026-01-20T04:23:20.906+0000] {logging_mixin.py:188} INFO - [2026-01-20T04:23:20.906+0000] {dag.py:3823} INFO - Setting next_dagrun for streamflow_main to None, run_after=None
[2026-01-20T04:23:20.927+0000] {processor.py:183} INFO - Processing /opt/airflow/dags/dag_streamflow.py took 0.073 seconds
[2026-01-20T04:23:53.260+0000] {processor.py:161} INFO - Started process (PID=4506) to work on /opt/airflow/dags/dag_streamflow.py
[2026-01-20T04:23:53.262+0000] {processor.py:830} INFO - Processing file /opt/airflow/dags/dag_streamflow.py for tasks to queue
[2026-01-20T04:23:53.264+0000] {logging_mixin.py:188} INFO - [2026-01-20T04:23:53.264+0000] {dagbag.py:538} INFO - Filling up the DagBag from /opt/airflow/dags/dag_streamflow.py
[2026-01-20T04:23:53.297+0000] {processor.py:840} INFO - DAG(s) 'streamflow_main' retrieved from /opt/airflow/dags/dag_streamflow.py
[2026-01-20T04:23:53.325+0000] {logging_mixin.py:188} INFO - [2026-01-20T04:23:53.325+0000] {dag.py:3036} INFO - Sync 1 DAGs
[2026-01-20T04:23:53.338+0000] {logging_mixin.py:188} INFO - [2026-01-20T04:23:53.338+0000] {dag.py:3823} INFO - Setting next_dagrun for streamflow_main to None, run_after=None
[2026-01-20T04:23:53.365+0000] {processor.py:183} INFO - Processing /opt/airflow/dags/dag_streamflow.py took 0.109 seconds
[2026-01-20T04:24:25.578+0000] {processor.py:161} INFO - Started process (PID=4518) to work on /opt/airflow/dags/dag_streamflow.py
[2026-01-20T04:24:25.579+0000] {processor.py:830} INFO - Processing file /opt/airflow/dags/dag_streamflow.py for tasks to queue
[2026-01-20T04:24:25.580+0000] {logging_mixin.py:188} INFO - [2026-01-20T04:24:25.580+0000] {dagbag.py:538} INFO - Filling up the DagBag from /opt/airflow/dags/dag_streamflow.py
[2026-01-20T04:24:25.595+0000] {processor.py:840} INFO - DAG(s) 'streamflow_main' retrieved from /opt/airflow/dags/dag_streamflow.py
[2026-01-20T04:24:25.618+0000] {logging_mixin.py:188} INFO - [2026-01-20T04:24:25.618+0000] {dag.py:3036} INFO - Sync 1 DAGs
[2026-01-20T04:24:25.628+0000] {logging_mixin.py:188} INFO - [2026-01-20T04:24:25.628+0000] {dag.py:3823} INFO - Setting next_dagrun for streamflow_main to None, run_after=None
[2026-01-20T04:24:25.651+0000] {processor.py:183} INFO - Processing /opt/airflow/dags/dag_streamflow.py took 0.075 seconds
[2026-01-20T04:24:55.732+0000] {processor.py:161} INFO - Started process (PID=4530) to work on /opt/airflow/dags/dag_streamflow.py
[2026-01-20T04:24:55.734+0000] {processor.py:830} INFO - Processing file /opt/airflow/dags/dag_streamflow.py for tasks to queue
[2026-01-20T04:24:56.904+0000] {logging_mixin.py:188} INFO - [2026-01-20T04:24:56.903+0000] {dagbag.py:538} INFO - Filling up the DagBag from /opt/airflow/dags/dag_streamflow.py
[2026-01-20T04:24:56.935+0000] {processor.py:840} INFO - DAG(s) 'streamflow_main' retrieved from /opt/airflow/dags/dag_streamflow.py
[2026-01-20T04:24:56.969+0000] {logging_mixin.py:188} INFO - [2026-01-20T04:24:56.969+0000] {dag.py:3036} INFO - Sync 1 DAGs
[2026-01-20T04:24:56.986+0000] {logging_mixin.py:188} INFO - [2026-01-20T04:24:56.986+0000] {dag.py:3823} INFO - Setting next_dagrun for streamflow_main to None, run_after=None
[2026-01-20T04:24:57.010+0000] {processor.py:183} INFO - Processing /opt/airflow/dags/dag_streamflow.py took 0.115 seconds
[2026-01-20T04:25:29.216+0000] {processor.py:161} INFO - Started process (PID=4543) to work on /opt/airflow/dags/dag_streamflow.py
[2026-01-20T04:25:29.217+0000] {processor.py:830} INFO - Processing file /opt/airflow/dags/dag_streamflow.py for tasks to queue
[2026-01-20T04:25:29.218+0000] {logging_mixin.py:188} INFO - [2026-01-20T04:25:29.218+0000] {dagbag.py:538} INFO - Filling up the DagBag from /opt/airflow/dags/dag_streamflow.py
[2026-01-20T04:25:29.237+0000] {processor.py:840} INFO - DAG(s) 'streamflow_main' retrieved from /opt/airflow/dags/dag_streamflow.py
[2026-01-20T04:25:29.274+0000] {logging_mixin.py:188} INFO - [2026-01-20T04:25:29.273+0000] {dag.py:3036} INFO - Sync 1 DAGs
[2026-01-20T04:25:29.290+0000] {logging_mixin.py:188} INFO - [2026-01-20T04:25:29.290+0000] {dag.py:3823} INFO - Setting next_dagrun for streamflow_main to None, run_after=None
[2026-01-20T04:25:29.323+0000] {processor.py:183} INFO - Processing /opt/airflow/dags/dag_streamflow.py took 0.111 seconds
[2026-01-20T04:26:01.625+0000] {processor.py:161} INFO - Started process (PID=4555) to work on /opt/airflow/dags/dag_streamflow.py
[2026-01-20T04:26:01.626+0000] {processor.py:830} INFO - Processing file /opt/airflow/dags/dag_streamflow.py for tasks to queue
[2026-01-20T04:26:01.627+0000] {logging_mixin.py:188} INFO - [2026-01-20T04:26:01.627+0000] {dagbag.py:538} INFO - Filling up the DagBag from /opt/airflow/dags/dag_streamflow.py
[2026-01-20T04:26:01.647+0000] {processor.py:840} INFO - DAG(s) 'streamflow_main' retrieved from /opt/airflow/dags/dag_streamflow.py
[2026-01-20T04:26:01.672+0000] {logging_mixin.py:188} INFO - [2026-01-20T04:26:01.671+0000] {dag.py:3036} INFO - Sync 1 DAGs
[2026-01-20T04:26:01.682+0000] {logging_mixin.py:188} INFO - [2026-01-20T04:26:01.682+0000] {dag.py:3823} INFO - Setting next_dagrun for streamflow_main to None, run_after=None
[2026-01-20T04:26:01.701+0000] {processor.py:183} INFO - Processing /opt/airflow/dags/dag_streamflow.py took 0.080 seconds
[2026-01-20T04:26:33.999+0000] {processor.py:161} INFO - Started process (PID=4567) to work on /opt/airflow/dags/dag_streamflow.py
[2026-01-20T04:26:34.001+0000] {processor.py:830} INFO - Processing file /opt/airflow/dags/dag_streamflow.py for tasks to queue
[2026-01-20T04:26:34.003+0000] {logging_mixin.py:188} INFO - [2026-01-20T04:26:34.003+0000] {dagbag.py:538} INFO - Filling up the DagBag from /opt/airflow/dags/dag_streamflow.py
[2026-01-20T04:26:34.046+0000] {processor.py:840} INFO - DAG(s) 'streamflow_main' retrieved from /opt/airflow/dags/dag_streamflow.py
[2026-01-20T04:26:34.087+0000] {logging_mixin.py:188} INFO - [2026-01-20T04:26:34.087+0000] {dag.py:3036} INFO - Sync 1 DAGs
[2026-01-20T04:26:34.105+0000] {logging_mixin.py:188} INFO - [2026-01-20T04:26:34.104+0000] {dag.py:3823} INFO - Setting next_dagrun for streamflow_main to None, run_after=None
[2026-01-20T04:26:34.130+0000] {processor.py:183} INFO - Processing /opt/airflow/dags/dag_streamflow.py took 0.137 seconds
[2026-01-20T04:27:04.213+0000] {processor.py:161} INFO - Started process (PID=4742) to work on /opt/airflow/dags/dag_streamflow.py
[2026-01-20T04:27:04.216+0000] {processor.py:830} INFO - Processing file /opt/airflow/dags/dag_streamflow.py for tasks to queue
[2026-01-20T04:27:04.218+0000] {logging_mixin.py:188} INFO - [2026-01-20T04:27:04.218+0000] {dagbag.py:538} INFO - Filling up the DagBag from /opt/airflow/dags/dag_streamflow.py
[2026-01-20T04:27:05.421+0000] {processor.py:840} INFO - DAG(s) 'streamflow_main' retrieved from /opt/airflow/dags/dag_streamflow.py
[2026-01-20T04:27:05.464+0000] {logging_mixin.py:188} INFO - [2026-01-20T04:27:05.464+0000] {dag.py:3036} INFO - Sync 1 DAGs
[2026-01-20T04:27:05.483+0000] {logging_mixin.py:188} INFO - [2026-01-20T04:27:05.483+0000] {dag.py:3823} INFO - Setting next_dagrun for streamflow_main to None, run_after=None
[2026-01-20T04:27:05.520+0000] {processor.py:183} INFO - Processing /opt/airflow/dags/dag_streamflow.py took 0.144 seconds
[2026-01-20T04:27:37.715+0000] {processor.py:161} INFO - Started process (PID=5036) to work on /opt/airflow/dags/dag_streamflow.py
[2026-01-20T04:27:37.716+0000] {processor.py:830} INFO - Processing file /opt/airflow/dags/dag_streamflow.py for tasks to queue
[2026-01-20T04:27:37.717+0000] {logging_mixin.py:188} INFO - [2026-01-20T04:27:37.716+0000] {dagbag.py:538} INFO - Filling up the DagBag from /opt/airflow/dags/dag_streamflow.py
[2026-01-20T04:27:37.735+0000] {processor.py:840} INFO - DAG(s) 'streamflow_main' retrieved from /opt/airflow/dags/dag_streamflow.py
[2026-01-20T04:27:37.758+0000] {logging_mixin.py:188} INFO - [2026-01-20T04:27:37.757+0000] {dag.py:3036} INFO - Sync 1 DAGs
[2026-01-20T04:27:37.767+0000] {logging_mixin.py:188} INFO - [2026-01-20T04:27:37.767+0000] {dag.py:3823} INFO - Setting next_dagrun for streamflow_main to None, run_after=None
[2026-01-20T04:27:37.787+0000] {processor.py:183} INFO - Processing /opt/airflow/dags/dag_streamflow.py took 0.075 seconds
[2026-01-20T04:28:10.018+0000] {processor.py:161} INFO - Started process (PID=5048) to work on /opt/airflow/dags/dag_streamflow.py
[2026-01-20T04:28:10.019+0000] {processor.py:830} INFO - Processing file /opt/airflow/dags/dag_streamflow.py for tasks to queue
[2026-01-20T04:28:10.020+0000] {logging_mixin.py:188} INFO - [2026-01-20T04:28:10.019+0000] {dagbag.py:538} INFO - Filling up the DagBag from /opt/airflow/dags/dag_streamflow.py
[2026-01-20T04:28:10.034+0000] {processor.py:840} INFO - DAG(s) 'streamflow_main' retrieved from /opt/airflow/dags/dag_streamflow.py
[2026-01-20T04:28:10.057+0000] {logging_mixin.py:188} INFO - [2026-01-20T04:28:10.057+0000] {dag.py:3036} INFO - Sync 1 DAGs
[2026-01-20T04:28:10.068+0000] {logging_mixin.py:188} INFO - [2026-01-20T04:28:10.067+0000] {dag.py:3823} INFO - Setting next_dagrun for streamflow_main to None, run_after=None
[2026-01-20T04:28:10.087+0000] {processor.py:183} INFO - Processing /opt/airflow/dags/dag_streamflow.py took 0.073 seconds
[2026-01-20T04:28:42.492+0000] {processor.py:161} INFO - Started process (PID=5060) to work on /opt/airflow/dags/dag_streamflow.py
[2026-01-20T04:28:42.493+0000] {processor.py:830} INFO - Processing file /opt/airflow/dags/dag_streamflow.py for tasks to queue
[2026-01-20T04:28:42.494+0000] {logging_mixin.py:188} INFO - [2026-01-20T04:28:42.494+0000] {dagbag.py:538} INFO - Filling up the DagBag from /opt/airflow/dags/dag_streamflow.py
[2026-01-20T04:28:42.520+0000] {processor.py:840} INFO - DAG(s) 'streamflow_main' retrieved from /opt/airflow/dags/dag_streamflow.py
[2026-01-20T04:28:42.552+0000] {logging_mixin.py:188} INFO - [2026-01-20T04:28:42.552+0000] {dag.py:3036} INFO - Sync 1 DAGs
[2026-01-20T04:28:42.571+0000] {logging_mixin.py:188} INFO - [2026-01-20T04:28:42.570+0000] {dag.py:3823} INFO - Setting next_dagrun for streamflow_main to None, run_after=None
[2026-01-20T04:28:42.602+0000] {processor.py:183} INFO - Processing /opt/airflow/dags/dag_streamflow.py took 0.114 seconds
[2026-01-20T04:29:12.676+0000] {processor.py:161} INFO - Started process (PID=5500) to work on /opt/airflow/dags/dag_streamflow.py
[2026-01-20T04:29:12.677+0000] {processor.py:830} INFO - Processing file /opt/airflow/dags/dag_streamflow.py for tasks to queue
[2026-01-20T04:29:12.678+0000] {logging_mixin.py:188} INFO - [2026-01-20T04:29:12.678+0000] {dagbag.py:538} INFO - Filling up the DagBag from /opt/airflow/dags/dag_streamflow.py
[2026-01-20T04:29:12.692+0000] {processor.py:840} INFO - DAG(s) 'streamflow_main' retrieved from /opt/airflow/dags/dag_streamflow.py
[2026-01-20T04:29:12.718+0000] {logging_mixin.py:188} INFO - [2026-01-20T04:29:12.717+0000] {dag.py:3036} INFO - Sync 1 DAGs
[2026-01-20T04:29:12.728+0000] {logging_mixin.py:188} INFO - [2026-01-20T04:29:12.728+0000] {dag.py:3823} INFO - Setting next_dagrun for streamflow_main to None, run_after=None
[2026-01-20T04:29:12.750+0000] {processor.py:183} INFO - Processing /opt/airflow/dags/dag_streamflow.py took 0.077 seconds
[2026-01-20T04:29:46.144+0000] {processor.py:161} INFO - Started process (PID=5512) to work on /opt/airflow/dags/dag_streamflow.py
[2026-01-20T04:29:46.145+0000] {processor.py:830} INFO - Processing file /opt/airflow/dags/dag_streamflow.py for tasks to queue
[2026-01-20T04:29:46.146+0000] {logging_mixin.py:188} INFO - [2026-01-20T04:29:46.146+0000] {dagbag.py:538} INFO - Filling up the DagBag from /opt/airflow/dags/dag_streamflow.py
[2026-01-20T04:29:46.167+0000] {processor.py:840} INFO - DAG(s) 'streamflow_main' retrieved from /opt/airflow/dags/dag_streamflow.py
[2026-01-20T04:29:46.190+0000] {logging_mixin.py:188} INFO - [2026-01-20T04:29:46.190+0000] {dag.py:3036} INFO - Sync 1 DAGs
[2026-01-20T04:29:46.200+0000] {logging_mixin.py:188} INFO - [2026-01-20T04:29:46.200+0000] {dag.py:3823} INFO - Setting next_dagrun for streamflow_main to None, run_after=None
[2026-01-20T04:29:46.218+0000] {processor.py:183} INFO - Processing /opt/airflow/dags/dag_streamflow.py took 0.077 seconds
[2026-01-20T04:30:18.556+0000] {processor.py:161} INFO - Started process (PID=5951) to work on /opt/airflow/dags/dag_streamflow.py
[2026-01-20T04:30:18.557+0000] {processor.py:830} INFO - Processing file /opt/airflow/dags/dag_streamflow.py for tasks to queue
[2026-01-20T04:30:18.558+0000] {logging_mixin.py:188} INFO - [2026-01-20T04:30:18.558+0000] {dagbag.py:538} INFO - Filling up the DagBag from /opt/airflow/dags/dag_streamflow.py
[2026-01-20T04:30:18.577+0000] {processor.py:840} INFO - DAG(s) 'streamflow_main' retrieved from /opt/airflow/dags/dag_streamflow.py
[2026-01-20T04:30:18.604+0000] {logging_mixin.py:188} INFO - [2026-01-20T04:30:18.603+0000] {dag.py:3036} INFO - Sync 1 DAGs
[2026-01-20T04:30:18.614+0000] {logging_mixin.py:188} INFO - [2026-01-20T04:30:18.613+0000] {dag.py:3823} INFO - Setting next_dagrun for streamflow_main to None, run_after=None
[2026-01-20T04:30:18.634+0000] {processor.py:183} INFO - Processing /opt/airflow/dags/dag_streamflow.py took 0.081 seconds
[2026-01-20T04:30:50.902+0000] {processor.py:161} INFO - Started process (PID=5963) to work on /opt/airflow/dags/dag_streamflow.py
[2026-01-20T04:30:50.903+0000] {processor.py:830} INFO - Processing file /opt/airflow/dags/dag_streamflow.py for tasks to queue
[2026-01-20T04:30:50.904+0000] {logging_mixin.py:188} INFO - [2026-01-20T04:30:50.904+0000] {dagbag.py:538} INFO - Filling up the DagBag from /opt/airflow/dags/dag_streamflow.py
[2026-01-20T04:30:50.918+0000] {processor.py:840} INFO - DAG(s) 'streamflow_main' retrieved from /opt/airflow/dags/dag_streamflow.py
[2026-01-20T04:30:50.941+0000] {logging_mixin.py:188} INFO - [2026-01-20T04:30:50.940+0000] {dag.py:3036} INFO - Sync 1 DAGs
[2026-01-20T04:30:50.951+0000] {logging_mixin.py:188} INFO - [2026-01-20T04:30:50.951+0000] {dag.py:3823} INFO - Setting next_dagrun for streamflow_main to None, run_after=None
[2026-01-20T04:30:50.974+0000] {processor.py:183} INFO - Processing /opt/airflow/dags/dag_streamflow.py took 0.075 seconds
[2026-01-20T04:31:23.196+0000] {processor.py:161} INFO - Started process (PID=5975) to work on /opt/airflow/dags/dag_streamflow.py
[2026-01-20T04:31:23.198+0000] {processor.py:830} INFO - Processing file /opt/airflow/dags/dag_streamflow.py for tasks to queue
[2026-01-20T04:31:23.200+0000] {logging_mixin.py:188} INFO - [2026-01-20T04:31:23.199+0000] {dagbag.py:538} INFO - Filling up the DagBag from /opt/airflow/dags/dag_streamflow.py
[2026-01-20T04:31:23.220+0000] {processor.py:840} INFO - DAG(s) 'streamflow_main' retrieved from /opt/airflow/dags/dag_streamflow.py
[2026-01-20T04:31:23.250+0000] {logging_mixin.py:188} INFO - [2026-01-20T04:31:23.249+0000] {dag.py:3036} INFO - Sync 1 DAGs
[2026-01-20T04:31:23.262+0000] {logging_mixin.py:188} INFO - [2026-01-20T04:31:23.262+0000] {dag.py:3823} INFO - Setting next_dagrun for streamflow_main to None, run_after=None
[2026-01-20T04:31:23.289+0000] {processor.py:183} INFO - Processing /opt/airflow/dags/dag_streamflow.py took 0.096 seconds
[2026-01-20T04:31:54.564+0000] {processor.py:161} INFO - Started process (PID=5987) to work on /opt/airflow/dags/dag_streamflow.py
[2026-01-20T04:31:54.566+0000] {processor.py:830} INFO - Processing file /opt/airflow/dags/dag_streamflow.py for tasks to queue
[2026-01-20T04:31:54.568+0000] {logging_mixin.py:188} INFO - [2026-01-20T04:31:54.567+0000] {dagbag.py:538} INFO - Filling up the DagBag from /opt/airflow/dags/dag_streamflow.py
[2026-01-20T04:31:54.598+0000] {processor.py:840} INFO - DAG(s) 'streamflow_main' retrieved from /opt/airflow/dags/dag_streamflow.py
[2026-01-20T04:31:54.631+0000] {logging_mixin.py:188} INFO - [2026-01-20T04:31:54.630+0000] {dag.py:3036} INFO - Sync 1 DAGs
[2026-01-20T04:31:54.645+0000] {logging_mixin.py:188} INFO - [2026-01-20T04:31:54.645+0000] {dag.py:3823} INFO - Setting next_dagrun for streamflow_main to None, run_after=None
[2026-01-20T04:31:54.674+0000] {processor.py:183} INFO - Processing /opt/airflow/dags/dag_streamflow.py took 0.113 seconds
[2026-01-20T04:32:26.937+0000] {processor.py:161} INFO - Started process (PID=6048) to work on /opt/airflow/dags/dag_streamflow.py
[2026-01-20T04:32:26.939+0000] {processor.py:830} INFO - Processing file /opt/airflow/dags/dag_streamflow.py for tasks to queue
[2026-01-20T04:32:26.940+0000] {logging_mixin.py:188} INFO - [2026-01-20T04:32:26.940+0000] {dagbag.py:538} INFO - Filling up the DagBag from /opt/airflow/dags/dag_streamflow.py
[2026-01-20T04:32:26.973+0000] {processor.py:840} INFO - DAG(s) 'streamflow_main' retrieved from /opt/airflow/dags/dag_streamflow.py
[2026-01-20T04:32:27.009+0000] {logging_mixin.py:188} INFO - [2026-01-20T04:32:27.008+0000] {dag.py:3036} INFO - Sync 1 DAGs
[2026-01-20T04:32:27.024+0000] {logging_mixin.py:188} INFO - [2026-01-20T04:32:27.024+0000] {dag.py:3823} INFO - Setting next_dagrun for streamflow_main to None, run_after=None
[2026-01-20T04:32:27.048+0000] {processor.py:183} INFO - Processing /opt/airflow/dags/dag_streamflow.py took 0.118 seconds
[2026-01-20T04:32:59.352+0000] {processor.py:161} INFO - Started process (PID=6440) to work on /opt/airflow/dags/dag_streamflow.py
[2026-01-20T04:32:59.354+0000] {processor.py:830} INFO - Processing file /opt/airflow/dags/dag_streamflow.py for tasks to queue
[2026-01-20T04:32:59.355+0000] {logging_mixin.py:188} INFO - [2026-01-20T04:32:59.355+0000] {dagbag.py:538} INFO - Filling up the DagBag from /opt/airflow/dags/dag_streamflow.py
[2026-01-20T04:32:59.392+0000] {processor.py:840} INFO - DAG(s) 'streamflow_main' retrieved from /opt/airflow/dags/dag_streamflow.py
[2026-01-20T04:32:59.425+0000] {logging_mixin.py:188} INFO - [2026-01-20T04:32:59.424+0000] {dag.py:3036} INFO - Sync 1 DAGs
[2026-01-20T04:32:59.439+0000] {logging_mixin.py:188} INFO - [2026-01-20T04:32:59.439+0000] {dag.py:3823} INFO - Setting next_dagrun for streamflow_main to None, run_after=None
[2026-01-20T04:32:59.466+0000] {processor.py:183} INFO - Processing /opt/airflow/dags/dag_streamflow.py took 0.117 seconds
[2026-01-20T04:33:31.671+0000] {processor.py:161} INFO - Started process (PID=6876) to work on /opt/airflow/dags/dag_streamflow.py
[2026-01-20T04:33:31.672+0000] {processor.py:830} INFO - Processing file /opt/airflow/dags/dag_streamflow.py for tasks to queue
[2026-01-20T04:33:31.673+0000] {logging_mixin.py:188} INFO - [2026-01-20T04:33:31.672+0000] {dagbag.py:538} INFO - Filling up the DagBag from /opt/airflow/dags/dag_streamflow.py
[2026-01-20T04:33:31.689+0000] {processor.py:840} INFO - DAG(s) 'streamflow_main' retrieved from /opt/airflow/dags/dag_streamflow.py
[2026-01-20T04:33:31.715+0000] {logging_mixin.py:188} INFO - [2026-01-20T04:33:31.715+0000] {dag.py:3036} INFO - Sync 1 DAGs
[2026-01-20T04:33:31.726+0000] {logging_mixin.py:188} INFO - [2026-01-20T04:33:31.726+0000] {dag.py:3823} INFO - Setting next_dagrun for streamflow_main to None, run_after=None
[2026-01-20T04:33:31.745+0000] {processor.py:183} INFO - Processing /opt/airflow/dags/dag_streamflow.py took 0.078 seconds
[2026-01-20T04:34:03.103+0000] {processor.py:161} INFO - Started process (PID=6888) to work on /opt/airflow/dags/dag_streamflow.py
[2026-01-20T04:34:03.104+0000] {processor.py:830} INFO - Processing file /opt/airflow/dags/dag_streamflow.py for tasks to queue
[2026-01-20T04:34:03.105+0000] {logging_mixin.py:188} INFO - [2026-01-20T04:34:03.105+0000] {dagbag.py:538} INFO - Filling up the DagBag from /opt/airflow/dags/dag_streamflow.py
[2026-01-20T04:34:03.119+0000] {processor.py:840} INFO - DAG(s) 'streamflow_main' retrieved from /opt/airflow/dags/dag_streamflow.py
[2026-01-20T04:34:03.153+0000] {logging_mixin.py:188} INFO - [2026-01-20T04:34:03.152+0000] {dag.py:3036} INFO - Sync 1 DAGs
[2026-01-20T04:34:03.163+0000] {logging_mixin.py:188} INFO - [2026-01-20T04:34:03.163+0000] {dag.py:3823} INFO - Setting next_dagrun for streamflow_main to None, run_after=None
[2026-01-20T04:34:03.182+0000] {processor.py:183} INFO - Processing /opt/airflow/dags/dag_streamflow.py took 0.081 seconds
[2026-01-20T04:34:35.544+0000] {processor.py:161} INFO - Started process (PID=7215) to work on /opt/airflow/dags/dag_streamflow.py
[2026-01-20T04:34:35.551+0000] {processor.py:830} INFO - Processing file /opt/airflow/dags/dag_streamflow.py for tasks to queue
[2026-01-20T04:34:35.555+0000] {logging_mixin.py:188} INFO - [2026-01-20T04:34:35.554+0000] {dagbag.py:538} INFO - Filling up the DagBag from /opt/airflow/dags/dag_streamflow.py
[2026-01-20T04:34:35.673+0000] {processor.py:840} INFO - DAG(s) 'streamflow_main' retrieved from /opt/airflow/dags/dag_streamflow.py
[2026-01-20T04:34:35.805+0000] {logging_mixin.py:188} INFO - [2026-01-20T04:34:35.804+0000] {dag.py:3036} INFO - Sync 1 DAGs
[2026-01-20T04:34:35.855+0000] {logging_mixin.py:188} INFO - [2026-01-20T04:34:35.855+0000] {dag.py:3823} INFO - Setting next_dagrun for streamflow_main to None, run_after=None
[2026-01-20T04:34:35.927+0000] {processor.py:183} INFO - Processing /opt/airflow/dags/dag_streamflow.py took 0.396 seconds
[2026-01-20T04:35:06.112+0000] {processor.py:161} INFO - Started process (PID=7344) to work on /opt/airflow/dags/dag_streamflow.py
[2026-01-20T04:35:06.113+0000] {processor.py:830} INFO - Processing file /opt/airflow/dags/dag_streamflow.py for tasks to queue
[2026-01-20T04:35:06.114+0000] {logging_mixin.py:188} INFO - [2026-01-20T04:35:06.114+0000] {dagbag.py:538} INFO - Filling up the DagBag from /opt/airflow/dags/dag_streamflow.py
[2026-01-20T04:35:07.288+0000] {processor.py:840} INFO - DAG(s) 'streamflow_main' retrieved from /opt/airflow/dags/dag_streamflow.py
[2026-01-20T04:35:07.311+0000] {logging_mixin.py:188} INFO - [2026-01-20T04:35:07.311+0000] {dag.py:3036} INFO - Sync 1 DAGs
[2026-01-20T04:35:07.322+0000] {logging_mixin.py:188} INFO - [2026-01-20T04:35:07.322+0000] {dag.py:3823} INFO - Setting next_dagrun for streamflow_main to None, run_after=None
[2026-01-20T04:35:07.342+0000] {processor.py:183} INFO - Processing /opt/airflow/dags/dag_streamflow.py took 0.076 seconds
[2026-01-20T04:35:39.527+0000] {processor.py:161} INFO - Started process (PID=7356) to work on /opt/airflow/dags/dag_streamflow.py
[2026-01-20T04:35:39.528+0000] {processor.py:830} INFO - Processing file /opt/airflow/dags/dag_streamflow.py for tasks to queue
[2026-01-20T04:35:39.529+0000] {logging_mixin.py:188} INFO - [2026-01-20T04:35:39.529+0000] {dagbag.py:538} INFO - Filling up the DagBag from /opt/airflow/dags/dag_streamflow.py
[2026-01-20T04:35:39.546+0000] {processor.py:840} INFO - DAG(s) 'streamflow_main' retrieved from /opt/airflow/dags/dag_streamflow.py
[2026-01-20T04:35:39.568+0000] {logging_mixin.py:188} INFO - [2026-01-20T04:35:39.568+0000] {dag.py:3036} INFO - Sync 1 DAGs
[2026-01-20T04:35:39.578+0000] {logging_mixin.py:188} INFO - [2026-01-20T04:35:39.578+0000] {dag.py:3823} INFO - Setting next_dagrun for streamflow_main to None, run_after=None
[2026-01-20T04:35:39.597+0000] {processor.py:183} INFO - Processing /opt/airflow/dags/dag_streamflow.py took 0.074 seconds
[2026-01-20T04:36:11.905+0000] {processor.py:161} INFO - Started process (PID=7368) to work on /opt/airflow/dags/dag_streamflow.py
[2026-01-20T04:36:11.906+0000] {processor.py:830} INFO - Processing file /opt/airflow/dags/dag_streamflow.py for tasks to queue
[2026-01-20T04:36:11.907+0000] {logging_mixin.py:188} INFO - [2026-01-20T04:36:11.906+0000] {dagbag.py:538} INFO - Filling up the DagBag from /opt/airflow/dags/dag_streamflow.py
[2026-01-20T04:36:11.921+0000] {processor.py:840} INFO - DAG(s) 'streamflow_main' retrieved from /opt/airflow/dags/dag_streamflow.py
[2026-01-20T04:36:11.945+0000] {logging_mixin.py:188} INFO - [2026-01-20T04:36:11.945+0000] {dag.py:3036} INFO - Sync 1 DAGs
[2026-01-20T04:36:11.955+0000] {logging_mixin.py:188} INFO - [2026-01-20T04:36:11.955+0000] {dag.py:3823} INFO - Setting next_dagrun for streamflow_main to None, run_after=None
[2026-01-20T04:36:11.974+0000] {processor.py:183} INFO - Processing /opt/airflow/dags/dag_streamflow.py took 0.072 seconds
[2026-01-20T04:36:44.211+0000] {processor.py:161} INFO - Started process (PID=7380) to work on /opt/airflow/dags/dag_streamflow.py
[2026-01-20T04:36:44.213+0000] {processor.py:830} INFO - Processing file /opt/airflow/dags/dag_streamflow.py for tasks to queue
[2026-01-20T04:36:44.214+0000] {logging_mixin.py:188} INFO - [2026-01-20T04:36:44.214+0000] {dagbag.py:538} INFO - Filling up the DagBag from /opt/airflow/dags/dag_streamflow.py
[2026-01-20T04:36:44.242+0000] {processor.py:840} INFO - DAG(s) 'streamflow_main' retrieved from /opt/airflow/dags/dag_streamflow.py
[2026-01-20T04:36:44.276+0000] {logging_mixin.py:188} INFO - [2026-01-20T04:36:44.276+0000] {dag.py:3036} INFO - Sync 1 DAGs
[2026-01-20T04:36:44.291+0000] {logging_mixin.py:188} INFO - [2026-01-20T04:36:44.291+0000] {dag.py:3823} INFO - Setting next_dagrun for streamflow_main to None, run_after=None
[2026-01-20T04:36:44.322+0000] {processor.py:183} INFO - Processing /opt/airflow/dags/dag_streamflow.py took 0.116 seconds
[2026-01-20T04:37:16.521+0000] {processor.py:161} INFO - Started process (PID=7392) to work on /opt/airflow/dags/dag_streamflow.py
[2026-01-20T04:37:16.523+0000] {processor.py:830} INFO - Processing file /opt/airflow/dags/dag_streamflow.py for tasks to queue
[2026-01-20T04:37:16.524+0000] {logging_mixin.py:188} INFO - [2026-01-20T04:37:16.524+0000] {dagbag.py:538} INFO - Filling up the DagBag from /opt/airflow/dags/dag_streamflow.py
[2026-01-20T04:37:16.563+0000] {processor.py:840} INFO - DAG(s) 'streamflow_main' retrieved from /opt/airflow/dags/dag_streamflow.py
[2026-01-20T04:37:16.599+0000] {logging_mixin.py:188} INFO - [2026-01-20T04:37:16.599+0000] {dag.py:3036} INFO - Sync 1 DAGs
[2026-01-20T04:37:16.612+0000] {logging_mixin.py:188} INFO - [2026-01-20T04:37:16.612+0000] {dag.py:3823} INFO - Setting next_dagrun for streamflow_main to None, run_after=None
[2026-01-20T04:37:16.639+0000] {processor.py:183} INFO - Processing /opt/airflow/dags/dag_streamflow.py took 0.122 seconds
[2026-01-20T04:37:48.036+0000] {processor.py:161} INFO - Started process (PID=7626) to work on /opt/airflow/dags/dag_streamflow.py
[2026-01-20T04:37:48.039+0000] {processor.py:830} INFO - Processing file /opt/airflow/dags/dag_streamflow.py for tasks to queue
[2026-01-20T04:37:48.042+0000] {logging_mixin.py:188} INFO - [2026-01-20T04:37:48.040+0000] {dagbag.py:538} INFO - Filling up the DagBag from /opt/airflow/dags/dag_streamflow.py
[2026-01-20T04:37:48.101+0000] {processor.py:840} INFO - DAG(s) 'streamflow_main' retrieved from /opt/airflow/dags/dag_streamflow.py
[2026-01-20T04:37:48.194+0000] {logging_mixin.py:188} INFO - [2026-01-20T04:37:48.194+0000] {dag.py:3036} INFO - Sync 1 DAGs
[2026-01-20T04:37:48.230+0000] {logging_mixin.py:188} INFO - [2026-01-20T04:37:48.229+0000] {dag.py:3823} INFO - Setting next_dagrun for streamflow_main to None, run_after=None
[2026-01-20T04:37:48.287+0000] {processor.py:183} INFO - Processing /opt/airflow/dags/dag_streamflow.py took 0.260 seconds
[2026-01-20T04:38:20.356+0000] {processor.py:161} INFO - Started process (PID=7846) to work on /opt/airflow/dags/dag_streamflow.py
[2026-01-20T04:38:20.358+0000] {processor.py:830} INFO - Processing file /opt/airflow/dags/dag_streamflow.py for tasks to queue
[2026-01-20T04:38:20.359+0000] {logging_mixin.py:188} INFO - [2026-01-20T04:38:20.359+0000] {dagbag.py:538} INFO - Filling up the DagBag from /opt/airflow/dags/dag_streamflow.py
[2026-01-20T04:38:20.390+0000] {processor.py:840} INFO - DAG(s) 'streamflow_main' retrieved from /opt/airflow/dags/dag_streamflow.py
[2026-01-20T04:38:20.440+0000] {logging_mixin.py:188} INFO - [2026-01-20T04:38:20.440+0000] {dag.py:3036} INFO - Sync 1 DAGs
[2026-01-20T04:38:20.466+0000] {logging_mixin.py:188} INFO - [2026-01-20T04:38:20.466+0000] {dag.py:3823} INFO - Setting next_dagrun for streamflow_main to None, run_after=None
[2026-01-20T04:38:20.505+0000] {processor.py:183} INFO - Processing /opt/airflow/dags/dag_streamflow.py took 0.154 seconds
[2026-01-20T04:38:52.634+0000] {processor.py:161} INFO - Started process (PID=8023) to work on /opt/airflow/dags/dag_streamflow.py
[2026-01-20T04:38:52.636+0000] {processor.py:830} INFO - Processing file /opt/airflow/dags/dag_streamflow.py for tasks to queue
[2026-01-20T04:38:52.637+0000] {logging_mixin.py:188} INFO - [2026-01-20T04:38:52.637+0000] {dagbag.py:538} INFO - Filling up the DagBag from /opt/airflow/dags/dag_streamflow.py
[2026-01-20T04:38:52.664+0000] {processor.py:840} INFO - DAG(s) 'streamflow_main' retrieved from /opt/airflow/dags/dag_streamflow.py
[2026-01-20T04:38:52.703+0000] {logging_mixin.py:188} INFO - [2026-01-20T04:38:52.703+0000] {dag.py:3036} INFO - Sync 1 DAGs
[2026-01-20T04:38:52.718+0000] {logging_mixin.py:188} INFO - [2026-01-20T04:38:52.718+0000] {dag.py:3823} INFO - Setting next_dagrun for streamflow_main to None, run_after=None
[2026-01-20T04:38:52.741+0000] {processor.py:183} INFO - Processing /opt/airflow/dags/dag_streamflow.py took 0.111 seconds
[2026-01-20T04:39:25.057+0000] {processor.py:161} INFO - Started process (PID=8302) to work on /opt/airflow/dags/dag_streamflow.py
[2026-01-20T04:39:25.059+0000] {processor.py:830} INFO - Processing file /opt/airflow/dags/dag_streamflow.py for tasks to queue
[2026-01-20T04:39:25.060+0000] {logging_mixin.py:188} INFO - [2026-01-20T04:39:25.059+0000] {dagbag.py:538} INFO - Filling up the DagBag from /opt/airflow/dags/dag_streamflow.py
[2026-01-20T04:39:25.082+0000] {processor.py:840} INFO - DAG(s) 'streamflow_main' retrieved from /opt/airflow/dags/dag_streamflow.py
[2026-01-20T04:39:25.106+0000] {logging_mixin.py:188} INFO - [2026-01-20T04:39:25.105+0000] {dag.py:3036} INFO - Sync 1 DAGs
[2026-01-20T04:39:25.118+0000] {logging_mixin.py:188} INFO - [2026-01-20T04:39:25.117+0000] {dag.py:3823} INFO - Setting next_dagrun for streamflow_main to None, run_after=None
[2026-01-20T04:39:25.138+0000] {processor.py:183} INFO - Processing /opt/airflow/dags/dag_streamflow.py took 0.084 seconds
[2026-01-20T04:39:55.267+0000] {processor.py:161} INFO - Started process (PID=8314) to work on /opt/airflow/dags/dag_streamflow.py
[2026-01-20T04:39:55.269+0000] {processor.py:830} INFO - Processing file /opt/airflow/dags/dag_streamflow.py for tasks to queue
[2026-01-20T04:39:56.419+0000] {logging_mixin.py:188} INFO - [2026-01-20T04:39:56.419+0000] {dagbag.py:538} INFO - Filling up the DagBag from /opt/airflow/dags/dag_streamflow.py
[2026-01-20T04:39:56.455+0000] {processor.py:840} INFO - DAG(s) 'streamflow_main' retrieved from /opt/airflow/dags/dag_streamflow.py
[2026-01-20T04:39:56.492+0000] {logging_mixin.py:188} INFO - [2026-01-20T04:39:56.491+0000] {dag.py:3036} INFO - Sync 1 DAGs
[2026-01-20T04:39:56.508+0000] {logging_mixin.py:188} INFO - [2026-01-20T04:39:56.508+0000] {dag.py:3823} INFO - Setting next_dagrun for streamflow_main to None, run_after=None
[2026-01-20T04:39:56.534+0000] {processor.py:183} INFO - Processing /opt/airflow/dags/dag_streamflow.py took 0.121 seconds
[2026-01-20T04:40:28.777+0000] {processor.py:161} INFO - Started process (PID=8326) to work on /opt/airflow/dags/dag_streamflow.py
[2026-01-20T04:40:28.778+0000] {processor.py:830} INFO - Processing file /opt/airflow/dags/dag_streamflow.py for tasks to queue
[2026-01-20T04:40:28.779+0000] {logging_mixin.py:188} INFO - [2026-01-20T04:40:28.779+0000] {dagbag.py:538} INFO - Filling up the DagBag from /opt/airflow/dags/dag_streamflow.py
[2026-01-20T04:40:28.791+0000] {processor.py:840} INFO - DAG(s) 'streamflow_main' retrieved from /opt/airflow/dags/dag_streamflow.py
[2026-01-20T04:40:28.811+0000] {logging_mixin.py:188} INFO - [2026-01-20T04:40:28.810+0000] {dag.py:3036} INFO - Sync 1 DAGs
[2026-01-20T04:40:28.822+0000] {logging_mixin.py:188} INFO - [2026-01-20T04:40:28.822+0000] {dag.py:3823} INFO - Setting next_dagrun for streamflow_main to None, run_after=None
[2026-01-20T04:40:28.843+0000] {processor.py:183} INFO - Processing /opt/airflow/dags/dag_streamflow.py took 0.069 seconds
[2026-01-20T04:41:01.012+0000] {processor.py:161} INFO - Started process (PID=8338) to work on /opt/airflow/dags/dag_streamflow.py
[2026-01-20T04:41:01.012+0000] {processor.py:830} INFO - Processing file /opt/airflow/dags/dag_streamflow.py for tasks to queue
[2026-01-20T04:41:01.013+0000] {logging_mixin.py:188} INFO - [2026-01-20T04:41:01.013+0000] {dagbag.py:538} INFO - Filling up the DagBag from /opt/airflow/dags/dag_streamflow.py
[2026-01-20T04:41:01.026+0000] {processor.py:840} INFO - DAG(s) 'streamflow_main' retrieved from /opt/airflow/dags/dag_streamflow.py
[2026-01-20T04:41:01.055+0000] {logging_mixin.py:188} INFO - [2026-01-20T04:41:01.055+0000] {dag.py:3036} INFO - Sync 1 DAGs
[2026-01-20T04:41:01.066+0000] {logging_mixin.py:188} INFO - [2026-01-20T04:41:01.066+0000] {dag.py:3823} INFO - Setting next_dagrun for streamflow_main to None, run_after=None
[2026-01-20T04:41:01.089+0000] {processor.py:183} INFO - Processing /opt/airflow/dags/dag_streamflow.py took 0.080 seconds
[2026-01-20T04:41:33.354+0000] {processor.py:161} INFO - Started process (PID=8350) to work on /opt/airflow/dags/dag_streamflow.py
[2026-01-20T04:41:33.356+0000] {processor.py:830} INFO - Processing file /opt/airflow/dags/dag_streamflow.py for tasks to queue
[2026-01-20T04:41:33.357+0000] {logging_mixin.py:188} INFO - [2026-01-20T04:41:33.357+0000] {dagbag.py:538} INFO - Filling up the DagBag from /opt/airflow/dags/dag_streamflow.py
[2026-01-20T04:41:33.388+0000] {processor.py:840} INFO - DAG(s) 'streamflow_main' retrieved from /opt/airflow/dags/dag_streamflow.py
[2026-01-20T04:41:33.418+0000] {logging_mixin.py:188} INFO - [2026-01-20T04:41:33.417+0000] {dag.py:3036} INFO - Sync 1 DAGs
[2026-01-20T04:41:33.431+0000] {logging_mixin.py:188} INFO - [2026-01-20T04:41:33.431+0000] {dag.py:3823} INFO - Setting next_dagrun for streamflow_main to None, run_after=None
[2026-01-20T04:41:33.454+0000] {processor.py:183} INFO - Processing /opt/airflow/dags/dag_streamflow.py took 0.103 seconds
[2026-01-20T04:42:05.762+0000] {processor.py:161} INFO - Started process (PID=8362) to work on /opt/airflow/dags/dag_streamflow.py
[2026-01-20T04:42:05.764+0000] {processor.py:830} INFO - Processing file /opt/airflow/dags/dag_streamflow.py for tasks to queue
[2026-01-20T04:42:05.766+0000] {logging_mixin.py:188} INFO - [2026-01-20T04:42:05.765+0000] {dagbag.py:538} INFO - Filling up the DagBag from /opt/airflow/dags/dag_streamflow.py
[2026-01-20T04:42:05.792+0000] {processor.py:840} INFO - DAG(s) 'streamflow_main' retrieved from /opt/airflow/dags/dag_streamflow.py
[2026-01-20T04:42:05.820+0000] {logging_mixin.py:188} INFO - [2026-01-20T04:42:05.820+0000] {dag.py:3036} INFO - Sync 1 DAGs
[2026-01-20T04:42:05.832+0000] {logging_mixin.py:188} INFO - [2026-01-20T04:42:05.832+0000] {dag.py:3823} INFO - Setting next_dagrun for streamflow_main to None, run_after=None
[2026-01-20T04:42:05.856+0000] {processor.py:183} INFO - Processing /opt/airflow/dags/dag_streamflow.py took 0.097 seconds
[2026-01-20T04:42:37.139+0000] {processor.py:161} INFO - Started process (PID=8374) to work on /opt/airflow/dags/dag_streamflow.py
[2026-01-20T04:42:37.140+0000] {processor.py:830} INFO - Processing file /opt/airflow/dags/dag_streamflow.py for tasks to queue
[2026-01-20T04:42:37.141+0000] {logging_mixin.py:188} INFO - [2026-01-20T04:42:37.141+0000] {dagbag.py:538} INFO - Filling up the DagBag from /opt/airflow/dags/dag_streamflow.py
[2026-01-20T04:42:37.154+0000] {processor.py:840} INFO - DAG(s) 'streamflow_main' retrieved from /opt/airflow/dags/dag_streamflow.py
[2026-01-20T04:42:37.175+0000] {logging_mixin.py:188} INFO - [2026-01-20T04:42:37.175+0000] {dag.py:3036} INFO - Sync 1 DAGs
[2026-01-20T04:42:37.187+0000] {logging_mixin.py:188} INFO - [2026-01-20T04:42:37.186+0000] {dag.py:3823} INFO - Setting next_dagrun for streamflow_main to None, run_after=None
[2026-01-20T04:42:37.206+0000] {processor.py:183} INFO - Processing /opt/airflow/dags/dag_streamflow.py took 0.069 seconds
[2026-01-20T04:43:09.449+0000] {processor.py:161} INFO - Started process (PID=8386) to work on /opt/airflow/dags/dag_streamflow.py
[2026-01-20T04:43:09.450+0000] {processor.py:830} INFO - Processing file /opt/airflow/dags/dag_streamflow.py for tasks to queue
[2026-01-20T04:43:09.452+0000] {logging_mixin.py:188} INFO - [2026-01-20T04:43:09.451+0000] {dagbag.py:538} INFO - Filling up the DagBag from /opt/airflow/dags/dag_streamflow.py
[2026-01-20T04:43:09.483+0000] {processor.py:840} INFO - DAG(s) 'streamflow_main' retrieved from /opt/airflow/dags/dag_streamflow.py
[2026-01-20T04:43:09.522+0000] {logging_mixin.py:188} INFO - [2026-01-20T04:43:09.521+0000] {dag.py:3036} INFO - Sync 1 DAGs
[2026-01-20T04:43:09.538+0000] {logging_mixin.py:188} INFO - [2026-01-20T04:43:09.537+0000] {dag.py:3823} INFO - Setting next_dagrun for streamflow_main to None, run_after=None
[2026-01-20T04:43:09.568+0000] {processor.py:183} INFO - Processing /opt/airflow/dags/dag_streamflow.py took 0.123 seconds
[2026-01-20T04:43:41.800+0000] {processor.py:161} INFO - Started process (PID=8398) to work on /opt/airflow/dags/dag_streamflow.py
[2026-01-20T04:43:41.801+0000] {processor.py:830} INFO - Processing file /opt/airflow/dags/dag_streamflow.py for tasks to queue
[2026-01-20T04:43:41.802+0000] {logging_mixin.py:188} INFO - [2026-01-20T04:43:41.802+0000] {dagbag.py:538} INFO - Filling up the DagBag from /opt/airflow/dags/dag_streamflow.py
[2026-01-20T04:43:41.823+0000] {processor.py:840} INFO - DAG(s) 'streamflow_main' retrieved from /opt/airflow/dags/dag_streamflow.py
[2026-01-20T04:43:41.849+0000] {logging_mixin.py:188} INFO - [2026-01-20T04:43:41.849+0000] {dag.py:3036} INFO - Sync 1 DAGs
[2026-01-20T04:43:41.862+0000] {logging_mixin.py:188} INFO - [2026-01-20T04:43:41.862+0000] {dag.py:3823} INFO - Setting next_dagrun for streamflow_main to None, run_after=None
[2026-01-20T04:43:41.884+0000] {processor.py:183} INFO - Processing /opt/airflow/dags/dag_streamflow.py took 0.088 seconds
[2026-01-20T04:44:14.163+0000] {processor.py:161} INFO - Started process (PID=8410) to work on /opt/airflow/dags/dag_streamflow.py
[2026-01-20T04:44:14.164+0000] {processor.py:830} INFO - Processing file /opt/airflow/dags/dag_streamflow.py for tasks to queue
[2026-01-20T04:44:14.165+0000] {logging_mixin.py:188} INFO - [2026-01-20T04:44:14.165+0000] {dagbag.py:538} INFO - Filling up the DagBag from /opt/airflow/dags/dag_streamflow.py
[2026-01-20T04:44:14.187+0000] {processor.py:840} INFO - DAG(s) 'streamflow_main' retrieved from /opt/airflow/dags/dag_streamflow.py
[2026-01-20T04:44:14.215+0000] {logging_mixin.py:188} INFO - [2026-01-20T04:44:14.214+0000] {dag.py:3036} INFO - Sync 1 DAGs
[2026-01-20T04:44:14.228+0000] {logging_mixin.py:188} INFO - [2026-01-20T04:44:14.228+0000] {dag.py:3823} INFO - Setting next_dagrun for streamflow_main to None, run_after=None
[2026-01-20T04:44:14.253+0000] {processor.py:183} INFO - Processing /opt/airflow/dags/dag_streamflow.py took 0.094 seconds
[2026-01-20T04:44:44.361+0000] {processor.py:161} INFO - Started process (PID=8422) to work on /opt/airflow/dags/dag_streamflow.py
[2026-01-20T04:44:44.362+0000] {processor.py:830} INFO - Processing file /opt/airflow/dags/dag_streamflow.py for tasks to queue
[2026-01-20T04:44:44.363+0000] {logging_mixin.py:188} INFO - [2026-01-20T04:44:44.363+0000] {dagbag.py:538} INFO - Filling up the DagBag from /opt/airflow/dags/dag_streamflow.py
[2026-01-20T04:44:44.378+0000] {processor.py:840} INFO - DAG(s) 'streamflow_main' retrieved from /opt/airflow/dags/dag_streamflow.py
[2026-01-20T04:44:44.401+0000] {logging_mixin.py:188} INFO - [2026-01-20T04:44:44.400+0000] {dag.py:3036} INFO - Sync 1 DAGs
[2026-01-20T04:44:45.556+0000] {logging_mixin.py:188} INFO - [2026-01-20T04:44:45.556+0000] {dag.py:3823} INFO - Setting next_dagrun for streamflow_main to None, run_after=None
[2026-01-20T04:44:45.583+0000] {processor.py:183} INFO - Processing /opt/airflow/dags/dag_streamflow.py took 0.082 seconds
[2026-01-20T04:45:17.832+0000] {processor.py:161} INFO - Started process (PID=8434) to work on /opt/airflow/dags/dag_streamflow.py
[2026-01-20T04:45:17.834+0000] {processor.py:830} INFO - Processing file /opt/airflow/dags/dag_streamflow.py for tasks to queue
[2026-01-20T04:45:17.835+0000] {logging_mixin.py:188} INFO - [2026-01-20T04:45:17.835+0000] {dagbag.py:538} INFO - Filling up the DagBag from /opt/airflow/dags/dag_streamflow.py
[2026-01-20T04:45:17.864+0000] {processor.py:840} INFO - DAG(s) 'streamflow_main' retrieved from /opt/airflow/dags/dag_streamflow.py
[2026-01-20T04:45:17.887+0000] {logging_mixin.py:188} INFO - [2026-01-20T04:45:17.887+0000] {dag.py:3036} INFO - Sync 1 DAGs
[2026-01-20T04:45:17.898+0000] {logging_mixin.py:188} INFO - [2026-01-20T04:45:17.898+0000] {dag.py:3823} INFO - Setting next_dagrun for streamflow_main to None, run_after=None
[2026-01-20T04:45:17.920+0000] {processor.py:183} INFO - Processing /opt/airflow/dags/dag_streamflow.py took 0.091 seconds
[2026-01-20T04:45:50.256+0000] {processor.py:161} INFO - Started process (PID=8771) to work on /opt/airflow/dags/dag_streamflow.py
[2026-01-20T04:45:50.259+0000] {processor.py:830} INFO - Processing file /opt/airflow/dags/dag_streamflow.py for tasks to queue
[2026-01-20T04:45:50.265+0000] {logging_mixin.py:188} INFO - [2026-01-20T04:45:50.261+0000] {dagbag.py:538} INFO - Filling up the DagBag from /opt/airflow/dags/dag_streamflow.py
[2026-01-20T04:45:50.319+0000] {processor.py:840} INFO - DAG(s) 'streamflow_main' retrieved from /opt/airflow/dags/dag_streamflow.py
[2026-01-20T04:45:50.393+0000] {logging_mixin.py:188} INFO - [2026-01-20T04:45:50.393+0000] {dag.py:3036} INFO - Sync 1 DAGs
[2026-01-20T04:45:50.418+0000] {logging_mixin.py:188} INFO - [2026-01-20T04:45:50.418+0000] {dag.py:3823} INFO - Setting next_dagrun for streamflow_main to None, run_after=None
[2026-01-20T04:45:50.470+0000] {processor.py:183} INFO - Processing /opt/airflow/dags/dag_streamflow.py took 0.221 seconds
[2026-01-20T04:46:20.677+0000] {processor.py:161} INFO - Started process (PID=8876) to work on /opt/airflow/dags/dag_streamflow.py
[2026-01-20T04:46:20.678+0000] {processor.py:830} INFO - Processing file /opt/airflow/dags/dag_streamflow.py for tasks to queue
[2026-01-20T04:46:20.679+0000] {logging_mixin.py:188} INFO - [2026-01-20T04:46:20.679+0000] {dagbag.py:538} INFO - Filling up the DagBag from /opt/airflow/dags/dag_streamflow.py
[2026-01-20T04:46:20.693+0000] {processor.py:840} INFO - DAG(s) 'streamflow_main' retrieved from /opt/airflow/dags/dag_streamflow.py
[2026-01-20T04:46:20.717+0000] {logging_mixin.py:188} INFO - [2026-01-20T04:46:20.717+0000] {dag.py:3036} INFO - Sync 1 DAGs
[2026-01-20T04:46:20.728+0000] {logging_mixin.py:188} INFO - [2026-01-20T04:46:20.728+0000] {dag.py:3823} INFO - Setting next_dagrun for streamflow_main to None, run_after=None
[2026-01-20T04:46:21.898+0000] {processor.py:183} INFO - Processing /opt/airflow/dags/dag_streamflow.py took 0.082 seconds
[2026-01-20T04:46:54.157+0000] {processor.py:161} INFO - Started process (PID=8888) to work on /opt/airflow/dags/dag_streamflow.py
[2026-01-20T04:46:54.158+0000] {processor.py:830} INFO - Processing file /opt/airflow/dags/dag_streamflow.py for tasks to queue
[2026-01-20T04:46:54.158+0000] {logging_mixin.py:188} INFO - [2026-01-20T04:46:54.158+0000] {dagbag.py:538} INFO - Filling up the DagBag from /opt/airflow/dags/dag_streamflow.py
[2026-01-20T04:46:54.172+0000] {processor.py:840} INFO - DAG(s) 'streamflow_main' retrieved from /opt/airflow/dags/dag_streamflow.py
[2026-01-20T04:46:54.193+0000] {logging_mixin.py:188} INFO - [2026-01-20T04:46:54.193+0000] {dag.py:3036} INFO - Sync 1 DAGs
[2026-01-20T04:46:54.203+0000] {logging_mixin.py:188} INFO - [2026-01-20T04:46:54.203+0000] {dag.py:3823} INFO - Setting next_dagrun for streamflow_main to None, run_after=None
[2026-01-20T04:46:54.222+0000] {processor.py:183} INFO - Processing /opt/airflow/dags/dag_streamflow.py took 0.068 seconds
[2026-01-20T04:47:26.497+0000] {processor.py:161} INFO - Started process (PID=9119) to work on /opt/airflow/dags/dag_streamflow.py
[2026-01-20T04:47:26.499+0000] {processor.py:830} INFO - Processing file /opt/airflow/dags/dag_streamflow.py for tasks to queue
[2026-01-20T04:47:26.501+0000] {logging_mixin.py:188} INFO - [2026-01-20T04:47:26.500+0000] {dagbag.py:538} INFO - Filling up the DagBag from /opt/airflow/dags/dag_streamflow.py
[2026-01-20T04:47:26.546+0000] {processor.py:840} INFO - DAG(s) 'streamflow_main' retrieved from /opt/airflow/dags/dag_streamflow.py
[2026-01-20T04:47:26.591+0000] {logging_mixin.py:188} INFO - [2026-01-20T04:47:26.591+0000] {dag.py:3036} INFO - Sync 1 DAGs
[2026-01-20T04:47:26.617+0000] {logging_mixin.py:188} INFO - [2026-01-20T04:47:26.617+0000] {dag.py:3823} INFO - Setting next_dagrun for streamflow_main to None, run_after=None
[2026-01-20T04:47:26.681+0000] {processor.py:183} INFO - Processing /opt/airflow/dags/dag_streamflow.py took 0.189 seconds
[2026-01-20T04:47:58.748+0000] {processor.py:161} INFO - Started process (PID=9346) to work on /opt/airflow/dags/dag_streamflow.py
[2026-01-20T04:47:58.749+0000] {processor.py:830} INFO - Processing file /opt/airflow/dags/dag_streamflow.py for tasks to queue
[2026-01-20T04:47:58.750+0000] {logging_mixin.py:188} INFO - [2026-01-20T04:47:58.750+0000] {dagbag.py:538} INFO - Filling up the DagBag from /opt/airflow/dags/dag_streamflow.py
[2026-01-20T04:47:58.767+0000] {processor.py:840} INFO - DAG(s) 'streamflow_main' retrieved from /opt/airflow/dags/dag_streamflow.py
[2026-01-20T04:47:58.791+0000] {logging_mixin.py:188} INFO - [2026-01-20T04:47:58.791+0000] {dag.py:3036} INFO - Sync 1 DAGs
[2026-01-20T04:47:58.802+0000] {logging_mixin.py:188} INFO - [2026-01-20T04:47:58.802+0000] {dag.py:3823} INFO - Setting next_dagrun for streamflow_main to None, run_after=None
[2026-01-20T04:47:58.821+0000] {processor.py:183} INFO - Processing /opt/airflow/dags/dag_streamflow.py took 0.076 seconds
[2026-01-20T04:48:31.088+0000] {processor.py:161} INFO - Started process (PID=9795) to work on /opt/airflow/dags/dag_streamflow.py
[2026-01-20T04:48:31.090+0000] {processor.py:830} INFO - Processing file /opt/airflow/dags/dag_streamflow.py for tasks to queue
[2026-01-20T04:48:31.092+0000] {logging_mixin.py:188} INFO - [2026-01-20T04:48:31.091+0000] {dagbag.py:538} INFO - Filling up the DagBag from /opt/airflow/dags/dag_streamflow.py
[2026-01-20T04:48:31.127+0000] {processor.py:840} INFO - DAG(s) 'streamflow_main' retrieved from /opt/airflow/dags/dag_streamflow.py
[2026-01-20T04:48:31.161+0000] {logging_mixin.py:188} INFO - [2026-01-20T04:48:31.161+0000] {dag.py:3036} INFO - Sync 1 DAGs
[2026-01-20T04:48:31.177+0000] {logging_mixin.py:188} INFO - [2026-01-20T04:48:31.177+0000] {dag.py:3823} INFO - Setting next_dagrun for streamflow_main to None, run_after=None
[2026-01-20T04:48:31.206+0000] {processor.py:183} INFO - Processing /opt/airflow/dags/dag_streamflow.py took 0.123 seconds
[2026-01-20T04:49:02.481+0000] {processor.py:161} INFO - Started process (PID=9807) to work on /opt/airflow/dags/dag_streamflow.py
[2026-01-20T04:49:02.483+0000] {processor.py:830} INFO - Processing file /opt/airflow/dags/dag_streamflow.py for tasks to queue
[2026-01-20T04:49:02.485+0000] {logging_mixin.py:188} INFO - [2026-01-20T04:49:02.484+0000] {dagbag.py:538} INFO - Filling up the DagBag from /opt/airflow/dags/dag_streamflow.py
[2026-01-20T04:49:02.512+0000] {processor.py:840} INFO - DAG(s) 'streamflow_main' retrieved from /opt/airflow/dags/dag_streamflow.py
[2026-01-20T04:49:02.544+0000] {logging_mixin.py:188} INFO - [2026-01-20T04:49:02.543+0000] {dag.py:3036} INFO - Sync 1 DAGs
[2026-01-20T04:49:02.558+0000] {logging_mixin.py:188} INFO - [2026-01-20T04:49:02.558+0000] {dag.py:3823} INFO - Setting next_dagrun for streamflow_main to None, run_after=None
[2026-01-20T04:49:02.584+0000] {processor.py:183} INFO - Processing /opt/airflow/dags/dag_streamflow.py took 0.107 seconds
[2026-01-20T04:49:34.760+0000] {processor.py:161} INFO - Started process (PID=9819) to work on /opt/airflow/dags/dag_streamflow.py
[2026-01-20T04:49:34.761+0000] {processor.py:830} INFO - Processing file /opt/airflow/dags/dag_streamflow.py for tasks to queue
[2026-01-20T04:49:34.762+0000] {logging_mixin.py:188} INFO - [2026-01-20T04:49:34.762+0000] {dagbag.py:538} INFO - Filling up the DagBag from /opt/airflow/dags/dag_streamflow.py
[2026-01-20T04:49:34.777+0000] {processor.py:840} INFO - DAG(s) 'streamflow_main' retrieved from /opt/airflow/dags/dag_streamflow.py
[2026-01-20T04:49:34.798+0000] {logging_mixin.py:188} INFO - [2026-01-20T04:49:34.798+0000] {dag.py:3036} INFO - Sync 1 DAGs
[2026-01-20T04:49:34.808+0000] {logging_mixin.py:188} INFO - [2026-01-20T04:49:34.808+0000] {dag.py:3823} INFO - Setting next_dagrun for streamflow_main to None, run_after=None
[2026-01-20T04:49:34.826+0000] {processor.py:183} INFO - Processing /opt/airflow/dags/dag_streamflow.py took 0.068 seconds
[2026-01-20T04:50:07.078+0000] {processor.py:161} INFO - Started process (PID=9831) to work on /opt/airflow/dags/dag_streamflow.py
[2026-01-20T04:50:07.079+0000] {processor.py:830} INFO - Processing file /opt/airflow/dags/dag_streamflow.py for tasks to queue
[2026-01-20T04:50:07.080+0000] {logging_mixin.py:188} INFO - [2026-01-20T04:50:07.080+0000] {dagbag.py:538} INFO - Filling up the DagBag from /opt/airflow/dags/dag_streamflow.py
[2026-01-20T04:50:07.096+0000] {processor.py:840} INFO - DAG(s) 'streamflow_main' retrieved from /opt/airflow/dags/dag_streamflow.py
[2026-01-20T04:50:07.118+0000] {logging_mixin.py:188} INFO - [2026-01-20T04:50:07.118+0000] {dag.py:3036} INFO - Sync 1 DAGs
[2026-01-20T04:50:07.130+0000] {logging_mixin.py:188} INFO - [2026-01-20T04:50:07.130+0000] {dag.py:3823} INFO - Setting next_dagrun for streamflow_main to None, run_after=None
[2026-01-20T04:50:07.151+0000] {processor.py:183} INFO - Processing /opt/airflow/dags/dag_streamflow.py took 0.075 seconds
[2026-01-20T04:50:39.421+0000] {processor.py:161} INFO - Started process (PID=9843) to work on /opt/airflow/dags/dag_streamflow.py
[2026-01-20T04:50:39.422+0000] {processor.py:830} INFO - Processing file /opt/airflow/dags/dag_streamflow.py for tasks to queue
[2026-01-20T04:50:39.423+0000] {logging_mixin.py:188} INFO - [2026-01-20T04:50:39.423+0000] {dagbag.py:538} INFO - Filling up the DagBag from /opt/airflow/dags/dag_streamflow.py
[2026-01-20T04:50:39.443+0000] {processor.py:840} INFO - DAG(s) 'streamflow_main' retrieved from /opt/airflow/dags/dag_streamflow.py
[2026-01-20T04:50:39.466+0000] {logging_mixin.py:188} INFO - [2026-01-20T04:50:39.466+0000] {dag.py:3036} INFO - Sync 1 DAGs
[2026-01-20T04:50:39.478+0000] {logging_mixin.py:188} INFO - [2026-01-20T04:50:39.478+0000] {dag.py:3823} INFO - Setting next_dagrun for streamflow_main to None, run_after=None
[2026-01-20T04:50:39.496+0000] {processor.py:183} INFO - Processing /opt/airflow/dags/dag_streamflow.py took 0.078 seconds
[2026-01-20T04:51:09.700+0000] {processor.py:161} INFO - Started process (PID=9855) to work on /opt/airflow/dags/dag_streamflow.py
[2026-01-20T04:51:09.701+0000] {processor.py:830} INFO - Processing file /opt/airflow/dags/dag_streamflow.py for tasks to queue
[2026-01-20T04:51:09.702+0000] {logging_mixin.py:188} INFO - [2026-01-20T04:51:09.702+0000] {dagbag.py:538} INFO - Filling up the DagBag from /opt/airflow/dags/dag_streamflow.py
[2026-01-20T04:51:09.722+0000] {processor.py:840} INFO - DAG(s) 'streamflow_main' retrieved from /opt/airflow/dags/dag_streamflow.py
[2026-01-20T04:51:10.885+0000] {logging_mixin.py:188} INFO - [2026-01-20T04:51:10.885+0000] {dag.py:3036} INFO - Sync 1 DAGs
[2026-01-20T04:51:10.898+0000] {logging_mixin.py:188} INFO - [2026-01-20T04:51:10.898+0000] {dag.py:3823} INFO - Setting next_dagrun for streamflow_main to None, run_after=None
[2026-01-20T04:51:10.923+0000] {processor.py:183} INFO - Processing /opt/airflow/dags/dag_streamflow.py took 0.091 seconds
[2026-01-20T04:51:43.111+0000] {processor.py:161} INFO - Started process (PID=9867) to work on /opt/airflow/dags/dag_streamflow.py
[2026-01-20T04:51:43.114+0000] {processor.py:830} INFO - Processing file /opt/airflow/dags/dag_streamflow.py for tasks to queue
[2026-01-20T04:51:43.115+0000] {logging_mixin.py:188} INFO - [2026-01-20T04:51:43.114+0000] {dagbag.py:538} INFO - Filling up the DagBag from /opt/airflow/dags/dag_streamflow.py
[2026-01-20T04:51:43.135+0000] {processor.py:840} INFO - DAG(s) 'streamflow_main' retrieved from /opt/airflow/dags/dag_streamflow.py
[2026-01-20T04:51:43.162+0000] {logging_mixin.py:188} INFO - [2026-01-20T04:51:43.161+0000] {dag.py:3036} INFO - Sync 1 DAGs
[2026-01-20T04:51:43.176+0000] {logging_mixin.py:188} INFO - [2026-01-20T04:51:43.175+0000] {dag.py:3823} INFO - Setting next_dagrun for streamflow_main to None, run_after=None
[2026-01-20T04:51:43.205+0000] {processor.py:183} INFO - Processing /opt/airflow/dags/dag_streamflow.py took 0.097 seconds
[2026-01-20T04:52:15.389+0000] {processor.py:161} INFO - Started process (PID=9879) to work on /opt/airflow/dags/dag_streamflow.py
[2026-01-20T04:52:15.390+0000] {processor.py:830} INFO - Processing file /opt/airflow/dags/dag_streamflow.py for tasks to queue
[2026-01-20T04:52:15.391+0000] {logging_mixin.py:188} INFO - [2026-01-20T04:52:15.390+0000] {dagbag.py:538} INFO - Filling up the DagBag from /opt/airflow/dags/dag_streamflow.py
[2026-01-20T04:52:15.405+0000] {processor.py:840} INFO - DAG(s) 'streamflow_main' retrieved from /opt/airflow/dags/dag_streamflow.py
[2026-01-20T04:52:15.426+0000] {logging_mixin.py:188} INFO - [2026-01-20T04:52:15.425+0000] {dag.py:3036} INFO - Sync 1 DAGs
[2026-01-20T04:52:15.436+0000] {logging_mixin.py:188} INFO - [2026-01-20T04:52:15.436+0000] {dag.py:3823} INFO - Setting next_dagrun for streamflow_main to None, run_after=None
[2026-01-20T04:52:15.456+0000] {processor.py:183} INFO - Processing /opt/airflow/dags/dag_streamflow.py took 0.070 seconds
[2026-01-20T04:52:47.723+0000] {processor.py:161} INFO - Started process (PID=9891) to work on /opt/airflow/dags/dag_streamflow.py
[2026-01-20T04:52:47.724+0000] {processor.py:830} INFO - Processing file /opt/airflow/dags/dag_streamflow.py for tasks to queue
[2026-01-20T04:52:47.725+0000] {logging_mixin.py:188} INFO - [2026-01-20T04:52:47.725+0000] {dagbag.py:538} INFO - Filling up the DagBag from /opt/airflow/dags/dag_streamflow.py
[2026-01-20T04:52:47.743+0000] {processor.py:840} INFO - DAG(s) 'streamflow_main' retrieved from /opt/airflow/dags/dag_streamflow.py
[2026-01-20T04:52:47.765+0000] {logging_mixin.py:188} INFO - [2026-01-20T04:52:47.765+0000] {dag.py:3036} INFO - Sync 1 DAGs
[2026-01-20T04:52:47.776+0000] {logging_mixin.py:188} INFO - [2026-01-20T04:52:47.776+0000] {dag.py:3823} INFO - Setting next_dagrun for streamflow_main to None, run_after=None
[2026-01-20T04:52:47.794+0000] {processor.py:183} INFO - Processing /opt/airflow/dags/dag_streamflow.py took 0.075 seconds
[2026-01-20T04:53:20.030+0000] {processor.py:161} INFO - Started process (PID=9903) to work on /opt/airflow/dags/dag_streamflow.py
[2026-01-20T04:53:20.031+0000] {processor.py:830} INFO - Processing file /opt/airflow/dags/dag_streamflow.py for tasks to queue
[2026-01-20T04:53:20.032+0000] {logging_mixin.py:188} INFO - [2026-01-20T04:53:20.032+0000] {dagbag.py:538} INFO - Filling up the DagBag from /opt/airflow/dags/dag_streamflow.py
[2026-01-20T04:53:20.059+0000] {processor.py:840} INFO - DAG(s) 'streamflow_main' retrieved from /opt/airflow/dags/dag_streamflow.py
[2026-01-20T04:53:20.095+0000] {logging_mixin.py:188} INFO - [2026-01-20T04:53:20.095+0000] {dag.py:3036} INFO - Sync 1 DAGs
[2026-01-20T04:53:20.113+0000] {logging_mixin.py:188} INFO - [2026-01-20T04:53:20.112+0000] {dag.py:3823} INFO - Setting next_dagrun for streamflow_main to None, run_after=None
[2026-01-20T04:53:20.142+0000] {processor.py:183} INFO - Processing /opt/airflow/dags/dag_streamflow.py took 0.114 seconds
[2026-01-20T04:53:51.367+0000] {processor.py:161} INFO - Started process (PID=9916) to work on /opt/airflow/dags/dag_streamflow.py
[2026-01-20T04:53:51.368+0000] {processor.py:830} INFO - Processing file /opt/airflow/dags/dag_streamflow.py for tasks to queue
[2026-01-20T04:53:51.369+0000] {logging_mixin.py:188} INFO - [2026-01-20T04:53:51.369+0000] {dagbag.py:538} INFO - Filling up the DagBag from /opt/airflow/dags/dag_streamflow.py
[2026-01-20T04:53:51.386+0000] {processor.py:840} INFO - DAG(s) 'streamflow_main' retrieved from /opt/airflow/dags/dag_streamflow.py
[2026-01-20T04:53:51.409+0000] {logging_mixin.py:188} INFO - [2026-01-20T04:53:51.409+0000] {dag.py:3036} INFO - Sync 1 DAGs
[2026-01-20T04:53:51.419+0000] {logging_mixin.py:188} INFO - [2026-01-20T04:53:51.419+0000] {dag.py:3823} INFO - Setting next_dagrun for streamflow_main to None, run_after=None
[2026-01-20T04:53:51.436+0000] {processor.py:183} INFO - Processing /opt/airflow/dags/dag_streamflow.py took 0.073 seconds
[2026-01-20T04:54:23.666+0000] {processor.py:161} INFO - Started process (PID=9928) to work on /opt/airflow/dags/dag_streamflow.py
[2026-01-20T04:54:23.667+0000] {processor.py:830} INFO - Processing file /opt/airflow/dags/dag_streamflow.py for tasks to queue
[2026-01-20T04:54:23.668+0000] {logging_mixin.py:188} INFO - [2026-01-20T04:54:23.668+0000] {dagbag.py:538} INFO - Filling up the DagBag from /opt/airflow/dags/dag_streamflow.py
[2026-01-20T04:54:23.690+0000] {processor.py:840} INFO - DAG(s) 'streamflow_main' retrieved from /opt/airflow/dags/dag_streamflow.py
[2026-01-20T04:54:23.715+0000] {logging_mixin.py:188} INFO - [2026-01-20T04:54:23.715+0000] {dag.py:3036} INFO - Sync 1 DAGs
[2026-01-20T04:54:23.728+0000] {logging_mixin.py:188} INFO - [2026-01-20T04:54:23.728+0000] {dag.py:3823} INFO - Setting next_dagrun for streamflow_main to None, run_after=None
[2026-01-20T04:54:23.755+0000] {processor.py:183} INFO - Processing /opt/airflow/dags/dag_streamflow.py took 0.092 seconds
[2026-01-20T04:54:55.976+0000] {processor.py:161} INFO - Started process (PID=9940) to work on /opt/airflow/dags/dag_streamflow.py
[2026-01-20T04:54:55.977+0000] {processor.py:830} INFO - Processing file /opt/airflow/dags/dag_streamflow.py for tasks to queue
[2026-01-20T04:54:55.978+0000] {logging_mixin.py:188} INFO - [2026-01-20T04:54:55.978+0000] {dagbag.py:538} INFO - Filling up the DagBag from /opt/airflow/dags/dag_streamflow.py
[2026-01-20T04:54:55.998+0000] {processor.py:840} INFO - DAG(s) 'streamflow_main' retrieved from /opt/airflow/dags/dag_streamflow.py
[2026-01-20T04:54:56.022+0000] {logging_mixin.py:188} INFO - [2026-01-20T04:54:56.021+0000] {dag.py:3036} INFO - Sync 1 DAGs
[2026-01-20T04:54:56.033+0000] {logging_mixin.py:188} INFO - [2026-01-20T04:54:56.033+0000] {dag.py:3823} INFO - Setting next_dagrun for streamflow_main to None, run_after=None
[2026-01-20T04:54:56.055+0000] {processor.py:183} INFO - Processing /opt/airflow/dags/dag_streamflow.py took 0.083 seconds
[2026-01-20T04:55:28.378+0000] {processor.py:161} INFO - Started process (PID=9952) to work on /opt/airflow/dags/dag_streamflow.py
[2026-01-20T04:55:28.379+0000] {processor.py:830} INFO - Processing file /opt/airflow/dags/dag_streamflow.py for tasks to queue
[2026-01-20T04:55:28.380+0000] {logging_mixin.py:188} INFO - [2026-01-20T04:55:28.380+0000] {dagbag.py:538} INFO - Filling up the DagBag from /opt/airflow/dags/dag_streamflow.py
[2026-01-20T04:55:28.400+0000] {processor.py:840} INFO - DAG(s) 'streamflow_main' retrieved from /opt/airflow/dags/dag_streamflow.py
[2026-01-20T04:55:28.425+0000] {logging_mixin.py:188} INFO - [2026-01-20T04:55:28.424+0000] {dag.py:3036} INFO - Sync 1 DAGs
[2026-01-20T04:55:28.436+0000] {logging_mixin.py:188} INFO - [2026-01-20T04:55:28.436+0000] {dag.py:3823} INFO - Setting next_dagrun for streamflow_main to None, run_after=None
[2026-01-20T04:55:28.453+0000] {processor.py:183} INFO - Processing /opt/airflow/dags/dag_streamflow.py took 0.077 seconds
[2026-01-20T04:55:58.509+0000] {processor.py:161} INFO - Started process (PID=9964) to work on /opt/airflow/dags/dag_streamflow.py
[2026-01-20T04:55:58.510+0000] {processor.py:830} INFO - Processing file /opt/airflow/dags/dag_streamflow.py for tasks to queue
[2026-01-20T04:55:58.512+0000] {logging_mixin.py:188} INFO - [2026-01-20T04:55:58.512+0000] {dagbag.py:538} INFO - Filling up the DagBag from /opt/airflow/dags/dag_streamflow.py
[2026-01-20T04:55:58.528+0000] {processor.py:840} INFO - DAG(s) 'streamflow_main' retrieved from /opt/airflow/dags/dag_streamflow.py
[2026-01-20T04:55:58.552+0000] {logging_mixin.py:188} INFO - [2026-01-20T04:55:58.551+0000] {dag.py:3036} INFO - Sync 1 DAGs
[2026-01-20T04:55:59.693+0000] {logging_mixin.py:188} INFO - [2026-01-20T04:55:59.693+0000] {dag.py:3823} INFO - Setting next_dagrun for streamflow_main to None, run_after=None
[2026-01-20T04:55:59.710+0000] {processor.py:183} INFO - Processing /opt/airflow/dags/dag_streamflow.py took 0.073 seconds
[2026-01-20T04:56:31.883+0000] {processor.py:161} INFO - Started process (PID=9976) to work on /opt/airflow/dags/dag_streamflow.py
[2026-01-20T04:56:31.885+0000] {processor.py:830} INFO - Processing file /opt/airflow/dags/dag_streamflow.py for tasks to queue
[2026-01-20T04:56:31.886+0000] {logging_mixin.py:188} INFO - [2026-01-20T04:56:31.885+0000] {dagbag.py:538} INFO - Filling up the DagBag from /opt/airflow/dags/dag_streamflow.py
[2026-01-20T04:56:31.902+0000] {processor.py:840} INFO - DAG(s) 'streamflow_main' retrieved from /opt/airflow/dags/dag_streamflow.py
[2026-01-20T04:56:31.924+0000] {logging_mixin.py:188} INFO - [2026-01-20T04:56:31.924+0000] {dag.py:3036} INFO - Sync 1 DAGs
[2026-01-20T04:56:31.935+0000] {logging_mixin.py:188} INFO - [2026-01-20T04:56:31.935+0000] {dag.py:3823} INFO - Setting next_dagrun for streamflow_main to None, run_after=None
[2026-01-20T04:56:31.955+0000] {processor.py:183} INFO - Processing /opt/airflow/dags/dag_streamflow.py took 0.076 seconds
[2026-01-20T04:57:04.194+0000] {processor.py:161} INFO - Started process (PID=9988) to work on /opt/airflow/dags/dag_streamflow.py
[2026-01-20T04:57:04.195+0000] {processor.py:830} INFO - Processing file /opt/airflow/dags/dag_streamflow.py for tasks to queue
[2026-01-20T04:57:04.196+0000] {logging_mixin.py:188} INFO - [2026-01-20T04:57:04.196+0000] {dagbag.py:538} INFO - Filling up the DagBag from /opt/airflow/dags/dag_streamflow.py
[2026-01-20T04:57:04.211+0000] {processor.py:840} INFO - DAG(s) 'streamflow_main' retrieved from /opt/airflow/dags/dag_streamflow.py
[2026-01-20T04:57:04.232+0000] {logging_mixin.py:188} INFO - [2026-01-20T04:57:04.232+0000] {dag.py:3036} INFO - Sync 1 DAGs
[2026-01-20T04:57:04.242+0000] {logging_mixin.py:188} INFO - [2026-01-20T04:57:04.241+0000] {dag.py:3823} INFO - Setting next_dagrun for streamflow_main to None, run_after=None
[2026-01-20T04:57:04.259+0000] {processor.py:183} INFO - Processing /opt/airflow/dags/dag_streamflow.py took 0.067 seconds
[2026-01-20T04:57:36.507+0000] {processor.py:161} INFO - Started process (PID=10000) to work on /opt/airflow/dags/dag_streamflow.py
[2026-01-20T04:57:36.508+0000] {processor.py:830} INFO - Processing file /opt/airflow/dags/dag_streamflow.py for tasks to queue
[2026-01-20T04:57:36.509+0000] {logging_mixin.py:188} INFO - [2026-01-20T04:57:36.509+0000] {dagbag.py:538} INFO - Filling up the DagBag from /opt/airflow/dags/dag_streamflow.py
[2026-01-20T04:57:36.528+0000] {processor.py:840} INFO - DAG(s) 'streamflow_main' retrieved from /opt/airflow/dags/dag_streamflow.py
[2026-01-20T04:57:36.556+0000] {logging_mixin.py:188} INFO - [2026-01-20T04:57:36.556+0000] {dag.py:3036} INFO - Sync 1 DAGs
[2026-01-20T04:57:36.568+0000] {logging_mixin.py:188} INFO - [2026-01-20T04:57:36.568+0000] {dag.py:3823} INFO - Setting next_dagrun for streamflow_main to None, run_after=None
[2026-01-20T04:57:36.586+0000] {processor.py:183} INFO - Processing /opt/airflow/dags/dag_streamflow.py took 0.083 seconds
[2026-01-20T04:58:08.776+0000] {processor.py:161} INFO - Started process (PID=10012) to work on /opt/airflow/dags/dag_streamflow.py
[2026-01-20T04:58:08.777+0000] {processor.py:830} INFO - Processing file /opt/airflow/dags/dag_streamflow.py for tasks to queue
[2026-01-20T04:58:08.778+0000] {logging_mixin.py:188} INFO - [2026-01-20T04:58:08.778+0000] {dagbag.py:538} INFO - Filling up the DagBag from /opt/airflow/dags/dag_streamflow.py
[2026-01-20T04:58:08.795+0000] {processor.py:840} INFO - DAG(s) 'streamflow_main' retrieved from /opt/airflow/dags/dag_streamflow.py
[2026-01-20T04:58:08.818+0000] {logging_mixin.py:188} INFO - [2026-01-20T04:58:08.818+0000] {dag.py:3036} INFO - Sync 1 DAGs
[2026-01-20T04:58:08.831+0000] {logging_mixin.py:188} INFO - [2026-01-20T04:58:08.831+0000] {dag.py:3823} INFO - Setting next_dagrun for streamflow_main to None, run_after=None
[2026-01-20T04:58:08.857+0000] {processor.py:183} INFO - Processing /opt/airflow/dags/dag_streamflow.py took 0.085 seconds
[2026-01-20T04:58:38.922+0000] {processor.py:161} INFO - Started process (PID=10024) to work on /opt/airflow/dags/dag_streamflow.py
[2026-01-20T04:58:38.923+0000] {processor.py:830} INFO - Processing file /opt/airflow/dags/dag_streamflow.py for tasks to queue
[2026-01-20T04:58:38.925+0000] {logging_mixin.py:188} INFO - [2026-01-20T04:58:38.924+0000] {dagbag.py:538} INFO - Filling up the DagBag from /opt/airflow/dags/dag_streamflow.py
[2026-01-20T04:58:40.081+0000] {processor.py:840} INFO - DAG(s) 'streamflow_main' retrieved from /opt/airflow/dags/dag_streamflow.py
[2026-01-20T04:58:40.103+0000] {logging_mixin.py:188} INFO - [2026-01-20T04:58:40.103+0000] {dag.py:3036} INFO - Sync 1 DAGs
[2026-01-20T04:58:40.114+0000] {logging_mixin.py:188} INFO - [2026-01-20T04:58:40.114+0000] {dag.py:3823} INFO - Setting next_dagrun for streamflow_main to None, run_after=None
[2026-01-20T04:58:40.137+0000] {processor.py:183} INFO - Processing /opt/airflow/dags/dag_streamflow.py took 0.086 seconds
[2026-01-20T04:59:12.323+0000] {processor.py:161} INFO - Started process (PID=10036) to work on /opt/airflow/dags/dag_streamflow.py
[2026-01-20T04:59:12.324+0000] {processor.py:830} INFO - Processing file /opt/airflow/dags/dag_streamflow.py for tasks to queue
[2026-01-20T04:59:12.325+0000] {logging_mixin.py:188} INFO - [2026-01-20T04:59:12.324+0000] {dagbag.py:538} INFO - Filling up the DagBag from /opt/airflow/dags/dag_streamflow.py
[2026-01-20T04:59:12.338+0000] {processor.py:840} INFO - DAG(s) 'streamflow_main' retrieved from /opt/airflow/dags/dag_streamflow.py
[2026-01-20T04:59:12.357+0000] {logging_mixin.py:188} INFO - [2026-01-20T04:59:12.357+0000] {dag.py:3036} INFO - Sync 1 DAGs
[2026-01-20T04:59:12.366+0000] {logging_mixin.py:188} INFO - [2026-01-20T04:59:12.366+0000] {dag.py:3823} INFO - Setting next_dagrun for streamflow_main to None, run_after=None
[2026-01-20T04:59:12.391+0000] {processor.py:183} INFO - Processing /opt/airflow/dags/dag_streamflow.py took 0.070 seconds
[2026-01-20T04:59:44.603+0000] {processor.py:161} INFO - Started process (PID=10048) to work on /opt/airflow/dags/dag_streamflow.py
[2026-01-20T04:59:44.604+0000] {processor.py:830} INFO - Processing file /opt/airflow/dags/dag_streamflow.py for tasks to queue
[2026-01-20T04:59:44.605+0000] {logging_mixin.py:188} INFO - [2026-01-20T04:59:44.605+0000] {dagbag.py:538} INFO - Filling up the DagBag from /opt/airflow/dags/dag_streamflow.py
[2026-01-20T04:59:44.624+0000] {processor.py:840} INFO - DAG(s) 'streamflow_main' retrieved from /opt/airflow/dags/dag_streamflow.py
[2026-01-20T04:59:44.649+0000] {logging_mixin.py:188} INFO - [2026-01-20T04:59:44.648+0000] {dag.py:3036} INFO - Sync 1 DAGs
[2026-01-20T04:59:44.663+0000] {logging_mixin.py:188} INFO - [2026-01-20T04:59:44.662+0000] {dag.py:3823} INFO - Setting next_dagrun for streamflow_main to None, run_after=None
[2026-01-20T04:59:44.687+0000] {processor.py:183} INFO - Processing /opt/airflow/dags/dag_streamflow.py took 0.087 seconds
[2026-01-20T05:00:16.950+0000] {processor.py:161} INFO - Started process (PID=10060) to work on /opt/airflow/dags/dag_streamflow.py
[2026-01-20T05:00:16.951+0000] {processor.py:830} INFO - Processing file /opt/airflow/dags/dag_streamflow.py for tasks to queue
[2026-01-20T05:00:16.952+0000] {logging_mixin.py:188} INFO - [2026-01-20T05:00:16.952+0000] {dagbag.py:538} INFO - Filling up the DagBag from /opt/airflow/dags/dag_streamflow.py
[2026-01-20T05:00:16.965+0000] {processor.py:840} INFO - DAG(s) 'streamflow_main' retrieved from /opt/airflow/dags/dag_streamflow.py
[2026-01-20T05:00:16.986+0000] {logging_mixin.py:188} INFO - [2026-01-20T05:00:16.986+0000] {dag.py:3036} INFO - Sync 1 DAGs
[2026-01-20T05:00:16.996+0000] {logging_mixin.py:188} INFO - [2026-01-20T05:00:16.996+0000] {dag.py:3823} INFO - Setting next_dagrun for streamflow_main to None, run_after=None
[2026-01-20T05:00:17.016+0000] {processor.py:183} INFO - Processing /opt/airflow/dags/dag_streamflow.py took 0.068 seconds
[2026-01-20T05:00:49.183+0000] {processor.py:161} INFO - Started process (PID=10072) to work on /opt/airflow/dags/dag_streamflow.py
[2026-01-20T05:00:49.185+0000] {processor.py:830} INFO - Processing file /opt/airflow/dags/dag_streamflow.py for tasks to queue
[2026-01-20T05:00:49.187+0000] {logging_mixin.py:188} INFO - [2026-01-20T05:00:49.186+0000] {dagbag.py:538} INFO - Filling up the DagBag from /opt/airflow/dags/dag_streamflow.py
[2026-01-20T05:00:49.214+0000] {processor.py:840} INFO - DAG(s) 'streamflow_main' retrieved from /opt/airflow/dags/dag_streamflow.py
[2026-01-20T05:00:49.245+0000] {logging_mixin.py:188} INFO - [2026-01-20T05:00:49.244+0000] {dag.py:3036} INFO - Sync 1 DAGs
[2026-01-20T05:00:49.258+0000] {logging_mixin.py:188} INFO - [2026-01-20T05:00:49.257+0000] {dag.py:3823} INFO - Setting next_dagrun for streamflow_main to None, run_after=None
[2026-01-20T05:00:49.277+0000] {processor.py:183} INFO - Processing /opt/airflow/dags/dag_streamflow.py took 0.098 seconds
[2026-01-20T05:01:19.314+0000] {processor.py:161} INFO - Started process (PID=10084) to work on /opt/airflow/dags/dag_streamflow.py
[2026-01-20T05:01:19.315+0000] {processor.py:830} INFO - Processing file /opt/airflow/dags/dag_streamflow.py for tasks to queue
[2026-01-20T05:01:19.316+0000] {logging_mixin.py:188} INFO - [2026-01-20T05:01:19.316+0000] {dagbag.py:538} INFO - Filling up the DagBag from /opt/airflow/dags/dag_streamflow.py
[2026-01-20T05:01:19.331+0000] {processor.py:840} INFO - DAG(s) 'streamflow_main' retrieved from /opt/airflow/dags/dag_streamflow.py
[2026-01-20T05:01:20.478+0000] {logging_mixin.py:188} INFO - [2026-01-20T05:01:20.478+0000] {dag.py:3036} INFO - Sync 1 DAGs
[2026-01-20T05:01:20.488+0000] {logging_mixin.py:188} INFO - [2026-01-20T05:01:20.488+0000] {dag.py:3823} INFO - Setting next_dagrun for streamflow_main to None, run_after=None
[2026-01-20T05:01:20.506+0000] {processor.py:183} INFO - Processing /opt/airflow/dags/dag_streamflow.py took 0.069 seconds
[2026-01-20T05:01:52.805+0000] {processor.py:161} INFO - Started process (PID=10530) to work on /opt/airflow/dags/dag_streamflow.py
[2026-01-20T05:01:52.806+0000] {processor.py:830} INFO - Processing file /opt/airflow/dags/dag_streamflow.py for tasks to queue
[2026-01-20T05:01:52.808+0000] {logging_mixin.py:188} INFO - [2026-01-20T05:01:52.807+0000] {dagbag.py:538} INFO - Filling up the DagBag from /opt/airflow/dags/dag_streamflow.py
[2026-01-20T05:01:52.838+0000] {processor.py:840} INFO - DAG(s) 'streamflow_main' retrieved from /opt/airflow/dags/dag_streamflow.py
[2026-01-20T05:01:52.871+0000] {logging_mixin.py:188} INFO - [2026-01-20T05:01:52.871+0000] {dag.py:3036} INFO - Sync 1 DAGs
[2026-01-20T05:01:52.886+0000] {logging_mixin.py:188} INFO - [2026-01-20T05:01:52.886+0000] {dag.py:3823} INFO - Setting next_dagrun for streamflow_main to None, run_after=None
[2026-01-20T05:01:52.911+0000] {processor.py:183} INFO - Processing /opt/airflow/dags/dag_streamflow.py took 0.110 seconds
[2026-01-20T05:02:25.079+0000] {processor.py:161} INFO - Started process (PID=10543) to work on /opt/airflow/dags/dag_streamflow.py
[2026-01-20T05:02:25.080+0000] {processor.py:830} INFO - Processing file /opt/airflow/dags/dag_streamflow.py for tasks to queue
[2026-01-20T05:02:25.081+0000] {logging_mixin.py:188} INFO - [2026-01-20T05:02:25.081+0000] {dagbag.py:538} INFO - Filling up the DagBag from /opt/airflow/dags/dag_streamflow.py
[2026-01-20T05:02:25.097+0000] {processor.py:840} INFO - DAG(s) 'streamflow_main' retrieved from /opt/airflow/dags/dag_streamflow.py
[2026-01-20T05:02:25.118+0000] {logging_mixin.py:188} INFO - [2026-01-20T05:02:25.118+0000] {dag.py:3036} INFO - Sync 1 DAGs
[2026-01-20T05:02:25.128+0000] {logging_mixin.py:188} INFO - [2026-01-20T05:02:25.127+0000] {dag.py:3823} INFO - Setting next_dagrun for streamflow_main to None, run_after=None
[2026-01-20T05:02:25.146+0000] {processor.py:183} INFO - Processing /opt/airflow/dags/dag_streamflow.py took 0.070 seconds
[2026-01-20T05:02:57.259+0000] {processor.py:161} INFO - Started process (PID=10555) to work on /opt/airflow/dags/dag_streamflow.py
[2026-01-20T05:02:57.260+0000] {processor.py:830} INFO - Processing file /opt/airflow/dags/dag_streamflow.py for tasks to queue
[2026-01-20T05:02:57.261+0000] {logging_mixin.py:188} INFO - [2026-01-20T05:02:57.261+0000] {dagbag.py:538} INFO - Filling up the DagBag from /opt/airflow/dags/dag_streamflow.py
[2026-01-20T05:02:57.276+0000] {processor.py:840} INFO - DAG(s) 'streamflow_main' retrieved from /opt/airflow/dags/dag_streamflow.py
[2026-01-20T05:02:57.299+0000] {logging_mixin.py:188} INFO - [2026-01-20T05:02:57.298+0000] {dag.py:3036} INFO - Sync 1 DAGs
[2026-01-20T05:02:57.309+0000] {logging_mixin.py:188} INFO - [2026-01-20T05:02:57.308+0000] {dag.py:3823} INFO - Setting next_dagrun for streamflow_main to None, run_after=None
[2026-01-20T05:02:57.327+0000] {processor.py:183} INFO - Processing /opt/airflow/dags/dag_streamflow.py took 0.072 seconds
[2026-01-20T05:03:29.607+0000] {processor.py:161} INFO - Started process (PID=10567) to work on /opt/airflow/dags/dag_streamflow.py
[2026-01-20T05:03:29.609+0000] {processor.py:830} INFO - Processing file /opt/airflow/dags/dag_streamflow.py for tasks to queue
[2026-01-20T05:03:29.611+0000] {logging_mixin.py:188} INFO - [2026-01-20T05:03:29.610+0000] {dagbag.py:538} INFO - Filling up the DagBag from /opt/airflow/dags/dag_streamflow.py
[2026-01-20T05:03:29.635+0000] {processor.py:840} INFO - DAG(s) 'streamflow_main' retrieved from /opt/airflow/dags/dag_streamflow.py
[2026-01-20T05:03:29.664+0000] {logging_mixin.py:188} INFO - [2026-01-20T05:03:29.664+0000] {dag.py:3036} INFO - Sync 1 DAGs
[2026-01-20T05:03:29.676+0000] {logging_mixin.py:188} INFO - [2026-01-20T05:03:29.676+0000] {dag.py:3823} INFO - Setting next_dagrun for streamflow_main to None, run_after=None
[2026-01-20T05:03:29.698+0000] {processor.py:183} INFO - Processing /opt/airflow/dags/dag_streamflow.py took 0.095 seconds
[2026-01-20T05:04:00.952+0000] {processor.py:161} INFO - Started process (PID=11026) to work on /opt/airflow/dags/dag_streamflow.py
[2026-01-20T05:04:00.953+0000] {processor.py:830} INFO - Processing file /opt/airflow/dags/dag_streamflow.py for tasks to queue
[2026-01-20T05:04:00.954+0000] {logging_mixin.py:188} INFO - [2026-01-20T05:04:00.953+0000] {dagbag.py:538} INFO - Filling up the DagBag from /opt/airflow/dags/dag_streamflow.py
[2026-01-20T05:04:00.989+0000] {processor.py:840} INFO - DAG(s) 'streamflow_main' retrieved from /opt/airflow/dags/dag_streamflow.py
[2026-01-20T05:04:01.019+0000] {logging_mixin.py:188} INFO - [2026-01-20T05:04:01.019+0000] {dag.py:3036} INFO - Sync 1 DAGs
[2026-01-20T05:04:01.033+0000] {logging_mixin.py:188} INFO - [2026-01-20T05:04:01.033+0000] {dag.py:3823} INFO - Setting next_dagrun for streamflow_main to None, run_after=None
[2026-01-20T05:04:01.057+0000] {processor.py:183} INFO - Processing /opt/airflow/dags/dag_streamflow.py took 0.110 seconds
[2026-01-20T05:04:33.265+0000] {processor.py:161} INFO - Started process (PID=11102) to work on /opt/airflow/dags/dag_streamflow.py
[2026-01-20T05:04:33.266+0000] {processor.py:830} INFO - Processing file /opt/airflow/dags/dag_streamflow.py for tasks to queue
[2026-01-20T05:04:33.266+0000] {logging_mixin.py:188} INFO - [2026-01-20T05:04:33.266+0000] {dagbag.py:538} INFO - Filling up the DagBag from /opt/airflow/dags/dag_streamflow.py
[2026-01-20T05:04:33.282+0000] {processor.py:840} INFO - DAG(s) 'streamflow_main' retrieved from /opt/airflow/dags/dag_streamflow.py
[2026-01-20T05:04:33.305+0000] {logging_mixin.py:188} INFO - [2026-01-20T05:04:33.304+0000] {dag.py:3036} INFO - Sync 1 DAGs
[2026-01-20T05:04:33.315+0000] {logging_mixin.py:188} INFO - [2026-01-20T05:04:33.315+0000] {dag.py:3823} INFO - Setting next_dagrun for streamflow_main to None, run_after=None
[2026-01-20T05:04:33.332+0000] {processor.py:183} INFO - Processing /opt/airflow/dags/dag_streamflow.py took 0.071 seconds
[2026-01-20T05:05:05.565+0000] {processor.py:161} INFO - Started process (PID=11276) to work on /opt/airflow/dags/dag_streamflow.py
[2026-01-20T05:05:05.570+0000] {processor.py:830} INFO - Processing file /opt/airflow/dags/dag_streamflow.py for tasks to queue
[2026-01-20T05:05:05.575+0000] {logging_mixin.py:188} INFO - [2026-01-20T05:05:05.574+0000] {dagbag.py:538} INFO - Filling up the DagBag from /opt/airflow/dags/dag_streamflow.py
[2026-01-20T05:05:05.616+0000] {processor.py:840} INFO - DAG(s) 'streamflow_main' retrieved from /opt/airflow/dags/dag_streamflow.py
[2026-01-20T05:05:05.661+0000] {logging_mixin.py:188} INFO - [2026-01-20T05:05:05.660+0000] {dag.py:3036} INFO - Sync 1 DAGs
[2026-01-20T05:05:05.692+0000] {logging_mixin.py:188} INFO - [2026-01-20T05:05:05.691+0000] {dag.py:3823} INFO - Setting next_dagrun for streamflow_main to None, run_after=None
[2026-01-20T05:05:05.732+0000] {processor.py:183} INFO - Processing /opt/airflow/dags/dag_streamflow.py took 0.171 seconds
[2026-01-20T05:05:37.853+0000] {processor.py:161} INFO - Started process (PID=11632) to work on /opt/airflow/dags/dag_streamflow.py
[2026-01-20T05:05:37.854+0000] {processor.py:830} INFO - Processing file /opt/airflow/dags/dag_streamflow.py for tasks to queue
[2026-01-20T05:05:37.855+0000] {logging_mixin.py:188} INFO - [2026-01-20T05:05:37.855+0000] {dagbag.py:538} INFO - Filling up the DagBag from /opt/airflow/dags/dag_streamflow.py
[2026-01-20T05:05:37.872+0000] {processor.py:840} INFO - DAG(s) 'streamflow_main' retrieved from /opt/airflow/dags/dag_streamflow.py
[2026-01-20T05:05:37.900+0000] {logging_mixin.py:188} INFO - [2026-01-20T05:05:37.900+0000] {dag.py:3036} INFO - Sync 1 DAGs
[2026-01-20T05:05:37.916+0000] {logging_mixin.py:188} INFO - [2026-01-20T05:05:37.915+0000] {dag.py:3823} INFO - Setting next_dagrun for streamflow_main to None, run_after=None
[2026-01-20T05:05:37.941+0000] {processor.py:183} INFO - Processing /opt/airflow/dags/dag_streamflow.py took 0.092 seconds
[2026-01-20T05:06:08.069+0000] {processor.py:161} INFO - Started process (PID=11644) to work on /opt/airflow/dags/dag_streamflow.py
[2026-01-20T05:06:08.070+0000] {processor.py:830} INFO - Processing file /opt/airflow/dags/dag_streamflow.py for tasks to queue
[2026-01-20T05:06:08.070+0000] {logging_mixin.py:188} INFO - [2026-01-20T05:06:08.070+0000] {dagbag.py:538} INFO - Filling up the DagBag from /opt/airflow/dags/dag_streamflow.py
[2026-01-20T05:06:09.254+0000] {processor.py:840} INFO - DAG(s) 'streamflow_main' retrieved from /opt/airflow/dags/dag_streamflow.py
[2026-01-20T05:06:09.281+0000] {logging_mixin.py:188} INFO - [2026-01-20T05:06:09.281+0000] {dag.py:3036} INFO - Sync 1 DAGs
[2026-01-20T05:06:09.293+0000] {logging_mixin.py:188} INFO - [2026-01-20T05:06:09.293+0000] {dag.py:3823} INFO - Setting next_dagrun for streamflow_main to None, run_after=None
[2026-01-20T05:06:09.319+0000] {processor.py:183} INFO - Processing /opt/airflow/dags/dag_streamflow.py took 0.135 seconds
[2026-01-20T05:06:41.485+0000] {processor.py:161} INFO - Started process (PID=11656) to work on /opt/airflow/dags/dag_streamflow.py
[2026-01-20T05:06:41.486+0000] {processor.py:830} INFO - Processing file /opt/airflow/dags/dag_streamflow.py for tasks to queue
[2026-01-20T05:06:41.487+0000] {logging_mixin.py:188} INFO - [2026-01-20T05:06:41.487+0000] {dagbag.py:538} INFO - Filling up the DagBag from /opt/airflow/dags/dag_streamflow.py
[2026-01-20T05:06:41.502+0000] {processor.py:840} INFO - DAG(s) 'streamflow_main' retrieved from /opt/airflow/dags/dag_streamflow.py
[2026-01-20T05:06:41.522+0000] {logging_mixin.py:188} INFO - [2026-01-20T05:06:41.522+0000] {dag.py:3036} INFO - Sync 1 DAGs
[2026-01-20T05:06:41.533+0000] {logging_mixin.py:188} INFO - [2026-01-20T05:06:41.533+0000] {dag.py:3823} INFO - Setting next_dagrun for streamflow_main to None, run_after=None
[2026-01-20T05:06:41.552+0000] {processor.py:183} INFO - Processing /opt/airflow/dags/dag_streamflow.py took 0.070 seconds
[2026-01-20T05:07:13.807+0000] {processor.py:161} INFO - Started process (PID=11668) to work on /opt/airflow/dags/dag_streamflow.py
[2026-01-20T05:07:13.809+0000] {processor.py:830} INFO - Processing file /opt/airflow/dags/dag_streamflow.py for tasks to queue
[2026-01-20T05:07:13.810+0000] {logging_mixin.py:188} INFO - [2026-01-20T05:07:13.810+0000] {dagbag.py:538} INFO - Filling up the DagBag from /opt/airflow/dags/dag_streamflow.py
[2026-01-20T05:07:13.828+0000] {processor.py:840} INFO - DAG(s) 'streamflow_main' retrieved from /opt/airflow/dags/dag_streamflow.py
[2026-01-20T05:07:13.847+0000] {logging_mixin.py:188} INFO - [2026-01-20T05:07:13.847+0000] {dag.py:3036} INFO - Sync 1 DAGs
[2026-01-20T05:07:13.859+0000] {logging_mixin.py:188} INFO - [2026-01-20T05:07:13.859+0000] {dag.py:3823} INFO - Setting next_dagrun for streamflow_main to None, run_after=None
[2026-01-20T05:07:13.881+0000] {processor.py:183} INFO - Processing /opt/airflow/dags/dag_streamflow.py took 0.077 seconds
[2026-01-20T05:07:46.011+0000] {processor.py:161} INFO - Started process (PID=11680) to work on /opt/airflow/dags/dag_streamflow.py
[2026-01-20T05:07:46.012+0000] {processor.py:830} INFO - Processing file /opt/airflow/dags/dag_streamflow.py for tasks to queue
[2026-01-20T05:07:46.013+0000] {logging_mixin.py:188} INFO - [2026-01-20T05:07:46.013+0000] {dagbag.py:538} INFO - Filling up the DagBag from /opt/airflow/dags/dag_streamflow.py
[2026-01-20T05:07:46.035+0000] {processor.py:840} INFO - DAG(s) 'streamflow_main' retrieved from /opt/airflow/dags/dag_streamflow.py
[2026-01-20T05:07:46.065+0000] {logging_mixin.py:188} INFO - [2026-01-20T05:07:46.065+0000] {dag.py:3036} INFO - Sync 1 DAGs
[2026-01-20T05:07:46.081+0000] {logging_mixin.py:188} INFO - [2026-01-20T05:07:46.081+0000] {dag.py:3823} INFO - Setting next_dagrun for streamflow_main to None, run_after=None
[2026-01-20T05:07:46.107+0000] {processor.py:183} INFO - Processing /opt/airflow/dags/dag_streamflow.py took 0.100 seconds
[2026-01-20T05:08:18.391+0000] {processor.py:161} INFO - Started process (PID=11692) to work on /opt/airflow/dags/dag_streamflow.py
[2026-01-20T05:08:18.392+0000] {processor.py:830} INFO - Processing file /opt/airflow/dags/dag_streamflow.py for tasks to queue
[2026-01-20T05:08:18.393+0000] {logging_mixin.py:188} INFO - [2026-01-20T05:08:18.393+0000] {dagbag.py:538} INFO - Filling up the DagBag from /opt/airflow/dags/dag_streamflow.py
[2026-01-20T05:08:18.404+0000] {processor.py:840} INFO - DAG(s) 'streamflow_main' retrieved from /opt/airflow/dags/dag_streamflow.py
[2026-01-20T05:08:18.422+0000] {logging_mixin.py:188} INFO - [2026-01-20T05:08:18.422+0000] {dag.py:3036} INFO - Sync 1 DAGs
[2026-01-20T05:08:18.431+0000] {logging_mixin.py:188} INFO - [2026-01-20T05:08:18.430+0000] {dag.py:3823} INFO - Setting next_dagrun for streamflow_main to None, run_after=None
[2026-01-20T05:08:18.451+0000] {processor.py:183} INFO - Processing /opt/airflow/dags/dag_streamflow.py took 0.061 seconds
[2026-01-20T05:08:49.634+0000] {processor.py:161} INFO - Started process (PID=11704) to work on /opt/airflow/dags/dag_streamflow.py
[2026-01-20T05:08:49.635+0000] {processor.py:830} INFO - Processing file /opt/airflow/dags/dag_streamflow.py for tasks to queue
[2026-01-20T05:08:49.636+0000] {logging_mixin.py:188} INFO - [2026-01-20T05:08:49.636+0000] {dagbag.py:538} INFO - Filling up the DagBag from /opt/airflow/dags/dag_streamflow.py
[2026-01-20T05:08:49.650+0000] {processor.py:840} INFO - DAG(s) 'streamflow_main' retrieved from /opt/airflow/dags/dag_streamflow.py
[2026-01-20T05:08:49.672+0000] {logging_mixin.py:188} INFO - [2026-01-20T05:08:49.672+0000] {dag.py:3036} INFO - Sync 1 DAGs
[2026-01-20T05:08:49.683+0000] {logging_mixin.py:188} INFO - [2026-01-20T05:08:49.682+0000] {dag.py:3823} INFO - Setting next_dagrun for streamflow_main to None, run_after=None
[2026-01-20T05:08:49.701+0000] {processor.py:183} INFO - Processing /opt/airflow/dags/dag_streamflow.py took 0.069 seconds
[2026-01-20T05:09:21.846+0000] {processor.py:161} INFO - Started process (PID=11716) to work on /opt/airflow/dags/dag_streamflow.py
[2026-01-20T05:09:21.847+0000] {processor.py:830} INFO - Processing file /opt/airflow/dags/dag_streamflow.py for tasks to queue
[2026-01-20T05:09:21.848+0000] {logging_mixin.py:188} INFO - [2026-01-20T05:09:21.848+0000] {dagbag.py:538} INFO - Filling up the DagBag from /opt/airflow/dags/dag_streamflow.py
[2026-01-20T05:09:21.863+0000] {processor.py:840} INFO - DAG(s) 'streamflow_main' retrieved from /opt/airflow/dags/dag_streamflow.py
[2026-01-20T05:09:21.887+0000] {logging_mixin.py:188} INFO - [2026-01-20T05:09:21.886+0000] {dag.py:3036} INFO - Sync 1 DAGs
[2026-01-20T05:09:21.897+0000] {logging_mixin.py:188} INFO - [2026-01-20T05:09:21.897+0000] {dag.py:3823} INFO - Setting next_dagrun for streamflow_main to None, run_after=None
[2026-01-20T05:09:21.914+0000] {processor.py:183} INFO - Processing /opt/airflow/dags/dag_streamflow.py took 0.071 seconds
[2026-01-20T05:09:54.132+0000] {processor.py:161} INFO - Started process (PID=11728) to work on /opt/airflow/dags/dag_streamflow.py
[2026-01-20T05:09:54.133+0000] {processor.py:830} INFO - Processing file /opt/airflow/dags/dag_streamflow.py for tasks to queue
[2026-01-20T05:09:54.134+0000] {logging_mixin.py:188} INFO - [2026-01-20T05:09:54.134+0000] {dagbag.py:538} INFO - Filling up the DagBag from /opt/airflow/dags/dag_streamflow.py
[2026-01-20T05:09:54.149+0000] {processor.py:840} INFO - DAG(s) 'streamflow_main' retrieved from /opt/airflow/dags/dag_streamflow.py
[2026-01-20T05:09:54.170+0000] {logging_mixin.py:188} INFO - [2026-01-20T05:09:54.170+0000] {dag.py:3036} INFO - Sync 1 DAGs
[2026-01-20T05:09:54.180+0000] {logging_mixin.py:188} INFO - [2026-01-20T05:09:54.180+0000] {dag.py:3823} INFO - Setting next_dagrun for streamflow_main to None, run_after=None
[2026-01-20T05:09:54.200+0000] {processor.py:183} INFO - Processing /opt/airflow/dags/dag_streamflow.py took 0.070 seconds
[2026-01-20T05:10:26.397+0000] {processor.py:161} INFO - Started process (PID=11740) to work on /opt/airflow/dags/dag_streamflow.py
[2026-01-20T05:10:26.398+0000] {processor.py:830} INFO - Processing file /opt/airflow/dags/dag_streamflow.py for tasks to queue
[2026-01-20T05:10:26.399+0000] {logging_mixin.py:188} INFO - [2026-01-20T05:10:26.398+0000] {dagbag.py:538} INFO - Filling up the DagBag from /opt/airflow/dags/dag_streamflow.py
[2026-01-20T05:10:26.410+0000] {processor.py:840} INFO - DAG(s) 'streamflow_main' retrieved from /opt/airflow/dags/dag_streamflow.py
[2026-01-20T05:10:26.430+0000] {logging_mixin.py:188} INFO - [2026-01-20T05:10:26.430+0000] {dag.py:3036} INFO - Sync 1 DAGs
[2026-01-20T05:10:26.440+0000] {logging_mixin.py:188} INFO - [2026-01-20T05:10:26.439+0000] {dag.py:3823} INFO - Setting next_dagrun for streamflow_main to None, run_after=None
[2026-01-20T05:10:26.457+0000] {processor.py:183} INFO - Processing /opt/airflow/dags/dag_streamflow.py took 0.063 seconds
[2026-01-20T05:10:58.658+0000] {processor.py:161} INFO - Started process (PID=11752) to work on /opt/airflow/dags/dag_streamflow.py
[2026-01-20T05:10:58.659+0000] {processor.py:830} INFO - Processing file /opt/airflow/dags/dag_streamflow.py for tasks to queue
[2026-01-20T05:10:58.660+0000] {logging_mixin.py:188} INFO - [2026-01-20T05:10:58.660+0000] {dagbag.py:538} INFO - Filling up the DagBag from /opt/airflow/dags/dag_streamflow.py
[2026-01-20T05:10:58.672+0000] {processor.py:840} INFO - DAG(s) 'streamflow_main' retrieved from /opt/airflow/dags/dag_streamflow.py
[2026-01-20T05:10:58.693+0000] {logging_mixin.py:188} INFO - [2026-01-20T05:10:58.692+0000] {dag.py:3036} INFO - Sync 1 DAGs
[2026-01-20T05:10:58.701+0000] {logging_mixin.py:188} INFO - [2026-01-20T05:10:58.701+0000] {dag.py:3823} INFO - Setting next_dagrun for streamflow_main to None, run_after=None
[2026-01-20T05:10:58.718+0000] {processor.py:183} INFO - Processing /opt/airflow/dags/dag_streamflow.py took 0.062 seconds
[2026-01-20T05:11:28.837+0000] {processor.py:161} INFO - Started process (PID=11764) to work on /opt/airflow/dags/dag_streamflow.py
[2026-01-20T05:11:28.838+0000] {processor.py:830} INFO - Processing file /opt/airflow/dags/dag_streamflow.py for tasks to queue
[2026-01-20T05:11:29.950+0000] {logging_mixin.py:188} INFO - [2026-01-20T05:11:29.950+0000] {dagbag.py:538} INFO - Filling up the DagBag from /opt/airflow/dags/dag_streamflow.py
[2026-01-20T05:11:29.965+0000] {processor.py:840} INFO - DAG(s) 'streamflow_main' retrieved from /opt/airflow/dags/dag_streamflow.py
[2026-01-20T05:11:29.986+0000] {logging_mixin.py:188} INFO - [2026-01-20T05:11:29.985+0000] {dag.py:3036} INFO - Sync 1 DAGs
[2026-01-20T05:11:29.996+0000] {logging_mixin.py:188} INFO - [2026-01-20T05:11:29.995+0000] {dag.py:3823} INFO - Setting next_dagrun for streamflow_main to None, run_after=None
[2026-01-20T05:11:30.014+0000] {processor.py:183} INFO - Processing /opt/airflow/dags/dag_streamflow.py took 0.068 seconds
[2026-01-20T05:12:02.228+0000] {processor.py:161} INFO - Started process (PID=11776) to work on /opt/airflow/dags/dag_streamflow.py
[2026-01-20T05:12:02.229+0000] {processor.py:830} INFO - Processing file /opt/airflow/dags/dag_streamflow.py for tasks to queue
[2026-01-20T05:12:02.230+0000] {logging_mixin.py:188} INFO - [2026-01-20T05:12:02.230+0000] {dagbag.py:538} INFO - Filling up the DagBag from /opt/airflow/dags/dag_streamflow.py
[2026-01-20T05:12:02.251+0000] {processor.py:840} INFO - DAG(s) 'streamflow_main' retrieved from /opt/airflow/dags/dag_streamflow.py
[2026-01-20T05:12:02.279+0000] {logging_mixin.py:188} INFO - [2026-01-20T05:12:02.279+0000] {dag.py:3036} INFO - Sync 1 DAGs
[2026-01-20T05:12:02.291+0000] {logging_mixin.py:188} INFO - [2026-01-20T05:12:02.290+0000] {dag.py:3823} INFO - Setting next_dagrun for streamflow_main to None, run_after=None
[2026-01-20T05:12:02.310+0000] {processor.py:183} INFO - Processing /opt/airflow/dags/dag_streamflow.py took 0.086 seconds
[2026-01-20T05:12:34.498+0000] {processor.py:161} INFO - Started process (PID=11788) to work on /opt/airflow/dags/dag_streamflow.py
[2026-01-20T05:12:34.499+0000] {processor.py:830} INFO - Processing file /opt/airflow/dags/dag_streamflow.py for tasks to queue
[2026-01-20T05:12:34.500+0000] {logging_mixin.py:188} INFO - [2026-01-20T05:12:34.500+0000] {dagbag.py:538} INFO - Filling up the DagBag from /opt/airflow/dags/dag_streamflow.py
[2026-01-20T05:12:34.516+0000] {processor.py:840} INFO - DAG(s) 'streamflow_main' retrieved from /opt/airflow/dags/dag_streamflow.py
[2026-01-20T05:12:34.539+0000] {logging_mixin.py:188} INFO - [2026-01-20T05:12:34.539+0000] {dag.py:3036} INFO - Sync 1 DAGs
[2026-01-20T05:12:34.550+0000] {logging_mixin.py:188} INFO - [2026-01-20T05:12:34.550+0000] {dag.py:3823} INFO - Setting next_dagrun for streamflow_main to None, run_after=None
[2026-01-20T05:12:34.571+0000] {processor.py:183} INFO - Processing /opt/airflow/dags/dag_streamflow.py took 0.077 seconds
[2026-01-20T05:13:06.763+0000] {processor.py:161} INFO - Started process (PID=11800) to work on /opt/airflow/dags/dag_streamflow.py
[2026-01-20T05:13:06.764+0000] {processor.py:830} INFO - Processing file /opt/airflow/dags/dag_streamflow.py for tasks to queue
[2026-01-20T05:13:06.765+0000] {logging_mixin.py:188} INFO - [2026-01-20T05:13:06.765+0000] {dagbag.py:538} INFO - Filling up the DagBag from /opt/airflow/dags/dag_streamflow.py
[2026-01-20T05:13:06.789+0000] {processor.py:840} INFO - DAG(s) 'streamflow_main' retrieved from /opt/airflow/dags/dag_streamflow.py
[2026-01-20T05:13:06.811+0000] {logging_mixin.py:188} INFO - [2026-01-20T05:13:06.811+0000] {dag.py:3036} INFO - Sync 1 DAGs
[2026-01-20T05:13:06.821+0000] {logging_mixin.py:188} INFO - [2026-01-20T05:13:06.821+0000] {dag.py:3823} INFO - Setting next_dagrun for streamflow_main to None, run_after=None
[2026-01-20T05:13:06.839+0000] {processor.py:183} INFO - Processing /opt/airflow/dags/dag_streamflow.py took 0.079 seconds
[2026-01-20T05:13:39.089+0000] {processor.py:161} INFO - Started process (PID=11812) to work on /opt/airflow/dags/dag_streamflow.py
[2026-01-20T05:13:39.090+0000] {processor.py:830} INFO - Processing file /opt/airflow/dags/dag_streamflow.py for tasks to queue
[2026-01-20T05:13:39.091+0000] {logging_mixin.py:188} INFO - [2026-01-20T05:13:39.091+0000] {dagbag.py:538} INFO - Filling up the DagBag from /opt/airflow/dags/dag_streamflow.py
[2026-01-20T05:13:39.110+0000] {processor.py:840} INFO - DAG(s) 'streamflow_main' retrieved from /opt/airflow/dags/dag_streamflow.py
[2026-01-20T05:13:39.132+0000] {logging_mixin.py:188} INFO - [2026-01-20T05:13:39.132+0000] {dag.py:3036} INFO - Sync 1 DAGs
[2026-01-20T05:13:39.142+0000] {logging_mixin.py:188} INFO - [2026-01-20T05:13:39.142+0000] {dag.py:3823} INFO - Setting next_dagrun for streamflow_main to None, run_after=None
[2026-01-20T05:13:39.163+0000] {processor.py:183} INFO - Processing /opt/airflow/dags/dag_streamflow.py took 0.077 seconds
[2026-01-20T05:14:10.412+0000] {processor.py:161} INFO - Started process (PID=11824) to work on /opt/airflow/dags/dag_streamflow.py
[2026-01-20T05:14:10.414+0000] {processor.py:830} INFO - Processing file /opt/airflow/dags/dag_streamflow.py for tasks to queue
[2026-01-20T05:14:10.415+0000] {logging_mixin.py:188} INFO - [2026-01-20T05:14:10.415+0000] {dagbag.py:538} INFO - Filling up the DagBag from /opt/airflow/dags/dag_streamflow.py
[2026-01-20T05:14:10.445+0000] {processor.py:840} INFO - DAG(s) 'streamflow_main' retrieved from /opt/airflow/dags/dag_streamflow.py
[2026-01-20T05:14:10.475+0000] {logging_mixin.py:188} INFO - [2026-01-20T05:14:10.475+0000] {dag.py:3036} INFO - Sync 1 DAGs
[2026-01-20T05:14:10.487+0000] {logging_mixin.py:188} INFO - [2026-01-20T05:14:10.487+0000] {dag.py:3823} INFO - Setting next_dagrun for streamflow_main to None, run_after=None
[2026-01-20T05:14:10.523+0000] {processor.py:183} INFO - Processing /opt/airflow/dags/dag_streamflow.py took 0.115 seconds
[2026-01-20T05:14:42.670+0000] {processor.py:161} INFO - Started process (PID=12072) to work on /opt/airflow/dags/dag_streamflow.py
[2026-01-20T05:14:42.671+0000] {processor.py:830} INFO - Processing file /opt/airflow/dags/dag_streamflow.py for tasks to queue
[2026-01-20T05:14:42.672+0000] {logging_mixin.py:188} INFO - [2026-01-20T05:14:42.672+0000] {dagbag.py:538} INFO - Filling up the DagBag from /opt/airflow/dags/dag_streamflow.py
[2026-01-20T05:14:42.690+0000] {processor.py:840} INFO - DAG(s) 'streamflow_main' retrieved from /opt/airflow/dags/dag_streamflow.py
[2026-01-20T05:14:42.712+0000] {logging_mixin.py:188} INFO - [2026-01-20T05:14:42.711+0000] {dag.py:3036} INFO - Sync 1 DAGs
[2026-01-20T05:14:42.724+0000] {logging_mixin.py:188} INFO - [2026-01-20T05:14:42.724+0000] {dag.py:3823} INFO - Setting next_dagrun for streamflow_main to None, run_after=None
[2026-01-20T05:14:42.744+0000] {processor.py:183} INFO - Processing /opt/airflow/dags/dag_streamflow.py took 0.078 seconds
[2026-01-20T05:15:14.963+0000] {processor.py:161} INFO - Started process (PID=12175) to work on /opt/airflow/dags/dag_streamflow.py
[2026-01-20T05:15:14.965+0000] {processor.py:830} INFO - Processing file /opt/airflow/dags/dag_streamflow.py for tasks to queue
[2026-01-20T05:15:14.966+0000] {logging_mixin.py:188} INFO - [2026-01-20T05:15:14.966+0000] {dagbag.py:538} INFO - Filling up the DagBag from /opt/airflow/dags/dag_streamflow.py
[2026-01-20T05:15:14.989+0000] {processor.py:840} INFO - DAG(s) 'streamflow_main' retrieved from /opt/airflow/dags/dag_streamflow.py
[2026-01-20T05:15:15.025+0000] {logging_mixin.py:188} INFO - [2026-01-20T05:15:15.024+0000] {dag.py:3036} INFO - Sync 1 DAGs
[2026-01-20T05:15:15.042+0000] {logging_mixin.py:188} INFO - [2026-01-20T05:15:15.042+0000] {dag.py:3823} INFO - Setting next_dagrun for streamflow_main to None, run_after=None
[2026-01-20T05:15:15.072+0000] {processor.py:183} INFO - Processing /opt/airflow/dags/dag_streamflow.py took 0.114 seconds
[2026-01-20T05:15:47.342+0000] {processor.py:161} INFO - Started process (PID=12327) to work on /opt/airflow/dags/dag_streamflow.py
[2026-01-20T05:15:47.343+0000] {processor.py:830} INFO - Processing file /opt/airflow/dags/dag_streamflow.py for tasks to queue
[2026-01-20T05:15:47.344+0000] {logging_mixin.py:188} INFO - [2026-01-20T05:15:47.344+0000] {dagbag.py:538} INFO - Filling up the DagBag from /opt/airflow/dags/dag_streamflow.py
[2026-01-20T05:15:47.359+0000] {processor.py:840} INFO - DAG(s) 'streamflow_main' retrieved from /opt/airflow/dags/dag_streamflow.py
[2026-01-20T05:15:47.382+0000] {logging_mixin.py:188} INFO - [2026-01-20T05:15:47.381+0000] {dag.py:3036} INFO - Sync 1 DAGs
[2026-01-20T05:15:47.395+0000] {logging_mixin.py:188} INFO - [2026-01-20T05:15:47.395+0000] {dag.py:3823} INFO - Setting next_dagrun for streamflow_main to None, run_after=None
[2026-01-20T05:15:47.414+0000] {processor.py:183} INFO - Processing /opt/airflow/dags/dag_streamflow.py took 0.074 seconds
[2026-01-20T05:16:17.566+0000] {processor.py:161} INFO - Started process (PID=12339) to work on /opt/airflow/dags/dag_streamflow.py
[2026-01-20T05:16:17.568+0000] {processor.py:830} INFO - Processing file /opt/airflow/dags/dag_streamflow.py for tasks to queue
[2026-01-20T05:16:17.569+0000] {logging_mixin.py:188} INFO - [2026-01-20T05:16:17.569+0000] {dagbag.py:538} INFO - Filling up the DagBag from /opt/airflow/dags/dag_streamflow.py
[2026-01-20T05:16:17.586+0000] {processor.py:840} INFO - DAG(s) 'streamflow_main' retrieved from /opt/airflow/dags/dag_streamflow.py
[2026-01-20T05:16:17.607+0000] {logging_mixin.py:188} INFO - [2026-01-20T05:16:17.607+0000] {dag.py:3036} INFO - Sync 1 DAGs
[2026-01-20T05:16:17.619+0000] {logging_mixin.py:188} INFO - [2026-01-20T05:16:17.618+0000] {dag.py:3823} INFO - Setting next_dagrun for streamflow_main to None, run_after=None
[2026-01-20T05:16:18.741+0000] {processor.py:183} INFO - Processing /opt/airflow/dags/dag_streamflow.py took 0.073 seconds
[2026-01-20T05:16:50.867+0000] {processor.py:161} INFO - Started process (PID=12351) to work on /opt/airflow/dags/dag_streamflow.py
[2026-01-20T05:16:50.868+0000] {processor.py:830} INFO - Processing file /opt/airflow/dags/dag_streamflow.py for tasks to queue
[2026-01-20T05:16:50.869+0000] {logging_mixin.py:188} INFO - [2026-01-20T05:16:50.869+0000] {dagbag.py:538} INFO - Filling up the DagBag from /opt/airflow/dags/dag_streamflow.py
[2026-01-20T05:16:50.883+0000] {processor.py:840} INFO - DAG(s) 'streamflow_main' retrieved from /opt/airflow/dags/dag_streamflow.py
[2026-01-20T05:16:50.907+0000] {logging_mixin.py:188} INFO - [2026-01-20T05:16:50.906+0000] {dag.py:3036} INFO - Sync 1 DAGs
[2026-01-20T05:16:50.918+0000] {logging_mixin.py:188} INFO - [2026-01-20T05:16:50.917+0000] {dag.py:3823} INFO - Setting next_dagrun for streamflow_main to None, run_after=None
[2026-01-20T05:16:50.936+0000] {processor.py:183} INFO - Processing /opt/airflow/dags/dag_streamflow.py took 0.072 seconds
[2026-01-20T05:17:23.188+0000] {processor.py:161} INFO - Started process (PID=12527) to work on /opt/airflow/dags/dag_streamflow.py
[2026-01-20T05:17:23.189+0000] {processor.py:830} INFO - Processing file /opt/airflow/dags/dag_streamflow.py for tasks to queue
[2026-01-20T05:17:23.191+0000] {logging_mixin.py:188} INFO - [2026-01-20T05:17:23.191+0000] {dagbag.py:538} INFO - Filling up the DagBag from /opt/airflow/dags/dag_streamflow.py
[2026-01-20T05:17:23.224+0000] {processor.py:840} INFO - DAG(s) 'streamflow_main' retrieved from /opt/airflow/dags/dag_streamflow.py
[2026-01-20T05:17:23.259+0000] {logging_mixin.py:188} INFO - [2026-01-20T05:17:23.258+0000] {dag.py:3036} INFO - Sync 1 DAGs
[2026-01-20T05:17:23.281+0000] {logging_mixin.py:188} INFO - [2026-01-20T05:17:23.281+0000] {dag.py:3823} INFO - Setting next_dagrun for streamflow_main to None, run_after=None
[2026-01-20T05:17:23.310+0000] {processor.py:183} INFO - Processing /opt/airflow/dags/dag_streamflow.py took 0.127 seconds
[2026-01-20T05:17:55.505+0000] {processor.py:161} INFO - Started process (PID=12824) to work on /opt/airflow/dags/dag_streamflow.py
[2026-01-20T05:17:55.506+0000] {processor.py:830} INFO - Processing file /opt/airflow/dags/dag_streamflow.py for tasks to queue
[2026-01-20T05:17:55.507+0000] {logging_mixin.py:188} INFO - [2026-01-20T05:17:55.507+0000] {dagbag.py:538} INFO - Filling up the DagBag from /opt/airflow/dags/dag_streamflow.py
[2026-01-20T05:17:55.519+0000] {processor.py:840} INFO - DAG(s) 'streamflow_main' retrieved from /opt/airflow/dags/dag_streamflow.py
[2026-01-20T05:17:55.538+0000] {logging_mixin.py:188} INFO - [2026-01-20T05:17:55.538+0000] {dag.py:3036} INFO - Sync 1 DAGs
[2026-01-20T05:17:55.548+0000] {logging_mixin.py:188} INFO - [2026-01-20T05:17:55.548+0000] {dag.py:3823} INFO - Setting next_dagrun for streamflow_main to None, run_after=None
[2026-01-20T05:17:55.569+0000] {processor.py:183} INFO - Processing /opt/airflow/dags/dag_streamflow.py took 0.066 seconds
[2026-01-20T05:18:27.761+0000] {processor.py:161} INFO - Started process (PID=12836) to work on /opt/airflow/dags/dag_streamflow.py
[2026-01-20T05:18:27.762+0000] {processor.py:830} INFO - Processing file /opt/airflow/dags/dag_streamflow.py for tasks to queue
[2026-01-20T05:18:27.763+0000] {logging_mixin.py:188} INFO - [2026-01-20T05:18:27.763+0000] {dagbag.py:538} INFO - Filling up the DagBag from /opt/airflow/dags/dag_streamflow.py
[2026-01-20T05:18:27.782+0000] {processor.py:840} INFO - DAG(s) 'streamflow_main' retrieved from /opt/airflow/dags/dag_streamflow.py
[2026-01-20T05:18:27.809+0000] {logging_mixin.py:188} INFO - [2026-01-20T05:18:27.809+0000] {dag.py:3036} INFO - Sync 1 DAGs
[2026-01-20T05:18:27.821+0000] {logging_mixin.py:188} INFO - [2026-01-20T05:18:27.820+0000] {dag.py:3823} INFO - Setting next_dagrun for streamflow_main to None, run_after=None
[2026-01-20T05:18:27.842+0000] {processor.py:183} INFO - Processing /opt/airflow/dags/dag_streamflow.py took 0.084 seconds
[2026-01-20T05:18:57.939+0000] {processor.py:161} INFO - Started process (PID=12848) to work on /opt/airflow/dags/dag_streamflow.py
[2026-01-20T05:18:57.940+0000] {processor.py:830} INFO - Processing file /opt/airflow/dags/dag_streamflow.py for tasks to queue
[2026-01-20T05:18:57.941+0000] {logging_mixin.py:188} INFO - [2026-01-20T05:18:57.941+0000] {dagbag.py:538} INFO - Filling up the DagBag from /opt/airflow/dags/dag_streamflow.py
[2026-01-20T05:18:57.961+0000] {processor.py:840} INFO - DAG(s) 'streamflow_main' retrieved from /opt/airflow/dags/dag_streamflow.py
[2026-01-20T05:18:59.093+0000] {logging_mixin.py:188} INFO - [2026-01-20T05:18:59.093+0000] {dag.py:3036} INFO - Sync 1 DAGs
[2026-01-20T05:18:59.105+0000] {logging_mixin.py:188} INFO - [2026-01-20T05:18:59.104+0000] {dag.py:3823} INFO - Setting next_dagrun for streamflow_main to None, run_after=None
[2026-01-20T05:18:59.129+0000] {processor.py:183} INFO - Processing /opt/airflow/dags/dag_streamflow.py took 0.089 seconds
[2026-01-20T05:19:31.320+0000] {processor.py:161} INFO - Started process (PID=12860) to work on /opt/airflow/dags/dag_streamflow.py
[2026-01-20T05:19:31.321+0000] {processor.py:830} INFO - Processing file /opt/airflow/dags/dag_streamflow.py for tasks to queue
[2026-01-20T05:19:31.322+0000] {logging_mixin.py:188} INFO - [2026-01-20T05:19:31.322+0000] {dagbag.py:538} INFO - Filling up the DagBag from /opt/airflow/dags/dag_streamflow.py
[2026-01-20T05:19:31.347+0000] {processor.py:840} INFO - DAG(s) 'streamflow_main' retrieved from /opt/airflow/dags/dag_streamflow.py
[2026-01-20T05:19:31.378+0000] {logging_mixin.py:188} INFO - [2026-01-20T05:19:31.378+0000] {dag.py:3036} INFO - Sync 1 DAGs
[2026-01-20T05:19:31.393+0000] {logging_mixin.py:188} INFO - [2026-01-20T05:19:31.392+0000] {dag.py:3823} INFO - Setting next_dagrun for streamflow_main to None, run_after=None
[2026-01-20T05:19:31.425+0000] {processor.py:183} INFO - Processing /opt/airflow/dags/dag_streamflow.py took 0.109 seconds
[2026-01-20T05:20:03.676+0000] {processor.py:161} INFO - Started process (PID=12872) to work on /opt/airflow/dags/dag_streamflow.py
[2026-01-20T05:20:03.679+0000] {processor.py:830} INFO - Processing file /opt/airflow/dags/dag_streamflow.py for tasks to queue
[2026-01-20T05:20:03.681+0000] {logging_mixin.py:188} INFO - [2026-01-20T05:20:03.680+0000] {dagbag.py:538} INFO - Filling up the DagBag from /opt/airflow/dags/dag_streamflow.py
[2026-01-20T05:20:03.721+0000] {processor.py:840} INFO - DAG(s) 'streamflow_main' retrieved from /opt/airflow/dags/dag_streamflow.py
[2026-01-20T05:20:03.761+0000] {logging_mixin.py:188} INFO - [2026-01-20T05:20:03.760+0000] {dag.py:3036} INFO - Sync 1 DAGs
[2026-01-20T05:20:03.777+0000] {logging_mixin.py:188} INFO - [2026-01-20T05:20:03.777+0000] {dag.py:3823} INFO - Setting next_dagrun for streamflow_main to None, run_after=None
[2026-01-20T05:20:03.807+0000] {processor.py:183} INFO - Processing /opt/airflow/dags/dag_streamflow.py took 0.138 seconds
[2026-01-20T05:20:36.000+0000] {processor.py:161} INFO - Started process (PID=12884) to work on /opt/airflow/dags/dag_streamflow.py
[2026-01-20T05:20:36.001+0000] {processor.py:830} INFO - Processing file /opt/airflow/dags/dag_streamflow.py for tasks to queue
[2026-01-20T05:20:36.002+0000] {logging_mixin.py:188} INFO - [2026-01-20T05:20:36.002+0000] {dagbag.py:538} INFO - Filling up the DagBag from /opt/airflow/dags/dag_streamflow.py
[2026-01-20T05:20:36.018+0000] {processor.py:840} INFO - DAG(s) 'streamflow_main' retrieved from /opt/airflow/dags/dag_streamflow.py
[2026-01-20T05:20:36.043+0000] {logging_mixin.py:188} INFO - [2026-01-20T05:20:36.042+0000] {dag.py:3036} INFO - Sync 1 DAGs
[2026-01-20T05:20:36.053+0000] {logging_mixin.py:188} INFO - [2026-01-20T05:20:36.053+0000] {dag.py:3823} INFO - Setting next_dagrun for streamflow_main to None, run_after=None
[2026-01-20T05:20:36.073+0000] {processor.py:183} INFO - Processing /opt/airflow/dags/dag_streamflow.py took 0.076 seconds
[2026-01-20T05:21:08.289+0000] {processor.py:161} INFO - Started process (PID=12896) to work on /opt/airflow/dags/dag_streamflow.py
[2026-01-20T05:21:08.290+0000] {processor.py:830} INFO - Processing file /opt/airflow/dags/dag_streamflow.py for tasks to queue
[2026-01-20T05:21:08.291+0000] {logging_mixin.py:188} INFO - [2026-01-20T05:21:08.291+0000] {dagbag.py:538} INFO - Filling up the DagBag from /opt/airflow/dags/dag_streamflow.py
[2026-01-20T05:21:08.306+0000] {processor.py:840} INFO - DAG(s) 'streamflow_main' retrieved from /opt/airflow/dags/dag_streamflow.py
[2026-01-20T05:21:08.329+0000] {logging_mixin.py:188} INFO - [2026-01-20T05:21:08.329+0000] {dag.py:3036} INFO - Sync 1 DAGs
[2026-01-20T05:21:08.343+0000] {logging_mixin.py:188} INFO - [2026-01-20T05:21:08.343+0000] {dag.py:3823} INFO - Setting next_dagrun for streamflow_main to None, run_after=None
[2026-01-20T05:21:08.365+0000] {processor.py:183} INFO - Processing /opt/airflow/dags/dag_streamflow.py took 0.078 seconds
[2026-01-20T05:21:39.526+0000] {processor.py:161} INFO - Started process (PID=12908) to work on /opt/airflow/dags/dag_streamflow.py
[2026-01-20T05:21:39.528+0000] {processor.py:830} INFO - Processing file /opt/airflow/dags/dag_streamflow.py for tasks to queue
[2026-01-20T05:21:39.529+0000] {logging_mixin.py:188} INFO - [2026-01-20T05:21:39.529+0000] {dagbag.py:538} INFO - Filling up the DagBag from /opt/airflow/dags/dag_streamflow.py
[2026-01-20T05:21:39.554+0000] {processor.py:840} INFO - DAG(s) 'streamflow_main' retrieved from /opt/airflow/dags/dag_streamflow.py
[2026-01-20T05:21:39.604+0000] {logging_mixin.py:188} INFO - [2026-01-20T05:21:39.604+0000] {dag.py:3036} INFO - Sync 1 DAGs
[2026-01-20T05:21:39.627+0000] {logging_mixin.py:188} INFO - [2026-01-20T05:21:39.627+0000] {dag.py:3823} INFO - Setting next_dagrun for streamflow_main to None, run_after=None
[2026-01-20T05:21:39.659+0000] {processor.py:183} INFO - Processing /opt/airflow/dags/dag_streamflow.py took 0.137 seconds
[2026-01-20T05:22:11.905+0000] {processor.py:161} INFO - Started process (PID=13346) to work on /opt/airflow/dags/dag_streamflow.py
[2026-01-20T05:22:11.906+0000] {processor.py:830} INFO - Processing file /opt/airflow/dags/dag_streamflow.py for tasks to queue
[2026-01-20T05:22:11.908+0000] {logging_mixin.py:188} INFO - [2026-01-20T05:22:11.907+0000] {dagbag.py:538} INFO - Filling up the DagBag from /opt/airflow/dags/dag_streamflow.py
[2026-01-20T05:22:11.941+0000] {processor.py:840} INFO - DAG(s) 'streamflow_main' retrieved from /opt/airflow/dags/dag_streamflow.py
[2026-01-20T05:22:11.976+0000] {logging_mixin.py:188} INFO - [2026-01-20T05:22:11.976+0000] {dag.py:3036} INFO - Sync 1 DAGs
[2026-01-20T05:22:11.991+0000] {logging_mixin.py:188} INFO - [2026-01-20T05:22:11.991+0000] {dag.py:3823} INFO - Setting next_dagrun for streamflow_main to None, run_after=None
[2026-01-20T05:22:12.018+0000] {processor.py:183} INFO - Processing /opt/airflow/dags/dag_streamflow.py took 0.117 seconds
[2026-01-20T05:22:44.274+0000] {processor.py:161} INFO - Started process (PID=13433) to work on /opt/airflow/dags/dag_streamflow.py
[2026-01-20T05:22:44.276+0000] {processor.py:830} INFO - Processing file /opt/airflow/dags/dag_streamflow.py for tasks to queue
[2026-01-20T05:22:44.278+0000] {logging_mixin.py:188} INFO - [2026-01-20T05:22:44.277+0000] {dagbag.py:538} INFO - Filling up the DagBag from /opt/airflow/dags/dag_streamflow.py
[2026-01-20T05:22:44.311+0000] {processor.py:840} INFO - DAG(s) 'streamflow_main' retrieved from /opt/airflow/dags/dag_streamflow.py
[2026-01-20T05:22:44.352+0000] {logging_mixin.py:188} INFO - [2026-01-20T05:22:44.351+0000] {dag.py:3036} INFO - Sync 1 DAGs
[2026-01-20T05:22:44.369+0000] {logging_mixin.py:188} INFO - [2026-01-20T05:22:44.368+0000] {dag.py:3823} INFO - Setting next_dagrun for streamflow_main to None, run_after=None
[2026-01-20T05:22:44.399+0000] {processor.py:183} INFO - Processing /opt/airflow/dags/dag_streamflow.py took 0.129 seconds
[2026-01-20T05:23:14.510+0000] {processor.py:161} INFO - Started process (PID=13445) to work on /opt/airflow/dags/dag_streamflow.py
[2026-01-20T05:23:14.511+0000] {processor.py:830} INFO - Processing file /opt/airflow/dags/dag_streamflow.py for tasks to queue
[2026-01-20T05:23:14.512+0000] {logging_mixin.py:188} INFO - [2026-01-20T05:23:14.511+0000] {dagbag.py:538} INFO - Filling up the DagBag from /opt/airflow/dags/dag_streamflow.py
[2026-01-20T05:23:14.526+0000] {processor.py:840} INFO - DAG(s) 'streamflow_main' retrieved from /opt/airflow/dags/dag_streamflow.py
[2026-01-20T05:23:14.551+0000] {logging_mixin.py:188} INFO - [2026-01-20T05:23:14.551+0000] {dag.py:3036} INFO - Sync 1 DAGs
[2026-01-20T05:23:15.661+0000] {logging_mixin.py:188} INFO - [2026-01-20T05:23:15.660+0000] {dag.py:3823} INFO - Setting next_dagrun for streamflow_main to None, run_after=None
[2026-01-20T05:23:15.680+0000] {processor.py:183} INFO - Processing /opt/airflow/dags/dag_streamflow.py took 0.075 seconds
[2026-01-20T05:23:47.856+0000] {processor.py:161} INFO - Started process (PID=13457) to work on /opt/airflow/dags/dag_streamflow.py
[2026-01-20T05:23:47.857+0000] {processor.py:830} INFO - Processing file /opt/airflow/dags/dag_streamflow.py for tasks to queue
[2026-01-20T05:23:47.859+0000] {logging_mixin.py:188} INFO - [2026-01-20T05:23:47.858+0000] {dagbag.py:538} INFO - Filling up the DagBag from /opt/airflow/dags/dag_streamflow.py
[2026-01-20T05:23:47.874+0000] {processor.py:840} INFO - DAG(s) 'streamflow_main' retrieved from /opt/airflow/dags/dag_streamflow.py
[2026-01-20T05:23:47.901+0000] {logging_mixin.py:188} INFO - [2026-01-20T05:23:47.901+0000] {dag.py:3036} INFO - Sync 1 DAGs
[2026-01-20T05:23:47.917+0000] {logging_mixin.py:188} INFO - [2026-01-20T05:23:47.917+0000] {dag.py:3823} INFO - Setting next_dagrun for streamflow_main to None, run_after=None
[2026-01-20T05:23:47.944+0000] {processor.py:183} INFO - Processing /opt/airflow/dags/dag_streamflow.py took 0.090 seconds
[2026-01-20T05:24:20.148+0000] {processor.py:161} INFO - Started process (PID=13469) to work on /opt/airflow/dags/dag_streamflow.py
[2026-01-20T05:24:20.149+0000] {processor.py:830} INFO - Processing file /opt/airflow/dags/dag_streamflow.py for tasks to queue
[2026-01-20T05:24:20.150+0000] {logging_mixin.py:188} INFO - [2026-01-20T05:24:20.150+0000] {dagbag.py:538} INFO - Filling up the DagBag from /opt/airflow/dags/dag_streamflow.py
[2026-01-20T05:24:20.163+0000] {processor.py:840} INFO - DAG(s) 'streamflow_main' retrieved from /opt/airflow/dags/dag_streamflow.py
[2026-01-20T05:24:20.183+0000] {logging_mixin.py:188} INFO - [2026-01-20T05:24:20.183+0000] {dag.py:3036} INFO - Sync 1 DAGs
[2026-01-20T05:24:20.197+0000] {logging_mixin.py:188} INFO - [2026-01-20T05:24:20.197+0000] {dag.py:3823} INFO - Setting next_dagrun for streamflow_main to None, run_after=None
[2026-01-20T05:24:20.216+0000] {processor.py:183} INFO - Processing /opt/airflow/dags/dag_streamflow.py took 0.071 seconds
[2026-01-20T05:24:52.432+0000] {processor.py:161} INFO - Started process (PID=13481) to work on /opt/airflow/dags/dag_streamflow.py
[2026-01-20T05:24:52.433+0000] {processor.py:830} INFO - Processing file /opt/airflow/dags/dag_streamflow.py for tasks to queue
[2026-01-20T05:24:52.434+0000] {logging_mixin.py:188} INFO - [2026-01-20T05:24:52.434+0000] {dagbag.py:538} INFO - Filling up the DagBag from /opt/airflow/dags/dag_streamflow.py
[2026-01-20T05:24:52.447+0000] {processor.py:840} INFO - DAG(s) 'streamflow_main' retrieved from /opt/airflow/dags/dag_streamflow.py
[2026-01-20T05:24:52.473+0000] {logging_mixin.py:188} INFO - [2026-01-20T05:24:52.473+0000] {dag.py:3036} INFO - Sync 1 DAGs
[2026-01-20T05:24:52.483+0000] {logging_mixin.py:188} INFO - [2026-01-20T05:24:52.483+0000] {dag.py:3823} INFO - Setting next_dagrun for streamflow_main to None, run_after=None
[2026-01-20T05:24:52.502+0000] {processor.py:183} INFO - Processing /opt/airflow/dags/dag_streamflow.py took 0.072 seconds
[2026-01-20T05:25:24.692+0000] {processor.py:161} INFO - Started process (PID=13493) to work on /opt/airflow/dags/dag_streamflow.py
[2026-01-20T05:25:24.693+0000] {processor.py:830} INFO - Processing file /opt/airflow/dags/dag_streamflow.py for tasks to queue
[2026-01-20T05:25:24.694+0000] {logging_mixin.py:188} INFO - [2026-01-20T05:25:24.693+0000] {dagbag.py:538} INFO - Filling up the DagBag from /opt/airflow/dags/dag_streamflow.py
[2026-01-20T05:25:24.718+0000] {processor.py:840} INFO - DAG(s) 'streamflow_main' retrieved from /opt/airflow/dags/dag_streamflow.py
[2026-01-20T05:25:24.743+0000] {logging_mixin.py:188} INFO - [2026-01-20T05:25:24.743+0000] {dag.py:3036} INFO - Sync 1 DAGs
[2026-01-20T05:25:24.754+0000] {logging_mixin.py:188} INFO - [2026-01-20T05:25:24.754+0000] {dag.py:3823} INFO - Setting next_dagrun for streamflow_main to None, run_after=None
[2026-01-20T05:25:24.770+0000] {processor.py:183} INFO - Processing /opt/airflow/dags/dag_streamflow.py took 0.082 seconds
[2026-01-20T05:25:55.939+0000] {processor.py:161} INFO - Started process (PID=13505) to work on /opt/airflow/dags/dag_streamflow.py
[2026-01-20T05:25:55.940+0000] {processor.py:830} INFO - Processing file /opt/airflow/dags/dag_streamflow.py for tasks to queue
[2026-01-20T05:25:55.941+0000] {logging_mixin.py:188} INFO - [2026-01-20T05:25:55.940+0000] {dagbag.py:538} INFO - Filling up the DagBag from /opt/airflow/dags/dag_streamflow.py
[2026-01-20T05:25:55.956+0000] {processor.py:840} INFO - DAG(s) 'streamflow_main' retrieved from /opt/airflow/dags/dag_streamflow.py
[2026-01-20T05:25:55.978+0000] {logging_mixin.py:188} INFO - [2026-01-20T05:25:55.978+0000] {dag.py:3036} INFO - Sync 1 DAGs
[2026-01-20T05:25:55.987+0000] {logging_mixin.py:188} INFO - [2026-01-20T05:25:55.987+0000] {dag.py:3823} INFO - Setting next_dagrun for streamflow_main to None, run_after=None
[2026-01-20T05:25:56.006+0000] {processor.py:183} INFO - Processing /opt/airflow/dags/dag_streamflow.py took 0.071 seconds
[2026-01-20T05:26:28.176+0000] {processor.py:161} INFO - Started process (PID=13517) to work on /opt/airflow/dags/dag_streamflow.py
[2026-01-20T05:26:28.177+0000] {processor.py:830} INFO - Processing file /opt/airflow/dags/dag_streamflow.py for tasks to queue
[2026-01-20T05:26:28.178+0000] {logging_mixin.py:188} INFO - [2026-01-20T05:26:28.178+0000] {dagbag.py:538} INFO - Filling up the DagBag from /opt/airflow/dags/dag_streamflow.py
[2026-01-20T05:26:28.192+0000] {processor.py:840} INFO - DAG(s) 'streamflow_main' retrieved from /opt/airflow/dags/dag_streamflow.py
[2026-01-20T05:26:28.210+0000] {logging_mixin.py:188} INFO - [2026-01-20T05:26:28.210+0000] {dag.py:3036} INFO - Sync 1 DAGs
[2026-01-20T05:26:28.220+0000] {logging_mixin.py:188} INFO - [2026-01-20T05:26:28.220+0000] {dag.py:3823} INFO - Setting next_dagrun for streamflow_main to None, run_after=None
[2026-01-20T05:26:28.238+0000] {processor.py:183} INFO - Processing /opt/airflow/dags/dag_streamflow.py took 0.065 seconds
[2026-01-20T05:27:00.469+0000] {processor.py:161} INFO - Started process (PID=13529) to work on /opt/airflow/dags/dag_streamflow.py
[2026-01-20T05:27:00.470+0000] {processor.py:830} INFO - Processing file /opt/airflow/dags/dag_streamflow.py for tasks to queue
[2026-01-20T05:27:00.470+0000] {logging_mixin.py:188} INFO - [2026-01-20T05:27:00.470+0000] {dagbag.py:538} INFO - Filling up the DagBag from /opt/airflow/dags/dag_streamflow.py
[2026-01-20T05:27:00.487+0000] {processor.py:840} INFO - DAG(s) 'streamflow_main' retrieved from /opt/airflow/dags/dag_streamflow.py
[2026-01-20T05:27:00.510+0000] {logging_mixin.py:188} INFO - [2026-01-20T05:27:00.510+0000] {dag.py:3036} INFO - Sync 1 DAGs
[2026-01-20T05:27:00.519+0000] {logging_mixin.py:188} INFO - [2026-01-20T05:27:00.519+0000] {dag.py:3823} INFO - Setting next_dagrun for streamflow_main to None, run_after=None
[2026-01-20T05:27:00.533+0000] {processor.py:183} INFO - Processing /opt/airflow/dags/dag_streamflow.py took 0.067 seconds
[2026-01-20T05:27:32.715+0000] {processor.py:161} INFO - Started process (PID=13541) to work on /opt/airflow/dags/dag_streamflow.py
[2026-01-20T05:27:32.716+0000] {processor.py:830} INFO - Processing file /opt/airflow/dags/dag_streamflow.py for tasks to queue
[2026-01-20T05:27:32.718+0000] {logging_mixin.py:188} INFO - [2026-01-20T05:27:32.717+0000] {dagbag.py:538} INFO - Filling up the DagBag from /opt/airflow/dags/dag_streamflow.py
[2026-01-20T05:27:32.730+0000] {processor.py:840} INFO - DAG(s) 'streamflow_main' retrieved from /opt/airflow/dags/dag_streamflow.py
[2026-01-20T05:27:32.747+0000] {logging_mixin.py:188} INFO - [2026-01-20T05:27:32.747+0000] {dag.py:3036} INFO - Sync 1 DAGs
[2026-01-20T05:27:32.756+0000] {logging_mixin.py:188} INFO - [2026-01-20T05:27:32.756+0000] {dag.py:3823} INFO - Setting next_dagrun for streamflow_main to None, run_after=None
[2026-01-20T05:27:32.773+0000] {processor.py:183} INFO - Processing /opt/airflow/dags/dag_streamflow.py took 0.060 seconds
[2026-01-20T05:28:05.062+0000] {processor.py:161} INFO - Started process (PID=13553) to work on /opt/airflow/dags/dag_streamflow.py
[2026-01-20T05:28:05.063+0000] {processor.py:830} INFO - Processing file /opt/airflow/dags/dag_streamflow.py for tasks to queue
[2026-01-20T05:28:05.065+0000] {logging_mixin.py:188} INFO - [2026-01-20T05:28:05.065+0000] {dagbag.py:538} INFO - Filling up the DagBag from /opt/airflow/dags/dag_streamflow.py
[2026-01-20T05:28:05.193+0000] {processor.py:840} INFO - DAG(s) 'streamflow_main' retrieved from /opt/airflow/dags/dag_streamflow.py
[2026-01-20T05:28:05.219+0000] {logging_mixin.py:188} INFO - [2026-01-20T05:28:05.219+0000] {dag.py:3036} INFO - Sync 1 DAGs
[2026-01-20T05:28:05.234+0000] {logging_mixin.py:188} INFO - [2026-01-20T05:28:05.234+0000] {dag.py:3823} INFO - Setting next_dagrun for streamflow_main to None, run_after=None
[2026-01-20T05:28:05.262+0000] {processor.py:183} INFO - Processing /opt/airflow/dags/dag_streamflow.py took 0.202 seconds
[2026-01-20T05:28:36.493+0000] {processor.py:161} INFO - Started process (PID=13565) to work on /opt/airflow/dags/dag_streamflow.py
[2026-01-20T05:28:36.494+0000] {processor.py:830} INFO - Processing file /opt/airflow/dags/dag_streamflow.py for tasks to queue
[2026-01-20T05:28:36.494+0000] {logging_mixin.py:188} INFO - [2026-01-20T05:28:36.494+0000] {dagbag.py:538} INFO - Filling up the DagBag from /opt/airflow/dags/dag_streamflow.py
[2026-01-20T05:28:36.508+0000] {processor.py:840} INFO - DAG(s) 'streamflow_main' retrieved from /opt/airflow/dags/dag_streamflow.py
[2026-01-20T05:28:36.527+0000] {logging_mixin.py:188} INFO - [2026-01-20T05:28:36.526+0000] {dag.py:3036} INFO - Sync 1 DAGs
[2026-01-20T05:28:36.535+0000] {logging_mixin.py:188} INFO - [2026-01-20T05:28:36.535+0000] {dag.py:3823} INFO - Setting next_dagrun for streamflow_main to None, run_after=None
[2026-01-20T05:28:36.553+0000] {processor.py:183} INFO - Processing /opt/airflow/dags/dag_streamflow.py took 0.063 seconds
[2026-01-20T05:29:08.760+0000] {processor.py:161} INFO - Started process (PID=13577) to work on /opt/airflow/dags/dag_streamflow.py
[2026-01-20T05:29:08.761+0000] {processor.py:830} INFO - Processing file /opt/airflow/dags/dag_streamflow.py for tasks to queue
[2026-01-20T05:29:08.762+0000] {logging_mixin.py:188} INFO - [2026-01-20T05:29:08.761+0000] {dagbag.py:538} INFO - Filling up the DagBag from /opt/airflow/dags/dag_streamflow.py
[2026-01-20T05:29:08.773+0000] {processor.py:840} INFO - DAG(s) 'streamflow_main' retrieved from /opt/airflow/dags/dag_streamflow.py
[2026-01-20T05:29:08.792+0000] {logging_mixin.py:188} INFO - [2026-01-20T05:29:08.792+0000] {dag.py:3036} INFO - Sync 1 DAGs
[2026-01-20T05:29:08.801+0000] {logging_mixin.py:188} INFO - [2026-01-20T05:29:08.801+0000] {dag.py:3823} INFO - Setting next_dagrun for streamflow_main to None, run_after=None
[2026-01-20T05:29:08.821+0000] {processor.py:183} INFO - Processing /opt/airflow/dags/dag_streamflow.py took 0.063 seconds
[2026-01-20T05:29:40.982+0000] {processor.py:161} INFO - Started process (PID=13589) to work on /opt/airflow/dags/dag_streamflow.py
[2026-01-20T05:29:40.983+0000] {processor.py:830} INFO - Processing file /opt/airflow/dags/dag_streamflow.py for tasks to queue
[2026-01-20T05:29:40.984+0000] {logging_mixin.py:188} INFO - [2026-01-20T05:29:40.984+0000] {dagbag.py:538} INFO - Filling up the DagBag from /opt/airflow/dags/dag_streamflow.py
[2026-01-20T05:29:40.996+0000] {processor.py:840} INFO - DAG(s) 'streamflow_main' retrieved from /opt/airflow/dags/dag_streamflow.py
[2026-01-20T05:29:41.014+0000] {logging_mixin.py:188} INFO - [2026-01-20T05:29:41.014+0000] {dag.py:3036} INFO - Sync 1 DAGs
[2026-01-20T05:29:41.022+0000] {logging_mixin.py:188} INFO - [2026-01-20T05:29:41.022+0000] {dag.py:3823} INFO - Setting next_dagrun for streamflow_main to None, run_after=None
[2026-01-20T05:29:41.041+0000] {processor.py:183} INFO - Processing /opt/airflow/dags/dag_streamflow.py took 0.062 seconds
[2026-01-20T05:30:13.177+0000] {processor.py:161} INFO - Started process (PID=13601) to work on /opt/airflow/dags/dag_streamflow.py
[2026-01-20T05:30:13.177+0000] {processor.py:830} INFO - Processing file /opt/airflow/dags/dag_streamflow.py for tasks to queue
[2026-01-20T05:30:13.178+0000] {logging_mixin.py:188} INFO - [2026-01-20T05:30:13.178+0000] {dagbag.py:538} INFO - Filling up the DagBag from /opt/airflow/dags/dag_streamflow.py
[2026-01-20T05:30:13.191+0000] {processor.py:840} INFO - DAG(s) 'streamflow_main' retrieved from /opt/airflow/dags/dag_streamflow.py
[2026-01-20T05:30:13.210+0000] {logging_mixin.py:188} INFO - [2026-01-20T05:30:13.210+0000] {dag.py:3036} INFO - Sync 1 DAGs
[2026-01-20T05:30:13.219+0000] {logging_mixin.py:188} INFO - [2026-01-20T05:30:13.219+0000] {dag.py:3823} INFO - Setting next_dagrun for streamflow_main to None, run_after=None
[2026-01-20T05:30:13.237+0000] {processor.py:183} INFO - Processing /opt/airflow/dags/dag_streamflow.py took 0.063 seconds
[2026-01-20T05:30:43.313+0000] {processor.py:161} INFO - Started process (PID=13613) to work on /opt/airflow/dags/dag_streamflow.py
[2026-01-20T05:30:43.314+0000] {processor.py:830} INFO - Processing file /opt/airflow/dags/dag_streamflow.py for tasks to queue
[2026-01-20T05:30:43.315+0000] {logging_mixin.py:188} INFO - [2026-01-20T05:30:43.315+0000] {dagbag.py:538} INFO - Filling up the DagBag from /opt/airflow/dags/dag_streamflow.py
[2026-01-20T05:30:44.422+0000] {processor.py:840} INFO - DAG(s) 'streamflow_main' retrieved from /opt/airflow/dags/dag_streamflow.py
[2026-01-20T05:30:44.451+0000] {logging_mixin.py:188} INFO - [2026-01-20T05:30:44.451+0000] {dag.py:3036} INFO - Sync 1 DAGs
[2026-01-20T05:30:44.463+0000] {logging_mixin.py:188} INFO - [2026-01-20T05:30:44.463+0000] {dag.py:3823} INFO - Setting next_dagrun for streamflow_main to None, run_after=None
[2026-01-20T05:30:44.484+0000] {processor.py:183} INFO - Processing /opt/airflow/dags/dag_streamflow.py took 0.085 seconds
[2026-01-20T05:31:16.667+0000] {processor.py:161} INFO - Started process (PID=13625) to work on /opt/airflow/dags/dag_streamflow.py
[2026-01-20T05:31:16.667+0000] {processor.py:830} INFO - Processing file /opt/airflow/dags/dag_streamflow.py for tasks to queue
[2026-01-20T05:31:16.668+0000] {logging_mixin.py:188} INFO - [2026-01-20T05:31:16.668+0000] {dagbag.py:538} INFO - Filling up the DagBag from /opt/airflow/dags/dag_streamflow.py
[2026-01-20T05:31:16.679+0000] {processor.py:840} INFO - DAG(s) 'streamflow_main' retrieved from /opt/airflow/dags/dag_streamflow.py
[2026-01-20T05:31:16.699+0000] {logging_mixin.py:188} INFO - [2026-01-20T05:31:16.698+0000] {dag.py:3036} INFO - Sync 1 DAGs
[2026-01-20T05:31:16.708+0000] {logging_mixin.py:188} INFO - [2026-01-20T05:31:16.708+0000] {dag.py:3823} INFO - Setting next_dagrun for streamflow_main to None, run_after=None
[2026-01-20T05:31:16.726+0000] {processor.py:183} INFO - Processing /opt/airflow/dags/dag_streamflow.py took 0.062 seconds
[2026-01-20T05:31:48.877+0000] {processor.py:161} INFO - Started process (PID=13637) to work on /opt/airflow/dags/dag_streamflow.py
[2026-01-20T05:31:48.877+0000] {processor.py:830} INFO - Processing file /opt/airflow/dags/dag_streamflow.py for tasks to queue
[2026-01-20T05:31:48.878+0000] {logging_mixin.py:188} INFO - [2026-01-20T05:31:48.878+0000] {dagbag.py:538} INFO - Filling up the DagBag from /opt/airflow/dags/dag_streamflow.py
[2026-01-20T05:31:48.890+0000] {processor.py:840} INFO - DAG(s) 'streamflow_main' retrieved from /opt/airflow/dags/dag_streamflow.py
[2026-01-20T05:31:48.908+0000] {logging_mixin.py:188} INFO - [2026-01-20T05:31:48.908+0000] {dag.py:3036} INFO - Sync 1 DAGs
[2026-01-20T05:31:48.917+0000] {logging_mixin.py:188} INFO - [2026-01-20T05:31:48.917+0000] {dag.py:3823} INFO - Setting next_dagrun for streamflow_main to None, run_after=None
[2026-01-20T05:31:48.934+0000] {processor.py:183} INFO - Processing /opt/airflow/dags/dag_streamflow.py took 0.059 seconds
[2026-01-20T05:32:21.066+0000] {processor.py:161} INFO - Started process (PID=13649) to work on /opt/airflow/dags/dag_streamflow.py
[2026-01-20T05:32:21.066+0000] {processor.py:830} INFO - Processing file /opt/airflow/dags/dag_streamflow.py for tasks to queue
[2026-01-20T05:32:21.067+0000] {logging_mixin.py:188} INFO - [2026-01-20T05:32:21.067+0000] {dagbag.py:538} INFO - Filling up the DagBag from /opt/airflow/dags/dag_streamflow.py
[2026-01-20T05:32:21.078+0000] {processor.py:840} INFO - DAG(s) 'streamflow_main' retrieved from /opt/airflow/dags/dag_streamflow.py
[2026-01-20T05:32:21.097+0000] {logging_mixin.py:188} INFO - [2026-01-20T05:32:21.097+0000] {dag.py:3036} INFO - Sync 1 DAGs
[2026-01-20T05:32:21.105+0000] {logging_mixin.py:188} INFO - [2026-01-20T05:32:21.105+0000] {dag.py:3823} INFO - Setting next_dagrun for streamflow_main to None, run_after=None
[2026-01-20T05:32:21.122+0000] {processor.py:183} INFO - Processing /opt/airflow/dags/dag_streamflow.py took 0.059 seconds
[2026-01-20T05:32:53.303+0000] {processor.py:161} INFO - Started process (PID=13661) to work on /opt/airflow/dags/dag_streamflow.py
[2026-01-20T05:32:53.304+0000] {processor.py:830} INFO - Processing file /opt/airflow/dags/dag_streamflow.py for tasks to queue
[2026-01-20T05:32:53.305+0000] {logging_mixin.py:188} INFO - [2026-01-20T05:32:53.305+0000] {dagbag.py:538} INFO - Filling up the DagBag from /opt/airflow/dags/dag_streamflow.py
[2026-01-20T05:32:53.317+0000] {processor.py:840} INFO - DAG(s) 'streamflow_main' retrieved from /opt/airflow/dags/dag_streamflow.py
[2026-01-20T05:32:53.334+0000] {logging_mixin.py:188} INFO - [2026-01-20T05:32:53.334+0000] {dag.py:3036} INFO - Sync 1 DAGs
[2026-01-20T05:32:53.342+0000] {logging_mixin.py:188} INFO - [2026-01-20T05:32:53.342+0000] {dag.py:3823} INFO - Setting next_dagrun for streamflow_main to None, run_after=None
[2026-01-20T05:32:53.359+0000] {processor.py:183} INFO - Processing /opt/airflow/dags/dag_streamflow.py took 0.059 seconds
[2026-01-20T05:33:23.483+0000] {processor.py:161} INFO - Started process (PID=13673) to work on /opt/airflow/dags/dag_streamflow.py
[2026-01-20T05:33:23.484+0000] {processor.py:830} INFO - Processing file /opt/airflow/dags/dag_streamflow.py for tasks to queue
[2026-01-20T05:33:23.484+0000] {logging_mixin.py:188} INFO - [2026-01-20T05:33:23.484+0000] {dagbag.py:538} INFO - Filling up the DagBag from /opt/airflow/dags/dag_streamflow.py
[2026-01-20T05:33:23.496+0000] {processor.py:840} INFO - DAG(s) 'streamflow_main' retrieved from /opt/airflow/dags/dag_streamflow.py
[2026-01-20T05:33:23.515+0000] {logging_mixin.py:188} INFO - [2026-01-20T05:33:23.514+0000] {dag.py:3036} INFO - Sync 1 DAGs
[2026-01-20T05:33:23.524+0000] {logging_mixin.py:188} INFO - [2026-01-20T05:33:23.524+0000] {dag.py:3823} INFO - Setting next_dagrun for streamflow_main to None, run_after=None
[2026-01-20T05:33:23.542+0000] {processor.py:183} INFO - Processing /opt/airflow/dags/dag_streamflow.py took 0.062 seconds
[2026-01-20T05:33:56.873+0000] {processor.py:161} INFO - Started process (PID=13685) to work on /opt/airflow/dags/dag_streamflow.py
[2026-01-20T05:33:56.874+0000] {processor.py:830} INFO - Processing file /opt/airflow/dags/dag_streamflow.py for tasks to queue
[2026-01-20T05:33:56.874+0000] {logging_mixin.py:188} INFO - [2026-01-20T05:33:56.874+0000] {dagbag.py:538} INFO - Filling up the DagBag from /opt/airflow/dags/dag_streamflow.py
[2026-01-20T05:33:56.885+0000] {processor.py:840} INFO - DAG(s) 'streamflow_main' retrieved from /opt/airflow/dags/dag_streamflow.py
[2026-01-20T05:33:56.903+0000] {logging_mixin.py:188} INFO - [2026-01-20T05:33:56.903+0000] {dag.py:3036} INFO - Sync 1 DAGs
[2026-01-20T05:33:56.911+0000] {logging_mixin.py:188} INFO - [2026-01-20T05:33:56.911+0000] {dag.py:3823} INFO - Setting next_dagrun for streamflow_main to None, run_after=None
[2026-01-20T05:33:56.928+0000] {processor.py:183} INFO - Processing /opt/airflow/dags/dag_streamflow.py took 0.057 seconds
[2026-01-20T05:34:29.066+0000] {processor.py:161} INFO - Started process (PID=13697) to work on /opt/airflow/dags/dag_streamflow.py
[2026-01-20T05:34:29.067+0000] {processor.py:830} INFO - Processing file /opt/airflow/dags/dag_streamflow.py for tasks to queue
[2026-01-20T05:34:29.068+0000] {logging_mixin.py:188} INFO - [2026-01-20T05:34:29.068+0000] {dagbag.py:538} INFO - Filling up the DagBag from /opt/airflow/dags/dag_streamflow.py
[2026-01-20T05:34:29.085+0000] {processor.py:840} INFO - DAG(s) 'streamflow_main' retrieved from /opt/airflow/dags/dag_streamflow.py
[2026-01-20T05:34:29.110+0000] {logging_mixin.py:188} INFO - [2026-01-20T05:34:29.110+0000] {dag.py:3036} INFO - Sync 1 DAGs
[2026-01-20T05:34:29.122+0000] {logging_mixin.py:188} INFO - [2026-01-20T05:34:29.122+0000] {dag.py:3823} INFO - Setting next_dagrun for streamflow_main to None, run_after=None
[2026-01-20T05:34:29.143+0000] {processor.py:183} INFO - Processing /opt/airflow/dags/dag_streamflow.py took 0.080 seconds
[2026-01-20T05:35:01.294+0000] {processor.py:161} INFO - Started process (PID=13709) to work on /opt/airflow/dags/dag_streamflow.py
[2026-01-20T05:35:01.295+0000] {processor.py:830} INFO - Processing file /opt/airflow/dags/dag_streamflow.py for tasks to queue
[2026-01-20T05:35:01.296+0000] {logging_mixin.py:188} INFO - [2026-01-20T05:35:01.296+0000] {dagbag.py:538} INFO - Filling up the DagBag from /opt/airflow/dags/dag_streamflow.py
[2026-01-20T05:35:01.308+0000] {processor.py:840} INFO - DAG(s) 'streamflow_main' retrieved from /opt/airflow/dags/dag_streamflow.py
[2026-01-20T05:35:01.329+0000] {logging_mixin.py:188} INFO - [2026-01-20T05:35:01.329+0000] {dag.py:3036} INFO - Sync 1 DAGs
[2026-01-20T05:35:01.339+0000] {logging_mixin.py:188} INFO - [2026-01-20T05:35:01.339+0000] {dag.py:3823} INFO - Setting next_dagrun for streamflow_main to None, run_after=None
[2026-01-20T05:35:01.358+0000] {processor.py:183} INFO - Processing /opt/airflow/dags/dag_streamflow.py took 0.066 seconds
[2026-01-20T05:35:33.557+0000] {processor.py:161} INFO - Started process (PID=13721) to work on /opt/airflow/dags/dag_streamflow.py
[2026-01-20T05:35:33.558+0000] {processor.py:830} INFO - Processing file /opt/airflow/dags/dag_streamflow.py for tasks to queue
[2026-01-20T05:35:33.559+0000] {logging_mixin.py:188} INFO - [2026-01-20T05:35:33.558+0000] {dagbag.py:538} INFO - Filling up the DagBag from /opt/airflow/dags/dag_streamflow.py
[2026-01-20T05:35:33.572+0000] {processor.py:840} INFO - DAG(s) 'streamflow_main' retrieved from /opt/airflow/dags/dag_streamflow.py
[2026-01-20T05:35:33.592+0000] {logging_mixin.py:188} INFO - [2026-01-20T05:35:33.592+0000] {dag.py:3036} INFO - Sync 1 DAGs
[2026-01-20T05:35:33.602+0000] {logging_mixin.py:188} INFO - [2026-01-20T05:35:33.601+0000] {dag.py:3823} INFO - Setting next_dagrun for streamflow_main to None, run_after=None
[2026-01-20T05:35:33.620+0000] {processor.py:183} INFO - Processing /opt/airflow/dags/dag_streamflow.py took 0.066 seconds
[2026-01-20T05:36:03.779+0000] {processor.py:161} INFO - Started process (PID=13726) to work on /opt/airflow/dags/dag_streamflow.py
[2026-01-20T05:36:03.780+0000] {processor.py:830} INFO - Processing file /opt/airflow/dags/dag_streamflow.py for tasks to queue
[2026-01-20T05:36:03.781+0000] {logging_mixin.py:188} INFO - [2026-01-20T05:36:03.780+0000] {dagbag.py:538} INFO - Filling up the DagBag from /opt/airflow/dags/dag_streamflow.py
[2026-01-20T05:36:03.801+0000] {processor.py:840} INFO - DAG(s) 'streamflow_main' retrieved from /opt/airflow/dags/dag_streamflow.py
[2026-01-20T05:36:03.825+0000] {logging_mixin.py:188} INFO - [2026-01-20T05:36:03.825+0000] {dag.py:3036} INFO - Sync 1 DAGs
[2026-01-20T05:36:03.839+0000] {logging_mixin.py:188} INFO - [2026-01-20T05:36:03.839+0000] {dag.py:3823} INFO - Setting next_dagrun for streamflow_main to None, run_after=None
[2026-01-20T05:36:04.959+0000] {processor.py:183} INFO - Processing /opt/airflow/dags/dag_streamflow.py took 0.082 seconds
[2026-01-20T05:36:37.056+0000] {processor.py:161} INFO - Started process (PID=13745) to work on /opt/airflow/dags/dag_streamflow.py
[2026-01-20T05:36:37.058+0000] {processor.py:830} INFO - Processing file /opt/airflow/dags/dag_streamflow.py for tasks to queue
[2026-01-20T05:36:37.059+0000] {logging_mixin.py:188} INFO - [2026-01-20T05:36:37.059+0000] {dagbag.py:538} INFO - Filling up the DagBag from /opt/airflow/dags/dag_streamflow.py
[2026-01-20T05:36:37.082+0000] {processor.py:840} INFO - DAG(s) 'streamflow_main' retrieved from /opt/airflow/dags/dag_streamflow.py
[2026-01-20T05:36:37.111+0000] {logging_mixin.py:188} INFO - [2026-01-20T05:36:37.111+0000] {dag.py:3036} INFO - Sync 1 DAGs
[2026-01-20T05:36:37.125+0000] {logging_mixin.py:188} INFO - [2026-01-20T05:36:37.124+0000] {dag.py:3823} INFO - Setting next_dagrun for streamflow_main to None, run_after=None
[2026-01-20T05:36:37.151+0000] {processor.py:183} INFO - Processing /opt/airflow/dags/dag_streamflow.py took 0.099 seconds
[2026-01-20T05:37:09.315+0000] {processor.py:161} INFO - Started process (PID=13757) to work on /opt/airflow/dags/dag_streamflow.py
[2026-01-20T05:37:09.316+0000] {processor.py:830} INFO - Processing file /opt/airflow/dags/dag_streamflow.py for tasks to queue
[2026-01-20T05:37:09.317+0000] {logging_mixin.py:188} INFO - [2026-01-20T05:37:09.317+0000] {dagbag.py:538} INFO - Filling up the DagBag from /opt/airflow/dags/dag_streamflow.py
[2026-01-20T05:37:09.332+0000] {processor.py:840} INFO - DAG(s) 'streamflow_main' retrieved from /opt/airflow/dags/dag_streamflow.py
[2026-01-20T05:37:09.352+0000] {logging_mixin.py:188} INFO - [2026-01-20T05:37:09.352+0000] {dag.py:3036} INFO - Sync 1 DAGs
[2026-01-20T05:37:09.361+0000] {logging_mixin.py:188} INFO - [2026-01-20T05:37:09.360+0000] {dag.py:3823} INFO - Setting next_dagrun for streamflow_main to None, run_after=None
[2026-01-20T05:37:09.379+0000] {processor.py:183} INFO - Processing /opt/airflow/dags/dag_streamflow.py took 0.067 seconds
[2026-01-20T05:37:41.553+0000] {processor.py:161} INFO - Started process (PID=13770) to work on /opt/airflow/dags/dag_streamflow.py
[2026-01-20T05:37:41.554+0000] {processor.py:830} INFO - Processing file /opt/airflow/dags/dag_streamflow.py for tasks to queue
[2026-01-20T05:37:41.555+0000] {logging_mixin.py:188} INFO - [2026-01-20T05:37:41.555+0000] {dagbag.py:538} INFO - Filling up the DagBag from /opt/airflow/dags/dag_streamflow.py
[2026-01-20T05:37:41.570+0000] {processor.py:840} INFO - DAG(s) 'streamflow_main' retrieved from /opt/airflow/dags/dag_streamflow.py
[2026-01-20T05:37:41.595+0000] {logging_mixin.py:188} INFO - [2026-01-20T05:37:41.595+0000] {dag.py:3036} INFO - Sync 1 DAGs
[2026-01-20T05:37:41.606+0000] {logging_mixin.py:188} INFO - [2026-01-20T05:37:41.606+0000] {dag.py:3823} INFO - Setting next_dagrun for streamflow_main to None, run_after=None
[2026-01-20T05:37:41.623+0000] {processor.py:183} INFO - Processing /opt/airflow/dags/dag_streamflow.py took 0.073 seconds
[2026-01-20T05:37:51.681+0000] {processor.py:161} INFO - Started process (PID=13775) to work on /opt/airflow/dags/dag_streamflow.py
[2026-01-20T05:37:51.682+0000] {processor.py:830} INFO - Processing file /opt/airflow/dags/dag_streamflow.py for tasks to queue
[2026-01-20T05:37:51.683+0000] {logging_mixin.py:188} INFO - [2026-01-20T05:37:51.683+0000] {dagbag.py:538} INFO - Filling up the DagBag from /opt/airflow/dags/dag_streamflow.py
[2026-01-20T05:37:51.694+0000] {logging_mixin.py:188} INFO - [2026-01-20T05:37:51.691+0000] {dagbag.py:348} ERROR - Failed to import: /opt/airflow/dags/dag_streamflow.py
Traceback (most recent call last):
  File "/home/airflow/.local/lib/python3.10/site-packages/airflow/models/dagbag.py", line 344, in parse
    loader.exec_module(new_module)
  File "<frozen importlib._bootstrap_external>", line 879, in exec_module
  File "<frozen importlib._bootstrap_external>", line 1017, in get_code
  File "<frozen importlib._bootstrap_external>", line 947, in source_to_code
  File "<frozen importlib._bootstrap>", line 241, in _call_with_frames_removed
  File "/opt/airflow/dags/dag_streamflow.py", line 23
    'retr'
         ^
SyntaxError: ':' expected after dictionary key
[2026-01-20T05:37:51.694+0000] {processor.py:842} WARNING - No viable dags retrieved from /opt/airflow/dags/dag_streamflow.py
[2026-01-20T05:37:51.713+0000] {processor.py:183} INFO - Processing /opt/airflow/dags/dag_streamflow.py took 0.034 seconds
[2026-01-20T05:37:52.723+0000] {processor.py:161} INFO - Started process (PID=13780) to work on /opt/airflow/dags/dag_streamflow.py
[2026-01-20T05:37:52.724+0000] {processor.py:830} INFO - Processing file /opt/airflow/dags/dag_streamflow.py for tasks to queue
[2026-01-20T05:37:52.725+0000] {logging_mixin.py:188} INFO - [2026-01-20T05:37:52.725+0000] {dagbag.py:538} INFO - Filling up the DagBag from /opt/airflow/dags/dag_streamflow.py
[2026-01-20T05:37:52.737+0000] {logging_mixin.py:188} INFO - [2026-01-20T05:37:52.736+0000] {dagbag.py:348} ERROR - Failed to import: /opt/airflow/dags/dag_streamflow.py
Traceback (most recent call last):
  File "/home/airflow/.local/lib/python3.10/site-packages/airflow/models/dagbag.py", line 344, in parse
    loader.exec_module(new_module)
  File "<frozen importlib._bootstrap_external>", line 879, in exec_module
  File "<frozen importlib._bootstrap_external>", line 1017, in get_code
  File "<frozen importlib._bootstrap_external>", line 947, in source_to_code
  File "<frozen importlib._bootstrap>", line 241, in _call_with_frames_removed
  File "/opt/airflow/dags/dag_streamflow.py", line 23
    'retries'
            ^
SyntaxError: ':' expected after dictionary key
[2026-01-20T05:37:52.737+0000] {processor.py:842} WARNING - No viable dags retrieved from /opt/airflow/dags/dag_streamflow.py
[2026-01-20T05:37:52.755+0000] {processor.py:183} INFO - Processing /opt/airflow/dags/dag_streamflow.py took 0.036 seconds
[2026-01-20T05:37:55.825+0000] {processor.py:161} INFO - Started process (PID=13785) to work on /opt/airflow/dags/dag_streamflow.py
[2026-01-20T05:37:55.827+0000] {processor.py:830} INFO - Processing file /opt/airflow/dags/dag_streamflow.py for tasks to queue
[2026-01-20T05:37:55.830+0000] {logging_mixin.py:188} INFO - [2026-01-20T05:37:55.829+0000] {dagbag.py:538} INFO - Filling up the DagBag from /opt/airflow/dags/dag_streamflow.py
[2026-01-20T05:37:55.889+0000] {processor.py:840} INFO - DAG(s) 'streamflow_main' retrieved from /opt/airflow/dags/dag_streamflow.py
[2026-01-20T05:37:56.240+0000] {logging_mixin.py:188} INFO - [2026-01-20T05:37:56.240+0000] {dag.py:3036} INFO - Sync 1 DAGs
[2026-01-20T05:37:56.251+0000] {logging_mixin.py:188} INFO - [2026-01-20T05:37:56.251+0000] {dag.py:3823} INFO - Setting next_dagrun for streamflow_main to None, run_after=None
[2026-01-20T05:37:56.289+0000] {processor.py:183} INFO - Processing /opt/airflow/dags/dag_streamflow.py took 0.470 seconds
[2026-01-20T05:37:56.865+0000] {processor.py:161} INFO - Started process (PID=13790) to work on /opt/airflow/dags/dag_streamflow.py
[2026-01-20T05:37:56.866+0000] {processor.py:830} INFO - Processing file /opt/airflow/dags/dag_streamflow.py for tasks to queue
[2026-01-20T05:37:56.867+0000] {logging_mixin.py:188} INFO - [2026-01-20T05:37:56.867+0000] {dagbag.py:538} INFO - Filling up the DagBag from /opt/airflow/dags/dag_streamflow.py
[2026-01-20T05:37:56.892+0000] {processor.py:840} INFO - DAG(s) 'streamflow_main' retrieved from /opt/airflow/dags/dag_streamflow.py
[2026-01-20T05:37:56.908+0000] {logging_mixin.py:188} INFO - [2026-01-20T05:37:56.908+0000] {dag.py:3036} INFO - Sync 1 DAGs
[2026-01-20T05:37:56.918+0000] {logging_mixin.py:188} INFO - [2026-01-20T05:37:56.918+0000] {dag.py:3823} INFO - Setting next_dagrun for streamflow_main to None, run_after=None
[2026-01-20T05:37:56.939+0000] {processor.py:183} INFO - Processing /opt/airflow/dags/dag_streamflow.py took 0.077 seconds
[2026-01-20T05:38:27.126+0000] {processor.py:161} INFO - Started process (PID=13802) to work on /opt/airflow/dags/dag_streamflow.py
[2026-01-20T05:38:27.128+0000] {processor.py:830} INFO - Processing file /opt/airflow/dags/dag_streamflow.py for tasks to queue
[2026-01-20T05:38:27.129+0000] {logging_mixin.py:188} INFO - [2026-01-20T05:38:27.129+0000] {dagbag.py:538} INFO - Filling up the DagBag from /opt/airflow/dags/dag_streamflow.py
[2026-01-20T05:38:27.148+0000] {processor.py:840} INFO - DAG(s) 'streamflow_main' retrieved from /opt/airflow/dags/dag_streamflow.py
[2026-01-20T05:38:27.176+0000] {logging_mixin.py:188} INFO - [2026-01-20T05:38:27.175+0000] {dag.py:3036} INFO - Sync 1 DAGs
[2026-01-20T05:38:27.187+0000] {logging_mixin.py:188} INFO - [2026-01-20T05:38:27.187+0000] {dag.py:3823} INFO - Setting next_dagrun for streamflow_main to None, run_after=None
[2026-01-20T05:38:27.213+0000] {processor.py:183} INFO - Processing /opt/airflow/dags/dag_streamflow.py took 0.090 seconds
[2026-01-20T05:38:36.247+0000] {processor.py:161} INFO - Started process (PID=13807) to work on /opt/airflow/dags/dag_streamflow.py
[2026-01-20T05:38:36.248+0000] {processor.py:830} INFO - Processing file /opt/airflow/dags/dag_streamflow.py for tasks to queue
[2026-01-20T05:38:36.248+0000] {logging_mixin.py:188} INFO - [2026-01-20T05:38:36.248+0000] {dagbag.py:538} INFO - Filling up the DagBag from /opt/airflow/dags/dag_streamflow.py
[2026-01-20T05:38:36.257+0000] {logging_mixin.py:188} INFO - [2026-01-20T05:38:36.256+0000] {dagbag.py:348} ERROR - Failed to import: /opt/airflow/dags/dag_streamflow.py
Traceback (most recent call last):
  File "/home/airflow/.local/lib/python3.10/site-packages/airflow/models/dagbag.py", line 344, in parse
    loader.exec_module(new_module)
  File "<frozen importlib._bootstrap_external>", line 879, in exec_module
  File "<frozen importlib._bootstrap_external>", line 1017, in get_code
  File "<frozen importlib._bootstrap_external>", line 947, in source_to_code
  File "<frozen importlib._bootstrap>", line 241, in _call_with_frames_removed
  File "/opt/airflow/dags/dag_streamflow.py", line 24
    'trigger_rule'
                 ^
SyntaxError: ':' expected after dictionary key
[2026-01-20T05:38:36.258+0000] {processor.py:842} WARNING - No viable dags retrieved from /opt/airflow/dags/dag_streamflow.py
[2026-01-20T05:38:36.276+0000] {processor.py:183} INFO - Processing /opt/airflow/dags/dag_streamflow.py took 0.032 seconds
[2026-01-20T05:38:36.346+0000] {processor.py:161} INFO - Started process (PID=13812) to work on /opt/airflow/dags/dag_streamflow.py
[2026-01-20T05:38:36.348+0000] {processor.py:830} INFO - Processing file /opt/airflow/dags/dag_streamflow.py for tasks to queue
[2026-01-20T05:38:36.349+0000] {logging_mixin.py:188} INFO - [2026-01-20T05:38:36.348+0000] {dagbag.py:538} INFO - Filling up the DagBag from /opt/airflow/dags/dag_streamflow.py
[2026-01-20T05:38:36.362+0000] {logging_mixin.py:188} INFO - [2026-01-20T05:38:36.361+0000] {dagbag.py:348} ERROR - Failed to import: /opt/airflow/dags/dag_streamflow.py
Traceback (most recent call last):
  File "/home/airflow/.local/lib/python3.10/site-packages/airflow/models/dagbag.py", line 344, in parse
    loader.exec_module(new_module)
  File "<frozen importlib._bootstrap_external>", line 879, in exec_module
  File "<frozen importlib._bootstrap_external>", line 1017, in get_code
  File "<frozen importlib._bootstrap_external>", line 947, in source_to_code
  File "<frozen importlib._bootstrap>", line 241, in _call_with_frames_removed
  File "/opt/airflow/dags/dag_streamflow.py", line 24
    'trigger_rule'
                 ^
SyntaxError: ':' expected after dictionary key
[2026-01-20T05:38:36.363+0000] {processor.py:842} WARNING - No viable dags retrieved from /opt/airflow/dags/dag_streamflow.py
[2026-01-20T05:38:36.385+0000] {processor.py:183} INFO - Processing /opt/airflow/dags/dag_streamflow.py took 0.041 seconds
[2026-01-20T05:38:41.372+0000] {processor.py:161} INFO - Started process (PID=13817) to work on /opt/airflow/dags/dag_streamflow.py
[2026-01-20T05:38:41.373+0000] {processor.py:830} INFO - Processing file /opt/airflow/dags/dag_streamflow.py for tasks to queue
[2026-01-20T05:38:41.374+0000] {logging_mixin.py:188} INFO - [2026-01-20T05:38:41.374+0000] {dagbag.py:538} INFO - Filling up the DagBag from /opt/airflow/dags/dag_streamflow.py
[2026-01-20T05:38:41.403+0000] {processor.py:840} INFO - DAG(s) 'streamflow_main' retrieved from /opt/airflow/dags/dag_streamflow.py
[2026-01-20T05:38:41.488+0000] {logging_mixin.py:188} INFO - [2026-01-20T05:38:41.488+0000] {dag.py:3036} INFO - Sync 1 DAGs
[2026-01-20T05:38:41.498+0000] {logging_mixin.py:188} INFO - [2026-01-20T05:38:41.498+0000] {dag.py:3823} INFO - Setting next_dagrun for streamflow_main to None, run_after=None
[2026-01-20T05:38:41.530+0000] {processor.py:183} INFO - Processing /opt/airflow/dags/dag_streamflow.py took 0.160 seconds
[2026-01-20T05:38:41.602+0000] {processor.py:161} INFO - Started process (PID=13822) to work on /opt/airflow/dags/dag_streamflow.py
[2026-01-20T05:38:41.603+0000] {processor.py:830} INFO - Processing file /opt/airflow/dags/dag_streamflow.py for tasks to queue
[2026-01-20T05:38:41.604+0000] {logging_mixin.py:188} INFO - [2026-01-20T05:38:41.604+0000] {dagbag.py:538} INFO - Filling up the DagBag from /opt/airflow/dags/dag_streamflow.py
[2026-01-20T05:38:41.620+0000] {processor.py:840} INFO - DAG(s) 'streamflow_main' retrieved from /opt/airflow/dags/dag_streamflow.py
[2026-01-20T05:38:41.631+0000] {logging_mixin.py:188} INFO - [2026-01-20T05:38:41.631+0000] {dag.py:3036} INFO - Sync 1 DAGs
[2026-01-20T05:38:41.641+0000] {logging_mixin.py:188} INFO - [2026-01-20T05:38:41.641+0000] {dag.py:3823} INFO - Setting next_dagrun for streamflow_main to None, run_after=None
[2026-01-20T05:38:41.659+0000] {processor.py:183} INFO - Processing /opt/airflow/dags/dag_streamflow.py took 0.060 seconds
[2026-01-20T05:38:41.731+0000] {processor.py:161} INFO - Started process (PID=13827) to work on /opt/airflow/dags/dag_streamflow.py
[2026-01-20T05:38:41.732+0000] {processor.py:830} INFO - Processing file /opt/airflow/dags/dag_streamflow.py for tasks to queue
[2026-01-20T05:38:41.733+0000] {logging_mixin.py:188} INFO - [2026-01-20T05:38:41.732+0000] {dagbag.py:538} INFO - Filling up the DagBag from /opt/airflow/dags/dag_streamflow.py
[2026-01-20T05:38:41.748+0000] {processor.py:840} INFO - DAG(s) 'streamflow_main' retrieved from /opt/airflow/dags/dag_streamflow.py
[2026-01-20T05:38:41.761+0000] {logging_mixin.py:188} INFO - [2026-01-20T05:38:41.761+0000] {dag.py:3036} INFO - Sync 1 DAGs
[2026-01-20T05:38:41.774+0000] {logging_mixin.py:188} INFO - [2026-01-20T05:38:41.773+0000] {dag.py:3823} INFO - Setting next_dagrun for streamflow_main to None, run_after=None
[2026-01-20T05:38:41.796+0000] {processor.py:183} INFO - Processing /opt/airflow/dags/dag_streamflow.py took 0.068 seconds
[2026-01-20T05:38:52.845+0000] {processor.py:161} INFO - Started process (PID=13839) to work on /opt/airflow/dags/dag_streamflow.py
[2026-01-20T05:38:52.846+0000] {processor.py:830} INFO - Processing file /opt/airflow/dags/dag_streamflow.py for tasks to queue
[2026-01-20T05:38:52.847+0000] {logging_mixin.py:188} INFO - [2026-01-20T05:38:52.847+0000] {dagbag.py:538} INFO - Filling up the DagBag from /opt/airflow/dags/dag_streamflow.py
[2026-01-20T05:38:52.870+0000] {processor.py:840} INFO - DAG(s) 'streamflow_main' retrieved from /opt/airflow/dags/dag_streamflow.py
[2026-01-20T05:38:52.883+0000] {logging_mixin.py:188} INFO - [2026-01-20T05:38:52.882+0000] {dag.py:3036} INFO - Sync 1 DAGs
[2026-01-20T05:38:52.895+0000] {logging_mixin.py:188} INFO - [2026-01-20T05:38:52.894+0000] {dag.py:3823} INFO - Setting next_dagrun for streamflow_main to None, run_after=None
[2026-01-20T05:38:52.918+0000] {processor.py:183} INFO - Processing /opt/airflow/dags/dag_streamflow.py took 0.076 seconds
[2026-01-20T05:39:23.105+0000] {processor.py:161} INFO - Started process (PID=13851) to work on /opt/airflow/dags/dag_streamflow.py
[2026-01-20T05:39:23.106+0000] {processor.py:830} INFO - Processing file /opt/airflow/dags/dag_streamflow.py for tasks to queue
[2026-01-20T05:39:23.107+0000] {logging_mixin.py:188} INFO - [2026-01-20T05:39:23.107+0000] {dagbag.py:538} INFO - Filling up the DagBag from /opt/airflow/dags/dag_streamflow.py
[2026-01-20T05:39:23.127+0000] {processor.py:840} INFO - DAG(s) 'streamflow_main' retrieved from /opt/airflow/dags/dag_streamflow.py
[2026-01-20T05:39:23.156+0000] {logging_mixin.py:188} INFO - [2026-01-20T05:39:23.156+0000] {dag.py:3036} INFO - Sync 1 DAGs
[2026-01-20T05:39:23.169+0000] {logging_mixin.py:188} INFO - [2026-01-20T05:39:23.169+0000] {dag.py:3823} INFO - Setting next_dagrun for streamflow_main to None, run_after=None
[2026-01-20T05:39:23.192+0000] {processor.py:183} INFO - Processing /opt/airflow/dags/dag_streamflow.py took 0.092 seconds
[2026-01-20T05:39:53.352+0000] {processor.py:161} INFO - Started process (PID=13864) to work on /opt/airflow/dags/dag_streamflow.py
[2026-01-20T05:39:53.353+0000] {processor.py:830} INFO - Processing file /opt/airflow/dags/dag_streamflow.py for tasks to queue
[2026-01-20T05:39:53.354+0000] {logging_mixin.py:188} INFO - [2026-01-20T05:39:53.353+0000] {dagbag.py:538} INFO - Filling up the DagBag from /opt/airflow/dags/dag_streamflow.py
[2026-01-20T05:39:53.370+0000] {processor.py:840} INFO - DAG(s) 'streamflow_main' retrieved from /opt/airflow/dags/dag_streamflow.py
[2026-01-20T05:39:53.393+0000] {logging_mixin.py:188} INFO - [2026-01-20T05:39:53.393+0000] {dag.py:3036} INFO - Sync 1 DAGs
[2026-01-20T05:39:53.404+0000] {logging_mixin.py:188} INFO - [2026-01-20T05:39:53.403+0000] {dag.py:3823} INFO - Setting next_dagrun for streamflow_main to None, run_after=None
[2026-01-20T05:39:53.424+0000] {processor.py:183} INFO - Processing /opt/airflow/dags/dag_streamflow.py took 0.075 seconds
[2026-01-20T05:40:23.639+0000] {processor.py:161} INFO - Started process (PID=13876) to work on /opt/airflow/dags/dag_streamflow.py
[2026-01-20T05:40:23.640+0000] {processor.py:830} INFO - Processing file /opt/airflow/dags/dag_streamflow.py for tasks to queue
[2026-01-20T05:40:23.640+0000] {logging_mixin.py:188} INFO - [2026-01-20T05:40:23.640+0000] {dagbag.py:538} INFO - Filling up the DagBag from /opt/airflow/dags/dag_streamflow.py
[2026-01-20T05:40:23.653+0000] {processor.py:840} INFO - DAG(s) 'streamflow_main' retrieved from /opt/airflow/dags/dag_streamflow.py
[2026-01-20T05:40:23.674+0000] {logging_mixin.py:188} INFO - [2026-01-20T05:40:23.673+0000] {dag.py:3036} INFO - Sync 1 DAGs
[2026-01-20T05:40:23.684+0000] {logging_mixin.py:188} INFO - [2026-01-20T05:40:23.684+0000] {dag.py:3823} INFO - Setting next_dagrun for streamflow_main to None, run_after=None
[2026-01-20T05:40:23.704+0000] {processor.py:183} INFO - Processing /opt/airflow/dags/dag_streamflow.py took 0.068 seconds
[2026-01-20T05:40:53.798+0000] {processor.py:161} INFO - Started process (PID=13888) to work on /opt/airflow/dags/dag_streamflow.py
[2026-01-20T05:40:53.799+0000] {processor.py:830} INFO - Processing file /opt/airflow/dags/dag_streamflow.py for tasks to queue
[2026-01-20T05:40:53.801+0000] {logging_mixin.py:188} INFO - [2026-01-20T05:40:53.800+0000] {dagbag.py:538} INFO - Filling up the DagBag from /opt/airflow/dags/dag_streamflow.py
[2026-01-20T05:40:53.817+0000] {processor.py:840} INFO - DAG(s) 'streamflow_main' retrieved from /opt/airflow/dags/dag_streamflow.py
[2026-01-20T05:40:53.840+0000] {logging_mixin.py:188} INFO - [2026-01-20T05:40:53.839+0000] {dag.py:3036} INFO - Sync 1 DAGs
[2026-01-20T05:40:53.851+0000] {logging_mixin.py:188} INFO - [2026-01-20T05:40:53.850+0000] {dag.py:3823} INFO - Setting next_dagrun for streamflow_main to None, run_after=None
[2026-01-20T05:40:53.877+0000] {processor.py:183} INFO - Processing /opt/airflow/dags/dag_streamflow.py took 0.082 seconds
[2026-01-20T05:41:26.090+0000] {processor.py:161} INFO - Started process (PID=13900) to work on /opt/airflow/dags/dag_streamflow.py
[2026-01-20T05:41:26.091+0000] {processor.py:830} INFO - Processing file /opt/airflow/dags/dag_streamflow.py for tasks to queue
[2026-01-20T05:41:26.092+0000] {logging_mixin.py:188} INFO - [2026-01-20T05:41:26.092+0000] {dagbag.py:538} INFO - Filling up the DagBag from /opt/airflow/dags/dag_streamflow.py
[2026-01-20T05:41:26.111+0000] {processor.py:840} INFO - DAG(s) 'streamflow_main' retrieved from /opt/airflow/dags/dag_streamflow.py
[2026-01-20T05:41:26.137+0000] {logging_mixin.py:188} INFO - [2026-01-20T05:41:26.137+0000] {dag.py:3036} INFO - Sync 1 DAGs
[2026-01-20T05:41:26.150+0000] {logging_mixin.py:188} INFO - [2026-01-20T05:41:26.150+0000] {dag.py:3823} INFO - Setting next_dagrun for streamflow_main to None, run_after=None
[2026-01-20T05:41:26.175+0000] {processor.py:183} INFO - Processing /opt/airflow/dags/dag_streamflow.py took 0.089 seconds
[2026-01-20T05:41:56.251+0000] {processor.py:161} INFO - Started process (PID=13905) to work on /opt/airflow/dags/dag_streamflow.py
[2026-01-20T05:41:56.253+0000] {processor.py:830} INFO - Processing file /opt/airflow/dags/dag_streamflow.py for tasks to queue
[2026-01-20T05:41:56.254+0000] {logging_mixin.py:188} INFO - [2026-01-20T05:41:56.253+0000] {dagbag.py:538} INFO - Filling up the DagBag from /opt/airflow/dags/dag_streamflow.py
[2026-01-20T05:41:56.273+0000] {processor.py:840} INFO - DAG(s) 'streamflow_main' retrieved from /opt/airflow/dags/dag_streamflow.py
[2026-01-20T05:41:57.381+0000] {logging_mixin.py:188} INFO - [2026-01-20T05:41:57.381+0000] {dag.py:3036} INFO - Sync 1 DAGs
[2026-01-20T05:41:57.396+0000] {logging_mixin.py:188} INFO - [2026-01-20T05:41:57.396+0000] {dag.py:3823} INFO - Setting next_dagrun for streamflow_main to None, run_after=None
[2026-01-20T05:41:57.424+0000] {processor.py:183} INFO - Processing /opt/airflow/dags/dag_streamflow.py took 0.100 seconds
[2026-01-20T05:42:29.601+0000] {processor.py:161} INFO - Started process (PID=13917) to work on /opt/airflow/dags/dag_streamflow.py
[2026-01-20T05:42:29.602+0000] {processor.py:830} INFO - Processing file /opt/airflow/dags/dag_streamflow.py for tasks to queue
[2026-01-20T05:42:29.603+0000] {logging_mixin.py:188} INFO - [2026-01-20T05:42:29.603+0000] {dagbag.py:538} INFO - Filling up the DagBag from /opt/airflow/dags/dag_streamflow.py
[2026-01-20T05:42:29.620+0000] {processor.py:840} INFO - DAG(s) 'streamflow_main' retrieved from /opt/airflow/dags/dag_streamflow.py
[2026-01-20T05:42:29.648+0000] {logging_mixin.py:188} INFO - [2026-01-20T05:42:29.648+0000] {dag.py:3036} INFO - Sync 1 DAGs
[2026-01-20T05:42:29.661+0000] {logging_mixin.py:188} INFO - [2026-01-20T05:42:29.660+0000] {dag.py:3823} INFO - Setting next_dagrun for streamflow_main to None, run_after=None
[2026-01-20T05:42:29.679+0000] {processor.py:183} INFO - Processing /opt/airflow/dags/dag_streamflow.py took 0.082 seconds
[2026-01-20T05:43:01.799+0000] {processor.py:161} INFO - Started process (PID=13929) to work on /opt/airflow/dags/dag_streamflow.py
[2026-01-20T05:43:01.800+0000] {processor.py:830} INFO - Processing file /opt/airflow/dags/dag_streamflow.py for tasks to queue
[2026-01-20T05:43:01.801+0000] {logging_mixin.py:188} INFO - [2026-01-20T05:43:01.801+0000] {dagbag.py:538} INFO - Filling up the DagBag from /opt/airflow/dags/dag_streamflow.py
[2026-01-20T05:43:01.820+0000] {processor.py:840} INFO - DAG(s) 'streamflow_main' retrieved from /opt/airflow/dags/dag_streamflow.py
[2026-01-20T05:43:01.844+0000] {logging_mixin.py:188} INFO - [2026-01-20T05:43:01.844+0000] {dag.py:3036} INFO - Sync 1 DAGs
[2026-01-20T05:43:01.856+0000] {logging_mixin.py:188} INFO - [2026-01-20T05:43:01.856+0000] {dag.py:3823} INFO - Setting next_dagrun for streamflow_main to None, run_after=None
[2026-01-20T05:43:01.876+0000] {processor.py:183} INFO - Processing /opt/airflow/dags/dag_streamflow.py took 0.081 seconds
[2026-01-20T05:43:34.036+0000] {processor.py:161} INFO - Started process (PID=13941) to work on /opt/airflow/dags/dag_streamflow.py
[2026-01-20T05:43:34.037+0000] {processor.py:830} INFO - Processing file /opt/airflow/dags/dag_streamflow.py for tasks to queue
[2026-01-20T05:43:34.038+0000] {logging_mixin.py:188} INFO - [2026-01-20T05:43:34.038+0000] {dagbag.py:538} INFO - Filling up the DagBag from /opt/airflow/dags/dag_streamflow.py
[2026-01-20T05:43:34.054+0000] {processor.py:840} INFO - DAG(s) 'streamflow_main' retrieved from /opt/airflow/dags/dag_streamflow.py
[2026-01-20T05:43:34.074+0000] {logging_mixin.py:188} INFO - [2026-01-20T05:43:34.074+0000] {dag.py:3036} INFO - Sync 1 DAGs
[2026-01-20T05:43:34.085+0000] {logging_mixin.py:188} INFO - [2026-01-20T05:43:34.085+0000] {dag.py:3823} INFO - Setting next_dagrun for streamflow_main to None, run_after=None
[2026-01-20T05:43:34.105+0000] {processor.py:183} INFO - Processing /opt/airflow/dags/dag_streamflow.py took 0.072 seconds
[2026-01-20T05:44:06.287+0000] {processor.py:161} INFO - Started process (PID=13960) to work on /opt/airflow/dags/dag_streamflow.py
[2026-01-20T05:44:06.290+0000] {processor.py:830} INFO - Processing file /opt/airflow/dags/dag_streamflow.py for tasks to queue
[2026-01-20T05:44:06.291+0000] {logging_mixin.py:188} INFO - [2026-01-20T05:44:06.291+0000] {dagbag.py:538} INFO - Filling up the DagBag from /opt/airflow/dags/dag_streamflow.py
[2026-01-20T05:44:06.321+0000] {processor.py:840} INFO - DAG(s) 'streamflow_main' retrieved from /opt/airflow/dags/dag_streamflow.py
[2026-01-20T05:44:06.353+0000] {logging_mixin.py:188} INFO - [2026-01-20T05:44:06.352+0000] {dag.py:3036} INFO - Sync 1 DAGs
[2026-01-20T05:44:06.366+0000] {logging_mixin.py:188} INFO - [2026-01-20T05:44:06.366+0000] {dag.py:3823} INFO - Setting next_dagrun for streamflow_main to None, run_after=None
[2026-01-20T05:44:06.388+0000] {processor.py:183} INFO - Processing /opt/airflow/dags/dag_streamflow.py took 0.106 seconds
[2026-01-20T05:44:37.539+0000] {processor.py:161} INFO - Started process (PID=13965) to work on /opt/airflow/dags/dag_streamflow.py
[2026-01-20T05:44:37.541+0000] {processor.py:830} INFO - Processing file /opt/airflow/dags/dag_streamflow.py for tasks to queue
[2026-01-20T05:44:37.543+0000] {logging_mixin.py:188} INFO - [2026-01-20T05:44:37.542+0000] {dagbag.py:538} INFO - Filling up the DagBag from /opt/airflow/dags/dag_streamflow.py
[2026-01-20T05:44:37.573+0000] {processor.py:840} INFO - DAG(s) 'streamflow_main' retrieved from /opt/airflow/dags/dag_streamflow.py
[2026-01-20T05:44:37.606+0000] {logging_mixin.py:188} INFO - [2026-01-20T05:44:37.606+0000] {dag.py:3036} INFO - Sync 1 DAGs
[2026-01-20T05:44:37.620+0000] {logging_mixin.py:188} INFO - [2026-01-20T05:44:37.620+0000] {dag.py:3823} INFO - Setting next_dagrun for streamflow_main to None, run_after=None
[2026-01-20T05:44:37.643+0000] {processor.py:183} INFO - Processing /opt/airflow/dags/dag_streamflow.py took 0.109 seconds
[2026-01-20T05:45:09.765+0000] {processor.py:161} INFO - Started process (PID=13977) to work on /opt/airflow/dags/dag_streamflow.py
[2026-01-20T05:45:09.767+0000] {processor.py:830} INFO - Processing file /opt/airflow/dags/dag_streamflow.py for tasks to queue
[2026-01-20T05:45:09.768+0000] {logging_mixin.py:188} INFO - [2026-01-20T05:45:09.768+0000] {dagbag.py:538} INFO - Filling up the DagBag from /opt/airflow/dags/dag_streamflow.py
[2026-01-20T05:45:09.796+0000] {processor.py:840} INFO - DAG(s) 'streamflow_main' retrieved from /opt/airflow/dags/dag_streamflow.py
[2026-01-20T05:45:09.827+0000] {logging_mixin.py:188} INFO - [2026-01-20T05:45:09.826+0000] {dag.py:3036} INFO - Sync 1 DAGs
[2026-01-20T05:45:09.839+0000] {logging_mixin.py:188} INFO - [2026-01-20T05:45:09.839+0000] {dag.py:3823} INFO - Setting next_dagrun for streamflow_main to None, run_after=None
[2026-01-20T05:45:09.856+0000] {processor.py:183} INFO - Processing /opt/airflow/dags/dag_streamflow.py took 0.096 seconds
[2026-01-20T05:45:42.053+0000] {processor.py:161} INFO - Started process (PID=13989) to work on /opt/airflow/dags/dag_streamflow.py
[2026-01-20T05:45:42.054+0000] {processor.py:830} INFO - Processing file /opt/airflow/dags/dag_streamflow.py for tasks to queue
[2026-01-20T05:45:42.055+0000] {logging_mixin.py:188} INFO - [2026-01-20T05:45:42.055+0000] {dagbag.py:538} INFO - Filling up the DagBag from /opt/airflow/dags/dag_streamflow.py
[2026-01-20T05:45:42.071+0000] {processor.py:840} INFO - DAG(s) 'streamflow_main' retrieved from /opt/airflow/dags/dag_streamflow.py
[2026-01-20T05:45:42.098+0000] {logging_mixin.py:188} INFO - [2026-01-20T05:45:42.097+0000] {dag.py:3036} INFO - Sync 1 DAGs
[2026-01-20T05:45:42.109+0000] {logging_mixin.py:188} INFO - [2026-01-20T05:45:42.109+0000] {dag.py:3823} INFO - Setting next_dagrun for streamflow_main to None, run_after=None
[2026-01-20T05:45:42.128+0000] {processor.py:183} INFO - Processing /opt/airflow/dags/dag_streamflow.py took 0.079 seconds
[2026-01-20T05:46:14.303+0000] {processor.py:161} INFO - Started process (PID=14001) to work on /opt/airflow/dags/dag_streamflow.py
[2026-01-20T05:46:14.304+0000] {processor.py:830} INFO - Processing file /opt/airflow/dags/dag_streamflow.py for tasks to queue
[2026-01-20T05:46:14.306+0000] {logging_mixin.py:188} INFO - [2026-01-20T05:46:14.305+0000] {dagbag.py:538} INFO - Filling up the DagBag from /opt/airflow/dags/dag_streamflow.py
[2026-01-20T05:46:14.326+0000] {processor.py:840} INFO - DAG(s) 'streamflow_main' retrieved from /opt/airflow/dags/dag_streamflow.py
[2026-01-20T05:46:14.347+0000] {logging_mixin.py:188} INFO - [2026-01-20T05:46:14.347+0000] {dag.py:3036} INFO - Sync 1 DAGs
[2026-01-20T05:46:14.357+0000] {logging_mixin.py:188} INFO - [2026-01-20T05:46:14.357+0000] {dag.py:3823} INFO - Setting next_dagrun for streamflow_main to None, run_after=None
[2026-01-20T05:46:14.376+0000] {processor.py:183} INFO - Processing /opt/airflow/dags/dag_streamflow.py took 0.077 seconds
[2026-01-20T05:46:46.500+0000] {processor.py:161} INFO - Started process (PID=14013) to work on /opt/airflow/dags/dag_streamflow.py
[2026-01-20T05:46:46.501+0000] {processor.py:830} INFO - Processing file /opt/airflow/dags/dag_streamflow.py for tasks to queue
[2026-01-20T05:46:46.502+0000] {logging_mixin.py:188} INFO - [2026-01-20T05:46:46.502+0000] {dagbag.py:538} INFO - Filling up the DagBag from /opt/airflow/dags/dag_streamflow.py
[2026-01-20T05:46:46.517+0000] {processor.py:840} INFO - DAG(s) 'streamflow_main' retrieved from /opt/airflow/dags/dag_streamflow.py
[2026-01-20T05:46:46.540+0000] {logging_mixin.py:188} INFO - [2026-01-20T05:46:46.539+0000] {dag.py:3036} INFO - Sync 1 DAGs
[2026-01-20T05:46:46.549+0000] {logging_mixin.py:188} INFO - [2026-01-20T05:46:46.549+0000] {dag.py:3823} INFO - Setting next_dagrun for streamflow_main to None, run_after=None
[2026-01-20T05:46:46.565+0000] {processor.py:183} INFO - Processing /opt/airflow/dags/dag_streamflow.py took 0.068 seconds
[2026-01-20T05:47:17.798+0000] {processor.py:161} INFO - Started process (PID=14025) to work on /opt/airflow/dags/dag_streamflow.py
[2026-01-20T05:47:17.799+0000] {processor.py:830} INFO - Processing file /opt/airflow/dags/dag_streamflow.py for tasks to queue
[2026-01-20T05:47:17.800+0000] {logging_mixin.py:188} INFO - [2026-01-20T05:47:17.800+0000] {dagbag.py:538} INFO - Filling up the DagBag from /opt/airflow/dags/dag_streamflow.py
[2026-01-20T05:47:17.814+0000] {processor.py:840} INFO - DAG(s) 'streamflow_main' retrieved from /opt/airflow/dags/dag_streamflow.py
[2026-01-20T05:47:17.835+0000] {logging_mixin.py:188} INFO - [2026-01-20T05:47:17.835+0000] {dag.py:3036} INFO - Sync 1 DAGs
[2026-01-20T05:47:17.846+0000] {logging_mixin.py:188} INFO - [2026-01-20T05:47:17.845+0000] {dag.py:3823} INFO - Setting next_dagrun for streamflow_main to None, run_after=None
[2026-01-20T05:47:17.865+0000] {processor.py:183} INFO - Processing /opt/airflow/dags/dag_streamflow.py took 0.070 seconds
[2026-01-20T05:47:50.011+0000] {processor.py:161} INFO - Started process (PID=14037) to work on /opt/airflow/dags/dag_streamflow.py
[2026-01-20T05:47:50.013+0000] {processor.py:830} INFO - Processing file /opt/airflow/dags/dag_streamflow.py for tasks to queue
[2026-01-20T05:47:50.015+0000] {logging_mixin.py:188} INFO - [2026-01-20T05:47:50.014+0000] {dagbag.py:538} INFO - Filling up the DagBag from /opt/airflow/dags/dag_streamflow.py
[2026-01-20T05:47:50.044+0000] {processor.py:840} INFO - DAG(s) 'streamflow_main' retrieved from /opt/airflow/dags/dag_streamflow.py
[2026-01-20T05:47:50.075+0000] {logging_mixin.py:188} INFO - [2026-01-20T05:47:50.075+0000] {dag.py:3036} INFO - Sync 1 DAGs
[2026-01-20T05:47:50.095+0000] {logging_mixin.py:188} INFO - [2026-01-20T05:47:50.095+0000] {dag.py:3823} INFO - Setting next_dagrun for streamflow_main to None, run_after=None
[2026-01-20T05:47:50.121+0000] {processor.py:183} INFO - Processing /opt/airflow/dags/dag_streamflow.py took 0.114 seconds
[2026-01-20T05:48:22.218+0000] {processor.py:161} INFO - Started process (PID=14049) to work on /opt/airflow/dags/dag_streamflow.py
[2026-01-20T05:48:22.219+0000] {processor.py:830} INFO - Processing file /opt/airflow/dags/dag_streamflow.py for tasks to queue
[2026-01-20T05:48:22.220+0000] {logging_mixin.py:188} INFO - [2026-01-20T05:48:22.219+0000] {dagbag.py:538} INFO - Filling up the DagBag from /opt/airflow/dags/dag_streamflow.py
[2026-01-20T05:48:22.232+0000] {processor.py:840} INFO - DAG(s) 'streamflow_main' retrieved from /opt/airflow/dags/dag_streamflow.py
[2026-01-20T05:48:22.250+0000] {logging_mixin.py:188} INFO - [2026-01-20T05:48:22.250+0000] {dag.py:3036} INFO - Sync 1 DAGs
[2026-01-20T05:48:22.259+0000] {logging_mixin.py:188} INFO - [2026-01-20T05:48:22.259+0000] {dag.py:3823} INFO - Setting next_dagrun for streamflow_main to None, run_after=None
[2026-01-20T05:48:22.278+0000] {processor.py:183} INFO - Processing /opt/airflow/dags/dag_streamflow.py took 0.063 seconds
[2026-01-20T05:48:54.609+0000] {processor.py:161} INFO - Started process (PID=14062) to work on /opt/airflow/dags/dag_streamflow.py
[2026-01-20T05:48:54.611+0000] {processor.py:830} INFO - Processing file /opt/airflow/dags/dag_streamflow.py for tasks to queue
[2026-01-20T05:48:54.616+0000] {logging_mixin.py:188} INFO - [2026-01-20T05:48:54.615+0000] {dagbag.py:538} INFO - Filling up the DagBag from /opt/airflow/dags/dag_streamflow.py
[2026-01-20T05:48:54.713+0000] {processor.py:840} INFO - DAG(s) 'streamflow_main' retrieved from /opt/airflow/dags/dag_streamflow.py
[2026-01-20T05:48:54.735+0000] {logging_mixin.py:188} INFO - [2026-01-20T05:48:54.735+0000] {dag.py:3036} INFO - Sync 1 DAGs
[2026-01-20T05:48:54.746+0000] {logging_mixin.py:188} INFO - [2026-01-20T05:48:54.746+0000] {dag.py:3823} INFO - Setting next_dagrun for streamflow_main to None, run_after=None
[2026-01-20T05:48:54.764+0000] {processor.py:183} INFO - Processing /opt/airflow/dags/dag_streamflow.py took 0.158 seconds
[2026-01-20T05:49:26.042+0000] {processor.py:161} INFO - Started process (PID=14074) to work on /opt/airflow/dags/dag_streamflow.py
[2026-01-20T05:49:26.044+0000] {processor.py:830} INFO - Processing file /opt/airflow/dags/dag_streamflow.py for tasks to queue
[2026-01-20T05:49:26.045+0000] {logging_mixin.py:188} INFO - [2026-01-20T05:49:26.045+0000] {dagbag.py:538} INFO - Filling up the DagBag from /opt/airflow/dags/dag_streamflow.py
[2026-01-20T05:49:26.076+0000] {processor.py:840} INFO - DAG(s) 'streamflow_main' retrieved from /opt/airflow/dags/dag_streamflow.py
[2026-01-20T05:49:26.109+0000] {logging_mixin.py:188} INFO - [2026-01-20T05:49:26.108+0000] {dag.py:3036} INFO - Sync 1 DAGs
[2026-01-20T05:49:26.123+0000] {logging_mixin.py:188} INFO - [2026-01-20T05:49:26.123+0000] {dag.py:3823} INFO - Setting next_dagrun for streamflow_main to None, run_after=None
[2026-01-20T05:49:26.146+0000] {processor.py:183} INFO - Processing /opt/airflow/dags/dag_streamflow.py took 0.108 seconds
[2026-01-20T05:49:58.268+0000] {processor.py:161} INFO - Started process (PID=14086) to work on /opt/airflow/dags/dag_streamflow.py
[2026-01-20T05:49:58.268+0000] {processor.py:830} INFO - Processing file /opt/airflow/dags/dag_streamflow.py for tasks to queue
[2026-01-20T05:49:58.269+0000] {logging_mixin.py:188} INFO - [2026-01-20T05:49:58.269+0000] {dagbag.py:538} INFO - Filling up the DagBag from /opt/airflow/dags/dag_streamflow.py
[2026-01-20T05:49:58.282+0000] {processor.py:840} INFO - DAG(s) 'streamflow_main' retrieved from /opt/airflow/dags/dag_streamflow.py
[2026-01-20T05:49:58.303+0000] {logging_mixin.py:188} INFO - [2026-01-20T05:49:58.303+0000] {dag.py:3036} INFO - Sync 1 DAGs
[2026-01-20T05:49:58.313+0000] {logging_mixin.py:188} INFO - [2026-01-20T05:49:58.313+0000] {dag.py:3823} INFO - Setting next_dagrun for streamflow_main to None, run_after=None
[2026-01-20T05:49:58.333+0000] {processor.py:183} INFO - Processing /opt/airflow/dags/dag_streamflow.py took 0.069 seconds
[2026-01-20T05:50:30.472+0000] {processor.py:161} INFO - Started process (PID=14098) to work on /opt/airflow/dags/dag_streamflow.py
[2026-01-20T05:50:30.473+0000] {processor.py:830} INFO - Processing file /opt/airflow/dags/dag_streamflow.py for tasks to queue
[2026-01-20T05:50:30.474+0000] {logging_mixin.py:188} INFO - [2026-01-20T05:50:30.474+0000] {dagbag.py:538} INFO - Filling up the DagBag from /opt/airflow/dags/dag_streamflow.py
[2026-01-20T05:50:30.488+0000] {processor.py:840} INFO - DAG(s) 'streamflow_main' retrieved from /opt/airflow/dags/dag_streamflow.py
[2026-01-20T05:50:30.506+0000] {logging_mixin.py:188} INFO - [2026-01-20T05:50:30.506+0000] {dag.py:3036} INFO - Sync 1 DAGs
[2026-01-20T05:50:30.515+0000] {logging_mixin.py:188} INFO - [2026-01-20T05:50:30.515+0000] {dag.py:3823} INFO - Setting next_dagrun for streamflow_main to None, run_after=None
[2026-01-20T05:50:30.534+0000] {processor.py:183} INFO - Processing /opt/airflow/dags/dag_streamflow.py took 0.064 seconds
[2026-01-20T05:51:02.691+0000] {processor.py:161} INFO - Started process (PID=14110) to work on /opt/airflow/dags/dag_streamflow.py
[2026-01-20T05:51:02.693+0000] {processor.py:830} INFO - Processing file /opt/airflow/dags/dag_streamflow.py for tasks to queue
[2026-01-20T05:51:02.695+0000] {logging_mixin.py:188} INFO - [2026-01-20T05:51:02.694+0000] {dagbag.py:538} INFO - Filling up the DagBag from /opt/airflow/dags/dag_streamflow.py
[2026-01-20T05:51:02.731+0000] {processor.py:840} INFO - DAG(s) 'streamflow_main' retrieved from /opt/airflow/dags/dag_streamflow.py
[2026-01-20T05:51:02.765+0000] {logging_mixin.py:188} INFO - [2026-01-20T05:51:02.765+0000] {dag.py:3036} INFO - Sync 1 DAGs
[2026-01-20T05:51:02.782+0000] {logging_mixin.py:188} INFO - [2026-01-20T05:51:02.781+0000] {dag.py:3823} INFO - Setting next_dagrun for streamflow_main to None, run_after=None
[2026-01-20T05:51:02.807+0000] {processor.py:183} INFO - Processing /opt/airflow/dags/dag_streamflow.py took 0.121 seconds
[2026-01-20T05:51:32.944+0000] {processor.py:161} INFO - Started process (PID=14122) to work on /opt/airflow/dags/dag_streamflow.py
[2026-01-20T05:51:32.945+0000] {processor.py:830} INFO - Processing file /opt/airflow/dags/dag_streamflow.py for tasks to queue
[2026-01-20T05:51:32.946+0000] {logging_mixin.py:188} INFO - [2026-01-20T05:51:32.945+0000] {dagbag.py:538} INFO - Filling up the DagBag from /opt/airflow/dags/dag_streamflow.py
[2026-01-20T05:51:32.959+0000] {processor.py:840} INFO - DAG(s) 'streamflow_main' retrieved from /opt/airflow/dags/dag_streamflow.py
[2026-01-20T05:51:32.978+0000] {logging_mixin.py:188} INFO - [2026-01-20T05:51:32.978+0000] {dag.py:3036} INFO - Sync 1 DAGs
[2026-01-20T05:51:32.987+0000] {logging_mixin.py:188} INFO - [2026-01-20T05:51:32.987+0000] {dag.py:3823} INFO - Setting next_dagrun for streamflow_main to None, run_after=None
[2026-01-20T05:51:33.005+0000] {processor.py:183} INFO - Processing /opt/airflow/dags/dag_streamflow.py took 0.065 seconds
[2026-01-20T05:52:03.171+0000] {processor.py:161} INFO - Started process (PID=14134) to work on /opt/airflow/dags/dag_streamflow.py
[2026-01-20T05:52:03.172+0000] {processor.py:830} INFO - Processing file /opt/airflow/dags/dag_streamflow.py for tasks to queue
[2026-01-20T05:52:03.173+0000] {logging_mixin.py:188} INFO - [2026-01-20T05:52:03.173+0000] {dagbag.py:538} INFO - Filling up the DagBag from /opt/airflow/dags/dag_streamflow.py
[2026-01-20T05:52:03.185+0000] {processor.py:840} INFO - DAG(s) 'streamflow_main' retrieved from /opt/airflow/dags/dag_streamflow.py
[2026-01-20T05:52:03.205+0000] {logging_mixin.py:188} INFO - [2026-01-20T05:52:03.205+0000] {dag.py:3036} INFO - Sync 1 DAGs
[2026-01-20T05:52:03.215+0000] {logging_mixin.py:188} INFO - [2026-01-20T05:52:03.214+0000] {dag.py:3823} INFO - Setting next_dagrun for streamflow_main to None, run_after=None
[2026-01-20T05:52:03.234+0000] {processor.py:183} INFO - Processing /opt/airflow/dags/dag_streamflow.py took 0.065 seconds
[2026-01-20T05:52:33.470+0000] {processor.py:161} INFO - Started process (PID=14146) to work on /opt/airflow/dags/dag_streamflow.py
[2026-01-20T05:52:33.472+0000] {processor.py:830} INFO - Processing file /opt/airflow/dags/dag_streamflow.py for tasks to queue
[2026-01-20T05:52:33.474+0000] {logging_mixin.py:188} INFO - [2026-01-20T05:52:33.473+0000] {dagbag.py:538} INFO - Filling up the DagBag from /opt/airflow/dags/dag_streamflow.py
[2026-01-20T05:52:33.508+0000] {processor.py:840} INFO - DAG(s) 'streamflow_main' retrieved from /opt/airflow/dags/dag_streamflow.py
[2026-01-20T05:52:33.542+0000] {logging_mixin.py:188} INFO - [2026-01-20T05:52:33.541+0000] {dag.py:3036} INFO - Sync 1 DAGs
[2026-01-20T05:52:33.556+0000] {logging_mixin.py:188} INFO - [2026-01-20T05:52:33.555+0000] {dag.py:3823} INFO - Setting next_dagrun for streamflow_main to None, run_after=None
[2026-01-20T05:52:33.586+0000] {processor.py:183} INFO - Processing /opt/airflow/dags/dag_streamflow.py took 0.120 seconds
[2026-01-20T05:53:03.702+0000] {processor.py:161} INFO - Started process (PID=14158) to work on /opt/airflow/dags/dag_streamflow.py
[2026-01-20T05:53:03.704+0000] {processor.py:830} INFO - Processing file /opt/airflow/dags/dag_streamflow.py for tasks to queue
[2026-01-20T05:53:03.705+0000] {logging_mixin.py:188} INFO - [2026-01-20T05:53:03.705+0000] {dagbag.py:538} INFO - Filling up the DagBag from /opt/airflow/dags/dag_streamflow.py
[2026-01-20T05:53:03.723+0000] {processor.py:840} INFO - DAG(s) 'streamflow_main' retrieved from /opt/airflow/dags/dag_streamflow.py
[2026-01-20T05:53:03.759+0000] {logging_mixin.py:188} INFO - [2026-01-20T05:53:03.758+0000] {dag.py:3036} INFO - Sync 1 DAGs
[2026-01-20T05:53:03.771+0000] {logging_mixin.py:188} INFO - [2026-01-20T05:53:03.771+0000] {dag.py:3823} INFO - Setting next_dagrun for streamflow_main to None, run_after=None
[2026-01-20T05:53:03.799+0000] {processor.py:183} INFO - Processing /opt/airflow/dags/dag_streamflow.py took 0.100 seconds
[2026-01-20T05:53:33.936+0000] {processor.py:161} INFO - Started process (PID=14170) to work on /opt/airflow/dags/dag_streamflow.py
[2026-01-20T05:53:33.937+0000] {processor.py:830} INFO - Processing file /opt/airflow/dags/dag_streamflow.py for tasks to queue
[2026-01-20T05:53:33.938+0000] {logging_mixin.py:188} INFO - [2026-01-20T05:53:33.938+0000] {dagbag.py:538} INFO - Filling up the DagBag from /opt/airflow/dags/dag_streamflow.py
[2026-01-20T05:53:33.949+0000] {processor.py:840} INFO - DAG(s) 'streamflow_main' retrieved from /opt/airflow/dags/dag_streamflow.py
[2026-01-20T05:53:33.971+0000] {logging_mixin.py:188} INFO - [2026-01-20T05:53:33.970+0000] {dag.py:3036} INFO - Sync 1 DAGs
[2026-01-20T05:53:33.979+0000] {logging_mixin.py:188} INFO - [2026-01-20T05:53:33.979+0000] {dag.py:3823} INFO - Setting next_dagrun for streamflow_main to None, run_after=None
[2026-01-20T05:53:33.997+0000] {processor.py:183} INFO - Processing /opt/airflow/dags/dag_streamflow.py took 0.064 seconds
[2026-01-20T05:54:04.180+0000] {processor.py:161} INFO - Started process (PID=14182) to work on /opt/airflow/dags/dag_streamflow.py
[2026-01-20T05:54:04.181+0000] {processor.py:830} INFO - Processing file /opt/airflow/dags/dag_streamflow.py for tasks to queue
[2026-01-20T05:54:04.182+0000] {logging_mixin.py:188} INFO - [2026-01-20T05:54:04.181+0000] {dagbag.py:538} INFO - Filling up the DagBag from /opt/airflow/dags/dag_streamflow.py
[2026-01-20T05:54:04.200+0000] {processor.py:840} INFO - DAG(s) 'streamflow_main' retrieved from /opt/airflow/dags/dag_streamflow.py
[2026-01-20T05:54:04.223+0000] {logging_mixin.py:188} INFO - [2026-01-20T05:54:04.223+0000] {dag.py:3036} INFO - Sync 1 DAGs
[2026-01-20T05:54:04.234+0000] {logging_mixin.py:188} INFO - [2026-01-20T05:54:04.234+0000] {dag.py:3823} INFO - Setting next_dagrun for streamflow_main to None, run_after=None
[2026-01-20T05:54:04.254+0000] {processor.py:183} INFO - Processing /opt/airflow/dags/dag_streamflow.py took 0.077 seconds
[2026-01-20T05:54:34.420+0000] {processor.py:161} INFO - Started process (PID=14194) to work on /opt/airflow/dags/dag_streamflow.py
[2026-01-20T05:54:34.421+0000] {processor.py:830} INFO - Processing file /opt/airflow/dags/dag_streamflow.py for tasks to queue
[2026-01-20T05:54:34.422+0000] {logging_mixin.py:188} INFO - [2026-01-20T05:54:34.422+0000] {dagbag.py:538} INFO - Filling up the DagBag from /opt/airflow/dags/dag_streamflow.py
[2026-01-20T05:54:34.436+0000] {processor.py:840} INFO - DAG(s) 'streamflow_main' retrieved from /opt/airflow/dags/dag_streamflow.py
[2026-01-20T05:54:34.458+0000] {logging_mixin.py:188} INFO - [2026-01-20T05:54:34.457+0000] {dag.py:3036} INFO - Sync 1 DAGs
[2026-01-20T05:54:34.468+0000] {logging_mixin.py:188} INFO - [2026-01-20T05:54:34.468+0000] {dag.py:3823} INFO - Setting next_dagrun for streamflow_main to None, run_after=None
[2026-01-20T05:54:34.487+0000] {processor.py:183} INFO - Processing /opt/airflow/dags/dag_streamflow.py took 0.069 seconds
[2026-01-20T05:55:04.650+0000] {processor.py:161} INFO - Started process (PID=14206) to work on /opt/airflow/dags/dag_streamflow.py
[2026-01-20T05:55:04.651+0000] {processor.py:830} INFO - Processing file /opt/airflow/dags/dag_streamflow.py for tasks to queue
[2026-01-20T05:55:04.652+0000] {logging_mixin.py:188} INFO - [2026-01-20T05:55:04.652+0000] {dagbag.py:538} INFO - Filling up the DagBag from /opt/airflow/dags/dag_streamflow.py
[2026-01-20T05:55:04.665+0000] {processor.py:840} INFO - DAG(s) 'streamflow_main' retrieved from /opt/airflow/dags/dag_streamflow.py
[2026-01-20T05:55:04.685+0000] {logging_mixin.py:188} INFO - [2026-01-20T05:55:04.685+0000] {dag.py:3036} INFO - Sync 1 DAGs
[2026-01-20T05:55:04.694+0000] {logging_mixin.py:188} INFO - [2026-01-20T05:55:04.694+0000] {dag.py:3823} INFO - Setting next_dagrun for streamflow_main to None, run_after=None
[2026-01-20T05:55:04.712+0000] {processor.py:183} INFO - Processing /opt/airflow/dags/dag_streamflow.py took 0.064 seconds
[2026-01-20T05:55:34.865+0000] {processor.py:161} INFO - Started process (PID=14219) to work on /opt/airflow/dags/dag_streamflow.py
[2026-01-20T05:55:34.866+0000] {processor.py:830} INFO - Processing file /opt/airflow/dags/dag_streamflow.py for tasks to queue
[2026-01-20T05:55:34.866+0000] {logging_mixin.py:188} INFO - [2026-01-20T05:55:34.866+0000] {dagbag.py:538} INFO - Filling up the DagBag from /opt/airflow/dags/dag_streamflow.py
[2026-01-20T05:55:34.886+0000] {processor.py:840} INFO - DAG(s) 'streamflow_main' retrieved from /opt/airflow/dags/dag_streamflow.py
[2026-01-20T05:55:34.909+0000] {logging_mixin.py:188} INFO - [2026-01-20T05:55:34.909+0000] {dag.py:3036} INFO - Sync 1 DAGs
[2026-01-20T05:55:34.920+0000] {logging_mixin.py:188} INFO - [2026-01-20T05:55:34.920+0000] {dag.py:3823} INFO - Setting next_dagrun for streamflow_main to None, run_after=None
[2026-01-20T05:55:34.941+0000] {processor.py:183} INFO - Processing /opt/airflow/dags/dag_streamflow.py took 0.079 seconds
[2026-01-20T05:56:05.059+0000] {processor.py:161} INFO - Started process (PID=14231) to work on /opt/airflow/dags/dag_streamflow.py
[2026-01-20T05:56:05.060+0000] {processor.py:830} INFO - Processing file /opt/airflow/dags/dag_streamflow.py for tasks to queue
[2026-01-20T05:56:05.061+0000] {logging_mixin.py:188} INFO - [2026-01-20T05:56:05.060+0000] {dagbag.py:538} INFO - Filling up the DagBag from /opt/airflow/dags/dag_streamflow.py
[2026-01-20T05:56:05.075+0000] {processor.py:840} INFO - DAG(s) 'streamflow_main' retrieved from /opt/airflow/dags/dag_streamflow.py
[2026-01-20T05:56:05.104+0000] {logging_mixin.py:188} INFO - [2026-01-20T05:56:05.103+0000] {dag.py:3036} INFO - Sync 1 DAGs
[2026-01-20T05:56:05.114+0000] {logging_mixin.py:188} INFO - [2026-01-20T05:56:05.114+0000] {dag.py:3823} INFO - Setting next_dagrun for streamflow_main to None, run_after=None
[2026-01-20T05:56:05.133+0000] {processor.py:183} INFO - Processing /opt/airflow/dags/dag_streamflow.py took 0.078 seconds
[2026-01-20T05:56:35.319+0000] {processor.py:161} INFO - Started process (PID=14243) to work on /opt/airflow/dags/dag_streamflow.py
[2026-01-20T05:56:35.320+0000] {processor.py:830} INFO - Processing file /opt/airflow/dags/dag_streamflow.py for tasks to queue
[2026-01-20T05:56:35.321+0000] {logging_mixin.py:188} INFO - [2026-01-20T05:56:35.321+0000] {dagbag.py:538} INFO - Filling up the DagBag from /opt/airflow/dags/dag_streamflow.py
[2026-01-20T05:56:35.337+0000] {processor.py:840} INFO - DAG(s) 'streamflow_main' retrieved from /opt/airflow/dags/dag_streamflow.py
[2026-01-20T05:56:35.361+0000] {logging_mixin.py:188} INFO - [2026-01-20T05:56:35.361+0000] {dag.py:3036} INFO - Sync 1 DAGs
[2026-01-20T05:56:35.372+0000] {logging_mixin.py:188} INFO - [2026-01-20T05:56:35.372+0000] {dag.py:3823} INFO - Setting next_dagrun for streamflow_main to None, run_after=None
[2026-01-20T05:56:35.390+0000] {processor.py:183} INFO - Processing /opt/airflow/dags/dag_streamflow.py took 0.075 seconds
[2026-01-20T05:57:05.470+0000] {processor.py:161} INFO - Started process (PID=14255) to work on /opt/airflow/dags/dag_streamflow.py
[2026-01-20T05:57:05.471+0000] {processor.py:830} INFO - Processing file /opt/airflow/dags/dag_streamflow.py for tasks to queue
[2026-01-20T05:57:05.472+0000] {logging_mixin.py:188} INFO - [2026-01-20T05:57:05.472+0000] {dagbag.py:538} INFO - Filling up the DagBag from /opt/airflow/dags/dag_streamflow.py
[2026-01-20T05:57:05.489+0000] {processor.py:840} INFO - DAG(s) 'streamflow_main' retrieved from /opt/airflow/dags/dag_streamflow.py
[2026-01-20T05:57:05.513+0000] {logging_mixin.py:188} INFO - [2026-01-20T05:57:05.513+0000] {dag.py:3036} INFO - Sync 1 DAGs
[2026-01-20T05:57:05.525+0000] {logging_mixin.py:188} INFO - [2026-01-20T05:57:05.525+0000] {dag.py:3823} INFO - Setting next_dagrun for streamflow_main to None, run_after=None
[2026-01-20T05:57:05.545+0000] {processor.py:183} INFO - Processing /opt/airflow/dags/dag_streamflow.py took 0.079 seconds
[2026-01-20T05:57:35.754+0000] {processor.py:161} INFO - Started process (PID=14267) to work on /opt/airflow/dags/dag_streamflow.py
[2026-01-20T05:57:35.756+0000] {processor.py:830} INFO - Processing file /opt/airflow/dags/dag_streamflow.py for tasks to queue
[2026-01-20T05:57:35.757+0000] {logging_mixin.py:188} INFO - [2026-01-20T05:57:35.757+0000] {dagbag.py:538} INFO - Filling up the DagBag from /opt/airflow/dags/dag_streamflow.py
[2026-01-20T05:57:35.777+0000] {processor.py:840} INFO - DAG(s) 'streamflow_main' retrieved from /opt/airflow/dags/dag_streamflow.py
[2026-01-20T05:57:35.804+0000] {logging_mixin.py:188} INFO - [2026-01-20T05:57:35.804+0000] {dag.py:3036} INFO - Sync 1 DAGs
[2026-01-20T05:57:35.818+0000] {logging_mixin.py:188} INFO - [2026-01-20T05:57:35.817+0000] {dag.py:3823} INFO - Setting next_dagrun for streamflow_main to None, run_after=None
[2026-01-20T05:57:35.841+0000] {processor.py:183} INFO - Processing /opt/airflow/dags/dag_streamflow.py took 0.090 seconds
[2026-01-20T05:58:05.939+0000] {processor.py:161} INFO - Started process (PID=14279) to work on /opt/airflow/dags/dag_streamflow.py
[2026-01-20T05:58:05.941+0000] {processor.py:830} INFO - Processing file /opt/airflow/dags/dag_streamflow.py for tasks to queue
[2026-01-20T05:58:05.942+0000] {logging_mixin.py:188} INFO - [2026-01-20T05:58:05.942+0000] {dagbag.py:538} INFO - Filling up the DagBag from /opt/airflow/dags/dag_streamflow.py
[2026-01-20T05:58:05.960+0000] {processor.py:840} INFO - DAG(s) 'streamflow_main' retrieved from /opt/airflow/dags/dag_streamflow.py
[2026-01-20T05:58:05.981+0000] {logging_mixin.py:188} INFO - [2026-01-20T05:58:05.981+0000] {dag.py:3036} INFO - Sync 1 DAGs
[2026-01-20T05:58:05.991+0000] {logging_mixin.py:188} INFO - [2026-01-20T05:58:05.991+0000] {dag.py:3823} INFO - Setting next_dagrun for streamflow_main to None, run_after=None
[2026-01-20T05:58:06.010+0000] {processor.py:183} INFO - Processing /opt/airflow/dags/dag_streamflow.py took 0.074 seconds
[2026-01-20T05:58:36.249+0000] {processor.py:161} INFO - Started process (PID=14291) to work on /opt/airflow/dags/dag_streamflow.py
[2026-01-20T05:58:36.250+0000] {processor.py:830} INFO - Processing file /opt/airflow/dags/dag_streamflow.py for tasks to queue
[2026-01-20T05:58:36.251+0000] {logging_mixin.py:188} INFO - [2026-01-20T05:58:36.250+0000] {dagbag.py:538} INFO - Filling up the DagBag from /opt/airflow/dags/dag_streamflow.py
[2026-01-20T05:58:36.267+0000] {processor.py:840} INFO - DAG(s) 'streamflow_main' retrieved from /opt/airflow/dags/dag_streamflow.py
[2026-01-20T05:58:36.290+0000] {logging_mixin.py:188} INFO - [2026-01-20T05:58:36.290+0000] {dag.py:3036} INFO - Sync 1 DAGs
[2026-01-20T05:58:36.301+0000] {logging_mixin.py:188} INFO - [2026-01-20T05:58:36.301+0000] {dag.py:3823} INFO - Setting next_dagrun for streamflow_main to None, run_after=None
[2026-01-20T05:58:36.327+0000] {processor.py:183} INFO - Processing /opt/airflow/dags/dag_streamflow.py took 0.080 seconds
[2026-01-20T05:59:06.445+0000] {processor.py:161} INFO - Started process (PID=14303) to work on /opt/airflow/dags/dag_streamflow.py
[2026-01-20T05:59:06.446+0000] {processor.py:830} INFO - Processing file /opt/airflow/dags/dag_streamflow.py for tasks to queue
[2026-01-20T05:59:06.447+0000] {logging_mixin.py:188} INFO - [2026-01-20T05:59:06.446+0000] {dagbag.py:538} INFO - Filling up the DagBag from /opt/airflow/dags/dag_streamflow.py
[2026-01-20T05:59:06.460+0000] {processor.py:840} INFO - DAG(s) 'streamflow_main' retrieved from /opt/airflow/dags/dag_streamflow.py
[2026-01-20T05:59:06.481+0000] {logging_mixin.py:188} INFO - [2026-01-20T05:59:06.481+0000] {dag.py:3036} INFO - Sync 1 DAGs
[2026-01-20T05:59:06.491+0000] {logging_mixin.py:188} INFO - [2026-01-20T05:59:06.491+0000] {dag.py:3823} INFO - Setting next_dagrun for streamflow_main to None, run_after=None
[2026-01-20T05:59:06.512+0000] {processor.py:183} INFO - Processing /opt/airflow/dags/dag_streamflow.py took 0.071 seconds
[2026-01-20T05:59:36.641+0000] {processor.py:161} INFO - Started process (PID=14308) to work on /opt/airflow/dags/dag_streamflow.py
[2026-01-20T05:59:36.642+0000] {processor.py:830} INFO - Processing file /opt/airflow/dags/dag_streamflow.py for tasks to queue
[2026-01-20T05:59:36.643+0000] {logging_mixin.py:188} INFO - [2026-01-20T05:59:36.642+0000] {dagbag.py:538} INFO - Filling up the DagBag from /opt/airflow/dags/dag_streamflow.py
[2026-01-20T05:59:36.657+0000] {processor.py:840} INFO - DAG(s) 'streamflow_main' retrieved from /opt/airflow/dags/dag_streamflow.py
[2026-01-20T05:59:36.687+0000] {logging_mixin.py:188} INFO - [2026-01-20T05:59:36.687+0000] {dag.py:3036} INFO - Sync 1 DAGs
[2026-01-20T05:59:36.698+0000] {logging_mixin.py:188} INFO - [2026-01-20T05:59:36.698+0000] {dag.py:3823} INFO - Setting next_dagrun for streamflow_main to None, run_after=None
[2026-01-20T05:59:36.720+0000] {processor.py:183} INFO - Processing /opt/airflow/dags/dag_streamflow.py took 0.082 seconds
[2026-01-20T06:00:06.845+0000] {processor.py:161} INFO - Started process (PID=14320) to work on /opt/airflow/dags/dag_streamflow.py
[2026-01-20T06:00:06.846+0000] {processor.py:830} INFO - Processing file /opt/airflow/dags/dag_streamflow.py for tasks to queue
[2026-01-20T06:00:06.847+0000] {logging_mixin.py:188} INFO - [2026-01-20T06:00:06.847+0000] {dagbag.py:538} INFO - Filling up the DagBag from /opt/airflow/dags/dag_streamflow.py
[2026-01-20T06:00:06.861+0000] {processor.py:840} INFO - DAG(s) 'streamflow_main' retrieved from /opt/airflow/dags/dag_streamflow.py
[2026-01-20T06:00:06.884+0000] {logging_mixin.py:188} INFO - [2026-01-20T06:00:06.884+0000] {dag.py:3036} INFO - Sync 1 DAGs
[2026-01-20T06:00:06.894+0000] {logging_mixin.py:188} INFO - [2026-01-20T06:00:06.894+0000] {dag.py:3823} INFO - Setting next_dagrun for streamflow_main to None, run_after=None
[2026-01-20T06:00:06.913+0000] {processor.py:183} INFO - Processing /opt/airflow/dags/dag_streamflow.py took 0.072 seconds
[2026-01-20T06:00:39.088+0000] {processor.py:161} INFO - Started process (PID=14332) to work on /opt/airflow/dags/dag_streamflow.py
[2026-01-20T06:00:39.090+0000] {processor.py:830} INFO - Processing file /opt/airflow/dags/dag_streamflow.py for tasks to queue
[2026-01-20T06:00:39.091+0000] {logging_mixin.py:188} INFO - [2026-01-20T06:00:39.090+0000] {dagbag.py:538} INFO - Filling up the DagBag from /opt/airflow/dags/dag_streamflow.py
[2026-01-20T06:00:39.114+0000] {processor.py:840} INFO - DAG(s) 'streamflow_main' retrieved from /opt/airflow/dags/dag_streamflow.py
[2026-01-20T06:00:39.143+0000] {logging_mixin.py:188} INFO - [2026-01-20T06:00:39.143+0000] {dag.py:3036} INFO - Sync 1 DAGs
[2026-01-20T06:00:39.158+0000] {logging_mixin.py:188} INFO - [2026-01-20T06:00:39.158+0000] {dag.py:3823} INFO - Setting next_dagrun for streamflow_main to None, run_after=None
[2026-01-20T06:00:39.185+0000] {processor.py:183} INFO - Processing /opt/airflow/dags/dag_streamflow.py took 0.100 seconds
[2026-01-20T06:01:11.307+0000] {processor.py:161} INFO - Started process (PID=14344) to work on /opt/airflow/dags/dag_streamflow.py
[2026-01-20T06:01:11.308+0000] {processor.py:830} INFO - Processing file /opt/airflow/dags/dag_streamflow.py for tasks to queue
[2026-01-20T06:01:11.309+0000] {logging_mixin.py:188} INFO - [2026-01-20T06:01:11.309+0000] {dagbag.py:538} INFO - Filling up the DagBag from /opt/airflow/dags/dag_streamflow.py
[2026-01-20T06:01:11.332+0000] {processor.py:840} INFO - DAG(s) 'streamflow_main' retrieved from /opt/airflow/dags/dag_streamflow.py
[2026-01-20T06:01:11.366+0000] {logging_mixin.py:188} INFO - [2026-01-20T06:01:11.365+0000] {dag.py:3036} INFO - Sync 1 DAGs
[2026-01-20T06:01:11.383+0000] {logging_mixin.py:188} INFO - [2026-01-20T06:01:11.383+0000] {dag.py:3823} INFO - Setting next_dagrun for streamflow_main to None, run_after=None
[2026-01-20T06:01:11.413+0000] {processor.py:183} INFO - Processing /opt/airflow/dags/dag_streamflow.py took 0.110 seconds
[2026-01-20T06:01:43.558+0000] {processor.py:161} INFO - Started process (PID=14356) to work on /opt/airflow/dags/dag_streamflow.py
[2026-01-20T06:01:43.560+0000] {processor.py:830} INFO - Processing file /opt/airflow/dags/dag_streamflow.py for tasks to queue
[2026-01-20T06:01:43.562+0000] {logging_mixin.py:188} INFO - [2026-01-20T06:01:43.562+0000] {dagbag.py:538} INFO - Filling up the DagBag from /opt/airflow/dags/dag_streamflow.py
[2026-01-20T06:01:43.589+0000] {processor.py:840} INFO - DAG(s) 'streamflow_main' retrieved from /opt/airflow/dags/dag_streamflow.py
[2026-01-20T06:01:43.618+0000] {logging_mixin.py:188} INFO - [2026-01-20T06:01:43.618+0000] {dag.py:3036} INFO - Sync 1 DAGs
[2026-01-20T06:01:43.633+0000] {logging_mixin.py:188} INFO - [2026-01-20T06:01:43.633+0000] {dag.py:3823} INFO - Setting next_dagrun for streamflow_main to None, run_after=None
[2026-01-20T06:01:43.658+0000] {processor.py:183} INFO - Processing /opt/airflow/dags/dag_streamflow.py took 0.103 seconds
[2026-01-20T06:02:14.838+0000] {processor.py:161} INFO - Started process (PID=14368) to work on /opt/airflow/dags/dag_streamflow.py
[2026-01-20T06:02:14.839+0000] {processor.py:830} INFO - Processing file /opt/airflow/dags/dag_streamflow.py for tasks to queue
[2026-01-20T06:02:14.839+0000] {logging_mixin.py:188} INFO - [2026-01-20T06:02:14.839+0000] {dagbag.py:538} INFO - Filling up the DagBag from /opt/airflow/dags/dag_streamflow.py
[2026-01-20T06:02:14.852+0000] {processor.py:840} INFO - DAG(s) 'streamflow_main' retrieved from /opt/airflow/dags/dag_streamflow.py
[2026-01-20T06:02:14.873+0000] {logging_mixin.py:188} INFO - [2026-01-20T06:02:14.872+0000] {dag.py:3036} INFO - Sync 1 DAGs
[2026-01-20T06:02:14.882+0000] {logging_mixin.py:188} INFO - [2026-01-20T06:02:14.882+0000] {dag.py:3823} INFO - Setting next_dagrun for streamflow_main to None, run_after=None
[2026-01-20T06:02:14.901+0000] {processor.py:183} INFO - Processing /opt/airflow/dags/dag_streamflow.py took 0.066 seconds
[2026-01-20T06:02:47.027+0000] {processor.py:161} INFO - Started process (PID=14380) to work on /opt/airflow/dags/dag_streamflow.py
[2026-01-20T06:02:47.027+0000] {processor.py:830} INFO - Processing file /opt/airflow/dags/dag_streamflow.py for tasks to queue
[2026-01-20T06:02:47.028+0000] {logging_mixin.py:188} INFO - [2026-01-20T06:02:47.028+0000] {dagbag.py:538} INFO - Filling up the DagBag from /opt/airflow/dags/dag_streamflow.py
[2026-01-20T06:02:47.044+0000] {processor.py:840} INFO - DAG(s) 'streamflow_main' retrieved from /opt/airflow/dags/dag_streamflow.py
[2026-01-20T06:02:47.065+0000] {logging_mixin.py:188} INFO - [2026-01-20T06:02:47.065+0000] {dag.py:3036} INFO - Sync 1 DAGs
[2026-01-20T06:02:47.076+0000] {logging_mixin.py:188} INFO - [2026-01-20T06:02:47.075+0000] {dag.py:3823} INFO - Setting next_dagrun for streamflow_main to None, run_after=None
[2026-01-20T06:02:47.094+0000] {processor.py:183} INFO - Processing /opt/airflow/dags/dag_streamflow.py took 0.070 seconds
[2026-01-20T06:03:19.306+0000] {processor.py:161} INFO - Started process (PID=14392) to work on /opt/airflow/dags/dag_streamflow.py
[2026-01-20T06:03:19.307+0000] {processor.py:830} INFO - Processing file /opt/airflow/dags/dag_streamflow.py for tasks to queue
[2026-01-20T06:03:19.308+0000] {logging_mixin.py:188} INFO - [2026-01-20T06:03:19.308+0000] {dagbag.py:538} INFO - Filling up the DagBag from /opt/airflow/dags/dag_streamflow.py
[2026-01-20T06:03:19.339+0000] {processor.py:840} INFO - DAG(s) 'streamflow_main' retrieved from /opt/airflow/dags/dag_streamflow.py
[2026-01-20T06:03:19.371+0000] {logging_mixin.py:188} INFO - [2026-01-20T06:03:19.371+0000] {dag.py:3036} INFO - Sync 1 DAGs
[2026-01-20T06:03:19.387+0000] {logging_mixin.py:188} INFO - [2026-01-20T06:03:19.386+0000] {dag.py:3823} INFO - Setting next_dagrun for streamflow_main to None, run_after=None
[2026-01-20T06:03:19.415+0000] {processor.py:183} INFO - Processing /opt/airflow/dags/dag_streamflow.py took 0.113 seconds
[2026-01-20T06:03:51.512+0000] {processor.py:161} INFO - Started process (PID=14404) to work on /opt/airflow/dags/dag_streamflow.py
[2026-01-20T06:03:51.513+0000] {processor.py:830} INFO - Processing file /opt/airflow/dags/dag_streamflow.py for tasks to queue
[2026-01-20T06:03:51.514+0000] {logging_mixin.py:188} INFO - [2026-01-20T06:03:51.514+0000] {dagbag.py:538} INFO - Filling up the DagBag from /opt/airflow/dags/dag_streamflow.py
[2026-01-20T06:03:51.531+0000] {processor.py:840} INFO - DAG(s) 'streamflow_main' retrieved from /opt/airflow/dags/dag_streamflow.py
[2026-01-20T06:03:51.554+0000] {logging_mixin.py:188} INFO - [2026-01-20T06:03:51.554+0000] {dag.py:3036} INFO - Sync 1 DAGs
[2026-01-20T06:03:51.563+0000] {logging_mixin.py:188} INFO - [2026-01-20T06:03:51.563+0000] {dag.py:3823} INFO - Setting next_dagrun for streamflow_main to None, run_after=None
[2026-01-20T06:03:51.582+0000] {processor.py:183} INFO - Processing /opt/airflow/dags/dag_streamflow.py took 0.071 seconds
[2026-01-20T06:04:21.686+0000] {processor.py:161} INFO - Started process (PID=14416) to work on /opt/airflow/dags/dag_streamflow.py
[2026-01-20T06:04:21.686+0000] {processor.py:830} INFO - Processing file /opt/airflow/dags/dag_streamflow.py for tasks to queue
[2026-01-20T06:04:21.687+0000] {logging_mixin.py:188} INFO - [2026-01-20T06:04:21.687+0000] {dagbag.py:538} INFO - Filling up the DagBag from /opt/airflow/dags/dag_streamflow.py
[2026-01-20T06:04:21.699+0000] {processor.py:840} INFO - DAG(s) 'streamflow_main' retrieved from /opt/airflow/dags/dag_streamflow.py
[2026-01-20T06:04:21.719+0000] {logging_mixin.py:188} INFO - [2026-01-20T06:04:21.719+0000] {dag.py:3036} INFO - Sync 1 DAGs
[2026-01-20T06:04:22.778+0000] {logging_mixin.py:188} INFO - [2026-01-20T06:04:22.778+0000] {dag.py:3823} INFO - Setting next_dagrun for streamflow_main to None, run_after=None
[2026-01-20T06:04:22.801+0000] {processor.py:183} INFO - Processing /opt/airflow/dags/dag_streamflow.py took 0.069 seconds
[2026-01-20T06:04:54.942+0000] {processor.py:161} INFO - Started process (PID=14428) to work on /opt/airflow/dags/dag_streamflow.py
[2026-01-20T06:04:54.943+0000] {processor.py:830} INFO - Processing file /opt/airflow/dags/dag_streamflow.py for tasks to queue
[2026-01-20T06:04:54.945+0000] {logging_mixin.py:188} INFO - [2026-01-20T06:04:54.944+0000] {dagbag.py:538} INFO - Filling up the DagBag from /opt/airflow/dags/dag_streamflow.py
[2026-01-20T06:04:54.966+0000] {processor.py:840} INFO - DAG(s) 'streamflow_main' retrieved from /opt/airflow/dags/dag_streamflow.py
[2026-01-20T06:04:54.998+0000] {logging_mixin.py:188} INFO - [2026-01-20T06:04:54.997+0000] {dag.py:3036} INFO - Sync 1 DAGs
[2026-01-20T06:04:55.011+0000] {logging_mixin.py:188} INFO - [2026-01-20T06:04:55.011+0000] {dag.py:3823} INFO - Setting next_dagrun for streamflow_main to None, run_after=None
[2026-01-20T06:04:55.037+0000] {processor.py:183} INFO - Processing /opt/airflow/dags/dag_streamflow.py took 0.099 seconds
[2026-01-20T06:05:27.127+0000] {processor.py:161} INFO - Started process (PID=14440) to work on /opt/airflow/dags/dag_streamflow.py
[2026-01-20T06:05:27.128+0000] {processor.py:830} INFO - Processing file /opt/airflow/dags/dag_streamflow.py for tasks to queue
[2026-01-20T06:05:27.129+0000] {logging_mixin.py:188} INFO - [2026-01-20T06:05:27.129+0000] {dagbag.py:538} INFO - Filling up the DagBag from /opt/airflow/dags/dag_streamflow.py
[2026-01-20T06:05:27.142+0000] {processor.py:840} INFO - DAG(s) 'streamflow_main' retrieved from /opt/airflow/dags/dag_streamflow.py
[2026-01-20T06:05:27.162+0000] {logging_mixin.py:188} INFO - [2026-01-20T06:05:27.162+0000] {dag.py:3036} INFO - Sync 1 DAGs
[2026-01-20T06:05:27.171+0000] {logging_mixin.py:188} INFO - [2026-01-20T06:05:27.171+0000] {dag.py:3823} INFO - Setting next_dagrun for streamflow_main to None, run_after=None
[2026-01-20T06:05:27.188+0000] {processor.py:183} INFO - Processing /opt/airflow/dags/dag_streamflow.py took 0.063 seconds
[2026-01-20T06:05:59.369+0000] {processor.py:161} INFO - Started process (PID=14452) to work on /opt/airflow/dags/dag_streamflow.py
[2026-01-20T06:05:59.370+0000] {processor.py:830} INFO - Processing file /opt/airflow/dags/dag_streamflow.py for tasks to queue
[2026-01-20T06:05:59.372+0000] {logging_mixin.py:188} INFO - [2026-01-20T06:05:59.372+0000] {dagbag.py:538} INFO - Filling up the DagBag from /opt/airflow/dags/dag_streamflow.py
[2026-01-20T06:05:59.392+0000] {processor.py:840} INFO - DAG(s) 'streamflow_main' retrieved from /opt/airflow/dags/dag_streamflow.py
[2026-01-20T06:05:59.419+0000] {logging_mixin.py:188} INFO - [2026-01-20T06:05:59.419+0000] {dag.py:3036} INFO - Sync 1 DAGs
[2026-01-20T06:05:59.431+0000] {logging_mixin.py:188} INFO - [2026-01-20T06:05:59.431+0000] {dag.py:3823} INFO - Setting next_dagrun for streamflow_main to None, run_after=None
[2026-01-20T06:05:59.458+0000] {processor.py:183} INFO - Processing /opt/airflow/dags/dag_streamflow.py took 0.092 seconds
[2026-01-20T06:06:31.542+0000] {processor.py:161} INFO - Started process (PID=14464) to work on /opt/airflow/dags/dag_streamflow.py
[2026-01-20T06:06:31.543+0000] {processor.py:830} INFO - Processing file /opt/airflow/dags/dag_streamflow.py for tasks to queue
[2026-01-20T06:06:31.544+0000] {logging_mixin.py:188} INFO - [2026-01-20T06:06:31.544+0000] {dagbag.py:538} INFO - Filling up the DagBag from /opt/airflow/dags/dag_streamflow.py
[2026-01-20T06:06:31.574+0000] {processor.py:840} INFO - DAG(s) 'streamflow_main' retrieved from /opt/airflow/dags/dag_streamflow.py
[2026-01-20T06:06:31.611+0000] {logging_mixin.py:188} INFO - [2026-01-20T06:06:31.611+0000] {dag.py:3036} INFO - Sync 1 DAGs
[2026-01-20T06:06:31.627+0000] {logging_mixin.py:188} INFO - [2026-01-20T06:06:31.626+0000] {dag.py:3823} INFO - Setting next_dagrun for streamflow_main to None, run_after=None
[2026-01-20T06:06:31.653+0000] {processor.py:183} INFO - Processing /opt/airflow/dags/dag_streamflow.py took 0.115 seconds
[2026-01-20T06:07:01.767+0000] {processor.py:161} INFO - Started process (PID=14476) to work on /opt/airflow/dags/dag_streamflow.py
[2026-01-20T06:07:01.768+0000] {processor.py:830} INFO - Processing file /opt/airflow/dags/dag_streamflow.py for tasks to queue
[2026-01-20T06:07:01.770+0000] {logging_mixin.py:188} INFO - [2026-01-20T06:07:01.770+0000] {dagbag.py:538} INFO - Filling up the DagBag from /opt/airflow/dags/dag_streamflow.py
[2026-01-20T06:07:01.790+0000] {processor.py:840} INFO - DAG(s) 'streamflow_main' retrieved from /opt/airflow/dags/dag_streamflow.py
[2026-01-20T06:07:02.868+0000] {logging_mixin.py:188} INFO - [2026-01-20T06:07:02.867+0000] {dag.py:3036} INFO - Sync 1 DAGs
[2026-01-20T06:07:02.882+0000] {logging_mixin.py:188} INFO - [2026-01-20T06:07:02.881+0000] {dag.py:3823} INFO - Setting next_dagrun for streamflow_main to None, run_after=None
[2026-01-20T06:07:02.904+0000] {processor.py:183} INFO - Processing /opt/airflow/dags/dag_streamflow.py took 0.091 seconds
[2026-01-20T06:07:34.990+0000] {processor.py:161} INFO - Started process (PID=14488) to work on /opt/airflow/dags/dag_streamflow.py
[2026-01-20T06:07:34.991+0000] {processor.py:830} INFO - Processing file /opt/airflow/dags/dag_streamflow.py for tasks to queue
[2026-01-20T06:07:34.992+0000] {logging_mixin.py:188} INFO - [2026-01-20T06:07:34.992+0000] {dagbag.py:538} INFO - Filling up the DagBag from /opt/airflow/dags/dag_streamflow.py
[2026-01-20T06:07:35.012+0000] {processor.py:840} INFO - DAG(s) 'streamflow_main' retrieved from /opt/airflow/dags/dag_streamflow.py
[2026-01-20T06:07:35.035+0000] {logging_mixin.py:188} INFO - [2026-01-20T06:07:35.035+0000] {dag.py:3036} INFO - Sync 1 DAGs
[2026-01-20T06:07:35.045+0000] {logging_mixin.py:188} INFO - [2026-01-20T06:07:35.045+0000] {dag.py:3823} INFO - Setting next_dagrun for streamflow_main to None, run_after=None
[2026-01-20T06:07:35.061+0000] {processor.py:183} INFO - Processing /opt/airflow/dags/dag_streamflow.py took 0.073 seconds
[2026-01-20T06:08:07.265+0000] {processor.py:161} INFO - Started process (PID=14500) to work on /opt/airflow/dags/dag_streamflow.py
[2026-01-20T06:08:07.266+0000] {processor.py:830} INFO - Processing file /opt/airflow/dags/dag_streamflow.py for tasks to queue
[2026-01-20T06:08:07.267+0000] {logging_mixin.py:188} INFO - [2026-01-20T06:08:07.266+0000] {dagbag.py:538} INFO - Filling up the DagBag from /opt/airflow/dags/dag_streamflow.py
[2026-01-20T06:08:07.282+0000] {processor.py:840} INFO - DAG(s) 'streamflow_main' retrieved from /opt/airflow/dags/dag_streamflow.py
[2026-01-20T06:08:07.305+0000] {logging_mixin.py:188} INFO - [2026-01-20T06:08:07.305+0000] {dag.py:3036} INFO - Sync 1 DAGs
[2026-01-20T06:08:07.317+0000] {logging_mixin.py:188} INFO - [2026-01-20T06:08:07.317+0000] {dag.py:3823} INFO - Setting next_dagrun for streamflow_main to None, run_after=None
[2026-01-20T06:08:07.335+0000] {processor.py:183} INFO - Processing /opt/airflow/dags/dag_streamflow.py took 0.072 seconds
[2026-01-20T06:08:39.449+0000] {processor.py:161} INFO - Started process (PID=14512) to work on /opt/airflow/dags/dag_streamflow.py
[2026-01-20T06:08:39.450+0000] {processor.py:830} INFO - Processing file /opt/airflow/dags/dag_streamflow.py for tasks to queue
[2026-01-20T06:08:39.451+0000] {logging_mixin.py:188} INFO - [2026-01-20T06:08:39.451+0000] {dagbag.py:538} INFO - Filling up the DagBag from /opt/airflow/dags/dag_streamflow.py
[2026-01-20T06:08:39.467+0000] {processor.py:840} INFO - DAG(s) 'streamflow_main' retrieved from /opt/airflow/dags/dag_streamflow.py
[2026-01-20T06:08:39.490+0000] {logging_mixin.py:188} INFO - [2026-01-20T06:08:39.490+0000] {dag.py:3036} INFO - Sync 1 DAGs
[2026-01-20T06:08:39.501+0000] {logging_mixin.py:188} INFO - [2026-01-20T06:08:39.501+0000] {dag.py:3823} INFO - Setting next_dagrun for streamflow_main to None, run_after=None
[2026-01-20T06:08:39.520+0000] {processor.py:183} INFO - Processing /opt/airflow/dags/dag_streamflow.py took 0.075 seconds
[2026-01-20T06:09:11.719+0000] {processor.py:161} INFO - Started process (PID=14524) to work on /opt/airflow/dags/dag_streamflow.py
[2026-01-20T06:09:11.721+0000] {processor.py:830} INFO - Processing file /opt/airflow/dags/dag_streamflow.py for tasks to queue
[2026-01-20T06:09:11.722+0000] {logging_mixin.py:188} INFO - [2026-01-20T06:09:11.722+0000] {dagbag.py:538} INFO - Filling up the DagBag from /opt/airflow/dags/dag_streamflow.py
[2026-01-20T06:09:11.744+0000] {processor.py:840} INFO - DAG(s) 'streamflow_main' retrieved from /opt/airflow/dags/dag_streamflow.py
[2026-01-20T06:09:11.773+0000] {logging_mixin.py:188} INFO - [2026-01-20T06:09:11.773+0000] {dag.py:3036} INFO - Sync 1 DAGs
[2026-01-20T06:09:11.787+0000] {logging_mixin.py:188} INFO - [2026-01-20T06:09:11.786+0000] {dag.py:3823} INFO - Setting next_dagrun for streamflow_main to None, run_after=None
[2026-01-20T06:09:11.810+0000] {processor.py:183} INFO - Processing /opt/airflow/dags/dag_streamflow.py took 0.094 seconds
[2026-01-20T06:09:41.877+0000] {processor.py:161} INFO - Started process (PID=14536) to work on /opt/airflow/dags/dag_streamflow.py
[2026-01-20T06:09:41.879+0000] {processor.py:830} INFO - Processing file /opt/airflow/dags/dag_streamflow.py for tasks to queue
[2026-01-20T06:09:41.881+0000] {logging_mixin.py:188} INFO - [2026-01-20T06:09:41.880+0000] {dagbag.py:538} INFO - Filling up the DagBag from /opt/airflow/dags/dag_streamflow.py
[2026-01-20T06:09:42.953+0000] {processor.py:840} INFO - DAG(s) 'streamflow_main' retrieved from /opt/airflow/dags/dag_streamflow.py
[2026-01-20T06:09:42.988+0000] {logging_mixin.py:188} INFO - [2026-01-20T06:09:42.988+0000] {dag.py:3036} INFO - Sync 1 DAGs
[2026-01-20T06:09:43.003+0000] {logging_mixin.py:188} INFO - [2026-01-20T06:09:43.003+0000] {dag.py:3823} INFO - Setting next_dagrun for streamflow_main to None, run_after=None
[2026-01-20T06:09:43.029+0000] {processor.py:183} INFO - Processing /opt/airflow/dags/dag_streamflow.py took 0.114 seconds
[2026-01-20T06:10:15.206+0000] {processor.py:161} INFO - Started process (PID=14548) to work on /opt/airflow/dags/dag_streamflow.py
[2026-01-20T06:10:15.207+0000] {processor.py:830} INFO - Processing file /opt/airflow/dags/dag_streamflow.py for tasks to queue
[2026-01-20T06:10:15.208+0000] {logging_mixin.py:188} INFO - [2026-01-20T06:10:15.208+0000] {dagbag.py:538} INFO - Filling up the DagBag from /opt/airflow/dags/dag_streamflow.py
[2026-01-20T06:10:15.226+0000] {processor.py:840} INFO - DAG(s) 'streamflow_main' retrieved from /opt/airflow/dags/dag_streamflow.py
[2026-01-20T06:10:15.252+0000] {logging_mixin.py:188} INFO - [2026-01-20T06:10:15.252+0000] {dag.py:3036} INFO - Sync 1 DAGs
[2026-01-20T06:10:15.266+0000] {logging_mixin.py:188} INFO - [2026-01-20T06:10:15.265+0000] {dag.py:3823} INFO - Setting next_dagrun for streamflow_main to None, run_after=None
[2026-01-20T06:10:15.291+0000] {processor.py:183} INFO - Processing /opt/airflow/dags/dag_streamflow.py took 0.088 seconds
[2026-01-20T06:10:47.386+0000] {processor.py:161} INFO - Started process (PID=14560) to work on /opt/airflow/dags/dag_streamflow.py
[2026-01-20T06:10:47.388+0000] {processor.py:830} INFO - Processing file /opt/airflow/dags/dag_streamflow.py for tasks to queue
[2026-01-20T06:10:47.389+0000] {logging_mixin.py:188} INFO - [2026-01-20T06:10:47.389+0000] {dagbag.py:538} INFO - Filling up the DagBag from /opt/airflow/dags/dag_streamflow.py
[2026-01-20T06:10:47.417+0000] {processor.py:840} INFO - DAG(s) 'streamflow_main' retrieved from /opt/airflow/dags/dag_streamflow.py
[2026-01-20T06:10:47.446+0000] {logging_mixin.py:188} INFO - [2026-01-20T06:10:47.446+0000] {dag.py:3036} INFO - Sync 1 DAGs
[2026-01-20T06:10:47.459+0000] {logging_mixin.py:188} INFO - [2026-01-20T06:10:47.458+0000] {dag.py:3823} INFO - Setting next_dagrun for streamflow_main to None, run_after=None
[2026-01-20T06:10:47.481+0000] {processor.py:183} INFO - Processing /opt/airflow/dags/dag_streamflow.py took 0.099 seconds
[2026-01-20T06:11:19.620+0000] {processor.py:161} INFO - Started process (PID=14572) to work on /opt/airflow/dags/dag_streamflow.py
[2026-01-20T06:11:19.622+0000] {processor.py:830} INFO - Processing file /opt/airflow/dags/dag_streamflow.py for tasks to queue
[2026-01-20T06:11:19.623+0000] {logging_mixin.py:188} INFO - [2026-01-20T06:11:19.623+0000] {dagbag.py:538} INFO - Filling up the DagBag from /opt/airflow/dags/dag_streamflow.py
[2026-01-20T06:11:19.654+0000] {processor.py:840} INFO - DAG(s) 'streamflow_main' retrieved from /opt/airflow/dags/dag_streamflow.py
[2026-01-20T06:11:19.684+0000] {logging_mixin.py:188} INFO - [2026-01-20T06:11:19.684+0000] {dag.py:3036} INFO - Sync 1 DAGs
[2026-01-20T06:11:19.697+0000] {logging_mixin.py:188} INFO - [2026-01-20T06:11:19.697+0000] {dag.py:3823} INFO - Setting next_dagrun for streamflow_main to None, run_after=None
[2026-01-20T06:11:19.723+0000] {processor.py:183} INFO - Processing /opt/airflow/dags/dag_streamflow.py took 0.107 seconds
[2026-01-20T06:11:49.907+0000] {processor.py:161} INFO - Started process (PID=14584) to work on /opt/airflow/dags/dag_streamflow.py
[2026-01-20T06:11:49.908+0000] {processor.py:830} INFO - Processing file /opt/airflow/dags/dag_streamflow.py for tasks to queue
[2026-01-20T06:11:49.909+0000] {logging_mixin.py:188} INFO - [2026-01-20T06:11:49.909+0000] {dagbag.py:538} INFO - Filling up the DagBag from /opt/airflow/dags/dag_streamflow.py
[2026-01-20T06:11:49.935+0000] {processor.py:840} INFO - DAG(s) 'streamflow_main' retrieved from /opt/airflow/dags/dag_streamflow.py
[2026-01-20T06:11:49.966+0000] {logging_mixin.py:188} INFO - [2026-01-20T06:11:49.966+0000] {dag.py:3036} INFO - Sync 1 DAGs
[2026-01-20T06:11:51.018+0000] {logging_mixin.py:188} INFO - [2026-01-20T06:11:51.018+0000] {dag.py:3823} INFO - Setting next_dagrun for streamflow_main to None, run_after=None
[2026-01-20T06:11:51.040+0000] {processor.py:183} INFO - Processing /opt/airflow/dags/dag_streamflow.py took 0.097 seconds
[2026-01-20T06:12:23.127+0000] {processor.py:161} INFO - Started process (PID=14596) to work on /opt/airflow/dags/dag_streamflow.py
[2026-01-20T06:12:23.128+0000] {processor.py:830} INFO - Processing file /opt/airflow/dags/dag_streamflow.py for tasks to queue
[2026-01-20T06:12:23.129+0000] {logging_mixin.py:188} INFO - [2026-01-20T06:12:23.129+0000] {dagbag.py:538} INFO - Filling up the DagBag from /opt/airflow/dags/dag_streamflow.py
[2026-01-20T06:12:23.149+0000] {processor.py:840} INFO - DAG(s) 'streamflow_main' retrieved from /opt/airflow/dags/dag_streamflow.py
[2026-01-20T06:12:23.182+0000] {logging_mixin.py:188} INFO - [2026-01-20T06:12:23.182+0000] {dag.py:3036} INFO - Sync 1 DAGs
[2026-01-20T06:12:23.195+0000] {logging_mixin.py:188} INFO - [2026-01-20T06:12:23.195+0000] {dag.py:3823} INFO - Setting next_dagrun for streamflow_main to None, run_after=None
[2026-01-20T06:12:23.218+0000] {processor.py:183} INFO - Processing /opt/airflow/dags/dag_streamflow.py took 0.094 seconds
[2026-01-20T06:12:55.385+0000] {processor.py:161} INFO - Started process (PID=14608) to work on /opt/airflow/dags/dag_streamflow.py
[2026-01-20T06:12:55.386+0000] {processor.py:830} INFO - Processing file /opt/airflow/dags/dag_streamflow.py for tasks to queue
[2026-01-20T06:12:55.387+0000] {logging_mixin.py:188} INFO - [2026-01-20T06:12:55.386+0000] {dagbag.py:538} INFO - Filling up the DagBag from /opt/airflow/dags/dag_streamflow.py
[2026-01-20T06:12:55.401+0000] {processor.py:840} INFO - DAG(s) 'streamflow_main' retrieved from /opt/airflow/dags/dag_streamflow.py
[2026-01-20T06:12:55.426+0000] {logging_mixin.py:188} INFO - [2026-01-20T06:12:55.426+0000] {dag.py:3036} INFO - Sync 1 DAGs
[2026-01-20T06:12:55.438+0000] {logging_mixin.py:188} INFO - [2026-01-20T06:12:55.438+0000] {dag.py:3823} INFO - Setting next_dagrun for streamflow_main to None, run_after=None
[2026-01-20T06:12:55.471+0000] {processor.py:183} INFO - Processing /opt/airflow/dags/dag_streamflow.py took 0.089 seconds
[2026-01-20T06:13:27.586+0000] {processor.py:161} INFO - Started process (PID=14620) to work on /opt/airflow/dags/dag_streamflow.py
[2026-01-20T06:13:27.587+0000] {processor.py:830} INFO - Processing file /opt/airflow/dags/dag_streamflow.py for tasks to queue
[2026-01-20T06:13:27.588+0000] {logging_mixin.py:188} INFO - [2026-01-20T06:13:27.588+0000] {dagbag.py:538} INFO - Filling up the DagBag from /opt/airflow/dags/dag_streamflow.py
[2026-01-20T06:13:27.606+0000] {processor.py:840} INFO - DAG(s) 'streamflow_main' retrieved from /opt/airflow/dags/dag_streamflow.py
[2026-01-20T06:13:27.631+0000] {logging_mixin.py:188} INFO - [2026-01-20T06:13:27.631+0000] {dag.py:3036} INFO - Sync 1 DAGs
[2026-01-20T06:13:27.642+0000] {logging_mixin.py:188} INFO - [2026-01-20T06:13:27.642+0000] {dag.py:3823} INFO - Setting next_dagrun for streamflow_main to None, run_after=None
[2026-01-20T06:13:27.660+0000] {processor.py:183} INFO - Processing /opt/airflow/dags/dag_streamflow.py took 0.078 seconds
[2026-01-20T06:13:59.970+0000] {processor.py:161} INFO - Started process (PID=14632) to work on /opt/airflow/dags/dag_streamflow.py
[2026-01-20T06:13:59.972+0000] {processor.py:830} INFO - Processing file /opt/airflow/dags/dag_streamflow.py for tasks to queue
[2026-01-20T06:13:59.973+0000] {logging_mixin.py:188} INFO - [2026-01-20T06:13:59.973+0000] {dagbag.py:538} INFO - Filling up the DagBag from /opt/airflow/dags/dag_streamflow.py
[2026-01-20T06:14:00.001+0000] {processor.py:840} INFO - DAG(s) 'streamflow_main' retrieved from /opt/airflow/dags/dag_streamflow.py
[2026-01-20T06:14:00.030+0000] {logging_mixin.py:188} INFO - [2026-01-20T06:14:00.030+0000] {dag.py:3036} INFO - Sync 1 DAGs
[2026-01-20T06:14:00.046+0000] {logging_mixin.py:188} INFO - [2026-01-20T06:14:00.045+0000] {dag.py:3823} INFO - Setting next_dagrun for streamflow_main to None, run_after=None
[2026-01-20T06:14:00.073+0000] {processor.py:183} INFO - Processing /opt/airflow/dags/dag_streamflow.py took 0.108 seconds
[2026-01-20T06:14:31.120+0000] {processor.py:161} INFO - Started process (PID=14644) to work on /opt/airflow/dags/dag_streamflow.py
[2026-01-20T06:14:31.122+0000] {processor.py:830} INFO - Processing file /opt/airflow/dags/dag_streamflow.py for tasks to queue
[2026-01-20T06:14:31.123+0000] {logging_mixin.py:188} INFO - [2026-01-20T06:14:31.122+0000] {dagbag.py:538} INFO - Filling up the DagBag from /opt/airflow/dags/dag_streamflow.py
[2026-01-20T06:14:31.140+0000] {processor.py:840} INFO - DAG(s) 'streamflow_main' retrieved from /opt/airflow/dags/dag_streamflow.py
[2026-01-20T06:14:31.165+0000] {logging_mixin.py:188} INFO - [2026-01-20T06:14:31.165+0000] {dag.py:3036} INFO - Sync 1 DAGs
[2026-01-20T06:14:31.175+0000] {logging_mixin.py:188} INFO - [2026-01-20T06:14:31.175+0000] {dag.py:3823} INFO - Setting next_dagrun for streamflow_main to None, run_after=None
[2026-01-20T06:14:31.195+0000] {processor.py:183} INFO - Processing /opt/airflow/dags/dag_streamflow.py took 0.078 seconds
[2026-01-20T06:14:56.305+0000] {processor.py:161} INFO - Started process (PID=14656) to work on /opt/airflow/dags/dag_streamflow.py
[2026-01-20T06:14:56.306+0000] {processor.py:830} INFO - Processing file /opt/airflow/dags/dag_streamflow.py for tasks to queue
[2026-01-20T06:14:56.307+0000] {logging_mixin.py:188} INFO - [2026-01-20T06:14:56.306+0000] {dagbag.py:538} INFO - Filling up the DagBag from /opt/airflow/dags/dag_streamflow.py
[2026-01-20T06:14:56.316+0000] {logging_mixin.py:188} INFO - [2026-01-20T06:14:56.316+0000] {dagbag.py:348} ERROR - Failed to import: /opt/airflow/dags/dag_streamflow.py
Traceback (most recent call last):
  File "/home/airflow/.local/lib/python3.10/site-packages/airflow/models/dagbag.py", line 344, in parse
    loader.exec_module(new_module)
  File "<frozen importlib._bootstrap_external>", line 879, in exec_module
  File "<frozen importlib._bootstrap_external>", line 1017, in get_code
  File "<frozen importlib._bootstrap_external>", line 947, in source_to_code
  File "<frozen importlib._bootstrap>", line 241, in _call_with_frames_removed
  File "/opt/airflow/dags/dag_streamflow.py", line 11
    from airflow.providers.snowflake.hooks.snowflake 
                                                     ^
SyntaxError: invalid syntax
[2026-01-20T06:14:56.317+0000] {processor.py:842} WARNING - No viable dags retrieved from /opt/airflow/dags/dag_streamflow.py
[2026-01-20T06:14:56.337+0000] {processor.py:183} INFO - Processing /opt/airflow/dags/dag_streamflow.py took 0.035 seconds
[2026-01-20T06:15:04.754+0000] {processor.py:161} INFO - Started process (PID=14663) to work on /opt/airflow/dags/dag_streamflow.py
[2026-01-20T06:15:04.755+0000] {processor.py:830} INFO - Processing file /opt/airflow/dags/dag_streamflow.py for tasks to queue
[2026-01-20T06:15:04.758+0000] {logging_mixin.py:188} INFO - [2026-01-20T06:15:04.758+0000] {dagbag.py:538} INFO - Filling up the DagBag from /opt/airflow/dags/dag_streamflow.py
[2026-01-20T06:15:04.791+0000] {logging_mixin.py:188} INFO - [2026-01-20T06:15:04.785+0000] {dagbag.py:348} ERROR - Failed to import: /opt/airflow/dags/dag_streamflow.py
Traceback (most recent call last):
  File "/home/airflow/.local/lib/python3.10/site-packages/airflow/models/dagbag.py", line 344, in parse
    loader.exec_module(new_module)
  File "<frozen importlib._bootstrap_external>", line 883, in exec_module
  File "<frozen importlib._bootstrap>", line 241, in _call_with_frames_removed
  File "/opt/airflow/dags/dag_streamflow.py", line 11, in <module>
    from airflow.providers.snowflake.hooks.snowflake import Snow
ImportError: cannot import name 'Snow' from 'airflow.providers.snowflake.hooks.snowflake' (/home/airflow/.local/lib/python3.10/site-packages/airflow/providers/snowflake/hooks/snowflake.py)
[2026-01-20T06:15:04.792+0000] {processor.py:842} WARNING - No viable dags retrieved from /opt/airflow/dags/dag_streamflow.py
[2026-01-20T06:15:04.816+0000] {processor.py:183} INFO - Processing /opt/airflow/dags/dag_streamflow.py took 0.065 seconds
[2026-01-20T06:15:18.873+0000] {processor.py:161} INFO - Started process (PID=14675) to work on /opt/airflow/dags/dag_streamflow.py
[2026-01-20T06:15:18.874+0000] {processor.py:830} INFO - Processing file /opt/airflow/dags/dag_streamflow.py for tasks to queue
[2026-01-20T06:15:18.878+0000] {logging_mixin.py:188} INFO - [2026-01-20T06:15:18.877+0000] {dagbag.py:538} INFO - Filling up the DagBag from /opt/airflow/dags/dag_streamflow.py
[2026-01-20T06:15:18.918+0000] {processor.py:840} INFO - DAG(s) 'streamflow_main' retrieved from /opt/airflow/dags/dag_streamflow.py
[2026-01-20T06:15:18.952+0000] {logging_mixin.py:188} INFO - [2026-01-20T06:15:18.951+0000] {dag.py:3036} INFO - Sync 1 DAGs
[2026-01-20T06:15:18.967+0000] {logging_mixin.py:188} INFO - [2026-01-20T06:15:18.966+0000] {dag.py:3823} INFO - Setting next_dagrun for streamflow_main to None, run_after=None
[2026-01-20T06:15:19.000+0000] {processor.py:183} INFO - Processing /opt/airflow/dags/dag_streamflow.py took 0.132 seconds
[2026-01-20T06:15:36.094+0000] {processor.py:161} INFO - Started process (PID=14680) to work on /opt/airflow/dags/dag_streamflow.py
[2026-01-20T06:15:36.096+0000] {processor.py:830} INFO - Processing file /opt/airflow/dags/dag_streamflow.py for tasks to queue
[2026-01-20T06:15:36.099+0000] {logging_mixin.py:188} INFO - [2026-01-20T06:15:36.098+0000] {dagbag.py:538} INFO - Filling up the DagBag from /opt/airflow/dags/dag_streamflow.py
[2026-01-20T06:15:36.120+0000] {logging_mixin.py:188} INFO - [2026-01-20T06:15:36.119+0000] {dagbag.py:348} ERROR - Failed to import: /opt/airflow/dags/dag_streamflow.py
Traceback (most recent call last):
  File "/home/airflow/.local/lib/python3.10/site-packages/airflow/models/dagbag.py", line 344, in parse
    loader.exec_module(new_module)
  File "<frozen importlib._bootstrap_external>", line 879, in exec_module
  File "<frozen importlib._bootstrap_external>", line 1017, in get_code
  File "<frozen importlib._bootstrap_external>", line 947, in source_to_code
  File "<frozen importlib._bootstrap>", line 241, in _call_with_frames_removed
  File "/opt/airflow/dags/dag_streamflow.py", line 58
    def upload_local_files_to_snowflake()
                                         ^
SyntaxError: expected ':'
[2026-01-20T06:15:36.121+0000] {processor.py:842} WARNING - No viable dags retrieved from /opt/airflow/dags/dag_streamflow.py
[2026-01-20T06:15:36.144+0000] {processor.py:183} INFO - Processing /opt/airflow/dags/dag_streamflow.py took 0.054 seconds
[2026-01-20T06:15:38.168+0000] {processor.py:161} INFO - Started process (PID=14685) to work on /opt/airflow/dags/dag_streamflow.py
[2026-01-20T06:15:38.170+0000] {processor.py:830} INFO - Processing file /opt/airflow/dags/dag_streamflow.py for tasks to queue
[2026-01-20T06:15:38.173+0000] {logging_mixin.py:188} INFO - [2026-01-20T06:15:38.173+0000] {dagbag.py:538} INFO - Filling up the DagBag from /opt/airflow/dags/dag_streamflow.py
[2026-01-20T06:15:38.202+0000] {logging_mixin.py:188} INFO - [2026-01-20T06:15:38.202+0000] {dagbag.py:348} ERROR - Failed to import: /opt/airflow/dags/dag_streamflow.py
Traceback (most recent call last):
  File "/home/airflow/.local/lib/python3.10/site-packages/airflow/models/dagbag.py", line 344, in parse
    loader.exec_module(new_module)
  File "<frozen importlib._bootstrap_external>", line 879, in exec_module
  File "<frozen importlib._bootstrap_external>", line 1017, in get_code
  File "<frozen importlib._bootstrap_external>", line 947, in source_to_code
  File "<frozen importlib._bootstrap>", line 241, in _call_with_frames_removed
  File "/opt/airflow/dags/dag_streamflow.py", line 62
    with DAG(
    ^^^^
IndentationError: expected an indented block after function definition on line 58
[2026-01-20T06:15:38.203+0000] {processor.py:842} WARNING - No viable dags retrieved from /opt/airflow/dags/dag_streamflow.py
[2026-01-20T06:15:38.230+0000] {processor.py:183} INFO - Processing /opt/airflow/dags/dag_streamflow.py took 0.065 seconds
[2026-01-20T06:15:44.271+0000] {processor.py:161} INFO - Started process (PID=14697) to work on /opt/airflow/dags/dag_streamflow.py
[2026-01-20T06:15:44.273+0000] {processor.py:830} INFO - Processing file /opt/airflow/dags/dag_streamflow.py for tasks to queue
[2026-01-20T06:15:44.277+0000] {logging_mixin.py:188} INFO - [2026-01-20T06:15:44.276+0000] {dagbag.py:538} INFO - Filling up the DagBag from /opt/airflow/dags/dag_streamflow.py
[2026-01-20T06:15:44.329+0000] {processor.py:840} INFO - DAG(s) 'streamflow_main' retrieved from /opt/airflow/dags/dag_streamflow.py
[2026-01-20T06:15:44.371+0000] {logging_mixin.py:188} INFO - [2026-01-20T06:15:44.370+0000] {dag.py:3036} INFO - Sync 1 DAGs
[2026-01-20T06:15:44.391+0000] {logging_mixin.py:188} INFO - [2026-01-20T06:15:44.390+0000] {dag.py:3823} INFO - Setting next_dagrun for streamflow_main to None, run_after=None
[2026-01-20T06:15:44.434+0000] {processor.py:183} INFO - Processing /opt/airflow/dags/dag_streamflow.py took 0.170 seconds
[2026-01-20T06:15:51.416+0000] {processor.py:161} INFO - Started process (PID=14702) to work on /opt/airflow/dags/dag_streamflow.py
[2026-01-20T06:15:51.418+0000] {processor.py:830} INFO - Processing file /opt/airflow/dags/dag_streamflow.py for tasks to queue
[2026-01-20T06:15:51.420+0000] {logging_mixin.py:188} INFO - [2026-01-20T06:15:51.420+0000] {dagbag.py:538} INFO - Filling up the DagBag from /opt/airflow/dags/dag_streamflow.py
[2026-01-20T06:15:51.477+0000] {logging_mixin.py:188} INFO - [2026-01-20T06:15:51.477+0000] {dagbag.py:348} ERROR - Failed to import: /opt/airflow/dags/dag_streamflow.py
Traceback (most recent call last):
  File "/home/airflow/.local/lib/python3.10/site-packages/airflow/models/dagbag.py", line 344, in parse
    loader.exec_module(new_module)
  File "<frozen importlib._bootstrap_external>", line 879, in exec_module
  File "<frozen importlib._bootstrap_external>", line 1017, in get_code
  File "<frozen importlib._bootstrap_external>", line 947, in source_to_code
  File "<frozen importlib._bootstrap>", line 241, in _call_with_frames_removed
  File "/opt/airflow/dags/dag_streamflow.py", line 59
    hook = SnowflakeHook(snowflake_conn_id = )
                                             ^
SyntaxError: invalid syntax
[2026-01-20T06:15:51.489+0000] {processor.py:842} WARNING - No viable dags retrieved from /opt/airflow/dags/dag_streamflow.py
[2026-01-20T06:15:51.510+0000] {processor.py:183} INFO - Processing /opt/airflow/dags/dag_streamflow.py took 0.097 seconds
[2026-01-20T06:16:09.640+0000] {processor.py:161} INFO - Started process (PID=14707) to work on /opt/airflow/dags/dag_streamflow.py
[2026-01-20T06:16:09.641+0000] {processor.py:830} INFO - Processing file /opt/airflow/dags/dag_streamflow.py for tasks to queue
[2026-01-20T06:16:09.643+0000] {logging_mixin.py:188} INFO - [2026-01-20T06:16:09.643+0000] {dagbag.py:538} INFO - Filling up the DagBag from /opt/airflow/dags/dag_streamflow.py
[2026-01-20T06:16:09.683+0000] {processor.py:840} INFO - DAG(s) 'streamflow_main' retrieved from /opt/airflow/dags/dag_streamflow.py
[2026-01-20T06:16:09.707+0000] {logging_mixin.py:188} INFO - [2026-01-20T06:16:09.707+0000] {dag.py:3036} INFO - Sync 1 DAGs
[2026-01-20T06:16:09.720+0000] {logging_mixin.py:188} INFO - [2026-01-20T06:16:09.720+0000] {dag.py:3823} INFO - Setting next_dagrun for streamflow_main to None, run_after=None
[2026-01-20T06:16:09.745+0000] {processor.py:183} INFO - Processing /opt/airflow/dags/dag_streamflow.py took 0.108 seconds
[2026-01-20T06:16:12.687+0000] {processor.py:161} INFO - Started process (PID=14719) to work on /opt/airflow/dags/dag_streamflow.py
[2026-01-20T06:16:12.688+0000] {processor.py:830} INFO - Processing file /opt/airflow/dags/dag_streamflow.py for tasks to queue
[2026-01-20T06:16:12.690+0000] {logging_mixin.py:188} INFO - [2026-01-20T06:16:12.689+0000] {dagbag.py:538} INFO - Filling up the DagBag from /opt/airflow/dags/dag_streamflow.py
[2026-01-20T06:16:12.717+0000] {processor.py:840} INFO - DAG(s) 'streamflow_main' retrieved from /opt/airflow/dags/dag_streamflow.py
[2026-01-20T06:16:12.741+0000] {logging_mixin.py:188} INFO - [2026-01-20T06:16:12.741+0000] {dag.py:3036} INFO - Sync 1 DAGs
[2026-01-20T06:16:12.754+0000] {logging_mixin.py:188} INFO - [2026-01-20T06:16:12.754+0000] {dag.py:3823} INFO - Setting next_dagrun for streamflow_main to None, run_after=None
[2026-01-20T06:16:12.782+0000] {processor.py:183} INFO - Processing /opt/airflow/dags/dag_streamflow.py took 0.099 seconds
[2026-01-20T06:16:19.885+0000] {processor.py:161} INFO - Started process (PID=14724) to work on /opt/airflow/dags/dag_streamflow.py
[2026-01-20T06:16:19.887+0000] {processor.py:830} INFO - Processing file /opt/airflow/dags/dag_streamflow.py for tasks to queue
[2026-01-20T06:16:19.890+0000] {logging_mixin.py:188} INFO - [2026-01-20T06:16:19.889+0000] {dagbag.py:538} INFO - Filling up the DagBag from /opt/airflow/dags/dag_streamflow.py
[2026-01-20T06:16:19.924+0000] {processor.py:840} INFO - DAG(s) 'streamflow_main' retrieved from /opt/airflow/dags/dag_streamflow.py
[2026-01-20T06:16:19.955+0000] {logging_mixin.py:188} INFO - [2026-01-20T06:16:19.955+0000] {dag.py:3036} INFO - Sync 1 DAGs
[2026-01-20T06:16:19.969+0000] {logging_mixin.py:188} INFO - [2026-01-20T06:16:19.969+0000] {dag.py:3823} INFO - Setting next_dagrun for streamflow_main to None, run_after=None
[2026-01-20T06:16:19.997+0000] {processor.py:183} INFO - Processing /opt/airflow/dags/dag_streamflow.py took 0.115 seconds
[2026-01-20T06:16:21.924+0000] {processor.py:161} INFO - Started process (PID=14729) to work on /opt/airflow/dags/dag_streamflow.py
[2026-01-20T06:16:21.927+0000] {processor.py:830} INFO - Processing file /opt/airflow/dags/dag_streamflow.py for tasks to queue
[2026-01-20T06:16:21.930+0000] {logging_mixin.py:188} INFO - [2026-01-20T06:16:21.930+0000] {dagbag.py:538} INFO - Filling up the DagBag from /opt/airflow/dags/dag_streamflow.py
[2026-01-20T06:16:21.974+0000] {processor.py:840} INFO - DAG(s) 'streamflow_main' retrieved from /opt/airflow/dags/dag_streamflow.py
[2026-01-20T06:16:21.995+0000] {logging_mixin.py:188} INFO - [2026-01-20T06:16:21.995+0000] {dag.py:3036} INFO - Sync 1 DAGs
[2026-01-20T06:16:22.006+0000] {logging_mixin.py:188} INFO - [2026-01-20T06:16:22.006+0000] {dag.py:3823} INFO - Setting next_dagrun for streamflow_main to None, run_after=None
[2026-01-20T06:16:22.032+0000] {processor.py:183} INFO - Processing /opt/airflow/dags/dag_streamflow.py took 0.112 seconds
[2026-01-20T06:16:29.130+0000] {processor.py:161} INFO - Started process (PID=14734) to work on /opt/airflow/dags/dag_streamflow.py
[2026-01-20T06:16:29.132+0000] {processor.py:830} INFO - Processing file /opt/airflow/dags/dag_streamflow.py for tasks to queue
[2026-01-20T06:16:29.134+0000] {logging_mixin.py:188} INFO - [2026-01-20T06:16:29.134+0000] {dagbag.py:538} INFO - Filling up the DagBag from /opt/airflow/dags/dag_streamflow.py
[2026-01-20T06:16:29.167+0000] {processor.py:840} INFO - DAG(s) 'streamflow_main' retrieved from /opt/airflow/dags/dag_streamflow.py
[2026-01-20T06:16:29.195+0000] {logging_mixin.py:188} INFO - [2026-01-20T06:16:29.195+0000] {dag.py:3036} INFO - Sync 1 DAGs
[2026-01-20T06:16:29.210+0000] {logging_mixin.py:188} INFO - [2026-01-20T06:16:29.209+0000] {dag.py:3823} INFO - Setting next_dagrun for streamflow_main to None, run_after=None
[2026-01-20T06:16:29.238+0000] {processor.py:183} INFO - Processing /opt/airflow/dags/dag_streamflow.py took 0.111 seconds
[2026-01-20T06:16:29.284+0000] {processor.py:161} INFO - Started process (PID=14739) to work on /opt/airflow/dags/dag_streamflow.py
[2026-01-20T06:16:29.286+0000] {processor.py:830} INFO - Processing file /opt/airflow/dags/dag_streamflow.py for tasks to queue
[2026-01-20T06:16:29.288+0000] {logging_mixin.py:188} INFO - [2026-01-20T06:16:29.288+0000] {dagbag.py:538} INFO - Filling up the DagBag from /opt/airflow/dags/dag_streamflow.py
[2026-01-20T06:16:29.308+0000] {processor.py:840} INFO - DAG(s) 'streamflow_main' retrieved from /opt/airflow/dags/dag_streamflow.py
[2026-01-20T06:16:29.336+0000] {logging_mixin.py:188} INFO - [2026-01-20T06:16:29.336+0000] {dag.py:3036} INFO - Sync 1 DAGs
[2026-01-20T06:16:29.347+0000] {logging_mixin.py:188} INFO - [2026-01-20T06:16:29.347+0000] {dag.py:3823} INFO - Setting next_dagrun for streamflow_main to None, run_after=None
[2026-01-20T06:16:29.365+0000] {processor.py:183} INFO - Processing /opt/airflow/dags/dag_streamflow.py took 0.084 seconds
[2026-01-20T06:16:29.404+0000] {processor.py:161} INFO - Started process (PID=14744) to work on /opt/airflow/dags/dag_streamflow.py
[2026-01-20T06:16:29.405+0000] {processor.py:830} INFO - Processing file /opt/airflow/dags/dag_streamflow.py for tasks to queue
[2026-01-20T06:16:29.407+0000] {logging_mixin.py:188} INFO - [2026-01-20T06:16:29.407+0000] {dagbag.py:538} INFO - Filling up the DagBag from /opt/airflow/dags/dag_streamflow.py
[2026-01-20T06:16:29.422+0000] {processor.py:840} INFO - DAG(s) 'streamflow_main' retrieved from /opt/airflow/dags/dag_streamflow.py
[2026-01-20T06:16:29.446+0000] {logging_mixin.py:188} INFO - [2026-01-20T06:16:29.446+0000] {dag.py:3036} INFO - Sync 1 DAGs
[2026-01-20T06:16:29.463+0000] {logging_mixin.py:188} INFO - [2026-01-20T06:16:29.463+0000] {dag.py:3823} INFO - Setting next_dagrun for streamflow_main to None, run_after=None
[2026-01-20T06:16:29.498+0000] {processor.py:183} INFO - Processing /opt/airflow/dags/dag_streamflow.py took 0.097 seconds
[2026-01-20T06:16:59.569+0000] {processor.py:161} INFO - Started process (PID=14756) to work on /opt/airflow/dags/dag_streamflow.py
[2026-01-20T06:16:59.571+0000] {processor.py:830} INFO - Processing file /opt/airflow/dags/dag_streamflow.py for tasks to queue
[2026-01-20T06:16:59.574+0000] {logging_mixin.py:188} INFO - [2026-01-20T06:16:59.572+0000] {dagbag.py:538} INFO - Filling up the DagBag from /opt/airflow/dags/dag_streamflow.py
[2026-01-20T06:16:59.592+0000] {processor.py:840} INFO - DAG(s) 'streamflow_main' retrieved from /opt/airflow/dags/dag_streamflow.py
[2026-01-20T06:16:59.626+0000] {logging_mixin.py:188} INFO - [2026-01-20T06:16:59.626+0000] {dag.py:3036} INFO - Sync 1 DAGs
[2026-01-20T06:16:59.637+0000] {logging_mixin.py:188} INFO - [2026-01-20T06:16:59.637+0000] {dag.py:3823} INFO - Setting next_dagrun for streamflow_main to None, run_after=None
[2026-01-20T06:16:59.655+0000] {processor.py:183} INFO - Processing /opt/airflow/dags/dag_streamflow.py took 0.089 seconds
[2026-01-20T06:17:29.819+0000] {processor.py:161} INFO - Started process (PID=14768) to work on /opt/airflow/dags/dag_streamflow.py
[2026-01-20T06:17:29.820+0000] {processor.py:830} INFO - Processing file /opt/airflow/dags/dag_streamflow.py for tasks to queue
[2026-01-20T06:17:29.821+0000] {logging_mixin.py:188} INFO - [2026-01-20T06:17:29.821+0000] {dagbag.py:538} INFO - Filling up the DagBag from /opt/airflow/dags/dag_streamflow.py
[2026-01-20T06:17:29.835+0000] {processor.py:840} INFO - DAG(s) 'streamflow_main' retrieved from /opt/airflow/dags/dag_streamflow.py
[2026-01-20T06:17:29.857+0000] {logging_mixin.py:188} INFO - [2026-01-20T06:17:29.856+0000] {dag.py:3036} INFO - Sync 1 DAGs
[2026-01-20T06:17:29.868+0000] {logging_mixin.py:188} INFO - [2026-01-20T06:17:29.867+0000] {dag.py:3823} INFO - Setting next_dagrun for streamflow_main to None, run_after=None
[2026-01-20T06:17:29.887+0000] {processor.py:183} INFO - Processing /opt/airflow/dags/dag_streamflow.py took 0.070 seconds
[2026-01-20T06:17:59.996+0000] {processor.py:161} INFO - Started process (PID=14780) to work on /opt/airflow/dags/dag_streamflow.py
[2026-01-20T06:17:59.997+0000] {processor.py:830} INFO - Processing file /opt/airflow/dags/dag_streamflow.py for tasks to queue
[2026-01-20T06:17:59.998+0000] {logging_mixin.py:188} INFO - [2026-01-20T06:17:59.998+0000] {dagbag.py:538} INFO - Filling up the DagBag from /opt/airflow/dags/dag_streamflow.py
[2026-01-20T06:18:00.015+0000] {processor.py:840} INFO - DAG(s) 'streamflow_main' retrieved from /opt/airflow/dags/dag_streamflow.py
[2026-01-20T06:18:00.044+0000] {logging_mixin.py:188} INFO - [2026-01-20T06:18:00.044+0000] {dag.py:3036} INFO - Sync 1 DAGs
[2026-01-20T06:18:00.055+0000] {logging_mixin.py:188} INFO - [2026-01-20T06:18:00.054+0000] {dag.py:3823} INFO - Setting next_dagrun for streamflow_main to None, run_after=None
[2026-01-20T06:18:00.075+0000] {processor.py:183} INFO - Processing /opt/airflow/dags/dag_streamflow.py took 0.082 seconds
[2026-01-20T06:18:30.229+0000] {processor.py:161} INFO - Started process (PID=14792) to work on /opt/airflow/dags/dag_streamflow.py
[2026-01-20T06:18:30.230+0000] {processor.py:830} INFO - Processing file /opt/airflow/dags/dag_streamflow.py for tasks to queue
[2026-01-20T06:18:30.232+0000] {logging_mixin.py:188} INFO - [2026-01-20T06:18:30.232+0000] {dagbag.py:538} INFO - Filling up the DagBag from /opt/airflow/dags/dag_streamflow.py
[2026-01-20T06:18:30.266+0000] {processor.py:840} INFO - DAG(s) 'streamflow_main' retrieved from /opt/airflow/dags/dag_streamflow.py
[2026-01-20T06:18:30.286+0000] {logging_mixin.py:188} INFO - [2026-01-20T06:18:30.285+0000] {dag.py:3036} INFO - Sync 1 DAGs
[2026-01-20T06:18:30.295+0000] {logging_mixin.py:188} INFO - [2026-01-20T06:18:30.295+0000] {dag.py:3823} INFO - Setting next_dagrun for streamflow_main to None, run_after=None
[2026-01-20T06:18:30.315+0000] {processor.py:183} INFO - Processing /opt/airflow/dags/dag_streamflow.py took 0.089 seconds
[2026-01-20T06:19:00.470+0000] {processor.py:161} INFO - Started process (PID=14804) to work on /opt/airflow/dags/dag_streamflow.py
[2026-01-20T06:19:00.471+0000] {processor.py:830} INFO - Processing file /opt/airflow/dags/dag_streamflow.py for tasks to queue
[2026-01-20T06:19:00.473+0000] {logging_mixin.py:188} INFO - [2026-01-20T06:19:00.473+0000] {dagbag.py:538} INFO - Filling up the DagBag from /opt/airflow/dags/dag_streamflow.py
[2026-01-20T06:19:00.509+0000] {processor.py:840} INFO - DAG(s) 'streamflow_main' retrieved from /opt/airflow/dags/dag_streamflow.py
[2026-01-20T06:19:00.537+0000] {logging_mixin.py:188} INFO - [2026-01-20T06:19:00.537+0000] {dag.py:3036} INFO - Sync 1 DAGs
[2026-01-20T06:19:00.551+0000] {logging_mixin.py:188} INFO - [2026-01-20T06:19:00.550+0000] {dag.py:3823} INFO - Setting next_dagrun for streamflow_main to None, run_after=None
[2026-01-20T06:19:00.575+0000] {processor.py:183} INFO - Processing /opt/airflow/dags/dag_streamflow.py took 0.107 seconds
[2026-01-20T06:19:09.709+0000] {processor.py:161} INFO - Started process (PID=14809) to work on /opt/airflow/dags/dag_streamflow.py
[2026-01-20T06:19:09.711+0000] {processor.py:830} INFO - Processing file /opt/airflow/dags/dag_streamflow.py for tasks to queue
[2026-01-20T06:19:09.714+0000] {logging_mixin.py:188} INFO - [2026-01-20T06:19:09.714+0000] {dagbag.py:538} INFO - Filling up the DagBag from /opt/airflow/dags/dag_streamflow.py
[2026-01-20T06:19:09.744+0000] {logging_mixin.py:188} INFO - [2026-01-20T06:19:09.743+0000] {dagbag.py:348} ERROR - Failed to import: /opt/airflow/dags/dag_streamflow.py
Traceback (most recent call last):
  File "/home/airflow/.local/lib/python3.10/site-packages/airflow/models/dagbag.py", line 344, in parse
    loader.exec_module(new_module)
  File "<frozen importlib._bootstrap_external>", line 879, in exec_module
  File "<frozen importlib._bootstrap_external>", line 1017, in get_code
  File "<frozen importlib._bootstrap_external>", line 947, in source_to_code
  File "<frozen importlib._bootstrap>", line 241, in _call_with_frames_removed
  File "/opt/airflow/dags/dag_streamflow.py", line 60
    local_dir = 
                ^
SyntaxError: invalid syntax
[2026-01-20T06:19:09.746+0000] {processor.py:842} WARNING - No viable dags retrieved from /opt/airflow/dags/dag_streamflow.py
[2026-01-20T06:19:09.779+0000] {processor.py:183} INFO - Processing /opt/airflow/dags/dag_streamflow.py took 0.075 seconds
[2026-01-20T06:19:09.837+0000] {processor.py:161} INFO - Started process (PID=14814) to work on /opt/airflow/dags/dag_streamflow.py
[2026-01-20T06:19:09.839+0000] {processor.py:830} INFO - Processing file /opt/airflow/dags/dag_streamflow.py for tasks to queue
[2026-01-20T06:19:09.842+0000] {logging_mixin.py:188} INFO - [2026-01-20T06:19:09.841+0000] {dagbag.py:538} INFO - Filling up the DagBag from /opt/airflow/dags/dag_streamflow.py
[2026-01-20T06:19:09.891+0000] {logging_mixin.py:188} INFO - [2026-01-20T06:19:09.889+0000] {dagbag.py:348} ERROR - Failed to import: /opt/airflow/dags/dag_streamflow.py
Traceback (most recent call last):
  File "/home/airflow/.local/lib/python3.10/site-packages/airflow/models/dagbag.py", line 344, in parse
    loader.exec_module(new_module)
  File "<frozen importlib._bootstrap_external>", line 879, in exec_module
  File "<frozen importlib._bootstrap_external>", line 1017, in get_code
  File "<frozen importlib._bootstrap_external>", line 947, in source_to_code
  File "<frozen importlib._bootstrap>", line 241, in _call_with_frames_removed
  File "/opt/airflow/dags/dag_streamflow.py", line 60
    local_dir = 
                ^
SyntaxError: invalid syntax
[2026-01-20T06:19:09.892+0000] {processor.py:842} WARNING - No viable dags retrieved from /opt/airflow/dags/dag_streamflow.py
[2026-01-20T06:19:09.930+0000] {processor.py:183} INFO - Processing /opt/airflow/dags/dag_streamflow.py took 0.097 seconds
[2026-01-20T06:19:09.987+0000] {processor.py:161} INFO - Started process (PID=14819) to work on /opt/airflow/dags/dag_streamflow.py
[2026-01-20T06:19:09.988+0000] {processor.py:830} INFO - Processing file /opt/airflow/dags/dag_streamflow.py for tasks to queue
[2026-01-20T06:19:09.991+0000] {logging_mixin.py:188} INFO - [2026-01-20T06:19:09.991+0000] {dagbag.py:538} INFO - Filling up the DagBag from /opt/airflow/dags/dag_streamflow.py
[2026-01-20T06:19:10.046+0000] {logging_mixin.py:188} INFO - [2026-01-20T06:19:10.045+0000] {dagbag.py:348} ERROR - Failed to import: /opt/airflow/dags/dag_streamflow.py
Traceback (most recent call last):
  File "/home/airflow/.local/lib/python3.10/site-packages/airflow/models/dagbag.py", line 344, in parse
    loader.exec_module(new_module)
  File "<frozen importlib._bootstrap_external>", line 879, in exec_module
  File "<frozen importlib._bootstrap_external>", line 1017, in get_code
  File "<frozen importlib._bootstrap_external>", line 947, in source_to_code
  File "<frozen importlib._bootstrap>", line 241, in _call_with_frames_removed
  File "/opt/airflow/dags/dag_streamflow.py", line 60
    local_dir = 
                ^
SyntaxError: invalid syntax
[2026-01-20T06:19:10.046+0000] {processor.py:842} WARNING - No viable dags retrieved from /opt/airflow/dags/dag_streamflow.py
[2026-01-20T06:19:10.081+0000] {processor.py:183} INFO - Processing /opt/airflow/dags/dag_streamflow.py took 0.098 seconds
[2026-01-20T06:19:12.011+0000] {processor.py:161} INFO - Started process (PID=14824) to work on /opt/airflow/dags/dag_streamflow.py
[2026-01-20T06:19:12.012+0000] {processor.py:830} INFO - Processing file /opt/airflow/dags/dag_streamflow.py for tasks to queue
[2026-01-20T06:19:12.015+0000] {logging_mixin.py:188} INFO - [2026-01-20T06:19:12.014+0000] {dagbag.py:538} INFO - Filling up the DagBag from /opt/airflow/dags/dag_streamflow.py
[2026-01-20T06:19:12.036+0000] {processor.py:840} INFO - DAG(s) 'streamflow_main' retrieved from /opt/airflow/dags/dag_streamflow.py
[2026-01-20T06:19:12.062+0000] {logging_mixin.py:188} INFO - [2026-01-20T06:19:12.062+0000] {dag.py:3036} INFO - Sync 1 DAGs
[2026-01-20T06:19:12.073+0000] {logging_mixin.py:188} INFO - [2026-01-20T06:19:12.073+0000] {dag.py:3823} INFO - Setting next_dagrun for streamflow_main to None, run_after=None
[2026-01-20T06:19:12.097+0000] {processor.py:183} INFO - Processing /opt/airflow/dags/dag_streamflow.py took 0.088 seconds
[2026-01-20T06:19:12.139+0000] {processor.py:161} INFO - Started process (PID=14829) to work on /opt/airflow/dags/dag_streamflow.py
[2026-01-20T06:19:12.140+0000] {processor.py:830} INFO - Processing file /opt/airflow/dags/dag_streamflow.py for tasks to queue
[2026-01-20T06:19:12.142+0000] {logging_mixin.py:188} INFO - [2026-01-20T06:19:12.142+0000] {dagbag.py:538} INFO - Filling up the DagBag from /opt/airflow/dags/dag_streamflow.py
[2026-01-20T06:19:12.155+0000] {processor.py:840} INFO - DAG(s) 'streamflow_main' retrieved from /opt/airflow/dags/dag_streamflow.py
[2026-01-20T06:19:12.177+0000] {logging_mixin.py:188} INFO - [2026-01-20T06:19:12.177+0000] {dag.py:3036} INFO - Sync 1 DAGs
[2026-01-20T06:19:12.188+0000] {logging_mixin.py:188} INFO - [2026-01-20T06:19:12.188+0000] {dag.py:3823} INFO - Setting next_dagrun for streamflow_main to None, run_after=None
[2026-01-20T06:19:12.208+0000] {processor.py:183} INFO - Processing /opt/airflow/dags/dag_streamflow.py took 0.072 seconds
[2026-01-20T06:19:15.179+0000] {processor.py:161} INFO - Started process (PID=14834) to work on /opt/airflow/dags/dag_streamflow.py
[2026-01-20T06:19:15.180+0000] {processor.py:830} INFO - Processing file /opt/airflow/dags/dag_streamflow.py for tasks to queue
[2026-01-20T06:19:15.182+0000] {logging_mixin.py:188} INFO - [2026-01-20T06:19:15.181+0000] {dagbag.py:538} INFO - Filling up the DagBag from /opt/airflow/dags/dag_streamflow.py
[2026-01-20T06:19:15.206+0000] {processor.py:840} INFO - DAG(s) 'streamflow_main' retrieved from /opt/airflow/dags/dag_streamflow.py
[2026-01-20T06:19:15.231+0000] {logging_mixin.py:188} INFO - [2026-01-20T06:19:15.230+0000] {dag.py:3036} INFO - Sync 1 DAGs
[2026-01-20T06:19:15.243+0000] {logging_mixin.py:188} INFO - [2026-01-20T06:19:15.243+0000] {dag.py:3823} INFO - Setting next_dagrun for streamflow_main to None, run_after=None
[2026-01-20T06:19:15.269+0000] {processor.py:183} INFO - Processing /opt/airflow/dags/dag_streamflow.py took 0.094 seconds
[2026-01-20T06:19:16.288+0000] {processor.py:161} INFO - Started process (PID=14839) to work on /opt/airflow/dags/dag_streamflow.py
[2026-01-20T06:19:16.289+0000] {processor.py:830} INFO - Processing file /opt/airflow/dags/dag_streamflow.py for tasks to queue
[2026-01-20T06:19:16.291+0000] {logging_mixin.py:188} INFO - [2026-01-20T06:19:16.291+0000] {dagbag.py:538} INFO - Filling up the DagBag from /opt/airflow/dags/dag_streamflow.py
[2026-01-20T06:19:16.316+0000] {processor.py:840} INFO - DAG(s) 'streamflow_main' retrieved from /opt/airflow/dags/dag_streamflow.py
[2026-01-20T06:19:16.338+0000] {logging_mixin.py:188} INFO - [2026-01-20T06:19:16.338+0000] {dag.py:3036} INFO - Sync 1 DAGs
[2026-01-20T06:19:16.349+0000] {logging_mixin.py:188} INFO - [2026-01-20T06:19:16.349+0000] {dag.py:3823} INFO - Setting next_dagrun for streamflow_main to None, run_after=None
[2026-01-20T06:19:16.369+0000] {processor.py:183} INFO - Processing /opt/airflow/dags/dag_streamflow.py took 0.084 seconds
[2026-01-20T06:19:16.418+0000] {processor.py:161} INFO - Started process (PID=14844) to work on /opt/airflow/dags/dag_streamflow.py
[2026-01-20T06:19:16.419+0000] {processor.py:830} INFO - Processing file /opt/airflow/dags/dag_streamflow.py for tasks to queue
[2026-01-20T06:19:16.421+0000] {logging_mixin.py:188} INFO - [2026-01-20T06:19:16.420+0000] {dagbag.py:538} INFO - Filling up the DagBag from /opt/airflow/dags/dag_streamflow.py
[2026-01-20T06:19:16.435+0000] {processor.py:840} INFO - DAG(s) 'streamflow_main' retrieved from /opt/airflow/dags/dag_streamflow.py
[2026-01-20T06:19:16.460+0000] {logging_mixin.py:188} INFO - [2026-01-20T06:19:16.460+0000] {dag.py:3036} INFO - Sync 1 DAGs
[2026-01-20T06:19:16.472+0000] {logging_mixin.py:188} INFO - [2026-01-20T06:19:16.472+0000] {dag.py:3823} INFO - Setting next_dagrun for streamflow_main to None, run_after=None
[2026-01-20T06:19:16.491+0000] {processor.py:183} INFO - Processing /opt/airflow/dags/dag_streamflow.py took 0.076 seconds
[2026-01-20T06:19:16.531+0000] {processor.py:161} INFO - Started process (PID=14849) to work on /opt/airflow/dags/dag_streamflow.py
[2026-01-20T06:19:16.532+0000] {processor.py:830} INFO - Processing file /opt/airflow/dags/dag_streamflow.py for tasks to queue
[2026-01-20T06:19:16.533+0000] {logging_mixin.py:188} INFO - [2026-01-20T06:19:16.533+0000] {dagbag.py:538} INFO - Filling up the DagBag from /opt/airflow/dags/dag_streamflow.py
[2026-01-20T06:19:16.546+0000] {processor.py:840} INFO - DAG(s) 'streamflow_main' retrieved from /opt/airflow/dags/dag_streamflow.py
[2026-01-20T06:19:16.570+0000] {logging_mixin.py:188} INFO - [2026-01-20T06:19:16.570+0000] {dag.py:3036} INFO - Sync 1 DAGs
[2026-01-20T06:19:16.581+0000] {logging_mixin.py:188} INFO - [2026-01-20T06:19:16.581+0000] {dag.py:3823} INFO - Setting next_dagrun for streamflow_main to None, run_after=None
[2026-01-20T06:19:16.606+0000] {processor.py:183} INFO - Processing /opt/airflow/dags/dag_streamflow.py took 0.078 seconds
[2026-01-20T06:19:16.650+0000] {processor.py:161} INFO - Started process (PID=14854) to work on /opt/airflow/dags/dag_streamflow.py
[2026-01-20T06:19:16.651+0000] {processor.py:830} INFO - Processing file /opt/airflow/dags/dag_streamflow.py for tasks to queue
[2026-01-20T06:19:16.652+0000] {logging_mixin.py:188} INFO - [2026-01-20T06:19:16.652+0000] {dagbag.py:538} INFO - Filling up the DagBag from /opt/airflow/dags/dag_streamflow.py
[2026-01-20T06:19:16.666+0000] {processor.py:840} INFO - DAG(s) 'streamflow_main' retrieved from /opt/airflow/dags/dag_streamflow.py
[2026-01-20T06:19:16.689+0000] {logging_mixin.py:188} INFO - [2026-01-20T06:19:16.689+0000] {dag.py:3036} INFO - Sync 1 DAGs
[2026-01-20T06:19:16.702+0000] {logging_mixin.py:188} INFO - [2026-01-20T06:19:16.701+0000] {dag.py:3823} INFO - Setting next_dagrun for streamflow_main to None, run_after=None
[2026-01-20T06:19:16.720+0000] {processor.py:183} INFO - Processing /opt/airflow/dags/dag_streamflow.py took 0.073 seconds
[2026-01-20T06:19:16.766+0000] {processor.py:161} INFO - Started process (PID=14859) to work on /opt/airflow/dags/dag_streamflow.py
[2026-01-20T06:19:16.768+0000] {processor.py:830} INFO - Processing file /opt/airflow/dags/dag_streamflow.py for tasks to queue
[2026-01-20T06:19:16.771+0000] {logging_mixin.py:188} INFO - [2026-01-20T06:19:16.771+0000] {dagbag.py:538} INFO - Filling up the DagBag from /opt/airflow/dags/dag_streamflow.py
[2026-01-20T06:19:16.810+0000] {processor.py:840} INFO - DAG(s) 'streamflow_main' retrieved from /opt/airflow/dags/dag_streamflow.py
[2026-01-20T06:19:16.835+0000] {logging_mixin.py:188} INFO - [2026-01-20T06:19:16.834+0000] {dag.py:3036} INFO - Sync 1 DAGs
[2026-01-20T06:19:16.845+0000] {logging_mixin.py:188} INFO - [2026-01-20T06:19:16.845+0000] {dag.py:3823} INFO - Setting next_dagrun for streamflow_main to None, run_after=None
[2026-01-20T06:19:16.864+0000] {processor.py:183} INFO - Processing /opt/airflow/dags/dag_streamflow.py took 0.102 seconds
[2026-01-20T06:19:16.912+0000] {processor.py:161} INFO - Started process (PID=14864) to work on /opt/airflow/dags/dag_streamflow.py
[2026-01-20T06:19:16.914+0000] {processor.py:830} INFO - Processing file /opt/airflow/dags/dag_streamflow.py for tasks to queue
[2026-01-20T06:19:16.918+0000] {logging_mixin.py:188} INFO - [2026-01-20T06:19:16.917+0000] {dagbag.py:538} INFO - Filling up the DagBag from /opt/airflow/dags/dag_streamflow.py
[2026-01-20T06:19:16.955+0000] {processor.py:840} INFO - DAG(s) 'streamflow_main' retrieved from /opt/airflow/dags/dag_streamflow.py
[2026-01-20T06:19:16.984+0000] {logging_mixin.py:188} INFO - [2026-01-20T06:19:16.983+0000] {dag.py:3036} INFO - Sync 1 DAGs
[2026-01-20T06:19:16.998+0000] {logging_mixin.py:188} INFO - [2026-01-20T06:19:16.998+0000] {dag.py:3823} INFO - Setting next_dagrun for streamflow_main to None, run_after=None
[2026-01-20T06:19:18.000+0000] {processor.py:183} INFO - Processing /opt/airflow/dags/dag_streamflow.py took 0.112 seconds
[2026-01-20T06:19:21.975+0000] {processor.py:161} INFO - Started process (PID=14869) to work on /opt/airflow/dags/dag_streamflow.py
[2026-01-20T06:19:21.976+0000] {processor.py:830} INFO - Processing file /opt/airflow/dags/dag_streamflow.py for tasks to queue
[2026-01-20T06:19:21.978+0000] {logging_mixin.py:188} INFO - [2026-01-20T06:19:21.978+0000] {dagbag.py:538} INFO - Filling up the DagBag from /opt/airflow/dags/dag_streamflow.py
[2026-01-20T06:19:22.027+0000] {processor.py:840} INFO - DAG(s) 'streamflow_main' retrieved from /opt/airflow/dags/dag_streamflow.py
[2026-01-20T06:19:22.062+0000] {logging_mixin.py:188} INFO - [2026-01-20T06:19:22.062+0000] {dag.py:3036} INFO - Sync 1 DAGs
[2026-01-20T06:19:22.081+0000] {logging_mixin.py:188} INFO - [2026-01-20T06:19:22.080+0000] {dag.py:3823} INFO - Setting next_dagrun for streamflow_main to None, run_after=None
[2026-01-20T06:19:22.115+0000] {processor.py:183} INFO - Processing /opt/airflow/dags/dag_streamflow.py took 0.144 seconds
[2026-01-20T06:19:31.151+0000] {processor.py:161} INFO - Started process (PID=14881) to work on /opt/airflow/dags/dag_streamflow.py
[2026-01-20T06:19:31.152+0000] {processor.py:830} INFO - Processing file /opt/airflow/dags/dag_streamflow.py for tasks to queue
[2026-01-20T06:19:31.154+0000] {logging_mixin.py:188} INFO - [2026-01-20T06:19:31.154+0000] {dagbag.py:538} INFO - Filling up the DagBag from /opt/airflow/dags/dag_streamflow.py
[2026-01-20T06:19:31.182+0000] {processor.py:840} INFO - DAG(s) 'streamflow_main' retrieved from /opt/airflow/dags/dag_streamflow.py
[2026-01-20T06:19:31.210+0000] {logging_mixin.py:188} INFO - [2026-01-20T06:19:31.209+0000] {dag.py:3036} INFO - Sync 1 DAGs
[2026-01-20T06:19:31.223+0000] {logging_mixin.py:188} INFO - [2026-01-20T06:19:31.223+0000] {dag.py:3823} INFO - Setting next_dagrun for streamflow_main to None, run_after=None
[2026-01-20T06:19:31.247+0000] {processor.py:183} INFO - Processing /opt/airflow/dags/dag_streamflow.py took 0.099 seconds
[2026-01-20T06:19:36.246+0000] {processor.py:161} INFO - Started process (PID=14886) to work on /opt/airflow/dags/dag_streamflow.py
[2026-01-20T06:19:36.247+0000] {processor.py:830} INFO - Processing file /opt/airflow/dags/dag_streamflow.py for tasks to queue
[2026-01-20T06:19:36.249+0000] {logging_mixin.py:188} INFO - [2026-01-20T06:19:36.248+0000] {dagbag.py:538} INFO - Filling up the DagBag from /opt/airflow/dags/dag_streamflow.py
[2026-01-20T06:19:36.284+0000] {processor.py:840} INFO - DAG(s) 'streamflow_main' retrieved from /opt/airflow/dags/dag_streamflow.py
[2026-01-20T06:19:36.305+0000] {logging_mixin.py:188} INFO - [2026-01-20T06:19:36.305+0000] {dag.py:3036} INFO - Sync 1 DAGs
[2026-01-20T06:19:36.315+0000] {logging_mixin.py:188} INFO - [2026-01-20T06:19:36.315+0000] {dag.py:3823} INFO - Setting next_dagrun for streamflow_main to None, run_after=None
[2026-01-20T06:19:36.337+0000] {processor.py:183} INFO - Processing /opt/airflow/dags/dag_streamflow.py took 0.094 seconds
[2026-01-20T06:19:46.376+0000] {processor.py:161} INFO - Started process (PID=14891) to work on /opt/airflow/dags/dag_streamflow.py
[2026-01-20T06:19:46.377+0000] {processor.py:830} INFO - Processing file /opt/airflow/dags/dag_streamflow.py for tasks to queue
[2026-01-20T06:19:46.379+0000] {logging_mixin.py:188} INFO - [2026-01-20T06:19:46.379+0000] {dagbag.py:538} INFO - Filling up the DagBag from /opt/airflow/dags/dag_streamflow.py
[2026-01-20T06:19:46.411+0000] {processor.py:840} INFO - DAG(s) 'streamflow_main' retrieved from /opt/airflow/dags/dag_streamflow.py
[2026-01-20T06:19:46.436+0000] {logging_mixin.py:188} INFO - [2026-01-20T06:19:46.436+0000] {dag.py:3036} INFO - Sync 1 DAGs
[2026-01-20T06:19:46.447+0000] {logging_mixin.py:188} INFO - [2026-01-20T06:19:46.447+0000] {dag.py:3823} INFO - Setting next_dagrun for streamflow_main to None, run_after=None
[2026-01-20T06:19:46.469+0000] {processor.py:183} INFO - Processing /opt/airflow/dags/dag_streamflow.py took 0.096 seconds
[2026-01-20T06:19:46.514+0000] {processor.py:161} INFO - Started process (PID=14896) to work on /opt/airflow/dags/dag_streamflow.py
[2026-01-20T06:19:46.515+0000] {processor.py:830} INFO - Processing file /opt/airflow/dags/dag_streamflow.py for tasks to queue
[2026-01-20T06:19:46.517+0000] {logging_mixin.py:188} INFO - [2026-01-20T06:19:46.517+0000] {dagbag.py:538} INFO - Filling up the DagBag from /opt/airflow/dags/dag_streamflow.py
[2026-01-20T06:19:46.533+0000] {processor.py:840} INFO - DAG(s) 'streamflow_main' retrieved from /opt/airflow/dags/dag_streamflow.py
[2026-01-20T06:19:46.557+0000] {logging_mixin.py:188} INFO - [2026-01-20T06:19:46.557+0000] {dag.py:3036} INFO - Sync 1 DAGs
[2026-01-20T06:19:46.570+0000] {logging_mixin.py:188} INFO - [2026-01-20T06:19:46.569+0000] {dag.py:3823} INFO - Setting next_dagrun for streamflow_main to None, run_after=None
[2026-01-20T06:19:46.589+0000] {processor.py:183} INFO - Processing /opt/airflow/dags/dag_streamflow.py took 0.078 seconds
[2026-01-20T06:19:46.629+0000] {processor.py:161} INFO - Started process (PID=14901) to work on /opt/airflow/dags/dag_streamflow.py
[2026-01-20T06:19:46.630+0000] {processor.py:830} INFO - Processing file /opt/airflow/dags/dag_streamflow.py for tasks to queue
[2026-01-20T06:19:46.632+0000] {logging_mixin.py:188} INFO - [2026-01-20T06:19:46.632+0000] {dagbag.py:538} INFO - Filling up the DagBag from /opt/airflow/dags/dag_streamflow.py
[2026-01-20T06:19:46.646+0000] {processor.py:840} INFO - DAG(s) 'streamflow_main' retrieved from /opt/airflow/dags/dag_streamflow.py
[2026-01-20T06:19:46.670+0000] {logging_mixin.py:188} INFO - [2026-01-20T06:19:46.670+0000] {dag.py:3036} INFO - Sync 1 DAGs
[2026-01-20T06:19:46.682+0000] {logging_mixin.py:188} INFO - [2026-01-20T06:19:46.681+0000] {dag.py:3823} INFO - Setting next_dagrun for streamflow_main to None, run_after=None
[2026-01-20T06:19:46.701+0000] {processor.py:183} INFO - Processing /opt/airflow/dags/dag_streamflow.py took 0.075 seconds
[2026-01-20T06:19:46.749+0000] {processor.py:161} INFO - Started process (PID=14906) to work on /opt/airflow/dags/dag_streamflow.py
[2026-01-20T06:19:46.750+0000] {processor.py:830} INFO - Processing file /opt/airflow/dags/dag_streamflow.py for tasks to queue
[2026-01-20T06:19:46.752+0000] {logging_mixin.py:188} INFO - [2026-01-20T06:19:46.752+0000] {dagbag.py:538} INFO - Filling up the DagBag from /opt/airflow/dags/dag_streamflow.py
[2026-01-20T06:19:46.768+0000] {processor.py:840} INFO - DAG(s) 'streamflow_main' retrieved from /opt/airflow/dags/dag_streamflow.py
[2026-01-20T06:19:46.791+0000] {logging_mixin.py:188} INFO - [2026-01-20T06:19:46.791+0000] {dag.py:3036} INFO - Sync 1 DAGs
[2026-01-20T06:19:46.802+0000] {logging_mixin.py:188} INFO - [2026-01-20T06:19:46.802+0000] {dag.py:3823} INFO - Setting next_dagrun for streamflow_main to None, run_after=None
[2026-01-20T06:19:46.823+0000] {processor.py:183} INFO - Processing /opt/airflow/dags/dag_streamflow.py took 0.077 seconds
[2026-01-20T06:19:48.823+0000] {processor.py:161} INFO - Started process (PID=14911) to work on /opt/airflow/dags/dag_streamflow.py
[2026-01-20T06:19:48.825+0000] {processor.py:830} INFO - Processing file /opt/airflow/dags/dag_streamflow.py for tasks to queue
[2026-01-20T06:19:48.828+0000] {logging_mixin.py:188} INFO - [2026-01-20T06:19:48.827+0000] {dagbag.py:538} INFO - Filling up the DagBag from /opt/airflow/dags/dag_streamflow.py
[2026-01-20T06:19:48.871+0000] {processor.py:840} INFO - DAG(s) 'streamflow_main' retrieved from /opt/airflow/dags/dag_streamflow.py
[2026-01-20T06:19:48.905+0000] {logging_mixin.py:188} INFO - [2026-01-20T06:19:48.904+0000] {dag.py:3036} INFO - Sync 1 DAGs
[2026-01-20T06:19:48.918+0000] {logging_mixin.py:188} INFO - [2026-01-20T06:19:48.918+0000] {dag.py:3823} INFO - Setting next_dagrun for streamflow_main to None, run_after=None
[2026-01-20T06:19:48.950+0000] {processor.py:183} INFO - Processing /opt/airflow/dags/dag_streamflow.py took 0.132 seconds
[2026-01-20T06:19:49.016+0000] {processor.py:161} INFO - Started process (PID=14916) to work on /opt/airflow/dags/dag_streamflow.py
[2026-01-20T06:19:49.018+0000] {processor.py:830} INFO - Processing file /opt/airflow/dags/dag_streamflow.py for tasks to queue
[2026-01-20T06:19:49.021+0000] {logging_mixin.py:188} INFO - [2026-01-20T06:19:49.021+0000] {dagbag.py:538} INFO - Filling up the DagBag from /opt/airflow/dags/dag_streamflow.py
[2026-01-20T06:19:50.027+0000] {processor.py:840} INFO - DAG(s) 'streamflow_main' retrieved from /opt/airflow/dags/dag_streamflow.py
[2026-01-20T06:19:50.063+0000] {logging_mixin.py:188} INFO - [2026-01-20T06:19:50.063+0000] {dag.py:3036} INFO - Sync 1 DAGs
[2026-01-20T06:19:50.080+0000] {logging_mixin.py:188} INFO - [2026-01-20T06:19:50.079+0000] {dag.py:3823} INFO - Setting next_dagrun for streamflow_main to None, run_after=None
[2026-01-20T06:19:50.103+0000] {processor.py:183} INFO - Processing /opt/airflow/dags/dag_streamflow.py took 0.118 seconds
[2026-01-20T06:20:11.166+0000] {processor.py:161} INFO - Started process (PID=14928) to work on /opt/airflow/dags/dag_streamflow.py
[2026-01-20T06:20:11.167+0000] {processor.py:830} INFO - Processing file /opt/airflow/dags/dag_streamflow.py for tasks to queue
[2026-01-20T06:20:11.169+0000] {logging_mixin.py:188} INFO - [2026-01-20T06:20:11.169+0000] {dagbag.py:538} INFO - Filling up the DagBag from /opt/airflow/dags/dag_streamflow.py
[2026-01-20T06:20:11.206+0000] {processor.py:840} INFO - DAG(s) 'streamflow_main' retrieved from /opt/airflow/dags/dag_streamflow.py
[2026-01-20T06:20:11.236+0000] {logging_mixin.py:188} INFO - [2026-01-20T06:20:11.236+0000] {dag.py:3036} INFO - Sync 1 DAGs
[2026-01-20T06:20:11.249+0000] {logging_mixin.py:188} INFO - [2026-01-20T06:20:11.248+0000] {dag.py:3823} INFO - Setting next_dagrun for streamflow_main to None, run_after=None
[2026-01-20T06:20:11.275+0000] {processor.py:183} INFO - Processing /opt/airflow/dags/dag_streamflow.py took 0.113 seconds
[2026-01-20T06:20:41.445+0000] {processor.py:161} INFO - Started process (PID=14940) to work on /opt/airflow/dags/dag_streamflow.py
[2026-01-20T06:20:41.446+0000] {processor.py:830} INFO - Processing file /opt/airflow/dags/dag_streamflow.py for tasks to queue
[2026-01-20T06:20:41.448+0000] {logging_mixin.py:188} INFO - [2026-01-20T06:20:41.448+0000] {dagbag.py:538} INFO - Filling up the DagBag from /opt/airflow/dags/dag_streamflow.py
[2026-01-20T06:20:41.461+0000] {processor.py:840} INFO - DAG(s) 'streamflow_main' retrieved from /opt/airflow/dags/dag_streamflow.py
[2026-01-20T06:20:41.482+0000] {logging_mixin.py:188} INFO - [2026-01-20T06:20:41.481+0000] {dag.py:3036} INFO - Sync 1 DAGs
[2026-01-20T06:20:41.493+0000] {logging_mixin.py:188} INFO - [2026-01-20T06:20:41.493+0000] {dag.py:3823} INFO - Setting next_dagrun for streamflow_main to None, run_after=None
[2026-01-20T06:20:41.513+0000] {processor.py:183} INFO - Processing /opt/airflow/dags/dag_streamflow.py took 0.070 seconds
[2026-01-20T06:20:55.594+0000] {processor.py:161} INFO - Started process (PID=14945) to work on /opt/airflow/dags/dag_streamflow.py
[2026-01-20T06:20:55.596+0000] {processor.py:830} INFO - Processing file /opt/airflow/dags/dag_streamflow.py for tasks to queue
[2026-01-20T06:20:55.598+0000] {logging_mixin.py:188} INFO - [2026-01-20T06:20:55.597+0000] {dagbag.py:538} INFO - Filling up the DagBag from /opt/airflow/dags/dag_streamflow.py
[2026-01-20T06:20:55.620+0000] {processor.py:840} INFO - DAG(s) 'streamflow_main' retrieved from /opt/airflow/dags/dag_streamflow.py
[2026-01-20T06:20:55.647+0000] {logging_mixin.py:188} INFO - [2026-01-20T06:20:55.646+0000] {dag.py:3036} INFO - Sync 1 DAGs
[2026-01-20T06:20:55.659+0000] {logging_mixin.py:188} INFO - [2026-01-20T06:20:55.659+0000] {dag.py:3823} INFO - Setting next_dagrun for streamflow_main to None, run_after=None
[2026-01-20T06:20:55.687+0000] {processor.py:183} INFO - Processing /opt/airflow/dags/dag_streamflow.py took 0.097 seconds
[2026-01-20T06:21:03.714+0000] {processor.py:161} INFO - Started process (PID=14957) to work on /opt/airflow/dags/dag_streamflow.py
[2026-01-20T06:21:03.716+0000] {processor.py:830} INFO - Processing file /opt/airflow/dags/dag_streamflow.py for tasks to queue
[2026-01-20T06:21:03.717+0000] {logging_mixin.py:188} INFO - [2026-01-20T06:21:03.717+0000] {dagbag.py:538} INFO - Filling up the DagBag from /opt/airflow/dags/dag_streamflow.py
[2026-01-20T06:21:03.748+0000] {processor.py:840} INFO - DAG(s) 'streamflow_main' retrieved from /opt/airflow/dags/dag_streamflow.py
[2026-01-20T06:21:03.776+0000] {logging_mixin.py:188} INFO - [2026-01-20T06:21:03.776+0000] {dag.py:3036} INFO - Sync 1 DAGs
[2026-01-20T06:21:03.787+0000] {logging_mixin.py:188} INFO - [2026-01-20T06:21:03.787+0000] {dag.py:3823} INFO - Setting next_dagrun for streamflow_main to None, run_after=None
[2026-01-20T06:21:03.816+0000] {processor.py:183} INFO - Processing /opt/airflow/dags/dag_streamflow.py took 0.105 seconds
[2026-01-20T06:21:17.868+0000] {processor.py:161} INFO - Started process (PID=14962) to work on /opt/airflow/dags/dag_streamflow.py
[2026-01-20T06:21:17.872+0000] {processor.py:830} INFO - Processing file /opt/airflow/dags/dag_streamflow.py for tasks to queue
[2026-01-20T06:21:17.879+0000] {logging_mixin.py:188} INFO - [2026-01-20T06:21:17.878+0000] {dagbag.py:538} INFO - Filling up the DagBag from /opt/airflow/dags/dag_streamflow.py
[2026-01-20T06:21:17.916+0000] {logging_mixin.py:188} INFO - [2026-01-20T06:21:17.915+0000] {dagbag.py:348} ERROR - Failed to import: /opt/airflow/dags/dag_streamflow.py
Traceback (most recent call last):
  File "/home/airflow/.local/lib/python3.10/site-packages/airflow/models/dagbag.py", line 344, in parse
    loader.exec_module(new_module)
  File "<frozen importlib._bootstrap_external>", line 879, in exec_module
  File "<frozen importlib._bootstrap_external>", line 1017, in get_code
  File "<frozen importlib._bootstrap_external>", line 947, in source_to_code
  File "<frozen importlib._bootstrap>", line 241, in _call_with_frames_removed
  File "/opt/airflow/dags/dag_streamflow.py", line 63
    spark_files = 
                  ^
SyntaxError: invalid syntax
[2026-01-20T06:21:17.917+0000] {processor.py:842} WARNING - No viable dags retrieved from /opt/airflow/dags/dag_streamflow.py
[2026-01-20T06:21:17.951+0000] {processor.py:183} INFO - Processing /opt/airflow/dags/dag_streamflow.py took 0.086 seconds
[2026-01-20T06:21:21.990+0000] {processor.py:161} INFO - Started process (PID=14967) to work on /opt/airflow/dags/dag_streamflow.py
[2026-01-20T06:21:21.992+0000] {processor.py:830} INFO - Processing file /opt/airflow/dags/dag_streamflow.py for tasks to queue
[2026-01-20T06:21:21.995+0000] {logging_mixin.py:188} INFO - [2026-01-20T06:21:21.995+0000] {dagbag.py:538} INFO - Filling up the DagBag from /opt/airflow/dags/dag_streamflow.py
[2026-01-20T06:21:22.025+0000] {logging_mixin.py:188} INFO - [2026-01-20T06:21:22.024+0000] {dagbag.py:348} ERROR - Failed to import: /opt/airflow/dags/dag_streamflow.py
Traceback (most recent call last):
  File "/home/airflow/.local/lib/python3.10/site-packages/airflow/models/dagbag.py", line 344, in parse
    loader.exec_module(new_module)
  File "<frozen importlib._bootstrap_external>", line 879, in exec_module
  File "<frozen importlib._bootstrap_external>", line 1017, in get_code
  File "<frozen importlib._bootstrap_external>", line 947, in source_to_code
  File "<frozen importlib._bootstrap>", line 241, in _call_with_frames_removed
  File "/opt/airflow/dags/dag_streamflow.py", line 63
    spark_files = [f for f in ]
                              ^
SyntaxError: invalid syntax
[2026-01-20T06:21:22.026+0000] {processor.py:842} WARNING - No viable dags retrieved from /opt/airflow/dags/dag_streamflow.py
[2026-01-20T06:21:22.052+0000] {processor.py:183} INFO - Processing /opt/airflow/dags/dag_streamflow.py took 0.065 seconds
[2026-01-20T06:21:29.071+0000] {processor.py:161} INFO - Started process (PID=14972) to work on /opt/airflow/dags/dag_streamflow.py
[2026-01-20T06:21:29.074+0000] {processor.py:830} INFO - Processing file /opt/airflow/dags/dag_streamflow.py for tasks to queue
[2026-01-20T06:21:29.077+0000] {logging_mixin.py:188} INFO - [2026-01-20T06:21:29.077+0000] {dagbag.py:538} INFO - Filling up the DagBag from /opt/airflow/dags/dag_streamflow.py
[2026-01-20T06:21:29.100+0000] {logging_mixin.py:188} INFO - [2026-01-20T06:21:29.099+0000] {dagbag.py:348} ERROR - Failed to import: /opt/airflow/dags/dag_streamflow.py
Traceback (most recent call last):
  File "/home/airflow/.local/lib/python3.10/site-packages/airflow/models/dagbag.py", line 344, in parse
    loader.exec_module(new_module)
  File "<frozen importlib._bootstrap_external>", line 879, in exec_module
  File "<frozen importlib._bootstrap_external>", line 1017, in get_code
  File "<frozen importlib._bootstrap_external>", line 947, in source_to_code
  File "<frozen importlib._bootstrap>", line 241, in _call_with_frames_removed
  File "/opt/airflow/dags/dag_streamflow.py", line 63
    spark_files = [f for f in ]
                              ^
SyntaxError: invalid syntax
[2026-01-20T06:21:29.101+0000] {processor.py:842} WARNING - No viable dags retrieved from /opt/airflow/dags/dag_streamflow.py
[2026-01-20T06:21:29.129+0000] {processor.py:183} INFO - Processing /opt/airflow/dags/dag_streamflow.py took 0.062 seconds
[2026-01-20T06:21:34.208+0000] {processor.py:161} INFO - Started process (PID=14984) to work on /opt/airflow/dags/dag_streamflow.py
[2026-01-20T06:21:34.209+0000] {processor.py:830} INFO - Processing file /opt/airflow/dags/dag_streamflow.py for tasks to queue
[2026-01-20T06:21:34.212+0000] {logging_mixin.py:188} INFO - [2026-01-20T06:21:34.212+0000] {dagbag.py:538} INFO - Filling up the DagBag from /opt/airflow/dags/dag_streamflow.py
[2026-01-20T06:21:34.233+0000] {logging_mixin.py:188} INFO - [2026-01-20T06:21:34.233+0000] {dagbag.py:348} ERROR - Failed to import: /opt/airflow/dags/dag_streamflow.py
Traceback (most recent call last):
  File "/home/airflow/.local/lib/python3.10/site-packages/airflow/models/dagbag.py", line 344, in parse
    loader.exec_module(new_module)
  File "<frozen importlib._bootstrap_external>", line 879, in exec_module
  File "<frozen importlib._bootstrap_external>", line 1017, in get_code
  File "<frozen importlib._bootstrap_external>", line 947, in source_to_code
  File "<frozen importlib._bootstrap>", line 241, in _call_with_frames_removed
  File "/opt/airflow/dags/dag_streamflow.py", line 63
    spark_files = [f for f in ]
                              ^
SyntaxError: invalid syntax
[2026-01-20T06:21:34.234+0000] {processor.py:842} WARNING - No viable dags retrieved from /opt/airflow/dags/dag_streamflow.py
[2026-01-20T06:21:34.254+0000] {processor.py:183} INFO - Processing /opt/airflow/dags/dag_streamflow.py took 0.049 seconds
[2026-01-20T06:21:38.292+0000] {processor.py:161} INFO - Started process (PID=14989) to work on /opt/airflow/dags/dag_streamflow.py
[2026-01-20T06:21:38.294+0000] {processor.py:830} INFO - Processing file /opt/airflow/dags/dag_streamflow.py for tasks to queue
[2026-01-20T06:21:38.298+0000] {logging_mixin.py:188} INFO - [2026-01-20T06:21:38.297+0000] {dagbag.py:538} INFO - Filling up the DagBag from /opt/airflow/dags/dag_streamflow.py
[2026-01-20T06:21:38.345+0000] {processor.py:840} INFO - DAG(s) 'streamflow_main' retrieved from /opt/airflow/dags/dag_streamflow.py
[2026-01-20T06:21:38.379+0000] {logging_mixin.py:188} INFO - [2026-01-20T06:21:38.379+0000] {dag.py:3036} INFO - Sync 1 DAGs
[2026-01-20T06:21:38.394+0000] {logging_mixin.py:188} INFO - [2026-01-20T06:21:38.394+0000] {dag.py:3823} INFO - Setting next_dagrun for streamflow_main to None, run_after=None
[2026-01-20T06:21:38.425+0000] {processor.py:183} INFO - Processing /opt/airflow/dags/dag_streamflow.py took 0.136 seconds
[2026-01-20T06:21:39.341+0000] {processor.py:161} INFO - Started process (PID=14994) to work on /opt/airflow/dags/dag_streamflow.py
[2026-01-20T06:21:39.342+0000] {processor.py:830} INFO - Processing file /opt/airflow/dags/dag_streamflow.py for tasks to queue
[2026-01-20T06:21:39.344+0000] {logging_mixin.py:188} INFO - [2026-01-20T06:21:39.344+0000] {dagbag.py:538} INFO - Filling up the DagBag from /opt/airflow/dags/dag_streamflow.py
[2026-01-20T06:21:39.366+0000] {processor.py:840} INFO - DAG(s) 'streamflow_main' retrieved from /opt/airflow/dags/dag_streamflow.py
[2026-01-20T06:21:39.389+0000] {logging_mixin.py:188} INFO - [2026-01-20T06:21:39.389+0000] {dag.py:3036} INFO - Sync 1 DAGs
[2026-01-20T06:21:39.399+0000] {logging_mixin.py:188} INFO - [2026-01-20T06:21:39.399+0000] {dag.py:3823} INFO - Setting next_dagrun for streamflow_main to None, run_after=None
[2026-01-20T06:21:39.424+0000] {processor.py:183} INFO - Processing /opt/airflow/dags/dag_streamflow.py took 0.085 seconds
[2026-01-20T06:22:09.488+0000] {processor.py:161} INFO - Started process (PID=15006) to work on /opt/airflow/dags/dag_streamflow.py
[2026-01-20T06:22:09.489+0000] {processor.py:830} INFO - Processing file /opt/airflow/dags/dag_streamflow.py for tasks to queue
[2026-01-20T06:22:09.491+0000] {logging_mixin.py:188} INFO - [2026-01-20T06:22:09.491+0000] {dagbag.py:538} INFO - Filling up the DagBag from /opt/airflow/dags/dag_streamflow.py
[2026-01-20T06:22:09.507+0000] {processor.py:840} INFO - DAG(s) 'streamflow_main' retrieved from /opt/airflow/dags/dag_streamflow.py
[2026-01-20T06:22:09.530+0000] {logging_mixin.py:188} INFO - [2026-01-20T06:22:09.530+0000] {dag.py:3036} INFO - Sync 1 DAGs
[2026-01-20T06:22:09.541+0000] {logging_mixin.py:188} INFO - [2026-01-20T06:22:09.541+0000] {dag.py:3823} INFO - Setting next_dagrun for streamflow_main to None, run_after=None
[2026-01-20T06:22:09.562+0000] {processor.py:183} INFO - Processing /opt/airflow/dags/dag_streamflow.py took 0.077 seconds
[2026-01-20T06:22:39.753+0000] {processor.py:161} INFO - Started process (PID=15018) to work on /opt/airflow/dags/dag_streamflow.py
[2026-01-20T06:22:39.754+0000] {processor.py:830} INFO - Processing file /opt/airflow/dags/dag_streamflow.py for tasks to queue
[2026-01-20T06:22:39.756+0000] {logging_mixin.py:188} INFO - [2026-01-20T06:22:39.755+0000] {dagbag.py:538} INFO - Filling up the DagBag from /opt/airflow/dags/dag_streamflow.py
[2026-01-20T06:22:39.772+0000] {processor.py:840} INFO - DAG(s) 'streamflow_main' retrieved from /opt/airflow/dags/dag_streamflow.py
[2026-01-20T06:22:39.796+0000] {logging_mixin.py:188} INFO - [2026-01-20T06:22:39.795+0000] {dag.py:3036} INFO - Sync 1 DAGs
[2026-01-20T06:22:39.805+0000] {logging_mixin.py:188} INFO - [2026-01-20T06:22:39.805+0000] {dag.py:3823} INFO - Setting next_dagrun for streamflow_main to None, run_after=None
[2026-01-20T06:22:39.823+0000] {processor.py:183} INFO - Processing /opt/airflow/dags/dag_streamflow.py took 0.074 seconds
[2026-01-20T06:22:47.811+0000] {processor.py:161} INFO - Started process (PID=15023) to work on /opt/airflow/dags/dag_streamflow.py
[2026-01-20T06:22:47.812+0000] {processor.py:830} INFO - Processing file /opt/airflow/dags/dag_streamflow.py for tasks to queue
[2026-01-20T06:22:47.814+0000] {logging_mixin.py:188} INFO - [2026-01-20T06:22:47.814+0000] {dagbag.py:538} INFO - Filling up the DagBag from /opt/airflow/dags/dag_streamflow.py
[2026-01-20T06:22:47.839+0000] {processor.py:840} INFO - DAG(s) 'streamflow_main' retrieved from /opt/airflow/dags/dag_streamflow.py
[2026-01-20T06:22:47.868+0000] {logging_mixin.py:188} INFO - [2026-01-20T06:22:47.868+0000] {dag.py:3036} INFO - Sync 1 DAGs
[2026-01-20T06:22:47.878+0000] {logging_mixin.py:188} INFO - [2026-01-20T06:22:47.878+0000] {dag.py:3823} INFO - Setting next_dagrun for streamflow_main to None, run_after=None
[2026-01-20T06:22:47.902+0000] {processor.py:183} INFO - Processing /opt/airflow/dags/dag_streamflow.py took 0.094 seconds
[2026-01-20T06:22:51.989+0000] {processor.py:161} INFO - Started process (PID=15028) to work on /opt/airflow/dags/dag_streamflow.py
[2026-01-20T06:22:51.991+0000] {processor.py:830} INFO - Processing file /opt/airflow/dags/dag_streamflow.py for tasks to queue
[2026-01-20T06:22:51.994+0000] {logging_mixin.py:188} INFO - [2026-01-20T06:22:51.994+0000] {dagbag.py:538} INFO - Filling up the DagBag from /opt/airflow/dags/dag_streamflow.py
[2026-01-20T06:22:52.048+0000] {processor.py:840} INFO - DAG(s) 'streamflow_main' retrieved from /opt/airflow/dags/dag_streamflow.py
[2026-01-20T06:22:52.080+0000] {logging_mixin.py:188} INFO - [2026-01-20T06:22:52.080+0000] {dag.py:3036} INFO - Sync 1 DAGs
[2026-01-20T06:22:52.095+0000] {logging_mixin.py:188} INFO - [2026-01-20T06:22:52.094+0000] {dag.py:3823} INFO - Setting next_dagrun for streamflow_main to None, run_after=None
[2026-01-20T06:22:52.130+0000] {processor.py:183} INFO - Processing /opt/airflow/dags/dag_streamflow.py took 0.144 seconds
[2026-01-20T06:22:54.046+0000] {processor.py:161} INFO - Started process (PID=15033) to work on /opt/airflow/dags/dag_streamflow.py
[2026-01-20T06:22:54.048+0000] {processor.py:830} INFO - Processing file /opt/airflow/dags/dag_streamflow.py for tasks to queue
[2026-01-20T06:22:54.052+0000] {logging_mixin.py:188} INFO - [2026-01-20T06:22:54.051+0000] {dagbag.py:538} INFO - Filling up the DagBag from /opt/airflow/dags/dag_streamflow.py
[2026-01-20T06:22:54.103+0000] {processor.py:840} INFO - DAG(s) 'streamflow_main' retrieved from /opt/airflow/dags/dag_streamflow.py
[2026-01-20T06:22:54.144+0000] {logging_mixin.py:188} INFO - [2026-01-20T06:22:54.144+0000] {dag.py:3036} INFO - Sync 1 DAGs
[2026-01-20T06:22:54.162+0000] {logging_mixin.py:188} INFO - [2026-01-20T06:22:54.162+0000] {dag.py:3823} INFO - Setting next_dagrun for streamflow_main to None, run_after=None
[2026-01-20T06:22:54.201+0000] {processor.py:183} INFO - Processing /opt/airflow/dags/dag_streamflow.py took 0.162 seconds
[2026-01-20T06:22:55.236+0000] {processor.py:161} INFO - Started process (PID=15038) to work on /opt/airflow/dags/dag_streamflow.py
[2026-01-20T06:22:55.239+0000] {processor.py:830} INFO - Processing file /opt/airflow/dags/dag_streamflow.py for tasks to queue
[2026-01-20T06:22:55.242+0000] {logging_mixin.py:188} INFO - [2026-01-20T06:22:55.242+0000] {dagbag.py:538} INFO - Filling up the DagBag from /opt/airflow/dags/dag_streamflow.py
[2026-01-20T06:22:55.300+0000] {processor.py:840} INFO - DAG(s) 'streamflow_main' retrieved from /opt/airflow/dags/dag_streamflow.py
[2026-01-20T06:22:55.333+0000] {logging_mixin.py:188} INFO - [2026-01-20T06:22:55.332+0000] {dag.py:3036} INFO - Sync 1 DAGs
[2026-01-20T06:22:55.347+0000] {logging_mixin.py:188} INFO - [2026-01-20T06:22:55.347+0000] {dag.py:3823} INFO - Setting next_dagrun for streamflow_main to None, run_after=None
[2026-01-20T06:22:55.383+0000] {processor.py:183} INFO - Processing /opt/airflow/dags/dag_streamflow.py took 0.150 seconds
[2026-01-20T06:22:55.448+0000] {processor.py:161} INFO - Started process (PID=15043) to work on /opt/airflow/dags/dag_streamflow.py
[2026-01-20T06:22:55.449+0000] {processor.py:830} INFO - Processing file /opt/airflow/dags/dag_streamflow.py for tasks to queue
[2026-01-20T06:22:55.452+0000] {logging_mixin.py:188} INFO - [2026-01-20T06:22:55.452+0000] {dagbag.py:538} INFO - Filling up the DagBag from /opt/airflow/dags/dag_streamflow.py
[2026-01-20T06:22:55.480+0000] {processor.py:840} INFO - DAG(s) 'streamflow_main' retrieved from /opt/airflow/dags/dag_streamflow.py
[2026-01-20T06:22:55.505+0000] {logging_mixin.py:188} INFO - [2026-01-20T06:22:55.505+0000] {dag.py:3036} INFO - Sync 1 DAGs
[2026-01-20T06:22:55.516+0000] {logging_mixin.py:188} INFO - [2026-01-20T06:22:55.515+0000] {dag.py:3823} INFO - Setting next_dagrun for streamflow_main to None, run_after=None
[2026-01-20T06:22:55.534+0000] {processor.py:183} INFO - Processing /opt/airflow/dags/dag_streamflow.py took 0.091 seconds
[2026-01-20T06:22:55.567+0000] {processor.py:161} INFO - Started process (PID=15048) to work on /opt/airflow/dags/dag_streamflow.py
[2026-01-20T06:22:55.568+0000] {processor.py:830} INFO - Processing file /opt/airflow/dags/dag_streamflow.py for tasks to queue
[2026-01-20T06:22:55.570+0000] {logging_mixin.py:188} INFO - [2026-01-20T06:22:55.570+0000] {dagbag.py:538} INFO - Filling up the DagBag from /opt/airflow/dags/dag_streamflow.py
[2026-01-20T06:22:55.585+0000] {processor.py:840} INFO - DAG(s) 'streamflow_main' retrieved from /opt/airflow/dags/dag_streamflow.py
[2026-01-20T06:22:55.611+0000] {logging_mixin.py:188} INFO - [2026-01-20T06:22:55.610+0000] {dag.py:3036} INFO - Sync 1 DAGs
[2026-01-20T06:22:55.623+0000] {logging_mixin.py:188} INFO - [2026-01-20T06:22:55.623+0000] {dag.py:3823} INFO - Setting next_dagrun for streamflow_main to None, run_after=None
[2026-01-20T06:22:55.643+0000] {processor.py:183} INFO - Processing /opt/airflow/dags/dag_streamflow.py took 0.078 seconds
[2026-01-20T06:22:55.692+0000] {processor.py:161} INFO - Started process (PID=15053) to work on /opt/airflow/dags/dag_streamflow.py
[2026-01-20T06:22:55.693+0000] {processor.py:830} INFO - Processing file /opt/airflow/dags/dag_streamflow.py for tasks to queue
[2026-01-20T06:22:55.695+0000] {logging_mixin.py:188} INFO - [2026-01-20T06:22:55.695+0000] {dagbag.py:538} INFO - Filling up the DagBag from /opt/airflow/dags/dag_streamflow.py
[2026-01-20T06:22:55.711+0000] {processor.py:840} INFO - DAG(s) 'streamflow_main' retrieved from /opt/airflow/dags/dag_streamflow.py
[2026-01-20T06:22:55.739+0000] {logging_mixin.py:188} INFO - [2026-01-20T06:22:55.739+0000] {dag.py:3036} INFO - Sync 1 DAGs
[2026-01-20T06:22:55.752+0000] {logging_mixin.py:188} INFO - [2026-01-20T06:22:55.752+0000] {dag.py:3823} INFO - Setting next_dagrun for streamflow_main to None, run_after=None
[2026-01-20T06:22:55.772+0000] {processor.py:183} INFO - Processing /opt/airflow/dags/dag_streamflow.py took 0.082 seconds
[2026-01-20T06:23:07.927+0000] {processor.py:161} INFO - Started process (PID=15065) to work on /opt/airflow/dags/dag_streamflow.py
[2026-01-20T06:23:07.929+0000] {processor.py:830} INFO - Processing file /opt/airflow/dags/dag_streamflow.py for tasks to queue
[2026-01-20T06:23:07.933+0000] {logging_mixin.py:188} INFO - [2026-01-20T06:23:07.933+0000] {dagbag.py:538} INFO - Filling up the DagBag from /opt/airflow/dags/dag_streamflow.py
[2026-01-20T06:23:07.985+0000] {processor.py:840} INFO - DAG(s) 'streamflow_main' retrieved from /opt/airflow/dags/dag_streamflow.py
[2026-01-20T06:23:08.025+0000] {logging_mixin.py:188} INFO - [2026-01-20T06:23:08.025+0000] {dag.py:3036} INFO - Sync 1 DAGs
[2026-01-20T06:23:08.041+0000] {logging_mixin.py:188} INFO - [2026-01-20T06:23:08.041+0000] {dag.py:3823} INFO - Setting next_dagrun for streamflow_main to None, run_after=None
[2026-01-20T06:23:08.071+0000] {processor.py:183} INFO - Processing /opt/airflow/dags/dag_streamflow.py took 0.150 seconds
[2026-01-20T06:23:10.993+0000] {processor.py:161} INFO - Started process (PID=15070) to work on /opt/airflow/dags/dag_streamflow.py
[2026-01-20T06:23:10.995+0000] {processor.py:830} INFO - Processing file /opt/airflow/dags/dag_streamflow.py for tasks to queue
[2026-01-20T06:23:10.997+0000] {logging_mixin.py:188} INFO - [2026-01-20T06:23:10.997+0000] {dagbag.py:538} INFO - Filling up the DagBag from /opt/airflow/dags/dag_streamflow.py
[2026-01-20T06:23:11.033+0000] {processor.py:840} INFO - DAG(s) 'streamflow_main' retrieved from /opt/airflow/dags/dag_streamflow.py
[2026-01-20T06:23:11.068+0000] {logging_mixin.py:188} INFO - [2026-01-20T06:23:11.068+0000] {dag.py:3036} INFO - Sync 1 DAGs
[2026-01-20T06:23:11.083+0000] {logging_mixin.py:188} INFO - [2026-01-20T06:23:11.083+0000] {dag.py:3823} INFO - Setting next_dagrun for streamflow_main to None, run_after=None
[2026-01-20T06:23:11.115+0000] {processor.py:183} INFO - Processing /opt/airflow/dags/dag_streamflow.py took 0.126 seconds
[2026-01-20T06:23:13.157+0000] {processor.py:161} INFO - Started process (PID=15075) to work on /opt/airflow/dags/dag_streamflow.py
[2026-01-20T06:23:13.158+0000] {processor.py:830} INFO - Processing file /opt/airflow/dags/dag_streamflow.py for tasks to queue
[2026-01-20T06:23:13.160+0000] {logging_mixin.py:188} INFO - [2026-01-20T06:23:13.160+0000] {dagbag.py:538} INFO - Filling up the DagBag from /opt/airflow/dags/dag_streamflow.py
[2026-01-20T06:23:13.184+0000] {processor.py:840} INFO - DAG(s) 'streamflow_main' retrieved from /opt/airflow/dags/dag_streamflow.py
[2026-01-20T06:23:13.207+0000] {logging_mixin.py:188} INFO - [2026-01-20T06:23:13.206+0000] {dag.py:3036} INFO - Sync 1 DAGs
[2026-01-20T06:23:13.218+0000] {logging_mixin.py:188} INFO - [2026-01-20T06:23:13.217+0000] {dag.py:3823} INFO - Setting next_dagrun for streamflow_main to None, run_after=None
[2026-01-20T06:23:13.240+0000] {processor.py:183} INFO - Processing /opt/airflow/dags/dag_streamflow.py took 0.085 seconds
[2026-01-20T06:23:17.234+0000] {processor.py:161} INFO - Started process (PID=15080) to work on /opt/airflow/dags/dag_streamflow.py
[2026-01-20T06:23:17.236+0000] {processor.py:830} INFO - Processing file /opt/airflow/dags/dag_streamflow.py for tasks to queue
[2026-01-20T06:23:17.238+0000] {logging_mixin.py:188} INFO - [2026-01-20T06:23:17.238+0000] {dagbag.py:538} INFO - Filling up the DagBag from /opt/airflow/dags/dag_streamflow.py
[2026-01-20T06:23:17.265+0000] {processor.py:840} INFO - DAG(s) 'streamflow_main' retrieved from /opt/airflow/dags/dag_streamflow.py
[2026-01-20T06:23:17.289+0000] {logging_mixin.py:188} INFO - [2026-01-20T06:23:17.288+0000] {dag.py:3036} INFO - Sync 1 DAGs
[2026-01-20T06:23:17.300+0000] {logging_mixin.py:188} INFO - [2026-01-20T06:23:17.300+0000] {dag.py:3823} INFO - Setting next_dagrun for streamflow_main to None, run_after=None
[2026-01-20T06:23:17.326+0000] {processor.py:183} INFO - Processing /opt/airflow/dags/dag_streamflow.py took 0.095 seconds
[2026-01-20T06:23:18.312+0000] {processor.py:161} INFO - Started process (PID=15085) to work on /opt/airflow/dags/dag_streamflow.py
[2026-01-20T06:23:18.313+0000] {processor.py:830} INFO - Processing file /opt/airflow/dags/dag_streamflow.py for tasks to queue
[2026-01-20T06:23:18.315+0000] {logging_mixin.py:188} INFO - [2026-01-20T06:23:18.315+0000] {dagbag.py:538} INFO - Filling up the DagBag from /opt/airflow/dags/dag_streamflow.py
[2026-01-20T06:23:18.339+0000] {processor.py:840} INFO - DAG(s) 'streamflow_main' retrieved from /opt/airflow/dags/dag_streamflow.py
[2026-01-20T06:23:18.367+0000] {logging_mixin.py:188} INFO - [2026-01-20T06:23:18.367+0000] {dag.py:3036} INFO - Sync 1 DAGs
[2026-01-20T06:23:18.380+0000] {logging_mixin.py:188} INFO - [2026-01-20T06:23:18.380+0000] {dag.py:3823} INFO - Setting next_dagrun for streamflow_main to None, run_after=None
[2026-01-20T06:23:18.405+0000] {processor.py:183} INFO - Processing /opt/airflow/dags/dag_streamflow.py took 0.096 seconds
[2026-01-20T06:23:43.549+0000] {processor.py:161} INFO - Started process (PID=15097) to work on /opt/airflow/dags/dag_streamflow.py
[2026-01-20T06:23:43.551+0000] {processor.py:830} INFO - Processing file /opt/airflow/dags/dag_streamflow.py for tasks to queue
[2026-01-20T06:23:43.556+0000] {logging_mixin.py:188} INFO - [2026-01-20T06:23:43.555+0000] {dagbag.py:538} INFO - Filling up the DagBag from /opt/airflow/dags/dag_streamflow.py
[2026-01-20T06:23:43.607+0000] {processor.py:840} INFO - DAG(s) 'streamflow_main' retrieved from /opt/airflow/dags/dag_streamflow.py
[2026-01-20T06:23:43.680+0000] {logging_mixin.py:188} INFO - [2026-01-20T06:23:43.679+0000] {dag.py:3036} INFO - Sync 1 DAGs
[2026-01-20T06:23:43.713+0000] {logging_mixin.py:188} INFO - [2026-01-20T06:23:43.713+0000] {dag.py:3823} INFO - Setting next_dagrun for streamflow_main to None, run_after=None
[2026-01-20T06:23:43.760+0000] {processor.py:183} INFO - Processing /opt/airflow/dags/dag_streamflow.py took 0.214 seconds
[2026-01-20T06:23:44.837+0000] {processor.py:161} INFO - Started process (PID=15102) to work on /opt/airflow/dags/dag_streamflow.py
[2026-01-20T06:23:44.839+0000] {processor.py:830} INFO - Processing file /opt/airflow/dags/dag_streamflow.py for tasks to queue
[2026-01-20T06:23:44.841+0000] {logging_mixin.py:188} INFO - [2026-01-20T06:23:44.841+0000] {dagbag.py:538} INFO - Filling up the DagBag from /opt/airflow/dags/dag_streamflow.py
[2026-01-20T06:23:44.877+0000] {processor.py:840} INFO - DAG(s) 'streamflow_main' retrieved from /opt/airflow/dags/dag_streamflow.py
[2026-01-20T06:23:44.906+0000] {logging_mixin.py:188} INFO - [2026-01-20T06:23:44.906+0000] {dag.py:3036} INFO - Sync 1 DAGs
[2026-01-20T06:23:44.918+0000] {logging_mixin.py:188} INFO - [2026-01-20T06:23:44.918+0000] {dag.py:3823} INFO - Setting next_dagrun for streamflow_main to None, run_after=None
[2026-01-20T06:23:44.941+0000] {processor.py:183} INFO - Processing /opt/airflow/dags/dag_streamflow.py took 0.107 seconds
[2026-01-20T06:23:46.905+0000] {processor.py:161} INFO - Started process (PID=15107) to work on /opt/airflow/dags/dag_streamflow.py
[2026-01-20T06:23:46.907+0000] {processor.py:830} INFO - Processing file /opt/airflow/dags/dag_streamflow.py for tasks to queue
[2026-01-20T06:23:46.910+0000] {logging_mixin.py:188} INFO - [2026-01-20T06:23:46.909+0000] {dagbag.py:538} INFO - Filling up the DagBag from /opt/airflow/dags/dag_streamflow.py
[2026-01-20T06:23:46.959+0000] {processor.py:840} INFO - DAG(s) 'streamflow_main' retrieved from /opt/airflow/dags/dag_streamflow.py
[2026-01-20T06:23:46.997+0000] {logging_mixin.py:188} INFO - [2026-01-20T06:23:46.997+0000] {dag.py:3036} INFO - Sync 1 DAGs
[2026-01-20T06:23:47.014+0000] {logging_mixin.py:188} INFO - [2026-01-20T06:23:47.013+0000] {dag.py:3823} INFO - Setting next_dagrun for streamflow_main to None, run_after=None
[2026-01-20T06:23:47.055+0000] {processor.py:183} INFO - Processing /opt/airflow/dags/dag_streamflow.py took 0.154 seconds
[2026-01-20T06:24:05.130+0000] {processor.py:161} INFO - Started process (PID=15112) to work on /opt/airflow/dags/dag_streamflow.py
[2026-01-20T06:24:05.131+0000] {processor.py:830} INFO - Processing file /opt/airflow/dags/dag_streamflow.py for tasks to queue
[2026-01-20T06:24:05.133+0000] {logging_mixin.py:188} INFO - [2026-01-20T06:24:05.133+0000] {dagbag.py:538} INFO - Filling up the DagBag from /opt/airflow/dags/dag_streamflow.py
[2026-01-20T06:24:05.143+0000] {logging_mixin.py:188} INFO - [2026-01-20T06:24:05.143+0000] {dagbag.py:348} ERROR - Failed to import: /opt/airflow/dags/dag_streamflow.py
Traceback (most recent call last):
  File "/home/airflow/.local/lib/python3.10/site-packages/airflow/models/dagbag.py", line 344, in parse
    loader.exec_module(new_module)
  File "<frozen importlib._bootstrap_external>", line 879, in exec_module
  File "<frozen importlib._bootstrap_external>", line 1017, in get_code
  File "<frozen importlib._bootstrap_external>", line 947, in source_to_code
  File "<frozen importlib._bootstrap>", line 241, in _call_with_frames_removed
  File "/opt/airflow/dags/dag_streamflow.py", line 65
    for file_path in spark_files
                                ^
SyntaxError: expected ':'
[2026-01-20T06:24:05.144+0000] {processor.py:842} WARNING - No viable dags retrieved from /opt/airflow/dags/dag_streamflow.py
[2026-01-20T06:24:05.163+0000] {processor.py:183} INFO - Processing /opt/airflow/dags/dag_streamflow.py took 0.035 seconds
[2026-01-20T06:24:06.210+0000] {processor.py:161} INFO - Started process (PID=15117) to work on /opt/airflow/dags/dag_streamflow.py
[2026-01-20T06:24:06.211+0000] {processor.py:830} INFO - Processing file /opt/airflow/dags/dag_streamflow.py for tasks to queue
[2026-01-20T06:24:06.215+0000] {logging_mixin.py:188} INFO - [2026-01-20T06:24:06.214+0000] {dagbag.py:538} INFO - Filling up the DagBag from /opt/airflow/dags/dag_streamflow.py
[2026-01-20T06:24:06.237+0000] {logging_mixin.py:188} INFO - [2026-01-20T06:24:06.237+0000] {dagbag.py:348} ERROR - Failed to import: /opt/airflow/dags/dag_streamflow.py
Traceback (most recent call last):
  File "/home/airflow/.local/lib/python3.10/site-packages/airflow/models/dagbag.py", line 344, in parse
    loader.exec_module(new_module)
  File "<frozen importlib._bootstrap_external>", line 879, in exec_module
  File "<frozen importlib._bootstrap_external>", line 1017, in get_code
  File "<frozen importlib._bootstrap_external>", line 947, in source_to_code
  File "<frozen importlib._bootstrap>", line 241, in _call_with_frames_removed
  File "/opt/airflow/dags/dag_streamflow.py", line 65
    for file_path in spark_files
                                ^
SyntaxError: expected ':'
[2026-01-20T06:24:06.238+0000] {processor.py:842} WARNING - No viable dags retrieved from /opt/airflow/dags/dag_streamflow.py
[2026-01-20T06:24:06.259+0000] {processor.py:183} INFO - Processing /opt/airflow/dags/dag_streamflow.py took 0.053 seconds
[2026-01-20T06:24:08.277+0000] {processor.py:161} INFO - Started process (PID=15122) to work on /opt/airflow/dags/dag_streamflow.py
[2026-01-20T06:24:08.278+0000] {processor.py:830} INFO - Processing file /opt/airflow/dags/dag_streamflow.py for tasks to queue
[2026-01-20T06:24:08.281+0000] {logging_mixin.py:188} INFO - [2026-01-20T06:24:08.281+0000] {dagbag.py:538} INFO - Filling up the DagBag from /opt/airflow/dags/dag_streamflow.py
[2026-01-20T06:24:08.302+0000] {logging_mixin.py:188} INFO - [2026-01-20T06:24:08.301+0000] {dagbag.py:348} ERROR - Failed to import: /opt/airflow/dags/dag_streamflow.py
Traceback (most recent call last):
  File "/home/airflow/.local/lib/python3.10/site-packages/airflow/models/dagbag.py", line 344, in parse
    loader.exec_module(new_module)
  File "<frozen importlib._bootstrap_external>", line 879, in exec_module
  File "<frozen importlib._bootstrap_external>", line 1017, in get_code
  File "<frozen importlib._bootstrap_external>", line 947, in source_to_code
  File "<frozen importlib._bootstrap>", line 241, in _call_with_frames_removed
  File "/opt/airflow/dags/dag_streamflow.py", line 71
    with DAG(
IndentationError: expected an indented block after 'for' statement on line 65
[2026-01-20T06:24:08.302+0000] {processor.py:842} WARNING - No viable dags retrieved from /opt/airflow/dags/dag_streamflow.py
[2026-01-20T06:24:08.329+0000] {processor.py:183} INFO - Processing /opt/airflow/dags/dag_streamflow.py took 0.056 seconds
[2026-01-20T06:24:11.405+0000] {processor.py:161} INFO - Started process (PID=15127) to work on /opt/airflow/dags/dag_streamflow.py
[2026-01-20T06:24:11.406+0000] {processor.py:830} INFO - Processing file /opt/airflow/dags/dag_streamflow.py for tasks to queue
[2026-01-20T06:24:11.410+0000] {logging_mixin.py:188} INFO - [2026-01-20T06:24:11.409+0000] {dagbag.py:538} INFO - Filling up the DagBag from /opt/airflow/dags/dag_streamflow.py
[2026-01-20T06:24:11.465+0000] {processor.py:840} INFO - DAG(s) 'streamflow_main' retrieved from /opt/airflow/dags/dag_streamflow.py
[2026-01-20T06:24:11.501+0000] {logging_mixin.py:188} INFO - [2026-01-20T06:24:11.500+0000] {dag.py:3036} INFO - Sync 1 DAGs
[2026-01-20T06:24:11.517+0000] {logging_mixin.py:188} INFO - [2026-01-20T06:24:11.517+0000] {dag.py:3823} INFO - Setting next_dagrun for streamflow_main to None, run_after=None
[2026-01-20T06:24:11.559+0000] {processor.py:183} INFO - Processing /opt/airflow/dags/dag_streamflow.py took 0.158 seconds
[2026-01-20T06:24:13.431+0000] {processor.py:161} INFO - Started process (PID=15139) to work on /opt/airflow/dags/dag_streamflow.py
[2026-01-20T06:24:13.432+0000] {processor.py:830} INFO - Processing file /opt/airflow/dags/dag_streamflow.py for tasks to queue
[2026-01-20T06:24:13.434+0000] {logging_mixin.py:188} INFO - [2026-01-20T06:24:13.434+0000] {dagbag.py:538} INFO - Filling up the DagBag from /opt/airflow/dags/dag_streamflow.py
[2026-01-20T06:24:13.444+0000] {logging_mixin.py:188} INFO - [2026-01-20T06:24:13.443+0000] {dagbag.py:348} ERROR - Failed to import: /opt/airflow/dags/dag_streamflow.py
Traceback (most recent call last):
  File "/home/airflow/.local/lib/python3.10/site-packages/airflow/models/dagbag.py", line 344, in parse
    loader.exec_module(new_module)
  File "<frozen importlib._bootstrap_external>", line 879, in exec_module
  File "<frozen importlib._bootstrap_external>", line 1017, in get_code
  File "<frozen importlib._bootstrap_external>", line 947, in source_to_code
  File "<frozen importlib._bootstrap>", line 241, in _call_with_frames_removed
  File "/opt/airflow/dags/dag_streamflow.py", line 66
    print(f{})
          ^^^
SyntaxError: invalid syntax. Perhaps you forgot a comma?
[2026-01-20T06:24:13.445+0000] {processor.py:842} WARNING - No viable dags retrieved from /opt/airflow/dags/dag_streamflow.py
[2026-01-20T06:24:13.470+0000] {processor.py:183} INFO - Processing /opt/airflow/dags/dag_streamflow.py took 0.042 seconds
[2026-01-20T06:24:15.537+0000] {processor.py:161} INFO - Started process (PID=15144) to work on /opt/airflow/dags/dag_streamflow.py
[2026-01-20T06:24:15.538+0000] {processor.py:830} INFO - Processing file /opt/airflow/dags/dag_streamflow.py for tasks to queue
[2026-01-20T06:24:15.539+0000] {logging_mixin.py:188} INFO - [2026-01-20T06:24:15.539+0000] {dagbag.py:538} INFO - Filling up the DagBag from /opt/airflow/dags/dag_streamflow.py
[2026-01-20T06:24:15.548+0000] {logging_mixin.py:188} INFO - [2026-01-20T06:24:15.548+0000] {dagbag.py:348} ERROR - Failed to import: /opt/airflow/dags/dag_streamflow.py
Traceback (most recent call last):
  File "/home/airflow/.local/lib/python3.10/site-packages/airflow/models/dagbag.py", line 344, in parse
    loader.exec_module(new_module)
  File "<frozen importlib._bootstrap_external>", line 879, in exec_module
  File "<frozen importlib._bootstrap_external>", line 1017, in get_code
  File "<frozen importlib._bootstrap_external>", line 947, in source_to_code
  File "<frozen importlib._bootstrap>", line 241, in _call_with_frames_removed
  File "/opt/airflow/dags/dag_streamflow.py", line 66
    print(f"{}")
               ^
SyntaxError: f-string: empty expression not allowed
[2026-01-20T06:24:15.549+0000] {processor.py:842} WARNING - No viable dags retrieved from /opt/airflow/dags/dag_streamflow.py
[2026-01-20T06:24:15.568+0000] {processor.py:183} INFO - Processing /opt/airflow/dags/dag_streamflow.py took 0.034 seconds
[2026-01-20T06:24:17.574+0000] {processor.py:161} INFO - Started process (PID=15149) to work on /opt/airflow/dags/dag_streamflow.py
[2026-01-20T06:24:17.574+0000] {processor.py:830} INFO - Processing file /opt/airflow/dags/dag_streamflow.py for tasks to queue
[2026-01-20T06:24:17.576+0000] {logging_mixin.py:188} INFO - [2026-01-20T06:24:17.576+0000] {dagbag.py:538} INFO - Filling up the DagBag from /opt/airflow/dags/dag_streamflow.py
[2026-01-20T06:24:17.611+0000] {processor.py:840} INFO - DAG(s) 'streamflow_main' retrieved from /opt/airflow/dags/dag_streamflow.py
[2026-01-20T06:24:17.634+0000] {logging_mixin.py:188} INFO - [2026-01-20T06:24:17.633+0000] {dag.py:3036} INFO - Sync 1 DAGs
[2026-01-20T06:24:17.644+0000] {logging_mixin.py:188} INFO - [2026-01-20T06:24:17.644+0000] {dag.py:3823} INFO - Setting next_dagrun for streamflow_main to None, run_after=None
[2026-01-20T06:24:17.670+0000] {processor.py:183} INFO - Processing /opt/airflow/dags/dag_streamflow.py took 0.099 seconds
[2026-01-20T06:24:21.660+0000] {processor.py:161} INFO - Started process (PID=15154) to work on /opt/airflow/dags/dag_streamflow.py
[2026-01-20T06:24:21.661+0000] {processor.py:830} INFO - Processing file /opt/airflow/dags/dag_streamflow.py for tasks to queue
[2026-01-20T06:24:21.663+0000] {logging_mixin.py:188} INFO - [2026-01-20T06:24:21.663+0000] {dagbag.py:538} INFO - Filling up the DagBag from /opt/airflow/dags/dag_streamflow.py
[2026-01-20T06:24:21.694+0000] {processor.py:840} INFO - DAG(s) 'streamflow_main' retrieved from /opt/airflow/dags/dag_streamflow.py
[2026-01-20T06:24:21.719+0000] {logging_mixin.py:188} INFO - [2026-01-20T06:24:21.719+0000] {dag.py:3036} INFO - Sync 1 DAGs
[2026-01-20T06:24:21.731+0000] {logging_mixin.py:188} INFO - [2026-01-20T06:24:21.730+0000] {dag.py:3823} INFO - Setting next_dagrun for streamflow_main to None, run_after=None
[2026-01-20T06:24:21.760+0000] {processor.py:183} INFO - Processing /opt/airflow/dags/dag_streamflow.py took 0.103 seconds
[2026-01-20T06:24:25.806+0000] {processor.py:161} INFO - Started process (PID=15159) to work on /opt/airflow/dags/dag_streamflow.py
[2026-01-20T06:24:25.808+0000] {processor.py:830} INFO - Processing file /opt/airflow/dags/dag_streamflow.py for tasks to queue
[2026-01-20T06:24:25.814+0000] {logging_mixin.py:188} INFO - [2026-01-20T06:24:25.813+0000] {dagbag.py:538} INFO - Filling up the DagBag from /opt/airflow/dags/dag_streamflow.py
[2026-01-20T06:24:25.868+0000] {processor.py:840} INFO - DAG(s) 'streamflow_main' retrieved from /opt/airflow/dags/dag_streamflow.py
[2026-01-20T06:24:25.899+0000] {logging_mixin.py:188} INFO - [2026-01-20T06:24:25.898+0000] {dag.py:3036} INFO - Sync 1 DAGs
[2026-01-20T06:24:25.913+0000] {logging_mixin.py:188} INFO - [2026-01-20T06:24:25.913+0000] {dag.py:3823} INFO - Setting next_dagrun for streamflow_main to None, run_after=None
[2026-01-20T06:24:25.944+0000] {processor.py:183} INFO - Processing /opt/airflow/dags/dag_streamflow.py took 0.143 seconds
[2026-01-20T06:24:28.886+0000] {processor.py:161} INFO - Started process (PID=15164) to work on /opt/airflow/dags/dag_streamflow.py
[2026-01-20T06:24:28.887+0000] {processor.py:830} INFO - Processing file /opt/airflow/dags/dag_streamflow.py for tasks to queue
[2026-01-20T06:24:28.890+0000] {logging_mixin.py:188} INFO - [2026-01-20T06:24:28.890+0000] {dagbag.py:538} INFO - Filling up the DagBag from /opt/airflow/dags/dag_streamflow.py
[2026-01-20T06:24:28.939+0000] {processor.py:840} INFO - DAG(s) 'streamflow_main' retrieved from /opt/airflow/dags/dag_streamflow.py
[2026-01-20T06:24:28.982+0000] {logging_mixin.py:188} INFO - [2026-01-20T06:24:28.982+0000] {dag.py:3036} INFO - Sync 1 DAGs
[2026-01-20T06:24:29.001+0000] {logging_mixin.py:188} INFO - [2026-01-20T06:24:29.001+0000] {dag.py:3823} INFO - Setting next_dagrun for streamflow_main to None, run_after=None
[2026-01-20T06:24:29.036+0000] {processor.py:183} INFO - Processing /opt/airflow/dags/dag_streamflow.py took 0.154 seconds
[2026-01-20T06:24:31.061+0000] {processor.py:161} INFO - Started process (PID=15169) to work on /opt/airflow/dags/dag_streamflow.py
[2026-01-20T06:24:31.063+0000] {processor.py:830} INFO - Processing file /opt/airflow/dags/dag_streamflow.py for tasks to queue
[2026-01-20T06:24:31.068+0000] {logging_mixin.py:188} INFO - [2026-01-20T06:24:31.067+0000] {dagbag.py:538} INFO - Filling up the DagBag from /opt/airflow/dags/dag_streamflow.py
[2026-01-20T06:24:31.120+0000] {processor.py:840} INFO - DAG(s) 'streamflow_main' retrieved from /opt/airflow/dags/dag_streamflow.py
[2026-01-20T06:24:31.157+0000] {logging_mixin.py:188} INFO - [2026-01-20T06:24:31.157+0000] {dag.py:3036} INFO - Sync 1 DAGs
[2026-01-20T06:24:31.179+0000] {logging_mixin.py:188} INFO - [2026-01-20T06:24:31.179+0000] {dag.py:3823} INFO - Setting next_dagrun for streamflow_main to None, run_after=None
[2026-01-20T06:24:31.229+0000] {processor.py:183} INFO - Processing /opt/airflow/dags/dag_streamflow.py took 0.174 seconds
[2026-01-20T06:24:31.284+0000] {processor.py:161} INFO - Started process (PID=15174) to work on /opt/airflow/dags/dag_streamflow.py
[2026-01-20T06:24:31.286+0000] {processor.py:830} INFO - Processing file /opt/airflow/dags/dag_streamflow.py for tasks to queue
[2026-01-20T06:24:31.289+0000] {logging_mixin.py:188} INFO - [2026-01-20T06:24:31.288+0000] {dagbag.py:538} INFO - Filling up the DagBag from /opt/airflow/dags/dag_streamflow.py
[2026-01-20T06:24:31.315+0000] {processor.py:840} INFO - DAG(s) 'streamflow_main' retrieved from /opt/airflow/dags/dag_streamflow.py
[2026-01-20T06:24:31.353+0000] {logging_mixin.py:188} INFO - [2026-01-20T06:24:31.353+0000] {dag.py:3036} INFO - Sync 1 DAGs
[2026-01-20T06:24:31.369+0000] {logging_mixin.py:188} INFO - [2026-01-20T06:24:31.368+0000] {dag.py:3823} INFO - Setting next_dagrun for streamflow_main to None, run_after=None
[2026-01-20T06:24:31.398+0000] {processor.py:183} INFO - Processing /opt/airflow/dags/dag_streamflow.py took 0.118 seconds
[2026-01-20T06:24:33.322+0000] {processor.py:161} INFO - Started process (PID=15179) to work on /opt/airflow/dags/dag_streamflow.py
[2026-01-20T06:24:33.323+0000] {processor.py:830} INFO - Processing file /opt/airflow/dags/dag_streamflow.py for tasks to queue
[2026-01-20T06:24:33.325+0000] {logging_mixin.py:188} INFO - [2026-01-20T06:24:33.324+0000] {dagbag.py:538} INFO - Filling up the DagBag from /opt/airflow/dags/dag_streamflow.py
[2026-01-20T06:24:33.357+0000] {processor.py:840} INFO - DAG(s) 'streamflow_main' retrieved from /opt/airflow/dags/dag_streamflow.py
[2026-01-20T06:24:33.383+0000] {logging_mixin.py:188} INFO - [2026-01-20T06:24:33.382+0000] {dag.py:3036} INFO - Sync 1 DAGs
[2026-01-20T06:24:33.394+0000] {logging_mixin.py:188} INFO - [2026-01-20T06:24:33.393+0000] {dag.py:3823} INFO - Setting next_dagrun for streamflow_main to None, run_after=None
[2026-01-20T06:24:33.429+0000] {processor.py:183} INFO - Processing /opt/airflow/dags/dag_streamflow.py took 0.110 seconds
[2026-01-20T06:24:33.488+0000] {processor.py:161} INFO - Started process (PID=15184) to work on /opt/airflow/dags/dag_streamflow.py
[2026-01-20T06:24:33.490+0000] {processor.py:830} INFO - Processing file /opt/airflow/dags/dag_streamflow.py for tasks to queue
[2026-01-20T06:24:33.493+0000] {logging_mixin.py:188} INFO - [2026-01-20T06:24:33.492+0000] {dagbag.py:538} INFO - Filling up the DagBag from /opt/airflow/dags/dag_streamflow.py
[2026-01-20T06:24:33.528+0000] {processor.py:840} INFO - DAG(s) 'streamflow_main' retrieved from /opt/airflow/dags/dag_streamflow.py
[2026-01-20T06:24:33.571+0000] {logging_mixin.py:188} INFO - [2026-01-20T06:24:33.571+0000] {dag.py:3036} INFO - Sync 1 DAGs
[2026-01-20T06:24:33.591+0000] {logging_mixin.py:188} INFO - [2026-01-20T06:24:33.591+0000] {dag.py:3823} INFO - Setting next_dagrun for streamflow_main to None, run_after=None
[2026-01-20T06:24:33.628+0000] {processor.py:183} INFO - Processing /opt/airflow/dags/dag_streamflow.py took 0.144 seconds
[2026-01-20T06:24:33.695+0000] {processor.py:161} INFO - Started process (PID=15189) to work on /opt/airflow/dags/dag_streamflow.py
[2026-01-20T06:24:33.697+0000] {processor.py:830} INFO - Processing file /opt/airflow/dags/dag_streamflow.py for tasks to queue
[2026-01-20T06:24:33.701+0000] {logging_mixin.py:188} INFO - [2026-01-20T06:24:33.700+0000] {dagbag.py:538} INFO - Filling up the DagBag from /opt/airflow/dags/dag_streamflow.py
[2026-01-20T06:24:33.729+0000] {processor.py:840} INFO - DAG(s) 'streamflow_main' retrieved from /opt/airflow/dags/dag_streamflow.py
[2026-01-20T06:24:33.764+0000] {logging_mixin.py:188} INFO - [2026-01-20T06:24:33.764+0000] {dag.py:3036} INFO - Sync 1 DAGs
[2026-01-20T06:24:33.782+0000] {logging_mixin.py:188} INFO - [2026-01-20T06:24:33.781+0000] {dag.py:3823} INFO - Setting next_dagrun for streamflow_main to None, run_after=None
[2026-01-20T06:24:33.813+0000] {processor.py:183} INFO - Processing /opt/airflow/dags/dag_streamflow.py took 0.122 seconds
[2026-01-20T06:24:44.779+0000] {processor.py:161} INFO - Started process (PID=15201) to work on /opt/airflow/dags/dag_streamflow.py
[2026-01-20T06:24:44.781+0000] {processor.py:830} INFO - Processing file /opt/airflow/dags/dag_streamflow.py for tasks to queue
[2026-01-20T06:24:44.783+0000] {logging_mixin.py:188} INFO - [2026-01-20T06:24:44.782+0000] {dagbag.py:538} INFO - Filling up the DagBag from /opt/airflow/dags/dag_streamflow.py
[2026-01-20T06:24:44.807+0000] {processor.py:840} INFO - DAG(s) 'streamflow_main' retrieved from /opt/airflow/dags/dag_streamflow.py
[2026-01-20T06:24:44.833+0000] {logging_mixin.py:188} INFO - [2026-01-20T06:24:44.833+0000] {dag.py:3036} INFO - Sync 1 DAGs
[2026-01-20T06:24:44.848+0000] {logging_mixin.py:188} INFO - [2026-01-20T06:24:44.848+0000] {dag.py:3823} INFO - Setting next_dagrun for streamflow_main to None, run_after=None
[2026-01-20T06:24:44.871+0000] {processor.py:183} INFO - Processing /opt/airflow/dags/dag_streamflow.py took 0.095 seconds
[2026-01-20T06:24:47.823+0000] {processor.py:161} INFO - Started process (PID=15206) to work on /opt/airflow/dags/dag_streamflow.py
[2026-01-20T06:24:47.824+0000] {processor.py:830} INFO - Processing file /opt/airflow/dags/dag_streamflow.py for tasks to queue
[2026-01-20T06:24:47.826+0000] {logging_mixin.py:188} INFO - [2026-01-20T06:24:47.825+0000] {dagbag.py:538} INFO - Filling up the DagBag from /opt/airflow/dags/dag_streamflow.py
[2026-01-20T06:24:47.863+0000] {processor.py:840} INFO - DAG(s) 'streamflow_main' retrieved from /opt/airflow/dags/dag_streamflow.py
[2026-01-20T06:24:47.890+0000] {logging_mixin.py:188} INFO - [2026-01-20T06:24:47.890+0000] {dag.py:3036} INFO - Sync 1 DAGs
[2026-01-20T06:24:47.900+0000] {logging_mixin.py:188} INFO - [2026-01-20T06:24:47.900+0000] {dag.py:3823} INFO - Setting next_dagrun for streamflow_main to None, run_after=None
[2026-01-20T06:24:47.922+0000] {processor.py:183} INFO - Processing /opt/airflow/dags/dag_streamflow.py took 0.103 seconds
[2026-01-20T06:24:51.974+0000] {processor.py:161} INFO - Started process (PID=15211) to work on /opt/airflow/dags/dag_streamflow.py
[2026-01-20T06:24:51.975+0000] {processor.py:830} INFO - Processing file /opt/airflow/dags/dag_streamflow.py for tasks to queue
[2026-01-20T06:24:51.978+0000] {logging_mixin.py:188} INFO - [2026-01-20T06:24:51.977+0000] {dagbag.py:538} INFO - Filling up the DagBag from /opt/airflow/dags/dag_streamflow.py
[2026-01-20T06:24:52.017+0000] {processor.py:840} INFO - DAG(s) 'streamflow_main' retrieved from /opt/airflow/dags/dag_streamflow.py
[2026-01-20T06:24:52.050+0000] {logging_mixin.py:188} INFO - [2026-01-20T06:24:52.049+0000] {dag.py:3036} INFO - Sync 1 DAGs
[2026-01-20T06:24:52.065+0000] {logging_mixin.py:188} INFO - [2026-01-20T06:24:52.065+0000] {dag.py:3823} INFO - Setting next_dagrun for streamflow_main to None, run_after=None
[2026-01-20T06:24:52.095+0000] {processor.py:183} INFO - Processing /opt/airflow/dags/dag_streamflow.py took 0.125 seconds
[2026-01-20T06:25:04.222+0000] {processor.py:161} INFO - Started process (PID=15216) to work on /opt/airflow/dags/dag_streamflow.py
[2026-01-20T06:25:04.224+0000] {processor.py:830} INFO - Processing file /opt/airflow/dags/dag_streamflow.py for tasks to queue
[2026-01-20T06:25:04.226+0000] {logging_mixin.py:188} INFO - [2026-01-20T06:25:04.226+0000] {dagbag.py:538} INFO - Filling up the DagBag from /opt/airflow/dags/dag_streamflow.py
[2026-01-20T06:25:04.263+0000] {processor.py:840} INFO - DAG(s) 'streamflow_main' retrieved from /opt/airflow/dags/dag_streamflow.py
[2026-01-20T06:25:04.297+0000] {logging_mixin.py:188} INFO - [2026-01-20T06:25:04.297+0000] {dag.py:3036} INFO - Sync 1 DAGs
[2026-01-20T06:25:04.310+0000] {logging_mixin.py:188} INFO - [2026-01-20T06:25:04.310+0000] {dag.py:3823} INFO - Setting next_dagrun for streamflow_main to None, run_after=None
[2026-01-20T06:25:04.345+0000] {processor.py:183} INFO - Processing /opt/airflow/dags/dag_streamflow.py took 0.127 seconds
[2026-01-20T06:25:04.412+0000] {processor.py:161} INFO - Started process (PID=15221) to work on /opt/airflow/dags/dag_streamflow.py
[2026-01-20T06:25:04.413+0000] {processor.py:830} INFO - Processing file /opt/airflow/dags/dag_streamflow.py for tasks to queue
[2026-01-20T06:25:04.416+0000] {logging_mixin.py:188} INFO - [2026-01-20T06:25:04.415+0000] {dagbag.py:538} INFO - Filling up the DagBag from /opt/airflow/dags/dag_streamflow.py
[2026-01-20T06:25:04.435+0000] {processor.py:840} INFO - DAG(s) 'streamflow_main' retrieved from /opt/airflow/dags/dag_streamflow.py
[2026-01-20T06:25:04.460+0000] {logging_mixin.py:188} INFO - [2026-01-20T06:25:04.459+0000] {dag.py:3036} INFO - Sync 1 DAGs
[2026-01-20T06:25:04.470+0000] {logging_mixin.py:188} INFO - [2026-01-20T06:25:04.470+0000] {dag.py:3823} INFO - Setting next_dagrun for streamflow_main to None, run_after=None
[2026-01-20T06:25:04.488+0000] {processor.py:183} INFO - Processing /opt/airflow/dags/dag_streamflow.py took 0.080 seconds
[2026-01-20T06:25:04.519+0000] {processor.py:161} INFO - Started process (PID=15226) to work on /opt/airflow/dags/dag_streamflow.py
[2026-01-20T06:25:04.520+0000] {processor.py:830} INFO - Processing file /opt/airflow/dags/dag_streamflow.py for tasks to queue
[2026-01-20T06:25:04.522+0000] {logging_mixin.py:188} INFO - [2026-01-20T06:25:04.522+0000] {dagbag.py:538} INFO - Filling up the DagBag from /opt/airflow/dags/dag_streamflow.py
[2026-01-20T06:25:04.536+0000] {processor.py:840} INFO - DAG(s) 'streamflow_main' retrieved from /opt/airflow/dags/dag_streamflow.py
[2026-01-20T06:25:04.560+0000] {logging_mixin.py:188} INFO - [2026-01-20T06:25:04.560+0000] {dag.py:3036} INFO - Sync 1 DAGs
[2026-01-20T06:25:04.571+0000] {logging_mixin.py:188} INFO - [2026-01-20T06:25:04.570+0000] {dag.py:3823} INFO - Setting next_dagrun for streamflow_main to None, run_after=None
[2026-01-20T06:25:04.587+0000] {processor.py:183} INFO - Processing /opt/airflow/dags/dag_streamflow.py took 0.070 seconds
[2026-01-20T06:25:04.628+0000] {processor.py:161} INFO - Started process (PID=15231) to work on /opt/airflow/dags/dag_streamflow.py
[2026-01-20T06:25:04.629+0000] {processor.py:830} INFO - Processing file /opt/airflow/dags/dag_streamflow.py for tasks to queue
[2026-01-20T06:25:04.631+0000] {logging_mixin.py:188} INFO - [2026-01-20T06:25:04.630+0000] {dagbag.py:538} INFO - Filling up the DagBag from /opt/airflow/dags/dag_streamflow.py
[2026-01-20T06:25:04.646+0000] {processor.py:840} INFO - DAG(s) 'streamflow_main' retrieved from /opt/airflow/dags/dag_streamflow.py
[2026-01-20T06:25:04.672+0000] {logging_mixin.py:188} INFO - [2026-01-20T06:25:04.672+0000] {dag.py:3036} INFO - Sync 1 DAGs
[2026-01-20T06:25:04.682+0000] {logging_mixin.py:188} INFO - [2026-01-20T06:25:04.682+0000] {dag.py:3823} INFO - Setting next_dagrun for streamflow_main to None, run_after=None
[2026-01-20T06:25:04.699+0000] {processor.py:183} INFO - Processing /opt/airflow/dags/dag_streamflow.py took 0.074 seconds
[2026-01-20T06:25:04.740+0000] {processor.py:161} INFO - Started process (PID=15236) to work on /opt/airflow/dags/dag_streamflow.py
[2026-01-20T06:25:04.741+0000] {processor.py:830} INFO - Processing file /opt/airflow/dags/dag_streamflow.py for tasks to queue
[2026-01-20T06:25:04.742+0000] {logging_mixin.py:188} INFO - [2026-01-20T06:25:04.742+0000] {dagbag.py:538} INFO - Filling up the DagBag from /opt/airflow/dags/dag_streamflow.py
[2026-01-20T06:25:04.756+0000] {processor.py:840} INFO - DAG(s) 'streamflow_main' retrieved from /opt/airflow/dags/dag_streamflow.py
[2026-01-20T06:25:04.779+0000] {logging_mixin.py:188} INFO - [2026-01-20T06:25:04.779+0000] {dag.py:3036} INFO - Sync 1 DAGs
[2026-01-20T06:25:04.790+0000] {logging_mixin.py:188} INFO - [2026-01-20T06:25:04.789+0000] {dag.py:3823} INFO - Setting next_dagrun for streamflow_main to None, run_after=None
[2026-01-20T06:25:04.806+0000] {processor.py:183} INFO - Processing /opt/airflow/dags/dag_streamflow.py took 0.069 seconds
[2026-01-20T06:25:19.869+0000] {processor.py:161} INFO - Started process (PID=15248) to work on /opt/airflow/dags/dag_streamflow.py
[2026-01-20T06:25:19.870+0000] {processor.py:830} INFO - Processing file /opt/airflow/dags/dag_streamflow.py for tasks to queue
[2026-01-20T06:25:19.873+0000] {logging_mixin.py:188} INFO - [2026-01-20T06:25:19.873+0000] {dagbag.py:538} INFO - Filling up the DagBag from /opt/airflow/dags/dag_streamflow.py
[2026-01-20T06:25:19.906+0000] {processor.py:840} INFO - DAG(s) 'streamflow_main' retrieved from /opt/airflow/dags/dag_streamflow.py
[2026-01-20T06:25:19.941+0000] {logging_mixin.py:188} INFO - [2026-01-20T06:25:19.940+0000] {dag.py:3036} INFO - Sync 1 DAGs
[2026-01-20T06:25:19.955+0000] {logging_mixin.py:188} INFO - [2026-01-20T06:25:19.955+0000] {dag.py:3823} INFO - Setting next_dagrun for streamflow_main to None, run_after=None
[2026-01-20T06:25:19.988+0000] {processor.py:183} INFO - Processing /opt/airflow/dags/dag_streamflow.py took 0.123 seconds
[2026-01-20T06:25:21.982+0000] {processor.py:161} INFO - Started process (PID=15253) to work on /opt/airflow/dags/dag_streamflow.py
[2026-01-20T06:25:21.984+0000] {processor.py:830} INFO - Processing file /opt/airflow/dags/dag_streamflow.py for tasks to queue
[2026-01-20T06:25:21.987+0000] {logging_mixin.py:188} INFO - [2026-01-20T06:25:21.987+0000] {dagbag.py:538} INFO - Filling up the DagBag from /opt/airflow/dags/dag_streamflow.py
[2026-01-20T06:25:22.017+0000] {logging_mixin.py:188} INFO - [2026-01-20T06:25:22.016+0000] {dagbag.py:348} ERROR - Failed to import: /opt/airflow/dags/dag_streamflow.py
Traceback (most recent call last):
  File "/home/airflow/.local/lib/python3.10/site-packages/airflow/models/dagbag.py", line 344, in parse
    loader.exec_module(new_module)
  File "<frozen importlib._bootstrap_external>", line 879, in exec_module
  File "<frozen importlib._bootstrap_external>", line 1017, in get_code
  File "<frozen importlib._bootstrap_external>", line 947, in source_to_code
  File "<frozen importlib._bootstrap>", line 241, in _call_with_frames_removed
  File "/opt/airflow/dags/dag_streamflow.py", line 66
    print(f"Uploading {file_path} to snowflake stage @%{}")
                                                          ^
SyntaxError: f-string: empty expression not allowed
[2026-01-20T06:25:22.018+0000] {processor.py:842} WARNING - No viable dags retrieved from /opt/airflow/dags/dag_streamflow.py
[2026-01-20T06:25:22.049+0000] {processor.py:183} INFO - Processing /opt/airflow/dags/dag_streamflow.py took 0.072 seconds
[2026-01-20T06:25:25.081+0000] {processor.py:161} INFO - Started process (PID=15258) to work on /opt/airflow/dags/dag_streamflow.py
[2026-01-20T06:25:25.083+0000] {processor.py:830} INFO - Processing file /opt/airflow/dags/dag_streamflow.py for tasks to queue
[2026-01-20T06:25:25.085+0000] {logging_mixin.py:188} INFO - [2026-01-20T06:25:25.085+0000] {dagbag.py:538} INFO - Filling up the DagBag from /opt/airflow/dags/dag_streamflow.py
[2026-01-20T06:25:25.121+0000] {processor.py:840} INFO - DAG(s) 'streamflow_main' retrieved from /opt/airflow/dags/dag_streamflow.py
[2026-01-20T06:25:25.145+0000] {logging_mixin.py:188} INFO - [2026-01-20T06:25:25.144+0000] {dag.py:3036} INFO - Sync 1 DAGs
[2026-01-20T06:25:25.157+0000] {logging_mixin.py:188} INFO - [2026-01-20T06:25:25.157+0000] {dag.py:3823} INFO - Setting next_dagrun for streamflow_main to None, run_after=None
[2026-01-20T06:25:25.182+0000] {processor.py:183} INFO - Processing /opt/airflow/dags/dag_streamflow.py took 0.104 seconds
[2026-01-20T06:25:30.147+0000] {processor.py:161} INFO - Started process (PID=15263) to work on /opt/airflow/dags/dag_streamflow.py
[2026-01-20T06:25:30.148+0000] {processor.py:830} INFO - Processing file /opt/airflow/dags/dag_streamflow.py for tasks to queue
[2026-01-20T06:25:30.150+0000] {logging_mixin.py:188} INFO - [2026-01-20T06:25:30.149+0000] {dagbag.py:538} INFO - Filling up the DagBag from /opt/airflow/dags/dag_streamflow.py
[2026-01-20T06:25:30.169+0000] {processor.py:840} INFO - DAG(s) 'streamflow_main' retrieved from /opt/airflow/dags/dag_streamflow.py
[2026-01-20T06:25:30.193+0000] {logging_mixin.py:188} INFO - [2026-01-20T06:25:30.192+0000] {dag.py:3036} INFO - Sync 1 DAGs
[2026-01-20T06:25:30.204+0000] {logging_mixin.py:188} INFO - [2026-01-20T06:25:30.204+0000] {dag.py:3823} INFO - Setting next_dagrun for streamflow_main to None, run_after=None
[2026-01-20T06:25:30.230+0000] {processor.py:183} INFO - Processing /opt/airflow/dags/dag_streamflow.py took 0.086 seconds
[2026-01-20T06:25:32.258+0000] {processor.py:161} INFO - Started process (PID=15268) to work on /opt/airflow/dags/dag_streamflow.py
[2026-01-20T06:25:32.259+0000] {processor.py:830} INFO - Processing file /opt/airflow/dags/dag_streamflow.py for tasks to queue
[2026-01-20T06:25:32.262+0000] {logging_mixin.py:188} INFO - [2026-01-20T06:25:32.262+0000] {dagbag.py:538} INFO - Filling up the DagBag from /opt/airflow/dags/dag_streamflow.py
[2026-01-20T06:25:32.286+0000] {processor.py:840} INFO - DAG(s) 'streamflow_main' retrieved from /opt/airflow/dags/dag_streamflow.py
[2026-01-20T06:25:32.309+0000] {logging_mixin.py:188} INFO - [2026-01-20T06:25:32.309+0000] {dag.py:3036} INFO - Sync 1 DAGs
[2026-01-20T06:25:32.319+0000] {logging_mixin.py:188} INFO - [2026-01-20T06:25:32.319+0000] {dag.py:3823} INFO - Setting next_dagrun for streamflow_main to None, run_after=None
[2026-01-20T06:25:32.341+0000] {processor.py:183} INFO - Processing /opt/airflow/dags/dag_streamflow.py took 0.085 seconds
[2026-01-20T06:26:02.438+0000] {processor.py:161} INFO - Started process (PID=15280) to work on /opt/airflow/dags/dag_streamflow.py
[2026-01-20T06:26:02.439+0000] {processor.py:830} INFO - Processing file /opt/airflow/dags/dag_streamflow.py for tasks to queue
[2026-01-20T06:26:02.440+0000] {logging_mixin.py:188} INFO - [2026-01-20T06:26:02.440+0000] {dagbag.py:538} INFO - Filling up the DagBag from /opt/airflow/dags/dag_streamflow.py
[2026-01-20T06:26:02.456+0000] {processor.py:840} INFO - DAG(s) 'streamflow_main' retrieved from /opt/airflow/dags/dag_streamflow.py
[2026-01-20T06:26:02.481+0000] {logging_mixin.py:188} INFO - [2026-01-20T06:26:02.481+0000] {dag.py:3036} INFO - Sync 1 DAGs
[2026-01-20T06:26:02.493+0000] {logging_mixin.py:188} INFO - [2026-01-20T06:26:02.492+0000] {dag.py:3823} INFO - Setting next_dagrun for streamflow_main to None, run_after=None
[2026-01-20T06:26:02.512+0000] {processor.py:183} INFO - Processing /opt/airflow/dags/dag_streamflow.py took 0.077 seconds
[2026-01-20T06:26:09.585+0000] {processor.py:161} INFO - Started process (PID=15285) to work on /opt/airflow/dags/dag_streamflow.py
[2026-01-20T06:26:09.587+0000] {processor.py:830} INFO - Processing file /opt/airflow/dags/dag_streamflow.py for tasks to queue
[2026-01-20T06:26:09.590+0000] {logging_mixin.py:188} INFO - [2026-01-20T06:26:09.590+0000] {dagbag.py:538} INFO - Filling up the DagBag from /opt/airflow/dags/dag_streamflow.py
[2026-01-20T06:26:09.646+0000] {processor.py:840} INFO - DAG(s) 'streamflow_main' retrieved from /opt/airflow/dags/dag_streamflow.py
[2026-01-20T06:26:09.689+0000] {logging_mixin.py:188} INFO - [2026-01-20T06:26:09.688+0000] {dag.py:3036} INFO - Sync 1 DAGs
[2026-01-20T06:26:09.706+0000] {logging_mixin.py:188} INFO - [2026-01-20T06:26:09.706+0000] {dag.py:3823} INFO - Setting next_dagrun for streamflow_main to None, run_after=None
[2026-01-20T06:26:09.741+0000] {processor.py:183} INFO - Processing /opt/airflow/dags/dag_streamflow.py took 0.162 seconds
[2026-01-20T06:26:09.798+0000] {processor.py:161} INFO - Started process (PID=15290) to work on /opt/airflow/dags/dag_streamflow.py
[2026-01-20T06:26:09.800+0000] {processor.py:830} INFO - Processing file /opt/airflow/dags/dag_streamflow.py for tasks to queue
[2026-01-20T06:26:09.803+0000] {logging_mixin.py:188} INFO - [2026-01-20T06:26:09.802+0000] {dagbag.py:538} INFO - Filling up the DagBag from /opt/airflow/dags/dag_streamflow.py
[2026-01-20T06:26:09.831+0000] {processor.py:840} INFO - DAG(s) 'streamflow_main' retrieved from /opt/airflow/dags/dag_streamflow.py
[2026-01-20T06:26:09.862+0000] {logging_mixin.py:188} INFO - [2026-01-20T06:26:09.862+0000] {dag.py:3036} INFO - Sync 1 DAGs
[2026-01-20T06:26:09.878+0000] {logging_mixin.py:188} INFO - [2026-01-20T06:26:09.877+0000] {dag.py:3823} INFO - Setting next_dagrun for streamflow_main to None, run_after=None
[2026-01-20T06:26:09.908+0000] {processor.py:183} INFO - Processing /opt/airflow/dags/dag_streamflow.py took 0.114 seconds
[2026-01-20T06:26:09.964+0000] {processor.py:161} INFO - Started process (PID=15295) to work on /opt/airflow/dags/dag_streamflow.py
[2026-01-20T06:26:09.966+0000] {processor.py:830} INFO - Processing file /opt/airflow/dags/dag_streamflow.py for tasks to queue
[2026-01-20T06:26:09.969+0000] {logging_mixin.py:188} INFO - [2026-01-20T06:26:09.968+0000] {dagbag.py:538} INFO - Filling up the DagBag from /opt/airflow/dags/dag_streamflow.py
[2026-01-20T06:26:09.993+0000] {processor.py:840} INFO - DAG(s) 'streamflow_main' retrieved from /opt/airflow/dags/dag_streamflow.py
[2026-01-20T06:26:10.031+0000] {logging_mixin.py:188} INFO - [2026-01-20T06:26:10.031+0000] {dag.py:3036} INFO - Sync 1 DAGs
[2026-01-20T06:26:10.048+0000] {logging_mixin.py:188} INFO - [2026-01-20T06:26:10.047+0000] {dag.py:3823} INFO - Setting next_dagrun for streamflow_main to None, run_after=None
[2026-01-20T06:26:10.082+0000] {processor.py:183} INFO - Processing /opt/airflow/dags/dag_streamflow.py took 0.122 seconds
[2026-01-20T06:26:10.150+0000] {processor.py:161} INFO - Started process (PID=15300) to work on /opt/airflow/dags/dag_streamflow.py
[2026-01-20T06:26:10.152+0000] {processor.py:830} INFO - Processing file /opt/airflow/dags/dag_streamflow.py for tasks to queue
[2026-01-20T06:26:10.155+0000] {logging_mixin.py:188} INFO - [2026-01-20T06:26:10.155+0000] {dagbag.py:538} INFO - Filling up the DagBag from /opt/airflow/dags/dag_streamflow.py
[2026-01-20T06:26:10.190+0000] {processor.py:840} INFO - DAG(s) 'streamflow_main' retrieved from /opt/airflow/dags/dag_streamflow.py
[2026-01-20T06:26:10.231+0000] {logging_mixin.py:188} INFO - [2026-01-20T06:26:10.231+0000] {dag.py:3036} INFO - Sync 1 DAGs
[2026-01-20T06:26:10.248+0000] {logging_mixin.py:188} INFO - [2026-01-20T06:26:10.248+0000] {dag.py:3823} INFO - Setting next_dagrun for streamflow_main to None, run_after=None
[2026-01-20T06:26:10.279+0000] {processor.py:183} INFO - Processing /opt/airflow/dags/dag_streamflow.py took 0.133 seconds
